frame,t,state,locked,false_lock,beacon_in_fov,beacon_occluded,beacon_az,beacon_el,cam_az,cam_el,los_az,los_el,est_az,est_el,err_deg,err_px,est_err_px,num_detections,proc_ms,render_ms
0,0.0,SEARCH,0,0,0,0,1.0337722943068228,-6.860154919250901,-3.532618112085714,-13.653499033774532,-3.5247845516982736,-13.656617554433776,nan,nan,8.18366329156429,654.6930633251433,nan,0,1.636600005440414,8.793500019237399
1,0.03333333333333333,SEARCH,0,0,0,0,1.1064746408118216,-6.891147068336837,-3.507506180901737,-13.649274523445253,-3.503553046365893,-13.648491883704061,nan,nan,8.180101724936886,654.4081379949508,nan,0,1.9860999891534448,10.33570000436157
2,0.06666666666666667,SEARCH,0,0,0,0,1.1791683515340048,-6.921745935581262,-3.4644023050537283,-13.63345553643957,-3.4733916041901636,-13.628015487575656,nan,nan,8.162129957652914,652.9703966122331,nan,0,1.6197999939322472,7.94740000856109
3,0.1,SEARCH,0,0,0,0,1.2518516919353502,-6.951950385850379,-3.4110030971659966,-13.600838822636153,-3.415295189014761,-13.594866567434513,nan,nan,8.118534067423422,649.4827253938738,nan,0,1.3444999931380153,10.49580000108108
4,0.13333333333333333,SEARCH,0,0,0,0,1.3245229277252821,-6.981759298642176,-3.3552762810999557,-13.54838423394075,-3.3520280805920173,-13.554747493801136,nan,nan,8.066864517710249,645.3491614168198,nan,0,2.0662000169977546,10.386799986008555
5,0.16666666666666666,SEARCH,0,0,0,0,1.3971803249020502,-7.011171568127992,-3.3051304613440413,-13.475164949948823,-3.299798179173121,-13.485295872367228,nan,nan,7.998493143991898,639.8794515193518,nan,0,1.3410000246949494,7.517399993957952
6,0.19999999999999998,SEARCH,0,0,0,0,1.4698221497941075,-7.040186103193536,-3.268075880059227,-13.382264470681406,-3.276252515305878,-13.375396446674225,nan,nan,7.915814223618987,633.2651378895189,nan,0,1.2550000101327896,7.627999992109835
7,0.2333333333333333,SEARCH,0,0,0,0,1.5424466691014753,-7.068801827479389,-3.2508917062697504,-13.272617064348859,-3.255060442066498,-13.270313684919671,nan,nan,7.840588230463305,627.2470584370643,nan,0,1.268099993467331,7.9227999958675355
8,0.26666666666666666,SEARCH,0,0,0,0,1.6150521499371013,-7.097017679420892,-3.259314782515039,-13.150791894867165,-3.2589607590740437,-13.152490963528384,nan,nan,7.773336383545154,621.8669106836123,nan,0,1.1743000068236142,6.905399990500882
9,0.3,SEARCH,0,0,0,0,1.6876368598682094,-7.1248326122875625,-3.2977636759886733,-13.022724311377155,-3.2924101609982572,-13.029251041484534,nan,nan,7.724184443491869,617.9347554793495,nan,0,1.3945999962743372,8.41999999829568
10,0.3333333333333333,SEARCH,0,0,0,0,1.7601990669576362,-7.152245594221908,-3.369110364546933,-12.895400700865908,-3.3625989621042076,-12.892054151549202,nan,nan,7.693403792946756,615.4723034357405,nan,0,1.4063999988138676,9.139100002357736
11,0.36666666666666664,SEARCH,0,0,0,0,1.8327370398051555,-7.179255608277714,-3.4745099719023873,-12.776505826252896,-3.478563234525059,-12.77097637246372,nan,nan,7.712149616593881,616.9719693275105,nan,0,1.2607999960891902,8.500700001604855
12,0.39999999999999997,SEARCH,0,0,0,0,1.9052490475887927,-7.2058616524577594,-3.6132967060290353,-12.67404364173473,-3.6110286272088294,-12.674775207836353,nan,nan,7.767775412669601,621.422033013568,nan,0,1.4390999858733267,11.120100010884926
13,0.4333333333333333,SEARCH,0,0,0,0,1.9777333601061236,-7.232062739751003,-3.78295161945993,-12.595944148759278,-3.7764953079114503,-12.613328278559779,nan,nan,7.878398718204494,630.2718974563595,nan,0,1.2495999981183559,8.522900025127456
14,0.4666666666666666,SEARCH,0,0,0,0,2.050188247815558,-7.257857898169181,-3.9791450802107144,-12.54966989487903,-3.977078210112214,-12.55026073021396,nan,nan,8.021064062298517,641.6851249838813,nan,0,1.2533999979496002,7.646399986697361
15,0.49999999999999994,SEARCH,0,0,0,0,2.122611981877608,-7.283246170782881,-4.1958540062836525,-12.541836202569451,-4.197916116827088,-12.533798666288932,nan,nan,8.216895822302995,657.3516657842396,nan,0,1.1881999962497503,7.147600001189858
16,0.5333333333333333,SEARCH,0,0,0,0,2.195002834196141,-7.308226615757031,-4.425551068990451,-12.577859139704024,-4.42653859646741,-12.57094402196485,nan,nan,8.458191616155116,676.6553292924092,nan,0,1.356399996438995,7.752000004984438
17,0.5666666666666667,SEARCH,0,0,0,0,2.267359077459611,-7.332798306385838,-4.659460306374145,-12.661644617717204,-4.650440823001631,-12.6639657726909,nan,nan,8.733687767295732,698.6950213836585,nan,0,1.3091000146232545,7.747600000584498
18,0.6,SEARCH,0,0,0,0,2.339678985182278,-7.356960331127187,-4.887871001955059,-12.795330853995209,-4.88039543023336,-12.796540919169933,nan,nan,9.039829176370034,723.1863341096027,nan,0,1.507100008893758,10.63350000185892
19,0.6333333333333333,SEARCH,0,0,0,0,2.4119608317453984,-7.380711793636422,-5.100499365182198,-12.979094804288646,-5.108811941616985,-12.97274244097984,nan,nan,9.37191708613435,749.7533668907479,nan,0,1.2673999881371856,8.47490000887774
20,0.6666666666666666,SEARCH,0,0,0,0,2.484202892438404,-7.4040518127996275,-5.286815238523794,-13.210333075923824,-5.294077040262452,-13.208419040619333,nan,nan,9.70527267143197,776.4218137145576,nan,0,1.2796999944839627,7.684499985771254
21,0.7,SEARCH,0,0,0,0,2.556403443500053,-7.426979522766301,-5.43720289830878,-13.480545324368972,-5.433152292815638,-13.487400415354044,nan,nan,10.028045784648622,802.2436627718897,nan,0,1.3745000178460032,7.759000000078231
22,0.7333333333333333,SEARCH,0,0,0,0,2.6285607621595615,-7.449494072981471,-5.544880907206139,-13.780553482140483,-5.544100348463725,-13.788265458710846,nan,nan,10.342746845477548,827.4197476382037,nan,0,1.3590999878942966,8.496399997966364
23,0.7666666666666666,SEARCH,0,0,0,0,2.7006731266777106,-7.471594628217268,-5.605531691173408,-14.101027225066495,-5.603192890322039,-14.0987136672534,nan,nan,10.624165735992566,849.9332588794053,nan,0,1.2243999808561057,7.212700002128258
24,0.7999999999999999,SEARCH,0,0,0,0,2.7727388163879265,-7.493280368603887,-5.616939240356352,-14.432860597021119,-5.620457817851395,-14.428081924084385,nan,nan,10.8874800736856,870.9984058948479,nan,0,1.427199982572347,10.135300020920113
25,0.8333333333333333,SEARCH,0,0,0,0,2.844756111737341,-7.514550489660021,-5.578648890559561,-14.767435489904248,-5.574486744715424,-14.769762429502785,nan,nan,11.114033946680562,889.1227157344451,nan,0,1.2068000214640051,6.9654999824706465
26,0.8666666666666666,SEARCH,0,0,0,0,2.9167232943278165,-7.535404202322688,-5.491656149464261,-15.096799060544761,-5.4804778179325,-15.108304100662043,nan,nan,11.307599187715052,904.6079350172042,nan,0,1.1829999857582152,7.426299998769537
27,0.8999999999999999,SEARCH,0,0,0,0,2.9886386469569537,-7.55584073297652,-5.358127322758257,-15.413775824274516,-5.356840984801835,-15.417408009578539,nan,nan,11.465220029665392,917.2176023732313,nan,0,1.385699986713007,8.272200007922947
28,0.9333333333333332,SEARCH,0,0,0,0,3.0605004536590625,-7.575859323482446,-5.181152180873456,-15.712030401373521,-5.186083221079554,-15.707620281359324,nan,nan,11.581523154599145,926.5218523679316,nan,0,1.6195999924093485,7.565000007161871
29,0.9666666666666666,SEARCH,0,0,0,0,3.1323069997461075,-7.595459231205837,-4.964527443970056,-15.986093265788282,-4.965342713330551,-15.983564222287727,nan,nan,11.658998079470782,932.7198463576626,nan,0,1.21489999582991,8.516700007021427
30,0.9999999999999999,SEARCH,0,0,0,0,3.204056571848621,-7.614639729044029,-4.712569058628703,-16.231359058470105,-4.706424952680323,-16.234690390492986,nan,nan,11.699615008873598,935.9692007098879,nan,0,2.0277999865356833,8.153500006301329
31,1.0333333333333332,SEARCH,0,0,0,0,3.275747457956587,-7.6334001054533225,-4.429950848977953,-16.444064872109397,-4.429295086835235,-16.448283553126206,nan,nan,11.707683409330363,936.6146727464289,nan,0,1.2513000110629946,7.142299989936873
32,1.0666666666666667,SEARCH,0,0,0,0,3.3473779474602914,-7.651739664475356,-4.121566991608566,-16.62125423938878,-4.128919002167078,-16.6235689131094,nan,nan,11.67855882143224,934.2847057145792,nan,0,1.865500002168119,6.56939999316819
33,1.1,SEARCH,0,0,0,0,3.4189463311911363,-7.6696577257629475,-3.7924157872686983,-16.76073125182537,-3.796785254230739,-16.760079147444603,nan,nan,11.606142508888285,928.4914007110626,nan,0,1.6857000009622425,6.55900000128895
34,1.1333333333333335,SEARCH,0,0,0,0,3.490450901462425,-7.687153624605312,-3.447502318161676,-16.861008217164812,-3.4491725334512915,-16.86993315813924,nan,nan,11.510074429815527,920.8059543852422,nan,0,2.1137000003363937,7.3967000062111765
35,1.166666666666667,SEARCH,0,0,0,0,3.5618899521101093,-7.704226711952737,-3.0917577458169174,-16.921249466492537,-3.090400876686982,-16.924246420789522,nan,nan,11.369333168758697,909.5466535006957,nan,0,1.4959000109229237,6.770700012566522
36,1.2000000000000004,SEARCH,0,0,0,0,3.633261778533496,-7.720876354440646,-2.7299731941328993,-16.941213298900433,-2.73004195948452,-16.9357729796796,nan,nan,11.198479998469184,895.8783998775347,nan,0,1.5159000176936388,6.532200000947341
37,1.2333333333333338,SEARCH,0,0,0,0,3.7045646777359242,-7.737101934413108,-2.3667463583502304,-16.921193563947632,-2.3707535758334966,-16.91770762356476,nan,nan,11.008769808740551,880.701584699244,nan,0,1.7259000160265714,6.971700000576675
38,1.2666666666666673,SEARCH,0,0,0,0,3.7757969483654,-7.752902849945741,-2.0064391729873163,-16.861962000965953,-2.0029642821366784,-16.86649736788286,nan,nan,10.791278255912385,863.3022604729906,nan,0,1.6078999906312674,6.613000005017966
39,1.3000000000000007,SEARCH,0,0,0,0,3.846956890755191,-7.768278514868049,-1.6531450540547294,-16.764712156621904,-1.6480218992800766,-16.774365904642252,nan,nan,10.550090140619053,844.0072112495243,nan,0,1.509299996541813,7.408200006466359
40,1.3333333333333341,SEARCH,0,0,0,0,3.918042806964381,-7.783228358785159,-1.310664399876658,-16.63100547017465,-1.3197096491541591,-16.62153502781738,nan,nan,10.273739122998755,821.8991298399004,nan,0,1.4727999805472791,6.796700006816536
41,1.3666666666666676,SEARCH,0,0,0,0,3.9890530008183878,-7.797751827098992,-0.98248718913898,-16.46271993554046,-0.9906643039029569,-16.445571557582443,nan,nan,9.979096678852255,798.3277343081803,nan,0,1.3651000044774264,5.799200007459149
42,1.400000000000001,SEARCH,0,0,0,0,4.059985777949432,-7.81184838102882,-0.6717816540668073,-16.262001609573527,-0.6665613654352411,-16.262803505023232,nan,nan,9.682917453247509,774.6333962598006,nan,0,1.3774000108242035,6.0391000006347895
43,1.4333333333333345,SEARCH,0,0,0,0,4.130839445836969,-7.825517497631283,-0.3813881313379793,-16.031219128234344,-0.3675182069505538,-16.036449249505065,nan,nan,9.362404702122266,748.9923761697812,nan,0,1.554700022097677,6.823899981100112
44,1.466666666666668,SEARCH,0,0,0,0,4.201612313848071,-7.83875866981975,-0.11381730430718395,-15.772921309715247,-0.10917613054997805,-15.778562056540466,nan,nan,9.034565558572115,722.7652446857693,nan,0,1.2247000122442842,5.817199999000877
45,1.5000000000000013,SEARCH,0,0,0,0,4.272302693277769,-7.851571406383163,0.1287478515891066,-15.489797860747915,0.12189737918037101,-15.48142877376508,nan,nan,8.685654132987338,694.852330638987,nan,0,1.710400014417246,6.5619999950286
46,1.5333333333333348,SEARCH,0,0,0,0,4.342908897389348,-7.863955232004242,0.3444470216014956,-15.18464315498653,0.3471063673906134,-15.182932302147796,nan,nan,8.338696733424918,667.0957386739934,nan,0,1.2987999944016337,7.3822000122163445
47,1.5666666666666682,SEARCH,0,0,0,0,4.413429241454592,-7.875909687277124,0.5317349275497277,-14.860323017194624,0.5404106467374485,-14.871386187605973,nan,nan,7.996059310790404,639.6847448632324,nan,0,1.3083000085316598,7.059499999741092
48,1.6000000000000016,SEARCH,0,0,0,0,4.483862042793984,-7.887434328724405,0.6893715845841978,-14.519744421320956,0.6960241338854546,-14.527498554372691,nan,nan,7.644486179260102,611.5588943408083,nan,0,1.4745000225957483,7.890799985034391
49,1.633333333333335,SEARCH,0,0,0,0,4.554205620816851,-7.898528728813593,0.8164108376151586,-14.165827992344589,0.8119538730963208,-14.163461488056655,nan,nan,7.2975222247797396,583.8017779823791,nan,0,1.2262000236660242,7.683799980441108
50,1.6666666666666685,SEARCH,0,0,0,0,4.624458297061479,-7.909192475972963,0.9121875244541123,-13.80148318935573,0.9082539830962769,-13.796615479755246,nan,nan,6.962178116695836,556.9742493356669,nan,0,1.3036000018473715,7.182400004239753
51,1.700000000000002,SEARCH,0,0,0,0,4.694618395235145,-7.9194251746068325,0.9763035673326401,-13.42958603941854,0.980828668744187,-13.423337776055762,nan,nan,6.639675297556208,531.1740238044966,nan,0,1.328300015302375,7.949199993163347
52,1.7333333333333354,SEARCH,0,0,0,0,4.764684241254128,-7.929226445110231,1.0086132546704794,-13.052959287311166,1.017648376618638,-13.052505584617679,nan,nan,6.347303908918873,507.7843127135098,nan,0,1.585899997735396,8.655100013129413
53,1.7666666666666688,SEARCH,0,0,0,0,4.834654163283645,-7.938595923882989,1.0092079400651937,-12.674354824449917,1.0061870403497044,-12.667887377620223,nan,nan,6.084682256763958,486.77458054111656,nan,0,1.4826999977231026,8.109499991405755
54,1.8000000000000023,SEARCH,0,0,0,0,4.904526491777749,-7.947533263343216,0.97840035485944,-12.296438260543619,0.964015896950605,-12.290395578234511,nan,nan,5.864134789894239,469.13078319153914,nan,0,1.2095000129193068,9.657999995397404
55,1.8333333333333357,SEARCH,0,0,0,0,4.974299559519164,-7.956038131940208,0.916708703771729,-11.921775503291514,0.9210742592610212,-11.926922832015057,nan,nan,5.674201321414428,453.9361057131542,nan,0,1.2443999876268208,8.163999998942018
56,1.8666666666666691,SEARCH,0,0,0,0,5.043971701659064,-7.964110214166732,0.8248406894824852,-11.552821214341252,0.8281965954654941,-11.5594114594038,nan,nan,5.54066338898192,443.2530711185536,nan,0,1.3132999883964658,8.249100006651133
57,1.9000000000000026,SEARCH,0,0,0,0,5.113541255756799,-7.9717492105707475,0.7036775913383388,-11.191909013455502,0.7038324308908513,-11.190590615759822,nan,nan,5.459530374662293,436.76242997298345,nan,0,1.3256000238470733,7.545499975094572
58,1.933333333333336,SEARCH,0,0,0,0,5.1830065618195675,-7.9789548377665,0.5542585051157791,-10.841243307156109,0.5495443831513447,-10.834701327715582,nan,nan,5.442817264616311,435.4253811693049,nan,0,1.60160000086762,8.868999982951209
59,1.9666666666666694,SEARCH,0,0,0,0,5.252365962342016,-7.985726828445047,0.37776483475869116,-10.502892622836342,0.3810277994092506,-10.495141263169582,nan,nan,5.479698559487468,438.3758847589974,nan,0,1.1594000097829849,7.849199988413602
60,2.0000000000000027,SEARCH,0,0,0,0,5.321617802345794,-7.992064931384162,0.17550511290146906,-10.178784334309098,0.1826403734935962,-10.187600742277999,nan,nan,5.588333070887025,447.066645670962,nan,0,1.4383999805431813,9.868699999060482
61,2.033333333333336,SEARCH,0,0,0,0,5.390760429419046,-7.9979689114576615,-0.051099785425668565,-9.87070066987953,-0.04929027049287823,-9.873503156761029,nan,nan,5.754283649848857,460.3426919879086,nan,0,1.6165999986696988,8.23189999209717
62,2.066666666666669,SEARCH,0,0,0,0,5.459792193755835,-8.003438549644127,-0.3005309824451835,-9.58027589920791,-0.30798362676799335,-9.57261458882331,nan,nan,5.9774201255854,478.193610046832,nan,0,1.3598999939858913,6.9454000040423125
63,2.1000000000000023,SEARCH,0,0,0,0,5.528711448195506,-8.008473643035028,-0.571185446799446,-9.308994600396808,-0.5671780997512248,-9.302513096115643,nan,nan,6.231725883484877,498.53807067879023,nan,0,1.3915000017732382,8.544900018023327
64,2.1333333333333355,SEARCH,0,0,0,0,5.597516548261996,-8.01307400484225,-0.8613893168822634,-9.058190913845776,-0.8563113620141943,-9.058420652642916,nan,nan,6.5379388425961915,523.0351074076954,nan,0,1.552300003822893,8.643100009066984
65,2.1666666666666687,SEARCH,0,0,0,0,5.66620585220307,-8.01723946440503,-1.1694106704482898,-8.829048694429705,-1.1646433626820294,-8.830480997563535,nan,nan,6.879088805048992,550.3271044039193,nan,0,1.2968999799340963,8.064300025580451
66,2.200000000000002,SEARCH,0,0,0,0,5.734777721029492,-8.020969867196275,-1.493471719187483,-8.622602478446352,-1.4932517513556873,-8.616210687297455,nan,nan,7.2524976172063305,580.1998093765064,nan,0,1.4260000025387853,11.222700006328523
67,2.233333333333335,SEARCH,0,0,0,0,5.803230518554135,-8.024265074828302,-1.8317604127342277,-8.439739186524886,-1.8392080875695849,-8.433151386613973,nan,nan,7.653368922529212,612.269513802337,nan,0,1.51269999332726,8.438399992883205
68,2.2666666666666684,SEARCH,0,0,0,0,5.871562611431021,-8.027124965057974,-2.18244144166239,-8.281200488277024,-2.173980061946939,-8.280347839667982,nan,nan,8.049526615483146,643.9621292386516,nan,0,1.5913000097498298,8.202600001823157
69,2.3000000000000016,SEARCH,0,0,0,0,5.939772369194294,-8.029549431791231,-2.543666633477546,-8.147585758896719,-2.5367736164602217,-8.1541352478704,nan,nan,8.477461499321823,678.1969199457458,nan,0,1.3756999978795648,8.462199999485165
70,2.333333333333335,SEARCH,0,0,0,0,6.0078581642971285,-8.03153838508703,-2.913584739525408,-8.039355562168245,-2.919513884099089,-8.041290089878427,nan,nan,8.927377374471877,714.1901899577502,nan,0,1.235299976542592,9.380700008478016
71,2.366666666666668,SEARCH,0,0,0,0,6.075818372150556,-8.033091751160669,-3.2903506141520444,-7.9568355984235835,-3.2970293601630254,-7.953851231175959,nan,nan,9.373182686427448,749.8546149141958,nan,0,1.4845000114291906,9.449000004678965
72,2.4000000000000012,SEARCH,0,0,0,0,6.143651371162236,-8.034209472386546,-3.6721337904306846,-7.900221059897939,-3.6741426864913698,-7.8981715054619945,nan,nan,9.81873650155372,785.4989201242978,nan,0,2.216299995779991,8.743999991565943
73,2.4333333333333345,SEARCH,0,0,0,0,6.2113555427751495,-8.034891507300273,-4.057126459359086,-7.869581339668543,-4.04851769454916,-7.873449985886745,nan,nan,10.261143318889953,820.8914655111963,nan,0,1.69650002499111,9.931899985531345
74,2.4666666666666677,SEARCH,0,0,0,0,6.278929271506213,-8.035137830600236,-4.443550861672583,-7.864865043929164,-4.436099190603755,-7.862121219379674,nan,nan,10.716425229132376,857.3140183305902,nan,0,1.661899994360283,8.31030000699684
75,2.500000000000001,SEARCH,0,0,0,0,6.346370944984828,-8.034948433148516,-4.829666103348191,-7.885905260754521,-4.839105180829732,-7.869960878895876,nan,nan,11.186692855988573,894.9354284790858,nan,0,2.1075999829918146,8.620300010079518
76,2.533333333333334,SEARCH,0,0,0,0,6.413678953991355,-8.034323321971238,-5.213774407527433,-7.932425041749182,-5.219270213920279,-7.9190372828142115,nan,nan,11.633520413616871,930.6816330893497,nan,0,1.651700004003942,8.19920000503771
77,2.5666666666666673,SEARCH,0,0,0,0,6.4808516924955155,-8.033262520258305,-5.594226816989216,-8.00404305605925,-5.587024055817975,-8.00753579376363,nan,nan,12.067903170857356,965.4322536685885,nan,0,2.3813000007066876,9.158500004559755
78,2.6000000000000005,SEARCH,0,0,0,0,6.547887557694699,-8.031766067362543,-5.969428362485236,-8.100279379157048,-5.9654672017996635,-8.103843060374894,nan,nan,12.513562339712937,1001.0849871770349,nan,0,1.2904999894089997,7.645800011232495
79,2.6333333333333337,SEARCH,0,0,0,0,6.614784950052224,-8.029834018798242,-6.337842713232355,-8.220561381594184,-6.349558366817308,-8.22125927920737,nan,nan,12.965756486529521,1037.2605189223618,nan,0,1.7678999865893275,8.604500006185845
80,2.666666666666667,SEARCH,0,0,0,0,6.681542273335492,-8.027466446239082,-6.69799632665994,-8.36422968556224,-6.711423619911945,-8.357273653619856,nan,nan,13.397026095806838,1071.7620876645472,nan,0,1.5894999960437417,8.04060001973994
81,2.7,SEARCH,0,0,0,0,6.748157934654085,-8.024663437515496,-7.048482115154063,-8.530544159607718,-7.048860858688752,-8.529692177055887,nan,nan,13.80625878403042,1104.5007027224335,nan,0,1.3949000276625156,7.19169998774305
82,2.7333333333333334,SEARCH,0,0,0,0,6.814630344497764,-8.021425096611395,-7.38796264804145,-8.718689924224526,-7.381896255585852,-8.724854922479256,nan,nan,14.213943190642143,1137.1154552513715,nan,0,1.6325000033248216,8.143599989125505
83,2.7666666666666666,SEARCH,0,0,0,0,6.880957916774402,-8.017751543660319,-7.715172907429091,-8.927783343297868,-7.720538530350017,-8.93145254459002,nan,nan,14.630056323011438,1170.404505840915,nan,0,1.4082000125199556,7.439599983626977
84,2.8,SEARCH,0,0,0,0,6.947139068847827,-8.013642914940975,-8.028922616774269,-9.15687797850331,-8.033507309440486,-9.149019007018527,nan,nan,15.023609578985472,1201.8887663188377,nan,0,1.47570000262931,7.059000025037676
85,2.833333333333333,SEARCH,0,0,0,0,7.013172221575588,-8.009099362872188,-8.328098161216397,-9.404970485778856,-8.324085103630976,-9.408950585012187,nan,nan,15.401007944408356,1232.0806355526684,nan,0,1.2951000244356692,7.07159997546114
86,2.8666666666666663,SEARCH,0,0,0,0,7.07905579934663,-8.00412105600724,-8.611664118767713,-9.671006434890874,-8.602288481824212,-9.67813493678833,nan,nan,15.770443270170222,1261.6354616136177,nan,0,1.6608999867457896,7.610700005898252
87,2.8999999999999995,SEARCH,0,0,0,0,7.144788230118897,-7.998708179027616,-8.878664421444388,-9.953886034911477,-8.874691775748762,-9.954653953217738,nan,nan,16.138446750848296,1291.0757400678638,nan,0,1.2814000074286014,7.280799996806309
88,2.9333333333333327,SEARCH,0,0,0,0,7.2103679454568335,-7.992860932736168,-9.128223165332123,-10.252469750119914,-9.134749624711652,-10.251418628576287,nan,nan,16.500422759677075,1320.0338207741659,nan,0,1.4828999992460012,11.135899985674769
89,2.966666666666666,SEARCH,0,0,0,0,7.275793380568815,-7.986579534049643,-9.359545088428863,-10.565583792438131,-9.359867182606278,-10.565217884995157,nan,nan,16.83432737349925,1346.7461898799397,nan,0,1.563400001032278,7.1638000081293285
90,2.999999999999999,SEARCH,0,0,0,0,7.341062974344484,-7.979864215990654,-9.57191573489935,-10.892025478015196,-9.568062390894639,-10.900850218601414,nan,nan,17.15956525803673,1372.7652206429382,nan,0,1.9980999932158738,6.583899987163022
91,3.0333333333333323,SEARCH,0,0,0,0,7.406175169391997,-7.972715227679025,-9.764701324118636,-11.230568436990756,-9.76134315177373,-11.23414537029155,nan,nan,17.474570434854826,1397.9656347883863,nan,0,1.2672000157181174,6.2003000057302415
92,3.0666666666666655,SEARCH,0,0,0,0,7.471128412075188,-7.96513283432256,-9.937348342580322,-11.579967666798227,-9.944946827448302,-11.5780366784948,nan,nan,17.78687018381755,1422.949614705404,nan,0,1.1683999910019338,6.054400000721216
93,3.0999999999999988,SEARCH,0,0,0,0,7.535921152550641,-7.957117317207192,-10.089382876405885,-11.938964420617653,-10.103193252902269,-11.939455652150212,nan,nan,18.083068755678973,1446.645500454318,nan,0,1.1690999963320792,6.272099999478087
94,3.133333333333332,SEARCH,0,0,0,0,7.600551844804666,-7.948668973686553,-10.220409701819007,-12.30629092375994,-10.218943283935541,-12.309799570329828,nan,nan,18.34540451241602,1467.6323609932817,nan,0,1.216100004967302,6.8709999904967844
95,3.166666666666665,SEARCH,0,0,0,0,7.665018946690191,-7.939788117170947,-10.330111150547754,-12.68067491186191,-10.324504689608592,-12.688610318177439,nan,nan,18.60575913414244,1488.4607307313952,nan,0,1.2970000097993761,6.687299988698214
96,3.1999999999999984,SEARCH,0,0,0,0,7.729320919963561,-7.9304750771157195,-10.41824576669229,-13.060843985798805,-10.417705974484905,-13.054015336546746,nan,nan,18.856437889958073,1508.5150311966459,nan,0,1.4569999766536057,7.9711000144016
97,3.2333333333333316,SEARCH,0,0,0,0,7.793456230321237,-7.9207301990090375,-10.484646771149826,-13.445529779180733,-10.489269373894773,-13.441546796069705,nan,nan,19.098101251628034,1527.8481001302428,nan,0,1.3747999910265207,6.685700005618855
98,3.266666666666665,SEARCH,0,0,0,0,7.857423347436411,-7.91055384435907,-10.529220349225698,-13.833471935195272,-10.529349390696073,-13.83524738696052,nan,nan,19.317748453105896,1545.4198762484718,nan,0,1.1665000056382269,6.420399993658066
99,3.299999999999998,SEARCH,0,0,0,0,7.9212207449955185,-7.899946390680581,-10.551943776582501,-14.223421890393054,-10.547175664510632,-14.238367691911655,nan,nan,19.52580985594604,1562.0647884756834,nan,0,1.1303999926894903,6.028500007232651
100,3.3333333333333313,SEARCH,0,0,0,0,7.984846900734655,-7.888908231480919,-10.552863398191226,-14.614146463789524,-10.557224677412991,-14.61736027074954,nan,nan,19.725123199967314,1578.009855997385,nan,0,1.2929000076837838,7.422199996653944
101,3.3666666666666645,SEARCH,0,0,0,0,8.048300296475906,-7.877439776245424,-10.532092474451753,-15.004431250377076,-10.544812941214033,-14.991943079725583,nan,nan,19.907787851109703,1592.6230280887762,nan,0,1.3417000009212643,6.262199982302263
102,3.3999999999999977,SEARCH,0,0,0,0,8.111579418163565,-7.86554145042224,-10.489808908147358,-15.393083818810021,-10.497696720103777,-15.390548739700183,nan,nan,20.07313859599371,1605.851087679497,nan,0,2.164699981221929,7.380900002317503
103,3.433333333333331,SEARCH,0,0,0,0,8.17468275590026,-7.853213695406517,-10.426252865391003,-15.778936713642988,-10.419309761948787,-15.782879573654686,nan,nan,20.21425632306268,1617.1405058450146,nan,0,1.9542000081855804,9.2644999967888
104,3.466666666666664,SEARCH,0,0,0,0,8.23760880398299,-7.840456968524057,-10.341724303212219,-16.16085026307382,-10.342064347858848,-16.165218728973244,nan,nan,20.359418282394746,1628.7534625915796,nan,0,1.3501999783329666,7.0739000220783055
105,3.4999999999999973,SEARCH,0,0,0,0,8.300356060939045,-7.827271743014331,-10.236580415924013,-16.53771519366723,-10.248687320545061,-16.5273110135771,nan,nan,20.487989010088658,1639.0391208070926,nan,0,1.435199985280633,6.533800013130531
106,3.5333333333333306,SEARCH,0,0,0,0,8.362923029561829,-7.813658508012933,-10.11123301190096,-16.908455054017743,-10.117114101806994,-16.90546949682572,nan,nan,20.595455795710553,1647.6364636568442,nan,0,1.698400010354817,8.552599989343435
107,3.5666666666666638,SEARCH,0,0,0,0,8.425308216946593,-7.799617768533434,-9.966145831893977,-17.27202844975183,-9.9612878852384,-17.28253033785285,nan,nan,20.687980738154234,1655.0384590523388,nan,0,1.6063000075519085,7.303599995793775
108,3.599999999999997,SEARCH,0,0,0,0,8.487510134526053,-7.78515004544864,-9.80183181950542,-17.627431092671888,-9.79659518225156,-17.633970253580333,nan,nan,20.767950470066097,1661.4360376052875,nan,0,1.3663999852724373,7.690700003877282
109,3.63333333333333,SEARCH,0,0,0,0,8.549527298105913,-7.77025587547128,-9.618850353951345,-17.973697667210892,-9.63408276247301,-17.968533258218496,nan,nan,20.848226217370158,1667.8580973896126,nan,0,1.345900003798306,9.752899990417063
110,3.6666666666666634,SEARCH,0,0,0,0,8.611358227900265,-7.754935811134082,-9.41780445474684,-18.309903517697766,-9.424200008374639,-18.307722262260537,nan,nan,20.895996333679367,1671.6797066943493,nan,0,1.6270999913103878,6.913999997777864
111,3.6999999999999966,SEARCH,0,0,0,0,8.673001448566922,-7.739190420769296,-9.199337967466422,-18.63516616023214,-9.194501925638894,-18.638242373275364,nan,nan,20.929333727825227,1674.3466982260184,nan,0,1.5699000214226544,7.949599996209145
112,3.73333333333333,SEARCH,0,0,0,0,8.734455489242599,-7.723020288487579,-8.964132739255245,-18.90813292818571,-8.95563174035118,-18.919370835998905,nan,nan,20.935554728102957,1674.8443782482366,nan,0,1.8216000171378255,7.829699985450134
113,3.766666666666663,SEARCH,0,0,0,0,8.795718883578015,-7.706426014156358,-8.712905792299047,-19.12650634254857,-8.711879905748674,-19.121962980019983,nan,nan,20.900490414988646,1672.0392331990918,nan,0,2.1052999945823103,8.357099985005334
114,3.7999999999999963,SEARCH,0,0,0,0,8.856790169772893,-7.689408213377563,-8.446406503001974,-19.301205074038855,-8.453109965440714,-19.29035624698334,nan,nan,20.837817495349405,1667.0253996279525,nan,0,1.6920000198297203,6.610399985220283
115,3.8333333333333295,SEARCH,0,0,0,0,8.917667890610822,-7.671967517464786,-8.165413794172263,-19.440964059231085,-8.158921238434377,-19.440374520216196,nan,nan,20.738980198279595,1659.1184158623676,nan,0,1.6690000193193555,6.441699981223792
116,3.8666666666666627,SEARCH,0,0,0,0,8.978350593494046,-7.654104573419865,-7.87073334707666,-19.552771247384868,-7.859001340476157,-19.560607118330804,nan,nan,20.621862743223293,1649.7490194578634,nan,0,1.438299979781732,5.620100011583418
117,3.899999999999996,SEARCH,0,0,0,0,9.038836830478106,-7.635820043908883,-7.563194839795757,-19.642216997907894,-7.554541414291025,-19.637867596447954,nan,nan,20.478997705634583,1638.3198164507667,nan,0,1.8433000077493489,7.070899999234825
118,3.933333333333329,SEARCH,0,0,0,0,9.099125158306398,-7.617114607237584,-7.243649217894673,-19.713773598326316,-7.251801992936746,-19.707142460867708,nan,nan,20.335230320967906,1626.8184256774325,nan,0,1.4854999899398535,5.884699989110231
119,3.9666666666666623,SEARCH,0,0,0,0,9.15921413844462,-7.597988957326214,-6.912966003016731,-19.771018878661053,-6.9161188209145825,-19.7675637889315,nan,nan,20.16221419726269,1612.977135781015,nan,0,1.7499999958090484,6.4808000170160085
120,3.9999999999999956,SEARCH,0,0,0,0,9.219102337115075,-7.5784438036837685,-6.57203064461238,-19.816815102928842,-6.564591780639978,-19.824923912475935,nan,nan,19.97751924183525,1598.20153934682,nan,0,1.4731000119354576,5.936900008236989
121,4.033333333333329,SEARCH,0,0,0,0,9.278788325330904,-7.5584798713816745,-6.2217419196317625,-19.853452082343075,-6.21843924538416,-19.852456906458652,nan,nan,19.781454287223962,1582.516342977917,nan,0,1.2798999960068613,6.166699982713908
122,4.066666666666662,SEARCH,0,0,0,0,9.338270678930165,-7.538097901026905,-5.863009384637053,-19.88276166587446,-5.869389481356427,-19.869116263676997,nan,nan,19.57873697179626,1566.2989577437006,nan,0,1.4716000005137175,6.11610000487417
123,4.099999999999995,SEARCH,0,0,0,0,9.39754797860983,-7.517298648734487,-5.4967508844302655,-19.906209332699568,-5.497956325282788,-19.90185576440644,nan,nan,19.37145589310789,1549.7164714486312,nan,0,1.3220999971963465,5.488399998284876
124,4.133333333333328,SEARCH,0,0,0,0,9.456618809959641,-7.496082886099462,-5.123890120943548,-19.924967466159654,-5.109017432151958,-19.932824051235727,nan,nan,19.152814152132052,1532.2251321705644,nan,0,1.3879000034648925,5.8898999996017665
125,4.166666666666662,SEARCH,0,0,0,0,9.515481763495862,-7.474451400168261,-4.745354285802177,-19.939973972927724,-4.7413646245435075,-19.947480580643813,nan,nan,18.9429175648617,1515.4334051889357,nan,0,1.2897999840788543,5.724499991629273
126,4.199999999999995,SEARCH,0,0,0,0,9.574135434694911,-7.452404993409504,-4.362071759645542,-19.951979178342178,-4.3679022930100295,-19.94266490107785,nan,nan,18.71862731510661,1497.4901852085286,nan,0,1.208700006827712,6.029600015608594
127,4.233333333333328,SEARCH,0,0,0,0,9.632578424026873,-7.429944483684233,-3.9749698809782066,-19.96158334267374,-3.977320669277948,-19.95370448476832,nan,nan,18.49524041191931,1479.6192329535445,nan,0,1.3670999906025827,5.888100014999509
128,4.266666666666661,SEARCH,0,0,0,0,9.690809336988892,-7.407070704215567,-3.58497278702178,-19.969266674138993,-3.58115728492143,-19.96818075304227,nan,nan,18.27365819073556,1461.8926552588448,nan,0,1.3327000197023153,5.56489999871701
129,4.2999999999999945,SEARCH,0,0,0,0,9.74882678413845,-7.3837845035578,-3.192999328748652,-19.975413339311196,-3.1896269864282525,-19.97727650892368,nan,nan,18.055459752172084,1444.4367801737667,nan,0,1.2903999886475503,6.431300018448383
130,4.333333333333328,SEARCH,0,0,0,0,9.806629381126513,-7.360086745564917,-2.799961062000445,-19.980330671448957,-2.799317932952417,-19.974063179643007,nan,nan,17.833180007077008,1426.6544005661608,nan,0,1.5468999918084592,6.426600011764094
131,4.366666666666661,SEARCH,0,0,0,0,9.864215748730574,-7.335978309358547,-2.406760316327424,-19.984264537159167,-2.4116170532871073,-19.97831891638411,nan,nan,17.621715211838513,1409.737216947081,nan,0,1.5303999825846404,6.6531999909784645
132,4.399999999999994,SEARCH,0,0,0,0,9.92158451288755,-7.311460089295352,-2.014288342929719,-19.987411629727333,-2.013957122152696,-19.988825278785193,nan,nan,17.411856370573126,1392.9485096458502,nan,0,1.6876999870873988,6.2824999913573265
133,4.433333333333327,SEARCH,0,0,0,0,9.978734304726578,-7.286532994933845,-1.6234235428370445,-19.989929303781867,-1.6132076472476815,-19.999364194815676,nan,nan,17.204336527010557,1376.3469221608448,nan,0,1.573899993672967,6.754900008672848
134,4.466666666666661,SEARCH,0,0,0,0,10.035663760601667,-7.261197951000655,-1.2350297762303797,-19.991943443025495,-1.237590541984119,-19.997432171449777,nan,nan,17.008760233741558,1360.7008186993246,nan,0,1.4835000038146973,6.926699978066608
135,4.499999999999994,SEARCH,0,0,0,0,10.092371522124248,-7.235455897356216,-0.8499547535867384,-19.993554754420394,-0.8588941728171614,-19.983244614873893,nan,nan,16.805842362335532,1344.4673889868425,nan,0,1.3945999962743372,6.045699992682785
136,4.533333333333327,SEARCH,0,0,0,0,10.148856236195583,-7.209307788959901,-0.4690285091163925,-19.994843803536316,-0.4683213866234677,-19.991622509163058,nan,nan,16.61661909898677,1329.3295279189415,nan,0,1.2846000026911497,5.998400010867044
137,4.56666666666666,SEARCH,0,0,0,0,10.20511655503904,-7.182754595834595,-0.09306195676058893,-19.995875042829052,-0.08081811014398702,-20.003403174157405,nan,nan,16.436833086250665,1314.9466469000533,nan,0,1.2829000188503414,6.372799980454147
138,4.599999999999993,SEARCH,0,0,0,0,10.261151136232273,-7.15579730303072,0.2771544711732885,-19.99670003426324,0.2859752818460772,-20.004891519051906,nan,nan,16.26663319492139,1301.330655593711,nan,0,1.305399986449629,5.9603000117931515
139,4.633333333333327,SEARCH,0,0,0,0,10.316958642739229,-7.128436910589675,0.6408521028432547,-19.997360027410593,0.6294277409606388,-19.993330797125054,nan,nan,16.104463657158238,1288.357092572659,nan,0,1.2601999915204942,6.069700000807643
140,4.66666666666666,SEARCH,0,0,0,0,10.372537742942074,-7.1006744335067555,0.9972852234464528,-19.997888021928475,0.9911111983840268,-19.994361186933066,nan,nan,15.945479676272502,1275.6383741018003,nan,0,1.2544000055640936,5.90859999647364
141,4.699999999999993,SEARCH,0,0,0,0,10.427887110672948,-7.072510901693487,1.345732189972294,-19.99831041754278,1.3467998085949626,-20.010990901155154,nan,nan,15.807289814652972,1264.5831851722378,nan,0,1.2271000014152378,7.2592999786138535
142,4.733333333333326,SEARCH,0,0,0,0,10.483005425245624,-7.04394735993942,1.6854964647247441,-19.96500597549438,1.6916076583404864,-19.97679612464821,nan,nan,15.638006646205723,1251.0405316964577,nan,0,1.1995999957434833,5.645800003549084
143,4.7666666666666595,SEARCH,0,0,0,0,10.537891371487007,-7.014984867873377,2.01590756834681,-19.883272398491517,2.012633039043916,-19.881525261286193,nan,nan,15.434632853755025,1234.770628300402,nan,0,1.340099988738075,7.581000012578443
144,4.799999999999993,SEARCH,0,0,0,0,10.592543639768525,-6.985624499924137,2.3363219532148607,-19.760242355192386,2.3326355873666875,-19.754549741480357,nan,nan,15.207614305294051,1216.6091444235242,nan,0,1.7685999919194728,8.530899998731911
145,4.833333333333326,SEARCH,0,0,0,0,10.646960926037375,-6.955867345280586,2.646123798196334,-19.60174555712497,2.6530436633918293,-19.603293591487876,nan,nan,14.96195521498696,1196.9564171989568,nan,0,1.7235999985132366,7.649200008017942
146,4.866666666666659,SEARCH,0,0,0,0,10.701141931847634,-6.925714507851291,2.9447257258819786,-19.41257270866833,2.9511371522850967,-19.422626238324256,nan,nan,14.704943960535006,1176.3955168428006,nan,0,1.2137000157963485,6.444600003305823
147,4.899999999999992,SEARCH,0,0,0,0,10.755085364391253,-6.895167106223573,3.2315694435132425,-19.196686357784195,3.2233362471302747,-19.196273107316497,nan,nan,14.42374617134834,1153.899693707867,nan,0,1.2814000074286014,7.93100000009872
148,4.933333333333326,SEARCH,0,0,0,0,10.808789936528889,-6.864226273622002,3.506126308927052,-18.957389269479048,3.4904698097753717,-18.948839199707397,nan,nan,14.127833487515197,1130.2266790012159,nan,0,1.4482999977190048,6.590999983018264
149,4.966666666666659,SEARCH,0,0,0,0,10.862254366820633,-6.8328931578663425,3.7678978229341857,-18.697458820097737,3.7619293237559903,-18.69126278603149,nan,nan,13.821560908788868,1105.7248727031094,nan,0,1.264600025024265,8.499299990944564
150,4.999999999999992,SEARCH,0,0,0,0,10.915477379556574,-6.801168921328996,4.016416049634086,-18.41925421142089,4.021530982635185,-18.426718253887202,nan,nan,13.515912629466422,1081.2730103573138,nan,0,1.2285000120755285,7.357099995715544
151,5.033333333333325,SEARCH,0,0,0,0,10.968457704787244,-6.7690547408918675,4.251243966248423,-18.124801944209736,4.256675754974896,-18.128928075185737,nan,nan,13.19449654640251,1055.5597237122008,nan,0,1.4012999890837818,7.806900015566498
152,5.066666666666658,SEARCH,0,0,0,0,11.021194078353918,-6.736551807902698,4.471975744128311,-17.815863903354035,4.4562871665565025,-17.811410230420325,nan,nan,12.874412291028088,1029.952983282247,nan,0,2.1656999888364226,6.661099992925301
153,5.099999999999992,SEARCH,0,0,0,0,11.073685241918787,-6.703661328130893,4.678236962656015,-17.493991536763573,4.672854251041093,-17.489703192323738,nan,nan,12.542301880831165,1003.3841504664932,nan,0,2.8685999859590083,7.48359999852255
154,5.133333333333325,SEARCH,0,0,0,0,11.125929942994965,-6.670384521722774,4.869684757821519,-17.16056891410726,4.8764006048856325,-17.16859127673269,nan,nan,12.217567761990319,977.4054209592255,nan,0,1.7204000032506883,6.959199992706999
155,5.166666666666658,SEARCH,0,0,0,0,11.17792693497639,-6.636722623156302,5.046007907307641,-16.816846894650546,5.054503012356871,-16.824521542405215,nan,nan,11.886444689441765,950.9155751553412,nan,0,1.419700012775138,7.182399975135922
156,5.199999999999991,SEARCH,0,0,0,0,11.229674977167566,-6.602676881195318,5.206926853964827,-16.463970187935736,5.202037458742734,-16.464122142473805,nan,nan,11.557703781232437,924.616302498595,nan,0,1.5438999980688095,6.613400008063763
157,5.2333333333333245,SEARCH,0,0,0,0,11.281172834813164,-6.568248558843189,5.3521936695983685,-16.102998734621696,5.346975699918918,-16.09680571190204,nan,nan,11.225332826018837,898.026626081507,nan,0,1.5245999966282398,7.128600002033636
158,5.266666666666658,SEARCH,0,0,0,0,11.332419279127484,-6.53343893329596,5.481591961027043,-15.734924549634243,5.488381330666981,-15.730279728761607,nan,nan,10.89654349599852,871.7234796798815,nan,0,1.5431000210810453,5.869799992069602
159,5.299999999999991,SEARCH,0,0,0,0,11.383413087323778,-6.498249295894981,5.5949367204030525,-15.360684941624214,5.608694301811828,-15.360581734735943,nan,nan,10.57772722791987,846.2181782335897,nan,0,1.9294999947305769,6.526899989694357
160,5.333333333333324,SEARCH,0,0,0,0,11.434153042643425,-6.4626809520789905,5.69207412180903,-14.98117284018498,5.687833425255977,-14.974895286860786,nan,nan,10.2702474179757,821.6197934380559,nan,0,1.7788000113796443,6.2583000108134
161,5.366666666666657,SEARCH,0,0,0,0,11.484637934384965,-6.426735221335697,5.772881266168907,-14.597244816223816,5.77050377171219,-14.589029322018547,nan,nan,9.963652654276249,797.0922123421,nan,0,1.5301000094041228,8.105099987005815
162,5.399999999999991,SEARCH,0,0,0,0,11.534866557932988,-6.3904134371528265,5.837265876525864,-14.209727264014907,5.83965221107879,-14.209735735289119,nan,nan,9.673534393320018,773.8827514656016,nan,0,1.436699996702373,7.734100014204159
163,5.433333333333324,SEARCH,0,0,0,0,11.584837714786872,-6.353716946968655,5.885165945752593,-13.819421119948322,5.889256940002753,-13.824039673503108,nan,nan,9.393900254988214,751.5120203990571,nan,0,1.4396000187844038,7.6456999813672155
164,5.466666666666657,SEARCH,0,0,0,0,11.63455021258939,-6.316647112122004,5.916549338766886,-13.427105418158904,5.918577451558365,-13.431278028143854,nan,nan,9.12635292304996,730.1082338439969,nan,0,1.535199990030378,7.733300008112565
165,5.49999999999999,SEARCH,0,0,0,0,11.68400286515515,-6.279205307801776,5.93141335132934,-13.033539923335525,5.926164718232225,-13.034125264101014,nan,nan,8.87590241846825,710.07219347746,nan,0,1.4587999903596938,7.700199988903478
166,5.5333333333333234,SEARCH,0,0,0,0,11.733194492498907,-6.241392922995908,5.929784227499956,-12.639467033085953,5.92934057067081,-12.634114716603696,nan,nan,8.634327552067234,690.7462041653787,nan,0,1.3461000053212047,8.00370000069961
167,5.566666666666657,SEARCH,0,0,0,0,11.782123920863711,-6.203211360439855,5.911716637826741,-12.245613103874279,5.9220051405227485,-12.239715811022144,nan,nan,8.41310751753504,673.0486014028033,nan,0,1.1980000126641244,7.833599986042827
168,5.59999999999999,SEARCH,0,0,0,0,11.830789982748923,-6.164662036564552,5.877293120332306,-11.852689323843823,5.881564635943211,-11.853878276905194,nan,nan,8.231674413898503,658.5339531118802,nan,0,1.384799979859963,8.377400023164228
169,5.633333333333323,SEARCH,0,0,0,0,11.879191516938066,-6.125746381443864,5.826623486354142,-11.461392231258403,5.830195727515117,-11.453986883081493,nan,nan,8.061048126872098,644.8838501497679,nan,0,1.1424999975133687,7.588999986182898
170,5.666666666666656,SEARCH,0,0,0,0,11.927327368526532,-6.086465838741541,5.759844193280774,-11.072403957614332,5.752796151316842,-11.063520776038246,nan,nan,7.930694269808066,634.4555415846453,nan,0,1.2162000057287514,7.770700001856312
171,5.6999999999999895,SEARCH,0,0,0,0,11.975196388949144,-6.046821865657654,5.677117686209669,-10.686392258715518,5.685667702884918,-10.687571179431517,nan,nan,7.816311488555031,625.3049190844025,nan,0,1.2470999790821224,7.3899000126402825
172,5.733333333333323,SEARCH,0,0,0,0,12.022797436007558,-6.006815932874552,5.578631710533712,-10.304010384380698,5.583414323368631,-10.308758152629837,nan,nan,7.7441824444838865,619.5345955587109,nan,0,1.2234000023454428,7.833499985281378
173,5.766666666666656,SEARCH,0,0,0,0,12.070129373897517,-5.966449524502275,5.464598597441372,-9.925896827338637,5.457873134329089,-9.920139831226383,nan,nan,7.704128738487939,616.3302990790351,nan,0,1.5357999945990741,7.6812000188510865
174,5.799999999999989,SEARCH,0,0,0,0,12.117191073235956,-5.925724138023531,5.335254524291609,-9.55267498376235,5.3284106538635845,-9.54486098516501,nan,nan,7.69322371316413,615.4578970531304,nan,0,1.3080000062473118,9.132799983490258
175,5.833333333333322,SEARCH,0,0,0,0,12.163981411087947,-5.884641284238123,5.190858751798273,-9.184952751396168,5.192093877746313,-9.187515204759597,nan,nan,7.71467380466766,617.1739043734128,nan,0,1.1785999813582748,7.75480002630502
176,5.866666666666656,SEARCH,0,0,0,0,12.210499270993493,-5.843202487206906,5.031692839930242,-8.823322086018633,5.043165109676629,-8.832511088345706,nan,nan,7.76573530921716,621.2588247373727,nan,0,1.2316000065766275,7.94139999197796
177,5.899999999999989,SEARCH,0,0,0,0,12.256743542994165,-5.801409284195254,4.858059844403165,-8.468358532803085,4.859682948730047,-8.467602467481123,nan,nan,7.862893330436009,629.0314664348807,nan,0,1.4026999997440726,7.5376000022515655
178,5.933333333333322,SEARCH,0,0,0,0,12.302713123659599,-5.759263225616026,4.670283495606425,-8.120620745781075,4.6658062008374666,-8.113728425470143,nan,nan,7.991611459847926,639.328916787834,nan,0,1.403400005074218,8.446899999398738
179,5.966666666666655,SEARCH,0,0,0,0,12.348406916113808,-5.71676587497206,4.468707361774987,-7.78065000591688,4.477443208465643,-7.782065579584582,nan,nan,8.137415594461617,650.9932475569293,nan,0,1.5026000037323684,8.176500006811693
180,5.9999999999999885,SEARCH,0,0,0,0,12.393823830061363,-5.673918808798133,4.253693998180341,-7.448969746133202,4.267049130190908,-7.458874663341659,nan,nan,8.32048883330323,665.6391066642584,nan,0,1.6216000076383352,11.636099981842563
181,6.033333333333322,SEARCH,0,0,0,0,12.438962781813412,-5.630723616602554,4.025624084077774,-7.12608508988313,4.025958854367776,-7.132002731143013,nan,nan,8.545903934808248,683.6723147846598,nan,0,1.7837999912444502,8.88969999505207
182,6.066666666666655,SEARCH,0,0,0,0,12.483822694313533,-5.5871819008081065,3.7848955491090464,-6.812482408457752,3.7754635217148076,-6.8053094936575915,nan,nan,8.793142459408108,703.4513967526485,nan,0,1.8448999908287078,12.83230000990443
183,6.099999999999988,SEARCH,0,0,0,0,12.52840249716343,-5.543295276692671,3.531922690820082,-6.5086289010848635,3.5208145790163288,-6.5009870740620865,nan,nan,9.05835601430515,724.6684811444121,nan,0,1.9201999821234494,10.140900005353615
184,6.133333333333321,SEARCH,0,0,0,0,12.57270112664848,-5.499065372329266,3.267135284912804,-6.214972200958309,3.2681898931732767,-6.214697931196056,nan,nan,9.331991173012138,746.5592938409711,nan,0,1.8395000079181045,11.447199998656288
185,6.1666666666666545,SEARCH,0,0,0,0,12.616717525763116,-5.454493828525672,2.990977689808834,-5.931940009596501,2.994001331895585,-5.938238700188314,nan,nan,9.634867723460468,770.7894178768375,nan,0,2.292700024554506,10.93729998683557
186,6.199999999999988,SEARCH,0,0,0,0,12.660450644236041,-5.409582298763546,2.7039079470604244,-5.659939761327923,2.68888335170302,-5.658891409445694,nan,nan,9.974683418644595,797.9746734915677,nan,0,2.0161999855190516,11.406000005081296
187,6.233333333333321,SEARCH,0,0,0,0,12.703899438555288,-5.364332449137091,2.4063968791009827,-5.399358319213604,2.3989835416428664,-5.393168345652679,nan,nan,10.304956242088862,824.3964993671088,nan,0,2.0358000183478,13.581399980466813
188,6.266666666666654,SEARCH,0,0,0,0,12.747062871993128,-5.318745958291254,2.098927185783812,-5.150561703319342,2.0988104095378,-5.154488484403409,nan,nan,10.649519285954366,851.9615428763493,nan,0,2.0195999823044986,13.299700018251315
189,6.299999999999987,SEARCH,0,0,0,0,12.789939914630802,-5.2728245173594175,1.7819925411134405,-4.91389485192622,1.7902687664147137,-4.919724105844518,nan,nan,11.005337126572243,880.4269701257795,nan,0,1.9675999938044697,12.86330001312308
190,6.333333333333321,SEARCH,0,0,0,0,12.83252954338309,-5.226569829900734,1.4560966915291815,-4.68968141600268,1.4540825900900913,-4.689806164774273,nan,nan,11.391100486831933,911.2880389465547,nan,0,2.0340999762993306,12.47499999590218
191,6.366666666666654,SEARCH,0,0,0,0,12.87483074202274,-5.179983611836846,1.121752557055465,-4.478223587043513,1.117406784978765,-4.4701437709670175,nan,nan,11.778832315019926,942.3065852015942,nan,0,1.9471999839879572,13.430600025458261
192,6.399999999999987,SEARCH,0,0,0,0,12.916842501204691,-5.13306759138829,0.7794813365880534,-4.279801958201774,0.7853285158728903,-4.272242273033464,nan,nan,12.162016765529545,972.9613412423636,nan,0,2.435000002151355,11.210600001504645
193,6.43333333333332,SEARCH,0,0,0,0,12.95856381849018,-5.085823509010362,0.4298116185396577,-4.094675418491333,0.43733013995169984,-4.100587941958613,nan,nan,12.55993558722138,1004.7948469777104,nan,0,1.8301000236533582,12.480799981858581
194,6.4666666666666535,SEARCH,0,0,0,0,12.999993698370648,-5.038253117328544,0.07327849802270525,-3.9230810797149185,0.07448297375665501,-3.9244227201991295,nan,nan,12.97341302995017,1037.8730423960135,nan,0,2.039800019701943,12.71209999686107
195,6.499999999999987,SEARCH,0,0,0,0,13.0411311522915,-4.990358181073509,-0.2895772982988321,-3.765234235670192,-0.29820333559764034,-3.756424762056377,nan,nan,13.39628442003065,1071.702753602452,nan,0,2.326900023035705,12.521500000730157
196,6.53333333333332,SEARCH,0,0,0,0,13.081975198675687,-4.942140477015631,-0.6582102786024312,-3.6213283531011013,-0.6625622324324316,-3.609886130394959,nan,nan,13.808954009599056,1104.7163207679246,nan,0,2.597699989564717,12.026000011246651
197,6.566666666666653,SEARCH,0,0,0,0,13.122524862947133,-4.893601793899089,-1.0320710425044934,-3.4915350937902754,-1.0287694194245025,-3.498271947427419,nan,nan,14.219918257385968,1137.5934605908774,nan,0,1.9212999904993922,11.633899994194508
198,6.599999999999986,SEARCH,0,0,0,0,13.162779177553983,-4.8447439323754775,-1.4106071268675617,-3.3760043671282807,-1.4090155652909404,-3.3875795550653276,nan,nan,14.644470972012085,1171.557677760967,nan,0,2.0126000163145363,12.012999999569729
199,6.6333333333333195,SEARCH,0,0,0,0,13.202737181991697,-4.7955687049370805,-1.793263839867982,-3.27486441244512,-1.8033253282731465,-3.267486385801932,nan,nan,15.083664927199539,1206.693194175963,nan,0,2.539599983720109,10.602700000163168
200,6.666666666666653,SEARCH,0,0,0,0,13.242397922825969,-4.746077935849533,-2.179485082419843,-3.1882219103468987,-2.183650935644701,-3.1774372340564736,nan,nan,15.505599538078044,1240.4479630462436,nan,0,2.6516999932937324,13.795500010019168
201,6.699999999999986,ACQUIRING,0,0,0,0,13.281760453715464,-4.696273461084228,-2.5687141560959525,-3.116162122264834,-2.56299517517809,-3.119083586919555,1.4128444858793565,-1.9724121222648339,15.923059028921594,1273.8447223137277,974.1969799819169,1,3.0932000081520528,14.541800017468631
202,6.733333333333319,ACQUIRING,0,0,0,0,13.32082383543441,-4.646157128250167,-2.869054340883173,-2.95521344529388,-2.8633133013105145,-2.9677865221568127,1.4128444858793565,-1.9724121222648339,16.270931834174846,1301.6745467339877,976.3569332459064,0,2.768100006505847,13.060500001301989
203,6.766666666666652,ACQUIRING,0,0,0,0,13.35958713589501,-4.595730796525427,-3.0805056367815045,-2.798279241235904,-3.081774644200856,-2.7956246034228767,1.4128444858793565,-1.9724121222648339,16.539611830101798,1323.1689464081437,978.5097593787889,0,2.651100017828867,14.209799992386252
204,6.799999999999986,ACQUIRING,0,0,0,0,13.398049430169678,-4.544996336588195,-3.2030680437909473,-2.6668411991425134,-3.2111434848922373,-2.6622345988128235,1.4128444858793565,-1.9724121222648339,16.715564036279897,1337.2451229023916,980.655542694341,0,3.365099983057007,13.93010001629591
205,6.833333333333319,ACQUIRING,0,0,0,0,13.436209800513106,-4.493955630547363,-3.236741561911501,-2.555648895368193,-3.2274751759722724,-2.562440050532256,1.4128444858793565,-1.9724121222648339,16.775254079488203,1342.020326359056,982.7943675973719,0,4.636099998606369,13.016499986406416
206,6.866666666666652,SEARCH,0,0,0,0,13.474067336384167,-4.442610571872722,-3.181526191143166,-2.4616523348774706,-3.173315388404767,-2.467827546574704,nan,nan,16.764102110838092,1341.1281688670476,nan,0,2.734699985012412,13.190900004701689
207,6.899999999999985,SEARCH,0,0,0,0,13.511621134467637,-4.3909630653246765,-3.21519970926372,-2.456544663275637,-3.2188392590062205,-2.45802936555672,nan,nan,16.84174983976713,1347.3399871813704,nan,0,2.6821999927051365,15.140800009248778
208,6.9333333333333185,SEARCH,0,0,0,0,13.548870298695759,-4.339015026883665,-3.3377621162731628,-2.5342621508771277,-3.340890495000101,-2.521711949082862,nan,nan,16.987248457147203,1358.9798765717762,nan,0,2.611899981275201,15.449099999386817
209,6.966666666666652,SEARCH,0,0,0,0,13.58581394026961,-4.286768383678985,-3.549213412171494,-2.6026032471962557,-3.550669054326258,-2.5985978168117745,nan,nan,17.219435800481676,1377.554864038534,nan,0,2.659299992956221,12.694100005319342
210,6.999999999999985,SEARCH,0,0,0,0,13.62245117768032,-4.234225073917377,-3.8495535969587147,-2.6663871025521217,-3.835046433787676,-2.6711834206728646,nan,nan,17.527330717031276,1402.186457362502,nan,0,2.5895999860949814,13.831799995386973
211,7.033333333333318,SEARCH,0,0,0,0,13.658781136730093,-4.181387046811086,-4.238782670634824,-2.7294490123884616,-4.23596108091877,-2.7355772815599595,nan,nan,17.95305447308062,1436.2443578464495,nan,0,2.4059000134002417,12.321799993515015
212,7.066666666666651,SEARCH,0,0,0,0,13.694802950553084,-4.12825626250556,-4.694785858859106,-2.7948334134748603,-4.707920361228139,-2.789149801782345,nan,nan,18.451380203202326,1476.110416256186,nan,0,2.897099999245256,13.171700004022568
213,7.0999999999999845,SEARCH,0,0,0,0,13.730515759636068,-4.074834692006736,-5.137877216294944,-2.8649483610783695,-5.146168478030273,-2.864065722103225,nan,nan,18.91547433470919,1513.2379467767353,nan,0,3.239799989387393,15.590599999995902
214,7.133333333333318,SEARCH,0,0,0,0,13.765918711838955,-4.021124317107918,-5.569936598849413,-2.9416891943940717,-5.564368067808544,-2.9537217712540467,nan,nan,19.359734894318933,1548.7787915455147,nan,0,2.3976999800652266,13.391500018769875
215,7.166666666666651,SEARCH,0,0,0,0,13.801010962415118,-3.967127130316264,-5.9923669800400905,-3.026537555875277,-5.9806156421641585,-3.034535108820655,nan,nan,19.803597627743194,1584.2878102194557,nan,0,3.1737999815959483,13.091200002236292
216,7.199999999999984,SEARCH,0,0,0,0,13.835791674031562,-3.912845134778835,-6.406191651504329,-3.1206406967867157,-6.407305210597504,-3.1207528013513413,nan,nan,20.258587851702636,1620.6870281362108,nan,0,2.7168999949935824,14.028100005816668
217,7.233333333333317,SEARCH,0,0,0,0,13.870260016788887,-3.858280344208369,-6.812132090318013,-3.2248750146513467,-6.818566074523027,-3.2261069486773213,nan,nan,20.698482268962763,1655.8785815170208,nan,0,3.0264999950304627,13.85310001205653
218,7.266666666666651,SEARCH,0,0,0,0,13.904415168241101,-3.8034347828084645,-7.210670355376024,-3.3398969789406214,-7.207937763763969,-3.3420730089025317,nan,nan,21.117393329006415,1689.3914663205132,nan,0,2.2837999858893454,14.745099993888289
219,7.299999999999984,SEARCH,0,0,0,0,13.93825631341524,-3.7483104851985773,-7.602099102601244,-3.4661839699029136,-7.595264297200869,-3.4746406533486103,nan,nan,21.535259577369704,1722.8207661895763,nan,0,3.025300014996901,9.867099986877292
220,7.333333333333317,SEARCH,0,0,0,0,13.971782644830814,-3.692909496338503,-7.986561690767336,-3.604067050262549,-7.987243493782683,-3.605695736835206,nan,nan,21.95919932957842,1756.7359463662738,nan,0,2.3487999860662967,12.940599990542978
221,7.36666666666665,SEARCH,0,0,0,0,14.004993362519084,-3.637233871452519,-8.364084355341676,-3.753757285393896,-8.37432354960105,-3.7445993113173994,nan,nan,22.37957445508702,1790.3659564069617,nan,0,2.806500007864088,11.74159999936819
222,7.3999999999999835,SEARCH,0,0,0,0,14.037887674042128,-3.581285675953149,-8.734602032258106,-3.9153669042747805,-8.733664189265292,-3.9155555791991836,nan,nan,22.77400515130169,1821.920412104135,nan,0,2.3444999824278057,10.694600001443177
223,7.433333333333317,SEARCH,0,0,0,0,14.070464794511777,-3.5250669853645302,-9.097979097137799,-4.088926334885503,-9.083161915448489,-4.094146123340377,nan,nan,23.160619181910157,1852.8495345528124,nan,0,2.5492999993730336,10.412999981781468
224,7.46666666666665,SEARCH,0,0,0,0,14.102723946608313,-3.468579885245436,-9.454026032369523,-4.274397940811849,-9.454150649922394,-4.278554877809645,nan,nan,23.570795494536306,1885.6636395629046,nan,0,2.463299984810874,11.152499995660037
225,7.499999999999983,SEARCH,0,0,0,0,14.134664360599048,-3.411826471111869,-9.802512831980588,-4.471687120286665,-9.818177565998052,-4.4655486141105,nan,nan,23.97600814804653,1918.0806518437225,nan,0,2.7182000048924237,9.75489997654222
226,7.533333333333316,SEARCH,0,0,0,0,14.166285274356662,-3.3548088483593714,-10.143179792251447,-4.680651296488238,-10.141918089066015,-4.678427587226115,nan,nan,24.34421322046356,1947.5370576370847,nan,0,2.3404000094160438,8.871099998941645
227,7.5666666666666496,SEARCH,0,0,0,0,14.197585933377415,-3.297529132184895,-10.475746206449584,-4.901107221983485,-10.466697990889582,-4.906803562888102,nan,nan,24.716728458478695,1977.3382766782954,nan,0,2.23430001642555,15.0636000034865
228,7.599999999999983,SEARCH,0,0,0,0,14.22856559079912,-3.239989447508334,-10.799917378401721,-5.132836935462676,-10.793280725831577,-5.141037733776727,nan,nan,25.093958987768534,2007.5167190214827,nan,0,2.844799979357049,12.031799997203052
229,7.633333333333316,SEARCH,0,0,0,0,14.259223507418993,-3.1821919288936957,-11.115390286703061,-5.375592641122484,-11.117941338702334,-5.372987542575109,nan,nan,25.471554350846784,2037.7243480677428,nan,0,2.2219000093173236,12.867199984611943
230,7.666666666666649,SEARCH,0,0,0,0,14.289558951711268,-3.124138720469925,-11.421858165030908,-5.629100726825307,-11.431054576609878,-5.630951231019052,nan,nan,25.84248574027472,2067.3988592219775,nan,0,2.143699995940551,12.140500009991229
231,7.699999999999982,SEARCH,0,0,0,0,14.319571199844674,-3.0658319758513466,-11.719014210969577,-5.893065093783085,-11.717154058160633,-5.893937556350944,nan,nan,26.189869097330448,2095.189527786436,nan,0,2.825799980200827,10.982800013152882
232,7.733333333333316,SEARCH,0,0,0,0,14.349259535699684,-3.0072738580577862,-12.006554593309579,-6.167169935813259,-12.000452511082722,-6.172585636445241,nan,nan,26.539150770187586,2123.1320616150065,nan,0,2.216900000348687,11.124500015284866
233,7.766666666666649,SEARCH,0,0,0,0,14.378623250885614,-2.9484665394343317,-12.284180893833323,-6.45108207845762,-12.286898179594898,-6.454092562665649,nan,nan,26.89497066319597,2151.5976530556777,nan,0,2.395899995462969,11.610499990638345
234,7.799999999999982,SEARCH,0,0,0,0,14.407661644757528,-2.889412201570704,-12.551602092443,-6.744452966052678,-12.555159097903468,-6.736358377334953,nan,nan,27.235871516808437,2178.869721344675,nan,0,2.3438000062014908,10.985200002323836
235,7.833333333333315,SEARCH,0,0,0,0,14.43637402443295,-2.830113035220392,-12.808536182765032,-7.046920367082101,-12.808935359539785,-7.0553614874862625,nan,nan,27.570992145945127,2205.67937167561,nan,0,2.4763000255916268,11.450699996203184
236,7.8666666666666485,SEARCH,0,0,0,0,14.4647597048084,-2.7705712402193345,-13.054711487992245,-7.358109853938932,-13.047828583219777,-7.364250383399736,nan,nan,27.893447301777453,2231.475784142196,nan,0,2.35280001652427,11.817099992185831
237,7.899999999999982,SEARCH,0,0,0,0,14.492818008575737,-2.7107890254043285,-13.289867732829872,-7.677636101866698,-13.291184830705697,-7.677201189397368,nan,nan,28.224387744570418,2257.9510195656335,nan,0,1.9372999959159642,10.518399998545647
238,7.933333333333315,SEARCH,0,0,0,0,14.520548266238327,-2.6507686085310826,-13.513756916298888,-8.005104042765373,-13.515115217133067,-7.985298643162636,nan,nan,28.538669163842073,2283.0935331073656,nan,0,2.840400004060939,13.334799994481727
239,7.966666666666648,SEARCH,0,0,0,0,14.547949816127014,-2.5905122161919465,-13.726144021263355,-8.340109902285432,-13.72675833426468,-8.332407731948155,nan,nan,28.851836771749696,2308.1469417399753,nan,0,2.445699996314943,13.145600009011105
240,7.999999999999981,SEARCH,0,0,0,0,14.575022004415908,-2.5300220837333125,-13.926807589442042,-8.68224214282687,-13.913249325019155,-8.692526916386232,nan,nan,29.147179437331197,2331.774354986496,nan,0,2.582099987193942,12.187199987238273
241,8.033333333333315,SEARCH,0,0,0,0,14.601764185137986,-2.469300455172685,-14.115540184982395,-9.031082330418783,-14.107282565325264,-9.036482502085033,nan,nan,29.450589898295288,2356.047191863623,nan,0,2.2441000037360936,13.20859999395907
242,8.066666666666649,SEARCH,0,0,0,0,14.628175720200502,-2.4083495831154513,-14.292148765131858,-9.386205939745972,-14.293859291649749,-9.382727449988879,nan,nan,29.751068146482165,2380.085451718573,nan,0,2.830299985362217,13.049800007138401
243,8.099999999999982,SEARCH,0,0,0,0,14.654255979400224,-2.3471717286712597,-14.456454972909732,-9.747183108625636,-14.458694891366964,-9.741580669932077,nan,nan,30.03732997445515,2402.986397956412,nan,0,2.178399998228997,12.397900020005181
244,8.133333333333315,SEARCH,0,0,0,0,14.680004340438456,-2.285769161370247,-14.608295363779712,-10.113579350870396,-14.601256703391087,-10.117819754862484,nan,nan,30.310613072254277,2424.8490457803423,nan,0,5.52200002130121,11.895999981788918
245,8.166666666666648,SEARCH,0,0,0,0,14.705420188935896,-2.2241441590787163,-14.747521576002978,-10.484956234584294,-14.743620177867674,-10.486048007987874,nan,nan,30.58602677260069,2446.882141808055,nan,0,1.9850999815389514,14.872100000502542
246,8.199999999999982,SEARCH,0,0,0,0,14.730502918447296,-2.16229900791473,-14.874000452497766,-10.860872031430791,-14.880450168944988,-10.855119782996855,nan,nan,30.860552097644753,2468.8441678115805,nan,0,3.2247999915853143,11.767500021960586
247,8.233333333333315,SEARCH,0,0,0,0,14.755251930475927,-2.100236002163263,-14.987614120549976,-11.24088234120945,-14.990536970898912,-11.23428842114345,nan,nan,31.116601211537102,2489.3280969229686,nan,0,2.3745000071357936,12.410399998771027
248,8.266666666666648,SEARCH,0,0,0,0,14.77966663448786,-2.0379574441910924,-15.08826003453616,-11.62454069512016,-15.091460415235698,-11.622458111541617,nan,nan,31.371115444994448,2509.689235599556,nan,0,1.947000011568889,13.428799982648343
249,8.299999999999981,SEARCH,0,0,0,0,14.803746447926068,-1.9754656443613925,-15.175850985875341,-12.011399140331369,-15.178164051944261,-12.019910287231165,nan,nan,31.61970628272676,2529.5765026181407,nan,0,2.8205000271555036,12.332399986917153
250,8.333333333333314,SEARCH,0,0,0,0,14.82749079622431,-1.9127629209480217,-15.2503150836716,-12.401008807862743,-15.249104581257704,-12.399083884533,nan,nan,31.852229385901612,2548.178350872129,nan,0,2.3079999955371022,13.441000017337501
251,8.366666666666648,SEARCH,0,0,0,0,14.850899112820848,-1.8498516000495338,-15.311595708907277,-12.792920465311804,-15.322097209556587,-12.782518767579155,nan,nan,32.092567963099846,2567.4054370479876,nan,0,2.5357999838888645,12.367399991489947
252,8.39999999999998,SEARCH,0,0,0,0,14.873970839171973,-1.7867340155028382,-15.35965144456601,-13.186685055573141,-15.366540097477603,-13.182640528046226,nan,nan,32.31648475549672,2585.318780439737,nan,0,2.581199980340898,11.98310000472702
253,8.433333333333314,SEARCH,0,0,0,0,14.896705424765315,-1.7234125087967218,-15.394455983681615,-13.58185422239801,-15.38585329116148,-13.582510633914575,nan,nan,32.52186296516126,2601.749037212901,nan,0,2.2545999963767827,11.351199995260686
254,8.466666666666647,SEARCH,0,0,0,0,14.919102327132997,-1.6598894289848598,-15.415998017003021,-13.977980823405174,-15.413074786572075,-13.971816775964104,nan,nan,32.735676615192624,2618.85412921541,nan,0,2.2093000006861985,12.133800017181784
255,8.49999999999998,SEARCH,0,0,0,0,14.941161011864567,-1.5961671325987714,-15.424281101721842,-14.374619430968238,-15.424206094220017,-14.364118302523353,nan,nan,32.940493265354455,2635.2394612283565,nan,0,1.9112000009045005,11.705200013238937
256,8.533333333333314,SEARCH,0,0,0,0,14.962880952619756,-1.5322479835603513,-15.4193235125148,-14.77132682125976,-15.418935283858216,-14.762865072163706,nan,nan,33.1376520950468,2651.012167603744,nan,0,2.1066999761387706,12.22930001677014
257,8.566666666666647,SEARCH,0,0,0,0,14.98426163114103,-1.4681343530941895,-15.401158075998458,-15.167662451620409,-15.391607942741496,-15.16441040804558,nan,nan,33.32088579469275,2665.6708635754203,nan,0,2.4951999948825687,11.089300009189174
258,8.59999999999998,SEARCH,0,0,0,0,15.005302537265965,-1.4038286196396,-15.369831989570248,-15.563188926335279,-15.36584616451354,-15.569220857147808,nan,nan,33.51216213120336,2680.9729704962688,nan,0,2.449199993861839,13.371300010476261
259,8.633333333333313,SEARCH,0,0,0,0,15.026003168939413,-1.3393331687623897,-15.325406625511453,-15.957472450834395,-15.335413095718655,-15.960146126678975,nan,nan,33.6984238377142,2695.8739070171364,nan,0,2.167900005588308,11.387300008209422
260,8.666666666666647,SEARCH,0,0,0,0,15.046363032225484,-1.2746503930663682,-15.267957321149314,-16.350083274285726,-15.281846965528601,-16.344727901114062,nan,nan,33.866023648583784,2709.2818918867024,nan,0,2.1994999842718244,13.693699991563335
261,8.69999999999998,SEARCH,0,0,0,0,15.06638164131933,-1.209782692104545,-15.197573155812762,-16.740596120513825,-15.19583230283706,-16.74586429244783,nan,nan,34.017222465898335,2721.377797271867,nan,0,2.3517000081483275,12.179199984529987
262,8.733333333333313,SEARCH,0,0,0,0,15.08605851855874,-1.1447324722902135,-15.114356715266206,-17.128590607152354,-15.107366116342403,-17.134291127943754,nan,nan,34.16590225921218,2733.272180736975,nan,0,2.3050000017974526,12.80979998409748
263,8.766666666666646,SEARCH,0,0,0,0,15.105393194435537,-1.0795021468075463,-15.018423844265621,-17.513651652922448,-15.01780959315624,-17.505136378911068,nan,nan,34.310476623171944,2744.838129853755,nan,0,2.0161999855190516,11.798399995313957
264,8.79999999999998,SEARCH,0,0,0,0,15.124385207606776,-1.014094135522182,-14.90990338784886,-17.895369872919087,-14.914519317493784,-17.888848326211917,nan,nan,34.454217652767966,2756.3374122214377,nan,0,2.7160999889019877,13.203100010287017
265,8.833333333333313,SEARCH,0,0,0,0,15.143034104905757,-0.9485108648914018,-14.788936921945956,-18.27334196178328,-14.792116870222072,-18.272137356695872,nan,nan,34.58643229260928,2766.9145834087426,nan,0,2.7529000071808696,12.000099988654256
266,8.866666666666646,SEARCH,0,0,0,0,15.16133944135284,-0.8827547678741272,-14.655678473873934,-18.618673569426626,-14.649583578125245,-18.621547626563647,nan,nan,34.68942062584417,2775.1536500675334,nan,0,2.198900008806959,11.333300004480407
267,8.899999999999979,SEARCH,0,0,0,0,15.179300780166056,-0.8168282838406631,-14.510294233263096,-18.8949388555413,-14.508991428205364,-18.8965346337323,nan,nan,34.76018521164637,2780.81481693171,nan,0,2.5863000191748142,11.770799988880754
268,8.933333333333312,SEARCH,0,0,0,0,15.196917692771528,-0.7507338584822039,-14.352962253947231,-19.115951084433043,-14.368240768989947,-19.10834646506024,nan,nan,34.80086975180734,2784.0695801445872,nan,0,2.5613999750930816,11.419800022849813
269,8.966666666666645,SEARCH,0,0,0,0,15.214189758813712,-0.684473943720115,-14.183872147337912,-19.292760867546434,-14.187420606303093,-19.28288925509427,nan,nan,34.790167348785495,2783.2133879028397,nan,0,2.369399997405708,11.880299978656694
270,8.999999999999979,SEARCH,0,0,0,0,15.231116566165408,-0.6180509976149251,-14.003224767792455,-19.434208694037146,-13.999649023605294,-19.44300088923242,nan,nan,34.768036979185815,2781.4429583348656,nan,0,2.9975000070407987,12.646799994399771
271,9.033333333333312,SEARCH,0,0,0,0,15.247697710937606,-0.5514674842752445,-13.811231890475927,-19.547366955229716,-13.806820265593393,-19.5561509196513,nan,nan,34.718050165978795,2777.4440132783034,nan,0,2.2560999786946923,13.84870000765659
272,9.066666666666645,SEARCH,0,0,0,0,15.263932797489117,-0.4847258737662177,-13.608115882209322,-19.637893564183774,-13.612558917596973,-19.63722937056842,nan,nan,34.65068778489766,2772.0550227918134,nan,0,2.385599975241348,13.634800008730963
273,9.099999999999978,SEARCH,0,0,0,0,15.27982143843602,-0.41782864201799974,-13.394109365788424,-19.710314851347018,-13.397309236304972,-19.710434571264116,nan,nan,34.562732346811835,2765.018587744947,nan,0,2.830099983839318,12.744400009978563
274,9.133333333333312,SEARCH,0,0,0,0,15.295363254660892,-0.3507782707338549,-13.169454878250864,-19.768251881077614,-13.162307978910878,-19.77206248782823,nan,nan,34.453233994491974,2756.258719559358,nan,0,2.1485999750439078,12.143700005253777
275,9.166666666666645,SEARCH,0,0,0,0,15.310557875321875,-0.28357724729810174,-12.934404523562167,-19.81460150486209,-12.928320677249374,-19.820456408594026,nan,nan,34.33837371323732,2747.069897058985,nan,0,2.1570000099018216,11.754499981179833
276,9.199999999999978,SEARCH,0,0,0,0,15.325404937861505,-0.21622806468384193,-12.689219620184993,-19.851681203889672,-12.68765215291104,-19.845822503518306,nan,nan,34.20602791035526,2736.4822328284204,nan,0,2.929000009316951,12.061999994330108
277,9.233333333333311,SEARCH,0,0,0,0,15.33990408801537,-0.14873322136047262,-12.434170343989424,-19.881344963111736,-12.440145035109046,-19.87310916467526,nan,nan,34.07025294353449,2725.620235482759,nan,0,2.3840999929234385,12.6929999969434
278,9.266666666666644,SEARCH,0,0,0,0,15.354054979820571,-0.08109522120101342,-12.16953536695574,-19.90507597048939,-12.156554007839777,-19.904343985997286,nan,nan,33.90862424904519,2712.689939923615,nan,0,2.5676999939605594,11.115300003439188
279,9.299999999999978,SEARCH,0,0,0,0,15.367857275623964,-0.01331657338916914,-11.895601492114691,-19.92406077639151,-11.887125425041857,-19.930907753706837,nan,nan,33.757140288239185,2700.5712230591353,nan,0,2.486800018232316,11.283100000582635
280,9.33333333333331,SEARCH,0,0,0,0,15.381310646090222,0.05460020767364515,-11.612663285163748,-19.939248621113208,-11.607125486011501,-19.938992815393878,nan,nan,33.587489439203225,2686.999155136258,nan,0,2.3167000035755336,9.9904999951832
281,9.366666666666644,SEARCH,0,0,0,0,15.394414770209698,0.1226526024617196,-11.32102270319128,-19.951398896890566,-11.32354501939182,-19.943849006960143,nan,nan,33.414276322549526,2673.1421058039623,nan,0,2.3769000254105777,9.897499985527247
282,9.399999999999977,SEARCH,0,0,0,0,15.407169335306074,0.19083808641840916,-11.020988720933731,-19.961119117512453,-11.019364750886233,-19.96209224877888,nan,nan,33.23405339262725,2658.72427141018,nan,0,2.529799996409565,9.002000006148592
283,9.43333333333331,SEARCH,0,0,0,0,15.419574037043839,0.2591541300498381,-10.712876954984113,-19.96889529400996,-10.70456098031778,-19.975533047627767,nan,nan,33.044106820790454,2643.5285456632364,nan,0,2.299200015841052,9.456200001295656
284,9.466666666666644,SEARCH,0,0,0,0,15.431628579435525,0.3275981990187229,-10.397009286362975,-19.97511623520797,-10.390830919619818,-19.97226080822065,nan,nan,32.84636494795354,2627.7091958362835,nan,0,2.6694000116549432,9.801100008189678
285,9.499999999999977,SEARCH,0,0,0,0,15.443332674848795,0.3961677542383941,-10.073713481855801,-19.980092988166376,-10.08092296205565,-19.96667206281754,nan,nan,32.65169017421804,2612.1352139374435,nan,0,2.3354000004474074,9.321899997303262
286,9.53333333333331,SEARCH,0,0,0,0,15.454686044013295,0.4648602519669871,-9.743322814513464,-19.984074390533102,-9.748757692675477,-19.97912146749917,nan,nan,32.45258024771378,2596.2064198171024,nan,0,2.6197000115644187,9.162800008198246
287,9.566666666666643,SEARCH,0,0,0,0,15.465688416027314,0.5336731439017992,-9.406175683704724,-19.987259512426483,-9.406406854765027,-19.99091475138341,nan,nan,32.2471678047958,2579.7734243836644,nan,0,2.2455999860540032,9.511200012639165
288,9.599999999999977,SEARCH,0,0,0,0,15.476339528364253,0.6026038772738729,-9.062615235102085,-19.989807609941188,-9.064885688658723,-19.9922291596668,nan,nan,32.03777275298811,2563.021820239049,nan,0,2.1844000148121268,11.031700007151812
289,9.63333333333331,SEARCH,0,0,0,0,15.486639126878888,0.6716498949425875,-8.712988980974439,-19.99184608795295,-8.7216452905785,-19.98548899613905,nan,nan,31.82386559803739,2545.909247842991,nan,0,2.4215000157710165,8.824199991067871
290,9.666666666666643,SEARCH,0,0,0,0,15.496586965813439,0.7408086354906622,-8.357648421151941,-19.99347687036236,-8.363527925156115,-19.986746151111515,nan,nan,31.605958457889898,2528.476676631192,nan,0,2.608599985251203,9.379500028444454
291,9.699999999999976,SEARCH,0,0,0,0,15.506182807803421,0.8100775333190682,-7.9969486650203025,-19.99478149628989,-7.992778305773462,-19.999957446241623,nan,nan,31.38883128228794,2511.1065025830353,nan,0,2.279500011354685,9.023899998283014
292,9.73333333333331,SEARCH,0,0,0,0,15.515426423883325,0.8794540187422544,-7.6312480548934385,-19.995825197031913,-7.628201459531029,-20.008704424425538,nan,nan,31.175995168604263,2494.0796134883412,nan,0,3.0289999849628657,9.54289999208413
293,9.766666666666643,SEARCH,0,0,0,0,15.524317593492066,0.9489355180834647,-7.260907791105028,-19.99666015762553,-7.2564204793089555,-19.996107753329827,nan,nan,30.94603148681493,2475.6825189451947,nan,0,2.6024999970104545,9.975499997381121
294,9.799999999999976,SEARCH,0,0,0,0,15.532856104478254,1.018519453770217,-6.8862915591508775,-19.997328126100424,-6.893248134906038,-20.000425338826968,nan,nan,30.73639848046577,2458.9118784372617,nan,0,2.59580000420101,11.415400018449873
295,9.833333333333309,SEARCH,0,0,0,0,15.541041753105256,1.0882032444299221,-6.507765159205401,-19.997862500880338,-6.506035688980388,-19.999788698830354,nan,nan,30.50863857887356,2440.6910863098847,nan,0,2.1994000126142055,10.021199996117502
296,9.866666666666642,SEARCH,0,0,0,0,15.548874344056056,1.1579843049856353,-6.125696138326768,-19.99829000070427,-6.118232463501057,-20.009405989526858,nan,nan,30.290624445367737,2423.2499556294188,nan,0,2.1112999820616096,8.904000016627833
297,9.899999999999975,SEARCH,0,0,0,0,15.55635369043791,1.227860046751998,-5.740453425656463,-19.998632000563415,-5.73871164287043,-19.997872241141256,nan,nan,30.066784309386744,2405.3427447509393,nan,0,2.079900004900992,9.16370001505129
298,9.933333333333309,SEARCH,0,0,0,0,15.563479613786816,1.297827877531207,-5.352406970909962,-19.998905600450733,-5.356393350281745,-19.99676479046693,nan,nan,29.851310887944717,2388.104871035577,nan,0,3.141299996059388,8.908599993446842
299,9.966666666666642,SEARCH,0,0,0,0,15.570251944071764,1.3678852017092225,-4.961927386446368,-19.999124480360585,-4.957378588051387,-19.992874273256497,nan,nan,29.625422538939294,2370.0338031151437,nan,0,2.221400005510077,9.792199998628348
300,9.999999999999975,SEARCH,0,0,0,0,15.576670519698798,1.4380294203520427,-4.569385593195775,-19.99929958428847,-4.556504734647742,-20.006353869417975,nan,nan,29.414389684316067,2353.151174745285,nan,0,2.306600013980642,9.594200004357845
301,10.033333333333308,SEARCH,0,0,0,0,15.582735187514867,1.5082579313021238,-4.175152470713984,-19.999439667430774,-4.163995973393046,-20.00310643116608,nan,nan,29.200551163908514,2336.044093112681,nan,0,2.26979999570176,8.697800018126145
302,10.066666666666642,SEARCH,0,0,0,0,15.588445802811487,1.5785681292749065,-3.7795985116250983,-19.99955173394462,-3.7839252912479218,-19.992467359930927,nan,nan,28.993073895027518,2319.4459116022012,nan,0,2.266700001200661,8.38300000759773
303,10.099999999999975,SEARCH,0,0,0,0,15.593802229328181,1.648957405955469,-3.383093480703371,-19.999641387155698,-3.380300686782445,-19.990766723339938,nan,nan,28.780101491536954,2302.4081193229563,nan,0,2.32020000112243,8.173400012310594
304,10.133333333333308,SEARCH,0,0,0,0,15.598804339255745,1.7194231500952866,-2.98600607883645,-19.99971310972456,-2.9764894674800977,-20.004574447088082,nan,nan,28.58275024571617,2286.6200196572936,nan,0,2.540100016631186,8.281999995233491
305,10.166666666666641,SEARCH,0,0,0,0,15.60345201323929,1.7899627476090914,-2.5887036121030347,-19.99977048777965,-2.57960945510562,-20.010028664435506,nan,nan,28.387732384373844,2271.0185907499076,nan,0,2.354600001126528,9.804200002690777
306,10.199999999999974,SEARCH,0,0,0,0,15.607745140381088,1.8605735816718907,-2.191551666188645,-19.99981639022372,-2.1976947099939657,-19.994819264559773,nan,nan,28.190279968961608,2255.2223975169286,nan,0,2.2551000001840293,9.039099997607991
307,10.233333333333308,SEARCH,0,0,0,0,15.611683618243223,1.9312530328159798,-1.7949137863541358,-19.999853112178975,-1.802852367119014,-19.995449389674235,nan,nan,28.000827536162472,2240.066202892998,nan,0,2.168500010157004,10.862700000870973
308,10.26666666666664,SEARCH,0,0,0,0,15.615267352850033,2.0019984790281597,-1.3991511631622882,-19.99988248974318,-1.3916923406174526,-20.010501776544974,nan,nan,27.817024382863725,2225.361950629098,nan,0,2.302300010342151,12.004799995338544
309,10.299999999999974,SEARCH,0,0,0,0,15.618496258690353,2.0728072958469967,-1.004622324158758,-19.99990599179454,-0.9953365588324432,-20.015854347508167,nan,nan,27.639254948048563,2211.140395843885,nan,0,2.5476000155322254,10.354700003517792
310,10.333333333333307,SEARCH,0,0,0,0,15.621370258719555,2.1436768564601794,-0.6116828316943959,-19.999924793435632,-0.6134464059903265,-19.996361327143887,nan,nan,27.454518078236006,2196.3614462588807,nan,0,3.2873000018298626,14.376999984961003
311,10.36666666666664,SEARCH,0,0,0,0,15.623889284361384,2.2146045318019723,-0.22068498706696477,-19.999939834748506,-0.23114532202675314,-19.98439617803351,nan,nan,27.279621604506204,2182.369728360496,nan,0,2.8332999791018665,17.573799996171147
312,10.399999999999974,SEARCH,0,0,0,0,15.626053275509598,2.2855876906507406,0.16802245884883416,-19.999951867798806,0.16563402572139402,-19.993745367999754,nan,nan,27.11813498228627,2169.450798582902,nan,0,3.560000011930242,13.884299987694249
313,10.433333333333307,SEARCH,0,0,0,0,15.627862180529402,2.3566236997265655,0.5540945883231354,-19.999961494239045,0.5643545942705374,-20.010007032449384,nan,nan,26.96619051907028,2157.2952415256227,nan,0,3.0944999889470637,19.230600009905174
314,10.46666666666664,SEARCH,0,0,0,0,15.629315956258678,2.4277099237889184,0.9371905926934496,-19.999969195391238,0.9373284489561634,-20.00238325169396,nan,nan,26.81349616845175,2145.07969347614,nan,0,2.9996999946888536,17.813599988585338
315,10.499999999999973,SEARCH,0,0,0,0,15.630414568009014,2.498843725734466,1.3169740413459794,-19.99997535631299,1.3072522068387564,-19.992083939543583,nan,nan,26.66448588045931,2133.158870436745,nan,0,2.519600006053224,14.35230000060983
316,10.533333333333307,SEARCH,0,0,0,0,15.631157989566537,2.570022466694833,1.6931131436223898,-19.99998028505039,1.690581457362276,-19.990694347591038,nan,nan,26.520286899365274,2121.622951949222,nan,0,3.081300004851073,14.160799997625872
317,10.56666666666664,SEARCH,0,0,0,0,15.631546203192531,2.6412435061345425,2.065281003527543,-19.99998422804031,2.0737290276916194,-20.001237004168,nan,nan,26.391216914415637,2111.297353153251,nan,0,3.3663999929558486,18.28319998458028
318,10.599999999999973,SEARCH,0,0,0,0,15.631579199623868,2.712504201948959,2.433155867122323,-19.99998738243225,2.435428367002566,-20.00974470505866,nan,nan,26.276205817988657,2102.0964654390928,nan,0,3.601099975639954,14.290600025560707
319,10.633333333333306,SEARCH,0,0,0,0,15.63125697807322,2.783801910562306,2.7964213624942804,-19.9999899059458,2.7850102621628268,-19.995806633262855,nan,nan,26.1521819375736,2092.174555005888,nan,0,4.913500015391037,22.293199988780543
320,10.66666666666664,SEARCH,0,0,0,0,15.63057954622909,2.8551339870257326,3.1547667322072863,-19.99999192475664,3.1513953846299962,-19.991269908033875,nan,nan,26.032445299573773,2082.5956239659017,nan,0,4.721500008599833,25.171999994199723
321,10.699999999999973,SEARCH,0,0,0,0,15.629546920255613,2.926497785115426,3.5078870581397785,-19.99999353980531,3.515179556359429,-20.00891007064633,nan,nan,25.938211776018235,2075.0569420814586,nan,0,3.821799997240305,18.143099994631484
322,10.733333333333306,SEARCH,0,0,0,0,15.628159124792187,2.997890657430829,3.855483478629469,-19.999994831844248,3.8654936598397236,-20.004708469635858,nan,nan,25.83563170199085,2066.850536159268,nan,0,4.500799986999482,19.83989999280311
323,10.766666666666639,SEARCH,0,0,0,0,15.626416192952874,3.069309955492738,4.197263397850526,-19.999995865475398,4.194810991306778,-19.995842527641763,nan,nan,25.74262722716055,2059.410178172844,nan,0,2.6698999863583595,19.810199999483302
324,10.799999999999972,SEARCH,0,0,0,0,15.62431816632561,3.1407530298417,4.532940687357363,-19.999996692380318,4.5225972657548645,-19.997227327398793,nan,nan,25.663482654663536,2053.078612373083,nan,0,3.484600019874051,14.880799979437143
325,10.833333333333306,SEARCH,0,0,0,0,15.621865094971218,3.212217230136186,4.862235879737052,-19.999997353904256,4.867462355769776,-20.006014242702744,nan,nan,25.587955193865564,2047.0364155092452,nan,0,4.435399983776733,18.614300002809614
326,10.866666666666639,SEARCH,0,0,0,0,15.619057037422209,3.2836999052509617,5.184876354320275,-19.999997883123406,5.194438688233948,-20.012951700750317,nan,nan,25.522669213419558,2041.8135370735647,nan,0,3.7398000131361187,17.919499980052933
327,10.899999999999972,SEARCH,0,0,0,0,15.615894060681393,3.3551984033754283,5.500596514908342,-19.999998306498725,5.504627027929696,-20.00635496593904,nan,nan,25.455842096362467,2036.4673677089972,nan,0,4.293300007702783,19.3884999898728
328,10.933333333333305,SEARCH,0,0,0,0,15.612376240220266,3.4267100721119976,5.8091379594814585,-19.99999864519898,5.809549581805498,-19.991522475662308,nan,nan,25.38718232015052,2030.9745856120417,nan,0,2.776100009214133,20.170000003417954
329,10.966666666666638,SEARCH,0,0,0,0,15.608503659977226,3.4982322585744874,6.110249641860864,-19.999998916159182,6.1080038976372295,-19.990985298911887,nan,nan,25.33777490619783,2027.0219924958262,nan,0,3.594799985876307,16.046400007326156
330,10.999999999999972,SEARCH,0,0,0,0,15.604276412355555,3.5697623094865256,6.403688025304729,-19.999999132927346,6.400155612634346,-20.000778932402678,nan,nan,25.30387824289906,2024.3102594319248,nan,0,3.8002999790478498,19.713600020622835
331,11.033333333333305,SEARCH,0,0,0,0,15.599694598221225,3.6412975712800337,6.689217228024914,-19.999999306341877,6.690259047676384,-20.005434531874684,nan,nan,25.26946736652121,2021.5573893216965,nan,0,3.573299996787682,16.63830000325106
332,11.066666666666638,SEARCH,0,0,0,0,15.594758326900488,3.71283539019355,6.9666091606187495,-19.999999445073502,6.956670689998168,-19.997064433265635,nan,nan,25.234419106872156,2018.7535285497725,nan,0,2.6329999964218587,11.569700000109151
333,11.099999999999971,SEARCH,0,0,0,0,15.589467716177264,3.784373112370824,7.235643655416826,-19.999999556058803,7.225565214791294,-20.001915905525873,nan,nan,25.21393286053573,2017.1146288428588,nan,0,3.1393999815918505,15.803600021172315
334,11.133333333333304,SEARCH,0,0,0,0,15.583822892290334,3.8559080839591524,7.496108587754599,-19.999999644847044,7.496451471876454,-20.008275684261495,nan,nan,25.19731817902717,2015.7854543221736,nan,0,3.759000013815239,17.871999996714294
335,11.166666666666638,SEARCH,0,0,0,0,15.577823989930327,3.927437651207881,7.747799989182212,-19.999999715877635,7.755550071451426,-20.00665534992297,nan,nan,25.1799280587236,2014.3942446978879,nan,0,3.2703999895602465,14.92270000744611
336,11.19999999999997,SEARCH,0,0,0,0,15.571471152236509,3.9989591605668413,7.99052215263335,-19.999999772702107,7.983299493354794,-19.992978143888063,nan,nan,25.163334531527227,2013.0667625221781,nan,0,3.9843999838922173,16.83110001613386
337,11.233333333333304,SEARCH,0,0,0,0,15.56476453079336,4.070469958784792,8.224087729580308,-19.94106981516967,8.217518245354396,-19.930192889722107,nan,nan,25.100076596428863,2008.0061277143088,nan,0,3.1731000053696334,18.77779999631457
338,11.266666666666637,SEARCH,0,0,0,0,15.557704285626967,4.141967393007844,8.448317819208565,-19.822994419359823,8.460090324049347,-19.825955269129445,nan,nan,24.996748602283777,1999.7398881827019,nan,0,3.157999977702275,14.845300000160933
339,11.29999999999997,SEARCH,0,0,0,0,15.550290585201195,4.213448810877866,8.663042049650187,-19.6565664673736,8.669235891077005,-19.670575777927976,nan,nan,24.855493241177303,1988.4394592941844,nan,0,4.111899994313717,18.197900004452094
340,11.333333333333304,SEARCH,0,0,0,0,15.542523606413678,4.284911560630932,8.868098651321223,-19.450480242122044,8.863168297848475,-19.450643021213068,nan,nan,24.657460101270647,1972.5968081016517,nan,0,2.7196999872103333,12.998600024729967
341,11.366666666666637,SEARCH,0,0,0,0,15.534403534591588,4.3563529911955765,9.063334522413923,-19.211751657503093,9.055449236082667,-19.210601484125828,nan,nan,24.44132140544039,1955.3057124352315,nan,0,3.428600000916049,16.864599980181083
342,11.39999999999997,SEARCH,0,0,0,0,15.525930563487226,4.427770452291292,9.248605286600212,-18.946054389865726,9.246472972092945,-18.94571631486085,nan,nan,24.20230301637337,1936.1842413098695,nan,0,3.3358999935444444,19.523599999956787
343,11.433333333333303,SEARCH,0,0,0,0,15.517104895273379,4.49916129452673,9.423775343008131,-18.65798873070316,9.425210441893245,-18.67302198511469,nan,nan,23.959575454845126,1916.76603638761,nan,0,4.328800016082823,17.8371999936644
344,11.466666666666637,SEARCH,0,0,0,0,15.507926740538517,4.570522869498039,9.588717908538277,-18.351296616567748,9.58092575556651,-18.354713686030642,nan,nan,23.679016276078862,1894.321302086309,nan,0,4.169799998635426,18.826299987267703
345,11.49999999999997,SEARCH,0,0,0,0,15.498396318281756,4.641852529887103,9.743315052592251,-18.02903360104015,9.733766420577478,-18.026670836462483,nan,nan,23.390017303718338,1871.201384297467,nan,0,1.8210000125691295,12.426899978891015
346,11.533333333333303,SEARCH,0,0,0,0,15.48851385590763,4.713147629559748,9.8874577242901,-17.69370638065637,9.882340270935563,-17.69476776013248,nan,nan,23.098568232175005,1847.8854585740003,nan,0,3.2321999897249043,15.337999997427687
347,11.566666666666636,SEARCH,0,0,0,0,15.478279589220683,4.784405523663909,10.0210457722584,-17.347382764352226,10.027172640829972,-17.360801888475407,nan,nan,22.806244282859545,1824.4995426287635,nan,0,2.9681000160053372,13.130699982866645
348,11.59999999999997,SEARCH,0,0,0,0,15.467693762419817,4.855623568727734,10.143987957075284,-16.991779598108785,10.150492339310517,-16.998677449133584,nan,nan,22.491845276748855,1799.3476221399085,nan,0,4.219200025545433,16.32119997520931
349,11.633333333333303,SEARCH,0,0,0,0,15.456756628092483,4.926799122757702,10.256201956463077,-16.628333054180292,10.247888194878971,-16.621297427089353,nan,nan,22.16873418298976,1773.4987346391808,nan,0,4.432400019140914,21.40769999823533
350,11.666666666666636,SEARCH,0,0,0,0,15.445468447208649,4.99792954533652,10.35761436332353,-16.258254812444015,10.34629699965309,-16.255128150215306,nan,nan,21.856212180110727,1748.4969744088583,nan,0,3.1027999939396977,14.686500013340265
351,11.699999999999969,SEARCH,0,0,0,0,15.433829489114574,5.069012197721221,10.448160676714668,-15.882576955936496,10.455303299920935,-15.887963255291838,nan,nan,21.540207593119405,1723.2166074495524,nan,0,4.471599997486919,15.414299996336922
352,11.733333333333302,SEARCH,0,0,0,0,15.421840031526376,5.140044442940938,10.527785285872293,-15.502187838259946,10.53053664303486,-15.504345927614866,nan,nan,21.21593039699569,1697.2744317596555,nan,0,3.003100020578131,20.483499974943697
353,11.766666666666636,SEARCH,0,0,0,0,15.409500360523415,5.211023645894784,10.596441447382892,-15.11786072903706,10.591361542519758,-15.112920972816312,nan,nan,20.887249376928246,1670.9799501542595,nan,0,2.2635000059381127,14.543800003593788
354,11.799999999999969,SEARCH,0,0,0,0,15.396810770541457,5.281947173449591,10.654091255618397,-14.73027668238703,10.647481105640422,-14.716724914129143,nan,nan,20.55487819308131,1644.390255446505,nan,0,2.011499978834763,16.504700004588813
355,11.833333333333302,SEARCH,0,0,0,0,15.383771564365658,5.352812394537587,10.700705606546661,-14.340042784430421,10.706248797774364,-14.338034327152078,nan,nan,20.238791066885803,1619.1032853508643,nan,0,3.0815000063739717,13.57139999163337
356,11.866666666666635,SEARCH,0,0,0,0,15.370383053123325,5.4236166802540495,10.736264155034862,-13.947706704657376,10.743688919457368,-13.951092420222418,nan,nan,19.919479193357052,1593.5583354685643,nan,0,1.832099980674684,8.901299996068701
357,11.899999999999968,SEARCH,0,0,0,0,15.356645556276515,5.49435740395472,10.760755265766168,-13.55376829105408,10.763605245438683,-13.55564547807422,nan,nan,19.595882963068856,1567.6706370455083,nan,0,4.241199989337474,22.012500005075708
358,11.933333333333302,SEARCH,0,0,0,0,15.342559401614382,5.565031941353397,10.774175957893062,-13.158688800930019,10.771937255797486,-13.14625139912478,nan,nan,19.261430659415932,1540.9144527532746,nan,0,3.074200008995831,23.158399999374524
359,11.966666666666635,SEARCH,0,0,0,0,15.328124925245392,5.6356376706191265,10.776531843553492,-12.762898241025479,10.782127132077546,-12.750894808607674,nan,nan,18.940186708296963,1515.214936663757,nan,0,2.6434999890625477,16.459799982840195
360,11.999999999999968,SEARCH,0,0,0,0,15.313342471589266,5.706171972473619,10.767837060378799,-12.366801195787476,10.772754450972018,-12.371536839454139,nan,nan,18.639219282518873,1491.1375426015097,nan,0,3.770499984966591,18.128100025933236
361,12.033333333333301,SEARCH,0,0,0,0,15.298212393368788,5.776632230288305,10.74811419812484,-11.970781446948134,10.738496926227272,-11.978058072588313,nan,nan,18.330849213616663,1466.4679370893327,nan,0,2.1348000154830515,20.80739999655634
362,12.066666666666634,SEARCH,0,0,0,0,15.28273505160138,5.847015830181457,10.717394219560187,-11.575205626935535,10.718743187492445,-11.573974939890695,nan,nan,18.00891282522606,1440.7130260180847,nan,0,1.9188000005669892,12.031200021738186
363,12.099999999999968,SEARCH,0,0,0,0,15.266910815590483,5.917320161115139,10.675716375747495,-11.180426100162574,10.674228114650875,-11.177446863012907,nan,nan,17.700954607046636,1416.076368563731,nan,0,3.3862999989651144,13.581500010332093
364,12.1333333333333,SEARCH,0,0,0,0,15.250740062916758,5.987542614992073,10.623128115856233,-10.786783227451059,10.625487045059952,-10.787345086793797,nan,nan,17.400856958400652,1392.0685566720522,nan,0,3.8754999986849725,15.940100012812763
365,12.166666666666634,SEARCH,0,0,0,0,15.234223179429065,6.057680586752431,10.559684991646957,-10.394607137816568,10.56213583415594,-10.39294544455646,nan,nan,17.101213319055436,1368.097065524435,nan,0,3.34100000327453,19.199700007447973
366,12.199999999999967,SEARCH,0,0,0,0,15.217360559235255,6.1277314744703695,10.485450556769107,-10.004219107013355,10.479202091340335,-9.994878489381195,nan,nan,16.80442494444157,1344.3539955553258,nan,0,4.504499986069277,19.83450000989251
367,12.2333333333333,SEARCH,0,0,0,0,15.200152604692777,6.197692679450704,10.400496261015945,-9.615932622376477,10.39919779248499,-9.606765324630807,nan,nan,16.51756822028101,1321.405457622481,nan,0,4.187699989415705,28.11810001730919
368,12.266666666666634,SEARCH,0,0,0,0,15.182599726399069,6.267561606325151,10.304901339681855,-9.230054197607913,10.310852285237198,-9.228567229610297,nan,nan,16.243889067288578,1299.5111253830862,nan,0,2.851100027328357,20.390499994391575
369,12.299999999999967,SEARCH,0,0,0,0,15.164702343181766,6.337335663148763,10.19875269816856,-8.84688398844005,10.205683189921006,-8.852560353851311,nan,nan,15.978886443356489,1278.3109154685192,nan,0,3.4653999900911003,21.05640000081621
370,12.3333333333333,SEARCH,0,0,0,0,15.146460882088698,6.407012261495969,10.082144791988101,-8.466716249938242,10.068027881449083,-8.465685057293793,nan,nan,15.715839375557438,1257.2671500445952,nan,0,3.1210000161081553,24.114100000588223
371,12.366666666666633,SEARCH,0,0,0,0,15.127875778377714,6.47658881655665,9.955179502311541,-8.08983966806599,9.939914039877118,-8.08628248188633,nan,nan,15.45937150906079,1236.7497207248632,nan,0,3.09649997507222,19.49340000282973
372,12.399999999999967,SEARCH,0,0,0,0,15.10894747550628,6.546062747232019,9.817966007213325,-7.716537591624682,9.812276860718393,-7.713442442632002,nan,nan,15.211449893462374,1216.91599147699,nan,0,3.232000017305836,19.765699980780482
373,12.4333333333333,SEARCH,0,0,0,0,15.089676425120912,6.615431476230358,9.670620648762148,-7.347088185469896,9.67648637159957,-7.353891474851086,nan,nan,14.981475570422067,1198.5180456337653,nan,0,2.852700010407716,15.756700013298541
374,12.466666666666633,SEARCH,0,0,0,0,15.070063087046389,6.684692430162686,9.513266796109866,-6.981764521737095,9.510190589771826,-6.982275711595511,nan,nan,14.754599295602155,1180.3679436481723,nan,0,3.930100006982684,18.963299982715398
375,12.499999999999966,SEARCH,0,0,0,0,15.05010792927479,6.753843039638106,9.346034704730592,-6.620834622473505,9.341198047332895,-6.606916748951856,nan,nan,14.529334264464298,1162.346741157144,nan,0,4.353500000433996,26.321500015910715
376,12.5333333333333,SEARCH,0,0,0,0,15.029811427954318,6.822880739359281,9.169061371962654,-6.264561464403272,9.161612514636298,-6.249708361417996,nan,nan,14.329282755393853,1146.342620431508,nan,0,2.925000007962808,18.48309999331832
377,12.566666666666633,SEARCH,0,0,0,0,15.009174067377947,6.891802968217432,8.982490389006404,-5.913202954416178,8.990523348056373,-5.921551228184615,nan,nan,14.156489757127083,1132.5191805701668,nan,0,4.248000012012199,22.222300001885742
378,12.599999999999966,SEARCH,0,0,0,0,14.988196339971859,6.960607169387504,8.78647178953115,-5.5670118826601005,8.791828396920128,-5.5696074401340905,nan,nan,13.978599852858924,1118.2879882287139,nan,0,4.4476000184658915,22.867499996209517
379,12.633333333333299,SEARCH,0,0,0,0,14.966878746283703,7.029290790422902,8.581161895044575,-5.226235858748223,8.577079130527123,-5.219876416588202,nan,nan,13.815630148308081,1105.2504118646466,nan,0,3.5327000077813864,14.58190000266768
380,12.666666666666632,SEARCH,0,0,0,0,14.94522179497064,7.097851283350234,8.366723157178054,-4.891117235496045,8.360266622958282,-4.883479919804404,nan,nan,13.671647011867272,1093.7317609493816,nan,0,3.1667999865021557,16.148800001246855
381,12.699999999999966,ACQUIRING,0,0,0,0,14.923226002787223,7.166286104763822,8.143323997041172,-4.561893023725459,8.15233893746079,-4.558673549562801,5.249573997041172,-2.3229710660535017,13.53955651219758,1083.1645209758065,1084.0680267427724,1,5.8908000064548105,18.701699998928234
382,12.733333333333299,ACQUIRING,0,0,0,0,14.900891894573043,7.234592715920044,7.831035948015401,-4.187495518581427,7.833365824196436,-4.191737184280948,5.249573997041172,-2.3229710660535017,13.435435971477823,1074.8348777182257,1086.6313821515341,0,3.6355000047478825,16.9836999848485
383,12.766666666666632,ACQUIRING,0,0,0,0,14.878220003240227,7.302768582831568,7.429859010100742,-3.8931816259671965,7.424094502372802,-3.8901233199188527,5.249573997041172,-2.3229710660535017,13.447855447220496,1075.8284357776397,1089.1925455516077,0,4.510600003413856,19.322700012708083
384,12.799999999999965,ACQUIRING,0,0,0,0,14.855210869760711,7.370811176361243,7.082283967617639,-3.643043528962229,7.072635921332066,-3.635024924157508,5.249573997041172,-2.3229710660535017,13.479499289639469,1078.3599431711573,1091.751397031847,0,3.9200999890454113,23.74120001331903
385,12.833333333333298,ACQUIRING,0,0,0,0,14.831865043153341,7.438717972316072,6.788939831904266,-3.431652951420455,6.797593872602891,-3.4292083457837763,5.249573997041172,-2.3229710660535017,13.515226069052098,1081.218085524168,1094.3078165100746,0,4.315199999837205,17.556200007675216
386,12.866666666666632,SEARCH,0,0,0,0,14.808183080470759,7.506486451540697,6.540919636896379,-3.2529408264483908,6.555341918551401,-3.256533711026878,nan,nan,13.562890188440907,1085.0312150752725,nan,0,5.230299982940778,21.079600002849475
387,12.899999999999965,SEARCH,0,0,0,0,14.784165546786125,7.574114100011,6.204010552999602,-3.1631175903652156,6.203976939283055,-3.1680167921525455,nan,nan,13.748200342033858,1099.8560273627086,nan,0,4.435100010596216,24.795199977234006
388,12.933333333333298,SEARCH,0,0,0,0,14.759813015179628,7.641598408927255,5.778212580213936,-3.162183243170929,5.768491572795199,-3.1581774408328087,nan,nan,14.052722856633254,1124.2178285306604,nan,0,4.791700019268319,19.760900002438575
389,12.966666666666631,SEARCH,0,0,0,0,14.735126066724806,7.708936874807248,5.263525718539382,-3.2501377848655313,5.2628257367813305,-3.2450371045031936,nan,nan,14.481506119187241,1158.5204895349793,nan,0,4.773399996338412,27.015100000426173
390,12.999999999999964,SEARCH,0,0,0,0,14.710105290474697,7.776126999579144,4.659949967975939,-3.4269812154490227,4.6721553165168075,-3.434629932370525,nan,nan,15.047973639893803,1203.8378911915042,nan,0,3.695399995194748,18.60010001109913
391,13.033333333333298,SEARCH,0,0,0,0,14.684751283447762,7.843166290674145,3.9674853285236065,-3.6927135349214026,3.966355397620829,-3.698200103782522,nan,nan,15.750782476321785,1260.0625981057428,nan,0,5.52489998517558,22.08779999637045
392,13.066666666666631,SEARCH,0,0,0,0,14.659064650613663,7.910052261119002,3.1861318001823853,-4.047334743282672,3.177136507657455,-4.042173135058168,nan,nan,16.573785500030834,1325.9028400024667,nan,0,4.5590999943669885,19.99880000948906
393,13.099999999999964,SEARCH,0,0,0,0,14.633046004878807,7.976782429628178,2.352798466849052,-4.49084484053283,2.3486250221917526,-4.4879086480323,nan,nan,17.500729200275934,1400.0583360220746,nan,0,2.3498999944422394,13.343600003281608
394,13.133333333333297,SEARCH,0,0,0,0,14.606695967071735,8.043354320696032,1.5194651335157183,-5.023243826671877,1.5292865797834039,-5.02600307954483,nan,nan,18.488556978249207,1479.0845582599366,nan,0,2.1940000005997717,15.878100006375462
395,13.16666666666663,SEARCH,0,0,0,0,14.580015165928302,8.109765464688508,0.686131800182385,-5.644531701699813,0.6830275445007512,-5.6495389700905605,nan,nan,19.55619399267254,1564.495519413803,nan,0,6.345000001601875,32.153200008906424
396,13.199999999999964,SEARCH,0,0,0,0,14.553004238076682,8.176013397934884,-0.14140640983073427,-6.354708465616637,-0.15102165390319747,-6.355061009808745,nan,nan,20.67269940949649,1653.8159527597193,nan,0,3.0338999931700528,18.390300014289096
397,13.233333333333297,SEARCH,0,0,0,0,14.525663828022163,8.24209566281908,-0.8800557309549646,-7.153774118422351,-0.883422151854306,-7.141870967319825,nan,nan,21.773983558652123,1741.9186846921698,nan,0,5.261299986159429,19.965700019383803
398,13.26666666666663,SEARCH,0,0,0,0,14.497994588131787,8.308009807870858,-1.529816163190306,-7.987107451755684,-1.5248422834966162,-7.988548685396867,nan,nan,22.8540832268396,1828.3266581471678,nan,0,3.751999989617616,20.473800017498434
399,13.299999999999963,SEARCH,0,0,0,0,14.469997178618769,8.373753387856766,-2.0906877065367584,-8.820440785089017,-2.082294190984284,-8.830342064021956,nan,nan,23.87381934047399,1909.905547237919,nan,0,3.651000006357208,17.976000002818182
400,13.333333333333297,SEARCH,0,0,0,0,14.441672267526757,8.439323963870835,-2.564864419866109,-9.564885229533461,-2.5678799503286145,-9.572784989587506,nan,nan,24.774198990143006,1981.9359192114405,nan,0,3.509599977405742,19.74519999930635
401,13.36666666666663,SEARCH,0,0,0,0,14.41302053071387,8.504719103425112,-3.0046753205356573,-10.220440785089016,-3.010116338966588,-10.218300867104825,nan,nan,25.575714558863872,2046.0571647091097,nan,0,3.8019999919924885,16.97630001581274
402,13.399999999999963,SEARCH,0,0,0,0,14.384042651836605,8.56993638053978,-3.4162781985436066,-10.787107451755682,-3.4171785701464095,-10.788011958800062,nan,nan,26.298548266064586,2103.883861285167,nan,0,2.5130999856628478,11.153100000228733
403,13.433333333333296,SEARCH,0,0,0,0,14.354739322333485,8.634973375833304,-3.8018904227984143,-11.26488522953346,-3.785035049200767,-11.272328452824109,nan,nan,26.93236121002831,2154.588896802265,nan,0,2.21789997885935,19.421400007558987
404,13.46666666666663,SEARCH,0,0,0,0,14.3251112414086,8.699827676612045,-4.160531789420515,-11.65377411842235,-4.154670634304487,-11.657348983636382,nan,nan,27.493944419644432,2199.5155535715544,nan,0,4.36779999290593,16.254000016488135
405,13.499999999999963,SEARCH,0,0,0,0,14.29515911601489,8.764496876959882,-4.488728188392155,-11.989034454559325,-4.499500244126798,-11.980493813852275,nan,nan,27.992746546661774,2239.4197237329417,nan,0,2.7074000099673867,17.846200003987178
406,13.533333333333296,SEARCH,0,0,0,0,14.264883660837294,8.828978577827375,-4.781185114331875,-12.33405768473994,-4.782454778559927,-12.32741547319787,nan,nan,28.467421921684362,2277.3937537347488,nan,0,1.7986999882850796,11.209199990844354
407,13.56666666666663,SEARCH,0,0,0,0,14.2342855982757,8.893270387120813,-5.031363837843536,-12.69430338028486,-5.021352964022376,-12.70833321990233,nan,nan,28.9380181566882,2315.041452535056,nan,0,4.2280000052414834,15.30479997745715
408,13.599999999999962,SEARCH,0,0,0,0,14.203365658427694,8.957369919790937,-5.232841777764573,-13.0677215678578,-5.233259604755237,-13.067382217982201,nan,nan,29.374684821317548,2349.9747857054035,nan,0,4.218500020215288,16.435999976238236
409,13.633333333333296,SEARCH,0,0,0,0,14.17212457907115,9.02127479792141,-5.381392010770774,-13.450294476931546,-5.386100724115768,-13.445529904640248,nan,nan,29.787270612684,2382.98164901472,nan,0,3.931399987777695,21.812799997860566
410,13.666666666666629,SEARCH,0,0,0,0,14.140563105646622,9.08498265081709,-5.474740574025116,-13.836820020899346,-5.4763670588934295,-13.829317964649587,nan,nan,30.164368413351834,2413.1494730681466,nan,0,3.898700000718236,17.745499993907288
411,13.699999999999962,SEARCH,0,0,0,0,14.108681991239555,9.14849111509185,-5.512306346637718,-14.2214948336874,-5.504573933999592,-14.226398938538772,nan,nan,30.5133625319834,2441.069002558672,nan,0,2.1246999967843294,10.997199977282435
412,13.733333333333295,SEARCH,0,0,0,0,14.076481996562322,9.211797834756407,-5.494942575584653,-14.598342879237272,-5.488398592441502,-14.609021111962509,nan,nan,30.825573275355993,2466.0458620284794,nan,0,2.841300010913983,9.674999979324639
413,13.766666666666628,SEARCH,0,0,0,0,14.043963889936071,9.274900461305608,-5.4246910974843345,-14.961524972011182,-5.4319160159143,-14.966216856266998,nan,nan,31.095685663953844,2487.6548531163075,nan,0,3.675399988424033,11.989799997536466
414,13.799999999999962,SEARCH,0,0,0,0,14.011128447272387,9.337796653805603,-5.3045552811743155,-15.305556553447651,-5.31055208539492,-15.307457178585693,nan,nan,31.316383492821338,2505.310679425707,nan,0,4.200099996523932,15.512199985096231
415,13.833333333333295,SEARCH,0,0,0,0,13.977976452054781,9.400484078980675,-5.138294547606303,-15.625454984712029,-5.135987661074305,-15.628369215343781,nan,nan,31.4926518627251,2519.4121490180078,nan,0,3.4747000026982278,19.824999995762482
416,13.866666666666628,SEARCH,0,0,0,0,13.944508695319993,9.462960411299807,-4.930241337356333,-15.916832932459089,-4.916933112640597,-15.921924110164813,nan,nan,31.625090501738928,2530.007240139114,nan,0,3.6729999992530793,16.274800000246614
417,13.899999999999961,SEARCH,0,0,0,0,13.910725975639128,9.52522333306294,-4.685140173337724,-16.17595079180675,-4.676346690476464,-16.173170694509896,nan,nan,31.715717332134435,2537.2573865707545,nan,0,4.394900024635717,13.133699976606295
418,13.933333333333294,SEARCH,0,0,0,0,13.876629099098588,9.587270534486947,-4.40800774074517,-16.39973825877871,-4.41045972199935,-16.39116671666343,nan,nan,31.769432156755382,2541.5545725404304,nan,0,3.398899978492409,20.674800005508587
419,13.966666666666628,SEARCH,0,0,0,0,13.842218879280841,9.649099713791381,-4.10401250502234,-16.585792948724233,-4.107683658299475,-16.59057880225628,nan,nan,31.791818597465692,2543.3454877972554,nan,0,3.714000020409003,19.17949999915436
420,13.999999999999961,SEARCH,0,0,0,0,13.807496137245014,9.710708577283741,-3.7783721979997176,-16.73236221929373,-3.77244509542461,-16.73862848778407,nan,nan,31.75880610044539,2540.7044880356316,nan,0,1.9586999842431396,15.937400021357462
421,14.033333333333294,SEARCH,0,0,0,0,13.772461701507304,9.772094839444705,-3.4362674467464913,-16.8383129911395,-3.4315791887887905,-16.84614000629684,nan,nan,31.69399705398531,2535.519764318825,nan,0,2.1938999998383224,11.922700010472909
422,14.066666666666627,SEARCH,0,0,0,0,13.737116408021187,9.83325622301281,-3.0827698486847694,-16.903093285672288,-3.095098229910564,-16.894834966815967,nan,nan,31.586615967355645,2526.9292773884517,nan,0,4.749500018078834,18.006300000706688
423,14.09999999999996,SEARCH,0,0,0,0,13.7014611001575,9.894190459068982,-2.7227828764271806,-16.926688354244234,-2.7249878668958902,-16.922476272933274,nan,nan,31.447763676968922,2515.821094157514,nan,0,2.9852000006940216,18.82850000401959
424,14.133333333333294,SEARCH,0,0,0,0,13.665496628684304,9.954895287120692,-2.3609941041856555,-16.909573608222676,-2.3568261752184507,-16.910790845033283,nan,nan,31.280663665975386,2502.453093278031,nan,0,3.86099997558631,17.07280002301559
425,14.166666666666627,SEARCH,0,0,0,0,13.629223851746586,10.015368455185815,-2.0018373696556564,-16.852666036385987,-1.9976505327258087,-16.857568406596922,nan,nan,31.086233908362733,2486.8987126690186,nan,0,3.7023999902885407,21.64299998548813
426,14.19999999999996,SEARCH,0,0,0,0,13.592643634845771,10.075607719876178,-1.6494636113894017,-16.757275384957932,-1.6538921436470502,-16.752296173069112,nan,nan,30.857629211168682,2468.6103368934946,nan,0,3.957499982789159,14.89620000938885
427,14.233333333333293,SEARCH,0,0,0,0,13.555756850819092,10.135610846480773,-1.3077192457443958,-16.62505605284347,-1.3186293900517787,-16.61820650254145,nan,nan,30.610686186158116,2448.854894892649,nan,0,4.380099999252707,22.715700004482642
428,14.266666666666627,SEARCH,0,0,0,0,13.518564379818747,10.195375609048694,-0.9801310658331701,-16.457960401675518,-0.9831661539983259,-16.46437958178234,nan,nan,30.34868589099839,2427.8948712798715,nan,0,3.9710999990347773,19.971199973952025
429,14.29999999999996,SEARCH,0,0,0,0,13.48106710929091,10.25489979047163,-0.6698967554221593,-16.258193982481576,-0.6636677148896303,-16.268949593440865,nan,nan,30.05974233733318,2404.7793869866546,nan,0,3.146500006550923,14.428900001803413
430,14.333333333333293,SEARCH,0,0,0,0,13.443265933954537,10.314181182566223,-0.3798802124222609,-16.028173026560783,-0.3856189120122028,-16.026162667115223,nan,nan,29.749819666721674,2379.985573337734,nan,0,2.869999996619299,12.174000003142282
431,14.366666666666626,SEARCH,0,0,0,0,13.405161755780037,10.373217586155901,-0.11261096917460917,-15.770484428376399,-0.11978600099879001,-15.758232189314487,nan,nan,29.424086718053424,2353.9269374442742,nan,0,2.6299000019207597,14.132000011159107
432,14.39999999999996,SEARCH,0,0,0,0,13.366755483967742,10.432006811152501,0.1297129196951664,-15.487848355676837,0.13735069042933767,-15.486521556848759,nan,nan,29.0996093436696,2327.968747493568,nan,0,3.3802000107243657,17.062800005078316
433,14.433333333333293,SEARCH,0,0,0,0,13.328048034926216,10.490546676637504,0.34521907608634345,-15.183083550929668,0.3525003858972661,-15.185944217714708,nan,nan,28.76885505959479,2301.508404767583,nan,0,3.6480000126175582,20.750700001372024
434,14.466666666666626,SEARCH,0,0,0,0,13.289040332250375,10.548835010942934,0.532352571137606,-14.859075333949134,0.5321287393567475,-14.858460072267333,nan,nan,28.43007978944527,2274.4063831556214,nan,0,3.706499992404133,18.886300007579848
435,14.49999999999996,SEARCH,0,0,0,0,13.249733306699465,10.606869651731962,0.6898656994545005,-14.518746274724563,0.6794173600943739,-14.511767525339797,nan,nan,28.08841000538916,2247.0728004311327,nan,0,2.4682999937795103,14.974299992900342
436,14.533333333333292,SEARCH,0,0,0,0,13.210127896174855,10.664648446079038,0.8168061295114009,-14.165029475067476,0.8133890759292232,-14.15882667755681,nan,nan,27.746784509040914,2219.742760723273,nan,0,3.5115000209771097,21.072499977890402
437,14.566666666666626,SEARCH,0,0,0,0,13.170225045697638,10.722169250549873,0.9125037579711062,-13.800844375534039,0.918907747952594,-13.796214200510576,nan,nan,27.408865401239467,2192.7092320991574,nan,0,3.7168999842833728,19.161100004566833
438,14.599999999999959,SEARCH,0,0,0,0,13.130025707386102,10.779429931280823,0.9765565541462352,-13.429074988361187,0.9768289975072715,-13.428423757864072,nan,nan,27.08727322016847,2166.9818576134776,nan,0,3.309599997010082,20.646599994506687
439,14.633333333333292,SEARCH,0,0,0,0,13.089530840433005,10.83642836405819,1.0088156441213554,-13.052550446465284,0.999902821528771,-13.0423482485916,nan,nan,26.764810444916375,2141.1848355933103,nan,0,3.8226000033318996,19.39689999562688
440,14.666666666666625,SEARCH,0,0,0,0,13.04874141108269,10.893162434396903,1.0093698516258947,-12.674027751773211,1.0058533416898283,-12.662621661751444,nan,nan,26.45573883746739,2116.459106997391,nan,0,4.1625000012572855,14.992999989772215
441,14.699999999999958,SEARCH,0,0,0,0,13.007658392608011,10.949630037619029,0.9785298841080008,-12.296176602402253,0.9803682318945013,-12.29675049872998,nan,nan,26.173458247826975,2093.876659826158,nan,0,3.5066000127699226,16.99110001209192
442,14.733333333333292,SEARCH,0,0,0,0,12.966282765287145,11.005829078931832,0.9168123271705777,-11.921566176778422,0.921442819352564,-11.933558348988578,nan,nan,25.909335477611428,2072.746838208914,nan,0,4.344699991634116,16.379500011680648
443,14.766666666666625,SEARCH,0,0,0,0,12.92461551638017,11.061757473505477,0.8249235882015642,-11.552653753130778,0.8138048663395944,-11.55514905757117,nan,nan,25.6553346428495,2052.42677142796,nan,0,4.335399979026988,20.680800022091717
444,14.799999999999958,SEARCH,0,0,0,0,12.882657640105528,11.117413146550401,0.703743910313602,-11.191775044487125,0.7052767836960611,-11.18243010116776,nan,nan,25.408101333922,2032.6481067137602,nan,0,3.817499993601814,15.780399990035221
445,14.833333333333291,SEARCH,0,0,0,0,12.840410137616281,11.172794033394215,0.5543115602959896,-10.841136131981408,0.5551471617306001,-10.84425206817804,nan,nan,25.212655659914635,2017.0124527931707,nan,0,3.6080999998375773,15.873500000452623
446,14.866666666666625,SEARCH,0,0,0,0,12.79787401697625,11.227898079558404,0.3778072789028595,-10.50280688269658,0.3917773441557297,-10.516888062872876,nan,nan,25.034914799843833,2002.7931839875068,nan,0,3.606499987654388,21.906400012085214
447,14.899999999999958,SEARCH,0,0,0,0,12.755050293135943,11.282723240834407,0.17553906821680368,-10.178715742197289,0.17846403998390561,-10.188460106208305,nan,nan,24.883372683486797,1990.669814678944,nan,0,4.000700020696968,15.506199997616932
448,14.933333333333291,SEARCH,0,0,0,0,12.711939987908341,11.337267483359593,-0.05107262117340086,-9.870645796190082,-0.05712668207471822,-9.86629530438368,nan,nan,24.751568405178762,1980.125472414301,nan,0,3.5669000062625855,21.847099997103214
449,14.966666666666624,SEARCH,0,0,0,0,12.668544129944513,11.391528783692603,-0.3005092510433693,-9.580232000256352,-0.2942850702832204,-9.577505624654757,nan,nan,24.65228883679429,1972.1831069435434,nan,0,3.8243000162765384,13.93590000225231
450,14.999999999999957,SEARCH,0,0,0,0,12.62486375470908,11.445505128888472,-0.5711680616779946,-9.308959481235561,-0.5634648471147095,-9.315344386813736,nan,nan,24.595627333396397,1967.650186671712,nan,0,4.967600019881502,16.421699983766302
451,15.03333333333329,SEARCH,0,0,0,0,12.580899904455512,11.49919451657328,-0.8613754087851022,-9.058162818516779,-0.8606907559784559,-9.061780928887694,nan,nan,24.564813672232788,1965.1850937786228,nan,0,2.5001000030897558,24.368599988520145
452,15.066666666666624,SEARCH,0,0,0,0,12.536653628201233,11.552594955018431,-1.169399543970561,-8.829026218166508,-1.183980892405807,-8.824920014910488,nan,nan,24.566215174457597,1965.2972139566075,nan,0,3.088700002990663,13.55810000677593
453,15.099999999999957,SEARCH,0,0,0,0,12.492125981702621,11.605704463214591,-1.4934628180052998,-8.622584497435794,-1.5029875020711319,-8.620047497277332,nan,nan,24.595614320261422,1967.6491456209137,nan,0,3.19290001061745,19.827099982649088
454,15.13333333333329,SEARCH,0,0,0,0,12.447318027429802,11.658521070945078,-1.8317532917884811,-8.43972480171644,-1.8272302314688496,-8.444878279357408,nan,nan,24.655818652670387,1972.4654922136308,nan,0,3.4779999987222254,18.171300005633384
455,15.166666666666623,SEARCH,0,0,0,0,12.402230834541298,11.71104281885907,-2.182435744905793,-8.281188980430269,-2.177883833466954,-8.291696528311533,nan,nan,24.752561991097334,1980.2049592877868,nan,0,4.138899996178225,16.914400010136887
456,15.199999999999957,SEARCH,0,0,0,0,12.356865478858516,11.763267758544181,-2.5436620760722684,-8.147576552619315,-2.5485395777685436,-8.150182553828092,nan,nan,24.87401461858224,1989.9211694865792,nan,0,3.9600000018253922,25.020400003995746
457,15.23333333333329,SEARCH,0,0,0,0,12.311223042840085,11.815193952598838,-2.913581093601186,-8.039348197146321,-2.9092674681016146,-8.039334103281139,nan,nan,25.01730632413073,2001.384505930458,nan,0,3.909700026270002,16.994999983580783
458,15.266666666666623,SEARCH,0,0,0,0,12.26530461555602,11.866819474704084,-3.290347697412667,-7.956829706406044,-3.283609772392259,-7.953842577317751,nan,nan,25.191811820990633,2015.3449456792507,nan,0,3.6899000115226954,18.704499991144985
459,15.299999999999956,SEARCH,0,0,0,0,12.219111292661747,11.918142409695069,-3.6721314570391828,-7.900216346283908,-3.6670089657736447,-7.903044497782519,nan,nan,25.401737485586146,2032.1389988468918,nan,0,2.027900016400963,14.074700011406094
460,15.33333333333329,SEARCH,0,0,0,0,12.17264417637193,11.969160853632095,-4.057124592645885,-7.869577568777317,-4.073548030371669,-7.86588229287903,nan,nan,25.639182862221144,2051.1346289776916,nan,0,3.6253000143915415,13.526499998988584
461,15.366666666666623,SEARCH,0,0,0,0,12.125904375434216,12.019872913871236,-4.443549368302023,-7.8648620272161835,-4.461623481512597,-7.853518065753503,nan,nan,25.886246337273707,2070.8997069818965,nan,0,2.4856999807525426,20.12160001322627
462,15.399999999999956,SEARCH,0,0,0,0,12.078893005102737,12.070276709134586,-4.8296649086517425,-7.885902847384137,-4.838096070209309,-7.886985683698937,nan,nan,26.162508319934354,2093.000665594748,nan,0,4.567600000882521,20.918399997754022
463,15.43333333333329,SEARCH,0,0,0,0,12.031611187111537,12.120370369579973,-5.213773451770274,-7.9324231110528745,-5.203723527744713,-7.94459019877989,nan,nan,26.451075693494307,2116.0860554795445,nan,0,3.7441999884322286,24.638000002596527
464,15.466666666666622,SEARCH,0,0,0,0,11.984060049647766,12.17015203687043,-5.594226052383489,-8.004041511502205,-5.597635938063855,-7.99714088531617,nan,nan,26.755106757656428,2140.4085406125146,nan,0,3.409800003282726,19.29919997928664
465,15.499999999999956,SEARCH,0,0,0,0,11.936240727324794,12.21961986424302,-5.969427750800655,-8.10027814351141,-5.976081259193312,-8.082800593153545,nan,nan,27.074703237110732,2165.976258968859,nan,0,3.2176999957300723,18.933800020022318
466,15.533333333333289,SEARCH,0,0,0,0,11.888154361155129,12.268772016577458,-6.3378422238846905,-8.220560393077673,-6.342473833450897,-8.210646481439897,nan,nan,27.418285620857105,2193.4628496685687,nan,0,4.5282000210136175,24.24349999637343
467,15.566666666666622,SEARCH,0,0,0,0,11.839802098523172,12.317606670464098,-6.697995935181808,-8.36422889474903,-6.688929461972357,-8.370529748023129,nan,nan,27.772520262137547,2221.8016209710036,nan,0,3.7514000141527504,20.061799994437024
468,15.599999999999955,SEARCH,0,0,0,0,11.79118509315787,12.366122014271626,-7.048481801971558,-8.53054352695715,-7.046230331637574,-8.534139013711172,nan,nan,28.13661548452724,2250.929238762179,nan,0,3.10550001449883,22.418699983973056
469,15.633333333333288,SEARCH,0,0,0,0,11.742304505105167,12.414316248214252,-7.387962397495445,-8.718689418104072,-7.395828264122342,-8.71412317749483,nan,nan,28.507526698372796,2280.6021358698235,nan,0,3.431799996178597,19.662800012156367
470,15.666666666666622,SEARCH,0,0,0,0,11.693161500700334,12.462187584418473,-7.715172706992288,-8.927782938401505,-7.7145257017423425,-8.928705710892018,nan,nan,28.88301643733245,2310.641314986596,nan,0,3.323799988720566,14.536500006215647
471,15.699999999999955,SEARCH,0,0,0,0,11.643757252540125,12.509734246989428,-8.028922456424826,-9.15687765458622,-8.020911027181372,-9.155697686388407,nan,nan,29.2590177451553,2340.721419612424,nan,0,4.4843999785371125,25.25530001730658
472,15.733333333333288,SEARCH,0,0,0,0,11.594092939454814,12.55695447207671,-8.328098032936845,-9.404970226645183,-8.321392943159218,-9.416978104846919,nan,nan,29.656032958502465,2372.482636680197,nan,0,3.785700013395399,17.443999997340143
473,15.766666666666621,SEARCH,0,0,0,0,11.54416974648006,12.603846507939895,-8.611664016144072,-9.671006227583936,-8.617410760024626,-9.669209055120682,nan,nan,30.042941477749036,2403.435318219923,nan,0,3.5767000226769596,20.69029997801408
474,15.799999999999955,SEARCH,0,0,0,0,11.493988864828639,12.65040861501343,-8.878664339345475,-9.953885869065926,-8.888980825150252,-9.948895013314722,nan,nan,30.433435196637994,2434.6748157310394,nan,0,3.282400022726506,19.099999975878745
475,15.833333333333288,SEARCH,0,0,0,0,11.443551491861992,12.696639065971251,-9.128223099652994,-10.252469617443474,-9.125424731545126,-10.254037191361403,nan,nan,30.81909024530056,2465.527219624045,nan,0,8.151999994879588,21.429200016427785
476,15.866666666666621,SEARCH,0,0,0,0,11.392858831061698,12.742536145790801,-9.35954503588556,-10.565583686296979,-9.355610288372365,-10.572538059878767,nan,nan,31.210441458204134,2496.8353166563306,nan,0,2.971299982164055,22.47150000766851
477,15.899999999999954,SEARCH,0,0,0,0,11.341912092000724,12.78809815181668,-9.571915692864708,-10.892025393102275,-9.57681646883421,-10.885434915292773,nan,nan,31.59160287926866,2527.3282303414926,nan,0,4.682300001149997,24.112800019793212
478,15.933333333333287,SEARCH,0,0,0,0,11.290712490314585,12.83332339382381,-9.764701290490923,-11.23056836906042,-9.76670420208674,-11.215391610654692,nan,nan,31.964910309964136,2557.192824797131,nan,0,3.1032999977469444,20.24780001374893
479,15.96666666666662,SEARCH,0,0,0,0,11.239261247672308,12.878210194080113,-9.93734831567815,-11.579967612453958,-9.932752110736498,-11.57523753432446,nan,nan,32.345405476735884,2587.6324381388704,nan,0,3.673899977002293,25.14730000984855
480,15.999999999999954,SEARCH,0,0,0,0,11.187559591747329,12.922756887408806,-10.089382854884148,-11.938964377142238,-10.085798725756039,-11.945021993292388,nan,nan,32.72555882738044,2618.0447061904356,nan,0,3.4376000112388283,19.749099999899045
481,16.03333333333329,SEARCH,0,0,0,0,11.13560875618815,12.966961821250088,-10.220409684601616,-12.306290888979607,-10.21822512333211,-12.313305042757449,nan,nan,33.091964493961136,2647.357159516891,nan,0,4.29959999746643,26.37249999679625
482,16.066666666666624,SEARCH,0,0,0,0,11.083409980588936,13.010823355722545,-10.330111136773843,-12.680674884037643,-10.337918807682867,-12.678562879189759,nan,nan,33.44873528523529,2675.898822818823,nan,0,4.665399988880381,20.413099991856143
483,16.09999999999996,SEARCH,0,0,0,0,11.030964510459924,13.054339863683902,-10.418245755673162,-13.06084396353939,-10.416883120773289,-13.058638473192968,nan,nan,33.791978421436006,2703.358273714881,nan,0,3.4097000025212765,26.41710001626052
484,16.133333333333294,SEARCH,0,0,0,0,10.978273597197717,13.09750973079141,-10.484646762334524,-13.445529761373201,-10.470348521169049,-13.449687924599509,nan,nan,34.12912384065675,2730.3299072525397,nan,0,2.7436000236775726,16.74519997322932
485,16.16666666666663,SEARCH,0,0,0,0,10.925338498055398,13.140331355561786,-10.529220342173456,-13.833471920949247,-10.524993700282371,-13.834858929391926,nan,nan,34.464150103092734,2757.1320082474194,nan,0,2.473400003509596,17.338900011964142
486,16.199999999999964,SEARCH,0,0,0,0,10.872160476112553,13.182803149430534,-10.551943770940708,-14.223421878996234,-10.550031532209571,-14.21949886815079,nan,nan,34.78212854763437,2782.5702838107495,nan,0,4.62409999454394,18.985700007760897
487,16.2333333333333,SEARCH,0,0,0,0,10.818740800245134,13.224923536810948,-10.552863393677791,-14.614146454672069,-10.558132027017786,-14.606731756157378,nan,nan,35.09375625691248,2807.5005005529983,nan,0,2.945000014733523,25.045399990631267
488,16.266666666666634,SEARCH,0,0,0,0,10.76508074509517,13.266690955152534,-10.532092470841004,-15.004431243083111,-10.532681758506007,-15.010600997841406,nan,nan,35.40056394825732,2832.045115860586,nan,0,3.717799991136417,11.663500015856698
489,16.29999999999997,SEARCH,0,0,0,0,10.711181591040347,13.30810385499896,-10.48980890525876,-15.393083812974849,-10.485308485058699,-15.405603755338676,nan,nan,35.68988927242738,2855.19114179419,nan,0,2.2661999973934144,20.011499989777803
490,16.333333333333304,SEARCH,0,0,0,0,10.657044624163495,13.349160700045577,-10.426252863080125,-15.77893670897485,-10.431774741929777,-15.782585825738321,nan,nan,35.963828465532316,2877.1062772425857,nan,0,2.283000008901581,14.775399991776794
491,16.36666666666664,SEARCH,0,0,0,0,10.602671136221847,13.389859967196385,-10.341724301363515,-16.16085025933931,-10.349309039165796,-16.153640575919404,nan,nan,36.21883346562834,2897.506677250268,nan,0,6.253600004129112,22.42870000191033
492,16.399999999999974,SEARCH,0,0,0,0,10.548062424616257,13.43020014662052,-10.236580414445049,-16.537715190679624,-10.239245609286382,-16.53146929395888,nan,nan,36.46661227702544,2917.328982162035,nan,0,3.5059000074397773,17.788900004234165
493,16.43333333333331,SEARCH,0,0,0,0,10.49321979236023,13.47017974180832,-10.11123301071779,-16.908455051627662,-10.10227849435926,-16.91657283968236,nan,nan,36.708708532540285,2936.6966826032226,nan,0,3.4744000004138798,21.61809999961406
494,16.466666666666644,SEARCH,0,0,0,0,10.438144548048827,13.509797269626773,-9.96614583094744,-17.272028447839762,-9.969919601566927,-17.274647610975055,nan,nan,36.93468734051561,2954.7749872412487,nan,0,5.0571000028867275,20.452800003113225
495,16.49999999999998,SEARCH,0,0,0,0,10.382838005827438,13.54905126037459,-9.80183181874819,-17.627431091142235,-9.809111004815986,-17.625787395447517,nan,nan,37.14277009143185,2971.4216073145476,nan,0,4.410000023199245,22.32459999504499
496,16.533333333333314,SEARCH,0,0,0,0,10.327301485360449,13.587940257836708,-9.618850353345561,-17.97369766598717,-9.610957279455986,-17.977139452711135,nan,nan,37.334815115465865,2986.785209237269,nan,0,3.169300005538389,18.397600011667237
497,16.56666666666665,SEARCH,0,0,0,0,10.27153631179972,13.626462819338292,-9.417804454262214,-18.309903516718787,-9.411651475578523,-18.32302996255892,nan,nan,37.5259639515589,3002.077116124712,nan,0,3.9744999958202243,20.971599995391443
498,16.599999999999984,SEARCH,0,0,0,0,10.21554381575298,13.664617515798287,-9.199337967078721,-18.635166159448953,-9.19132650921438,-18.638024810210755,nan,nan,37.68404592201015,3014.723673760812,nan,0,7.0133999979589134,19.597399979829788
499,16.63333333333332,SEARCH,0,0,0,0,10.159325333252099,13.70240293178243,-8.964132738945086,-18.908132927559162,-8.966534844417813,-18.901155937592506,nan,nan,37.79934627059808,3023.9477016478463,nan,0,3.7532999995164573,24.48029999504797
500,16.666666666666654,SEARCH,0,0,0,0,10.102882205721171,13.739817665555716,-8.71290579205092,-19.12650634204733,-8.71532791487251,-19.126770045491455,nan,nan,37.87265002492923,3029.812001994338,nan,0,3.933200001483783,17.44910000707023
501,16.69999999999999,SEARCH,0,0,0,0,10.046215779944529,13.77686032913447,-8.446406502803471,-19.301205073637863,-8.44628638045461,-19.305095092758084,nan,nan,37.89971517951623,3031.9772143612986,nan,0,1.9696000090334564,16.556599992327392
502,16.733333333333324,SEARCH,0,0,0,0,9.9893274080346,13.813529548337762,-8.165413794013462,-19.44096405891029,-8.160855517931514,-19.448459208672904,nan,nan,37.89180698142457,3031.3445585139657,nan,0,2.0963999850209802,18.47979999729432
503,16.76666666666666,SEARCH,0,0,0,0,9.932218447399663,13.849823962838444,-7.87073334694962,-19.55277124712823,-7.8798504304611106,-19.548881159833076,nan,nan,37.85159576003132,3028.127660802506,nan,0,4.728400002932176,18.340099981287494
504,16.799999999999994,SEARCH,0,0,0,0,9.874890260711432,13.885742226213585,-7.563194839694124,-19.642216997702583,-7.5792967874020825,-19.625957706446712,nan,nan,37.784688405320985,3022.7750724256784,nan,0,3.7128999829292297,21.845100010978058
505,16.83333333333333,SEARCH,0,0,0,0,9.817344215872552,13.921283005994416,-7.243649217813367,-19.713773598162067,-7.238027133837921,-19.70751803415251,nan,nan,37.70652398822134,3016.5219190577077,nan,0,3.7705999857280403,16.673000005539507
506,16.866666666666664,SEARCH,0,0,0,0,9.759581685983974,13.956444983715782,-6.912966002951686,-19.771018878529652,-6.898553940566167,-19.778468338206142,nan,nan,37.62363431926964,3009.890745541571,nan,0,2.93210000381805,17.319400009000674
507,16.9,SEARCH,0,0,0,0,9.701604049312172,13.99122685496505,-6.5720306445603445,-19.81681510282372,-6.572350530853453,-19.814439939677566,nan,nan,37.51885799311722,3001.508639449378,nan,0,2.9719000158365816,13.233000005129725
508,16.933333333333334,SEARCH,0,0,0,0,9.64341268925625,14.025627329430462,-6.221741919590134,-19.853452082258976,-6.231795953818231,-19.849547037624106,nan,nan,37.41055583467716,2992.8444667741733,nan,0,4.689699999289587,16.33739998214878
509,16.96666666666667,SEARCH,0,0,0,0,9.585008994314977,14.059645130949074,-5.86300938460375,-19.88276166580718,-5.862492403573972,-19.877477655431843,nan,nan,37.28744564133719,2982.995651306975,nan,0,2.914599986979738,17.75570001336746
510,17.000000000000004,SEARCH,0,0,0,0,9.526394358053597,14.093278997554014,-5.496750884403623,-19.906209332645744,-5.49717090975246,-19.913191554701942,nan,nan,37.17724509397489,2974.179607517991,nan,0,3.260600002249703,14.437999983783811
511,17.03333333333334,SEARCH,0,0,0,0,9.467570179070613,14.126527681521361,-5.123890120922233,-19.924967466116595,-5.120535739036159,-19.928133791630856,nan,nan,37.04770981219891,2963.816784975913,nan,0,4.45670000044629,16.3940999773331
512,17.066666666666674,SEARCH,0,0,0,0,9.408537860964422,14.159389949416418,-4.745354285785126,-19.939973972893277,-4.762282713402366,-19.939732706534443,nan,nan,36.9264447470438,2954.115579763504,nan,0,3.6908999900333583,18.53930001379922
513,17.10000000000001,SEARCH,0,0,0,0,9.349298812299795,14.191864582139436,-4.362071759631902,-19.951979178314623,-4.369497494596711,-19.959954955664887,nan,nan,36.80424092211209,2944.3392737689674,nan,0,3.9866000006441027,14.80559998890385
514,17.133333333333344,SEARCH,0,0,0,0,9.289854446574275,14.223950374970883,-3.974969880967294,-19.9615833426517,-3.972205932536771,-19.966384934137885,nan,nan,36.672350266222054,2933.7880212977643,nan,0,4.117599979508668,19.634600001154467
515,17.16666666666668,SEARCH,0,0,0,0,9.230206182184483,14.255646137616116,-3.58497278701305,-19.96926667412136,-3.585877597965795,-19.97323834826596,nan,nan,36.549535381557035,2923.962830524563,nan,0,4.323200002545491,17.29920000070706
516,17.200000000000014,SEARCH,0,0,0,0,9.170355442392227,14.286950694249526,-3.192999328741668,-19.975413339297088,-3.20567135176787,-19.97693004312886,nan,nan,36.43047573660078,2914.438058928062,nan,0,3.869200008921325,14.548500010278076
517,17.23333333333335,SEARCH,0,0,0,0,9.110303655290558,14.317862883558195,-2.7999610619948574,-19.98033067143767,-2.8106097374249703,-19.973232524504898,nan,nan,36.3040961931503,2904.327695452024,nan,0,4.632099997252226,20.183100015856326
518,17.266666666666683,SEARCH,0,0,0,0,9.050052253769723,14.348381558784927,-2.406760316322954,-19.984264537150136,-2.40488009681259,-19.98229456490375,nan,nan,36.19130832487304,2895.3046659898437,nan,0,4.627300018910319,13.645300001371652
519,17.30000000000002,SEARCH,0,0,0,0,8.989602675482926,14.378505587770832,-2.0142883429261427,-19.987411629720107,-2.006642259036718,-19.991925150251497,nan,nan,36.086616795941666,2886.9293436753333,nan,0,4.787499987287447,17.221600021002814
520,17.333333333333353,SEARCH,0,0,0,0,8.928956362812054,14.408233852997308,-1.6234235428341834,-19.989929303776087,-1.6317544083428337,-19.98880268340087,nan,nan,35.98172778617361,2878.5382228938884,nan,0,2.195200009737164,9.276099997805431
521,17.36666666666669,SEARCH,0,0,0,0,8.868114762833272,14.437565251627491,-1.2350297762280908,-19.99194344302087,-1.242885728975974,-19.980901973681792,nan,nan,35.8728757849863,2869.830062798904,nan,0,3.7723999994341284,9.79039998492226
522,17.400000000000023,SEARCH,0,0,0,0,8.807079327282457,14.466498695547186,-0.8499547535849075,-19.993554754416696,-0.8472754621526499,-19.986511640018435,nan,nan,35.78011301802833,2862.4090414422662,nan,0,4.474800021853298,15.393199981190264
523,17.43333333333336,SEARCH,0,0,0,0,8.745851512520582,14.495033111405224,-0.46902850911492766,-19.994843803533357,-0.4633082802614427,-20.001225253539094,nan,nan,35.70434798830507,2856.347839064405,nan,0,3.437800012761727,17.211500002304092
524,17.466666666666693,SEARCH,0,0,0,0,8.68443277949898,14.523167440653259,-0.09306195675941709,-19.995875042826686,-0.08734055322903735,-19.988778834847988,nan,nan,35.60924659584702,2848.739727667762,nan,0,3.532600007019937,14.508099993690848
525,17.50000000000003,SEARCH,0,0,0,0,8.622824593724449,14.550900639585093,0.277154471174226,-19.996700034261348,0.2618481734133729,-19.972194950262665,nan,nan,35.521121263366155,2841.6897010692924,nan,0,3.4758000110741705,11.345000006258488
526,17.533333333333363,SEARCH,0,0,0,0,8.56102842522431,14.578231679375325,0.6408521028440046,-19.99736002740908,0.6349987346845769,-19.97981484911683,nan,nan,35.45533142590471,2836.426514072377,nan,0,2.964499988593161,16.418500017607585
527,17.5666666666667,SEARCH,0,0,0,0,8.49904574851131,14.605159546117571,0.9972852234470527,-19.997888021927263,0.9992419954439982,-20.000041314221598,nan,nan,35.40857216718772,2832.6857733750176,nan,0,3.873100009514019,16.71820000046864
528,17.600000000000033,SEARCH,0,0,0,0,8.436878042548477,14.631683240862058,1.3457321899727739,-19.99831041754181,1.3430968223043782,-19.99372362516192,nan,nan,35.34459693699149,2827.5677549593192,nan,0,3.758100006962195,17.849299998488277
529,17.63333333333337,SEARCH,0,0,0,0,8.374526790713784,14.657801779652667,1.685496464725128,-19.965005975493604,1.672865467762259,-19.956961502154996,nan,nan,35.2575396410913,2820.6031712873037,nan,0,2.8682000120170414,13.086199993267655
530,17.666666666666703,SEARCH,0,0,0,0,8.311993480764777,14.683514193563468,2.015907568347117,-19.8832723984909,2.0129518775085073,-19.871097895457577,nan,nan,35.124053606357464,2809.9242885085973,nan,0,1.5731999883428216,10.183300008065999
531,17.70000000000004,SEARCH,0,0,0,0,8.249279604803089,14.708819528734642,2.3363219532151063,-19.76024235519189,2.340512598979867,-19.756673280796093,nan,nan,34.96832455427226,2797.4659643417804,nan,0,4.206100013107061,19.826000003376976
532,17.733333333333373,SEARCH,0,0,0,0,8.186386659238806,14.733716846407855,2.646123798196531,-19.601745557124577,2.6516606805465104,-19.601824573113895,nan,nan,34.77876645643006,2782.301316514405,nan,0,4.2418999946676195,20.744500012369826
533,17.76666666666671,SEARCH,0,0,0,0,8.123316144754778,14.758205222961132,2.9447257258821358,-19.412572708668016,2.938997634989117,-19.411200615649363,nan,nan,34.5604608443575,2764.8368675486,nan,0,4.349099996034056,17.825699993409216
534,17.800000000000043,SEARCH,0,0,0,0,8.06006956627083,14.782283749943058,3.231569443513368,-19.196686357783946,3.225395020808541,-19.187920706622506,nan,nan,34.31251766894129,2745.0014135153033,nan,0,3.104400006122887,14.563599979737774
535,17.83333333333338,SEARCH,0,0,0,0,7.9966484329078105,14.805951534106525,3.5061263089271524,-18.95738926947885,3.5088878548940943,-18.951705668036222,nan,nan,34.05465334991613,2724.3722679932907,nan,0,4.296000028261915,20.98709999700077
536,17.866666666666713,SEARCH,0,0,0,0,7.933054257951613,14.829207697441854,3.767897822934266,-18.697458820097577,3.778893467477344,-18.70868417888397,nan,nan,33.79418949140866,2703.535159312693,nan,0,3.7828000204171985,15.982599987182766
537,17.90000000000005,SEARCH,0,0,0,0,7.869288558817076,14.852051377209357,4.0164160496341506,-18.41925421142076,4.01381543555606,-18.423689690165947,nan,nan,33.4983524458621,2679.868195668968,nan,0,3.0969000072218478,19.144999998388812
538,17.933333333333383,SEARCH,0,0,0,0,7.8053528570117425,14.874481725971357,4.251243966248476,-18.124801944209633,4.24279121643599,-18.118129745179274,nan,nan,33.18439779669359,2654.751823735487,nan,0,3.443099994910881,16.564699995797127
539,17.96666666666672,SEARCH,0,0,0,0,7.741248678099572,14.89649791162363,4.471975744128352,-17.815863903353954,4.473506751521933,-17.816827612405426,nan,nan,32.876128180486894,2630.090254438952,nan,0,2.8432999970391393,11.447400000179186
540,18.000000000000053,SEARCH,0,0,0,0,7.676977551664562,14.91809911742624,4.678236962656048,-17.49399153676351,4.688410178070602,-17.509382085360244,nan,nan,32.564905528860066,2605.1924423088053,nan,0,2.805700001772493,12.28989998344332
541,18.03333333333339,SEARCH,0,0,0,0,7.61254101127421,14.939284542033889,4.869684757821545,-17.16056891410721,4.875516196711312,-17.165534574628307,nan,nan,32.2212773699171,2577.702189593368,nan,0,3.4116999886464328,13.673500012373552
542,18.066666666666723,SEARCH,0,0,0,0,7.547940594442942,14.960053399525599,5.046007907307662,-16.816846894650503,5.041991945627814,-16.81365163064785,nan,nan,31.872372205014297,2549.7897764011436,nan,0,2.9282000032253563,16.93610000074841
543,18.10000000000006,SEARCH,0,0,0,0,7.483177842595442,14.980404919433893,5.206926853964844,-16.4639701879357,5.207284855430103,-16.45968239572378,nan,nan,31.522353644259606,2521.7882915407686,nan,0,3.07579999207519,12.09890001337044
544,18.133333333333393,SEARCH,0,0,0,0,7.418254301029836,15.00033834677337,5.352193669598382,-16.102998734621668,5.365796773368161,-16.111062505996323,nan,nan,31.179028928505353,2494.322314280428,nan,0,1.8154999997932464,11.569599999347702
545,18.16666666666673,SEARCH,0,0,0,0,7.353171518880842,15.019852942068711,5.481591961027053,-15.73492454963422,5.487038768521864,-15.748716641835209,nan,nan,30.8251086888838,2466.008695110704,nan,0,2.910500013967976,15.735499997390434
546,18.200000000000063,SEARCH,0,0,0,0,7.287931049082818,15.038947981382115,5.5949367204030604,-15.360684941624196,5.584271114595065,-15.363122949873835,nan,nan,30.449768046431764,2435.9814437145405,nan,0,2.0914000051561743,10.987999994540587
547,18.2333333333334,SEARCH,0,0,0,0,7.222534448332676,15.057622756340159,5.692074121809037,-14.981172840184966,5.6838194331896155,-14.973829335337632,nan,nan,30.07084565875335,2405.6676527002683,nan,0,3.485700028249994,19.953599985456094
548,18.266666666666733,SEARCH,0,0,0,0,7.156983277052754,15.075876574160054,5.772881266168913,-14.597244816223805,5.779045247769229,-14.603462041547314,nan,nan,29.711308518447385,2376.9046814757908,nan,0,2.993300004163757,14.107399998465553
549,18.300000000000068,SEARCH,0,0,0,0,7.091279099353602,15.09370875767539,5.837265876525867,-14.209727264014898,5.8458427828052475,-14.21457771762743,nan,nan,29.33473653771235,2346.778923016988,nan,0,3.264600003603846,16.459800011944026
550,18.333333333333403,SEARCH,0,0,0,0,7.025423482996624,15.111118645361202,5.885165945752596,-13.819421119948315,5.8833805186462484,-13.827248273841263,nan,nan,28.960893323287074,2316.8714658629656,nan,0,1.4942999987397343,10.04659998579882
551,18.366666666666738,SEARCH,0,0,0,0,6.959417999356694,15.12810559135856,5.916549338766888,-13.427105418158899,5.911910733686992,-13.426075706200011,nan,nan,28.573388686774177,2285.8710949419337,nan,0,3.4226999850943685,16.019400005461648
552,18.400000000000073,SEARCH,0,0,0,0,6.893264223384648,15.144668965498497,5.931413351329342,-13.03353992333552,5.934489384587887,-13.033202328303291,nan,nan,28.19417811963258,2255.5342495706063,nan,0,3.96480000927113,18.191999988630414
553,18.433333333333408,SEARCH,0,0,0,0,6.826963733569732,15.160808153325391,5.929784227499958,-12.639467033085948,5.942722788172183,-12.64793837881617,nan,nan,27.822801184251972,2225.8240947401578,nan,0,3.229599999031052,19.421800010604784
554,18.466666666666743,SEARCH,0,0,0,0,6.760518111901901,15.176522556119778,5.911716637826743,-12.245613103874273,5.916083302492993,-12.247342342561998,nan,nan,27.43686272387009,2194.9490179096074,nan,0,2.7827000012621284,17.399100004695356
555,18.500000000000078,SEARCH,0,0,0,0,6.693928943834084,15.19181159092055,5.8772931203323076,-11.85268932384382,5.872335137462983,-11.844040363024618,nan,nan,27.048332799976937,2163.866623998155,nan,0,3.97069999598898,22.749499999918044
556,18.533333333333413,SEARCH,0,0,0,0,6.627197818244378,15.206674690546562,5.826623486354144,-11.4613922312584,5.825627556102916,-11.456999435447436,nan,nan,26.675719911229226,2134.057592898338,nan,0,3.3669999975245446,16.08739999937825
557,18.566666666666748,SEARCH,0,0,0,0,6.560326327398097,15.22111130361772,5.759844193280776,-11.07240395761433,5.769576321632947,-11.077560824337343,nan,nan,26.31055760080539,2104.8446080644308,nan,0,2.4268999986816198,22.195300000021234
558,18.600000000000083,SEARCH,0,0,0,0,6.493316066909798,15.235120894575385,5.6771176862096695,-10.686392258715516,5.683467362329372,-10.690755179393491,nan,nan,25.938521644980124,2075.08173159841,nan,0,3.8123000122141093,14.19809999060817
559,18.633333333333418,SEARCH,0,0,0,0,6.426168635705225,15.248702943702275,5.578631710533713,-10.304010384380696,5.579157752882203,-10.300797644364309,nan,nan,25.563536682846436,2045.082934627715,nan,0,6.94870000006631,20.212600007653236
560,18.666666666666753,SEARCH,0,0,0,0,6.358885635983124,15.261856947141736,5.464598597441373,-9.925896827338637,5.462206604776606,-9.915901946855495,nan,nan,25.193720967917027,2015.4976774333622,nan,0,3.4417000133544207,19.437899987678975
561,18.700000000000088,SEARCH,0,0,0,0,6.291468673177025,15.27458241691642,5.33525452429161,-9.55267498376235,5.340856455179558,-9.5546507044869,nan,nan,24.847424031194816,1987.7939224955853,nan,0,3.279199998360127,21.783300006063655
562,18.733333333333423,SEARCH,0,0,0,0,6.223919355916963,15.286878880946409,5.190858751798274,-9.184952751396168,5.20025372499932,-9.193894393166318,nan,nan,24.50216625979087,1960.1733007832693,nan,0,5.802800005767494,21.5602999960538
563,18.766666666666758,SEARCH,0,0,0,0,6.156239295991045,15.298745883066717,5.031692839930242,-8.823322086018633,5.0318482992442055,-8.821474393387291,nan,nan,24.14641342514926,1931.7130740119405,nan,0,3.6263999936636537,22.22110002185218
564,18.800000000000093,SEARCH,0,0,0,0,6.0884301083070245,15.310182983044207,4.858059844403165,-8.468358532803085,4.852495009592561,-8.461013038137958,nan,nan,23.80330430519471,1904.264344415577,nan,0,4.1136999789159745,26.127400022232905
565,18.833333333333428,SEARCH,0,0,0,0,6.020493410853774,15.321189756593938,4.670283495606425,-8.120620745781075,4.676272071812327,-8.117358597122239,nan,nan,23.477062847337308,1878.1650277869849,nan,0,3.051599982427433,24.697500019101426
566,18.866666666666763,SEARCH,0,0,0,0,5.952430824662649,15.331765795394888,4.468707361774987,-7.78065000591688,4.47540752249287,-7.789742252012673,nan,nan,23.168636822685215,1853.490945814817,nan,0,3.3110999793279916,18.68920002016239
567,18.900000000000098,SEARCH,0,0,0,0,5.884243973768821,15.341910707105113,4.253693998180341,-7.448969746133202,4.251092339838777,-7.450537382947973,nan,nan,22.85088344456671,1828.0706755653366,nan,0,3.7182000232860446,26.244299981044605
568,18.933333333333433,SEARCH,0,0,0,0,5.815934485172555,15.351624115376294,4.025624084077774,-7.12608508988313,4.019074873142603,-7.114364306414872,nan,nan,22.537731479308185,1803.018518344655,nan,0,3.6711000138893723,16.540099983103573
569,18.966666666666768,SEARCH,0,0,0,0,5.7475039888003385,15.360905659867711,3.7848955491090464,-6.812482408457752,3.777896068898313,-6.812758326958138,nan,nan,22.260968756071655,1780.8775004857325,nan,0,3.2629999914206564,22.450199990998954
570,19.000000000000103,SEARCH,0,0,0,0,5.678954117466019,15.369754996259593,3.531922690820082,-6.5086289010848635,3.54808590520741,-6.519507520178392,nan,nan,21.992735456317188,1759.4188365053749,nan,0,2.2963000228628516,16.831899993121624
571,19.033333333333438,SEARCH,0,0,0,0,5.610286506831856,15.378171796265905,3.267135284912804,-6.214972200958309,3.2739927842382963,-6.220567077905848,nan,nan,21.72472760043007,1737.9782080344055,nan,0,4.2449999891687185,20.32460001646541
572,19.066666666666773,SEARCH,0,0,0,0,5.541502795369455,15.386155747646521,2.990977689808834,-5.931940009596501,2.9891931249022052,-5.923426396085334,nan,nan,21.461886585163388,1716.9509268130712,nan,0,3.737199993338436,26.137700013350695
573,19.100000000000108,SEARCH,0,0,0,0,5.472604624320695,15.393706554218811,2.7039079470604244,-5.659939761327923,2.7029787573835304,-5.651072250860934,nan,nan,21.22624654519826,1698.0997236158607,nan,0,3.7609999999403954,16.31269999779761
574,19.133333333333443,SEARCH,0,0,0,0,5.403593637658585,15.400823935868619,2.4063968791009827,-5.399358319213604,2.4156985036057934,-5.403545797027113,nan,nan,21.017833316379793,1681.4266653103834,nan,0,3.722099994774908,20.66819998435676
575,19.166666666666778,SEARCH,0,0,0,0,5.334471482047997,15.407507628560671,2.098927185783812,-5.150561703319342,2.1045475891096004,-5.1471271365405045,nan,nan,20.806859894777016,1664.5487915821614,nan,0,2.4133999831974506,15.751900005852804
576,19.200000000000113,SEARCH,0,0,0,0,5.265239806806398,15.41375738434835,1.7819925411134405,-4.91389485192622,1.7794516438427266,-4.908889115847416,nan,nan,20.619424819547632,1649.5539855638103,nan,0,3.0709999846294522,14.327799988677725
577,19.233333333333448,SEARCH,0,0,0,0,5.195900263864491,15.419572971382912,1.4560966915291815,-4.68968141600268,1.4524822935198063,-4.681308502338843,nan,nan,20.446481705205667,1635.7185364164534,nan,0,3.1079999753274024,14.355100021930411
578,19.266666666666783,SEARCH,0,0,0,0,5.126454507726819,15.424954173922076,1.121752557055465,-4.478223587043513,1.123539670622791,-4.4799314688618,nan,nan,20.303393796245278,1624.2715036996221,nan,0,3.014400019310415,21.768100006738678
579,19.300000000000118,SEARCH,0,0,0,0,5.056904195432248,15.429900792338032,0.7794813365880534,-4.279801958201774,0.7873122647701599,-4.293550636954685,nan,nan,20.180286210508605,1614.4228968406883,nan,0,3.0485999886877835,18.644199997652322
580,19.333333333333453,SEARCH,0,0,0,0,4.987250986514448,15.434412643124842,0.4298116185396577,-4.094675418491333,0.4262557255225968,-4.099586203893493,nan,nan,20.059406489876608,1604.7525191901286,nan,0,2.3818000045139343,11.692700005369261
581,19.366666666666788,SEARCH,0,0,0,0,4.9174965429623185,15.43848955890526,0.07327849802270525,-3.9230810797149185,0.06597639672252875,-3.9256148567215527,nan,nan,19.962609737924257,1597.0087790339405,nan,0,3.347399993799627,14.905799995176494
582,19.400000000000123,SEARCH,0,0,0,0,4.847642529180287,15.442131388436918,-0.2895772982988321,-3.765234235670192,-0.28166758957922955,-3.769324592576946,nan,nan,19.884412568764564,1590.753005501165,nan,0,3.8613999786321074,24.492800002917647
583,19.433333333333458,SEARCH,0,0,0,0,4.777690611948619,15.445337996617965,-0.6582102786024312,-3.6213283531011013,-0.6532196783905332,-3.6234531916372053,nan,nan,19.827092171142738,1586.1673736914192,nan,0,3.7090000114403665,14.432700001634657
584,19.466666666666793,SEARCH,0,0,0,0,4.7076424603836635,15.448109264492059,-1.0320710425044934,-3.4915350937902754,-1.0284557143879691,-3.493949075598,nan,nan,19.79152334788795,1583.321867831036,nan,0,3.343799995491281,23.175999987870455
585,19.500000000000128,SEARCH,0,0,0,0,4.6374997458979905,15.450445089252783,-1.4106071268675617,-3.3760043671282807,-1.420280923584891,-3.3653585084897397,nan,nan,19.766921147927437,1581.3536918341952,nan,0,4.087000008439645,22.762299980968237
586,19.533333333333463,SEARCH,0,0,0,0,4.567264142160523,15.452345384247463,-1.793263839867982,-3.27486441244512,-1.7959904207844046,-3.2750817102229597,nan,nan,19.778966965227085,1582.3173572181665,nan,0,4.660399979911745,18.828600004781038
587,19.566666666666798,SEARCH,0,0,0,0,4.496937325056631,15.453810078980386,-2.179485082419843,-3.1882219103468987,-2.16808616499836,-3.198260243321556,nan,nan,19.8071266323786,1584.570130590288,nan,0,3.678400011267513,24.44330000435002
588,19.600000000000133,SEARCH,0,0,0,0,4.426520972648097,15.454839119115404,-2.5687141560959525,-3.116162122264834,-2.554457366223832,-3.1183581172573125,nan,nan,19.84181730963679,1587.3453847709434,nan,0,5.6167999864555895,19.429100007982925
589,19.633333333333468,SEARCH,0,0,0,0,4.356016765133095,15.45543246647796,-2.960394556731077,-3.058749057393696,-2.9678433134537605,-3.051377935630684,nan,nan,19.903290122748928,1592.2632098199142,nan,0,3.210499999113381,24.457399995299056
590,19.666666666666803,SEARCH,0,0,0,0,4.285426384806124,15.455590099056499,-3.3539707529367924,-3.0160256661715747,-3.3665418012432156,-3.0087855977384264,nan,nan,19.987140540675203,1598.9712432540161,nan,0,2.2179000079631805,17.859000014141202
591,19.700000000000138,SEARCH,0,0,0,0,4.214751516017823,15.455312011003286,-3.74888894880095,-2.9880140594318134,-3.7418773893053854,-2.996693568991333,nan,nan,20.09438860630443,1607.5510885043545,nan,0,3.6806999996770173,15.167800011113286
592,19.733333333333473,SEARCH,0,0,0,0,4.143993845134804,15.454598212634625,-4.1445978300879345,-2.974715752340568,-4.1336294458275065,-2.989338919936673,nan,nan,20.21627721162638,1617.3021769301106,nan,0,3.3500999852549285,21.28469999297522
593,19.766666666666808,SEARCH,0,0,0,0,4.073155060499431,15.453448730430468,-4.540549293298497,-2.976111932219218,-4.546226233274602,-2.975682074008882,nan,nan,20.345186066846306,1627.6148853477046,nan,0,4.277300002286211,17.733799992129207
594,19.800000000000143,SEARCH,0,0,0,0,4.002236852389498,15.451863607033443,-4.936199156990045,-2.9921637493394657,-4.9433249704066,-2.981721868378302,nan,nan,20.48951316661228,1639.1610533289822,nan,0,3.805400017881766,25.8138999924995
595,19.833333333333478,SEARCH,0,0,0,0,3.93124091297791,15.44984290124727,-5.3310078547996955,-3.022812629770054,-5.322904994040688,-3.017000512631922,nan,nan,20.65583506278849,1652.4668050230791,nan,0,3.0380999960470945,17.24899999680929
596,19.866666666666813,SEARCH,0,0,0,0,3.860168936292339,15.447386688034573,-5.724441109653213,-3.0679806093474196,-5.7131581625612124,-3.0719807151867125,nan,nan,20.847435352031646,1667.7948281625315,nan,0,3.8955000054556876,23.75439999741502
597,19.900000000000148,SEARCH,0,0,0,0,3.78902261817475,15.444495058514105,-6.1159705886831315,-3.1275706878379554,-6.116860626401492,-3.131987626729547,nan,nan,21.052606294953925,1684.2085035963141,nan,0,3.9576000126544386,18.397800013190135
598,19.933333333333483,SEARCH,0,0,0,0,3.717803656240965,15.441168119957368,-6.5050745384187625,-3.2014672023568584,-6.509867987250126,-3.198804199083349,nan,nan,21.261557687565507,1700.9246150052404,nan,0,3.1316999811679125,17.785600008210167
599,19.966666666666818,SEARCH,0,0,0,0,3.6465137498401714,15.437405995784628,-6.891238399849559,-3.289536219107461,-6.892292295944813,-3.2906568234130726,nan,nan,21.489689849564822,1719.1751879651858,nan,0,2.7483000012580305,11.201300018001348
600,20.000000000000153,SEARCH,0,0,0,0,3.5751546000143373,15.433208825560344,-7.273955403001262,-3.391625942505513,-7.2605398800433365,-3.404623947667448,nan,nan,21.731917045149224,1738.553363611938,nan,0,2.3258999863173813,17.096600000513718
601,20.033333333333488,SEARCH,0,0,0,0,3.5037279094576483,15.428576764987984,-7.652727140701434,-3.507567140754827,-7.645006581346475,-3.506871211716006,nan,nan,21.973745034128996,1757.8996027303197,nan,0,3.935699991416186,20.68910002708435
602,20.066666666666823,SEARCH,0,0,0,0,3.432235382475867,15.42350998590425,-8.027064121247488,-3.6371735869440793,-8.034690677484098,-3.6279161014858743,nan,nan,22.236169391958633,1778.8935513566905,nan,0,2.7990000089630485,22.60789999854751
603,20.100000000000158,SEARCH,0,0,0,0,3.3606787249456915,15.418008676272713,-8.396486299725797,-3.78024251473912,-8.403331489640479,-3.773653275364079,nan,nan,22.51026043373979,1800.8208346991833,nan,0,2.6092999905813485,21.218400012003258
604,20.133333333333493,SEARCH,0,0,0,0,3.289059644274015,15.412073040176821,-8.760523587765404,-3.9365550877509596,-8.757042193369909,-3.9408743980660246,nan,nan,22.7957264422584,1823.658115380672,nan,0,3.8417000032495707,19.315000012284145
605,20.166666666666828,SEARCH,0,0,0,0,3.2173798493572026,15.405703297812348,-9.118716341543637,-4.105876881666446,-9.112825718162938,-4.113617978855673,nan,nan,23.087612965377982,1847.0090372302386,nan,0,3.100900008575991,21.168600011151284
606,20.200000000000163,SEARCH,0,0,0,0,3.1456410505403363,15.398899685479211,-9.470615827894193,-4.2879583782366035,-9.479537700208098,-4.289619939617819,nan,nan,23.388735397968414,1871.098831837473,nan,0,3.3891999919433147,18.005700025241822
607,20.233333333333498,SEARCH,0,0,0,0,3.073844959576365,15.391662455572712,-9.815784668400324,-4.482535470226469,-9.818141403645507,-4.478406651047107,nan,nan,23.685923218049705,1894.8738574439765,nan,0,3.5579999967012554,21.504399977857247
608,20.266666666666833,SEARCH,0,0,0,0,3.0019932895852808,15.383991876574166,-10.153797261387234,-4.689329976440081,-10.140228423368486,-4.688540225776136,nan,nan,23.992176569713653,1919.3741255770922,nan,0,2.0515999931376427,14.888900012010708
609,20.300000000000168,SEARCH,0,0,0,0,2.9300877550132607,15.37588823304096,-10.484240181758214,-4.9080501659449585,-10.469888026273647,-4.916381482083603,nan,nan,24.317392153157318,1945.3913722525856,nan,0,3.1925999792292714,12.749600020470098
610,20.333333333333503,SEARCH,0,0,0,0,2.8581300715917215,15.367351825595973,-10.806712558648625,-5.138391290631855,-10.808530587634849,-5.142026620682717,nan,nan,24.645734272427998,1971.6587417942399,nan,0,3.4143000084441155,16.681999986758456
611,20.366666666666838,SEARCH,0,0,0,0,2.7861219562963973,15.358382970916432,-11.120826430900586,-5.380036125257827,-11.121093618831638,-5.367800686127505,nan,nan,24.95967415730019,1996.7739325840153,nan,0,3.6709000123664737,21.075500000733882
612,20.400000000000173,SEARCH,0,0,0,0,2.7140651273063927,15.348982001722183,-11.426207080388929,-5.632655514133581,-11.417677087662785,-5.63265941800378,nan,nan,25.296944769997467,2023.755581599797,nan,0,4.271000012522563,23.847100004786626
613,20.433333333333508,SEARCH,0,0,0,0,2.641961303963146,15.339149266763313,-11.722493343255994,-5.895908923629705,-11.715914035595922,-5.90414277292802,nan,nan,25.64032060934363,2051.2256487474906,nan,0,3.2190000056289136,23.38709999457933
614,20.466666666666843,SEARCH,0,0,0,0,2.5698122067294236,15.328885130807238,-12.009337899138712,-6.169444999690555,-12.01644138579312,-6.177621489281333,nan,nan,25.986316031043923,2078.905282483514,nan,0,3.9399000233970582,17.227299977093935
615,20.500000000000178,SEARCH,0,0,0,0,2.497619557148287,15.318189974625174,-12.286407538496631,-6.452902129559457,-12.291247034861478,-6.44975402924507,nan,nan,26.31641999269454,2105.313599415563,nan,0,4.1671000071801245,21.066499990411103
616,20.533333333333513,SEARCH,0,0,0,0,2.4253850778019777,15.307064194977986,-12.553383408173646,-6.745909006934147,-12.549643014928902,-6.7426777897710775,nan,nan,26.65412891039744,2132.3303128317953,nan,0,2.487299992935732,21.30710001802072
617,20.566666666666848,SEARCH,0,0,0,0,2.353110492270832,15.295508204601497,-12.80996123534955,-7.048085199787276,-12.803293676405044,-7.055101601712946,nan,nan,27.00493188360924,2160.394550688739,nan,0,3.2897999917622656,21.458400005940348
618,20.600000000000183,SEARCH,0,0,0,0,2.2807975250921775,15.283522432191152,-13.055851530059858,-7.359041720103072,-13.048226283298618,-7.362043115258632,nan,nan,27.34594320702902,2187.6754565623214,nan,0,4.3021000165026635,19.889899995177984
619,20.633333333333518,SEARCH,0,0,0,0,2.2084479017191425,15.27110732238614,-13.290779766483963,-7.67838159479801,-13.300378680528436,-7.670138311246825,nan,nan,27.69159535275844,2215.3276282206753,nan,0,3.8456000038422644,18.43729999382049
620,20.666666666666853,SEARCH,0,0,0,0,2.136063348479505,15.258263335752885,-13.514486543222162,-8.005700437110422,-13.52394664578006,-7.998926094514607,nan,nan,28.03805936964353,2243.0447495714825,nan,0,3.633800020907074,28.634399990551174
621,20.700000000000188,SEARCH,0,0,0,0,2.0636455925345203,15.244990948767947,-13.726727722801973,-8.34058701776147,-13.717668981164074,-8.342622390199216,nan,nan,28.380017489470532,2270.4013991576426,nan,0,4.075100005138665,17.531299992697313
622,20.733333333333523,SEARCH,0,0,0,0,1.9911963618376731,15.231290653800382,-13.927274550672937,-8.682623835207702,-13.9212768433267,-8.69647578433115,nan,nan,28.735775789472747,2298.8620631578196,nan,0,2.4218999897129834,23.868000018410385
623,20.766666666666858,SEARCH,0,0,0,0,1.9187173850934625,15.217162959093432,-14.115913753967112,-9.031387684323448,-14.120051453824571,-9.029628710093622,nan,nan,29.071446680844883,2325.71573446759,nan,0,3.2165000156965107,21.328399976482615
624,20.800000000000193,SEARCH,0,0,0,0,1.8462103917161756,15.202608388745714,-14.29244762031963,-9.386450222869705,-14.294891030265191,-9.38005681509291,nan,nan,29.40820605951181,2352.6564847609447,nan,0,3.963900002418086,18.316200003027916
625,20.833333333333528,SEARCH,0,0,0,0,1.7736771117885821,15.187627482691747,-14.45669405705995,-9.747378535124623,-14.455222456323336,-9.748941927076872,nan,nan,29.752473428608777,2380.197874288702,nan,0,2.5498000031802803,20.60310001252219
626,20.866666666666863,SEARCH,0,0,0,0,1.701119276020679,15.172220796681938,-14.608486631099886,-10.113735692069586,-14.604782329526044,-10.117440330713702,nan,nan,30.09068605246941,2407.254884197553,nan,0,3.033500019228086,20.804999978281558
627,20.900000000000198,SEARCH,0,0,0,0,1.6285386157083817,15.156388902261941,-14.747674589859116,-10.485081307543645,-14.744664258563565,-10.483400552662529,nan,nan,30.42171224068302,2433.736979254642,nan,0,4.134299990255386,24.099200003547594
628,20.933333333333533,SEARCH,0,0,0,0,1.5559368626922394,15.140132386751501,-14.874122863582677,-10.860972089798272,-14.884072524841393,-10.857635681934308,nan,nan,30.75967901678061,2460.7743213424487,nan,0,4.184499994153157,24.85080002225004
629,20.966666666666868,SEARCH,0,0,0,0,1.4833157493160731,15.12345185322261,-14.987712049417905,-11.240962387903433,-14.992287688186298,-11.236739173234122,nan,nan,31.085449644184497,2486.8359715347597,nan,0,3.359399997862056,21.221600007265806
630,21.000000000000203,SEARCH,0,0,0,0,1.4106770083856595,15.106347920477177,-15.088338377630503,-11.624604732475348,-15.081203749875288,-11.630986532926915,nan,nan,31.414442293599407,2513.155383487953,nan,0,3.7767000030726194,18.673600017791614
631,21.033333333333537,SEARCH,0,0,0,0,1.3380223731274037,15.08882122302406,-15.175913660350814,-12.011450370215519,-15.170650163229062,-12.013987755816132,nan,nan,31.734815636082573,2538.785250886606,nan,0,3.8059999933466315,26.582099992083386
632,21.066666666666872,SEARCH,0,0,0,0,1.2653535771469453,15.070872411055513,-15.250365223251977,-12.401049791770063,-15.263507217127797,-12.39612716960315,nan,nan,32.05681370817155,2564.545096653724,nan,0,3.473500022664666,23.408499982906505
633,21.100000000000207,SEARCH,0,0,0,0,1.192672354387811,15.052502150423086,-15.31163582057158,-12.79295325243766,-15.320257125423991,-12.789949403245357,nan,nan,32.37095841218811,2589.676672975049,nan,0,4.205000004731119,23.48199998959899
634,21.133333333333542,SEARCH,0,0,0,0,1.1199804390900618,15.033711122612907,-15.359683533897453,-13.186711285273828,-15.349646266198896,-13.19372811804258,nan,nan,32.68083429009217,2614.466743207374,nan,0,3.993600024841726,21.478499984368682
635,21.166666666666877,SEARCH,0,0,0,0,1.0472795657488723,15.014500024720418,-15.39448165514677,-13.581875206158559,-15.391942620556007,-13.58954673352845,nan,nan,32.99150674095965,2639.3205392767723,nan,0,2.9995999939274043,19.43399998708628
636,21.200000000000212,SEARCH,0,0,0,0,0.974571469073164,14.994869569424504,-15.416018554175144,-13.977997610413613,-15.419952168886274,-13.97354934970931,nan,nan,33.285878386938215,2662.870270955057,nan,0,1.5552000259049237,11.907899985089898
637,21.233333333333547,ACQUIRING,0,0,0,0,0.9018578839442343,14.974820484961045,-15.42429753145954,-14.37463286057499,-15.424953060250767,-14.370434989839335,-14.434910412345968,-14.880882860574989,33.58137541091472,2686.5100328731774,2685.1645569306847,1,2.1538000146392733,11.97439999668859
638,21.266666666666882,ACQUIRING,0,0,0,0,0.8291405453743196,14.95435351509593,-15.343687619855046,-14.682379221847476,-15.34020607009018,-14.68678073656012,-14.434910412345968,-14.880882860574989,33.76454663838581,2701.1637310708647,2681.053621225254,0,5.64200000371784,19.015700003365055
639,21.300000000000217,ACQUIRING,0,0,0,0,0.7564211884652169,14.933469419097426,-15.195200711780078,-14.901236694231075,-15.188804599010084,-14.908723534106167,-14.434910412345968,-14.880882860574989,33.834992325546665,2706.799386043733,2676.9202096883946,0,4.77219998720102,26.936300011584535
640,21.333333333333552,ACQUIRING,0,0,0,0,0.6837015483669028,14.912168971708047,-15.074433088041443,-15.031205277725785,-15.075541063809332,-15.035154293202154,-14.434910412345968,-14.880882860574989,33.84074317213591,2707.259453770873,2672.764399762569,0,2.88759998511523,18.051100021693856
641,21.366666666666887,ACQUIRING,0,0,0,0,0.6109833602360907,14.890452963115797,-14.972052147000378,-15.072284972331607,-14.986540905258687,-15.067225585789455,-14.434910412345968,-14.880882860574989,33.77492068461799,2701.993654769439,2668.5862697904117,0,3.8702000165358186,13.106600003084168
642,21.400000000000222,SEARCH,0,0,0,0,0.5382683591948492,14.868322198924854,-14.885516949923137,-15.038521010795304,-14.88009419172795,-15.045320988600265,nan,nan,33.653409225549,2692.2727380439196,nan,0,5.06560000940226,25.7401000126265
643,21.433333333333557,SEARCH,0,0,0,0,0.4655582802892195,14.845777500125683,-14.887870641734784,-15.093645938147889,-14.882156185468927,-15.109833054342756,nan,nan,33.658445344570254,2692.6756275656203,nan,0,4.516599990893155,20.841000019572675
644,21.466666666666892,SEARCH,0,0,0,0,0.3928548584477766,14.822819703064598,-14.975995779374445,-15.237659754389364,-14.977234227063255,-15.242180323277397,nan,nan,33.76601642303233,2701.2813138425868,nan,0,4.398999997647479,25.866399984806776
645,21.500000000000227,SEARCH,0,0,0,0,0.3201598284402519,14.7994496594127,-15.029702152271037,-15.470562459519728,-15.03862618605763,-15.46198991267485,nan,nan,33.935925400882205,2714.8740320705765,nan,0,4.211099992971867,19.852600002195686
646,21.533333333333562,SEARCH,0,0,0,0,0.24747492483615968,14.775668236134324,-15.053302755672084,-15.79235405353898,-15.062831465304408,-15.791797617825566,nan,nan,34.18735805079098,2734.9886440632786,nan,0,3.5479999787639827,22.574200003873557
647,21.566666666666897,SEARCH,0,0,0,0,0.17480188196336932,14.751476315454862,-15.050274225277818,-16.203034536447124,-15.04617221329993,-16.21939586022787,nan,nan,34.50902745269932,2760.7221962159456,nan,0,4.029599978821352,19.18660002411343
648,21.600000000000232,SEARCH,0,0,0,0,0.10214243386674215,14.726874794828001,-15.023426679115564,-16.622957130242945,-15.020736475319254,-16.637557305754523,nan,nan,34.81995214663504,2785.5961717308032,nan,0,3.1806999759282917,24.541799997678027
649,21.633333333333567,SEARCH,0,0,0,0,0.02949831426677596,14.701864586902493,-14.975039533908447,-17.03447941493565,-14.975033932863322,-17.03436954880844,nan,nan,35.10448041307307,2808.3584330458452,nan,0,3.9271000132430345,20.336799992946908
650,21.666666666666902,SEARCH,0,0,0,0,-0.04312874348180329,14.676446619488237,-14.906970099179414,-17.438362699149085,-14.915807935253063,-17.43190226092196,nan,nan,35.385627791060664,2830.850223284853,nan,0,4.273500002454966,27.44539998820983
651,21.700000000000237,SEARCH,0,0,0,0,-0.11573700643137441,14.650621835521905,-14.820740391779895,-17.835138709900395,-14.825132257831202,-17.833985297166997,nan,nan,35.659725310594396,2852.7780248475515,nan,0,2.051800023764372,14.426499983528629
652,21.733333333333572,SEARCH,0,0,0,0,-0.18832474208278382,14.624391193031938,-14.717606525090783,-18.225157031368326,-14.719386386381986,-18.22643130032862,nan,nan,35.921139890052316,2873.691191204185,nan,0,3.3959999855142087,20.26700001442805
653,21.766666666666907,SEARCH,0,0,0,0,-0.26089021842665794,14.597755665103021,-14.598614156389795,-18.58012562509466,-14.601727091168748,-18.572072566323712,nan,nan,36.13719838494613,2890.9758707956903,nan,0,3.2982999982777983,23.734599992167205
654,21.800000000000242,SEARCH,0,0,0,0,-0.3334317039847705,14.57071623983995,-14.464642779275785,-18.86410050007573,-14.47728225067463,-18.860859049755152,nan,nan,36.300395791657216,2904.0316633325774,nan,0,3.3654000144451857,18.18949999869801
655,21.833333333333577,SEARCH,0,0,0,0,-0.40594746785133706,14.543273920331032,-14.316441090757383,-19.091280400060583,-14.314301269012741,-19.08929617141215,nan,nan,36.39494575396835,2911.595660317468,nan,0,4.3012000096496195,21.48460000171326
656,21.866666666666912,SEARCH,0,0,0,0,-0.4784357797342964,14.515429724610811,-14.154655216786034,-19.273024320048467,-14.143949844058158,-19.272343486400246,nan,nan,36.44667190843287,2915.7337526746296,nan,0,4.329799994593486,18.81029998185113
657,21.900000000000247,SEARCH,0,0,0,0,-0.5508949099966365,14.487184685622362,-13.979851223350952,-19.418419456038773,-13.96970428651639,-19.419923388747616,nan,nan,36.465825412986064,2917.2660330388853,nan,0,3.3870000042952597,17.41010000114329
658,21.933333333333582,SEARCH,0,0,0,0,-0.6233231296976449,14.458539851178932,-13.792533054922725,-19.534735564831017,-13.804805925743812,-19.524952278111883,nan,nan,36.45036661000863,2916.0293288006906,nan,0,3.1493999995291233,17.310099996393546
659,21.966666666666917,SEARCH,0,0,0,0,-0.6957187106341436,14.429496283925062,-13.593156813766761,-19.627788451864813,-13.602646704108677,-19.619726042990433,nan,nan,36.41343613690498,2913.074890952398,nan,0,3.3294000022578984,14.818099996773526
660,22.000000000000252,SEARCH,0,0,0,0,-0.7680799253817658,14.400055061297218,-13.382142111034375,-19.70223076149185,-13.378483270538819,-19.704467839706695,nan,nan,36.36125348269292,2908.900278615434,nan,0,3.4416000125929713,15.570699993986636
661,22.033333333333587,SEARCH,0,0,0,0,-0.840405047336152,14.370217275483746,-13.159881074447624,-19.76178460919348,-13.157808987585524,-19.76226813067161,nan,nan,36.28698113412962,2902.9584907303697,nan,0,2.674099989235401,17.230500001460314
662,22.066666666666922,SEARCH,0,0,0,0,-0.9126923507541305,14.339984033384429,-12.926745480519575,-19.809427687354784,-12.935266123023682,-19.804084561088292,nan,nan,36.19889087104358,2895.9112696834864,nan,0,3.213899995898828,11.667999991914257
663,22.100000000000257,SEARCH,0,0,0,0,-0.9849401107949334,14.309356456569374,-12.68309238575092,-19.84754214988383,-12.684576995444093,-19.844856671167168,nan,nan,36.102517607605904,2888.201408608472,nan,0,2.476800000295043,14.35240000137128
664,22.133333333333592,SEARCH,0,0,0,0,-1.0571466035613348,14.278335681237435,-12.429268556442164,-19.878033719907062,-12.421644491506573,-19.884588886263447,nan,nan,36.00357242343969,2880.2857938751754,nan,0,4.67589998152107,15.974400012055412
665,22.166666666666927,SEARCH,0,0,0,0,-1.1293101061407629,14.246922858174031,-12.165613936917932,-19.90242697592565,-12.16339440479328,-19.90491429458173,nan,nan,35.8900960881706,2871.2076870536484,nan,0,4.344799992395565,20.238299999618903
666,22.200000000000262,SEARCH,0,0,0,0,-1.2014288966464501,14.215119152708471,-11.892464348084443,-19.92194158074052,-11.898060123152014,-19.920019975418633,nan,nan,35.771855457782,2861.7484366225603,nan,0,3.2655999821145087,18.343000003369525
667,22.233333333333597,SEARCH,0,0,0,0,-1.273501254258501,14.182925744670746,-11.61015356993955,-19.937553264592417,-11.618515517089987,-19.935997231499023,nan,nan,35.652773035936384,2852.22184287491,nan,0,3.061299998080358,22.36939998692833
668,22.266666666666932,SEARCH,0,0,0,0,-1.3455254592649308,14.15034382834773,-11.319014931011923,-19.950042611673933,-11.314039023923915,-19.956114401842818,nan,nan,35.53338930775564,2842.6711446204513,nan,0,1.6441000043414533,11.775199993280694
669,22.300000000000267,SEARCH,0,0,0,0,-1.4174997931027384,14.117374612438894,-11.019382503190245,-19.960034089339146,-11.00894586713465,-19.97126441461816,nan,nan,35.4123022198227,2832.984177585816,nan,0,2.3273999977391213,18.136800004867837
670,22.333333333333602,SEARCH,0,0,0,0,-1.489422538398896,14.084019320011443,-10.711591980789324,-19.968027271471318,-10.723013820930248,-19.96789343037519,nan,nan,35.28160951448761,2822.528761159009,nan,0,2.6724999770522118,13.300699996761978
671,22.366666666666937,SEARCH,0,0,0,0,-1.5612919790113038,14.050279188454956,-10.395981307007144,-19.974421817177053,-10.407740678329555,-19.965890098443335,nan,nan,35.14768025836971,2811.814420669577,nan,0,1.6762000159360468,9.980599978007376
672,22.400000000000272,SEARCH,0,0,0,0,-1.633106400069782,14.016155469435505,-10.072891098371137,-19.979537453741642,-10.07379631377807,-19.977778907822444,nan,nan,35.02617336599442,2802.0938692795535,nan,0,2.6332999987062067,16.627000004518777
673,22.433333333333607,SEARCH,0,0,0,0,-1.704864088016964,13.98164942884919,-9.742664907725732,-19.983629962993312,-9.738652703674997,-20.001153439826385,nan,nan,34.9195167539922,2793.5613403193756,nan,0,2.934500022092834,13.87529997737147
674,22.466666666666942,SEARCH,0,0,0,0,-1.776563330649171,13.946762346775202,-9.40564935827454,-19.98690397039465,-9.41276076772127,-19.99131565907135,nan,nan,34.78655846773106,2782.924677418485,nan,0,2.9088000010233372,12.124200002290308
675,22.500000000000277,SEARCH,0,0,0,0,-1.8482024171573,13.91149551742829,-9.062194174757938,-19.98952317631572,-9.065049526601237,-19.98706721530773,nan,nan,34.65826651098304,2772.6613208786434,nan,0,4.445300000952557,19.605000008596107
676,22.533333333333612,SEARCH,0,0,0,0,-1.9197796381676207,13.87585024911083,-8.712652132699121,-19.991618541052578,-8.715888106367428,-19.991303195896336,nan,nan,34.54230989350882,2763.3847914807056,nan,0,4.103699990082532,21.94720000261441
677,22.566666666666947,SEARCH,0,0,0,0,-1.9912932857825791,13.839827864164189,-8.357378942531687,-19.99329483284206,-8.350268615384843,-20.001290136068445,nan,nan,34.433382563264956,2754.6706050611965,nan,0,3.706199990119785,19.914800010155886
678,22.600000000000282,SEARCH,0,0,0,0,-2.0627416536215173,13.803429698919766,-7.996733082124099,-19.994635866273647,-8.000444969966974,-20.000759859854902,nan,nan,34.32170672327514,2745.7365378620116,nan,0,3.4018000005744398,18.03569999174215
679,22.633333333333617,SEARCH,0,0,0,0,-2.1341230368614346,13.76665710364936,-7.631075588576476,-19.99570869301892,-7.643101610929005,-19.99094411547036,nan,nan,34.20415888453696,2736.332710762957,nan,0,3.95740001113154,23.48029997665435
680,22.666666666666952,SEARCH,0,0,0,0,-2.205435732277641,13.729511442515104,-7.2607698180514575,-19.996566954415137,-7.275729468201774,-19.99413906183546,nan,nan,34.102675582835666,2728.214046626853,nan,0,4.289999982574955,18.04620001348667
681,22.700000000000287,SEARCH,0,0,0,0,-2.276678038284383,13.69199409351883,-6.8861811807080215,-19.99725356353211,-6.880537913996576,-19.998574537879872,nan,nan,34.00367539637707,2720.2940317101657,nan,0,3.2848000118974596,21.000799984904006
682,22.733333333333622,SEARCH,0,0,0,0,-2.3478482549754824,13.65410644845096,-6.507676856451115,-19.997802850825686,-6.497088647253468,-19.998986681290994,nan,nan,33.907917556700475,2712.633404536038,nan,0,2.0905999990645796,13.631599984364584
683,22.766666666666957,SEARCH,0,0,0,0,-2.418944684164875,13.615849912838916,-6.125625496123339,-19.99824228066055,-6.123253300875803,-19.99383265088001,nan,nan,33.81320251561202,2705.0562012489613,nan,0,3.6743000091519207,16.582899988861755
684,22.800000000000292,SEARCH,0,0,0,0,-2.489965629427116,13.577225905894922,-5.74039691189372,-19.998593824528438,-5.747292024395092,-19.9857325611883,nan,nan,33.72065177760519,2697.652142208415,nan,0,3.866000013658777,20.602600008714944
685,22.833333333333627,SEARCH,0,0,0,0,-2.560909396137894,13.538235860463391,-5.352361759899767,-19.99887505962275,-5.3453108602713275,-19.99799993596907,nan,nan,33.6516270469555,2692.1301637564397,nan,0,2.4791999894659966,15.733700012788177
686,22.866666666666962,SEARCH,0,0,0,0,-2.6317742915144495,13.498881222967738,-4.961891217638212,-19.9991000476982,-4.9558521060366845,-20.00782666927411,nan,nan,33.587212022791896,2686.9769618233518,nan,0,2.566500013926998,17.38959999056533
687,22.900000000000297,SEARCH,0,0,0,0,-2.702558624655944,13.459163453356739,-4.569356658149249,-19.99928003815856,-4.565450226088058,-20.002283803107986,nan,nan,33.51326330896257,2681.061064717006,nan,0,3.0373000190593302,11.870099988300353
688,22.933333333333632,SEARCH,0,0,0,0,-2.7732607065838475,13.419084025050394,-4.175129322676764,-19.999424030526846,-4.181496682335738,-19.994413760879727,nan,nan,33.44316018042791,2675.452814434233,nan,0,3.3224000071641058,10.11930001550354
689,22.966666666666967,SEARCH,0,0,0,0,-2.8438788502822177,13.378644424885234,-3.779579993195322,-19.999539224421476,-3.7862236203651505,-19.995740301977886,nan,nan,33.38768589708452,2671.014871766762,nan,0,3.2648000051267445,14.61010001366958
690,23.000000000000302,SEARCH,0,0,0,0,-2.9144113707379358,13.33784615305919,-3.38307866595955,-19.99963137953718,-3.3773168450601125,-20.00072689493068,nan,nan,33.34178661011305,2667.342928809044,nan,0,5.153999984031543,15.069800021592528
691,23.033333333333637,SEARCH,0,0,0,0,-2.984856584980952,13.296690723075885,-2.9859942270413935,-19.999705103629744,-2.9798282204479216,-20.000857977933787,nan,nan,33.297549080684014,2663.803926454721,nan,0,3.1433000112883747,13.686299993423745
692,23.066666666666972,SEARCH,0,0,0,0,-3.055212812124419,13.255179661688581,-2.5886941306669895,-19.999764082903795,-2.589255058044796,-19.993267607656307,nan,nan,33.251712173224924,2660.136973857994,nan,0,4.0028000075835735,19.364100007805973
693,23.100000000000307,SEARCH,0,0,0,0,-3.125478373404787,13.21331450884343,-2.191544081039809,-19.999811266323036,-2.1934782953168166,-19.991689665326515,nan,nan,33.21808131653903,2657.4465053231224,nan,0,3.4619000216480345,12.425499997334555
694,23.133333333333642,SEARCH,0,0,0,0,-3.195651592221893,13.171096817622447,-1.794907718235067,-19.99984901305843,-1.7875810137291432,-20.004572467710787,nan,nan,33.20553711783352,2656.442969426682,nan,0,4.162299999734387,19.292699988000095
695,23.166666666666977,SEARCH,0,0,0,0,-3.2657307941789506,13.128528154185837,-1.399146308667033,-19.999879210446743,-1.3911907556707173,-20.003362763283217,nan,nan,33.184877521591645,2654.7902017273314,nan,0,2.5627999857533723,15.360200020950288
696,23.200000000000312,SEARCH,0,0,0,0,-3.3357143071224797,13.085610097713916,-1.0046184405625538,-19.999903368357394,-1.0103485733758315,-19.99939733083785,nan,nan,33.16662542893095,2653.3300343144756,nan,0,2.9451000154949725,14.562099997419864
697,23.233333333333647,SEARCH,0,0,0,0,-3.4056004611822486,13.042344240348502,-0.6116797248174325,-19.999922694685914,-0.6169749555394286,-19.992168805434655,nan,nan,33.152005736949604,2652.1604589559684,nan,0,3.658899979200214,14.887299999827519
698,23.266666666666982,SEARCH,0,0,0,0,-3.4753875888110963,12.998732187133868,-0.2206825015653941,-19.99993815574873,-0.22220712682726104,-20.0067109512729,nan,nan,33.16538044227498,2653.2304353819986,nan,0,2.7378000086173415,19.43000001483597
699,23.300000000000317,SEARCH,0,0,0,0,-3.545074024824702,12.954775555957223,0.16802444725009075,-19.999950524598983,0.16867801276650296,-20.005168976871555,nan,nan,33.16850762099288,2653.48060967943,nan,0,3.5619999980553985,14.01899999473244
700,23.333333333333652,SEARCH,0,0,0,0,-3.61465810644136,12.910475977488659,0.5540961790441408,-19.999960419679187,0.5513031943611547,-19.99120578447895,nan,nan,33.164376917493506,2653.1501533994806,nan,0,3.3752000017557293,13.228900003014132
701,23.366666666666987,SEARCH,0,0,0,0,-3.6841381733216254,12.865835095120682,0.9371918652702539,-19.99996833574335,0.9306755184329377,-19.9867329281463,nan,nan,33.1751071005504,2654.0085680440325,nan,0,4.234199994243681,20.78839999740012
702,23.400000000000322,SEARCH,0,0,0,0,-3.753512567607946,12.82085456490721,1.3169750594074228,-19.99997466859468,1.318923628369547,-19.994421549364805,nan,nan,33.20499895223872,2656.3999161790975,nan,0,3.022100019734353,18.57909999671392
703,23.433333333333657,SEARCH,0,0,0,0,-3.8227796339641955,12.77553605550216,1.6931139580715444,-19.999979734875744,1.701805817279228,-20.005965493198246,nan,nan,33.2437646513679,2659.501172109432,nan,0,2.85649998113513,14.93760000448674
704,23.466666666666992,SEARCH,0,0,0,0,-3.891937719615208,12.729881248097572,2.0652816550868667,-19.999983787900597,2.0688298600593304,-19.999937167095496,nan,nan,33.268179445686684,2661.4543556549347,nan,0,2.2421999892685562,12.401699990732595
705,23.500000000000327,SEARCH,0,0,0,0,-3.960985174386196,12.683891836361202,2.433156388369782,-19.999987030320476,2.4261875108197155,-19.997770001143618,nan,nan,33.29995488542979,2663.996390834383,nan,0,1.6768999921623617,9.440499998163432
706,23.533333333333662,SEARCH,0,0,0,0,-4.029920350742107,12.63756952637373,2.7964217794922477,-19.99998962425638,2.8007023588272455,-19.99697309044517,nan,nan,33.34172728593187,2667.338182874549,nan,0,4.218499991111457,16.91410000785254
707,23.566666666666997,SEARCH,0,0,0,0,-4.098741603826972,12.59091603656539,3.15476706580566,-19.999991699405104,3.1605188780732543,-20.005738690018,nan,nan,33.395190703275965,2671.6152562620773,nan,0,3.554199996870011,19.727300008526072
708,23.600000000000332,SEARCH,0,0,0,0,-4.167447291503135,12.543933097652342,3.5078873250184777,-19.999993359524083,3.5118909198947637,-20.006580001369617,nan,nan,33.44410468789135,2675.5283750313074,nan,0,4.9408999911975116,14.256599999498576
709,23.633333333333667,SEARCH,0,0,0,0,-4.236035774390418,12.49662245257234,3.8554836921324283,-19.999994687619267,3.8482573983180717,-19.996813254511522,nan,nan,33.48401350126196,2678.721080100957,nan,0,2.9678000137209892,19.2832000029739
710,23.666666666667002,SEARCH,0,0,0,0,-4.304505415905272,12.448985856420181,4.197263568652894,-19.999995750095415,4.186792972957717,-19.98862741673929,nan,nan,33.53059652299312,2682.44772183945,nan,0,3.348600002937019,15.821500011952594
711,23.700000000000337,SEARCH,0,0,0,0,-4.372854582299814,12.401025076382535,4.532940823999257,-19.999996600076333,4.52945944077731,-20.003630824954083,nan,nan,33.60525136120106,2688.420108896085,nan,0,3.352400002768263,17.360500001814216
712,23.733333333333672,SEARCH,0,0,0,0,-4.4410816427007855,12.352741891672416,4.862235989050568,-19.999997280061066,4.862482641422965,-20.00928852176182,nan,nan,33.672797936448134,2693.823834915851,nan,0,2.785000018775463,15.30050000292249
713,23.766666666667007,SEARCH,0,0,0,0,-4.50918496914851,12.304138093463132,5.184876441771088,-19.999997824048855,5.181517083908509,-19.999839278033534,nan,nan,33.72620139148926,2698.096111319141,nan,0,2.6248999929521233,12.597699998877943
714,23.80000000000034,SEARCH,0,0,0,0,-4.577162936635713,12.255215484821877,5.500596584868991,-19.999998259239085,5.490827038506458,-20.001127205939483,nan,nan,33.79106488294497,2703.2851906355977,nan,0,1.6142000094987452,18.8209000043571
715,23.833333333333677,SEARCH,0,0,0,0,-4.64501392314628,12.205975880642862,5.809138015449978,-19.99999860739127,5.810549872378315,-19.999546389950495,nan,nan,33.86021971287205,2708.8175770297644,nan,0,3.3981000015046448,13.7760000070557
716,23.86666666666701,SEARCH,0,0,0,0,-4.712736309693999,12.15642110757994,6.1102496866356795,-19.999998885913016,6.117955809549845,-20.00269349617133,nan,nan,33.93394383031626,2714.7155064253006,nan,0,2.078099991194904,12.945399997988716
717,23.900000000000347,SEARCH,0,0,0,0,-4.780328480361167,12.106553003978886,6.403688061124582,-19.999999108730414,6.397596103789416,-20.0017508776168,nan,nan,33.99837019861174,2719.8696158889393,nan,0,2.4984999909065664,11.527299997396767
718,23.93333333333368,SEARCH,0,0,0,0,-4.847788822337134,12.05637341980914,6.689217256680797,-19.99999928698433,6.67760990016542,-19.9945813102989,nan,nan,34.06021894856371,2724.817515885097,nan,0,3.266499988967553,11.939799995161593
719,23.966666666667017,SEARCH,0,0,0,0,-4.915115725956819,12.005884216595213,6.966609183543456,-19.999999429587465,6.967052864762056,-19.997602987011003,nan,nan,34.13808904449183,2731.047123559346,nan,0,3.714799997396767,15.646800020476803
720,24.00000000000035,SEARCH,0,0,0,0,-4.982307584739106,11.95508726734767,7.2356436737565915,-19.999999543669972,7.247723332977288,-20.00006114486493,nan,nan,34.21556906285255,2737.2455250282037,nan,0,3.6515000101644546,20.857700001215562
721,24.033333333333687,SEARCH,0,0,0,0,-5.049362795425145,11.903984456493584,7.496108602426411,-19.99999963493598,7.496522336429251,-20.007426850222146,nan,nan,34.28902747714011,2743.122198171209,nan,0,3.0300999933388084,14.240099990274757
722,24.06666666666702,SEARCH,0,0,0,0,-5.116279758016661,11.85257767980667,7.747800000919662,-19.99999970794878,7.743648265655697,-19.99705329519345,nan,nan,34.34787827534214,2747.830262027371,nan,0,3.626900026574731,14.995799981988966
723,24.100000000000357,SEARCH,0,0,0,0,-5.183056875814098,11.80086884433689,7.990522162023311,-19.999999766359025,7.987379011773129,-19.99334797774292,nan,nan,34.41413379410367,2753.130703528294,nan,0,3.704500006278977,21.166999998968095
724,24.13333333333369,SEARCH,0,0,0,0,-5.2496925554547085,11.748859868339823,8.224087737092276,-19.9410698100952,8.229721147625336,-19.94967347296356,nan,nan,34.445487509520085,2755.639000761607,nan,0,3.8773000123910606,13.345099985599518
725,24.166666666667027,SEARCH,0,0,0,0,-5.316185206950606,11.696552681205372,8.448317825218139,-19.82299441530025,8.456128470506192,-19.83404565769664,nan,nan,34.40719773011795,2752.575818409436,nan,0,4.055700002936646,15.132300002733245
726,24.20000000000036,SEARCH,0,0,0,0,-5.382533243726679,11.643949223386295,8.663042054457845,-19.656566464125945,8.657356159719729,-19.653489027235633,nan,nan,34.30230510494155,2744.184408395324,nan,0,2.4204000073950738,9.749399992870167
727,24.233333333333697,SEARCH,0,0,0,0,-5.44873508265846,11.59105144632617,8.86809865516735,-19.45048023952392,8.863537345930315,-19.447195238182818,nan,nan,34.179144215714,2734.3315372571196,nan,0,4.276399995433167,14.032000006409362
728,24.26666666666703,SEARCH,0,0,0,0,-5.514789144109878,11.537861312387015,9.063334525490825,-19.211751655424592,9.071172306134386,-19.21367982712158,nan,nan,34.03538678908911,2722.8309431271286,nan,0,3.53509999695234,17.5362000009045
729,24.300000000000367,SEARCH,0,0,0,0,-5.580693851970985,11.484380794776463,9.248605289061734,-18.946054388202924,9.257826577578527,-18.955749844596557,nan,nan,33.86418819166133,2709.1350553329057,nan,0,3.4405999758746475,18.787700013490394
730,24.3333333333337,SEARCH,0,0,0,0,-5.646447633695546,11.430611877474576,9.42377534497735,-18.657988729372917,9.424877387896242,-18.657726363700505,nan,nan,33.65193807229856,2692.155045783885,nan,0,3.7404999893624336,21.548999997321516
731,24.366666666667037,SEARCH,0,0,0,0,-5.71204892033854,11.376556555160285,9.588717910113653,-18.351296615503554,9.584088584682705,-18.340050684279532,nan,nan,33.422276529219914,2673.782122337593,nan,0,3.9074999804142863,14.115800004219636
732,24.40000000000037,SEARCH,0,0,0,0,-5.77749614659364,11.322216833137338,9.743315053852552,-18.029033600188797,9.737605003988534,-18.02736913354634,nan,nan,33.19814091374021,2655.8512730992165,nan,0,4.227199999149889,17.75839997571893
733,24.433333333333707,SEARCH,0,0,0,0,-5.842787750830534,11.267594727259953,9.887457725298338,-17.693706379975286,9.902761269513254,-17.69928704502079,nan,nan,32.96972176954697,2637.5777415637576,nan,0,3.926700010197237,21.503299998585135
734,24.46666666666704,SEARCH,0,0,0,0,-5.90792217513218,11.212692263857976,10.02104577306499,-17.34738276380736,10.026809173657954,-17.35115602990846,nan,nan,32.7079362312485,2616.6348984998804,nan,0,2.310999989276752,14.8308000061661
735,24.500000000000377,SEARCH,0,0,0,0,-5.9728978653320075,11.157511479661748,10.143987957720556,-16.991779597672892,10.14061816769294,-16.988218525643266,nan,nan,32.4318904240576,2594.551233924608,nan,0,3.7727000017184764,12.243300006957725
736,24.53333333333371,SEARCH,0,0,0,0,-6.037713271050987,11.102054421726578,10.256201956979295,-16.628333053831575,10.252274152336302,-16.62432651952962,nan,nan,32.15767234041934,2572.613787233547,nan,0,3.270700020948425,17.966299987165257
737,24.566666666667047,SEARCH,0,0,0,0,-6.102366845734604,11.046323147356752,10.357614363736504,-16.258254812165042,10.368902242603433,-16.259740123934915,nan,nan,31.889242649461337,2551.139411956907,nan,0,3.9464000146836042,19.090599991614
738,24.60000000000038,SEARCH,0,0,0,0,-6.166857046689797,10.990319724029249,10.448160677045049,-15.882576955713319,10.451984549288099,-15.890407652924134,nan,nan,31.603154910646122,2528.25239285169,nan,0,3.913499996997416,18.810799985658377
739,24.633333333333717,SEARCH,0,0,0,0,-6.231182335121752,10.934046229316976,10.527785286136599,-15.502187838081404,10.524575255861405,-15.49514018920597,nan,nan,31.293087210961264,2503.446976876901,nan,0,3.6693000001832843,15.724800003226846
740,24.66666666666705,SEARCH,0,0,0,0,-6.295341176170598,10.877504750811816,10.596441447594335,-15.117860728894227,10.593428283132845,-15.107669973696982,nan,nan,30.99128650625449,2479.3029205003595,nan,0,4.108699999051169,15.65009998739697
741,24.700000000000387,SEARCH,0,0,0,0,-6.359332038948068,10.82069738604704,10.65409125578755,-14.730276682272763,10.662734043438457,-14.730708433743397,nan,nan,30.702199808495063,2456.175984679605,nan,0,4.048699978739023,18.995100021129474
742,24.73333333333372,SEARCH,0,0,0,0,-6.423153396574011,10.763626242419623,10.700705606681984,-14.340042784339008,10.706361316587147,-14.343397097809651,nan,nan,30.393796987464764,2431.503758997181,nan,0,3.716300008818507,20.158100000116974
743,24.766666666667057,SEARCH,0,0,0,0,-6.486803726212802,10.706293437111986,10.73626415514312,-13.947706704584247,10.732116898522506,-13.945254751066932,nan,nan,30.069753167511074,2405.580253400886,nan,0,4.16480001877062,17.38499998464249
744,24.80000000000039,SEARCH,0,0,0,0,-6.550281509109721,10.648701097013507,10.760755265852776,-13.553768290995576,10.758417642433413,-13.54583857635816,nan,nan,29.7483918275423,2379.871346203384,nan,0,3.0248999828472733,16.752000025007874
745,24.833333333333727,SEARCH,0,0,0,0,-6.613585230627165,10.59085135864155,10.774175957962349,-13.158688800883215,10.773505291621456,-13.158671778267104,nan,nan,29.43383709371626,2354.706967497301,nan,0,3.7327999889384955,15.290800016373396
746,24.86666666666706,SEARCH,0,0,0,0,-6.676713380280781,10.532746368062245,10.776531843608922,-12.762898240988035,10.783161749407125,-12.778108365561522,nan,nan,29.124614812155095,2329.969184972407,nan,0,3.999999986262992,17.787399992812425
747,24.900000000000396,SEARCH,0,0,0,0,-6.739664451775537,10.474388280810915,10.767837060423142,-12.366801195757521,10.768542039569637,-12.362101269544043,nan,nan,28.7757284795199,2302.058278361592,nan,0,4.00479999370873,23.85520000825636
748,24.93333333333373,SEARCH,0,0,0,0,-6.802436943041645,10.415779261812053,10.748114198160314,-11.97078144692417,10.736101776022556,-11.958381065009835,nan,nan,28.428918212454807,2274.3134569963845,nan,0,3.6432999768294394,16.605300013907254
749,24.966666666667066,SEARCH,0,0,0,0,-6.865029356270385,10.35692148529905,10.717394219588567,-11.575205626916363,10.707371341407034,-11.57254807622914,nan,nan,28.101439492127895,2248.1151593702316,nan,0,3.245300002163276,20.775800017872825
750,25.0000000000004,SEARCH,0,0,0,0,-6.927440197949884,10.297817134733481,10.675716375770198,-11.180426100147235,10.680490232632588,-11.188482316342489,nan,nan,27.779493842572794,2222.3595074058235,nan,0,1.8644999945536256,16.4531999907922
751,25.033333333333736,SEARCH,0,0,0,0,-6.989667978900724,10.238468402724138,10.623128115874396,-10.786783227438788,10.621596161046845,-10.789465314831018,nan,nan,27.428645993502784,2194.2916794802227,nan,0,3.184400004101917,14.239999989513308
752,25.06666666666707,SEARCH,0,0,0,0,-7.051711214311486,10.178877490945727,10.559684991661488,-10.394607137806751,10.555296117006357,-10.384315587294262,nan,nan,27.071232272249027,2165.6985817799223,nan,0,6.705299980239943,17.68429999356158
753,25.100000000000406,ACQUIRING,0,0,0,0,-7.1135684237741605,10.11904661005714,10.485450556780732,-10.004219107005502,10.487435721592412,-9.997499638296457,13.717852116959037,-7.435543401210555,26.729586227387816,2138.3668981910255,2179.338192694038,1,3.174100012984127,22.128699987661093
754,25.13333333333374,ACQUIRING,0,0,0,0,-7.175238131319501,10.058977979619485,10.500105010788864,-9.574679447314235,10.509624420669764,-9.578576522497924,13.676441612877266,-7.396197304358512,26.42702991836926,2114.162393469541,2175.464187485795,1,5.257699987851083,18.303099990589544
755,25.166666666667076,ACQUIRING,0,0,0,0,-7.236718865452233,9.998673828013665,10.603648353685886,-9.189679968906898,10.608711632921016,-9.195213396059698,13.648421944593355,-7.359780348811169,26.208103640719923,2096.648291257594,2172.563518890046,1,7.5594999943859875,19.535500003257766
756,25.20000000000041,ACQUIRING,0,0,0,0,-7.298009159186135,9.938136392357846,10.796080585471795,-8.8611071938891,10.79183131776567,-8.857389234144435,13.62457471297213,-7.337121791800208,26.08666540702487,2086.9332325619894,2170.6243322573414,1,5.953699990641326,20.79440001398325
757,25.233333333333746,ACQUIRING,0,0,0,0,-7.359107550079086,9.877367918424316,11.077401706146595,-8.586968175744653,11.073361344550898,-8.58197570755501,13.599705804182708,-7.311147744997045,26.086457725292743,2086.9166180234197,2168.4529828324544,1,3.998400003183633,20.35419997991994
758,25.26666666666708,ACQUIRING,0,0,0,0,-7.420012580267944,9.816370660556304,11.447611715710284,-8.352348134670917,11.454961356768383,-8.3505780139789,13.565284866245293,-7.28363436624831,26.197378977046483,2095.790318163719,2165.611792853562,1,3.6111999943386763,13.87070000055246
759,25.300000000000416,ACQUIRING,0,0,0,0,-7.480722796503308,9.75514688158427,11.760023478713908,-8.150116033527512,11.766577848598565,-8.150808693797167,13.530337094642764,-7.258644766212612,26.288435236629674,2103.074818930374,2162.8629086230612,1,5.307499988703057,19.02100001461804
760,25.33333333333375,ACQUIRING,0,0,0,0,-7.541236750184238,9.69369885274201,12.016874588168308,-7.97649735705065,12.003153487777343,-7.975233322799679,13.512714810628577,-7.235962499287406,26.347188730443712,2107.775098435497,2161.3067303935563,1,6.8060999910812825,24.312299996381626
761,25.366666666667086,ACQUIRING,0,0,0,0,-7.6015529973927904,9.632028853582332,12.236278589458411,-7.82769202403636,12.220131942461546,-7.819001176217094,13.490143086196776,-7.215322824691227,26.409044718728648,2112.723577498292,2159.5449924521554,1,3.6594000121112913,14.897999993991107
762,25.40000000000042,ACQUIRING,0,0,0,0,-7.661670098928461,9.570139171892531,12.41902724637051,-7.700333723404429,12.422941304247697,-7.707090844556259,13.457955698220243,-7.185434362138757,26.493287683069326,2119.463014645546,2156.720233340866,1,2.902800013544038,12.832599983084947
763,25.433333333333756,ACQUIRING,0,0,0,0,-7.7215866203425705,9.508032103609564,12.566148697632997,-7.5859230927680406,12.579851170956328,-7.587624853466392,13.42121752938855,-7.161368474889787,26.540720849065096,2123.2576679252074,2153.898170978915,1,2.5796999980229884,10.966000001644716
764,25.46666666666709,ACQUIRING,0,0,0,0,-7.781301131972446,9.4457099527348,12.682110468930471,-7.48656444067574,12.680154325985432,-7.494050998016021,13.390127270578837,-7.1331097555376894,26.563634173933668,2125.0907339146934,2151.221633991268,1,2.646900014951825,12.890499987406656
765,25.500000000000426,ACQUIRING,0,0,0,0,-7.840812208975548,9.383175031248612,12.77557792121068,-7.397123107206071,12.77155915087905,-7.396531738094729,13.35811224180747,-7.1095821057087845,26.578721044130415,2126.297683530433,2148.71933705439,1,6.152999994810671,18.650100013474002
766,25.53333333333376,ACQUIRING,0,0,0,0,-7.9001184313634845,9.320429659024537,12.84911232720917,-7.3190460793187855,12.84974710960423,-7.314412102678562,13.32375621966698,-7.084523440657153,26.59464006910304,2127.5712055282434,2145.992121372914,1,5.21069997921586,20.877700007986277
767,25.566666666667096,ACQUIRING,0,0,0,0,-7.959218384035879,9.257476163743252,12.904837777253567,-7.249162650197394,12.918344905400657,-7.253956805364394,13.28516106020532,-7.051936699201334,26.617664578203758,2129.413166256301,2142.627330590001,1,4.156800016062334,18.452199990861118
768,25.60000000000043,ACQUIRING,0,0,0,0,-8.018110656814128,9.194316880806266,12.943828034435887,-7.182541828057244,12.943303160077104,-7.186803030874711,13.255105246850459,-7.019776374340338,26.60304416347553,2128.243533078042,2139.826587322281,1,4.372800001874566,16.31540001835674
769,25.633333333333766,ACQUIRING,0,0,0,0,-8.076793844475066,9.130954153249224,12.973828090589784,-7.120084984634735,12.966864391688036,-7.112789308829528,13.22682256475349,-6.9943598317126225,26.583730995145537,2126.698479611643,2137.467395924675,1,3.695699997479096,20.349500002339482
770,25.6666666666671,ACQUIRING,0,0,0,0,-8.135266546784498,9.06739033165503,12.996071475913924,-7.064825781189566,12.99492178751119,-7.052732360357786,13.195869701017294,-6.9717879657196535,26.57711825327103,2126.1694602616826,2135.074876929251,1,2.544499991927296,15.911700000287965
771,25.700000000000436,ACQUIRING,0,0,0,0,-8.193527368530578,9.003627774066564,13.009964213439519,-7.016247148953914,13.010899799941141,-7.02202406374274,13.165461212543269,-6.940959116427981,26.57911300946106,2126.3290407568848,2132.320792848916,1,5.011800007196143,17.934100003913045
772,25.73333333333377,ACQUIRING,0,0,0,0,-8.25157491955714,8.939668845899337,13.017267270268903,-6.968551876212988,13.025780056936567,-6.974806414976545,13.131257449634257,-6.911711796633307,26.570591969784036,2125.647357582723,2129.4007245658922,1,3.503199986880645,16.821299999719486
773,25.766666666667106,ACQUIRING,0,0,0,0,-8.309407814796852,8.875515919853598,13.016958905097544,-6.92346769192899,13.010635812946196,-6.925086650434067,13.10488758863024,-6.8800891891651075,26.53682916011346,2122.946332809077,2126.8735965849214,1,3.006599989021197,15.691300010075793
774,25.80000000000044,ACQUIRING,0,0,0,0,-8.367024674304252,8.811171375826438,13.014725786202192,-6.879341537668933,13.00547277919616,-6.8740305329830464,13.07829655589821,-6.852393830719203,26.510548963007203,2120.8439170405763,2124.5220867141365,1,6.139500008430332,20.350800012238324
775,25.833333333333776,ACQUIRING,0,0,0,0,-8.424424123288698,8.74663760082343,13.009631568298058,-6.838486420723786,13.01605356749605,-6.838188243951018,13.04153593611046,-6.821329553322265,26.506242287826993,2120.4993830261596,2121.356611354957,1,6.341000000247732,15.502800000831485
776,25.86666666666711,ACQUIRING,0,0,0,0,-8.481604792147154,8.681916988870112,12.996776377581119,-6.79824409647963,13.0045625445831,-6.812514733467507,13.005232148368705,-6.78690259426472,26.490239735044987,2119.2191788035993,2118.0648390511824,1,8.95489999675192,21.085200016386807
777,25.900000000000446,ACQUIRING,0,0,0,0,-8.53856531649689,8.617011940923124,12.979033806987603,-6.757321238639716,12.980129768707501,-6.761775084427406,12.974088873042447,-6.759691586986116,26.44922170010092,2115.937736008074,2115.447643088595,1,7.694799976889044,19.061700004385784
778,25.93333333333378,ACQUIRING,0,0,0,0,-8.595304337207999,8.551924864781173,12.960035532624184,-6.7201096147332615,12.944327940081067,-6.7090200571900045,12.948455175386842,-6.742555563833777,26.39795822695897,2111.8366581567175,2113.657993932311,1,8.899600012227893,20.81789998919703
779,25.966666666667116,ACQUIRING,0,0,0,0,-8.651820500435871,8.486658174995746,12.942178851200037,-6.69018871160829,12.936308829862773,-6.687101190660421,12.919931104195044,-6.717560239484611,26.38731326354653,2110.9850610837225,2111.316139112655,1,3.838700009509921,11.230200005229563
780,26.00000000000045,ACQUIRING,0,0,0,0,-8.708112457653485,8.42121429278149,12.922872823407856,-6.660682446192977,12.9308936292046,-6.669274744166243,12.88453535457982,-6.687048779427534,26.381232795328597,2110.4986236262876,2108.272548000898,1,5.790300027001649,11.311599984765053
781,26.033333333333786,ACQUIRING,0,0,0,0,-8.764178865683553,8.355595645926417,12.89901692999379,-6.62939072024367,12.893528907256407,-6.632546095554455,12.855883911164389,-6.658423274857519,26.33819847371466,2107.0558778971726,2105.7602957655045,1,8.231700019678101,19.4222999853082
782,26.06666666666712,ACQUIRING,0,0,0,0,-8.820018386730618,8.289804668701791,12.875703876043522,-6.59832759680028,12.867655370489238,-6.593895506669952,12.829833761062725,-6.63273759451779,26.303606671138535,2104.2885336910826,2103.5564028475383,1,6.149300024844706,16.727699985494837
783,26.100000000000456,ACQUIRING,0,0,0,0,-8.875629688412952,8.223843801771856,12.853327699550922,-6.568858578704752,12.849564250425201,-6.552616758383307,12.801147794638348,-6.614198789954619,26.274090628715413,2101.927250297233,2101.5045124917283,1,6.528300000354648,20.362299983389676
784,26.13333333333379,ACQUIRING,0,0,0,0,-8.931011443794329,8.157715492103337,12.829878906764293,-6.543944045549169,12.833256633971148,-6.546216810728217,12.76530651458381,-6.586760415153188,26.265737951313966,2101.259036105117,2098.578235252749,1,7.517999998526648,20.274999988032505
785,26.166666666667126,ACQUIRING,0,0,0,0,-8.986162331415724,8.091422192874605,12.802113629270663,-6.517152904326201,12.807557000448286,-6.520563577708979,12.732547411140452,-6.5555033809884335,26.238832490714984,2099.1065992571985,2095.6866661181007,1,11.694999993778765,21.25530000193976
786,26.20000000000046,ACQUIRING,0,0,0,0,-9.04108103532683,8.024966363384706,12.773362910336958,-6.487874139684666,12.766629917080806,-6.479296056280203,12.70623324954402,-6.53287210912715,26.190644996300946,2095.2515997040755,2093.6113711524504,1,10.542200005147606,21.088900015456602
787,26.233333333333796,ACQUIRING,0,0,0,0,-9.095766245117435,7.958350468962062,12.746847905228643,-6.461557382730698,12.738343548947784,-6.45659971101137,12.677468391356753,-6.510801191985156,26.163316670300247,2093.0653336240202,2091.3996787949654,1,7.845399988582358,19.205399992642924
788,26.26666666666713,ACQUIRING,0,0,0,0,-9.150216655948727,7.89157698087313,12.720053000911362,-6.436925230742317,12.725413738264164,-6.442965047471396,12.641668905475438,-6.472892926847815,26.15381999453591,2092.305599562873,2088.0218727621073,1,9.02290001977235,14.247699989937246
789,26.300000000000466,ACQUIRING,0,0,0,0,-9.204430968584408,7.824648376230587,12.689628971222772,-6.405463385317556,12.693082453083036,-6.408372760079925,12.606763131699932,-6.439978390185601,26.116661056091523,2089.3328844873217,2084.9291822838463,1,8.406299981288612,19.478100002743304
790,26.3333333333338,ACQUIRING,0,0,0,0,-9.258407889421683,7.757567137901566,12.657645522492247,-6.373110198702857,12.653918870081482,-6.374098759704294,12.579964226320358,-6.410838276273967,26.074010912339418,2085.9208729871534,2082.5495277027076,1,6.197399983648211,17.459700000472367
791,26.366666666667136,ACQUIRING,0,0,0,0,-9.312146130522157,7.690335754415468,12.62857359411163,-6.341725484604235,12.613798458450471,-6.324507482288872,12.556156884166423,-6.386727026596225,26.022353411405653,2081.788272912452,2080.5943355228587,1,9.67349999700673,18.948899989482015
792,26.40000000000047,ACQUIRING,0,0,0,0,-9.36564440964255,7.622956719871687,12.602345650966999,-6.313345504913126,12.603615447347563,-6.309286017958212,12.52070311599488,-6.357918055483863,26.01452990868317,2081.1623926946536,2077.6557058333206,1,7.63030000962317,12.360699998680502
793,26.433333333333806,ACQUIRING,0,0,0,0,-9.418901450265281,7.555432533847027,12.571913202185744,-6.28430893875945,12.580213623513389,-6.287826259470795,12.484302438790074,-6.325898898705906,25.992246498679698,2079.3797198943757,2074.5184739726556,1,6.553999992320314,14.255700021749362
794,26.46666666666714,ACQUIRING,0,0,0,0,-9.471915981628948,7.487765701303012,12.53897471712343,-6.253592984102703,12.539224343573881,-6.257979856406162,12.452247663988395,-6.292238696429805,25.950641983447184,2076.0513586757747,2071.6099598313886,1,8.98159999633208,20.047199999680743
795,26.500000000000476,ACQUIRING,0,0,0,0,-9.524686738758646,7.419958732492995,12.506558519652057,-6.221171041472604,12.498414659186407,-6.217975579593249,12.422765632677958,-6.262547936489454,25.903865493106405,2072.3092394485125,2069.0506489200925,1,9.968600003048778,18.844900012481958
796,26.53333333333381,ACQUIRING,0,0,0,0,-9.577212462496126,7.3520141428689865,12.475479952998107,-6.1897604188559905,12.47083913009499,-6.183385665939129,12.392405713799832,-6.234910233538235,25.871289627960998,2069.70317023688,2066.5234757107487,1,12.244999990798533,19.19130000169389
797,26.566666666667146,ACQUIRING,0,0,0,0,-9.629491899529873,7.2839344529883645,12.444679573346086,-6.159820491273359,12.448917764108284,-6.167994089873561,12.359102892923111,-6.200843923899782,25.853637167673217,2068.2909734138575,2063.531030164334,1,10.166099993512034,15.692499990109354
798,26.60000000000048,ACQUIRING,0,0,0,0,-9.681523802425003,7.215722188420318,12.412637937283186,-6.127530132154883,12.413830553071605,-6.142175656947638,12.32353585310974,-6.164269256895958,25.819336144491572,2065.5468915593256,2060.286304796115,1,8.812100015347824,23.68049998767674
799,26.633333333333816,SEARCH,0,0,0,0,-9.733306929652997,7.14737987965219,12.37882146078878,-6.0928997575918356,12.372775547777405,-6.088515105098095,nan,nan,25.7656321200605,2061.2505696048397,nan,1,9.652200009441003,15.14339999994263
800,26.66666666666715,SEARCH,0,0,0,0,-9.784840045621374,7.078910061995648,12.256116095405485,-6.147158271917677,12.251160603350293,-6.145703444297484,nan,nan,25.699722313525303,2055.977785082024,nan,1,4.372399998828769,20.808100001886487
801,26.700000000000486,SEARCH,0,0,0,0,-9.836121920703139,7.010315275492567,12.044521841133301,-6.290305675132408,12.048354519505382,-6.296589459041055,nan,nan,25.612575479166384,2049.0060383333107,nan,1,4.921800020383671,14.821699995081872
802,26.73333333333382,SEARCH,0,0,0,0,-9.887151331266134,6.941598064820842,11.744038697972229,-6.495085170459645,11.750353087069126,-6.499904169486305,nan,nan,25.472643753021828,2037.8115002417462,nan,0,7.116699998732656,18.575900001451373
803,26.766666666667156,ACQUIRING,0,0,0,0,-9.93792705970223,6.87276097919991,11.354666665922267,-6.610975776897994,11.350108510738266,-6.6054901992586545,12.204618955998603,-6.029725776897994,25.196105121188065,2015.6884096950453,2050.196491732377,2,8.36360000539571,24.552799994125962
804,26.80000000000049,ACQUIRING,0,0,0,0,-9.988447894456389,6.803806572296315,11.054183522761193,-6.637977494447453,11.048673154720143,-6.631624173047235,12.204618955998603,-6.029725776897994,24.961395420741788,1996.9116336593431,2050.9225534461602,1,8.097700017970055,20.09049998014234
805,26.833333333333826,ACQUIRING,0,0,0,0,-10.038712630055569,6.734737402128823,10.842589268489009,-6.576090323108024,10.841704892975068,-6.5812948301544525,12.204618955998603,-6.029725776897994,24.765067137952443,1981.2053710361954,2051.6488125148694,1,8.14449999597855,14.78500000666827
806,26.86666666666716,ACQUIRING,0,0,0,0,-10.08872006713748,6.665556030973656,10.719883903105714,-6.487159553826791,10.721749937825587,-6.491867757820116,12.204618955998603,-6.029725776897994,24.620996376779388,1969.679710142351,2052.3752405160362,1,6.986199994571507,21.17059999727644
807,26.900000000000496,ACQUIRING,0,0,0,0,-10.138469012479213,6.5962650252693695,10.686067426611308,-6.414148629446782,10.687069841887531,-6.410165880059935,12.204618955998603,-6.029725776897994,24.553417551734917,1964.2734041387932,2053.101807437405,1,7.561500009614974,21.996499999659136
808,26.93333333333383,SEARCH,0,0,0,0,-10.187958279025715,6.526866955521674,10.74113983900579,-6.352296631966964,10.728007941364941,-6.340133058988572,nan,nan,24.556818448364393,1964.5454758691512,nan,1,6.963100022403523,24.36219999799505
809,26.966666666667166,SEARCH,0,0,0,0,-10.237186685918084,6.457364396208025,10.707323362511383,-6.379333523376035,10.709043141789808,-6.376085798924031,nan,nan,24.56505623657505,1965.2044989260041,nan,1,7.006300002103671,19.95270000770688
810,27.0000000000005,SEARCH,0,0,0,0,-10.286153058521789,6.387759925682151,10.584617997128088,-6.348132675872719,10.599327114228519,-6.359216022512743,nan,nan,24.46811553573763,1957.4492428590106,nan,1,8.522799995262176,21.738500014180318
811,27.033333333333836,SEARCH,0,0,0,0,-10.334856228454665,6.318056126078449,10.373023742855905,-6.252364252868325,10.378013877521319,-6.257562309604727,nan,nan,24.2315737637267,1938.5259010981358,nan,1,7.078099995851517,24.543300009099767
812,27.06666666666717,SEARCH,0,0,0,0,-10.383295033614795,6.248255583216128,10.075189271384872,-6.105985375655839,10.071418119142487,-6.098413474259733,nan,nan,23.892164551928182,1911.3731641542547,nan,1,7.480300002498552,16.424500005086884
813,27.100000000000506,SEARCH,0,0,0,0,-10.431468318208259,6.178360886503329,9.795572684950596,-5.9202113056085,9.787859860311539,-5.91848212060384,nan,nan,23.561724103496378,1884.9379282797101,nan,1,7.467099989298731,22.08900000550784
814,27.13333333333384,SEARCH,0,0,0,0,-10.479374932776697,6.108374628841,9.528691756138658,-5.704062810911268,9.534848126700867,-5.705917393720158,nan,nan,23.24105463762081,1859.2843710096647,nan,1,6.968200003029779,15.90200001373887
815,27.166666666667176,SEARCH,0,0,0,0,-10.527013734224726,6.038299406526748,9.270194696347207,-5.464804031622576,9.276625232323182,-5.47009180368921,nan,nan,22.90474153018869,1832.3793224150954,nan,1,7.401499984553084,21.381500002462417
816,27.20000000000051,SEARCH,0,0,0,0,-10.574383585847242,5.9681378191585654,9.016635235403793,-5.2082927444252185,9.011499099143183,-5.196964778908645,nan,nan,22.54476250874191,1803.581000699353,nan,1,4.282399982912466,14.092700002947822
817,27.233333333333846,SEARCH,0,0,0,0,-10.621483357356528,5.89789246953833,8.765292651742689,-4.939260548160317,8.755471417274727,-4.9303312031791915,nan,nan,22.19722514740311,1775.778011792249,nan,1,5.450500000733882,13.444799988064915
818,27.26666666666718,SEARCH,0,0,0,0,-10.668311924909206,5.8275659635752675,8.514027762536545,-4.661536987025721,8.512963038571852,-4.659965986597011,nan,nan,21.861144426368664,1748.891554109493,nan,1,3.7375999963842332,12.430300004780293
819,27.300000000000516,SEARCH,0,0,0,0,-10.714868171133089,5.757160910189303,8.261167681327965,-4.3782288249492,8.26424656138686,-4.381225655625172,nan,nan,21.517287891089882,1721.3830312871903,nan,1,6.416499993065372,15.918099990813062
820,27.33333333333385,SEARCH,0,0,0,0,-10.761150985153819,5.686679921214213,7.919418711230496,-4.183809551761567,7.91442548728404,-4.183334058831164,nan,nan,21.123312537198462,1689.865002975877,nan,1,7.1595000044908375,21.332699980121106
821,27.366666666667186,SEARCH,0,0,0,0,-10.80715926262138,5.616125611300776,7.488780852244139,-4.078279167462823,7.474600579731374,-4.0716800195403655,nan,nan,20.690005337708808,1655.200427016705,nan,0,7.009900000412017,13.307099987287074
822,27.40000000000052,SEARCH,0,0,0,0,-10.852891905736456,5.545500597819814,6.9692541043688925,-4.061637672052969,6.972455666736001,-4.059608389745862,nan,nan,20.24848475176512,1619.8787801412095,nan,0,6.390800001099706,18.583299999590963
823,27.433333333333856,SEARCH,0,0,0,0,-10.89834782327659,5.47480750076504,6.360838467604757,-4.133885065532003,6.364128705838919,-4.143016407983205,nan,nan,19.760962341393025,1580.8769873114418,nan,0,4.942200001096353,19.4785000057891
824,27.46666666666719,SEARCH,0,0,0,0,-10.943525930622272,5.4040489426558995,5.663533941951733,-4.295021347899927,5.660750844198262,-4.301206916762165,nan,nan,19.232628486808903,1538.610278944712,nan,0,6.357300007948652,13.9832999848295
825,27.500000000000526,SEARCH,0,0,0,0,-10.988425149782795,5.333227548440221,4.877340527409819,-4.545046519156739,4.868869846902257,-4.540128045053882,nan,nan,18.67985426301485,1494.3883410411881,nan,0,6.110199989052489,22.78690002276562
826,27.53333333333386,SEARCH,0,0,0,0,-11.033044409421974,5.262345945396881,4.044007194076486,-4.88396057930244,4.050825021059809,-4.881915488846706,nan,nan,18.17771044554579,1454.2168356436632,nan,0,5.514999997103587,17.007999995257705
827,27.566666666667196,SEARCH,0,0,0,0,-11.077382644883707,5.191406763038378,3.2106738607431526,-5.31176352833703,3.221942609505175,-5.3188141213376285,nan,nan,17.746420646687525,1419.713651735002,nan,0,5.266699998173863,14.078800013521686
828,27.60000000000053,SEARCH,0,0,0,0,-11.121438798217401,5.120412633013225,2.377340527409819,-5.828455366260509,2.3832310499290226,-5.837839648662156,nan,nan,17.391359946142188,1391.308795691375,nan,0,6.9598999980371445,24.60210002027452
829,27.633333333333866,SEARCH,0,0,0,0,-11.165211818203169,5.049366189008362,1.5440071940764857,-6.434036093072876,1.5390792687637964,-6.4350794304488295,nan,nan,17.125755551468604,1370.0604441174883,nan,0,6.596899998839945,19.904199987649918
830,27.6666666666672,SEARCH,0,0,0,0,-11.20870066037697,4.978270066651371,0.7106738607431523,-7.128505708774133,0.709661452582737,-7.123396778084975,nan,nan,16.98521992429372,1358.8175939434975,nan,0,5.172000004677102,26.279699988663197
831,27.700000000000536,SEARCH,0,0,0,0,-11.251904287055494,4.90712690341285,-0.12265947259018106,-7.911864213364279,-0.11466811711495106,-7.917148672931695,nan,nan,16.98528991695635,1358.823193356508,nan,0,4.661700018914416,17.513500002678484
832,27.73333333333387,SEARCH,0,0,0,0,-11.294821667360935,4.8359393385084,-0.9318163065792705,-8.745197546697613,-0.923978537655726,-8.754827124548749,nan,nan,17.095710581146157,1367.6568464916925,nan,0,4.943499981891364,18.64610001211986
833,27.766666666667206,SEARCH,0,0,0,0,-11.337451777245583,4.764710012800862,-1.652084251679471,-9.489641991142056,-1.6511604159087367,-9.489016718586585,nan,nan,17.233483863391577,1378.6787090713262,nan,0,5.716299987398088,22.487400012323633
834,27.80000000000054,SEARCH,0,0,0,0,-11.37979359951627,4.693441568702268,-2.2834633078907824,-10.145197546697611,-2.2850853585548236,-10.137399068591405,nan,nan,17.39734324536403,1391.7874596291224,nan,0,6.248199992114678,21.159700001589954
835,27.833333333333876,SEARCH,0,0,0,0,-11.42184612385861,4.622136650075858,-2.8393085884277065,-10.711864213364278,-2.8422136551736106,-10.707584767369516,nan,nan,17.56731203212937,1405.3849625703494,nan,0,7.20500000170432,18.4210000152234
836,27.86666666666721,SEARCH,0,0,0,0,-11.46360834686115,4.550797902137933,-3.3403147347056943,-11.189641991142055,-3.3236432240212954,-11.192846208447822,nan,nan,17.723469245095067,1417.8775396076057,nan,0,4.392200004076585,15.498399996431544
837,27.900000000000546,SEARCH,0,0,0,0,-11.505079272039284,4.479427971359766,-3.791271238946339,-11.578530880030945,-3.79017790803174,-11.576379786808296,nan,nan,17.81315990563199,1425.0527924505593,nan,0,6.83910000952892,19.996299990452826
838,27.93333333333388,SEARCH,0,0,0,0,-11.546257909859039,4.408029505369474,-4.193319748012814,-11.928839863846202,-4.196379205667142,-11.921806720360562,nan,nan,17.90765948206238,1432.6127585649901,nan,0,5.3014000004623085,22.26249998784624
839,27.966666666667216,SEARCH,0,0,0,0,-11.587143277760681,4.336605152853729,-4.544858362028402,-12.28590201216944,-4.544058106768593,-12.287150725614927,nan,nan,18.054204724461552,1444.3363779569243,nan,0,4.676999989897013,15.856799989705905
840,28.00000000000055,SEARCH,0,0,0,0,-11.627734400182163,4.265157563459541,-4.842302436000757,-12.65577884222846,-4.830680714017273,-12.667019187054356,nan,nan,18.245507620322627,1459.6406096258102,nan,0,4.948200017679483,20.828699984122068
841,28.033333333333886,SEARCH,0,0,0,0,-11.668030308582413,4.193689387695905,-5.081592656290351,-13.036901937412681,-5.075140645717778,-13.034182045918039,nan,nan,18.44629361795585,1475.7034894364679,nan,0,4.037800012156367,17.029999988153577
842,28.06666666666722,SEARCH,0,0,0,0,-11.70803004146441,4.122203276835513,-5.260392713591395,-13.425638772575452,-5.258255585718833,-13.413935300482313,nan,nan,18.684639325737134,1494.7711460589708,nan,0,3.5957999934908003,21.55900001525879
843,28.100000000000556,SEARCH,0,0,0,0,-11.747732644398168,4.05070188281644,-5.377941136281613,-13.81709545741447,-5.375584592576725,-13.810841111341407,nan,nan,18.964150097657452,1517.132007812596,nan,0,3.1251000182237476,18.362200004048645
844,28.13333333333389,SEARCH,0,0,0,0,-11.787137170043493,3.9791878581437055,-5.4348667964429165,-14.2057151828995,-5.4233049228686765,-14.211901802039671,nan,nan,19.272106887805823,1541.7685510244658,nan,0,4.279599990695715,20.858900010352954
845,28.166666666667226,SEARCH,0,0,0,0,-11.826242678172582,3.907663855790911,-5.432990935428812,-14.585719158606953,-5.431666743612443,-14.58723071821651,nan,nan,19.56915242637005,1565.532194109604,nan,0,2.3083999985828996,16.869999992195517
846,28.20000000000056,SEARCH,0,0,0,0,-11.865048235692457,3.8361325291017407,-5.375129785359662,-14.951425995506925,-5.378003624731396,-14.941513312077939,nan,nan,19.866598378216928,1589.327870257354,nan,0,3.247600019676611,19.562000001315027
847,28.233333333333896,SEARCH,0,0,0,0,-11.903552916667246,3.764596531691674,-5.264906231474577,-15.297477372244247,-5.266912883322346,-15.291260651852285,nan,nan,20.17847080261089,1614.277664208871,nan,0,3.471100004389882,21.94269999745302
848,28.26666666666723,SEARCH,0,0,0,0,-11.941755802340248,3.6930585173493786,-5.106575307846512,-15.618991639749305,-5.109905195763847,-15.620102927815605,nan,nan,20.485907051375232,1638.8725641100186,nan,0,3.2152000057976693,16.869999992195517
849,28.300000000000566,SEARCH,0,0,0,0,-11.979655981155885,3.621521139938407,-4.904865945548501,-15.91166225648891,-4.903054413000031,-15.922304179636914,nan,nan,20.785557434827176,1662.844594786174,nan,0,3.9351000159513205,24.07620000303723
850,28.3333333333339,SEARCH,0,0,0,0,-12.017252548781435,3.5499870532986626,-4.664839859891459,-16.171814251030604,-4.672446010279506,-16.16819276904841,nan,nan,21.041691913780028,1683.3353531024022,nan,0,3.249300003517419,21.378399978857487
851,28.366666666667236,SEARCH,0,0,0,0,-12.05454460812862,3.4784589111479907,-4.391767489988157,-16.396429026157797,-4.403185222070174,-16.392620158653973,nan,nan,21.293263814008093,1703.4611051206473,nan,0,3.556800016667694,16.849799983901903
852,28.40000000000057,SEARCH,0,0,0,0,-12.091531269375,3.4069393669836714,-4.09102030441673,-16.5831455626275,-4.088678998047193,-16.58964816132947,nan,nan,21.538550491019244,1723.0840392815396,nan,0,4.509499995037913,24.38889999757521
853,28.433333333333906,SEARCH,0,0,0,0,-12.128211649985223,3.335431073984023,-3.7679784375152297,-16.730244310416346,-3.755304128743626,-16.74309542959166,nan,nan,21.754374431687417,1740.3499545349935,nan,0,3.8984999991953373,17.82509998884052
854,28.46666666666724,SEARCH,0,0,0,0,-12.164584874732046,3.2639366849100178,-3.427952438358901,-16.836618664037594,-3.423695296982984,-16.842858166064467,nan,nan,21.924560424090064,1753.9648339272048,nan,0,2.872400014894083,20.766999979969114
855,28.500000000000576,SEARCH,0,0,0,0,-12.20065007571727,3.19245885200681,-3.0761178419746975,-16.901737823990764,-3.0908429401963122,-16.895535395985927,nan,nan,22.057109941100123,1764.5687952880098,nan,0,3.105300012975931,17.135300004156306
856,28.53333333333391,SEARCH,0,0,0,0,-12.236406392392414,3.121000226905386,-2.7174612710591233,-16.925603984899016,-2.7235642957899833,-16.917790671802614,nan,nan,22.182139334091154,1774.5711467272922,nan,0,2.436299982946366,15.97480001510121
857,28.566666666667246,SEARCH,0,0,0,0,-12.271852971579253,3.0495634605241353,-2.3567368198912093,-16.9087061127465,-2.347602090921123,-16.911850252379587,nan,nan,22.292348305190828,1783.3878644152662,nan,0,2.260500012198463,22.170099982758984
858,28.60000000000058,SEARCH,0,0,0,0,-12.30698896749019,2.978151202970547,-1.9984315422200993,-16.851972040005048,-1.9978872590404946,-16.857949438581432,nan,nan,22.355054611808473,1788.4043689446778,nan,0,1.5124000201467425,8.60519998241216
859,28.633333333333916,SEARCH,0,0,0,0,-12.341813541748424,2.9067661034429433,-1.646738949440956,-16.75672018785318,-1.6628486522051331,-16.744878491414454,nan,nan,22.365764605635245,1789.2611684508197,nan,0,2.0490000024437904,9.980299975723028
860,28.66666666666725,SEARCH,0,0,0,0,-12.37632586340794,2.835410810132137,-1.3055395161856391,-16.624611895159667,-1.3146181121654807,-16.61564859033937,nan,nan,22.376440516189533,1790.1152412951626,nan,0,2.3240000009536743,16.19369999389164
861,28.700000000000585,SEARCH,0,0,0,0,-12.410525108973381,2.7640879701232324,-0.9783872821861649,-16.457605075528473,-0.9766029027431476,-16.456679236223515,nan,nan,22.36453596698799,1789.1628773590392,nan,0,1.9494000007398427,15.268799994373694
862,28.73333333333392,SEARCH,0,0,0,0,-12.444410462419654,2.6928002292973447,-0.6685017285045551,-16.257909721563937,-0.6591334003569215,-16.25953452907677,nan,nan,22.31778994934439,1785.4231959475514,nan,0,3.021500015165657,19.06849999795668
863,28.766666666667255,SEARCH,0,0,0,0,-12.477981115211424,2.6215502322335875,-0.3787641908881775,-16.027945617826674,-0.37863947695274575,-16.027346211362133,nan,nan,22.230056379668884,1778.404510373511,nan,0,3.5863999801222235,18.615500011947006
864,28.80000000000059,SEARCH,0,0,0,0,-12.511236266322394,2.550340622110803,-0.11171815194734247,-15.77030250138911,-0.11565876587952678,-15.76483805055937,nan,nan,22.115517434175437,1769.241394734035,nan,0,3.942300012568012,21.66570001281798
865,28.833333333333925,SEARCH,0,0,0,0,-12.544175122254432,2.4791740406096503,0.13042717347697977,-15.487702814087006,0.13330095759150476,-15.490176060660099,nan,nan,21.991269695428436,1759.301575634275,nan,0,3.099199995631352,18.890800012741238
866,28.86666666666726,SEARCH,0,0,0,0,-12.576796897056491,2.408053127814524,0.34579047911179417,-15.182967117657803,0.3535213921725058,-15.187890937836169,nan,nan,21.83598815309895,1746.8790522479158,nan,0,3.9376000058837235,20.58809998561628
867,28.900000000000595,SEARCH,0,0,0,0,-12.609100812343362,2.336980522115658,0.5328096935579666,-14.858982187331643,0.5341940733235877,-14.861358672095012,nan,nan,21.64553236792114,1731.6425894336912,nan,0,3.691999998409301,26.846399996429682
868,28.93333333333393,SEARCH,0,0,0,0,-12.641086097314265,2.2659588601111817,0.6902313973907889,-14.518671757430571,0.6832235615888492,-14.509770290052522,nan,nan,21.42340580780729,1713.8724646245832,nan,0,4.428199987160042,26.803200016729534
869,28.966666666667265,SEARCH,0,0,0,0,-12.67275198877122,2.1949907765093553,0.8170986878604316,-14.164969861232281,0.8156463465841446,-14.164331157866345,nan,nan,21.202931490851995,1696.2345192681596,nan,0,4.344299988588318,27.94770000036806
870,29.0000000000006,SEARCH,0,0,0,0,-12.704097731137274,2.124078904030868,0.9127378046503307,-13.800796684465883,0.9216449513614293,-13.806422798438295,nan,nan,20.96286593340805,1677.029274672644,nan,0,3.490200004307553,21.84470000793226
871,29.033333333333935,SEARCH,0,0,0,0,-12.735122576474518,2.0532258733111126,0.9767437914896149,-13.429036835506661,0.9812783351664092,-13.432039528563562,nan,nan,20.686543900211095,1654.9235120168876,nan,0,3.5524000122677535,23.414600000251085
872,29.06666666666727,SEARCH,0,0,0,0,-12.765825784501942,1.9824343128026318,1.0089654339960592,-13.052519924181665,1.0046593225942178,-13.056239670928097,nan,nan,20.390879708185633,1631.2703766548507,nan,0,3.6622000043280423,19.729299994651228
873,29.100000000000605,SEARCH,0,0,0,0,-12.79620662261308,1.9117068486775535,1.0094896835256577,-12.674003333946315,1.0058486082593405,-12.670143697700775,nan,nan,20.078025150720542,1606.2420120576435,nan,0,3.734099998837337,13.751199992839247
874,29.13333333333394,SEARCH,0,0,0,0,-12.826264365893525,1.841046104730206,0.9786257496278112,-12.296157068140737,0.9868960127142834,-12.297575493084388,nan,nan,19.76623434879112,1581.2987479032895,nan,0,1.5645000094082206,15.621200000168756
875,29.166666666667275,SEARCH,0,0,0,0,-12.855998297138196,1.770454702279823,0.916889019586426,-11.921550549369208,0.9264615717941874,-11.926346303691625,nan,nan,19.430866111316607,1554.4692889053285,nan,0,4.491700005019084,19.393800001125783
876,29.20000000000061,SEARCH,0,0,0,0,-12.885407706868461,1.699935260073239,0.8249849421342429,-11.552641251203408,0.8233898701191477,-11.55294093171571,nan,nan,19.067507922161923,1525.4006337729538,nan,0,3.2618999830447137,27.183700003661215
877,29.233333333333945,SEARCH,0,0,0,0,-12.914491893349071,1.6294903941877825,0.7037929934597449,-11.191765042945228,0.7020497324637021,-11.191180357465102,nan,nan,18.702401032214546,1496.1920825771638,nan,0,3.2504999835509807,17.84730001236312
878,29.26666666666728,ACQUIRING,0,0,0,0,-12.943250162604901,1.5591227179341436,0.5543508268129039,-10.84112813074789,0.5638849497728579,-10.844891730358388,-3.4273073364524023,-11.29737813074789,18.338546108606266,1467.0836886885013,1279.6068944928736,1,4.106700012926012,20.381099981023
879,29.300000000000615,ACQUIRING,0,0,0,0,-12.971681828437493,1.4888348417595711,0.31601977127717407,-10.579380107439441,0.3202092530468011,-10.594069626511459,-3.4273073364524023,-11.29737813074789,17.963043976770912,1437.043518141673,1276.4508961875783,0,5.189700023038313,18.98219998111017
880,29.33333333333395,ACQUIRING,0,0,0,0,-12.999786212441458,1.4186293731508695,-0.011200173147444648,-10.40652097301988,-0.013854057401090813,-10.403349560730083,-3.4273073364524023,-11.29737813074789,17.56113948035367,1404.8911584282937,1273.3054902461483,0,5.55149998399429,17.34640001086518
881,29.366666666667285,ACQUIRING,0,0,0,0,-13.027562644020646,1.3485089165378095,-0.4273090064609522,-10.32255072748921,-0.43377051317775656,-10.317323900464784,-3.4273073364524023,-11.29737813074789,17.166690291058874,1373.3352232847099,1270.1706623806438,0,3.5368999815545976,18.870600004447624
882,29.40000000000062,ACQUIRING,0,0,0,0,-13.055010460404148,1.278476073196432,-0.9143594479962358,-10.327469370847428,-0.914833142330041,-10.333342224978292,-3.4273073364524023,-11.29737813074789,16.799352056079613,1343.9481644863693,1267.04639574548,0,4.252100014127791,16.22499999939464
883,29.433333333333955,SEARCH,0,0,0,0,-13.082129006662115,1.2085334411525843,-1.3180838176914702,-10.421276903094535,-1.3093230627657533,-10.43690581419221,nan,nan,16.5594448953631,1324.755591629048,nan,0,4.482399992411956,22.404499992262572
884,29.46666666666729,SEARCH,0,0,0,0,-13.108917635721381,1.1386836150854838,-1.6329192984978156,-10.426195546452753,-1.6414757088694452,-10.439320166853356,nan,nan,16.295778469294177,1303.6622775435342,nan,0,4.753499990329146,19.343499996466562
885,29.500000000000625,SEARCH,0,0,0,0,-13.1353757083809,1.0689291862315016,-1.8588658904152722,-10.342225300922083,-1.8610712977042116,-10.34042407836297,nan,nan,16.04005242700024,1283.2041941600194,nan,0,3.5743000044021755,26.757500017993152
886,29.53333333333396,SEARCH,0,0,0,0,-13.161502593327006,0.9992727422880741,-1.99592359344384,-10.169366166502522,-1.9951016350749216,-10.168020558827884,nan,nan,15.792306672351648,1263.3845337881319,nan,0,3.6875999940093607,17.993100016610697
887,29.566666666667295,SEARCH,0,0,0,0,-13.187297667148474,0.9297168673176475,-2.044092407583519,-9.907618143194073,-2.0297696623962076,-9.915101719646138,nan,nan,15.559579729574521,1244.7663783659616,nan,0,3.625100012868643,19.27140000043437
888,29.60000000000063,SEARCH,0,0,0,0,-13.212760314351394,0.8602641416518564,-2.003372332834309,-9.570868395585737,-1.991001088120544,-9.578886028832521,nan,nan,15.326569623155118,1226.1255698524096,nan,0,4.4433000148274004,19.796499982476234
889,29.633333333333965,SEARCH,0,0,0,0,-13.237889927373857,0.790917141795739,-2.007138825710154,-9.26768994999692,-2.0111274085821744,-9.26270688848821,nan,nan,15.070353439639318,1205.6282751711453,nan,0,4.279600019799545,23.235500004375353
890,29.6666666666673,SEARCH,0,0,0,0,-13.26268590660045,0.7216784403321963,-2.086010277510602,-8.99664792335062,-2.0897706213500555,-8.993152208874323,nan,nan,14.805808674778431,1184.4646939822744,nan,0,5.15739998081699,21.44050001516007
891,29.700000000000635,SEARCH,0,0,0,0,-13.28714766037657,0.6525506058265984,-2.2267514048373327,-8.756681861583084,-2.220883460063895,-8.763234385051645,nan,nan,14.529941856235006,1162.3953484988003,nan,0,3.752599994186312,17.193000006955117
892,29.73333333333397,SEARCH,0,0,0,0,-13.311274605022529,0.5835362027314352,-2.4183841612541075,-8.547002693034273,-2.4119289506119026,-8.557485461945197,nan,nan,14.225119077477256,1138.0095261981803,nan,0,4.039599996758625,18.116399995051324
893,29.766666666667305,SEARCH,0,0,0,0,-13.335066164847499,0.5146377912912232,-2.651740440478294,-8.367011293484534,-2.651904202347552,-8.364357051219736,nan,nan,13.891238207242072,1111.2990565793657,nan,0,4.817900015041232,19.416700000874698
894,29.80000000000064,SEARCH,0,0,0,0,-13.35852177216323,0.4458579274474488,-2.9191058325302692,-8.216234403062726,-2.917364189863314,-8.210452440290528,nan,nan,13.562797677508392,1085.0238142006713,nan,0,3.759300016099587,25.992799986852333
895,29.833333333333975,SEARCH,0,0,0,0,-13.381640867297614,0.3771991627438882,-3.213936098767587,-8.09427447750105,-3.2041488539520944,-8.103140110768594,nan,nan,13.247546862554971,1059.8037490043978,nan,0,3.41949998983182,15.126500016776845
896,29.86666666666731,SEARCH,0,0,0,0,-13.404422898608022,0.30866404423179095,-3.5306317015457873,-8.000770730689828,-3.5237482583222857,-8.010327319409521,nan,nan,12.916398439794447,1033.3118751835557,nan,0,4.886099981376901,20.641300012357533
897,29.900000000000645,SEARCH,0,0,0,0,-13.426867322494479,0.24025511437553515,-3.8643586603456788,-7.935369165710935,-3.8653848419581216,-7.933333429951276,nan,nan,12.578930674646163,1006.3144539716931,nan,0,4.512299987254664,22.955099993851036
898,29.93333333333398,SEARCH,0,0,0,0,-13.448973603412622,0.17197491095822626,-4.2109063552910815,-7.89769982431894,-4.2199805662470125,-7.891718460122539,nan,nan,12.255507466558173,980.4405973246539,nan,0,4.464700003154576,19.803699979092926
899,29.966666666667315,SEARCH,0,0,0,0,-13.470741213886491,0.10382596698759272,-4.56657477841818,-7.887359831649482,-4.565605268488231,-7.885242331598695,nan,nan,11.96355542827886,957.0844342623087,nan,0,2.7985000051558018,19.207899982575327
900,30.00000000000065,SEARCH,0,0,0,0,-13.492169634521117,0.03581081060195901,-4.928085236744669,-7.903901090930775,-4.915997378833464,-7.907187347566102,nan,nan,11.689394779024612,935.1515823219689,nan,0,2.7805999852716923,16.183900006581098
901,30.033333333333985,SEARCH,0,0,0,0,-13.513258354014903,-0.032068035023502084,-5.2925097142446145,-7.946821705890185,-5.287739368830147,-7.94607982614749,nan,nan,11.414497150802761,913.159772064221,nan,0,3.629299986641854,22.50270001241006
902,30.06666666666732,SEARCH,0,0,0,0,-13.534006869171828,-0.09980805177033147,-5.657215062362961,-8.015560387372053,-5.661783166699072,-8.001609100853887,nan,nan,11.153939476304856,892.3151581043885,nan,0,4.83299998450093,23.564100003568456
903,30.100000000000655,SEARCH,0,0,0,0,-13.554414684913464,-0.16740672667026102,-6.019818958784232,-8.10949324420729,-6.025281291633023,-8.103376896576188,nan,nan,10.939262872399006,875.1410297919205,nan,0,3.6118999996688217,12.124600005336106
904,30.13333333333399,SEARCH,0,0,0,0,-13.574481314290768,-0.23486155199839365,-6.378155190271553,-8.227932473634377,-6.369924817834973,-8.235066940673201,nan,nan,10.766100527656466,861.2880422125172,nan,0,2.185499994084239,14.56119999056682
905,30.166666666667325,SEARCH,0,0,0,0,-13.594206278495724,-0.30217002536629956,-6.7302463082912976,-8.370126559194393,-6.724310556642185,-8.373471891922216,nan,nan,10.59912171126507,847.9297369012056,nan,0,3.301500022644177,20.17659999546595
906,30.20000000000066,SEARCH,0,0,0,0,-13.613589106872753,-0.3693296498147989,-7.07428210045915,-8.53526165851344,-7.085299340339669,-8.527233000902154,nan,nan,10.448442676375407,835.8754141100326,nan,0,3.911999985575676,20.853900001384318
907,30.233333333333995,SEARCH,0,0,0,0,-13.632629336929954,-0.43633793390656184,-7.408602636285519,-8.722463923349103,-7.418114155897671,-8.708477472089651,nan,nan,10.346424091175301,827.7139272940241,nan,0,3.722699999343604,24.08639999339357
908,30.26666666666733,SEARCH,0,0,0,0,-13.651326514350124,-0.5031923918185877,-7.731684898024346,-8.93080254259753,-7.7304886589081265,-8.92984056635044,nan,nan,10.298772760274693,823.9018208219753,nan,0,3.6364999832585454,22.709600016241893
909,30.300000000000665,SEARCH,0,0,0,0,-13.66968019300162,-0.5698905434343828,-8.042132209250473,-9.15929333794304,-8.036360396687915,-9.16321927088444,nan,nan,10.275192968774762,822.015437501981,nan,0,3.275499999290332,21.908100025029853
910,30.333333333334,SEARCH,0,0,0,0,-13.687689934948976,-0.6364299144360492,-8.338665835197363,-9.40690277333064,-8.34103218588162,-9.410238504721761,nan,nan,10.27455430978071,821.9643447824567,nan,0,3.7860999873373657,17.66650000354275
911,30.366666666667335,SEARCH,0,0,0,0,-13.705355310463379,-0.7028080363959326,-8.620118257952486,-9.6725522649323,-8.62492279366688,-9.671082087885384,nan,nan,10.307314588210755,824.5851670568603,nan,0,3.3870000042952597,24.835099990013987
912,30.40000000000067,SEARCH,0,0,0,0,-13.72267589803291,-0.7690224468683509,-8.885427732792206,-9.955122698944619,-8.884405500431965,-9.958995474359822,nan,nan,10.385781852432796,830.8625481946236,nan,0,3.482500003883615,20.890199986752123
913,30.433333333334005,SEARCH,0,0,0,0,-13.739651284372608,-0.8350706894808129,-9.133633814410379,-10.253459081346428,-9.125327995431388,-10.259436411462605,nan,nan,10.493362124530476,839.468969962438,nan,0,4.58710000384599,22.047200007364154
914,30.46666666666734,SEARCH,0,0,0,0,-13.756281064434319,-0.9009503140252155,-9.363873607691469,-10.566375257419342,-9.356411989914207,-10.563467345293972,nan,nan,10.617112755004406,849.3690204003524,nan,0,3.7500000034924597,23.358600010396913
915,30.500000000000675,SEARCH,0,0,0,0,-13.772564841416374,-0.9666588765487036,-9.575378550309436,-10.892658650000165,-9.57866186058955,-10.882965630558017,nan,nan,10.766706174694228,861.3364939755382,nan,0,3.175300022121519,18.138299987185746
916,30.53333333333401,SEARCH,0,0,0,0,-13.788502226773055,-1.0321939394443884,-9.767471576446706,-11.231074974578732,-9.768190233523333,-11.22243750612617,nan,nan,10.95463246628416,876.3705973027328,nan,0,5.136499996297061,20.45060001546517
917,30.566666666667345,SEARCH,0,0,0,0,-13.804092840223852,-1.0975530715417445,-9.939564544442776,-11.580372896868607,-9.928939277450032,-11.579504929401827,nan,nan,11.175335784018978,894.0268627215182,nan,0,4.008899995824322,25.150900008156896
918,30.60000000000068,SEARCH,0,0,0,0,-13.819336309762559,-1.162733848196753,-10.09115583789585,-11.939288604673957,-10.082745018481482,-11.93910954213986,nan,nan,11.405804994610655,912.4643995688524,nan,0,3.724299982422963,19.845400005578995
919,30.633333333334015,SEARCH,0,0,0,0,-13.834232271666135,-1.2277338513819114,-10.221828071010977,-12.306550271004983,-10.220850425874017,-12.296519233542694,nan,nan,11.643647976464948,931.4918381171959,nan,0,2.5594999897293746,25.11790001881309
920,30.66666666666735,SEARCH,0,0,0,0,-13.848780370503386,-1.2925506697758973,-10.331245845901332,-12.680882389657944,-10.33320132407649,-12.677408957048796,nan,nan,11.91529664980953,953.2237319847625,nan,0,2.814399980707094,14.496999996481463
921,30.700000000000685,SEARCH,0,0,0,0,-13.862980259143452,-1.357181898853077,-10.419153522975153,-13.061009968035632,-10.414674967079751,-13.071515464820399,nan,nan,12.211323445148082,976.9058756118466,nan,0,3.6019999824929982,17.285200010519475
922,30.73333333333402,SEARCH,0,0,0,0,-13.87683159876408,-1.4216251409726715,-10.485372976176116,-13.445662564970196,-10.481027037045703,-13.456093866328427,nan,nan,12.504396271829883,1000.3517017463906,nan,0,3.510400012601167,24.106299999402836
923,30.766666666667355,SEARCH,0,0,0,0,-13.890334058859713,-1.4858780054676615,-10.52980131324673,-13.833578163826841,-10.533068588997374,-13.833986709013274,nan,nan,12.796367452902754,1023.7093962322203,nan,0,3.380300011485815,14.286199992056936
924,30.80000000000069,SEARCH,0,0,0,0,-13.903487317249377,-1.5499381087335333,-10.552408547799327,-14.22350687329831,-10.557078944638825,-14.220456639923732,nan,nan,13.104979543879962,1048.3983635103968,nan,0,2.237799984868616,16.42070000525564
925,30.833333333334025,SEARCH,0,0,0,0,-13.916291060084372,-1.6138030743166656,-10.553235215164687,-14.61421445011373,-10.553029016194385,-14.620353290715753,nan,nan,13.434354473050881,1074.7483578440706,nan,0,1.6715000092517585,11.52110000839457
926,30.86666666666736,SEARCH,0,0,0,0,-13.928744981855756,-1.6774705330025652,-10.532389928030522,-15.00448563943644,-10.527478039579298,-15.010947570479818,nan,nan,13.76045881217468,1100.8367049739743,nan,0,3.2276999845635146,21.362500003306195
927,30.900000000000695,SEARCH,0,0,0,0,-13.94084878540163,-1.740938122903625,-10.490046871010374,-15.393127330057514,-10.493704197565792,-15.387790867091425,nan,nan,14.075489179101094,1126.0391343280876,nan,0,3.4004000190179795,24.354099994525313
928,30.93333333333403,SEARCH,0,0,0,0,-13.952602181914243,-1.8042034895468957,-10.426443235681417,-15.778971522640983,-10.43568607120178,-15.77432610470034,nan,nan,14.406006553247522,1152.4805242598018,nan,0,3.9887000166345388,21.028899995144457
929,30.966666666667365,SEARCH,0,0,0,0,-13.964004890946866,-1.8672642859612987,-10.341876599444548,-16.160878110272215,-10.341982496218153,-16.161968736763306,nan,nan,14.746444370209893,1179.7155496167916,nan,0,3.125699993688613,21.109499997692183
930,31.0000000000007,SEARCH,0,0,0,0,-13.975056640420494,-1.930118172764768,-10.236702252909877,-16.537737471425945,-10.234128085891575,-16.545820625807703,nan,nan,15.086858673891497,1206.9486939113197,nan,0,4.382800019811839,18.99589999811724
931,31.033333333334035,SEARCH,0,0,0,0,-13.985757166630343,-1.992762818250993,-10.111330481489652,-16.908472876224717,-10.099212052385782,-16.91001651464869,nan,nan,15.415242157285398,1233.219372582832,nan,0,4.344400018453598,19.82409998890944
932,31.06666666666737,SEARCH,0,0,0,0,-13.996106214252125,-2.055195898475982,-9.96622380756493,-17.272042707517407,-9.97828753273398,-17.263384022139366,nan,nan,15.729966718410187,1258.397337472815,nan,0,2.92909998097457,29.504200007067993
933,31.100000000000705,SEARCH,0,0,0,0,-14.00610353634816,-2.117415097344227,-9.801894200042181,-17.62744249888435,-9.811334758720996,-17.62243537048384,nan,nan,16.06243252960852,1284.9946023686816,nan,0,3.0159000016283244,19.27699998486787
934,31.13333333333404,SEARCH,0,0,0,0,-14.015748894373251,-2.179418106694598,-9.618900258380753,-17.973706792180863,-9.618649096373225,-17.983393217493873,nan,nan,16.404271271115178,1312.3417016892142,nan,0,3.295299975434318,26.123200019355863
935,31.166666666667375,SEARCH,0,0,0,0,-14.02504205818039,-2.241202626386017,-9.417844378290367,-18.309910817673742,-9.416999705322041,-18.315006995515,nan,nan,16.721281087965906,1337.7024870372725,nan,0,2.906599984271452,17.70669998950325
936,31.20000000000071,SEARCH,0,0,0,0,-14.033982806026238,-2.3027663643827534,-9.199369906301243,-18.63517200021292,-9.208028719720302,-18.624533683266524,nan,nan,17.020279705542894,1361.6223764434314,nan,0,4.270600009476766,22.303100005956367
937,31.233333333334045,SEARCH,0,0,0,0,-14.042570924576424,-2.364107036839507,-8.964158290323102,-18.908137600170335,-8.976408912669394,-18.897790152804838,nan,nan,17.292445602344596,1383.3956481875678,nan,0,4.869199998211116,21.41390001634136
938,31.26666666666738,SEARCH,0,0,0,0,-14.050806208910632,-2.4252223681860965,-8.712926233153333,-19.126510080136267,-8.711986895099223,-19.12833438629142,nan,nan,17.535590744394675,1402.8472595515739,nan,0,5.528399982722476,25.942100008251145
939,31.300000000000715,ACQUIRING,0,0,0,0,-14.058688462527494,-2.486110091211839,-8.446422855685402,-19.301208064109012,-8.43503016344964,-19.311403607705852,-11.93345989272244,-17.432602740034937,17.740237726168235,1419.2190180934588,1207.7463017709997,1,5.1725999801419675,19.220500020310283
940,31.33333333333405,ACQUIRING,0,0,0,0,-14.06621749734927,-2.546767947149708,-8.26880836710636,-19.38701715919287,-8.264654718566142,-19.385893029981926,-11.93345989272244,-17.432602740034937,17.810509937433878,1424.8407949947104,1203.0274676329975,0,5.336600006558001,24.846099986461923
941,31.366666666667385,ACQUIRING,0,0,0,0,-14.073393133726347,-2.6071936857601035,-8.180082767416206,-19.383937365387837,-8.186401075644966,-19.37468390790832,-11.93345989272244,-17.432602740034937,17.770914547139924,1421.673163771194,1198.3243444811499,0,3.8570000033359975,18.81629999843426
942,31.40000000000072,ACQUIRING,0,0,0,0,-14.080215200441513,-2.667385065414388,-8.18024605661494,-19.291968682693916,-8.176887075440995,-19.281755592896122,-11.93345989272244,-17.432602740034937,17.631976377476114,1410.558110198089,1193.637027120448,0,4.629699978977442,16.572400025324896
943,31.433333333334055,ACQUIRING,0,0,0,0,-14.08668353471406,-2.7273398531779254,-8.269298234702566,-19.111111111111107,-8.26348713989293,-19.1138582445616,-11.93345989272244,-17.432602740034937,17.390445688475417,1391.2356550780335,1188.965610601769,0,6.231899984413758,22.845900006359443
944,31.46666666666739,SEARCH,0,0,0,0,-14.09279798220365,-2.787055824893062,-8.44723930167908,-18.84136465063941,-8.452396707474348,-18.83776994444415,nan,nan,17.012923037724136,1361.0338430179308,nan,0,5.423299997346476,19.348600006196648
945,31.500000000000725,SEARCH,0,0,0,0,-14.09855839701401,-2.846530765261506,-8.536291479766705,-18.6605070790566,-8.544798302181253,-18.65303925077915,nan,nan,16.753804394635207,1340.3043515708166,nan,0,4.108799999812618,21.173199987970293
946,31.53333333333406,SEARCH,0,0,0,0,-14.103964641696402,-2.9057624679265857,-8.53645476896544,-18.56853839636268,-8.539157917595224,-18.570225528569843,nan,nan,16.623551872414595,1329.8841497931676,nan,0,4.351599985966459,16.978500003460795
947,31.566666666667395,SEARCH,0,0,0,0,-14.109016587252915,-2.9647487355550615,-8.447729169275286,-18.565458602557648,-8.445850934859068,-18.56951051253611,nan,nan,16.600603462608884,1328.0482770087108,nan,0,4.386199987493455,18.50830001058057
948,31.60000000000073,SEARCH,0,0,0,0,-14.113714113139533,-3.0234873799186897,-8.270114680696244,-18.651267697641504,-8.259567797533757,-18.656154315601487,nan,nan,16.692851901532908,1335.4281521226328,nan,0,3.5377000167500228,23.531199985882267
949,31.633333333334065,SEARCH,0,0,0,0,-14.118057107269024,-3.0819762219753732,-8.003611303228313,-18.82596568161425,-8.003568548231652,-18.823839386010313,nan,nan,16.887664913000823,1351.0131930400657,nan,0,4.2569999932311475,18.841100012650713
950,31.6666666666674,SEARCH,0,0,0,0,-14.122045466013592,-3.1402130919499553,-7.6482190368714935,-19.0607725452914,-7.6548305819381435,-19.05089388333183,nan,nan,17.174825518824207,1373.9860415059366,nan,0,3.378800000064075,22.02409997698851
951,31.700000000000735,SEARCH,0,0,0,0,-14.125679094207378,-3.1981958294147708,-7.203937881625785,-19.24861803623312,-7.1961435417014625,-19.25136589211957,nan,nan,17.484928711194822,1398.7942968955856,nan,0,2.661499980604276,17.635099997278303
952,31.73333333333407,SEARCH,0,0,0,0,-14.128957905148706,-3.2559222833697525,-6.670767837491187,-19.398894428986495,-6.663344977426285,-19.41054553137781,nan,nan,17.796270077509458,1423.7016062007567,nan,0,5.97090000519529,17.66979999956675
953,31.766666666667405,SEARCH,0,0,0,0,-14.131881820602171,-3.3133903123222774,-6.142957646713573,-19.519115543189194,-6.13360051485495,-19.523291768583057,nan,nan,18.07576856090913,1446.0614848727303,nan,0,3.516299999319017,18.295599991688505
954,31.80000000000074,SEARCH,0,0,0,0,-14.134450770800488,-3.370597784366586,-5.640855530770194,-19.615292434551357,-5.647309935589073,-19.612414545930474,nan,nan,18.325615167653467,1466.0492134122774,nan,0,3.405299998121336,14.906099997460842
955,31.833333333334075,SEARCH,0,0,0,0,-14.13666469444617,-3.427542577262824,-5.158926613663494,-19.692233947641085,-5.157399114103806,-19.690576767333717,nan,nan,18.577230456387625,1486.17843651101,nan,0,3.932899999199435,19.053700001677498
956,31.86666666666741,SEARCH,0,0,0,0,-14.13852353871299,-3.4842225785158307,-4.692929621934597,-19.753787158112868,-4.682564373804848,-19.758345434882727,nan,nan,18.82185534086727,1505.7484272693816,nan,0,3.6558000138029456,16.145699977641925
957,31.900000000000745,SEARCH,0,0,0,0,-14.140027259247228,-3.5406356854534664,-4.23965617080945,-19.803029726490294,-4.242107624407757,-19.802889019379354,nan,nan,19.0375864172569,1523.0069133805519,nan,0,4.438299976754934,14.656800020020455
958,31.93333333333408,SEARCH,0,0,0,0,-14.141175820168751,-3.596779805304692,-3.796721818886775,-19.842423781192235,-3.8047859979005856,-19.831473273330218,nan,nan,19.24594052153959,1539.6752417231671,nan,0,4.310699994675815,18.31730001140386
959,31.966666666667415,SEARCH,0,0,0,0,-14.141969194071846,-3.6526528552770774,-3.3623985542406487,-19.87393902495379,-3.368193319115745,-19.873124476737583,nan,nan,19.472492039448667,1557.7993631558932,nan,0,8.608199976151809,15.987500024493784
960,32.000000000000746,SEARCH,0,0,0,0,-14.142407362025896,-3.708252762634209,-2.935480442394042,-19.89915121996303,-2.9278379841829736,-19.908380548507058,nan,nan,19.703063381338996,1576.2450705071196,nan,0,2.9596000094898045,19.14369998848997
961,32.03333333333408,SEARCH,0,0,0,0,-14.14249031357581,-3.763577464772447,-2.5151758206423014,-19.919320975970425,-2.5163543489503777,-19.92006612780083,nan,nan,19.904752281465893,1592.3801825172714,nan,0,3.301200020359829,15.428199985763058
962,32.06666666666741,SEARCH,0,0,0,0,-14.142218046742293,-3.8186249092975535,-2.1010207463816206,-19.93545678077634,-2.1051975225749113,-19.931009289574536,nan,nan,20.112155367265352,1608.972429381228,nan,0,3.639000002294779,13.975699985167012
963,32.10000000000074,SEARCH,0,0,0,0,-14.141590568021877,-3.8733930541007897,-1.692809465598566,-19.948365424621073,-1.6905725616690754,-19.951218128987353,nan,nan,20.33529710953771,1626.823768763017,nan,0,3.6684999940916896,18.09040000080131
964,32.13333333333407,SEARCH,0,0,0,0,-14.140607892386774,-3.9278798674346156,-1.2905385144395969,-19.95869233969686,-1.2815334079615244,-19.966728271738706,nan,nan,20.557248228599185,1644.579858287935,nan,0,2.1717000054195523,15.968199993949383
965,32.1666666666674,SEARCH,0,0,0,0,-14.13927004328452,-3.9820833279881693,-0.8943617441541123,-19.96695387175749,-0.8919413668655044,-19.970912813391514,nan,nan,20.76377579763317,1661.1020638106536,nan,0,1.716600003419444,11.128000012831762
966,32.200000000000735,SEARCH,0,0,0,0,-14.137577052637408,-4.036001424962189,-0.5045541015702915,-19.973563097405993,-0.5095227102294085,-19.970104546412006,nan,nan,20.967105366373833,1677.3684293099066,nan,0,1.749899995047599,10.96690000849776
967,32.233333333334066,SEARCH,0,0,0,0,-14.135528960841736,-4.0896321581435595,-0.12148243072370812,-19.978850477924794,-0.1280992337220891,-19.979898603178587,nan,nan,21.182744280531768,1694.6195424425414,nan,0,3.976800013333559,14.59959999192506
968,32.2666666666674,SEARCH,0,0,0,0,-14.133125816766837,-4.142973537979681,0.2544180920027931,-19.983080382339836,0.25636559452887975,-19.98720077869288,nan,nan,21.403200693613826,1712.256055489106,nan,0,4.211899999063462,19.58659998490475
969,32.30000000000073,SEARCH,0,0,0,0,-14.130367677753911,-4.196023585652055,0.6226629995068583,-19.98646430587187,0.6360144434109265,-19.995899353879775,nan,nan,21.625959290623065,1730.076743249845,nan,0,4.0068000089377165,16.649299999698997
970,32.33333333333406,SEARCH,0,0,0,0,-14.127254609614665,-4.2487803331498695,0.9827339407773357,-19.989171444697497,0.9835910990472656,-19.984347649554074,nan,nan,21.816180618982667,1745.2944495186132,nan,0,3.328699996927753,19.173800013959408
971,32.36666666666739,SEARCH,0,0,0,0,-14.123786686629732,-4.30124182334294,1.3340911638370003,-19.991337155757996,1.3278328004394497,-19.985668954205067,nan,nan,22.01712513468777,1761.3700107750217,nan,0,3.493199998047203,14.706999994814396
972,32.40000000000072,SEARCH,0,0,0,0,-14.119963991546907,-4.353406110054273,1.6761836438165092,-19.959427366066553,1.680580167356973,-19.950775302279414,nan,nan,22.2021422713225,1776.1713817058003,nan,0,2.3019999789539725,13.909500004956499
973,32.433333333334055,SEARCH,0,0,0,0,-14.11578661557917,-4.4052712581323465,2.008457311620222,-19.878809510949257,2.0161728359803375,-19.878333853937267,nan,nan,22.352981497788107,1788.2385198230486,nan,0,2.9334000137168914,15.652200003387406
974,32.466666666667386,SEARCH,0,0,0,0,-14.111254658402512,-4.456835343522865,2.3303617478335905,-19.756672045158577,2.32935829669846,-19.764991654049833,nan,nan,22.464046918731285,1797.1237534985028,nan,0,3.2026999979279935,13.471799989929423
975,32.50000000000072,SEARCH,0,0,0,0,-14.106368228153547,-4.508096453340068,2.641355633891318,-19.598889309097927,2.6336271398237705,-19.5926852600076,nan,nan,22.533802705849304,1802.7042164679444,nan,0,3.239100013161078,14.93909998680465
976,32.53333333333405,SEARCH,0,0,0,0,-14.101127441426947,-4.559052685937859,2.9409111944379656,-19.410287710246696,2.942742964704728,-19.402815130019558,nan,nan,22.601566359819873,1808.1253087855898,nan,0,2.741900010732934,16.549899999517947
977,32.56666666666738,SEARCH,0,0,0,0,-14.095532423272644,-4.609702150980143,3.228517818358032,-19.19485835904689,3.23364209467857,-19.206493483497567,nan,nan,22.657594900577276,1812.6075920461822,nan,0,3.3121000160463154,15.931400004774332
978,32.60000000000071,SEARCH,0,0,0,0,-14.08958330719286,-4.660042969511119,3.5036850088028837,-18.955926870489204,3.5088564455955007,-18.963343010008558,nan,nan,22.677951269482342,1814.2361015585873,nan,0,3.1003000040072948,18.885700003011152
979,32.63333333333404,SEARCH,0,0,0,0,-14.083280235138911,-4.710073274024921,3.7659447828348513,-18.69628890090586,3.759262162204429,-18.699849554712884,nan,nan,22.673115348021632,1813.8492278417307,nan,0,4.453000001376495,18.316600006073713
980,32.666666666667375,SEARCH,0,0,0,0,-14.076623357507827,-4.759791208534857,4.014853617554619,-18.418318276067385,4.009247850788039,-18.420972025457463,nan,nan,22.66553768776994,1813.2430150215955,nan,0,3.7474000127986073,18.92740000039339
981,32.700000000000706,SEARCH,0,0,0,0,-14.06961283313876,-4.809194928642341,4.249994020584849,-18.124053195926933,4.254518431691672,-18.126894368442365,nan,nan,22.652481210224767,1812.1984968179813,nan,0,2.911700023105368,11.302899976726621
982,32.73333333333404,SEARCH,0,0,0,0,-14.062248829309194,-4.858282601605284,4.470975787597451,-17.815264904727794,4.480523106360061,-17.82206318194662,nan,nan,22.62507454116955,1810.005963293564,nan,0,3.811300004599616,19.867599999997765
983,32.76666666666737,SEARCH,0,0,0,0,-14.054531521730958,-4.907052406406017,4.677436997431328,-17.493512337862583,4.672788901184874,-17.491850585985823,nan,nan,22.56301565490118,1805.041252392094,nan,0,4.285700008040294,25.206099991919473
984,32.8000000000007,SEARCH,0,0,0,0,-14.04646109454602,-4.955502533818997,4.869044785641769,-17.16018555498647,4.863022246739507,-17.155162917596975,nan,nan,22.50333916808518,1800.2671334468146,nan,0,4.1865999810397625,18.037500005448237
985,32.83333333333403,SEARCH,0,0,0,0,-14.038037740322114,-5.003631186477762,5.045495929563842,-16.816540207353913,5.0534526747363495,-16.81798846763839,nan,nan,22.451370653819385,1796.1096523055508,nan,0,3.860500000882894,25.173000001814216
986,32.86666666666736,SEARCH,0,0,0,0,-14.029261660048126,-5.051436578941667,5.206517271769788,-16.46372483809843,5.216699515062779,-16.467616938637683,nan,nan,22.37713555303684,1790.1708442429474,nan,0,3.6506000033114105,16.53480000095442
987,32.900000000000695,SEARCH,0,0,0,0,-14.020133063129313,-5.0989169377622225,5.351866003842337,-16.10280245475185,5.35245748365451,-16.103703461370845,nan,nan,22.280094051047808,1782.4075240838247,nan,0,2.833999984432012,20.232300012139603
988,32.933333333334026,SEARCH,0,0,0,0,-14.010652167382297,-5.1460705015486905,5.481329828422218,-15.734767525738366,5.473536605885872,-15.726855404552877,nan,nan,22.171752779516343,1773.7402223613076,nan,0,4.110600013518706,19.37659998657182
989,32.96666666666736,SEARCH,0,0,0,0,-14.000819199029863,-5.19289552103359,5.594727014319192,-15.360559322507513,5.593350310826516,-15.36035174600239,nan,nan,22.075068400067124,1766.0054720053702,nan,0,3.7629999860655516,28.496500017354265
990,33.00000000000069,SEARCH,0,0,0,0,-13.990634392695583,-5.239390259137524,5.691906356941942,-14.981072344891619,5.698563398723972,-14.982802091200279,nan,nan,21.968126542762384,1757.4501234209908,nan,0,4.507399979047477,22.68799999728799
991,33.03333333333402,SEARCH,0,0,0,0,-13.980097991398186,-5.2855529910335886,5.772747054275237,-14.597164419989127,5.775709174895463,-14.590503485210165,nan,nan,21.837445374650773,1746.9956299720618,nan,0,4.260200017597526,24.300099990796298
992,33.06666666666735,SEARCH,0,0,0,0,-13.969210246545794,-5.33138200421144,5.837158507010927,-14.209662947027155,5.824288936448237,-14.196664093522779,nan,nan,21.688149677421766,1735.0519741937412,nan,0,4.705100000137463,20.755500008817762
993,33.10000000000068,SEARCH,0,0,0,0,-13.957971417929889,-5.376875598540776,5.885080050140644,-13.81936966635812,5.878816653805992,-13.816390028486559,nan,nan,21.557448012606365,1724.595841008509,nan,0,4.281700006686151,27.03499997733161
994,33.133333333334015,SEARCH,0,0,0,0,-13.946381773719144,-5.422032086334356,5.9164806222773265,-13.427064255286744,5.920397018028213,-13.43893113010976,nan,nan,21.42334170567957,1713.8673364543654,nan,0,2.948600013041869,21.62089999183081
995,33.166666666667346,SEARCH,0,0,0,0,-13.934441590453005,-5.466849792410768,5.931358378137692,-13.033506993037797,5.938963527576054,-13.041546215747251,nan,nan,21.26801017704783,1701.4408141638264,nan,0,4.629900009604171,27.259099995717406
996,33.20000000000068,SEARCH,0,0,0,0,-13.922151153035097,-5.511327054156364,5.929740248946638,-12.63944068884777,5.934237159907243,-12.629680517414473,nan,nan,21.093769527095716,1687.5015621676573,nan,0,4.151000001002103,20.724100002553314
997,33.23333333333401,SEARCH,0,0,0,0,-13.909510754726433,-5.555462221587106,5.911681454984087,-12.245592028483731,5.9099461770924355,-12.239478576069487,nan,nan,20.91618865135833,1673.2950921086665,nan,0,3.8414000009652227,24.419199995463714
998,33.26666666666734,SEARCH,0,0,0,0,-13.896520697138405,-5.599253657409712,5.877264974058183,-11.852672463531386,5.879505298641145,-11.856554198789118,nan,nan,20.742348330189028,1659.387866415122,nan,0,3.304300014860928,23.267999989911914
999,33.30000000000067,SEARCH,0,0,0,0,-13.883181290225599,-5.642699737082349,5.826600969334844,-11.461378743008453,5.830181743335013,-11.470732412853549,nan,nan,20.556815097743396,1644.5452078194717,nan,0,5.3004999936092645,22.136100014904514
1000,33.333333333334004,SEARCH,0,0,0,0,-13.869492852278382,-5.685798848875006,5.759826179665335,-11.072393167014372,5.754686041083257,-11.062656422335932,nan,nan,20.347456710949025,1627.796536875922,nan,0,4.523899988271296,22.783499996876344
1001,33.366666666667335,SEARCH,0,0,0,0,-13.855455709915338,-5.728549393929203,5.677103275317318,-10.68638362623555,5.674186481240305,-10.674216302091386,nan,nan,20.14612978418081,1611.6903827344647,nan,0,4.04180001351051,28.402800002368167
1002,33.40000000000067,SEARCH,0,0,0,0,-13.841070198075442,-5.770949786317292,5.578620181819832,-10.304003478396723,5.589211213635563,-10.299596110601913,nan,nan,19.951051933889072,1596.0841547111258,nan,0,4.118100012419745,20.3808999795001
1003,33.433333333334,SEARCH,0,0,0,0,-13.826336660010076,-5.812998453101407,5.464589374470268,-9.925891302551458,5.476459557041431,-9.935576292456364,nan,nan,19.738125286829007,1579.0500229463205,nan,0,3.36770000285469,27.357199985999614
1004,33.46666666666733,SEARCH,0,0,0,0,-13.811255447274865,-5.85469383439165,5.335247145914726,-9.552670563932606,5.3355202524541,-9.55577681962022,nan,nan,19.50120598730448,1560.0964789843583,nan,0,3.088400000706315,16.873399988980964
1005,33.50000000000066,SEARCH,0,0,0,0,-13.795826919721243,-5.896034383404089,5.190852849096767,-9.184949215532372,5.186865160234572,-9.18501640840313,nan,nan,19.265513264981653,1541.2410611985322,nan,0,2.9445999825838953,14.427000016439706
1006,33.53333333333399,SEARCH,0,0,0,0,-13.780051445487913,-5.937018566518097,5.031688117769037,-8.823319257327595,5.024962643247478,-8.81685073398153,nan,nan,19.02424737513402,1521.9397900107217,nan,0,1.8128000083379447,18.464199994923547
1007,33.566666666667324,SEARCH,0,0,0,0,-13.763929400992023,-5.977644863333202,4.858056066674201,-8.468356269850256,4.862810422469065,-8.477449022446013,nan,nan,18.793734522037628,1503.4987617630102,nan,0,3.144999995129183,21.471099986229092
1008,33.600000000000655,SEARCH,0,0,0,0,-13.747461170920213,-6.017911766725566,4.670280473423253,-8.120618935418811,4.672575612943982,-8.126795601810395,nan,nan,18.5403653186444,1483.229225491552,nan,0,4.71889998880215,21.045000001322478
1009,33.63333333333399,SEARCH,0,0,0,0,-13.730647148219429,-6.057817782903861,4.46870494402845,-7.780648557627069,4.459164619116218,-7.776366385891832,nan,nan,18.2708144709516,1461.6651576761278,nan,0,4.202100011752918,26.53999999165535
1010,33.66666666666732,SEARCH,0,0,0,0,-13.713487734087527,-6.097361431464645,4.253692063983111,-7.448968587501353,4.245978012139605,-7.443245260467148,nan,nan,18.00982546198258,1440.7860369586065,nan,0,3.180900006555021,19.512099999701604
1011,33.70000000000065,SEARCH,0,0,0,0,-13.69598333796374,-6.136541245447349,4.02562253671999,-7.126084162977651,4.0318805024409174,-7.1286221853021425,nan,nan,17.755601396042607,1420.4481116834088,nan,0,3.80330000189133,21.870299999136478
1012,33.73333333333398,SEARCH,0,0,0,0,-13.678134377518864,-6.17535577138867,3.784894311222819,-6.812481666933369,3.790082225443682,-6.816441290813685,nan,nan,17.479976599847976,1398.398127987838,nan,0,9.09119998686947,22.70729999872856
1013,33.76666666666731,SEARCH,0,0,0,0,-13.659941278645322,-6.2138035693764415,3.5319217005111,-6.508628307865356,3.5299267354514985,-6.504471558234422,nan,nan,17.192325329105884,1375.3860263284705,nan,0,3.3825999998953193,21.365499997045845
1014,33.800000000000644,SEARCH,0,0,0,0,-13.641404475446995,-6.251883213103172,3.2671344926656185,-6.214971726382704,3.2688180505777944,-6.2123853718052,nan,nan,16.9102686542569,1352.821492340552,nan,0,3.715700004249811,24.309100001119077
1015,33.833333333333975,SEARCH,0,0,0,0,-13.622524410228856,-6.289593289918804,2.9909770560110855,-5.931939629936017,2.992131352109709,-5.926833085279521,nan,nan,16.618615497901143,1329.4892398320915,nan,0,1.8542999750934541,15.305400011129677
1016,33.86666666666731,SEARCH,0,0,0,0,-13.603301533486427,-6.3269324008832335,2.7039074400222254,-5.659939457599536,2.7101885771112593,-5.660184854877754,nan,nan,16.327109722136154,1306.1687777708921,nan,0,4.5298000040929765,20.957900007488206
1017,33.90000000000064,SEARCH,0,0,0,0,-13.583736303895016,-6.363899160818178,2.4063964734704233,-5.399358076230895,2.4088535048278565,-5.398001909804752,nan,nan,16.021731688228396,1281.7385350582717,nan,0,3.8954000046942383,23.981800011824816
1018,33.93333333333397,SEARCH,0,0,0,0,-13.563829188298797,-6.400492198358519,2.098926861279365,-5.150561508933174,2.098931442909648,-5.138284907649006,nan,nan,15.713536770417202,1257.082941633376,nan,0,3.5703000030480325,17.480199981946498
1019,33.9666666666673,SEARCH,0,0,0,0,-13.543580661699636,-6.4367101560032385,1.7819922815098828,-4.9138946964172865,1.7829856437095533,-4.912389856250296,nan,nan,15.402181244562186,1232.174499564975,nan,0,3.6770000006072223,28.356800001347438
1020,34.00000000000063,SEARCH,0,0,0,0,-13.52299120724579,-6.472551690165755,1.4560964838463355,-4.689681291595533,1.460350160356447,-4.692917951522149,nan,nan,15.088658481847187,1207.092678547775,nan,0,4.3335999944247305,19.20890001929365
1021,34.033333333333964,SEARCH,0,0,0,0,-13.502061316220361,-6.508015471223718,1.1217523909091882,-4.478223487517796,1.12754929606826,-4.472983118732845,nan,nan,14.770472685153727,1181.6378148122983,nan,0,2.870100026484579,17.932099988684058
1022,34.066666666667295,SEARCH,0,0,0,0,-13.480791488029569,-6.543100183568454,0.7794812036710321,-4.2798018785812,0.7772232532601582,-4.27451094150433,nan,nan,14.437364077699373,1154.98912621595,nan,0,4.48340000002645,20.796199998585507
1023,34.10000000000063,SEARCH,0,0,0,0,-13.45918223019086,-6.577804525653622,0.4298115122060407,-4.094675354794874,0.42887754666189654,-4.090770741710932,nan,nan,14.108987965403745,1128.7190372322996,nan,0,4.680599988205358,25.07780000451021
1024,34.13333333333396,ACQUIRING,0,0,0,0,-13.43723405832076,-6.61212721004361,0.07327841295581161,-3.9230810287577516,0.08997181845741661,-3.933335767780421,2.0795284129558116,-2.6168310287577516,13.789895663995596,1103.1916531196475,1281.8294655155075,1,5.165899987332523,21.604500012472272
1025,34.16666666666729,ACQUIRING,0,0,0,0,-13.414947496122613,-6.646066963461262,-0.19436579740552862,-3.704647000979974,-0.18970061146427447,-3.7149881908906464,2.0795284129558116,-2.6168310287577516,13.546157312359071,1083.6925849887257,1280.7835749465692,0,5.4078999964986,16.314600012265146
1026,34.20000000000062,ACQUIRING,0,0,0,0,-13.392323075374044,-6.67962252683507,-0.37312111887797994,-3.5329360036805912,-0.38032898052521114,-3.5306318531002265,2.0795284129558116,-2.6168310287577516,13.387611160608524,1071.008892848682,1279.7111254873962,0,4.883899993728846,19.912300020223483
1027,34.23333333333395,ACQUIRING,0,0,0,0,-13.369361335914302,-6.712792655345956,-0.4629875514615424,-3.3869984071988952,-0.46713970035421043,-3.384119643963529,2.0795284129558116,-2.6168310287577516,13.324690883837444,1065.9752707069956,1278.611987728511,0,4.2452999914530665,21.671700000297278
1028,34.266666666667284,ACQUIRING,0,0,0,0,-13.346062825631371,-6.745576118473412,-0.463965095156216,-3.2636672026574636,-0.4621425367665203,-3.261018238972232,2.0795284129558116,-2.6168310287577516,13.346817808954203,1067.7454247163364,1277.486033929649,0,5.667699995683506,20.885400008410215
1029,34.300000000000615,SEARCH,0,0,0,0,-13.322428100448876,-6.7779717000411175,-0.3760537499620007,-3.15940152584598,-0.3663187980824573,-3.157926278844176,nan,nan,13.452341696016891,1076.1873356813514,nan,0,5.744900001445785,25.42740001808852
1030,34.33333333333395,SEARCH,0,0,0,0,-13.298457724312854,-6.809978198262149,-0.37703129365667426,-3.144024737923385,-0.3761652437905058,-3.14255661191442,nan,nan,13.43263280389119,1074.6106243112952,nan,0,4.583299974910915,27.0866000209935
1031,34.36666666666728,SEARCH,0,0,0,0,-13.274152269178263,-6.8415944257834465,-0.46689772624023673,-3.1243607549036554,-0.4752615332128225,-3.112973664706193,nan,nan,13.330949585499086,1066.475966839927,nan,0,3.4121999924536794,17.994800000451505
1032,34.40000000000061,SEARCH,0,0,0,0,-13.249512314995366,-6.872819209729954,-0.645653047712688,-3.0939610152323187,-0.647457880347856,-3.08967638115786,nan,nan,13.157657300416188,1052.6125840332952,nan,0,3.640500013716519,20.98849997855723
1033,34.43333333333394,SEARCH,0,0,0,0,-13.22453844969586,-6.903651391748095,-0.9132972580740283,-3.0579451042819152,-0.9087201826436551,-3.06941746231789,nan,nan,12.898865431217219,1031.9092344973776,nan,0,3.726499999174848,18.437399994581938
1034,34.46666666666727,SEARCH,0,0,0,0,-13.199231269178881,-6.934089828048718,-1.2698303573242573,-3.020417002168027,-1.2698314638392278,-3.0293869833092546,nan,nan,12.552182440570014,1004.1745952456012,nan,0,4.8460999969393015,23.14440000918694
1035,34.500000000000604,SEARCH,0,0,0,0,-13.173591377296765,-6.9641333894495805,-1.7152523454633752,-2.9846639821252245,-1.7289086754618983,-2.9721432373759447,nan,nan,12.120921892328615,969.6737513862892,nan,0,5.978599976515397,21.364300017012283
1036,34.533333333333935,SEARCH,0,0,0,0,-13.147619385840631,-6.9937809614172135,-2.197327966530778,-2.9533157796874945,-2.194192070129325,-2.9462434283840113,nan,nan,11.67733402972969,934.1867223783754,nan,0,4.5202000183053315,20.93499997863546
1037,34.56666666666727,SEARCH,0,0,0,0,-13.121315914525818,-7.0230314441082395,-2.6632856050789377,-2.9284719833318245,-2.6539792491441325,-2.927308823180197,nan,nan,11.240110348836682,899.2088279069345,nan,0,6.763300014426932,23.53499998571351
1038,34.6000000000006,SEARCH,0,0,0,0,-13.09468159097705,-7.051883752410227,-3.1162835916150806,-2.9118040069220776,-3.106138560386748,-2.9171393292434344,nan,nan,10.810508929687954,864.8407143750362,nan,0,2.232500002719462,11.83790000504814
1039,34.63333333333393,SEARCH,0,0,0,0,-13.06771705071351,-7.0803368159819176,-3.5587392197435808,-2.9046367320322157,-3.5647770549043036,-2.9001000870492453,nan,nan,10.381726622959594,830.5381298367676,nan,0,3.303100005723536,15.392200002679601
1040,34.66666666666726,SEARCH,0,0,0,0,-13.040422937133634,-7.108389579292904,-3.9924780468420393,-2.90801389042089,-4.000857775364032,-2.9061345413505024,nan,nan,9.968584940591668,797.4867952473335,nan,0,3.1648000003769994,18.165000015869737
1041,34.70000000000059,SEARCH,0,0,0,0,-13.012799901499786,-7.136041001662873,-4.418853466701781,-2.922750442683476,-4.4157218750111795,-2.9228531575958985,nan,nan,9.573959598981341,765.9167679185072,nan,0,4.451799992239103,22.08910000626929
1042,34.733333333333924,SEARCH,0,0,0,0,-12.984848602922716,-7.163290057300097,-4.838842495712672,-2.9494745577108716,-4.833615314096913,-2.950451836720852,nan,nan,9.175544125643734,734.0435300514987,nan,0,4.177800001343712,22.884000005433336
1043,34.766666666667255,SEARCH,0,0,0,0,-12.956569708345807,-7.190135735339583,-5.253122525777798,-2.9886612764671785,-5.263065181625731,-2.9836102088506267,nan,nan,8.768401730513121,701.4721384410497,nan,0,4.957700002705678,20.28590001282282
1044,34.80000000000059,SEARCH,0,0,0,0,-12.927963892529197,-7.216577039880537,-5.6621328464356955,-3.0406595267051193,-5.67041153533554,-3.0340199756557187,nan,nan,8.376505823605935,670.1204658884748,nan,0,4.476400004932657,23.313699988648295
1045,34.83333333333392,SEARCH,0,0,0,0,-12.899031838033652,-7.242612990023282,-6.0661239781091165,-3.105713821724115,-6.066071285517992,-3.1083169567611306,nan,nan,7.986347951528425,638.907836122274,nan,0,3.8798000023234636,22.460500011220574
1046,34.86666666666725,SEARCH,0,0,0,0,-12.869774235204302,-7.268242619905703,-6.46519724995955,-3.183981709465786,-6.457570719977343,-3.190896499707556,nan,nan,7.5987568262567695,607.9005461005415,nan,0,3.8232000079005957,21.679800003767014
1047,34.90000000000058,SEARCH,0,0,0,0,-12.840191782154134,-7.293464978739044,-6.859336569082188,-3.275547824794603,-6.855648785998951,-3.271495357173393,nan,nan,7.2104781054814255,576.838248438514,nan,0,9.402900002896786,21.338899998227134
1048,34.93333333333391,SEARCH,0,0,0,0,-12.81028518474738,-7.318279130843157,-7.248433938387365,-3.3804352270552265,-7.256030115110789,-3.369203766960464,nan,nan,6.815052869069248,545.2042295255399,nan,0,3.9474999939557165,19.5811000012327
1049,34.966666666667244,SEARCH,0,0,0,0,-12.780055156582646,-7.34268415568129,-7.632309969010317,-3.4986145683945975,-7.6330109641021355,-3.4962820046510426,nan,nan,6.425486240495537,514.038899239643,nan,0,4.087200009962544,20.151600008830428
1050,35.000000000000576,SEARCH,0,0,0,0,-12.749502418975874,-7.366679147894141,-8.010730383894593,-3.630011529055896,-8.001448139355665,-3.629615355987955,nan,nan,6.042322833728435,483.38582669827485,nan,0,3.645299992058426,19.69080002163537
1051,35.03333333333391,SEARCH,0,0,0,0,-12.718627700943168,-7.390263217333514,-8.383419309843482,-3.7745128684285736,-8.382016073631734,-3.7690608380087727,nan,nan,5.649717433479297,451.9773946783437,nan,0,3.4324000007472932,20.54080000380054
1052,35.06666666666724,SEARCH,0,0,0,0,-12.687431739183356,-7.413435489095319,-8.750069995859551,-3.931971370702523,-8.755801326872577,-3.9289703596483303,nan,nan,5.253495497032338,420.279639762587,nan,0,4.506099998252466,23.80769999581389
1053,35.10000000000057,SEARCH,0,0,0,0,-12.65591527806046,-7.4361951035520075,-9.110353468018955,-4.102209908027697,-9.118180165672095,-4.098239811088339,nan,nan,4.863899182745437,389.11193461963495,nan,0,3.7425000045914203,18.791899987263605
1054,35.1333333333339,SEARCH,0,0,0,0,-12.624079069585878,-7.458541216384502,-9.463925529074448,-4.285024799325605,-9.456985025777938,-4.296274227670693,nan,nan,4.4755354082202095,358.0428326576167,nan,0,4.78849999490194,27.339199994457886
1055,35.16666666666723,SEARCH,0,0,0,0,-12.591923873400495,-7.480472998613495,-9.810432429344528,-4.48018860709767,-9.810542585325281,-4.47912768587909,nan,nan,4.091962311156802,327.3569848925441,nan,0,3.5053999745287,22.703499998897314
1056,35.200000000000564,SEARCH,0,0,1,0,-12.559450456756524,-7.5019896366301815,-10.149515470142598,-4.687452485937042,-10.157656753259632,-4.677558259691224,nan,nan,3.70756329645154,296.6050637161232,nan,0,3.9115000108722597,24.66290001757443
1057,35.233333333333896,ACQUIRING,0,0,1,0,-12.5266595944992,-7.523090332226511,-10.480814748762505,-4.906548173542528,-10.484882388234869,-4.900101055564728,-6.499054544680872,-6.637798173542528,3.323992615139703,265.91940921117623,487.3816728130692,1,5.743699992308393,20.435500016901642
1058,35.26666666666723,ACQUIRING,0,0,1,0,-12.493552069048315,-7.543774302624707,-10.723225138493522,-5.19605164576475,-10.72451521662303,-5.2001975987100675,-6.499054544680872,-6.637798173542528,2.9362975244975025,234.90380195980018,485.0058527720366,1,5.6828999950084835,27.376000012736768
1059,35.30000000000056,ACQUIRING,0,0,1,0,-12.460128670379513,-7.56404078050636,-10.87674663933565,-5.423630335965367,-10.868815038058427,-5.433451561207836,-6.499054544680872,-6.637798173542528,2.659264841606045,212.74118732848362,482.6084465006652,1,5.1275000150781125,17.085100000258535
1060,35.33333333333389,ACQUIRING,0,0,1,0,-12.426390196005482,-7.583889014040919,-10.94137925128889,-5.617050021254505,-10.940406364423318,-5.6169794398091994,-6.499054544680872,-6.637798173542528,2.4651331040996576,197.2106483279726,480.1892680312708,1,6.517100002383813,23.558199987746775
1061,35.36666666666722,ACQUIRING,0,0,1,0,-12.392337450956878,-7.603318266913501,-10.91712297435324,-5.7805081248811865,-10.920657560310747,-5.769074500231965,-6.499054544680872,-6.637798173542528,2.351657265874914,188.13258126999312,477.7481342405134,1,6.302199995843694,19.21939998283051
1062,35.40000000000055,SEARCH,0,0,1,0,-12.357971247763162,-7.622327818352282,-10.803977808528703,-5.918697562569134,-10.801119017483563,-5.9130826336684095,nan,nan,2.3119922076623807,184.95937661299044,nan,1,5.445100017823279,23.360799998044968
1063,35.433333333333884,SEARCH,0,0,1,0,-12.323292406433191,-7.640916963155204,-10.779721531593054,-5.967998111368193,-10.7697352910901,-5.978557502766838,nan,nan,2.275297493994103,182.02379951952827,nan,0,5.022900004405528,20.403900009114295
1064,35.466666666667216,SEARCH,0,0,1,0,-12.28830175443563,-7.659085011716122,-10.844354143546294,-6.043721581846897,-10.847062677943072,-6.047304854964058,nan,nan,2.16217606806403,172.9740854451224,nan,0,3.809599991654977,26.05079999193549
1065,35.50000000000055,ACQUIRING,0,0,1,0,-12.253000126679256,-7.676831290050419,-10.997875644388422,-6.163603879404836,-11.009846864679133,-6.155244458474109,-12.23953399767387,-7.690251591562324,1.9648553429827804,157.18842743862243,1.5209283966001774,1,5.62559999525547,22.872300003655255
1066,35.53333333333388,ACQUIRING,0,0,1,0,-12.21738836549299,-7.694155139819996,-11.2055085134656,-6.372375065851665,-11.218946617689946,-6.363362341146377,-12.193082931595113,-7.701757473705239,1.66369931080035,133.095944864028,2.0373309558801784,1,6.618499988690019,23.888299998361617
1067,35.56666666666721,ACQUIRING,0,0,1,0,-12.181467320605838,-7.711055918357669,-11.324252493653889,-6.597005918352807,-11.324049468157096,-6.598236178803892,-12.168922205538152,-7.721218298413966,1.4048249522407945,112.38599617926356,1.2915822989684809,1,7.059700001263991,21.039800019934773
1068,35.60000000000054,ACQUIRING,0,0,1,0,-12.145237849126573,-7.727532998691068,-11.426797066376706,-6.792548405282465,-11.431224473357082,-6.792933345996381,-12.137391566145014,-7.7302826470956125,1.176134180948234,94.09073447585872,0.6651302331438743,1,5.111099977511913,29.969100025482476
1069,35.63333333333387,ACQUIRING,0,0,1,0,-12.10870081552333,-7.743585769565822,-11.508385202625043,-6.955338549585403,-11.514198355389606,-6.953395854571722,-12.10746945109255,-7.746182198225301,0.9888545276548175,79.1083622123854,0.22988971470899028,1,5.282500002067536,15.425499994307756
1070,35.666666666667204,ACQUIRING,0,0,1,0,-12.071857091602947,-7.759213635468303,-11.573669875976275,-7.097057930340874,-11.576297676333473,-7.095621300641914,-12.073443090679788,-7.760233583488206,0.8282112779373151,66.2569022349852,0.15085223572850376,1,6.317699997453019,18.34219999727793
1071,35.700000000000536,ACQUIRING,0,0,1,0,-12.03470755649016,-7.774416016647679,-11.62248394289279,-7.218818441283203,-11.617309824389677,-7.226438481453431,-12.041214198808229,-7.7743082208785665,0.6888397824169202,55.10718259335362,0.5206028147945299,0,7.8588000033050776,23.594899976160377
1072,35.73333333333387,ACQUIRING,0,0,1,0,-11.997253096606661,-7.789192349137423,-11.658936881680042,-7.323939018163674,-11.656534587550254,-7.33996609208044,-12.008985306936669,-7.788382858268927,0.5638203015527619,45.10562412422095,0.9408082812347174,0,4.754800000227988,19.75300000049174
1073,35.7666666666672,ACQUIRING,0,0,1,0,-11.959494605649901,-7.803542084776252,-11.684755376444652,-7.414975292854502,-11.68959062055925,-7.409652404936515,-11.959647147323603,-7.804640782612935,0.47749056645348026,38.19924531627842,0.08873893029955544,1,6.725899991579354,23.058999999193475
1074,35.80000000000053,ACQUIRING,0,0,1,0,-11.921432984571801,-7.817464691228455,-11.69408536787211,-7.495062180341688,-11.708375833518778,-7.490948434870493,-11.91988094599635,-7.819330263938784,0.38987974464038183,31.190379571230547,0.19414114910069624,1,5.65669999923557,18.806799984304234
1075,35.83333333333386,ACQUIRING,0,0,1,0,-11.88306914155725,-7.830959652003621,-11.695798917014837,-7.564928856357605,-11.690395350369766,-7.570446294702184,-11.887429321868026,-7.830049522767988,0.3240222201377932,25.921777611023455,0.35633249702408853,1,5.442499998025596,22.836800024379045
1076,35.86666666666719,ACQUIRING,0,0,1,0,-11.844403992002407,-7.844026466475846,-11.693794782313567,-7.624416293883153,-11.685817374004221,-7.631540418033491,-11.852674358829379,-7.8428292069499905,0.2651415399192465,21.21132319353972,0.6685262493571545,1,5.633900000248104,30.3684999817051
1077,35.900000000000524,ACQUIRING,0,0,1,0,-11.8054384584929,-7.85666464990225,-11.686766297654305,-7.676635579939983,-11.682731062432444,-7.68117757403483,-11.81334532554973,-7.857038760529631,0.21413271315806687,17.13061705264535,0.6332570052212501,1,7.219199993414804,21.6476000205148
1078,35.933333333333856,ACQUIRING,0,0,1,0,-11.766173470781766,-7.868873733440992,-11.673350377166425,-7.723291485589671,-11.679283619634765,-7.714998915147794,-11.769779873179777,-7.872133631509836,0.1767124951357795,14.136999610862361,0.38891087863939555,1,7.30140000814572,24.86160001717508
1079,35.96666666666719,ACQUIRING,0,0,1,0,-11.726609965767326,-7.880653264168673,-11.653052385127666,-7.76551935497813,-11.652226698655692,-7.751414584612139,-11.7311809200764,-7.886177727121344,0.14911574940199046,11.929259952159237,0.5736246254745548,0,4.816500004380941,21.824900002684444
1080,36.00000000000052,ACQUIRING,0,0,1,0,-11.686748887470758,-7.8920028050970945,-11.63034006619398,-7.8032858242106915,-11.629576264861713,-7.803280432524058,-11.68716762382189,-7.900343905418762,0.10554794252369346,8.443835401895477,0.668128345552262,1,7.062099990434945,18.56310002040118
1081,36.03333333333385,ACQUIRING,0,0,1,0,-11.646591187013634,-7.902921935189518,-11.60254694153686,-7.837433849515235,-11.602916208448102,-7.834324008434698,-11.645795626555877,-7.915152718356078,0.08132145662590731,6.505716530072585,0.9805303815689904,1,9.05560000683181,22.70529998349957
1082,36.06666666666718,ACQUIRING,0,0,1,0,-11.6061378225952,-7.9134102493762555,-11.572547202056342,-7.8688053357689105,-11.57914780767941,-7.863382608013073,-11.599934859820644,-7.928960052997092,0.05684387218968896,4.547509775175117,1.3393088123753394,1,6.843800016213208,14.39540000865236
1083,36.10000000000051,ACQUIRING,0,0,1,0,-11.565389759469493,-7.923467358569699,-11.538327350470944,-7.897248214375976,-11.540892088514905,-7.89688022532922,-11.561215827467882,-7.936488940209729,0.03615261451328611,2.8922091610628886,1.0939346869339008,1,6.05379999615252,15.179999987594783
1084,36.133333333333844,ACQUIRING,0,0,1,0,-11.524347969922358,-7.9330928896787665,-11.50480728736932,-7.920219916271486,-11.495139560672849,-7.918773653469489,-11.526234496935126,-7.943082458921491,0.03252955112668964,2.602364090135171,0.8132914963778592,1,8.782299992162734,18.456599995261058
1085,36.166666666667176,ACQUIRING,0,0,1,0,-11.483013433248185,-7.9422864856227395,-11.47290939100087,-7.9390797920239695,-11.46773277008158,-7.94438039935224,-11.487723929319044,-7.946600063545154,0.015423460750357772,1.2338768600286218,0.5109722668094773,1,9.187799994833767,22.13510000729002
1086,36.20000000000051,ACQUIRING,0,0,1,0,-11.441387135726613,-7.951047805344489,-11.439878116856397,-7.9533861217274255,-11.449396796771673,-7.945810740377405,-11.43927647106567,-7.957160530158552,0.00956982338009451,0.7655858704075608,0.5173489961001706,1,6.284900009632111,16.117999999551103
1087,36.23333333333384,ACQUIRING,0,0,1,0,-11.399470070598928,-7.959376523823167,-11.401141148620628,-7.968204337961319,-11.411278481663334,-7.95922975696664,-11.397526997447056,-7.966343843624776,0.011809323112530969,0.9447458490024775,0.5786554262643284,0,7.331600005272776,21.214599983068183
1088,36.26666666666717,ACQUIRING,0,0,1,0,-11.357263238044416,-7.967272332086221,-11.362520272228924,-7.98198791814209,-11.352406404162412,-7.987755360827781,-11.360275960801113,-7.971903708012432,0.02105096914122826,1.684077531298261,0.4420037384718401,1,8.281699992949143,22.037799993995577
1089,36.3000000000005,ACQUIRING,0,0,1,0,-11.314767645156476,-7.974734937220891,-11.32551298923046,-7.993325493036557,-11.312181282601829,-7.99992519939708,-11.32357069114041,-7.975761527035918,0.025322689031168088,2.025815122493447,0.709016243508578,1,7.517199992435053,16.997600003378466
1090,36.33333333333383,ACQUIRING,0,0,1,0,-11.271984305918574,-7.981764062385057,-11.289506346120108,-8.002307351199223,-11.287941508230062,-8.001461206825077,-11.27945618043847,-7.985948971293786,0.025349749598384246,2.0279799678707398,0.6851212863856326,1,7.829999987734482,19.025899993721396
1091,36.366666666667165,ACQUIRING,0,0,1,0,-11.228914241180092,-7.988359446817508,-11.250503360128521,-8.01274305030132,-11.260997700659841,-8.003832590422974,-11.226473738465739,-7.997904913198589,0.035619749370595255,2.8495799496476204,0.7882009162384198,1,8.727299980819225,25.51910001784563
1092,36.400000000000496,ACQUIRING,0,0,1,0,-11.185558478631913,-7.994520845847628,-11.205473505554814,-8.024558412640841,-11.201044820630162,-8.022943768241584,-11.187921255219209,-8.00490388450488,0.03236802907035859,2.589442325628687,0.8518786954376927,1,7.736300001852214,19.80609999736771
1093,36.43333333333383,ACQUIRING,0,0,1,0,-11.14191805278196,-8.000248030904464,-11.164136876759592,-8.034659745361497,-11.153587513739245,-8.048313002388245,-11.145335562248134,-8.013373307902656,0.04946127578995742,3.9569020631965937,1.0850320319124964,0,7.013499998720363,22.150600008899346
1094,36.46666666666716,ACQUIRING,0,0,1,0,-11.09799400493045,-8.0055407895252,-11.122195303651848,-8.044636491481933,-11.118274219322986,-8.043087922858177,-11.098019470916116,-8.009548217554292,0.04267404735118905,3.413923788095124,0.3206007154055102,1,7.803099986631423,22.20340000349097
1095,36.50000000000049,ACQUIRING,0,0,1,0,-11.053787383145105,-8.010398925363061,-11.077908124914526,-8.048487730567778,-11.078329722008183,-8.03747436782737,-11.054836657889588,-8.016725486884221,0.03654320705012432,2.9234565640099457,0.5130386849846285,1,9.617700008675456,22.580499993637204
1096,36.53333333333382,ACQUIRING,0,0,1,0,-11.009299242236114,-8.014822258194563,-11.034280629361858,-8.05422709371353,-11.029720305075964,-8.053382879809517,-11.01497929714665,-8.020080588950648,0.04363417636257978,3.490734109006383,0.6192282480745243,1,8.370000025024638,21.812699997099116
1097,36.56666666666715,ACQUIRING,0,0,1,0,-10.964530643730948,-8.018810623926232,-10.992425287887427,-8.058615313604921,-10.984412445287106,-8.063553831330289,-10.975694316948914,-8.021242567700499,0.048961624175683914,3.9169299340547132,0.9140396498664252,1,9.205799986375496,20.899199997074902
1098,36.600000000000485,ACQUIRING,0,0,1,0,-10.919482655849077,-8.02236387460067,-10.951860530413589,-8.061301393875462,-10.943928789241017,-8.064275602691298,-10.934687235432062,-8.025627266127348,0.04852016477052935,3.8816131816423485,1.244068074154703,1,8.564899995690212,20.290999993449077
1099,36.633333333333816,ACQUIRING,0,0,1,0,-10.874156353476431,-8.025481878402049,-10.911258411057398,-8.064601668542972,-10.914568540152999,-8.058037536629133,-10.88670769283192,-8.028597254673992,0.05189427439111588,4.15154195128927,1.0345756662358636,1,8.235000015702099,18.61329999519512
1100,36.66666666666715,ACQUIRING,0,0,1,0,-10.828552818139809,-8.028164519661011,-10.8672100689999,-8.067395580534905,-10.86802488954591,-8.064192484794846,-10.837121544491664,-8.030524787542792,0.05344210599118697,4.275368479294958,0.7110282616796405,1,10.030699981143698,20.466000016313046
1101,36.70000000000048,ACQUIRING,0,0,1,0,-10.782673137981,-8.030411698858943,-10.82052671292539,-8.069462954611579,-10.816048777672524,-8.076230124657325,-10.792511340589728,-8.026669031018558,0.05668563722372961,4.534850977898369,0.8420842452252374,1,7.86579999839887,18.87840000563301
1102,36.73333333333381,ACQUIRING,0,0,1,0,-10.736518407730888,-8.032223332631675,-10.774707350905214,-8.06822794920944,-10.765508102341963,-8.08064214919953,-10.749756783976292,-8.023652144147714,0.05643389222333513,4.51471137786681,1.2616684258995068,1,7.193099998403341,21.703400008846074
1103,36.76666666666714,ACQUIRING,0,0,1,0,-10.690089728683306,-8.033599353772583,-10.73007486390626,-8.06566641350126,-10.729831112468018,-8.056863338953226,-10.703898993984787,-8.024348284867527,0.04604987070132691,3.683989656106153,1.3297291972194167,1,7.1699999971315265,18.380300025455654
1104,36.80000000000047,TRACKING,1,0,1,0,-10.643388208668727,-8.034539711235066,-10.684578629526694,-8.064074150319103,-10.684173000810839,-8.05743822783719,-10.657238504013131,-8.027855994708412,0.04677329721810367,3.7418637774482937,1.230291666845618,1,7.836100005079061,19.768300000578165
1105,36.833333333333805,TRACKING,1,0,1,0,-10.596414962027888,-8.035044370134448,-10.638339624287159,-8.064347966128915,-10.639531326825496,-8.066325449196787,-10.610832102061089,-8.025933488282796,0.053268441132294675,4.261475290583574,1.3643743647001307,1,8.667199988849461,25.487400009296834
1106,36.866666666667136,TRACKING,1,0,1,0,-10.54917110958514,-8.035113311749276,-10.591796633295052,-8.06299266305113,-10.585160654986463,-8.070092924244964,-10.565874783974293,-8.02157875234171,0.05018785379494098,4.015028303595279,1.7199014603507778,1,9.170399978756905,19.119400007184595
1107,36.90000000000047,TRACKING,1,0,1,0,-10.501657778621768,-8.034746533522,-10.545783207867574,-8.059753060525292,-10.549063324665257,-8.053811918653285,-10.517344855087368,-8.02304993199568,0.0510957405845689,4.087659246765512,1.5654159427896155,1,7.847200002288446,21.97219998924993
1108,36.9333333333338,TRACKING,1,0,1,0,-10.453876102849025,-8.033944049059087,-10.49824600521937,-8.05838420741537,-10.506212434210488,-8.058928304685764,-10.466570188189566,-8.021959553129872,0.05799400494530456,4.6395203956243645,1.3966083380769994,1,8.117299992591143,25.855200015939772
1109,36.96666666666713,TRACKING,1,0,1,0,-10.40582722238114,-8.032705888130502,-10.448843149626203,-8.056602767733102,-10.44472246687346,-8.063117877759758,-10.417435995465782,-8.019682177149589,0.04937336485725175,3.94986918858014,1.3957206832201674,1,7.248600013554096,18.758999998681247
1110,37.00000000000046,TRACKING,1,0,1,0,-10.357512283708088,-8.03103209666861,-10.399202707330128,-8.054185186733552,-10.393579717777978,-8.063418601269785,-10.367347704405159,-8.015667781280406,0.04847417333661038,3.8779338669288306,1.4594194739258908,1,5.622299999231473,19.580399995902553
1111,37.03333333333379,TRACKING,1,0,1,0,-10.308932439668215,-8.02892273676647,-10.348847050175134,-8.05057568886834,-10.3439806337838,-8.055476103486287,-10.31666105873771,-8.013565507234013,0.04397109499342554,3.5176875994740433,1.3753860296139004,1,7.252199982758611,17.043400002876297
1112,37.066666666667125,TRACKING,1,0,1,0,-10.260088849420775,-8.026377886675528,-10.297833908897504,-8.047291691150432,-10.30000563603304,-8.039709443316106,-10.262088245067934,-8.013531583931151,0.04208420435163334,3.3667363481306674,1.0400771576118752,1,9.4202000182122,21.19010000023991
1113,37.100000000000456,TRACKING,1,0,1,0,-10.210982678418219,-8.023397640802727,-10.24451422896712,-8.045165617197608,-10.237835803022936,-8.037411965010023,-10.213473489640265,-8.012758317095209,0.030290123539259892,2.4232098831407916,0.8741600750333723,1,7.940300012705848,19.023300003027543
1114,37.13333333333379,TRACKING,1,0,1,0,-10.161615098378444,-8.019982109706985,-10.192982738795205,-8.043332226984035,-10.177230641119431,-8.04476983959896,-10.171504179167348,-8.006724879488132,0.02929636032501411,2.3437088260011287,1.3231430989582713,1,9.917100018355995,20.568299980368465
1115,37.16666666666712,TRACKING,1,0,1,0,-10.111987287256772,-8.016131420095114,-10.14560889597436,-8.039126572246852,-10.129257621677711,-8.041945682063412,-10.128198320140342,-8.002927331375863,0.031058663396530607,2.4846930717224485,1.6726420701307716,1,9.932500019203871,22.235499985981733
1116,37.20000000000045,TRACKING,1,0,1,0,-10.062100429217901,-8.011845714817103,-10.099913238392192,-8.03485643285949,-10.10060477938094,-8.027280964582374,-10.07337565682861,-8.004149395427334,0.04148291114174947,3.318632891339958,1.0921218681377745,1,11.220799991860986,22.171099990373477
1117,37.23333333333378,TRACKING,1,0,1,0,-10.011955714607623,-8.007125152860826,-10.04964895651418,-8.032928123701588,-10.049689855187284,-8.028477040117778,-10.022882606498605,-8.004251373710153,0.043356296598292814,3.468503727863425,0.9038781263123651,1,7.778300001518801,20.2385000011418
1118,37.26666666666711,TRACKING,1,0,1,0,-9.961554339924396,-8.001969909346151,-9.999318645333178,-8.03167865684591,-9.986725348875616,-8.036384622546151,-9.979337624429663,-7.9931762688823,0.04263745039587498,3.410996031669998,1.5870945940862016,1,7.7293999784160405,20.890200015855953
1119,37.300000000000445,TRACKING,1,0,1,0,-9.910897507790855,-7.996380175518425,-9.952116886488431,-8.025362151535036,-9.94610936331169,-8.033158761049556,-9.930647223325728,-7.984410516483888,0.05091698265697685,4.073358612558148,1.8475046974536942,1,7.679500005906448,20.34389998880215
1120,37.333333333333776,TRACKING,1,0,1,0,-9.85998642692505,-7.990356158741397,-9.903955603493758,-8.017632431829618,-9.907787080511218,-8.019603701043888,-9.877732142856658,-7.979874531009437,0.05603856898601977,4.483085518881581,1.64880553873257,1,9.031699999468401,19.102899997960776
1121,37.36666666666711,TRACKING,1,0,1,0,-9.80882231211167,-7.983898082489521,-9.853413006921611,-8.010939624658192,-9.85956086935022,-7.999656690336861,-9.822634477731187,-7.982458352331489,0.05312941663462737,4.2503533307701895,1.11095992231263,1,9.301900019636378,18.504200008464977
1122,37.40000000000044,TRACKING,1,0,1,0,-9.757406384172986,-7.977006186339654,-9.800472482693321,-8.008289368168493,-9.803356634588491,-8.001932811329931,-9.766775953301595,-7.980647455944883,0.05227582755589334,4.182066204471467,0.8041797609738335,1,7.597999996505678,20.61629999661818
1123,37.43333333333377,TRACKING,1,0,1,0,-9.70573986993979,-7.9696807259621885,-9.745725950689135,-8.00566338286773,-9.73952082125612,-8.004088839047435,-9.711684480192147,-7.973774240650422,0.04821898918396496,3.8575191347171964,0.5774163339855581,1,8.202600001823157,17.624100000830367
1124,37.4666666666671,TRACKING,1,0,1,0,-9.653824002222093,-7.961921973111551,-9.690263107395708,-8.000840816126408,-9.683228998434352,-7.99779874558263,-9.658101123583965,-7.966142909294603,0.04638746172388117,3.7109969379104935,0.4807332360006938,1,8.326899987878278,21.379000012530014
1125,37.50000000000043,TRACKING,1,0,1,0,-9.601660019779668,-7.9537302156161225,-9.635088782988905,-7.994517118250555,-9.641378535371272,-7.981337623301259,-9.599343833530993,-7.963290231494845,0.04837074983803569,3.869659987042855,0.7869276859889409,1,8.954500022809952,21.785099990665913
1126,37.533333333333765,TRACKING,1,0,1,0,-9.549249167292583,-7.94510575736758,-9.577461705366131,-7.989658429740068,-9.580933353665955,-7.977448932130683,-9.543270480030289,-7.957718536329104,0.04527657915411875,3.6221263323294997,1.116643239750475,1,8.344200003193691,20.328499987954274
1127,37.566666666667096,TRACKING,1,0,1,0,-9.496592695331403,-7.9360489183095915,-9.519982109177102,-7.984098431142571,-9.51243289307108,-7.990007883331113,-9.500480486373842,-7.94287941986939,0.05623594731687047,4.498875785349638,0.6287545568723579,1,8.678599988343194,19.184600008884445
1128,37.60000000000043,TRACKING,1,0,1,0,-9.443691860327421,-7.9265600344259735,-9.469142476893664,-7.9736389232922695,-9.465712216149758,-7.984085064597192,-9.448286768811565,-7.929216964367068,0.06159565866797675,4.92765269343814,0.42462188875878587,1,9.427899989532307,21.045100002083927
1129,37.63333333333376,TRACKING,1,0,1,0,-9.39054792454267,-7.91663945772822,-9.417109283958895,-7.961188206037109,-9.431835207341082,-7.949278351266449,-9.384627046030298,-7.9263194819671385,0.052630191832027315,4.210415346562185,0.90777855140759,1,6.4891000220086426,20.421399996848777
1130,37.66666666666709,TRACKING,1,0,1,0,-9.337162156039744,-7.906287556242422,-9.359220588874512,-7.952783471344624,-9.371377377104633,-7.945504457547281,-9.324941693525822,-7.917775331163634,0.05204466063367354,4.163572850693883,1.341780731284144,1,9.10149997798726,18.913500010967255
1131,37.70000000000042,TRACKING,1,0,1,0,-9.283535828651631,-7.8955047139956545,-9.300221806999032,-7.943549041819197,-9.298926199172472,-7.949182714787783,-9.27148272775837,-7.900061087825708,0.055840767131268274,4.467261370501462,1.0308451945772252,1,9.144799987552688,21.30540000507608
1132,37.73333333333375,TRACKING,1,0,1,0,-9.229670221951238,-7.884291331001707,-9.24335965748399,-7.929624119908483,-9.238987330108158,-7.938985635718192,-9.222267639511237,-7.88323608837298,0.05548220861526144,4.438576689220915,0.5981933535518109,1,8.633099991129711,20.038099988596514
1133,37.766666666667085,TRACKING,1,0,1,0,-9.175566621220922,-7.872647823246227,-9.18969425062386,-7.913697415518735,-9.190380485445038,-7.918183829617412,-9.168548648370638,-7.871075937413747,0.04788505455240844,3.8308043641926752,0.5753483424718124,1,8.490799984429032,21.919300023000687
1134,37.800000000000416,TRACKING,1,0,1,0,-9.121226317421764,-7.860574622671335,-9.135642438084592,-7.89877547119129,-9.140387429059007,-7.897331249493102,-9.114302873227842,-7.861330851539695,0.04145114973664293,3.316091978931434,0.5571697715141894,1,8.063299988862127,19.304699992062524
1135,37.83333333333375,TRACKING,1,0,1,0,-9.066650607162822,-7.848072177159549,-9.081402703691639,-7.8855041737490525,-9.082509147857248,-7.887274869800298,-9.059196832649985,-7.84973924381207,0.042288821492703875,3.38310571941631,0.6110338293072837,1,7.355500012636185,21.528699988266453
1136,37.86666666666708,TRACKING,1,0,1,0,-9.011840792670167,-7.835140950517205,-9.026629183519617,-7.872317750833593,-9.025942272769989,-7.879354344342315,-9.008490586475741,-7.83172584703505,0.046407714170597615,3.712617133647809,0.3827213155412447,1,7.7569000131916255,18.725600006291643
1137,37.90000000000041,TRACKING,1,0,1,0,-8.956798181755776,-7.821781422457244,-8.973781908729876,-7.856143904083571,-8.979382621065744,-7.85909397957904,-8.955396741136648,-7.814715340250914,0.04361517875594355,3.4892143004754836,0.5762974429541895,1,7.221199979539961,18.497600016416982
1138,37.93333333333374,TRACKING,1,0,1,0,-8.901524087786406,-7.807994088581399,-8.920708150286318,-7.838982908133295,-8.932510733926382,-7.833252541391315,-8.902201601679817,-7.80026534767631,0.039977014362691146,3.1981611490152915,0.6206704042759144,0,6.221999996341765,17.676399991614744
1139,37.966666666667074,TRACKING,1,0,1,0,-8.846019829652166,-7.793779460361828,-8.867610139734792,-7.822429619493645,-8.875885104584885,-7.823964467388182,-8.844948502224069,-7.781755036148995,0.042462563464632654,3.397005077170612,0.9657644271215237,1,8.144799998262897,24.25669998046942
1140,38.000000000000405,TRACKING,1,0,1,0,-8.790286731735133,-7.779138065122142,-8.81255405419892,-7.8042422659670665,-8.80724377064843,-7.810676178926334,-8.791602168329437,-7.7637878862067105,0.035807733676305846,2.864618694104468,1.2325151291096248,1,5.447700008517131,12.525900005130097
1141,38.03333333333374,TRACKING,1,0,1,0,-8.734326123877668,-7.764070446017813,-8.758297668763905,-7.785539453340384,-8.75802634827161,-7.789492226730651,-8.736414788901472,-7.749213958893996,0.034755827870082516,2.7804662296066014,1.2002072654118925,1,6.580999994184822,14.89750001928769
1142,38.06666666666707,TRACKING,1,0,1,0,-8.678139341350757,-7.748577162016067,-8.703426498884834,-7.768120889001402,-8.703271821500506,-7.7619637520535365,-8.680545025995993,-7.739707819891401,0.028475293700131975,2.278023496010558,0.7351845410200725,1,8.247799996752292,18.626100005349144
1143,38.1000000000004,TRACKING,1,0,1,0,-8.621727724822122,-7.732658787875119,-8.647944026370176,-7.753923267365525,-8.64917336525866,-7.750675478752704,-8.621801097319004,-7.729445569538388,0.03283084417358458,2.6264675338867662,0.25712447541594124,1,8.72230000095442,18.69789999909699
1144,38.13333333333373,TRACKING,1,0,1,0,-8.565092620324192,-7.71631591412285,-8.590657555423117,-7.741228557353874,-8.581688135513641,-7.745638778002705,-8.566116205733062,-7.712525628898272,0.03369334460275136,2.695467568220109,0.3140852284119397,1,8.793000015430152,20.676399988587946
1145,38.16666666666706,TRACKING,1,0,1,0,-8.508235379222068,-7.699549147034931,-8.533926387357752,-7.726262494807133,-8.525425900004826,-7.734050724098095,-8.512195616942135,-7.694753522715735,0.03854702095659143,3.0837616765273146,0.4975555955126543,1,8.360300009371713,17.27129999198951
1146,38.200000000000394,TRACKING,1,0,1,0,-8.451157358181186,-7.682359108612287,-8.478260490723518,-7.709820867912934,-8.478648597527007,-7.711322121915173,-8.452570670378428,-7.6817165359060455,0.03993274821937954,3.194619857550363,0.12420244247978625,1,5.837599979713559,20.528400025796145
1147,38.233333333333725,TRACKING,1,0,1,0,-8.393859919135043,-7.664746436558049,-8.420337289175796,-7.694843266262697,-8.422861200585809,-7.687181629443787,-8.391077420168942,-7.669441139675667,0.03666622704351753,2.9332981634814024,0.43658703862701015,1,7.476500002667308,19.320499995956197
1148,38.26666666666706,TRACKING,1,0,1,0,-8.336344429252597,-7.646711784253915,-8.360401168532588,-7.680913231249378,-8.354274122862613,-7.677189514830767,-8.334736930500245,-7.656740759407038,0.0353605143354027,2.8288411468322163,0.8125589991556953,1,7.327700004680082,18.509199988329783
1149,38.30000000000039,TRACKING,1,0,1,0,-8.278612260905732,-7.628255820735852,-8.301868077527102,-7.667440494549017,-8.293254762521187,-7.671292363901561,-8.280795300313738,-7.638634702151844,0.04545928839316028,3.636743071452823,0.8484785084057479,1,7.4724000005517155,19.95710001210682
1150,38.33333333333372,TRACKING,1,0,1,0,-8.220664791636482,-7.609379230669347,-8.245151795422903,-7.651584243999041,-8.24666834057061,-7.649227028238603,-8.219109723743252,-7.6229901404333384,0.04758184032054638,3.806547225643711,1.0959564976945113,1,7.6240999915171415,17.464600008679554
1151,38.36666666666705,TRACKING,1,0,1,0,-8.16250340412412,-7.590082714323961,-8.185626523822721,-7.635762800314217,-8.191004514122174,-7.6261429208173555,-8.1551479326684,-7.605881009166828,0.04596359171635119,3.677087337308095,1.394134180694139,1,6.745199993019924,15.084800019394606
1152,38.40000000000038,TRACKING,1,0,1,0,-8.104129486152244,-7.570366987547358,-8.12365814211529,-7.619054754532462,-8.12636447510558,-7.621012483788546,-8.094016536095381,-7.582498920453829,0.05531149087912174,4.424919270329739,1.2635329640963986,1,8.13979998929426,16.014200024073943
1153,38.433333333333714,TRACKING,1,0,1,0,-8.045544430575585,-7.550232781738773,-8.061661022850728,-7.598738013574568,-8.055990031284018,-7.607177218267878,-8.03392390246411,-7.564634481022526,0.057894554370659775,4.631564349652782,1.4804228927691967,0,6.3368999981321394,19.77199999964796
1154,38.466666666667045,TRACKING,1,0,1,0,-7.986749635286845,-7.529680843821852,-8.000019283372001,-7.5792673603536915,-7.999392884833048,-7.581452155040687,-7.979510448746899,-7.5373633537908935,0.053292780227765915,4.263422418221273,0.8444710768174187,1,7.352300017373636,15.940699988277629
1155,38.50000000000038,TRACKING,1,0,1,0,-7.92774650318327,-7.508711936216942,-7.941308319116785,-7.55552378569127,-7.952583075627877,-7.557505159579104,-7.921366823847324,-7.512812558574718,0.05475065275287585,4.380052220230068,0.6067113298462631,1,7.164800015743822,13.247800001408905
1156,38.53333333333371,TRACKING,1,0,1,0,-7.868536442133239,-7.487326836812846,-7.882471529758208,-7.530870929358809,-7.888091237799477,-7.5309201601705515,-7.864983543466476,-7.48992880458226,0.04777832013495027,3.822265610796022,0.35230282618777536,1,8.27630001003854,22.700499976053834
1157,38.56666666666704,TRACKING,1,0,1,0,-7.809120864942647,-7.465526338937911,-7.824696281309363,-7.506220924199256,-7.821508629941427,-7.515750975226406,-7.811008053792837,-7.463630631974601,0.051729786506195585,4.138382920495647,0.21399344508874618,1,8.235799992689863,23.25359999667853
1158,38.60000000000037,TRACKING,1,0,1,0,-7.7495011893211565,-7.443311251330636,-7.768714221035459,-7.479850162822953,-7.769687244833992,-7.479382945738634,-7.75416655097989,-7.443933192341545,0.04133574693447932,3.306859754758346,0.37653077454320816,1,7.144100003642961,16.412800003308803
1159,38.6333333333337,TRACKING,1,0,1,0,-7.689678837848449,-7.420682398109671,-7.7123444413696,-7.455940851689275,-7.718634507511721,-7.44345292067333,-7.695269140813266,-7.4285443341841555,0.036836496894665026,2.946919751573202,0.7717472169677148,1,8.869999990565702,21.958600002108142
1160,38.666666666667034,TRACKING,1,0,1,0,-7.629655237940192,-7.3976406187431945,-7.654868773940322,-7.4354517984568504,-7.653774934875644,-7.421843320079341,-7.640135646156164,-7.411469316798511,0.03416914591008624,2.7335316728068992,1.388113761974389,1,7.092200015904382,18.034599983366206
1161,38.700000000000365,TRACKING,1,0,1,0,-7.5694318218140655,-7.374186768017854,-7.598676388777999,-7.416153048738782,-7.593359610507614,-7.421364873113022,-7.583368696296222,-7.392183765460793,0.052899080068881,4.23192640551048,1.8209946948500964,0,6.28349999897182,19.796399981714785
1162,38.7333333333337,TRACKING,1,0,1,0,-7.509010026455504,-7.350321716006983,-7.542233901685649,-7.396673140608963,-7.531174259460148,-7.411920363220916,-7.528027626767143,-7.353725230233736,0.0654648498300478,5.237187986403824,1.5455806017518576,1,7.580000004963949,19.224099989514798
1163,38.76666666666703,TRACKING,1,0,1,0,-7.4483912935834855,-7.32604634803835,-7.486420937523218,-7.368080875258717,-7.4820410295156385,-7.3751467399152215,-7.468479739563783,-7.327331701828335,0.059524391729491734,4.761951338359339,1.6103620388347626,1,9.30289999814704,21.26829998451285
1164,38.80000000000036,TRACKING,1,0,1,0,-7.3875770696160945,-7.301361564661342,-7.428917045537434,-7.340338689213917,-7.430796229691789,-7.333987595736954,-7.404653993810673,-7.306762350570044,0.05415121144900922,4.332096915920737,1.4328485271045324,1,7.491800002753735,21.0668999934569
1165,38.83333333333369,TRACKING,1,0,1,0,-7.326568805635974,-7.276268281613504,-7.368440310646973,-7.315162347910945,-7.357760967911088,-7.317622461302733,-7.343950555540863,-7.281144980593941,0.051798833627467795,4.143906690197423,1.4442324969658278,1,7.851800008211285,19.27729998715222
1166,38.86666666666702,TRACKING,1,0,1,0,-7.265367957355789,-7.2507674297866025,-7.307740277689879,-7.2889721987163325,-7.300134139485668,-7.293681159461291,-7.28054344632675,-7.253857496442583,0.05522930032582493,4.418344026065995,1.2389517567910235,1,7.9886000021360815,21.45490000839345
1167,38.900000000000354,TRACKING,1,0,1,0,-7.203975985083392,-7.224859955192107,-7.245330435723767,-7.261673757040421,-7.247174209569265,-7.263532037444934,-7.21269977878904,-7.226873638203544,0.05797944932906199,4.6383559463249595,0.716254684934889,1,9.31039999704808,21.388799999840558
1168,38.933333333333685,TRACKING,1,0,1,0,-7.142394353687073,-7.198546818926026,-7.179780640328665,-7.2339355359703825,-7.190553363256815,-7.2376673748274145,-7.15003382650554,-7.201242735938637,0.062046015962124466,4.963681276969957,0.6480963557150264,0,7.760500011499971,20.24749998236075
1169,38.96666666666702,TRACKING,1,0,1,0,-7.080624532560519,-7.17182899713335,-7.115110842878643,-7.206620008802928,-7.114379115163202,-7.209049379517947,-7.081726593400848,-7.175473038273352,0.050246678611994125,4.01973428895953,0.30456341396369135,1,8.22719998541288,21.550900011789054
1170,39.00000000000035,TRACKING,1,0,1,0,-7.018667995587824,-7.144707480971757,-7.048023970248499,-7.179480667239041,-7.036971443998539,-7.184392572150202,-7.022336572138137,-7.143595789774182,0.04370266222514544,3.496212978011635,0.3066652765399397,2,9.1281000059098,21.229200006928295
1171,39.03333333333368,TRACKING,1,0,1,0,-6.956526221108297,-7.117183276574881,-6.984002889066907,-7.149606051852308,-6.977643969790694,-7.149748789719211,-6.96155200965004,-7.119389233422036,0.03881329612087023,3.1050636896696187,0.43908848185540045,2,7.7748000039719045,18.244999984744936
1172,39.06666666666701,TRACKING,1,0,1,0,-6.894200691881144,-7.089257405014999,-6.920854886835846,-7.122005470271911,-6.923188207779282,-7.116070013490322,-6.896635775451563,-7.09586990087771,0.03948660597209879,3.158928477767903,0.5637289194173482,2,8.80670000333339,18.131299992091954
1173,39.10000000000034,TRACKING,1,0,1,0,-6.831692895050175,-7.060930902265117,-6.8564295469027,-7.095807441279187,-6.854443906857784,-7.092451350692046,-6.834479186353618,-7.072886730682283,0.0388734769129888,3.109878153039104,0.9820965406504281,2,10.044399998150766,21.731100016040727
1174,39.133333333333674,TRACKING,1,0,1,0,-6.769004322108223,-7.032204819160551,-6.792826218687907,-7.07084298228566,-6.78683764505552,-7.074020044773065,-6.772774892306318,-7.043425207953995,0.045459217991163,3.6367374392930403,0.9469591730834108,2,7.684699987294152,21.460699994349852
1175,39.166666666667005,TRACKING,1,0,1,0,-6.70613646886165,-7.003080221359985,-6.729822954478742,-7.043416045919481,-6.726596938147297,-7.043033522664959,-6.708112858600018,-7.016885373667138,0.04488760506593027,3.591008405274422,1.1156726304693425,2,8.866999996826053,20.131500001298264
1176,39.20000000000034,TRACKING,1,0,1,0,-6.643090835394562,-6.973558189305843,-6.665728175620191,-7.016292388354777,-6.671510737626573,-7.010915254961386,-6.645003743337247,-6.990591582429706,0.04693869616073292,3.755095692858634,1.3712375680016808,1,6.71759998658672,25.513800006592646
1177,39.23333333333367,TRACKING,1,0,1,0,-6.5798689260331,-6.943639818184321,-6.601918382108758,-6.989289901831501,-6.604577573019089,-6.977753665611814,-6.5827562584664,-6.9604120549333715,0.042122106098632935,3.3697684878906347,1.3615158943391266,2,7.583200000226498,16.129399999044836
1178,39.266666666667,TRACKING,1,0,1,0,-6.516472249309506,-6.913326217884679,-6.538610766891378,-6.96053310904567,-6.525970801211917,-6.955033270560585,-6.5265660439107736,-6.931146668004181,0.04277500124083699,3.422000099266959,1.63844439766846,2,12.740100006340072,20.355199987534434
1179,39.30000000000033,TRACKING,1,0,1,0,-6.452902317926095,-6.882618512958086,-6.478495696842947,-6.9312998398843035,-6.464625372824941,-6.940266940479564,-6.467862329856278,-6.895566060872162,0.05882831981163904,4.706265584931123,1.5827893432818014,2,8.773100009420887,20.625699980882928
1180,39.33333333333366,TRACKING,1,0,1,0,-6.389160648719243,-6.85151784257593,-6.418981915308171,-6.898609564926325,-6.423791138637878,-6.896624209024983,-6.398581523624688,-6.865555638615901,0.05686699505197102,4.549359604157681,1.352479445507652,2,9.207600000081584,19.335799996042624
1181,39.366666666666994,TRACKING,1,0,1,0,-6.3252487626231,-6.820025360487524,-6.354825414302534,-6.866767747773156,-6.362898791062482,-6.869848010245157,-6.327540208100715,-6.830326183536188,0.06244854738389074,4.995883790711259,0.8442091792224449,1,9.36229998478666,20.90239999233745
1182,39.400000000000325,TRACKING,1,0,1,0,-6.261168184633393,-6.788142234977304,-6.28734811999783,-6.832531981803627,-6.286798839895166,-6.837306339137008,-6.262078378643283,-6.791327949647404,0.0554440224638699,4.435521797109592,0.2650552376535156,1,9.489099989878014,22.526799992192537
1183,39.43333333333366,TRACKING,1,0,1,0,-6.196920443770941,-6.755869648821534,-6.220574109837966,-6.795243455571321,-6.2138477848370295,-6.802077416016368,-6.199184475215693,-6.7536517985773905,0.04921069624278477,3.9368556994227815,0.25354697348804195,1,7.699200010392815,19.05199998873286
1184,39.46666666666699,TRACKING,1,0,1,0,-6.132507073045262,-6.723208799244372,-6.155219738368358,-6.756916769462709,-6.145401826212908,-6.761342184232589,-6.134572585331961,-6.718879984850262,0.04025456135538115,3.2203649084304917,0.3837080145331846,0,8.294500003103167,20.642100018449128
1185,39.50000000000032,TRACKING,1,0,1,0,-6.067929609417947,-6.6901608978734775,-6.089820761931834,-6.719358555398297,-6.087816244662738,-6.7122583566494605,-6.072195109773852,-6.691353086398951,0.02972836937532317,2.3782695500258537,0.3543178845409903,1,9.660800016717985,19.99869997962378
1186,39.53333333333365,TRACKING,1,0,1,0,-6.003189593765962,-6.656727170695106,-6.025609407975606,-6.685660707004809,-6.0185958364157655,-6.681243165313958,-6.008349728171464,-6.661036357591662,0.02895490122131703,2.3163920977053625,0.5378242317623382,1,9.093900007428601,20.345900004031137
1187,39.56666666666698,TRACKING,1,0,1,0,-5.938288570844955,-6.62290885800852,-5.961365053973658,-6.652847534725351,-5.947955636784705,-6.656537872718263,-5.946177026054833,-6.624011528439025,0.034990895876378936,2.799271670110315,0.6372119656204838,1,11.043699982110411,20.694500009994954
1188,39.600000000000314,TRACKING,1,0,1,0,-5.873228089252312,-6.588707214380118,-5.898029335887212,-6.617647069886405,-5.882683657956747,-6.6217729184895235,-5.882500472834496,-6.585853231750983,0.03439111175543784,2.7512889404350274,0.7761332427569327,1,6.9432000163942575,21.477799979038537
1189,39.633333333333645,TRACKING,1,0,1,0,-5.808009701390279,-6.554123508596776,-5.834457646734214,-6.580706679910026,-5.832197121559538,-6.575823295314543,-5.816355537892887,-6.5554037613172,0.03249480016927111,2.5995840135416888,0.675476881411239,1,8.428600005572662,21.857599989743903
1190,39.66666666666698,TRACKING,1,0,1,0,-5.742634963428892,-6.519159023618835,-5.769597340800836,-6.5465441637623805,-5.77433665349458,-6.543146742178817,-5.746413424241187,-6.522142078811723,0.039754343092722105,3.1803474474177684,0.3851265507865136,1,8.528800011845306,16.77170000039041
1191,39.70000000000031,TRACKING,1,0,1,0,-5.677105435268805,-6.483815056532515,-5.702130590697584,-6.512326580700173,-5.697644213502177,-6.518376205156843,-5.6805071514366645,-6.4886616840058995,0.040203412859513184,3.216273028761055,0.4737018184634711,0,4.928100010147318,19.900499988580123
1192,39.73333333333364,TRACKING,1,0,1,0,-5.611422680504153,-6.448092918501759,-5.635244021373161,-6.478210532913244,-5.63435715571994,-6.488271807440542,-5.618543914976053,-6.449200823094167,0.04626373601189825,3.70109888095186,0.5765521408631008,1,8.807099977275357,20.86980000603944
1193,39.76666666666697,TRACKING,1,0,1,0,-5.545588266385153,-6.411993934719604,-5.570361706578334,-6.4413290841243525,-5.582742422452948,-6.441808028599074,-5.548029232378753,-6.413645775814125,0.04763729113797261,3.8109832910378088,0.23578829804331747,1,9.727399999974295,20.7972000062
1194,39.8000000000003,TRACKING,1,0,1,0,-5.479603763780797,-6.375519444359069,-5.502538705127823,-6.404851878791465,-5.505308139867671,-6.398871401646044,-5.483988307256365,-6.37953370814299,0.03472792621433292,2.7782340971466337,0.47556979023346596,1,12.176899996120483,19.174400018528104
1195,39.833333333333634,TRACKING,1,0,1,0,-5.41347074714128,-6.338670800523367,-5.436425404466702,-6.369091086953265,-5.4327096874282255,-6.363210581278344,-5.424375801821723,-6.345381691076526,0.031182329336773448,2.4945863469418756,1.024363278060882,1,10.418999998364598,18.997799983480945
1196,39.866666666666966,TRACKING,1,0,1,0,-5.347190794460508,-6.301449370195847,-5.373225439398584,-6.333751509691988,-5.35713778462639,-6.338748860372446,-5.363964386985043,-6.308044403357511,0.03860303849173463,3.0882430793387705,1.4418829213665316,2,10.785499995108694,21.103200007928535
1197,39.9000000000003,TRACKING,1,0,1,0,-5.28076548723842,-6.2638565341891645,-5.311325740452893,-6.297129800154392,-5.308363828866445,-6.29876245025204,-5.297805969254127,-6.266430692794065,0.0444982183554092,3.5598574684327358,1.3787050616594019,2,12.1936000068672,21.98680001311004
1198,39.93333333333363,TRACKING,1,0,1,0,-5.214196410443207,-6.225893687094107,-5.2474505478471265,-6.257739007475704,-5.253348185071194,-6.2443008904220205,-5.226144829542059,-6.230607277072571,0.04326299331849146,3.461039465479317,1.0275645753236484,2,8.283300005132332,16.67409998481162
1199,39.96666666666696,TRACKING,1,0,1,0,-5.14748515247358,-6.1875622372278904,-5.179862937319999,-6.219752550604863,-5.1806340491111245,-6.2188424632471815,-5.160015060553015,-6.1937979129930225,0.04557742739673372,3.6461941917386977,1.1196635172463114,1,8.968599984655157,15.63690000330098
1200,40.00000000000029,TRACKING,1,0,1,0,-5.080633305120777,-6.148863606581843,-5.112969463216568,-6.18182834241449,-5.104424752883983,-6.189042895133672,-5.092213821518043,-6.15057890295181,0.04669484141958778,3.7355873135670223,0.9365489045696639,1,9.13720001699403,18.557899980805814
1201,40.03333333333362,TRACKING,1,0,1,0,-5.013642463530674,-6.10979923076869,-5.045361110461809,-6.141017305882025,-5.0463964290153855,-6.144234220164989,-5.019439660611358,-6.108890934890278,0.04752463308324324,3.801970646659459,0.4694336699984088,1,7.7988999837543815,18.10529999784194
1202,40.066666666666954,TRACKING,1,0,1,0,-4.946514226165626,-6.070370558969346,-4.975054853461597,-6.099429862633508,-4.987310171237607,-6.086119413288081,-4.945414396008479,-6.073791279871329,0.04373025893667701,3.4984207149341606,0.2874545708951746,1,7.56359999650158,23.020699998596683
1203,40.100000000000286,TRACKING,1,0,1,0,-4.879250194766412,-6.030579053879016,-4.902612452867336,-6.060407775507678,-4.9140444042957006,-6.050202596620033,-4.873958876549805,-6.038037011804625,0.039946469762377784,3.1957175809902223,0.7315482098215161,1,8.013100014068186,21.81799997924827
1204,40.13333333333362,TRACKING,1,0,1,0,-4.811851974313983,-5.9904261916531,-4.830078168797339,-6.022430585320961,-4.825522395336005,-6.021769685409049,-4.813541753721254,-5.996070815221765,0.034194955940146946,2.735596475211756,0.4713699501812613,1,8.845500007737428,18.931600003270432
1205,40.16666666666695,TRACKING,1,0,1,0,-4.744321172991124,-5.949913461852349,-4.762896066562522,-5.982142877572689,-4.7593303222025325,-5.992689616522564,-4.748434715109554,-5.947648661687347,0.04533292366945357,3.626633893556286,0.3756640929127559,1,6.8829999945592135,20.52170000388287
1206,40.20000000000028,TRACKING,1,0,1,0,-4.676659402144169,-5.9090423673875385,-4.696217030753176,-5.937507051425545,-4.70154887315006,-5.936750712082689,-4.68166630736459,-5.9061122080382065,0.03724564582200599,2.9796516657604792,0.46410297959827507,0,6.757800001651049,18.492500006686896
1207,40.23333333333361,TRACKING,1,0,1,0,-4.608868276244456,-5.867814424463877,-4.629406794108074,-5.893932036695949,-4.630373381908164,-5.887351526765977,-4.614897899619625,-5.864575754389066,0.02905456824614692,2.324365459691754,0.5475492563770775,0,6.4248999988194555,18.827899999450892
1208,40.26666666666694,TRACKING,1,0,1,0,-4.540949412849901,-5.826231162524614,-4.5626020284911775,-5.8506274325298255,-4.551449899849586,-5.858029765030589,-4.546437824755501,-5.81832283796903,0.03348748047500066,2.678998438000052,0.7700982275922204,1,8.03469997481443,22.965300013311207
1209,40.300000000000274,TRACKING,1,0,1,0,-4.4729044325663025,-5.784294124194362,-4.495038902325992,-5.805480605970361,-4.482698163244295,-5.806845986229895,-4.478977708684812,-5.778003445714162,0.024586655768175238,1.9669324614540191,0.6995190052733796,1,8.188400010112673,20.073799998499453
1210,40.333333333333606,TRACKING,1,0,1,0,-4.404734959008761,-5.742004865221899,-4.427500150829539,-5.7620568087338375,-4.426334048761309,-5.753975144164558,-4.4083390764844745,-5.743800869692403,0.024694296023651245,1.9755436818920997,0.3221457542101286,1,8.364699984667823,21.648200025083497
1211,40.36666666666694,TRACKING,1,0,1,0,-4.336442618762898,-5.699364954422382,-4.358396937783195,-5.722404290523206,-4.372459911323842,-5.7140213251527525,-4.331454931647865,-5.7062134618551,0.03888514583239633,3.1108116665917063,0.6777802679379805,1,7.90590001270175,19.352000002982095
1212,40.40000000000027,TRACKING,1,0,1,0,-4.268029041346011,-5.656375973619189,-4.285333171526283,-5.683406617146608,-4.29359388729777,-5.678166439295865,-4.25783639508063,-5.664018804555548,0.03359145342112345,2.6873162736898757,1.0191852514253366,1,8.153800008585677,19.07999999821186
1213,40.4333333333336,TRACKING,1,0,1,0,-4.199495859168274,-5.613039517585282,-4.211640085226133,-5.642798019512779,-4.209202594312689,-5.642629600722697,-4.186432935413747,-5.623841843255746,0.0311415113191854,2.491320905534832,1.356065407053435,0,8.09550000121817,30.260799976531416
1214,40.46666666666693,TRACKING,1,0,1,0,-4.130844707493691,-5.569357193983912,-4.138456819239922,-5.602432261071772,-4.141492097929762,-5.602792169880207,-4.115029475746865,-5.583664881955944,0.03508937925190415,2.807150340152332,1.706142297110467,0,4.915800003800541,15.431499981787056
1215,40.50000000000026,TRACKING,1,0,1,0,-4.062077224401176,-5.525330623309154,-4.06553168143374,-5.562075400539594,-4.073450705667783,-5.552053434066698,-4.058247264942277,-5.535486924740878,0.02904246358188942,2.3233970865511537,0.8683558652215679,1,8.72969999909401,22.58389999042265
1216,40.533333333333594,TRACKING,1,0,1,0,-3.9931950507453635,-5.4809614388256485,-3.9993834867081137,-5.518154352710587,-4.002002217233146,-5.511971202934576,-3.997582208113311,-5.487651395696399,0.03223618543864702,2.578894835091762,0.6400133633786633,1,7.418900000629947,22.859000018797815
1217,40.566666666666926,TRACKING,1,0,1,0,-3.9241998301175496,-5.436251286508067,-3.935364376806567,-5.472378823369192,-3.9330396205166513,-5.473900023720505,-3.9329433515835905,-5.440199014491656,0.038672591172447195,3.0938072937957752,0.7674736690603512,1,8.038300002226606,22.085099975811318
1218,40.60000000000026,TRACKING,1,0,1,0,-3.855093208806432,-5.39120182498009,-3.8713585856229416,-5.4253750191376025,-3.8705210272376487,-5.435204537310117,-3.869983360918384,-5.392883036621841,0.0466289210034469,3.730313680275752,1.1987809875073823,1,9.645599988289177,20.756800018716604
1219,40.63333333333359,TRACKING,1,0,1,0,-3.7858768357587937,-5.345814725452799,-3.808407244039925,-5.377579560845011,-3.8120062579729637,-5.368677563714156,-3.8017031807221393,-5.355181800693778,0.034719678549942436,2.777574283995395,1.4712504471372065,1,9.455299994442612,21.359900012612343
1220,40.66666666666692,TRACKING,1,0,1,0,-3.7165523625402432,-5.300091671662711,-3.7433279862267073,-5.33412135896995,-3.7453571242655936,-5.331308525963416,-3.7331219949129735,-5.310915572759145,0.04247594955366656,3.398075964293325,1.5833322873742945,1,7.434099999954924,20.37029998609796
1221,40.70000000000025,TRACKING,1,0,1,0,-3.647121443295707,-5.254034359809381,-3.677000288550091,-5.28963087430612,-3.6616511799389984,-5.296938447070212,-3.666393054505781,-5.267487544542763,0.045297615286109365,3.6238092228887493,1.8802266724673211,0,7.0241999928839505,12.32089998666197
1222,40.73333333333358,TRACKING,1,0,1,0,-3.5775857347100626,-5.20764449849232,-3.6107548584405116,-5.245398687992347,-3.602107292003188,-5.252025960978511,-3.5996641140985886,-5.224059516326381,0.05070523626306482,4.056418901045186,2.200956369459422,0,4.300799977499992,21.178599999984726
1223,40.766666666666914,TRACKING,1,0,1,0,-3.5079468959685043,-5.160923808647803,-3.544418568378344,-5.201275758015266,-3.5506580069860987,-5.200057054052569,-3.511616876844852,-5.169855299738938,0.05792797165676416,4.634237732541133,0.7724881057725976,1,8.098800026345998,19.019999977899715
1224,40.800000000000246,TRACKING,1,0,1,1,-3.4382065887170423,-5.113874023484886,-3.468481251351368,-5.152432497458506,-3.4774659833575234,-5.145579466772918,-3.4347894208277054,-5.124125745040729,0.05046320641445243,4.037056513156194,0.8644992307409354,1,6.794200016884133,15.412100008688867
1225,40.83333333333358,TRACKING,1,0,1,1,-3.368366477022821,-5.066496888421147,-3.3921871002425354,-5.104794108977245,-3.3902970770160303,-5.101716242144134,-3.3678136273288475,-5.077853872753151,0.04148920453234783,3.3191363625878263,0.909634602337452,1,8.562899980461225,22.500400024000555
1226,40.86666666666691,TRACKING,1,0,1,1,-3.2984282273343704,-5.018794161017993,-3.319456652333054,-5.057176399694421,-3.313365668278097,-5.061644584677502,-3.3014644920391953,-5.028499567289049,0.045379355986469416,3.630348478917553,0.8135406634960771,1,7.894699985627085,22.237900004256517
1227,40.90000000000024,TRACKING,1,0,1,1,-3.2283935084419313,-4.970767610915367,-3.2490078704563685,-5.008167270808449,-3.246234620575585,-5.003145079597333,-3.2352962781244368,-4.982122388623493,0.036967631252452775,2.957410500196222,1.0630648705419297,1,7.545100001152605,16.221400001086295
1228,40.93333333333357,TRACKING,1,0,1,1,-3.1582639914375377,-4.922419019766142,-3.1802442866172003,-4.959949780320294,-3.19083179957857,-4.9495739431395265,-3.1664067428853775,-4.935371244910556,0.042403443144696164,3.392275451575693,1.2239334291253021,0,6.993400020292029,23.49249998223968
1229,40.9666666666669,TRACKING,1,0,1,1,-3.0880413496752457,-4.873750181170072,-3.1112316973856635,-4.911904746047187,-3.1164323820730986,-4.912358494553449,-3.097517207646318,-4.888620101197619,0.04792340329030254,3.8338722632242037,1.410603061760059,0,7.721500005573034,24.777499987976626
1230,41.000000000000234,TRACKING,1,0,1,1,-3.017727258731097,-4.824762900607169,-3.0422444482615254,-4.864053801476218,-3.039842828357947,-4.881437179132893,-3.0279563493241453,-4.812228646327507,0.060836438639448924,4.866915091155914,1.294274962336551,1,6.797199981519952,16.513100010342896
1231,41.033333333333566,TRACKING,1,0,1,1,-2.947323396363237,-4.775458995370762,-2.9729639900175795,-4.803089235525991,-2.973968662130589,-4.812684335823043,-2.9562763054888186,-4.755878880798218,0.04577877411640748,3.6623019293125982,1.722389908906563,1,8.590599987655878,20.832500013057142
1232,41.0666666666669,TRACKING,1,0,1,1,-2.8768314424718353,-4.725840294500143,-2.902557135748047,-4.743869383301563,-2.907637269817505,-4.740241103789267,-2.8829427880875627,-4.712182778380493,0.03400562169161049,2.720449735328839,1.1969996940173508,1,8.194299996830523,19.73200001521036
1233,41.10000000000023,TRACKING,1,0,1,1,-2.80625307905897,-4.675908638712558,-2.8306819209603518,-4.690480742246594,-2.8273202009404184,-4.684927741004129,-2.816316130331611,-4.667183735774244,0.022916540544192673,1.8333232435354139,1.0654994913524638,1,7.970500009832904,22.7141999930609
1234,41.13333333333356,TRACKING,1,0,1,1,-2.7355899901885783,-4.62566588033512,-2.7611793022529962,-4.639917071133258,-2.74828711493905,-4.649976776181747,-2.7495396761669517,-4.616246135575447,0.02742693263554255,2.194154610843404,1.3465816401127424,1,8.069500006968156,22.159599990118295
1235,41.16666666666689,TRACKING,1,0,1,1,-2.6648438619461725,-4.575113883235929,-2.692779301048613,-4.58849591522337,-2.6884601987640413,-4.590252649367366,-2.6772112911653747,-4.564949314400207,0.028051980405621343,2.2441584324497073,1.2806792325527514,1,8.454800001345575,24.64819999295287
1236,41.20000000000022,TRACKING,1,0,1,1,-2.594016382398712,-4.524254522754996,-2.6223472814963444,-4.536754975957223,-2.630642433297189,-4.533458240736731,-2.6074396793881647,-4.514522111255439,0.037764745849868435,3.021179667989475,1.3264201100134148,0,7.11169998976402,20.696899999165908
1237,41.233333333333555,TRACKING,1,0,1,1,-2.523109241554221,-4.4730896856347115,-2.552246487484027,-4.485280111189141,-2.5636470157247824,-4.479667468882237,-2.5376680676109546,-4.464094908110671,0.04106797252306071,3.2854378018448567,1.3690649395430938,0,6.905599992023781,21.113199996761978
1238,41.266666666666886,TRACKING,1,0,1,1,-2.4521241313215514,-4.421621269949764,-2.4821758967784118,-4.433954783409443,-2.4871666034512634,-4.42976403952811,-2.450977683837254,-4.419221714225694,0.0359760969168097,2.8780877533447757,0.21274900903618751,1,7.0352999900933355,20.19260000088252
1239,41.30000000000022,TRACKING,1,0,1,1,-2.381062745469978,-4.369851185036772,-2.4045794566104393,-4.3852442014985655,-2.403219261387116,-4.392812463470773,-2.3798168173731438,-4.361482321161793,0.03190817301115948,2.5526538408927584,0.67688802917076,1,7.738799991784617,22.398400004021823
1240,41.33333333333355,TRACKING,1,0,1,1,-2.309926779588742,-4.317781351423511,-2.329787295802897,-4.332206759916156,-2.326080350981331,-4.330132846428771,-2.3111631353731354,-4.307411179086002,0.020334632959570293,1.6267706367656234,0.8354890302005749,1,5.527800007257611,12.886199983768165
1241,41.36666666666688,TRACKING,1,0,1,1,-2.2387179310466814,-4.265413700757503,-2.2571286397763224,-4.278640783023092,-2.253628472289706,-4.271781461246899,-2.2416212102364432,-4.25931129822187,0.016213346780052824,1.2970677424042258,0.5406268761982798,1,6.7189999972470105,14.165400003548712
1242,41.40000000000021,TRACKING,1,0,1,1,-2.167437898951632,-4.2127501757345724,-2.1854876809381816,-4.227352517349609,-2.1797847823582504,-4.22280037208202,-2.170673749503549,-4.2125998503146285,0.015920175139704784,1.2736140111763825,0.2591472356939706,1,7.404399977531284,19.87150000059046
1243,41.43333333333354,TRACKING,1,0,1,1,-2.0960883841099838,-4.159792730026605,-2.1139266630564313,-4.177960617355931,-2.1011381783500394,-4.186144269410959,-2.099491028002281,-4.162911623742701,0.026831027743865178,2.146482219509214,0.36926290662425676,0,6.658900005277246,21.547899988945574
1244,41.466666666666875,TRACKING,1,0,1,1,-2.0246710889859965,-4.106543328209133,-2.0424049146879373,-4.12826731182998,-2.0435839572620913,-4.135307151589175,-2.028308306501013,-4.113223397170774,0.03442461505764685,2.7539692046117485,0.608487554956116,0,6.374499993398786,21.09210001071915
1245,41.500000000000206,TRACKING,1,0,1,1,-1.9531877176612693,-4.053003945688511,-1.9709298758726588,-4.078581565342613,-1.9803933951930084,-4.077189844956422,-1.9473147528326418,-4.047824455697108,0.03640201386405025,2.9121611091240203,0.6264507384270361,1,7.366800011368468,21.73499998752959
1246,41.53333333333354,TRACKING,1,0,1,1,-1.8816399757940379,-3.999176568628525,-1.8950996123881938,-4.021850370950986,-1.8970740740581513,-4.025761107273137,-1.871658404174897,-3.985927718121903,0.03074002414073855,2.4592019312590843,1.3270449860886706,1,6.7912999948021024,21.545800002058968
1247,41.56666666666687,TRACKING,1,0,1,1,-1.8100295705784402,-3.945063193876771,-1.8192449283540988,-3.962727007417324,-1.8140341479243973,-3.9700754716563376,-1.8014330521788366,-3.9301827064533685,0.025330824689337696,2.0264659751470155,1.3748111947237116,1,6.803800002671778,20.28609998524189
1248,41.6000000000002,TRACKING,1,0,1,1,-1.7383582107038684,-3.890665828890633,-1.745555773101929,-3.9044742199055142,-1.7370610763592482,-3.914786712371295,-1.7308518058203703,-3.877456393808004,0.02415573591086974,1.932458872869579,1.215461168714991,1,8.558999979868531,21.14830000209622
1249,41.63333333333353,TRACKING,1,0,1,1,-1.6666276063140995,-3.835986491662644,-1.6729175922961097,-3.8479849353120983,-1.6702669758237287,-3.843505019803158,-1.6613756230174475,-3.8303436376080238,0.008353039915343521,0.6682431932274817,0.6167015767389924,1,7.961399998748675,18.66990001872182
1250,41.66666666666686,TRACKING,1,0,1,1,-1.5948394689665748,-3.7810272106458394,-1.6016184842474337,-3.7954038269883403,-1.604581297186805,-3.7889258856961185,-1.5924460234301774,-3.7857251387485062,0.012541622088963453,1.0033297671170762,0.421798890418858,1,8.57860001269728,20.781800005352125
1251,41.700000000000195,TRACKING,1,0,1,1,-1.5229955115915246,-3.7257900246783375,-1.531417379644526,-3.746357632056885,-1.522276263230201,-3.7508056012941906,-1.5216707356137409,-3.7354696949567963,0.025025914401453585,2.002073152116287,0.7815924179406657,0,6.338600011076778,21.999499993398786
1252,41.733333333333526,TRACKING,1,0,1,1,-1.451097448451058,-3.6702769829077635,-1.4609679784533776,-3.6966452538785517,-1.458844530941775,-3.707111408832863,-1.4508954477973044,-3.6852142511650863,0.037640300481659464,3.011224038532757,1.1950907239344521,0,6.407500011846423,22.122899972600862
1253,41.76666666666686,TRACKING,1,0,1,1,-1.3791469950983481,-3.614490144715284,-1.3904710818037285,-3.6468693233699363,-1.3921740976298937,-3.644430906550925,-1.3746425296866895,-3.626107752995015,0.03265202320938103,2.6121618567504825,0.9968238545656043,1,8.601199981058016,19.568500021705404
1254,41.80000000000019,TRACKING,1,0,1,1,-1.3071458683365944,-3.5584315796391106,-1.3174747624104588,-3.5930517587637203,-1.3243455836721671,-3.591962734461396,-1.2997512365669888,-3.5669851782140496,0.03768512374055306,3.0148098992442445,0.904547188692364,1,8.290800004033372,20.593299996107817
1255,41.83333333333352,TRACKING,1,0,1,1,-1.2350957861781613,-3.5021033672977744,-1.243669199147499,-3.536918481751433,-1.243004318591582,-3.5431954605687954,-1.2289558392086781,-3.5065083486680737,0.04184620668983532,3.3476965351868255,0.6045312083166572,1,6.45540002733469,19.014499994227663
1256,41.86666666666685,TRACKING,1,0,1,1,-1.162998467803482,-3.4455075973130285,-1.1710951712265496,-3.4784037071816685,-1.161358433847088,-3.4843049098867582,-1.1612952975572286,-3.447622425284684,0.03883196073238917,3.1065568585911336,0.21723036601607978,1,7.960899994941428,22.87760001490824
1257,41.90000000000018,TRACKING,1,0,1,1,-1.0908556335201278,-3.3886463692322293,-1.1006833563891953,-3.419104446962503,-1.1035024964923845,-3.4228010091657524,-1.0857606281695,-3.391508799493506,0.03642090844594142,2.9136726756753135,0.4675217147374351,1,9.668200014857575,19.356499979039654
1258,41.933333333333515,TRACKING,1,0,1,1,-1.0186690047217213,-3.331521792450494,-1.0276056270572949,-3.3606093878794927,-1.0344817377342572,-3.3525593817461186,-1.0134932712386635,-3.3351172413697956,0.026317725750853133,2.1054180600682506,0.5041616884703677,0,6.838499975856394,15.331300004618242
1259,41.966666666666846,TRACKING,1,0,1,1,-0.9464403038468221,-3.274135986132527,-0.9549517809421333,-3.3023966433126484,-0.9530250324552291,-3.3054071479023186,-0.941225914307827,-3.278725683246085,0.03195691176066376,2.5565529408531007,0.5557275756114225,0,8.262500021373853,23.260799993295223
1260,42.00000000000018,TRACKING,1,0,1,1,-0.8741712543379203,-3.216491079133802,-0.8823335300487254,-3.244460163560481,-0.8705301408946136,-3.249966144924352,-0.8806734500913461,-3.223123639809443,0.03367250713547601,2.6938005708380808,0.7430506232312307,1,7.099700014805421,19.144299993058667
1261,42.03333333333351,TRACKING,1,0,1,1,-0.8018635806002097,-3.1585892099218444,-0.815011255153101,-3.1871086621703664,-0.8089704578603166,-3.1905156592313912,-0.8122368170906841,-3.1635025840058244,0.03270788696790557,2.616630957432445,0.918242774613112,1,6.343399989418685,15.587100002449006
1262,42.06666666666684,TRACKING,1,0,1,1,-0.7295190079605438,-3.100432526496694,-0.7471107517501718,-3.1283254333585595,-0.7575551504023909,-3.1187264589150123,-0.7362018825441369,-3.1076600789396798,0.03347675680745582,2.678140544596466,0.7874955827833778,1,8.06580000789836,19.320399995194748
1263,42.10000000000017,TRACKING,1,0,1,1,-0.6571392626261672,-3.042023186311302,-0.6757624315109791,-3.070584478981389,-0.6831023983619733,-3.062043943464393,-0.6560221840170021,-3.048877986216153,0.03278589840493834,2.6228718723950672,0.5556179772734424,1,9.760099987033755,19.528500008163974
1264,42.1333333333335,TRACKING,1,0,1,1,-0.5847260716436145,-2.9833633561915374,-0.6003793958629051,-3.0118904744434416,-0.5888677437760191,-3.013035822753828,-0.5900297098976318,-2.988793642761742,0.029960118823906534,2.3968095059125227,0.6072447465147196,1,7.194400008302182,18.543399986810982
1265,42.166666666666835,TRACKING,1,0,1,1,-0.5122811628574646,-2.9244552122557126,-0.5296202859562193,-2.952136689512948,-0.5299014527818634,-2.955891430700495,-0.5183857443921576,-2.927711556988728,0.036037625436867414,2.8830100349493932,0.5535034409082641,1,7.220100000267848,21.06529998127371
1266,42.200000000000166,TRACKING,1,0,1,1,-0.43980626486907326,-2.8653009398338884,-0.45812215383306243,-2.891286194742679,-0.46864285865479205,-2.889047079554009,-0.4469183347713809,-2.8687640627393116,0.03735543190447723,2.9884345523581786,0.6328336706762759,0,6.572199985384941,18.53020000271499
1267,42.2333333333335,TRACKING,1,0,1,1,-0.36730310699541735,-2.8059027333868976,-0.3866686966881041,-2.830901919498497,-0.39443517117530735,-2.820291926021714,-0.3754509251506042,-2.8098165684898952,0.030711525057273342,2.4569220045818674,0.7231267480753807,0,7.600100012496114,24.4892000046093
1268,42.26666666666683,TRACKING,1,0,1,1,-0.29477341922772826,-2.7462627964247206,-0.3152044482863009,-2.770722082693244,-0.31549410473680906,-2.779449888016015,-0.304444147665355,-2.735552592517945,0.03912454288876989,3.1299634311015914,1.1544181737697117,1,9.43619999452494,24.91760000702925
1269,42.30000000000016,TRACKING,1,0,1,1,-0.2222189321903174,-2.686383341425005,-0.24393997780742152,-2.7038767083302147,-0.23810771092332622,-2.716049215254346,-0.23402859377069185,-2.6662662384820948,0.033652895264522024,2.6922316211617616,1.8661891650460147,1,8.825700002489612,16.136799997184426
1270,42.33333333333349,TRACKING,1,0,1,1,-0.14964137709917635,-2.626266589750786,-0.1730551411045979,-2.6355710364623315,-0.1770661736516952,-2.635426870732612,-0.15725867304028665,-2.608509260287814,0.028914187064710113,2.3131349651768094,1.5457729657069104,1,7.496100006392226,23.034899990307167
1271,42.36666666666682,TRACKING,1,0,1,1,-0.07704248572076111,-2.56591477156815,-0.09939562722659274,-2.571285076366189,-0.10325708777302692,-2.563235648266128,-0.08077992150452849,-2.55696987769643,0.026351149167087494,2.1080919333669996,0.7755444131256384,1,8.604500006185845,20.627799996873364
1272,42.400000000000155,TRACKING,1,0,1,1,-0.004423990330631233,-2.505330125763563,-0.0243385972483926,-2.512228062047475,-0.024678512657503048,-2.516051423183455,-0.009006225183525571,-2.4986666745785415,0.022917065541982733,1.8333652433586187,0.6469545044517085,1,8.297599997604266,28.198200016049668
1273,42.433333333333486,TRACKING,1,0,1,1,0.06821237632792432,-2.444514899860697,0.04933815290627368,-2.4530177366489307,0.0588006768924756,-2.463568123480997,0.06411366361414322,-2.4395398009257727,0.021251009778087845,1.7000807822470276,0.5156808645502821,0,7.892199995694682,17.983199999434873
1274,42.46666666666682,TRACKING,1,0,1,1,0.14086488108513895,-2.3834713499371123,0.12306662506684363,-2.3937803141598613,0.12640225046960735,-2.3942995568085284,0.137233552411812,-2.380412927273004,0.018067034852777972,1.4453627882222377,0.3798146674455485,0,7.068999984767288,22.619099996518344
1275,42.50000000000015,TRACKING,1,0,1,1,0.21353179038622883,-2.3222017405406365,0.1966989510818265,-2.33455524500532,0.18883638843570436,-2.3218270964247365,0.2074424054446833,-2.3346029692346097,0.02469824357543561,1.9758594860348488,1.1052488069904862,1,7.367399986833334,24.47910001501441
1276,42.53333333333348,TRACKING,1,0,1,1,0.28621137033265215,-2.2607083446051535,0.2689545096300452,-2.281302748138804,0.26724123647603903,-2.2789271878433746,0.2773996855457475,-2.270369630458111,0.02630194341634651,2.104155473307721,1.046093634405874,1,7.263000006787479,15.061100013554096
1277,42.56666666666681,TRACKING,1,0,1,1,0.35890188672358664,-2.198993443366521,0.34029638677204704,-2.223052218914081,0.3407670371272374,-2.230107914641682,0.3492565751127042,-2.2123722021789205,0.03601365147572532,2.881092118058026,1.3194501240898928,0,4.725200007669628,14.089700009208173
1278,42.60000000000014,TRACKING,1,0,1,1,0.43160160509721696,-2.137059326277833,0.41186974174422497,-2.1653996369804256,0.4153853011049306,-2.164297782815922,0.4195096290224262,-2.146091588491784,0.0317001897430854,2.536015179446832,1.2074373420626074,1,5.7425000122748315,17.632100003538653
1279,42.633333333333475,TRACKING,1,0,1,1,0.5043087907721601,-2.074908290924382,0.4827442875046808,-2.1038336761355874,0.47088850721872755,-2.09942023249885,0.5008675386590896,-2.0857219144264847,0.04144575530186353,3.3156604241490824,0.9078384679258733,1,7.8230000217445195,18.036199995549396
1280,42.666666666666806,TRACKING,1,0,1,1,0.577021708888896,-2.012542642938657,0.5584817610331871,-2.0428588296834453,0.5536866068683372,-2.035336461339449,0.5731122116455887,-2.024775417198246,0.03262031795673027,2.6096254365384217,1.0273848269278643,1,7.581599988043308,22.1130000136327
1281,42.70000000000014,TRACKING,1,0,1,1,0.6497386244510707,-1.9499646959146135,0.6324780372120691,-1.9815939374724265,0.6410208047477518,-1.9819383019054095,0.6466249284728374,-1.9644416506431595,0.03314078847031617,2.651263077625294,1.1846412340815686,0,6.72199999098666,21.41210000263527
1282,42.73333333333347,TRACKING,1,0,1,1,0.7224578023670002,-1.887176771321914,0.7065520416092314,-1.9205198426440926,0.7178798648901795,-1.923092567016931,0.7201376453000861,-1.9041078840880727,0.03620637916096933,2.896510332877546,1.3671475901377317,0,6.685200001811609,23.13099999446422
1283,42.7666666666668,TRACKING,1,0,1,1,0.7951775074909657,-1.824181198419872,0.7805361592247667,-1.8595504782374124,0.772498051537829,-1.8530322603108305,0.797462851149242,-1.8374542955545237,0.03669797670943437,2.9358381367547497,1.0774723107193396,1,8.387600013520569,22.673800005577505
1284,42.80000000000013,TRACKING,1,0,1,1,0.867896004664722,-1.7609803141709213,0.8561552933720791,-1.7958520292440898,0.8427319779014774,-1.789211308118043,0.8768468241183345,-1.7731857255991184,0.037818213365833624,3.02545706926669,1.2108555309967728,1,7.4838000000454485,19.100500008789822
1285,42.833333333333464,TRACKING,1,0,1,1,0.9406115587588069,-1.6975764631539842,0.9336212481334067,-1.731711240298279,0.936303523472095,-1.7410011466628426,0.9414480519406514,-1.6980717662420406,0.043637854047559044,3.4910283238047235,0.07777078082922569,1,8.397900004638359,19.924899999750778
1286,42.866666666666795,TRACKING,1,0,1,1,1.0133224347139824,-1.633971997477567,1.005283059657467,-1.6619129113854403,1.0080974699133278,-1.667928970538306,1.0124296957387426,-1.6322509438930408,0.034356604555977756,2.748528364478221,0.15510529726552133,2,9.266600012779236,21.997799980454147
1287,42.90000000000013,TRACKING,1,0,1,1,1.0860268975826752,-1.5701692766922957,1.0769595967685484,-1.5934648093311077,1.0786615703950986,-1.587747552321011,1.0812128717280654,-1.5701766226680025,0.019058956389559775,1.524716511164782,0.3851225167529855,1,7.51620001392439,18.567999999504536
1288,42.93333333333346,TRACKING,1,0,1,1,1.1587232125702813,-1.5061706677036462,1.1470547189229736,-1.5272223861081355,1.1391647951206696,-1.5149323394415821,1.152477004372842,-1.5055071360836356,0.021431252524680457,1.7145002019744364,0.5025082116360607,0,7.21989999874495,20.990499993786216
1289,42.96666666666679,TRACKING,1,0,1,1,1.2314096450766647,-1.441978544683935,1.2175508071205352,-1.4609900127542716,1.2172874115444332,-1.4604279424568214,1.2237411370176188,-1.4408376494992687,0.02323397852544992,1.8587182820359935,0.620233028074049,0,6.808700010878965,23.066099995048717
1290,43.00000000000012,TRACKING,1,0,1,1,1.3040844607374427,-1.3775952889843142,1.288158293495974,-1.395006422277838,1.2919380151687492,-1.4032975657403401,1.2900708461898533,-1.3722983921500758,0.02842785905404393,2.2742287243235144,1.1985017547213763,1,8.163899998180568,19.590300013078377
1291,43.03333333333345,TRACKING,1,0,1,1,1.3767459254654728,-1.313023289046492,1.3566637706423497,-1.327486022175692,1.3613798911013704,-1.3343524111767018,1.3623620480668766,-1.3056001285650307,0.026287762607802627,2.10302100862421,1.2949112477420226,1,5.317299976013601,18.42810001107864
1292,43.066666666666784,TRACKING,1,0,1,1,1.4493923054921387,-1.2482649403140087,1.426720500314025,-1.259989574681945,1.4198411436886929,-1.2621476984135003,1.4389941601576945,-1.24160976577097,0.03264968815138112,2.6119750521104894,0.9876445501317864,2,6.82869998854585,15.680700016673654
1293,43.100000000000115,TRACKING,1,0,1,1,1.522021867408759,-1.1833226451434342,1.4995621325043456,-1.1936755223126974,1.4990554337038824,-1.1935634074015873,1.5126317324308478,-1.180534429575828,0.02514617841240513,2.0116942729924103,0.7836275889164086,1,7.8569999895989895,20.05670001381077
1294,43.13333333333345,TRACKING,1,0,1,1,1.5946328782079875,-1.1181988127153204,1.5726549312986264,-1.1294921388601036,1.576777639421294,-1.1331366216122025,1.5830584917222539,-1.115586083738205,0.02327976990370854,1.8623815922966833,0.9492490513377112,1,5.599799973424524,19.677900010719895
1295,43.16666666666678,TRACKING,1,0,1,1,1.6672236053250704,-1.0528958589446207,1.6445215586887607,-1.064654208572428,1.6522335503958012,-1.0664471148279784,1.6500672734204653,-1.0543532550359676,0.020207381888773825,1.616590551101906,1.3774497659963785,1,9.80830000480637,18.55419998173602
1296,43.20000000000011,TRACKING,1,0,1,1,1.7397923166792957,-0.9874162063913277,1.714041886723535,-1.0015426977599655,1.7111740000648625,-0.9957177381177367,1.7206058095562953,-0.9908675701072647,0.02979804481586864,2.3838435852694912,1.559556792590781,0,6.209300016053021,19.40600000671111
1297,43.23333333333344,TRACKING,1,0,1,1,1.8123372807152134,-0.9217622841703994,1.7840293654219301,-0.9381639301832386,1.787675290854555,-0.9376953504455744,1.7911443456921252,-0.9273818851785618,0.029361136640401627,2.3488909312321304,1.7540269742669783,0,5.174199992325157,23.16060001612641
1298,43.26666666666677,TRACKING,1,0,1,1,1.884856766444059,-0.8559365278617168,1.8540892822602002,-0.8747747158610597,1.8698422027871173,-0.8879510013929283,1.866844123256053,-0.8458458568661149,0.03536048129323174,2.828838503458539,1.651718050050715,1,8.053700003074482,19.061500002862886
1299,43.300000000000104,TRACKING,1,0,1,1,1.9573490434849645,-0.7899413794197923,1.92653772833966,-0.8032915943984693,1.9371246791926815,-0.8067208873148204,1.9431667396613754,-0.7814506650709094,0.0262788279081523,2.102306232652184,1.3223735554498406,1,8.841799979563802,22.236999997403473
1300,43.333333333333435,TRACKING,1,0,1,1,2.029812382106286,-0.7237792870830599,2.0006418393739263,-0.7350073773204615,1.9998376318913336,-0.7337365711792004,2.023140944766941,-0.7210736026109466,0.031585331358401754,2.52682650867214,0.575937800171889,1,11.132899991935119,23.41550000710413
1301,43.36666666666677,TRACKING,1,0,1,1,2.1022450532669152,-0.6574527052831174,2.0776776278080407,-0.6697436019997637,2.064225491971567,-0.6604888918902017,2.105272106718219,-0.663123479580876,0.03814060133510979,3.0512481068087833,0.5142496435509571,1,6.860199995571747,19.510299985995516
1302,43.4000000000001,TRACKING,1,0,1,1,2.174645328657445,-0.5909640945537227,2.1575950455113624,-0.6076590822601797,2.166578343102846,-0.6128325933677534,2.1741580359542776,-0.5966431171686906,0.023308957426649863,1.864716594131989,0.4559912423010046,1,8.843100018566474,18.637599976500496
1303,43.43333333333343,TRACKING,1,0,1,1,2.2470114807415147,-0.5243159214394053,2.2326469148518644,-0.5433173313410156,2.2410163340112543,-0.5504028044366509,2.2486396277326413,-0.5325040728404704,0.026766905850869892,2.1413524680695915,0.6678763286308813,0,8.114600001135841,24.737400002777576
1304,43.46666666666676,TRACKING,1,0,1,1,2.319341782796923,-0.45751065840402116,2.3081356833177553,-0.479233284951019,2.3168106133120867,-0.48627489270215435,2.323121219511005,-0.46836502851225026,0.028875387334525358,2.310030986762029,0.9194833064617737,0,7.360299990978092,18.52430001599714
1305,43.50000000000009,TRACKING,1,0,1,1,2.391634508956934,-0.3905507837391049,2.3834430693440076,-0.41512114909128306,2.3753092774880007,-0.4137292904474034,2.4009456148456807,-0.39399050494014287,0.02835059709672613,2.26804776773809,0.7940916816078908,1,8.989099995233119,20.045099983690307
1306,43.533333333333424,TRACKING,1,0,1,1,2.463887934251371,-0.3234387814717241,2.460126887133686,-0.3464157556111764,2.4521115220741234,-0.340374476386131,2.4764776994920568,-0.32631802057871084,0.020627691242654726,1.6502152994123782,1.0331844571832198,1,8.695800002897158,24.578799988375977
1307,43.566666666666755,TRACKING,1,0,1,1,2.5361003346478084,-0.2561771412725955,2.5365107681225942,-0.27815763358473844,2.539355481082895,-0.27685380411518773,2.542488500055507,-0.254420031238351,0.02093132496093094,1.6745059968744753,0.5300330130008631,1,7.929699990199879,20.246600004611537
1308,43.60000000000009,TRACKING,1,0,1,1,2.608269987092753,-0.1887683583635158,2.608311088587647,-0.2077276502970796,2.61153248455575,-0.20907024489590115,2.611300237108247,-0.1823338698665013,0.02056235605347582,1.6449884842780655,0.5689853839928937,1,2.958299999590963,17.12000000406988
1309,43.63333333333342,TRACKING,1,0,1,1,2.6803951695526633,-0.12121493342487044,2.6788532091601867,-0.13600895471083066,2.6721924502591183,-0.13578254323528868,2.6853287090697373,-0.11671105931727827,0.016718249292234193,1.3374599433787353,0.5344137372100821,1,8.612699981313199,17.510400008177385
1310,43.66666666666675,TRACKING,1,0,1,1,2.7524741610551455,-0.05351937250292549,2.7509413430596914,-0.06670092446594131,2.747669630191279,-0.06918421757057945,2.756240407769001,-0.05072210091114272,0.016385081257517465,1.3108065006013971,0.3753129268677696,1,7.838900026399642,21.25510000041686
1311,43.70000000000008,TRACKING,1,0,1,1,2.8245052417299235,0.014315813083259687,2.8221658224381168,0.0015708559628226787,2.831986650927081,-0.0053414244612804635,2.82823163729309,0.016823732243999967,0.02103279514134508,1.6826236113076067,0.3593387919832373,0,7.196999998996034,17.87690000492148
1312,43.73333333333341,TRACKING,1,0,1,1,2.896486692849918,0.08228810683493215,2.8936186226719234,0.06985977522772928,2.9037824877016747,0.06310148942361647,2.9002228668171792,0.08436956539914266,0.020526931339270322,1.6421545071416257,0.34214818467478403,0,7.6314999896567315,23.0124999943655
1313,43.766666666666744,TRACKING,1,0,1,1,2.968416796872295,0.15039498716692634,2.965153414102533,0.13803205086040776,2.972040467434869,0.13511465516675256,2.9617020673999326,0.15634551957567963,0.015704124756941967,1.2563299805553574,0.7177584121009563,2,6.843100010883063,20.464500004891306
1314,43.800000000000075,TRACKING,1,0,1,1,3.0402938374793567,0.21863392750142197,3.0320630220569904,0.2080946569104784,3.023975217803019,0.21804637393388154,3.0392354290349437,0.21720969813270033,0.016329193713582137,1.306335497086571,0.14195566023085138,2,8.252700004959479,21.080800011986867
1315,43.83333333333341,TRACKING,1,0,1,1,3.1121160996195987,0.2870023963613977,3.1036668269286376,0.2741549430728893,3.102313465492089,0.27385332401026147,3.1101067312660433,0.28716593916475164,0.01640090666802396,1.3120725334419168,0.1612810204094438,1,8.264599979156628,21.147600025869906
1316,43.86666666666674,TRACKING,1,0,1,1,3.1838818695485283,0.3554978574647598,3.1744331363883482,0.34235340141819415,3.18692724674897,0.3322970947717176,3.177044689623467,0.3590093230479211,0.02339978016631417,1.8719824133051337,0.6148946959960367,1,8.273000014014542,24.59169999929145
1317,43.90000000000007,TRACKING,1,0,1,1,3.2555894348696612,0.42411776981835203,3.243206255719555,0.4123319631760146,3.2457474512288234,0.4019251356814324,3.2525988274602136,0.42664904629792183,0.02427710139043974,1.942168111235179,0.31344377020158876,1,7.998999994015321,22.316399990813807
1318,43.9333333333334,TRACKING,1,0,1,1,3.327237084575288,0.4928595878121582,3.315197575031408,0.4813150236110417,3.3101293091185653,0.4916064173066528,3.324257420200223,0.49507789609979974,0.01715361237155337,1.3722889897242696,0.29717918039648183,0,8.91330000013113,22.93229999486357
1319,43.96666666666673,TRACKING,1,0,1,1,3.39882310908734,0.5617207613138593,3.3867827859080677,0.5503025930412158,3.3863771094919075,0.5557514447569268,3.395916012940232,0.5635067459016776,0.013803465002903383,1.1042772002322707,0.27295067928347777,0,11.01880002534017,20.86839999537915
1320,44.000000000000064,TRACKING,1,0,1,1,3.470345800298223,0.630698735763354,3.458405606532063,0.619204152724061,3.4692944826840533,0.6192646161945279,3.4578024531111464,0.6269150828229109,0.011482349891902595,0.9185879913522075,1.048126979266955,1,9.812500007683411,19.365299987839535
1321,44.033333333333395,TRACKING,1,0,1,1,3.5418034516114774,0.6997909522675689,3.525660986165855,0.6857897831311255,3.524608415930727,0.6803190565956446,3.534819958102278,0.6983540816415887,0.025977374253772934,2.0781899403018347,0.5703824894301448,1,8.663499989779666,18.17029999801889
1322,44.06666666666673,TRACKING,1,0,1,1,3.6131943579826102,0.7689948476953035,3.5973312185885677,0.7546984203289395,3.5903990776903814,0.7670330496108813,3.6097676067425493,0.7621652513078182,0.022879542288370216,1.8303633830696173,0.6112859147846867,1,8.42579998425208,23.546100012026727
1323,44.10000000000006,TRACKING,1,0,1,1,3.684516815959668,0.8383078547724359,3.670192202023147,0.8211182761924865,3.6624823428988473,0.831998207370695,3.6851341334081202,0.8282534879421553,0.022920070972890446,1.8336056778312357,0.8058640011913084,1,9.488500014413148,23.60609997413121
1324,44.13333333333339,TRACKING,1,0,1,1,3.7557691237239945,0.9077274021770836,3.7443188464071007,0.8874426217993294,3.753245013446739,0.8852902984185095,3.7549667367023503,0.9046205652993817,0.02257863498453277,1.8062907987626218,0.2567022906593721,1,6.645899993600324,14.994199998909608
1325,44.16666666666672,TRACKING,1,0,1,1,3.8269495811307377,0.9772509146350306,3.8164781151279565,0.9586861142197297,3.824444757708983,0.951414606068743,3.825058865426991,0.9808631572165372,0.025957445573603688,2.076595645888295,0.32617151159518115,1,9.841599996434525,20.481400017160922
1326,44.20000000000005,TRACKING,1,0,1,1,3.8980564897494636,1.0468758130151827,3.8878199072967736,1.0324528111802953,3.8875640795475586,1.035077514090213,3.8966048892721834,1.0523425315072503,0.015788936929634657,1.2631149543707727,0.45249286415344153,0,6.023699999786913,20.482599997194484
1327,44.233333333333384,TRACKING,1,0,1,1,3.9690881529047166,1.116599514425367,3.9593141872074913,1.1054850164321812,3.9560770889145287,1.1028960287338543,3.968150913117376,1.1238219057979635,0.018896383417317215,1.5117106733853773,0.5826359717445758,0,7.952300016768277,19.382800004677847
1328,44.266666666666715,TRACKING,1,0,1,1,4.0400428757164155,1.1864194323080914,4.030814376012366,1.1783053282700644,4.039005864534589,1.169437561366146,4.038312410952897,1.1910413602560155,0.01701350442678172,1.3610803541425376,0.39482027306474105,1,9.247100009815767,21.928400004981086
1329,44.30000000000005,TRACKING,1,0,1,0,4.110918965140396,1.2563329765364357,4.101707670074111,1.2490171106310672,4.111718437846752,1.240646745140233,4.1105798248464325,1.2650431087695075,0.0157065913559698,1.256527308477584,0.6973385732928822,1,3.9339000068139285,14.428700000280514
1330,44.33333333333338,TRACKING,1,0,1,0,4.181714730008708,1.3263375535102604,4.173216879029823,1.321560291530615,4.169552553368968,1.32049707822973,4.18683794632574,1.3288618053152847,0.013491837981488196,1.0793470385190556,0.4569057153069352,1,3.318200004287064,17.97620000434108
1331,44.36666666666671,TRACKING,1,0,1,0,4.252428481070067,1.3964305662523415,4.2469240922877525,1.3901214497577563,4.241871197856044,1.3956020156410913,4.2604256897462465,1.393153382031263,0.010589746218701401,0.8471796974961121,0.691411463158613,1,4.427899984875694,11.84089999878779
1332,44.40000000000004,TRACKING,1,0,1,0,4.323058531030079,1.4666094145047528,4.320618470819978,1.4567911541089327,4.322221913964079,1.4561909364475258,4.329316169435492,1.4607735563678685,0.010452014788740086,0.8361611830992068,0.6845274158739733,1,7.3167000082321465,19.483999989461154
1333,44.43333333333337,TRACKING,1,0,1,0,4.393603194591528,1.5368714948252435,4.392126890807299,1.5237760481392544,4.40678612441114,1.5148125634679286,4.40110738306602,1.528660830166808,0.025697978349581284,2.055838267966503,0.8898642010337677,0,5.787000001873821,24.04930000193417
1334,44.466666666666704,TRACKING,1,0,1,0,4.464060788494638,1.607214200683945,4.4639417668551635,1.5909116480546315,4.468445284407837,1.588025705078178,4.472898596696549,1.5965481039657476,0.019683042651617348,1.574643412129388,1.1081443170004757,0,7.941100018797442,20.793699979549274
1335,44.500000000000036,TRACKING,1,0,1,0,4.534429631557143,1.677634922559982,4.535742352380357,1.6581681230207446,4.523610511792684,1.6670964096329375,4.546012134765111,1.6666873627507626,0.015103430312057634,1.2082744249646107,1.2749988457131347,1,4.493499989621341,18.069400015519932
1336,44.53333333333337,TRACKING,1,0,1,0,4.604708044714501,1.7481310480383203,4.608139285622733,1.7265357570412105,4.601334493401815,1.735096093580849,4.613293529996108,1.7390458758552907,0.013464430406358663,1.077154432508693,1.000002915566902,1,6.898099993122742,12.4202000151854
1337,44.5666666666667,TRACKING,1,0,1,0,4.6748943510598595,1.818699961906597,4.678221692285989,1.7965693375669647,4.679345147248185,1.7889442724230193,4.683508329589837,1.8148215151924003,0.03008671872027775,2.40693749762222,0.755748000454233,1,5.987300013657659,17.397399991750717
1338,44.60000000000003,TRACKING,1,0,1,0,4.744986875884172,1.8893390462522632,4.748401447550264,1.8693135644105574,4.751265085630318,1.8630926570279531,4.753462721204143,1.889735860886324,0.026986827618869575,2.158946209509566,0.6788103275201707,1,8.49989999551326,22.221699997317046
1339,44.63333333333336,TRACKING,1,0,1,0,4.814983946716064,1.960045680559617,4.818306129908269,1.9433290147194833,4.812328488254608,1.9547619459097232,4.82645987598534,1.9557740883020216,0.005913485561917126,0.4730788449533701,0.9796111980040615,1,8.140499994624406,18.951499980175868
1340,44.66666666666669,TRACKING,1,0,1,0,4.884883893361779,2.0308172418070587,4.889596765011729,2.0137933638531194,4.883273336527404,2.0318977627992036,4.896119099987553,2.019102450865481,0.0019394377874054937,0.1551550229924395,1.2985313420413689,1,8.810600003926083,20.30549998744391
1341,44.700000000000024,TRACKING,1,0,1,0,4.9546850479450715,2.101651104564318,4.959926996573017,2.081086837137853,4.96293635156777,2.0892626097788094,4.966903625111095,2.087432635270387,0.014884851847584018,1.1907881478067215,1.499778110574005,0,7.045800011837855,20.01929999096319
1342,44.733333333333356,TRACKING,1,0,1,0,5.024385744946913,2.1725446410899694,5.030441104865933,2.148965255937206,5.035088062209588,2.145779379986197,5.0376881502346365,2.155762819675293,0.02882566212152065,2.3060529697216516,1.7131650548534003,0,8.051400014664978,20.999400003347546
1343,44.76666666666669,TRACKING,1,0,1,0,5.093984321245336,2.2434952214288355,5.100995114930355,2.2168934981527197,5.098436519071186,2.219996438189331,5.09695066912646,2.2375697418939264,0.023916832549853086,1.913346603988247,0.5301201522400648,1,8.99339999887161,20.804100000532344
1344,44.80000000000002,TRACKING,1,0,1,0,5.163479116155015,2.3145002135095907,5.166436952276163,2.2909171648892888,5.167697386922382,2.296411023720589,5.158647331134592,2.309702230213314,0.018574514677087553,1.4859611741670042,0.5447453141125618,1,7.249599992064759,24.545299995224923
1345,44.83333333333335,TRACKING,1,0,1,0,5.232868471466993,2.3855569832423216,5.230102471732417,2.364014073424037,5.235321205097678,2.366788447260083,5.222585393598171,2.38093641708334,0.018928123128817666,1.5142498503054134,0.9018782963066526,1,6.8620000092778355,17.820100008975714
1346,44.86666666666668,TRACKING,1,0,1,0,5.302150731488158,2.4566628946163678,5.293323189228015,2.436718274923112,5.3020443202169965,2.4294033961365344,5.288501669057557,2.4548328241671094,0.027259706174694292,2.1807764939755434,1.1016963300908558,1,9.654800000134856,21.710600005462766
1347,44.90000000000001,TRACKING,1,0,1,0,5.3713242430807915,2.5278153097980294,5.357109909098967,2.510442161938664,5.357083759041089,2.508557266540017,5.35881498044533,2.5278894713367324,0.023951275870243417,1.9161020696194733,1.0007585974386448,1,9.415400010766461,19.78069997858256
1348,44.933333333333344,TRACKING,1,0,1,0,5.440387355702048,2.5990115892284633,5.423428503389623,2.5842266996718397,5.41670990435887,2.593079850733979,5.4259874253944655,2.6003058630822293,0.024409162699189663,1.952733015935173,1.1566382671774673,0,6.6608999914024025,20.489500020630658
1349,44.966666666666676,TRACKING,1,0,1,0,5.509338421443252,2.670249091721522,5.489607190703778,2.6577571006352096,5.487162340150151,2.658854691039211,5.493159870343601,2.6727222548277263,0.024932126833210173,1.994570146656814,1.3093193381207928,0,11.622200021520257,17.997299990383908
1350,45.00000000000001,TRACKING,1,0,1,0,5.578175795069319,2.7415251745618563,5.555960473350165,2.731122854208642,5.561477579881653,2.728571319707542,5.569530154241158,2.744800897925012,0.021133687469067915,1.690694997525433,0.7396322064658174,1,5.322899989550933,19.04149999609217
1351,45.03333333333334,TRACKING,1,0,1,0,5.646897834057909,2.8128371936028946,5.6265633828581265,2.8041951335426725,5.628020746352392,2.8003145558217346,5.641618763926674,2.8179816938593536,0.022653054920692924,1.812244393655434,0.5896953211370213,1,7.616699993377551,21.59869999741204
1352,45.06666666666667,TRACKING,1,0,1,0,5.715502898638725,2.8841825033648663,5.6976593772261594,2.8775629621688745,5.693098306777727,2.8776506202485805,5.712831706047421,2.889824970155824,0.023337335612762862,1.866986849021029,0.4994249579467951,1,6.447799998568371,18.153600016376004
1353,45.1,TRACKING,1,0,1,0,5.783989351832546,2.9555584571330713,5.76903813607536,2.95042282496384,5.7699068096696156,2.9602793313367317,5.7815736033563505,2.9544805230144386,0.01485276563531207,1.1882212508249657,0.21162657926609407,2,7.909700012532994,24.825500004226342
1354,45.13333333333333,TRACKING,1,0,1,0,5.852355559490328,3.026962407055979,5.8394232375817845,3.0194637374353444,5.842629300281709,3.0217233090691766,5.851447999292721,3.0272587441493704,0.011047545696151476,0.8838036556921182,0.07637721902035484,2,8.65409997641109,18.43740002368577
1355,45.166666666666664,TRACKING,1,0,1,0,5.920599890332229,3.098391704243499,5.90984106231704,3.090452362350715,5.914393849226747,3.088580229189008,5.920453527542952,3.102694564767049,0.011609478409809477,0.9287582727847582,0.34442792686969664,2,8.458800002699718,20.701400004327297
1356,45.199999999999996,TRACKING,1,0,1,0,5.988720715986453,3.169843698865166,5.979737302838179,3.163514151932669,5.975123146772776,3.1643007890259915,5.990893997774101,3.1780652476062388,0.014683927880711998,1.1747142304569598,0.6803153030428649,2,8.549499994842336,19.674400013173
1357,45.23333333333333,TRACKING,1,0,1,0,6.056716411028198,3.241315740248564,6.0500662663615685,3.237761089922405,6.044452633298853,3.2446569327460333,6.060747193680508,3.251217148055845,0.01271077540907398,1.0168620327259184,0.8552336208779463,1,5.06409999798052,12.833899992983788
1358,45.26666666666666,TRACKING,1,0,1,0,6.124585353018341,3.3128051769775766,6.120270869264289,3.3116628007034365,6.132248591209405,3.3154287957080717,6.118634872692679,3.3189126567731893,0.00809991325978098,0.6479930607824784,0.6821590456656179,2,6.694399984553456,15.720900002634153
1359,45.29999999999999,TRACKING,1,0,1,0,6.1923259225422544,3.384309356990788,6.184721493635599,3.382861248626516,6.193081181800448,3.379467873175746,6.182678811785368,3.389993836474956,0.004900038987436908,0.39200311899495266,0.8957858778491629,2,6.149099994217977,21.180699986871332
1360,45.33333333333332,TRACKING,1,0,1,0,6.259936503248355,3.4558256276797863,6.248998644470453,3.4541792225949295,6.237130202675691,3.4509692482660093,6.256427760429754,3.4584196170519506,0.023317627812906704,1.8654102250325364,0.3490793104609351,2,6.994900002609938,19.74699998390861
1361,45.36666666666665,TRACKING,1,0,1,0,6.327415481886711,3.5273513359876896,6.317421577703505,3.5240356082296187,6.311031996828631,3.527756994177475,6.322581957879262,3.527365445184448,0.01638850637536187,1.3110805100289498,0.38668356799863346,2,9.062700002687052,21.811200014781207
1362,45.399999999999984,TRACKING,1,0,1,0,6.394761248347576,3.5988838285074864,6.384337188986154,3.5933471955638456,6.385227754341987,3.591246285149869,6.386806718155955,3.6021420683520717,0.012215546508204153,0.9772437206563321,0.6876774939659049,2,8.807699981844053,21.73390000825748
1363,45.433333333333316,TRACKING,1,0,1,0,6.461972195699712,3.670420451580511,6.449834650732923,3.6651853222603608,6.459379485001277,3.6569622966735884,6.453425771019114,3.6736621633015107,0.013705622286656623,1.09644978293253,0.7312458178345504,1,4.174600006081164,16.97640001657419
1364,45.46666666666665,TRACKING,1,0,1,0,6.529046720228843,3.7419585513948004,6.5157116615053665,3.736685999642807,6.508398520324871,3.7308588330176358,6.520044823882272,3.7451822582509497,0.023442523484615663,1.875401878769253,0.7649373254484634,1,6.462499994086102,18.289500003447756
1365,45.49999999999998,TRACKING,1,0,1,0,6.595983221475812,3.8134954740836746,6.5816957758207435,3.8082115058957933,6.575562457501568,3.812288605640272,6.5917629565169555,3.81099285459524,0.020456395888119688,1.636511671049575,0.39251998676732114,1,5.855600000359118,17.466099990997463
1366,45.53333333333331,TRACKING,1,0,1,0,6.662780102274873,3.885028565824099,6.650063444781474,3.877186277802282,6.654530429695268,3.8802338888679087,6.657683517817712,3.8795461365497137,0.009541804063430647,0.7633443250744517,0.5988372941097586,1,5.789899994852021,14.591399987693876
1367,45.56666666666664,TRACKING,1,0,1,0,6.729435768791715,3.9565551729351767,6.71717468223452,3.9459645950495,6.732080490759876,3.940461541405938,6.719900701592565,3.9515048087423335,0.0163094920242104,1.3047593619368318,0.863198461435725,1,5.061900010332465,13.198899978306144
1368,45.59999999999997,TRACKING,1,0,1,0,6.795948630561529,4.028072641976512,6.782028590256717,4.016008030398226,6.791488437958981,4.014051816002709,6.784345157640274,4.0211768971191555,0.014713153266362793,1.1770522613090235,1.0798277817416808,1,5.06709999172017,16.929700010223314
1369,45.633333333333304,TRACKING,1,0,1,0,6.862317100526992,4.099578319846767,6.846604221127834,4.085623703642082,6.83241038396468,4.096162700594346,6.859818041073057,4.092410655011402,0.030101132045422915,2.408090563633833,0.6072664909388586,1,4.9949999956879765,13.439300004392862
1370,45.666666666666636,TRACKING,1,0,1,0,6.92853959507605,4.171069553882006,6.916385150590819,4.155913913251076,6.918248771079576,4.161303099275451,6.926328880979459,4.161309926616585,0.01418748371305871,1.1349986970446968,0.8005501355515491,1,4.215900000417605,16.628999990643933
1371,45.69999999999997,TRACKING,1,0,1,0,6.99461453407981,4.242543691954138,6.984371110262993,4.2253698107314985,6.9859421488197855,4.21276192378751,6.9941897981182635,4.231332064083221,0.03101876820940934,2.481501456752747,0.8975736186959556,0,5.556499992962927,27.205799997318536
1372,45.7333333333333,TRACKING,1,0,1,0,7.060540340930146,4.313998082569223,7.052498936690686,4.295021252805431,7.059326849609577,4.290187943903756,7.047811099635783,4.308755684918215,0.023841041597503547,1.9072833278002839,1.1013194038030443,1,8.428299974184483,17.64450001064688
1373,45.76666666666663,TRACKING,1,0,1,0,7.126315442577363,4.38543007496596,7.113776555696762,4.3682647758683695,7.113413718313095,4.371057128252445,7.112612031947085,4.383762138237195,0.0193141421300757,1.545131370406056,1.104363638179162,1,8.341699984157458,20.337099995231256
1374,45.79999999999996,TRACKING,1,0,1,0,7.191938269567767,4.456837019213962,7.176711280717184,4.4423039380935725,7.171033241701919,4.45622845269294,7.183473582019325,4.451564313022665,0.020913883983668915,1.6731107186935132,0.7978064562184727,1,8.214400004362687,24.545399995986372
1375,45.83333333333329,TRACKING,1,0,1,0,7.257407256081023,4.528216266311995,7.242950046875587,4.513579938118017,7.240703904252497,4.516209297365386,7.249167923202587,4.524347839051442,0.02057107837699253,1.6456862701594024,0.7281816729442561,1,8.579399989685044,20.88910000748001
1376,45.866666666666625,TRACKING,1,0,1,0,7.322720839967623,4.599565168286375,7.308571195003856,4.585880888685622,7.316882296970493,4.580299251102618,7.31454406011896,4.599148849972551,0.02013117356888876,1.6104938855111008,0.6549897080445645,1,11.179499997524545,18.82800000021234
1377,45.899999999999956,TRACKING,1,0,1,0,7.387877462786056,4.670881078289121,7.374000723997623,4.659508974761346,7.370966354382805,4.658259844999132,7.38445008241327,4.6710664225645235,0.021101685174099823,1.688134813927986,0.2745910555884397,1,9.905100014293566,19.357999990461394
1378,45.93333333333329,TRACKING,1,0,1,0,7.452875569840093,4.742161350696179,7.441593998786329,4.732438090498128,7.43147406160036,4.738691736714714,7.455577839434771,4.73873014937672,0.021680931163484046,1.7344744930787237,0.34940317990062225,1,11.659900017548352,22.982199996476993
1379,45.96666666666662,TRACKING,1,0,1,0,7.517713610215801,4.813403341205495,7.510927914406437,4.802944685369776,7.512145195166543,4.809970649841517,7.52015141443614,4.8088574176195715,0.006541453673392002,0.5233162938713601,0.4126659523886703,1,9.000099991681054,17.938100005267188
1380,45.99999999999995,TRACKING,1,0,1,0,7.58239003681858,4.884604406935227,7.578028203971642,4.87336562949992,7.57915987546966,4.8616734389323195,7.585343161597234,4.8857593693649,0.023157358137111332,1.8525886509689067,0.2536754988216785,1,9.595999988960102,26.562599989119917
1381,46.03333333333328,TRACKING,1,0,1,0,7.646903306410122,4.95576190652171,7.644399957689127,4.9469631688583755,7.65046383229911,4.9416260255729485,7.648561707250319,4.959231450960083,0.014577396022737053,1.1661916818189642,0.3076416820301188,1,10.487099993042648,18.989000003784895
1382,46.06666666666661,TRACKING,1,0,1,0,7.7112518796451415,5.026873200217484,7.709224978226398,5.020481092684679,7.708092027185109,5.024223481566947,7.713692546372824,5.031683811097017,0.004123793944436758,0.32990351555494063,0.4315466592425354,1,9.611699992092326,19.28190002217889
1383,46.099999999999945,TRACKING,1,0,1,0,7.775434221108207,5.097935649989136,7.774136649815535,5.093678302416193,7.769073199824507,5.09203951497645,7.777993319736842,5.103526474802489,0.008673349979074508,0.6938679983259606,0.4918946741549508,1,10.260799987008795,22.523000021465123
1384,46.133333333333276,TRACKING,1,0,1,0,7.839448799350282,5.168946619615294,7.8385658904408615,5.166393524968532,7.844717003024994,5.16072094818261,7.83714362110699,5.178572052216633,0.009768092980552624,0.7814474384442099,0.7918092679276013,1,10.380699997767806,19.790999998804182
1385,46.16666666666661,TRACKING,1,0,1,0,7.903294086925359,5.239903474784336,7.900169134971236,5.240426476978472,7.9014477358150685,5.23448395552018,7.898869398242571,5.2514587311406675,0.0057253996783656076,0.4580319742692486,0.9898745598109016,1,8.541699993656948,21.100500016473234
1386,46.19999999999994,TRACKING,1,0,1,0,7.966968560426825,5.310803583192156,7.961574902400381,5.314011371720868,7.950079362208234,5.318818179036327,7.961813483767541,5.324568716813883,0.018694351098989564,1.4955480879191652,1.1759012720111666,0,8.786899998085573,22.386500000720844
1387,46.23333333333327,TRACKING,1,0,1,0,8.030470700523844,5.381644314639737,8.023307977998565,5.387556548344289,8.008655974716952,5.394073812212679,8.024757569292511,5.397678702487099,0.025107263330472435,2.0085810664377948,1.3617434991505428,0,6.95180002367124,21.161199983907863
1388,46.2666666666666,TRACKING,1,0,1,0,8.093798991997652,5.452423041130845,8.08522732850459,5.461036802467593,8.082676818910432,5.456640309370208,8.09711075520312,5.463232522508479,0.011894876442603721,0.9515901154082976,0.9044341017277348,1,9.707099990919232,21.169799991184846
1389,46.29999999999993,TRACKING,1,0,1,0,8.156951923777617,5.523137136969438,8.151510878819446,5.531090031336753,8.15409855704262,5.523649373604647,8.159168020392249,5.5337889329831835,0.002898980526813306,0.23191844214506446,0.8703905974633029,1,8.11910000629723,18.802100006723776
1390,46.333333333333265,TRACKING,1,0,1,0,8.219927988977402,5.5937839788571155,8.215640791882977,5.601455803910906,8.212912313821176,5.606518333327278,8.224494850404431,5.597091968589841,0.014539033037634392,1.1631226430107513,0.45112495379801676,1,6.8036000011488795,21.331099997041747
1391,46.366666666666596,TRACKING,1,0,1,0,8.282725684930817,5.66436094599035,8.28048949485062,5.668237203668772,8.273141135475251,5.677939505192525,8.289911712526644,5.661702672507547,0.016620495127196416,1.3296396101757133,0.6129556487308797,1,7.125599979190156,17.44720002170652
1392,46.39999999999993,TRACKING,1,0,1,0,8.345343513227775,5.73486542015784,8.345624733624419,5.733647178015595,8.34492691470533,5.728317012689796,8.3522672014429,5.735585178188996,0.00656164573079306,0.5249316584634448,0.5568799375013161,1,8.226800011470914,21.486699988599867
1393,46.43333333333326,TRACKING,1,0,1,0,8.40777997974995,5.80529478583755,8.409424142296155,5.802705999561619,8.418914209721828,5.796013551089953,8.410215109890974,5.810335773892288,0.01449525424084285,1.159620339267428,0.4478672615620913,1,6.487700011348352,16.368400014471263
1394,46.46666666666659,TRACKING,1,0,1,0,8.470033594706486,5.8756464302937825,8.470311149554702,5.87406142182039,8.469489649407313,5.869263506413146,8.47360408429497,5.879167533821506,0.006406059143848857,0.5124847315079086,0.40117081412816136,1,3.868200001306832,11.22330001089722
1395,46.49999999999992,TRACKING,1,0,1,0,8.532102872669558,5.945917743674027,8.532334471809802,5.943936309321749,8.520625285135248,5.942698658877331,8.538891224712533,5.94982750749869,0.011920466540201808,0.9536373232161447,0.6267017236242569,1,3.858300013234839,13.577100005932152
1396,46.53333333333325,TRACKING,1,0,1,0,8.593986332609747,6.01610611910589,8.595701620305364,6.014173909241736,8.603209771507942,6.026355898466213,8.596589251149592,6.012034150189618,0.01378875636321244,1.1031005090569952,0.38662532378646375,1,6.4245999965351075,18.031800020253286
1397,46.566666666666585,TRACKING,1,0,1,0,8.655682497931462,6.086208952793734,8.656042353587143,6.0802545004752835,8.674260047045063,6.074160341063934,8.64986273778783,6.0836208287512274,0.02214259189173045,1.7714073513384359,0.5095440734699834,1,7.883399986894801,18.26390001224354
1398,46.599999999999916,TRACKING,1,0,1,0,8.717189896508092,6.156223644115299,8.71270247290911,6.1489205209679545,8.72126480622506,6.144191272686489,8.711230123874083,6.154873052330766,0.012703655041061218,1.0162924032848974,0.48887127478733833,1,8.743099984712899,22.06529999966733
1399,46.63333333333325,TRACKING,1,0,1,0,8.778507060717214,6.226147595718107,8.771313355824008,6.21848506902246,8.763503533993873,6.222572021540604,8.777511410875084,6.225451811109618,0.015423700750365279,1.2338960600292221,0.09717398267580052,1,9.648900013417006,21.32149998215027
1400,46.66666666666658,TRACKING,1,0,1,0,8.839632527475537,6.295978213615934,8.833170616122239,6.2883874326816525,8.825617951998428,6.291976887614664,8.844478821193297,6.294673498197592,0.014574598984947293,1.1659679187957834,0.40150791869976293,1,7.921700016595423,23.495499975979328
1401,46.69999999999991,TRACKING,1,0,1,0,8.900564838273842,6.365712907284978,8.897251631846077,6.3578814888701025,8.905993754647373,6.344395630764733,8.902344314421224,6.370447080294858,0.02199771377283015,1.759817101826412,0.40460492886037525,1,9.59650002187118,24.430599994957447
1402,46.73333333333324,TRACKING,1,0,1,0,8.96130253921183,6.435349089759907,8.958200509978425,6.43049613736543,8.965962796143014,6.42410294095071,8.963567217465814,6.438686646920407,0.01217348995577035,0.9738791964616279,0.3226694198703718,1,8.826200006296858,23.170000000391155
1403,46.76666666666657,TRACKING,1,0,1,0,9.021844181032716,6.504884177729934,9.019386683712904,6.500929074075838,9.017542122065718,6.501011368532895,9.026502629100705,6.505669750292307,0.005788468055729203,0.46307744445833626,0.3779376681128451,1,6.956600002013147,19.785700016655028
1404,46.799999999999905,TRACKING,1,0,1,0,9.082188319157908,6.574315591634591,9.081334367523013,6.569816639607527,9.080491751962358,6.580418197959552,9.089213193878933,6.568351344163176,0.006334046432295282,0.5067237145836225,0.7372212161738442,1,11.41420000931248,21.532399987336248
1405,46.833333333333236,TRACKING,1,0,1,0,9.142333513721399,6.643640755759444,9.143580202329266,6.6355741486318545,9.1494673838319,6.637752324784749,9.149332483907369,6.634419533065876,0.009250174165778604,0.7400139332622884,0.9261240750688781,1,7.0278999919537455,17.881000007037073
1406,46.86666666666657,TRACKING,1,0,1,0,9.202278329604184,6.712857098331577,9.204744205139132,6.701278323844022,9.215691407621286,6.696422789928253,9.208538594484178,6.710266083538677,0.02121313636849693,1.6970509094797546,0.5420215436292238,1,7.749199983663857,19.94840000406839
1407,46.8999999999999,TRACKING,1,0,1,0,9.262021336468457,6.781962051615116,9.264912862099752,6.771655963153262,9.262815639752674,6.7685071683479885,9.271002969625386,6.783435337831256,0.013478308552609224,1.0782646842087378,0.7281332029360562,1,6.7934000107925385,18.24760000454262
1408,46.93333333333323,TRACKING,1,0,1,0,9.321561108791748,6.8509530520064,9.326125736372942,6.843148978851789,9.324253012337696,6.849237553062975,9.3270467935041,6.848130531536514,0.003192065369878304,0.2553652295902643,0.49353813917883177,1,7.709800003794953,23.9710999885574
1409,46.96666666666656,TRACKING,1,0,1,0,9.380896225900987,6.919827540129128,9.384588167868467,6.9113333695763295,9.390074147183382,6.909844875712381,9.38067561952257,6.919904522595921,0.013560524618289051,1.0848419694631242,0.018692197198463795,1,7.967400015331805,18.391899997368455
1410,46.99999999999989,TRACKING,1,0,1,0,9.440025272006322,6.988582960929223,9.440486594472425,6.981449137916453,9.45563089912034,6.974278816636715,9.434106778725335,6.991724378197173,0.021169415239035167,1.6935532191228133,0.5360421784506687,1,8.42289999127388,24.165899987565354
1411,47.033333333333225,TRACKING,1,0,1,0,9.498946836234975,7.057216763769739,9.494765675624446,7.052351299284424,9.50866389499915,7.046951183726414,9.488399167941322,7.0653018826579626,0.014135181804716101,1.1308145443772881,1.0631950454952146,1,7.226600020658225,18.229099980089813
1412,47.066666666666556,TRACKING,1,0,1,0,9.55765951266484,7.1257264025254035,9.548468598147812,7.1246793981290155,9.54443766504871,7.134832607825399,9.55520998611183,7.127425730046244,0.016054290060598435,1.2843432048478747,0.23850057418105866,1,4.4572000042535365,20.81630000611767
1413,47.09999999999989,TRACKING,1,0,1,0,9.616161900358106,7.194109335677105,9.608092145406257,7.1920520690373895,9.607795856840138,7.198173780314015,9.621325812074112,7.191858545266745,0.009301096405857126,0.7440877124685701,0.45064960530905684,1,9.53260000096634,23.325899994233623
1414,47.13333333333322,TRACKING,1,0,1,0,9.67445260339461,7.262363026406107,9.670473956757913,7.258091676849912,9.6779524507594,7.25292800586877,9.67945538633822,7.260312791821301,0.010063227321133537,0.8050581856906831,0.4325278185447624,1,8.133700001053512,20.728599978610873
1415,47.16666666666655,TRACKING,1,0,1,0,9.732530230905175,7.330484942688267,9.73076135868216,7.325090092389442,9.736434376146516,7.31950193205919,9.73779342138739,7.328758200612675,0.011656280390584185,0.9325024312467348,0.4431365459825585,1,7.755300001008436,21.39289997285232
1416,47.19999999999988,TRACKING,1,0,1,0,9.79039339710483,7.398472557387894,9.79029285716717,7.392486096293818,9.784416369911174,7.391870194589645,9.798793949324642,7.394284894471193,0.0089059557933676,0.7124764634694079,0.7509175115355877,1,8.098299993434921,19.138800009386614
1417,47.23333333333321,TRACKING,1,0,1,0,9.848040721325813,7.466323348351537,9.850612649417677,7.4587166478657885,9.849932258783516,7.463599402975678,9.8544031477486,7.459322099715111,0.0033162919600903396,0.26530335680722716,0.7568268597958554,1,6.9654999824706465,18.41170000261627
1418,47.266666666666545,TRACKING,1,0,1,0,9.905470828050579,7.534034798501466,9.908562810954058,7.5241503856052505,9.913482316474367,7.523963858702139,9.90768231254484,7.526491712525416,0.012868868450884226,1.0295094760707382,0.628846867008841,1,7.706300006248057,17.842599976575002
1419,47.299999999999876,TRACKING,1,0,1,0,9.962682346944552,7.601604395929176,9.96415762811863,7.590178987462316,9.970835033681949,7.584164023166637,9.95879369511349,7.595903119867315,0.0192518285659941,1.540146285279528,0.5520936836256196,2,7.6880000124219805,22.997799998847768
1420,47.33333333333321,TRACKING,1,0,1,0,10.019673912888903,7.669029633988483,10.017264855413138,7.657610136549506,10.011177241066967,7.659445826696171,10.01515113181087,7.664521907363634,0.012807919201254235,1.024633536100339,0.5108433685846081,2,8.414899988565594,20.28470000368543
1421,47.36666666666654,TRACKING,1,0,1,0,10.076444166013053,7.736308011388564,10.071550486996063,7.725444858163441,10.062419002257196,7.730750635829699,10.075382274315363,7.729782574241863,0.015086074422489121,1.2068859537991297,0.528901920182061,2,9.856099990429357,18.861899996409193
1422,47.39999999999987,TRACKING,1,0,1,0,10.132991751727136,7.803437032286659,10.128250128864403,7.791927969431384,10.129320552057676,7.794428197533364,10.130223166309642,7.797624304828874,0.009728145281873112,0.778251622549849,0.5150711995051531,2,7.4056999874301255,17.986099992413074
1423,47.4333333333332,TRACKING,1,0,1,0,10.189315320754377,7.870414206380783,10.183629503430476,7.859048386352461,10.202778717832015,7.855099754808761,10.179389852788532,7.868487152592516,0.020391063920795042,1.6312851136636033,0.8088646883878929,2,8.63190001109615,20.679600012954324
1424,47.466666666666534,TRACKING,1,0,1,0,10.245413529163194,7.93723704900205,10.235688348456767,7.927930917251568,10.242147567428026,7.932431565361647,10.23569726290377,7.935891268994738,0.005810264974488795,0.4648211979591036,0.7847219282354045,2,9.100700000999495,23.08210000046529
1425,47.499999999999865,TRACKING,1,0,1,0,10.30128503839936,8.00390308120679,10.28954354113286,7.996046460617526,10.275714151990108,8.009121826939351,10.30386680399263,7.996215962330853,0.026097998750402064,2.087839900032165,0.6487270498636971,2,7.783100008964539,17.406600003596395
1426,47.533333333333196,TRACKING,1,0,1,0,10.356928515317861,8.070409829868625,10.35008858954085,8.060336762445,10.348197638382484,8.068930835706603,10.362765639780775,8.05812712931003,0.008855260345806021,0.7084208276644817,1.0879316302273068,2,9.89280000794679,21.21509998687543
1427,47.56666666666653,TRACKING,1,0,1,0,10.412342632214745,8.136754827770138,10.409628714176858,8.123373721791975,10.414065814359235,8.128450574964157,10.420443505323165,8.12401649228477,0.008481153893706786,0.6784923114965428,1.2076803181147162,1,7.750899996608496,27.002499991795048
1428,47.59999999999986,TRACKING,1,0,1,0,10.467526066858824,8.202935613694441,10.468547984009163,8.187480230196009,10.475288660090033,8.18473073361816,10.470877019400858,8.193797854651512,0.019790793623930183,1.5832634899144147,0.7786245236953373,1,9.734899998875335,20.480599981965497
1429,47.63333333333319,TRACKING,1,0,1,0,10.522477502523163,8.2689497325164,10.523434919742867,8.254026475752468,10.52260342003967,8.261219530649024,10.525981508264428,8.261112529500945,0.007731227336675354,0.6184981869340282,0.686788735331173,1,7.757299987133592,20.578499999828637
1430,47.66666666666652,TRACKING,1,0,1,0,10.577195628016577,8.334794735293833,10.57849485838011,8.32071842320905,10.575201569279345,8.326463608961848,10.579347901610479,8.329180651282513,0.0085664424475405,0.68531539580324,0.4810004301647492,1,6.860900000901893,20.449600007850677
1431,47.699999999999854,TRACKING,1,0,1,0,10.631679137714821,8.400468179358272,10.632466691050627,8.388075102729049,10.642344235264359,8.383054878663184,10.625078426991166,8.403657534069174,0.02041977832491582,1.6335822659932655,0.5864680207715065,1,5.3669000044465065,13.85299998219125
1432,47.733333333333185,TRACKING,1,0,1,0,10.68592673159185,8.46596762840563,10.682044112246396,8.459031330852968,10.683352695259083,8.45670376161926,10.679647205125425,8.472353118254341,0.009614826617159542,0.7691861293727634,0.7164665887557865,1,7.695300009800121,20.66090001608245
1433,47.76666666666652,TRACKING,1,0,1,0,10.739937115250747,8.531290652586499,10.733717966099249,8.529009479523756,10.719588046642487,8.533211940406762,10.7397864634598,8.536046728738926,0.02043956800208752,1.6351654401670017,0.3806769240586058,1,7.070899999234825,17.54390000132844
1434,47.79999999999985,TRACKING,1,0,1,0,10.793708999954648,8.596434828596399,10.789002958976235,8.596214024622395,10.787218654328086,8.608514201232534,10.795009628479196,8.59374866928283,0.013712615710900614,1.097009256872049,0.23875793822857405,1,7.541200000559911,24.808800022583455
1435,47.83333333333318,TRACKING,1,0,1,0,10.84724110265752,8.661397739765615,10.843895142050986,8.658868555486452,10.851090607908592,8.66931183722706,10.84470362618603,8.650689026336062,0.008800660731290282,0.7040528585032225,0.8804192825136092,1,7.230599992908537,16.647899989038706
1436,47.86666666666651,TRACKING,1,0,1,0,10.900532146034712,8.726176976148874,10.896113772532955,8.718535167656766,10.90529459517863,8.719983118197861,10.893273595326852,8.716198076721145,0.007813117058238174,0.625049364659054,0.9871656142060207,1,7.557799981441349,17.332599993096665
1437,47.89999999999984,TRACKING,1,0,1,0,10.9535808585135,8.790770134614675,10.94637131177827,8.780614225737303,10.942831358142007,8.781313031603876,10.946434078592384,8.782467036443439,0.01431742140169176,1.1453937121353408,0.8764214601920696,1,9.602000005543232,20.74410000932403
1438,47.933333333333174,TRACKING,1,0,1,0,11.006385974303361,8.855174818934554,10.997731237530934,8.844142958786774,10.992179025938876,8.85300423855149,11.001074036056208,8.844073442330316,0.014371805767908703,1.1497444614326964,0.9845437536668432,1,8.749700005864725,20.171399984974414
1439,47.966666666666505,TRACKING,1,0,1,0,11.058946233426248,8.919388639871894,11.05028907319085,8.906308463903805,11.05196162837814,8.916733062022358,11.05447735054086,8.908878259783812,0.007472402651959465,0.5977922121567572,0.9136791693867342,1,7.638800016138703,16.38799998909235
1440,47.99999999999984,TRACKING,1,0,1,0,11.111260381746586,8.983409215270616,11.102965470642427,8.969530631631798,11.119828469746988,8.9665310669176,11.107638041331075,8.972714908281755,0.0189283920027304,1.514271360218432,0.9032901710801924,0,7.207599992398173,28.411700011929497
1441,48.03333333333317,TRACKING,1,0,1,0,11.163327171001232,9.047234170143449,11.155707120248744,9.032755740285706,11.160436748471767,9.034909118094582,11.15731713996061,9.038957284752906,0.012659441156943715,1.0127552925554972,0.8182999151995527,2,10.647599992807955,20.437099999981
1442,48.0666666666665,TRACKING,1,0,1,0,11.215145358829275,9.110861136760171,11.206859930050882,9.097230557152916,11.198181319017955,9.104157657112651,11.214200868080919,9.10245511809274,0.01824048481002547,1.4592387848020376,0.6767130564057064,2,9.794999990845099,18.826999992597848
1443,48.09999999999983,TRACKING,1,0,1,0,11.266713708801635,9.174287754735357,11.260609602740503,9.161096542612448,11.265033246824055,9.161427799491038,11.262860843228916,9.167358080951017,0.012969286847932525,1.037542947834602,0.6342993709790417,2,7.129900011932477,16.36300000245683
1444,48.13333333333316,TRACKING,1,0,1,0,11.318030990450616,9.237511671115985,11.311682561258065,9.225425512135438,11.319867722559101,9.218400982143944,11.31112297731739,9.233206192270217,0.019198750423515897,1.5359000338812718,0.651191122987044,2,9.779899992281571,17.764899996109307
1445,48.166666666666494,TRACKING,1,0,1,0,11.36909597929921,9.30053054046865,11.361313915627287,9.290439944805618,11.363355506688276,9.28069286027052,11.36133187718056,9.302890112573941,0.0206515515504322,1.652124124034576,0.6491784949188041,2,10.773700021672994,18.233399983728305
1446,48.199999999999825,TRACKING,1,0,1,0,11.41990745689038,9.363342024966677,11.410963071790453,9.357784686895892,11.402307098385325,9.36001571997671,11.41216525756695,9.369078263149982,0.01791192129261221,1.4329537034089768,0.77085336134676,0,7.609099993715063,22.478600003523752
1447,48.23333333333316,TRACKING,1,0,1,0,11.47046421081607,9.425943794476808,11.46084060047494,9.424651633985436,11.457037474898959,9.433057159876391,11.468646399410652,9.42559692267473,0.015194643947649042,1.2155715158119234,0.14804882119616558,1,7.717800006503239,21.292899997206405
1448,48.26666666666649,TRACKING,1,0,1,0,11.520765034746162,9.48833352664557,11.513562841199084,9.48682007852737,11.526809979406885,9.483327922769108,11.511650765519606,9.491341403222298,0.007848402775039584,0.6278722220031666,0.7678217502935383,1,11.140399990836158,23.19899998838082
1449,48.29999999999982,TRACKING,1,0,1,0,11.570808728457287,9.550508906985556,11.561432161206591,9.55082144392218,11.568514097435601,9.541903241927276,11.554430554060831,9.556862178316893,0.008906334971298741,0.7125067977038992,1.4053808666301069,1,8.65559998783283,19.72740000928752
1450,48.33333333333315,TRACKING,1,0,1,0,11.620594097861405,9.612467628961198,11.606767951857076,9.615328959004778,11.600209355303267,9.623526670172872,11.607058080321043,9.611054067064778,0.02319138033155941,1.8553104265247526,1.088770104183267,1,8.789500017883256,19.793599989498034
1451,48.36666666666648,TRACKING,1,0,1,0,11.670119955034355,9.674207394074376,11.6552342609635,9.67463491783526,11.64226446818202,9.687734193225813,11.661788328994703,9.665338912367984,0.03096614995545836,2.477291996436669,0.9734588566260942,1,9.318700002040714,25.191199994878843
1452,48.399999999999814,TRACKING,1,0,1,0,11.719385118244151,9.735725911949611,11.706248760889448,9.731263154753083,11.705562174396011,9.729389490945875,11.713914591095918,9.728151831893697,0.01520605168232131,1.2164841345857047,0.7474473079936028,1,8.739000011701137,18.585699988761917
1453,48.433333333333145,TRACKING,1,0,1,0,11.76838841197923,9.797020900419149,11.75756919863965,9.790408511920015,11.76115906145848,9.788052599360357,11.76336561976189,9.792349132683213,0.011519285257036375,0.92154282056291,0.5487665029840756,1,9.463799971854314,20.489800022915006
1454,48.46666666666648,TRACKING,1,0,1,0,11.817128666976442,9.85809008560754,11.807931673255405,9.85140047194802,11.808767456274486,9.856030339029667,11.812382471396528,9.85016627411134,0.00861117880243835,0.6888943041950681,0.7389209911111407,1,10.150200017960742,22.528100002091378
1455,48.49999999999981,TRACKING,1,0,1,0,11.865604720248989,9.918931202016026,11.8576176272322,9.910377473824104,11.850469132416203,9.921010610801227,11.864836844478576,9.905718987048791,0.015277760305095424,1.222220824407634,1.058760807855525,1,8.847499993862584,22.344900004100055
1456,48.53333333333314,TRACKING,1,0,1,0,11.91381541511419,9.979541992606531,11.908615913235224,9.967355900317026,11.905143228288853,9.968520190135205,11.915543038880706,9.97016276039364,0.014024512613651492,1.1219610090921195,0.762961307672052,1,8.419499994488433,23.515099979704246
1457,48.56666666666647,TRACKING,1,0,1,0,11.961759601221019,10.03992020888548,11.959373820584268,10.027658774491874,11.962105520899934,10.01852136050939,11.961564446071387,10.039725012731953,0.02140164414822334,1.7121315318578672,0.022081604402493765,1,8.419299992965534,21.784800017485395
1458,48.5999999999998,TRACKING,1,0,1,0,12.00943613457763,10.10006361098715,12.007752518918124,10.092158665255283,12.00873866625076,10.087651662292137,12.006276125300127,10.102691270337917,0.012431529772099994,0.9945223817679996,0.3287820170029423,1,7.103199983248487,20.615799992810935
1459,48.633333333333134,TRACKING,1,0,1,0,12.056843877578576,10.159969967756794,12.054220994390112,10.155811429354898,12.040208600369917,10.157267848343364,12.058755403658951,10.164711204272358,0.016853305228748183,1.3482644182998547,0.4089655684477714,1,7.78290000744164,18.96600000327453
1460,48.666666666666465,TRACKING,1,0,1,0,12.103981699032031,10.219637056833342,12.103430985287542,10.218880475315668,12.09561740830236,10.228461247290292,12.110007792802305,10.2206079830159,0.012158441373424728,0.9726753098739782,0.4883048476030876,1,10.329499986255541,21.47289999993518
1461,48.6999999999998,TRACKING,1,0,1,0,12.150848474186713,10.279062664731951,12.153331455405084,10.278506262061457,12.15044093463875,10.280156993873106,12.156634387057982,10.278821002638198,0.0011677520080631727,0.09342016064505382,0.46327659692399253,1,8.170899993274361,21.85670001199469
1462,48.73333333333313,TRACKING,1,0,1,0,12.197443084758754,10.338244586926045,12.20148991651924,10.33743786828387,12.197637844500179,10.332821339780647,12.203769189317333,10.33838320424484,0.00542674312612508,0.43413945009000643,0.5062098451646944,1,9.656500013079494,20.330100000137463
1463,48.76666666666646,TRACKING,1,0,1,0,12.243764418958406,10.397180627929142,12.249070722942529,10.396429239403897,12.238560654677917,10.404181100702992,12.25378907978819,10.391752484570395,0.008722716420032929,0.6978173136026342,0.9119949651626128,1,7.525199995143339,19.01479999651201
1464,48.79999999999979,TRACKING,1,0,1,0,12.289811371516507,10.455868601376213,12.297686096720195,10.452293208894044,12.293765243484247,10.45404939695402,12.299603988510475,10.449742376697344,0.0043523106813518906,0.3481848545081513,0.9240812999957533,1,9.301099984440953,15.532899997197092
1465,48.83333333333312,TRACKING,1,0,1,0,12.335582843710926,10.514306330104912,12.344695448219799,10.508878274200134,12.348741809186016,10.499548413474272,12.341604138431876,10.512469001719918,0.019772568767146337,1.581805501371707,0.5036301227581954,1,10.70749998325482,20.323500008089468
1466,48.866666666666454,TRACKING,1,0,1,0,12.381077743392709,10.572491646236267,12.389040440643551,10.568029349521955,12.404143982212746,10.555483715900486,12.382280335920003,10.574965472196062,0.02865869968455996,2.2926959747647966,0.22005153819679804,1,7.469400006812066,20.46230001724325
1467,48.899999999999785,TRACKING,1,0,1,0,12.426294985012209,10.63042239125513,12.43123229543045,10.628493157866025,12.438127245483878,10.618246550814158,12.425656968764233,10.636259882283467,0.016978029282383022,1.3582423425906418,0.4697803145374757,1,8.18889998481609,24.158400017768145
1468,48.93333333333312,TRACKING,1,0,1,0,12.471233489644929,10.6880964160902,12.473486368290287,10.689267042679084,12.463833593464408,10.686274179821979,12.476865613490682,10.693820309228478,0.007620958502689527,0.6096766802151622,0.642414304559681,1,7.810400013113394,18.931299971882254
1469,48.96666666666645,TRACKING,1,0,1,0,12.515892185017284,10.745511581193828,12.51959322143779,10.748448159464514,12.526566093134713,10.750865752086005,12.518895231996337,10.745879984873106,0.011941501599127116,0.9553201279301693,0.2420447883090239,1,8.192799985408783,28.725900017889217
1470,48.99999999999978,TRACKING,1,0,1,0,12.560270005532223,10.802665756621337,12.563153111181826,10.80406138787972,12.573066524630942,10.796772219143591,12.55876315994897,10.80652075294154,0.014088459285723514,1.1270767428578812,0.331122505335169,1,10.088499984703958,21.298500010743737
1471,49.03333333333311,TRACKING,1,0,1,0,12.604365892294588,10.859556822110068,12.604628697002955,10.862012983295315,12.603833769645608,10.854232797607459,12.606059138312704,10.866833958383568,0.005350550571478179,0.4280440457182543,0.5977225813820689,1,7.384500000625849,20.31740001984872
1472,49.06666666666644,TRACKING,1,0,1,0,12.648178793136454,10.916182667157962,12.648611773134764,10.920770850501054,12.636984367075025,10.927957854690929,12.654928575569384,10.922071902705104,0.016247160252836547,1.2997728202269236,0.7166261316881767,1,9.579499979736283,20.914599997922778
1473,49.099999999999774,TRACKING,1,0,1,0,12.691707662642157,10.972541191101964,12.694573476403445,10.977586698675921,12.690975554128793,10.979337041343566,12.699156789117751,10.979508457533488,0.006835171057231972,0.5468136845785577,0.81596975150691,1,7.322199991904199,23.277800006326288
1474,49.133333333333105,TRACKING,1,0,1,0,12.734951462173319,11.028630303195897,12.73945420166629,11.03458369188449,12.742054313200086,11.029678796381607,12.740894615290989,11.041217205209156,0.007179821074993811,0.5743856859995049,1.1135562384259559,1,9.040100005222484,18.750899995211512
1475,49.16666666666644,TRACKING,1,0,1,0,12.777909159893563,11.084447922687964,12.782698746053283,11.093701695155426,12.77779482436072,11.08628448554367,12.78542850763443,11.101023597122287,0.0018401184029918543,0.14720947223934833,1.456117738977472,1,8.336400002008304,17.823200003476813
1476,49.19999999999977,TRACKING,1,0,1,0,12.82057973079316,11.139991978898054,12.826435405202085,11.152999141907756,12.82552357519274,11.165421645598688,12.82500466907534,11.152253223399997,0.025905782094979495,2.0724625675983597,1.042821389999367,1,7.137400010833517,24.229000002378598
1477,49.2333333333331,TRACKING,1,0,1,0,12.862962156713513,11.195260411294484,12.867827505334768,11.208250231571038,12.865233978250428,11.21866515672609,12.864746027043797,11.204478135424923,0.023514746050379797,1.8811796840303838,0.751100021036411,1,7.615699985763058,17.75130000896752
1478,49.26666666666643,TRACKING,1,0,1,0,12.9050554263714,11.250251169570468,12.908131274068204,11.261914529709317,12.912870844097585,11.262688221576328,12.90416386285838,11.257883327072289,0.014688805834077199,1.1751044667261759,0.6147244644832259,1,8.366900001419708,25.373399985255674
1479,49.29999999999976,TRACKING,1,0,1,0,12.946858535383152,11.304962213720126,12.947561714798185,11.315057255103131,12.950068734163358,11.314761615773032,12.946802599837442,11.311981966546004,0.010311821216590604,0.8249456973272482,0.5615980542512872,1,7.447399984812364,17.50519999768585
1480,49.333333333333094,TRACKING,1,0,1,0,12.98837048628857,11.359391514114243,12.988107341015183,11.368177539760813,12.978870392913812,11.373654413548199,12.99705006689839,11.361777437878523,0.017137154792795657,1.3709723834236527,0.7201233306430868,1,7.792199990944937,18.799200013745576
1481,49.366666666666426,TRACKING,1,0,1,0,13.029590288574786,11.413537051575506,13.033042208794056,11.419124618639444,13.028256524114578,11.427664950451332,13.040182432475785,11.412834597730459,0.014190717186980591,1.1352573749584474,0.8492328917751926,1,9.148399985861033,18.463400017935783
1482,49.39999999999976,TRACKING,1,0,1,0,13.070516958699836,11.467396817453448,13.076817253525613,11.469617721151742,13.078832362603807,11.471226584084036,13.078073465522607,11.46680367309591,0.009154946997713596,0.7323957598170878,0.6063800291775843,1,7.649100007256493,20.085199997993186
1483,49.43333333333309,TRACKING,1,0,1,0,13.111149520116161,11.520968813698891,13.117704903018636,11.521231307100164,13.125542401436453,11.517220080497957,13.120222871185799,11.51983668997769,0.014873064018950718,1.1898451215160575,0.7314966739632204,0,6.535699998494238,17.34830002533272
1484,49.46666666666642,TRACKING,1,0,1,0,13.151487003293918,11.574251052938166,13.159161532470636,11.572977862987534,13.159751540476199,11.572123517411898,13.15022413154588,11.575951747127206,0.00853398982029189,0.6827191856233513,0.16946420557277475,1,9.829999995417893,18.98829999845475
1485,49.49999999999975,TRACKING,1,0,1,0,13.191528445744078,11.627241558546775,13.194920924352553,11.626400064120773,13.192711509457373,11.628441813619432,13.18882625309432,11.624942204855108,0.0016853047170037202,0.13482437736029762,0.28384640935031247,1,7.3265999963041395,14.996099984273314
1486,49.53333333333308,TRACKING,1,0,1,0,13.231272892041435,11.679938364722751,13.23176199151076,11.67738891045683,13.233311459692583,11.666753880191814,13.231392236315761,11.680947957547986,0.013341154013608596,1.0672923210886878,0.08132977722152226,1,4.789800004800782,14.664299989817664
1487,49.566666666666414,TRACKING,1,0,1,0,13.270719393847363,11.732339516559527,13.27068637369876,11.730609311766873,13.281868346729365,11.722662633587968,13.2640323976422,11.739858252034741,0.014762832194749933,1.1810265755799947,0.8049737442440571,1,7.204399997135624,12.658399995416403
1488,49.599999999999746,TRACKING,1,0,1,0,13.309867009932464,11.784443070118536,13.305943769439352,11.786322563128428,13.315445314365153,11.784984708023854,13.300140303445946,11.791556758973972,0.005604538514831677,0.4483630811865342,0.9640361427475639,1,6.799399998271838,18.018700007814914
1489,49.63333333333308,TRACKING,1,0,1,0,13.348714806199043,11.836247092501278,13.34119618646456,11.839945016987004,13.336892782629956,11.844896369080972,13.343878977573093,11.8395364450034,0.014648215816955006,1.1718572653564006,0.4678808626667291,1,7.653800013940781,18.745999987004325
1490,49.66666666666641,TRACKING,1,0,1,0,13.387261855703352,11.887749661921049,13.38007209883423,11.890801299238621,13.36891387966975,11.89622193524412,13.387853702813809,11.886055798928968,0.020209592766566746,1.6167674213253398,0.14354271477096714,1,7.623500016052276,18.04759999504313
1491,49.69999999999974,TRACKING,1,0,1,0,13.425507238677762,11.93894886777418,13.421005000312608,11.939332182733049,13.423616080699947,11.933775748740585,13.422458601297674,11.942040357197623,0.005507961422594604,0.4406369138075683,0.3473464827451255,1,8.821299998089671,26.26450001844205
1492,49.73333333333307,TRACKING,1,0,1,0,13.463450042552651,11.989842810710993,13.458603795163999,11.991223998795332,13.460307245923893,11.985019086382799,13.460973086769556,11.993674157688703,0.005757211742166737,0.46057693937333893,0.3649835469389309,1,7.295999996131286,16.96129998890683
1493,49.7666666666664,TRACKING,1,0,1,0,13.501089361978241,12.040429602706217,13.496620593469165,12.042531339764254,13.493705281257006,12.042755108326404,13.502943589128384,12.039161037241216,0.007741616400161395,0.6193293120129116,0.1797316517623533,1,7.863900013035163,21.528199984459206
1494,49.799999999999734,TRACKING,1,0,1,0,13.538424298846147,12.090707367129045,13.536369734708348,12.090719343180988,13.525375599782787,12.100958999372688,13.548010708233726,12.0791516816744,0.016594110729563464,1.3275288583650773,1.201154408120348,1,9.754300001077354,22.78140000998974
1495,49.833333333333066,TRACKING,1,0,1,0,13.575453962310831,12.140674238812704,13.57861978621048,12.13451140725476,13.57762994586357,12.137778298068298,13.584929895610045,12.126646837652961,0.0036223441604711277,0.2897875328376902,1.354249714491371,1,9.794599987799302,23.797100002411753
1496,49.8666666666664,TRACKING,1,0,1,0,13.612177468810868,12.190328364123726,13.61822471777993,12.179580678471606,13.626996092099786,12.177139349433705,13.613209916169753,12.18038752112506,0.019837885589760285,1.5870308471808228,0.7995450989576854,1,8.10289999935776,21.496300003491342
1497,49.89999999999973,TRACKING,1,0,1,0,13.648593942089999,12.239667901030675,13.652294766214235,12.22817771269697,13.657991165738048,12.22555485454785,13.642962679247015,12.231355754978294,0.016955408969347472,1.3564327175477977,0.8032051521862019,1,8.987199980765581,19.82380001572892
1498,49.93333333333306,TRACKING,1,0,1,0,13.68470251321808,12.288691019172433,13.68402161892529,12.277374616469121,13.670326395004647,12.283617914026214,13.681804936035453,12.279491788520465,0.01524497198131787,1.2195977585054296,0.7715824699610464,1,7.796399993821979,20.21330001298338
1499,49.96666666666639,TRACKING,1,0,1,0,13.720502320611761,12.337395899926197,13.718695193254385,12.325785094647228,13.713082949692762,12.330489142370528,13.718147256815657,12.325888851883812,0.010136585458944102,0.8109268367155281,0.9396458230919434,1,7.228400005260482,20.68320001126267
1500,49.99999999999972,TRACKING,1,0,1,0,13.75599251005511,12.385780736474876,13.753510336006055,12.373001867330892,13.770505884028744,12.359768733390771,13.742776919176615,12.384459017978248,0.02978694896336369,2.3829559170690953,1.0625216257250538,1,9.5028999785427,22.220700018806383
1501,50.033333333333054,TRACKING,1,0,1,0,13.791172234719935,12.433843733874154,13.782779929096082,12.425684646156208,13.789104636803293,12.429194006014898,13.778358258518356,12.431099967530157,0.005088706152849416,0.4070964922279533,1.0483548707420682,1,7.869199995184317,14.074200007598847
1502,50.066666666666386,TRACKING,1,0,1,0,13.82604065518602,12.481583109119022,13.81473204048199,12.475156083891251,13.809150866174928,12.48714063581862,13.822214607484781,12.475414770074904,0.017780637667303704,1.4224510133842962,0.5806867524596963,1,7.748100004391745,20.31739999074489
1503,50.09999999999972,TRACKING,1,0,1,0,13.860596939461168,12.52899709121,13.851893526010436,12.522192433846255,13.849206549684627,12.536453262887113,13.860452613157221,12.517511752521044,0.01361379724177263,1.0891037793418104,0.918899637199361,1,9.798200015211478,21.063699998194352
1504,50.13333333333305,TRACKING,1,0,1,0,13.894840263001006,12.57608392121879,13.889193652945817,12.566622980626981,13.88964822431739,12.561233121385998,13.894601778761645,12.572876154106353,0.01573224463850731,1.2585795710805847,0.25732960442275427,1,14.968100003898144,20.944999996572733
1505,50.16666666666638,TRACKING,1,0,1,0,13.92876980872872,12.622841852353547,13.924946188228025,12.616184499541756,13.925440001254904,12.603302838163154,13.927885939695672,12.627675761283278,0.019820713744591982,1.5856570995673587,0.3931241026120136,1,6.711299996823072,18.597399990539998
1506,50.19999999999971,TRACKING,1,0,1,0,13.96238476705449,12.66926915002363,13.959494474140628,12.667973205352581,13.953756084345864,12.679322646534606,13.96158731260811,12.66829139300942,0.01324865870125462,1.0598926961003696,0.10093775897295358,1,8.991000009700656,20.027299993671477
1507,50.23333333333304,TRACKING,1,0,1,0,13.995684335894866,12.71536409190403,13.993511178396751,12.71419291398178,13.986100279290635,12.726168374808966,13.995991943235495,12.710789381333292,0.014442529905905641,1.1554023924724512,0.3668032635146565,1,8.574300009058788,21.878200001083314
1508,50.266666666666374,TRACKING,1,0,1,0,14.028667720691859,12.761124967999208,14.027518969809218,12.75863908761131,14.03656840124206,12.75496777395135,14.022664093197035,12.758644508654141,0.010016575847031228,0.8013260677624982,0.5196689509855958,1,6.743600009940565,33.83259999100119
1509,50.299999999999706,TRACKING,1,0,1,0,14.061334134431913,12.806550080706565,14.057608365098009,12.804452049501265,14.067318467918682,12.80220278781784,14.04929620029246,12.805150817302948,0.007396702153068694,0.5917361722454956,0.9695187966607368,1,8.54000000981614,20.20020000054501
1510,50.33333333333304,TRACKING,1,0,1,0,14.093682797664712,12.851637744879353,14.085651608867941,12.850175580794774,14.076921538535421,12.86056328581743,14.08875367371428,12.845450193042913,0.0189896047519826,1.519168380158608,0.6328705935206165,1,9.211900003720075,22.984799987170845
1511,50.36666666666637,TRACKING,1,0,1,0,14.125712938521739,12.896386287889284,14.118821744746583,12.892863464830937,14.105269050868344,12.907023945389607,14.126280440659901,12.882007415158236,0.02304587380592907,1.8436699044743257,1.1512053917663088,1,8.226900012232363,22.297499992419034
1512,50.3999999999997,TRACKING,1,0,1,0,14.15742379273472,12.940794049688513,14.153588491520209,12.932116799338397,14.158013768756664,12.926418131856655,14.157853041378893,12.930121777940485,0.014388018807841404,1.1510415046273124,0.8544720518768345,1,12.38470000680536,18.50540001760237
1513,50.43333333333303,TRACKING,1,0,1,0,14.188814603653837,12.984859382871257,14.186617407663501,12.975203619678238,14.197356148168074,12.966486996423045,14.186708683487868,12.980087269643711,0.020260862925628904,1.6208690340503125,0.4172900336366414,2,8.30450002104044,24.392199993599206
1514,50.46666666666636,TRACKING,1,0,1,0,14.219884622265816,13.02858065273485,14.217532524774274,13.021018068522908,14.219920033279957,13.018967634416788,14.21898769472092,13.025858791448394,0.00961308353876864,0.7690466831014912,0.2292667670082979,1,7.9818000085651875,22.07140001701191
1515,50.499999999999694,TRACKING,1,0,1,0,14.250633107211764,13.071956237340473,14.248952624407671,13.06648197223126,14.244650216205377,13.073083358688695,14.250600789655861,13.063940752344136,0.006088134963017645,0.48705079704141163,0.641244011719316,2,5.316700000548735,12.454100011382252
1516,50.533333333333026,TRACKING,1,0,1,0,14.281059324804868,13.11498452757326,14.280174743455104,13.1083550753326,14.275366050325461,13.109315528274053,14.284334499970111,13.110918896331675,0.008034359174960851,0.642748733996868,0.41765922764333724,2,7.0528999785892665,15.891300019575283
1517,50.56666666666636,TRACKING,1,0,1,0,14.311162549047932,13.157663927202027,14.312355179674539,13.152533321540307,14.317475901404682,13.138707808972725,14.309700469436565,13.164343931248823,0.019979810717415024,1.5983848573932018,0.5470510373568291,2,11.322600010316819,19.86830000532791
1518,50.59999999999969,TRACKING,1,0,1,0,14.340942061650646,13.199992852938434,14.341007998068328,13.200835090534651,14.34557123719112,13.196234571890864,14.336099417652896,13.208254922594568,0.00596271268946036,0.47701701515682876,0.7661352189445001,2,8.6942000198178,18.449499999405816
1519,50.63333333333302,TRACKING,1,0,1,0,14.370397152046777,13.241969734495795,14.36834050641837,13.246874318254784,14.369419981156389,13.2462703580584,14.365047967718152,13.247892841145855,0.0044102410338047494,0.35281928270437996,0.6384830290348301,2,10.053100006189197,23.09370000148192
1520,50.66666666666635,TRACKING,1,0,1,0,14.399527117411084,13.283593014647295,14.395996105874923,13.289903754780799,14.395158002084962,13.298773161351688,14.395618809512566,13.283260174209376,0.015796392711624613,1.2637114169299688,0.31379640162866423,2,9.303599974373356,28.865700005553663
1521,50.69999999999968,TRACKING,1,0,1,0,14.428331262676123,13.32486114928372,14.424567710368807,13.329034795378105,14.431193220387888,13.322117618916122,14.423365574360341,13.327317253775849,0.003964563131274674,0.31716505050197397,0.443192127913821,2,6.810800026869401,19.749399973079562
1522,50.733333333333015,TRACKING,1,0,1,0,14.456808900548793,13.365772607470815,14.452264611938,13.370284366471024,14.467342343096607,13.361676440995549,14.446754012652066,13.375325191702323,0.011301857887143774,0.9041486309715019,1.109530022640771,1,9.383700002217665,21.62129999487661
1523,50.766666666666346,TRACKING,1,0,1,0,14.484959351526765,13.40632587150603,14.47742549666408,13.414363738388241,14.475070322307664,13.409852595715957,14.477814589066837,13.418735362917435,0.010499080081088975,0.839926406487118,1.1455461096221553,1,9.674400003859773,23.269099998287857
1524,50.79999999999968,TRACKING,1,0,1,0,14.512781943914696,13.446519436974842,14.50510755096805,13.45779263471656,14.494964002733253,13.467444079456552,14.51119447530973,13.453847364369354,0.027483080084530657,2.1986464067624527,0.5998323844327574,1,8.07189999613911,21.88790001673624
1525,50.83333333333301,TRACKING,1,0,1,0,14.540276013840232,13.486351812806522,14.535127951737808,13.496957500916277,14.532634828467492,13.489830695286075,14.539847567935698,13.496847260337395,0.00839585238121376,0.6716681904971009,0.8403351132168295,1,8.362999971723184,23.655700002564117
1526,50.86666666666634,TRACKING,1,0,1,0,14.567440905269876,13.525821521329513,14.564215363790568,13.537843057957312,14.56726911415207,13.535485781924164,14.565402824248554,13.534519255899754,0.009665787346588697,0.7732629877270958,0.714666292604136,1,8.06140000349842,25.180299999192357
1527,50.89999999999967,TRACKING,1,0,1,0,14.594275970024615,13.564927098326214,14.59146843582463,13.57665532662078,14.582940820491572,13.577631603416934,14.595904988521092,13.570789673359252,0.017026158243613993,1.3620926594891196,0.48677542932153917,1,7.977600005688146,17.419899988453835
1528,50.933333333333,TRACKING,1,0,1,0,14.620780567795421,13.603667093087305,14.62020469540372,13.613828508157084,14.60463836277009,13.624256025537498,14.629538178188902,13.600875552253836,0.02616247164391075,2.09299773151286,0.7353407483508109,1,8.515299996361136,19.85509999212809
1529,50.966666666666335,TRACKING,1,0,1,0,14.64695406615849,13.642040068465533,14.65116790984119,13.646929210443169,14.646769519333045,13.647427197689296,14.655447992253615,13.638231123106685,0.005390289306178616,0.4312231444942893,0.7447086743414116,1,6.462199991801754,20.463299995753914
1530,50.999999999999666,TRACKING,1,0,1,0,14.67279584059035,13.680044600929085,14.679532428670013,13.681480386151321,14.683160017801043,13.676513637953564,14.673337623477519,13.681517344132736,0.010949149226727838,0.875931938138227,0.12553887023814117,1,7.092000014381483,19.218600005842745
1531,51.033333333333,TRACKING,1,0,1,0,14.698305274482786,13.71767928061436,14.702684158000867,13.719533793643915,14.700132945094222,13.714085651479374,14.694322908134124,13.721228594763753,0.004031693220438102,0.32253545763504815,0.4267598681490748,1,12.749399989843369,23.22550001554191
1532,51.06666666666633,TRACKING,1,0,1,0,14.723481759157503,13.754942711378284,14.724489703456223,13.757790870659633,14.714742373425679,13.759220223476065,14.718145468892692,13.754262931843872,0.009730055124009672,0.7784044099207738,0.43035311273026344,1,7.82880000770092,20.591700013028458
1533,51.09999999999966,TRACKING,1,0,1,0,14.748324693880697,13.791833510850063,14.746650663241434,13.793123995950225,14.735627473687574,13.80007303493951,14.745497908808437,13.789318502966841,0.01513635219771398,1.2109081758171183,0.302691695266819,1,7.154999999329448,19.46100001805462
1534,51.13333333333299,TRACKING,1,0,1,0,14.772833485877355,13.828350310482534,14.770710351070075,13.828013866836619,14.77646863759866,13.826088972820521,14.767858999341877,13.827116487808828,0.004281118552264564,0.34248948418116515,0.410017245934251,1,8.633899997221306,20.610000006854534
1535,51.16666666666632,TRACKING,1,0,1,0,14.797007550345429,13.86449175560289,14.79334002877051,13.863872087973567,14.794558198822406,13.859256728444752,14.795762311966719,13.863697261973527,0.005779691361117299,0.46237530888938394,0.11816838824412544,1,9.530099981930107,21.257200016407296
1536,51.199999999999655,TRACKING,1,0,1,0,14.820846310469756,13.900256505462952,14.818210081819174,13.899625640914408,14.812759236850962,13.902899967786778,14.825160829120513,13.900080631752525,0.008508152136233143,0.6806521708986514,0.34544814024451315,1,11.838800011901185,26.90870000515133
1537,51.233333333332986,TRACKING,1,0,1,0,14.84434919743585,13.935643233288866,14.844951167094566,13.935340722059724,14.84298504795672,13.944537039530498,14.851334066106247,13.930769026811168,0.008997816027520577,0.7198252822016461,0.6813928282800907,1,9.293299983255565,23.646900022868067
1538,51.26666666666632,TRACKING,1,0,1,0,14.867515650443465,13.97065062633039,14.871246036801084,13.968206195688158,14.876902795481216,13.961981440480313,14.868164038648258,13.968888630640038,0.01277784313814076,1.0222274510512608,0.1502006354592587,1,11.480700020911172,21.488500002305955
1539,51.29999999999965,TRACKING,1,0,1,0,14.890345116719969,14.005277385909547,14.89277570958293,14.003351792298389,14.899202827676893,14.001810924986987,14.886294758041354,14.002863325332845,0.009511855482714904,0.7609484386171923,0.3772158545420747,1,9.406000026501715,17.85189998918213
1540,51.33333333333298,TRACKING,1,0,1,0,14.912837051533549,14.039522227468824,14.912452264261407,14.037432181027928,14.910696230107412,14.04135715296982,14.910400214908965,14.03753593239982,0.0028195864896841845,0.22556691917473476,0.25150479389232616,1,10.312900005374104,14.828400016995147
1541,51.36666666666631,TRACKING,1,0,1,0,14.934990918206182,14.073383880618788,14.93383120204741,14.071507079494877,14.922885944680946,14.073501295396252,14.940966758781181,14.0750411587602,0.012105542956705368,0.9684434365364295,0.49611122247050254,1,9.780399996088818,24.065300007350743
1542,51.39999999999964,TRACKING,1,0,1,0,14.956806188126482,14.106861089185267,14.959239317499003,14.106969454362137,14.95390527601803,14.104716178317071,14.967035495785751,14.112630103652302,0.003607760204540539,0.2886208163632431,0.9395156645296523,1,9.009500005049631,22.960699978284538
1543,51.433333333332975,TRACKING,1,0,1,0,14.978282340762272,14.13995261125593,14.984661867006304,14.143228052806693,14.989541108485096,14.132330686752836,14.986420778441362,14.154768081020581,0.013596087075602873,1.0876869660482298,1.352289465352654,1,7.074199995258823,20.79150002100505
1544,51.466666666666306,TRACKING,1,0,1,0,14.999418863673023,14.172657219226325,15.007067835763372,14.1823202074146,15.002389382436862,14.178335893848681,15.009997191902501,14.1927570382242,0.006408691535165704,0.5126953228132562,1.8170811792593002,0,7.773699995595962,19.525499985320494
1545,51.49999999999964,TRACKING,1,0,1,0,15.02021525252209,14.204973699845475,15.03003089163565,14.220885165211397,15.02805401893385,14.225814645570116,15.031565145725581,14.210556198047094,0.02226637100103123,1.7813096800824983,1.0118793980366667,1,10.308500000974163,24.691300000995398
1546,51.53333333333297,TRACKING,1,0,1,0,15.040671011088724,14.236900854260849,15.052113679191727,14.249769770853165,15.043093529556845,14.257409866733513,15.054922255419681,14.24062429155062,0.0206515904552713,1.6521272364217041,1.178370265019264,1,7.983699993928894,18.019699986325577
1547,51.5666666666663,TRACKING,1,0,1,0,15.060785651279936,14.26843749806286,15.074621855480919,14.279247160583056,15.079765042545397,14.276353896624077,15.068426764744954,14.27896981877489,0.020564208202298213,1.645136656183857,1.0409730665221022,1,7.6077000121586025,27.62879998772405
1548,51.59999999999963,TRACKING,1,0,1,0,15.080558693142123,14.299582461328763,15.092525069545019,14.31227485150126,15.098252614141737,14.311930078940474,15.083193672237208,14.31242590201457,0.021576341233527464,1.7261072986821973,1.0488762244807381,1,8.205000020097941,23.189300001831725
1549,51.63333333333296,TRACKING,1,0,1,0,15.099989664872526,14.330334588666108,15.108585499201626,14.34487031699948,15.100363096965262,14.347148738236246,15.106342813073733,14.342203789001248,0.016818295909361562,1.3454636727489249,1.0770044639823442,1,6.5191000176128,20.317999995313585
1550,51.666666666666295,TRACKING,1,0,1,0,15.119078102830501,14.360692739255573,15.127533763643958,14.375727002155624,15.129882044913021,14.37801300770084,15.124947866910288,14.372600773589792,0.02041364405339162,1.6330915242713295,1.0620897500525461,1,8.754299982683733,26.078900002175942
1551,51.699999999999626,TRACKING,1,0,1,0,15.13782355154856,14.390655786893289,15.145613249920956,14.406002527344183,15.149711995247578,14.403243856663714,15.144644498042988,14.40454274073609,0.01731457750364722,1.3851662002917775,1.2377341830604789,0,7.033699977910146,22.319700015941635
1552,51.73333333333296,TRACKING,1,0,1,0,15.156225563743266,14.420222620032602,15.164059739918157,14.43666128899274,15.168082598274708,14.432480128738456,15.157761316890856,14.431518969852966,0.01705390827798411,1.3643126622387287,0.9120212523642293,1,7.074400025885552,20.519499987130985
1553,51.76666666666629,TRACKING,1,0,1,0,15.174283700325867,14.449392141825351,15.179556922704963,14.465145322227267,15.178112818178981,14.4679861683551,15.174081879881289,14.464524241836445,0.01898420306786812,1.5187362454294497,1.2106756652054445,1,8.139199984725565,17.58810001774691
1554,51.79999999999962,TRACKING,1,0,1,0,15.191997530412818,14.47816327016252,15.195063668541973,14.495403569367742,15.18979109632732,14.501876230279983,15.189159061019412,14.491910176223616,0.023815390588987136,1.9052312471189707,1.1229513535319933,1,9.113200008869171,27.06469999975525
1555,51.83333333333295,TRACKING,1,0,1,0,15.209366631336025,14.506534937714408,15.209766992405815,14.523769421531044,15.21464291854962,14.523850404131757,15.200357924887623,14.517331512442428,0.01810150778279801,1.4481206226238406,1.124911566959709,1,7.8332000121008605,19.652499991934747
1556,51.86666666666628,TRACKING,1,0,1,0,15.226390588652947,14.534506091970178,15.222144174308662,14.550302071036043,15.225526001686958,14.545583994941826,15.214705248405721,14.544810190249285,0.011111590564406292,0.8889272451525033,1.2463620483026567,1,9.891499998047948,25.55479999864474
1557,51.899999999999615,TRACKING,1,0,1,0,15.243068996156493,14.562075695276967,15.23484717861048,14.576784375253224,15.231431362212627,14.572934512631402,15.234748995682422,14.571892672894974,0.015916923011324344,1.2733538409059475,1.029471188340115,1,8.230600011302158,21.77829999709502
1558,51.933333333332946,TRACKING,1,0,1,0,15.259401455884694,14.589242724878336,15.250477988250337,14.602944701904809,15.237217113554026,14.607635618302444,15.258494630972885,14.59360905721518,0.028817417877993166,2.3053934302394534,0.35676044172151017,1,8.410700014792383,22.153800004161894
1559,51.96666666666628,TRACKING,1,0,1,0,15.275387578130216,14.616006172952229,15.269592878931443,14.626279640139542,15.263497017714604,14.624428125126427,15.279121518662432,14.61720114794812,0.014571022799439509,1.1656818239551607,0.31363956014690664,1,6.350500014377758,16.918200009968132
1560,51.99999999999961,TRACKING,1,0,1,0,15.291026981449646,14.642365046648335,15.289228156081458,14.649123836894942,15.293810153265461,14.641664670563102,15.290692563163077,14.643647064158838,0.0028699428595560573,0.2295954287644846,0.10599334281368097,1,9.665699995821342,22.202699998160824
1561,52.03333333333294,TRACKING,1,0,1,0,15.306319292672606,14.66831836812496,15.304872233724131,14.673005397847392,15.310588357755904,14.660956636824356,15.305744295915947,14.669093806282168,0.008509994384705446,0.6807995507764357,0.0772290351958436,1,7.6865000010002404,24.423900002148002
1562,52.06666666666627,TRACKING,1,0,1,0,15.32126414691065,14.693865174585273,15.320240041743595,14.696952770622218,15.316850838943038,14.697047744986843,15.323755582335584,14.687853549091068,0.005441143407220316,0.4352914725776253,0.5205959142932518,1,7.145500014303252,22.71889999974519
1563,52.0999999999996,TRACKING,1,0,1,0,15.335861187565966,14.71900451831304,15.336664002346522,14.717717374223707,15.328389728326012,14.722399711814262,15.343149003627504,14.71059865541751,0.008206707140200751,0.6565365712160601,0.8900185848496429,1,8.809199993265793,17.73200000752695
1564,52.133333333332935,TRACKING,1,0,1,0,15.350110066339898,14.743735466707756,15.354320277534724,14.73889410306141,15.354860001031051,14.732638245455592,15.355378211679263,14.740010711851955,0.01207104796982071,0.9656838375856567,0.5161528707039095,1,6.738900003256276,24.186499998904765
1565,52.166666666666266,TRACKING,1,0,1,0,15.364010443241243,14.768057102319275,15.369118815175607,14.763466644133018,15.379188037201796,14.75429647205519,15.361789792549427,14.76631777620341,0.020486930070078693,1.6389544056062955,0.22565878429021224,1,8.410599984927103,23.042700020596385
1566,52.1999999999996,TRACKING,1,0,1,0,15.377561986594372,14.791968522881827,15.379609589909252,14.788339305688948,15.380698148512995,14.79116878765285,15.376098583136326,14.79309046019693,0.003236524063912139,0.25892192511297113,0.14751906767697198,1,7.382600015262142,20.578399999067187
1567,52.23333333333293,TRACKING,1,0,1,0,15.390764373047139,14.815468841347492,15.391631131012462,14.813911527019757,15.383206607417808,14.817420799313195,15.39040500557178,14.816790333833094,0.007805764613909852,0.6244611691127882,0.10955874761888412,1,9.894499991787598,28.123500000219792
1568,52.26666666666626,TRACKING,1,0,1,0,15.403617287578605,14.838557185919093,15.404159862243173,14.838372442036432,15.411420785383829,14.838129152504347,15.401681433441993,14.83927116696011,0.007815228122087698,0.6252182497670158,0.16506580826165482,1,9.363299992401153,20.85060000536032
1569,52.29999999999959,TRACKING,1,0,1,0,15.416120423506545,14.861232700082567,15.415581434210152,14.861712842449151,15.426546366367136,14.858543200609658,15.409281323217796,14.86277080889658,0.010767250900164341,0.8613800720131473,0.5607941311151389,1,8.241300005465746,25.009000004502013
1570,52.333333333332924,TRACKING,1,0,1,0,15.428273482494767,14.883494542638726,15.424669209384193,14.884917275812684,15.429835967887707,14.891508032681589,15.421687428150287,14.883240209294527,0.008164397299875762,0.6531517839900609,0.5272770643426656,1,9.010800014948472,21.705999999539927
1571,52.366666666666255,TRACKING,1,0,1,0,15.440076174560236,14.905341887734442,15.434920830888496,14.906461536836392,15.428391566774641,14.910195066286203,15.43796734492683,14.90608517287302,0.012652406931428392,1.0121925545142714,0.17887891269720796,1,7.749300013529137,20.284300000639632
1572,52.39999999999959,TRACKING,1,0,1,0,15.45152821807999,14.926773924893318,15.447603626909203,14.928346691879282,15.441046338714768,14.932777201863118,15.451512072892745,14.926615905560245,0.012079285136264264,0.966342810901141,0.012707358925200408,1,7.9904000158421695,24.235499993665144
1573,52.43333333333292,TRACKING,1,0,1,0,15.46262933979786,14.947789859045738,15.460313351041888,14.949155849043224,15.46227301752942,14.943934023228966,15.461144852184699,14.95162828538932,0.003872264893429763,0.30978119147438105,0.32923883385764074,1,8.606199990026653,22.069300001021475
1574,52.46666666666625,TRACKING,1,0,1,0,15.47337927483099,14.96838891055836,15.47129565502217,14.971713453712802,15.467524892789044,14.972510084112047,15.472275751794452,14.974412034593776,0.00715945951540087,0.5727567612320696,0.4898704236063711,1,9.27189999492839,22.163599991472438
1575,52.49999999999958,TRACKING,1,0,1,0,15.48377776667616,14.988570315263035,15.482165356409125,14.994023681987978,15.47333082547727,14.999840551764837,15.485847798225645,14.99018651585474,0.01536739441869235,1.2293915534953879,0.21009917610104328,1,8.602899994002655,25.125799991656095
1576,52.53333333333291,TRACKING,1,0,1,0,15.493824567215901,15.008333324485168,15.494098944962865,15.01283909367387,15.49167595543632,15.015693126204058,15.495232337226758,15.007429775375648,0.007667021189531678,0.6133616951625342,0.13382298509378127,1,7.935600006021559,22.223199979634956
1577,52.566666666666244,TRACKING,1,0,1,0,15.503519436724412,15.027677205071486,15.504494866520753,15.030582091370151,15.503706354984166,15.024044954880614,15.504175760213318,15.035588839481125,0.003637056486352638,0.290964518908211,0.6351048772799981,1,8.281599992187694,21.52800001204014
1578,52.599999999999575,TRACKING,1,0,1,0,15.512862143873301,15.046601239417242,15.513969546757322,15.053028119830012,15.516068197253956,15.052720714130611,15.516068587802321,15.05871434264712,0.0069084548957905785,0.5526763916632463,1.0024244291599953,1,8.264999982202426,23.04780000122264
1579,52.63333333333291,TRACKING,1,0,1,0,15.52185246573708,15.065104725492809,15.524360488034592,15.075354725709907,15.514464407429601,15.081384276661227,15.533802928360236,15.076711295479303,0.017877561125608152,1.4302048900486521,1.3327289867248253,1,10.482499987119809,20.763500011526048
1580,52.66666666666624,TRACKING,1,0,1,0,15.530490187798495,15.083186976869763,15.538123368504568,15.095424007189383,15.529672481958578,15.108049608589205,15.547921258461503,15.088335979569965,0.024876074828180376,1.9900859862544302,1.4540524409040438,1,7.598399999551475,18.003599980147555
1581,52.69999999999957,TRACKING,1,0,1,0,15.538775103953649,15.10084732274632,15.551923055441534,15.11113694193682,15.55961699173575,15.114613252332497,15.550895265713365,15.106320435691664,0.024977692121035858,1.9982153696828686,1.0638895774105257,1,9.190100012347102,26.432799990288913
1582,52.7333333333329,TRACKING,1,0,1,0,15.546707016516907,15.118085107972238,15.560404399172059,15.127622079430548,15.565144819837803,15.120318684584717,15.554693928166005,15.126471342344114,0.018572599596822077,1.485807967745766,0.9264804270115307,1,6.343199987895787,21.80190000217408
1583,52.76666666666623,TRACKING,1,0,1,0,15.554285736225626,15.134899693073095,15.566534577968358,15.145306584375124,15.560066606849691,15.142212945278242,15.56282233949435,15.141519322151773,0.009322130818019535,0.7457704654415628,0.864196586919817,1,9.097400004975498,19.82519999728538
1584,52.799999999999564,TRACKING,1,0,1,0,15.561511082244662,15.151290454274045,15.573227781763899,15.161147422636065,15.568754396461339,15.169213679557236,15.567999309624968,15.153554135398348,0.019331518445107266,1.5465214756085812,0.5497423208512102,1,5.586700019193813,27.875999978277832
1585,52.833333333332895,TRACKING,1,0,1,0,15.568382882170695,15.167256783522943,15.578573527953315,15.174653877265099,15.58580042248587,15.171640621533268,15.564255159364208,15.169840932206203,0.017960755728294944,1.4368604582635955,0.3895919505073049,1,8.188599982531741,14.017200010130182
1586,52.86666666666623,TRACKING,1,0,1,0,15.574900972036328,15.182798088512893,15.578814387803787,15.188995681601856,15.586543961746763,15.179550929163902,15.565785746207796,15.189879725403474,0.012087317867708537,0.9669854294166829,0.923426394962326,1,9.354199981316924,18.799500016029924
1587,52.89999999999956,TRACKING,1,0,1,0,15.581065196314016,15.197913792704233,15.579000965926783,15.20553767426454,15.580077578410167,15.199981203796955,15.572634745787932,15.204856812834254,0.002291195703190122,0.18329565625520974,0.8737158333413368,1,8.19029999547638,20.28629998676479
1588,52.93333333333289,TRACKING,1,0,1,0,15.586875407919756,15.212603335345921,15.581524749723956,15.220798008147328,15.579688154926277,15.22733620100904,15.580639328497671,15.215567457134227,0.016392496339476908,1.3113997071581527,0.5523749713921801,1,8.067999995546415,16.745600005378947
1589,52.96666666666622,TRACKING,1,0,1,0,15.592331468216626,15.226866171496338,15.585919525132837,15.233459382830453,15.593929838984701,15.230510359235298,15.58402024827796,15.229605031610793,0.003979308154569526,0.3183446523655621,0.7000696266877386,1,10.02600000356324,17.68889999948442
1590,52.99999999999955,TRACKING,1,0,1,0,15.597433247018062,15.2407017720435,15.589224988853163,15.246388734127734,15.603562620631777,15.243162962289354,15.585075434527072,15.244624751030637,0.006605049456498809,0.5284039565199048,1.0372434042471566,1,7.743900001514703,17.94650001102127
1591,53.033333333332884,TRACKING,1,0,1,0,15.602180622590986,15.254109623724686,15.591002107583828,15.259799290535563,15.595323094153112,15.258854914517846,15.59351631948501,15.25607246140327,0.008339273408870085,0.6671418727096068,0.7107084018175145,1,6.881900015287101,19.026299996767193
1592,53.066666666666215,TRACKING,1,0,1,0,15.6065734816587,15.267089229145482,15.595669172373544,15.271727459325207,15.593709873438623,15.265837112892257,15.605878828904501,15.271173465944019,0.01292440372130205,1.033952297704164,0.33143115291536795,1,7.9190999967977405,13.852500007487833
1593,53.09999999999955,TRACKING,1,0,1,0,15.610611719403591,15.27964010679824,15.60374811662676,15.284805769119652,15.597502452727916,15.288551566634949,15.620708820915826,15.282180307834345,0.015851403382516102,1.2681122706012882,0.8329382411764589,1,7.954200002131984,18.70960000087507
1594,53.13333333333288,TRACKING,1,0,1,0,15.614295239469643,15.291761791079919,15.615099468593174,15.296366013113103,15.612048662442135,15.287831733021742,15.630204939167488,15.298802935622808,0.004526860355828461,0.3621488284662769,1.3918534657343047,1,7.577699987450615,22.03009999357164
1595,53.16666666666621,TRACKING,1,0,1,0,15.617623953964708,15.303453832309382,15.625756464804235,15.310083153442223,15.629347144523903,15.304944253785846,15.633152482563831,15.308056760076825,0.011817552752778673,0.9454042202222939,1.2957089660533356,1,8.282699971459806,19.95850002276711
1596,53.19999999999954,TRACKING,1,0,1,0,15.62059778346264,15.314715796744064,15.632995194490311,15.321155852704988,15.628044179192988,15.324848564385336,15.640711915125907,15.320868445354785,0.01257464868077635,1.0059718944621079,1.6827280279246064,0,8.100999984890223,19.94070000364445
1597,53.23333333333287,TRACKING,1,0,1,0,15.623216657005164,15.325547266596068,15.640693169507276,15.332828338394052,15.636050486446385,15.336874515935563,15.648271347687983,15.333680130632745,0.017117644572937293,1.3694115658349832,2.107329688721005,0,8.232699998188764,17.674700007773936
1598,53.266666666666204,TRACKING,1,0,1,0,15.62548051210357,15.335947840047655,15.648349301947539,15.34466117457786,15.651086723387575,15.338675425898476,15.63773435545112,15.342444539736949,0.025751073393058998,2.06008587144472,1.1095621727918357,1,8.616400009486824,21.553700004005805
1599,53.299999999999535,TRACKING,1,0,1,0,15.627389294740224,15.345917131266166,15.647915121957997,15.354842955602416,15.647068929591128,15.339963106002628,15.636741914969052,15.356771453701258,0.020560604191116928,1.6448483352893541,1.1462294937252406,1,9.08369998796843,19.655499985674396
1600,53.33333333333287,TRACKING,1,0,1,0,15.628942959369832,15.355454770418321,15.647221514368667,15.366655595010648,15.646392651629952,15.360232757726857,15.636120158014906,15.365905641406341,0.01809201267668794,1.447361014135035,1.0142437886002516,1,6.324900023173541,14.212299982318655
1601,53.3666666666662,TRACKING,1,0,1,0,15.630141468920549,15.364560403683948,15.64579633778064,15.376824438701655,15.638948499776662,15.38087046814435,15.639957168725871,15.374554073569204,0.01853596491157136,1.4828771929257085,1.1206323941594858,1,8.21540001197718,15.117900009499863
1602,53.39999999999953,TRACKING,1,0,1,0,15.630984794794841,15.373233693269096,15.646120129114442,15.385982833269633,15.647941167268511,15.390610206158211,15.640292310421524,15.385046705167232,0.024278833737463784,1.9423066989971025,1.2031348313373689,1,6.740100012393668,16.97900000726804
1603,53.43333333333286,TRACKING,1,0,1,0,15.631472916870191,15.381474317418586,15.645644270895724,15.395420363182625,15.646272976338249,15.387525903829152,15.635520301242922,15.397023244720838,0.015989479614502842,1.2791583691602273,1.2853649082157779,1,7.987599994521588,16.715200006728992
1604,53.46666666666619,TRACKING,1,0,1,0,15.631605823499562,15.389281970427932,15.642370827805085,15.40570834942024,15.6427942418307,15.407191934591479,15.633327881297673,15.400929343371931,0.0211174695712356,1.689397565698848,0.9419189928876461,1,7.809000002453104,19.267099996795878
1605,53.499999999999524,TRACKING,1,0,1,0,15.631383511511679,15.396656362654687,15.63896138444808,15.412416787743705,15.628513634537605,15.422904985475519,15.632809028643733,15.399072904582075,0.026405044855796547,2.1124035884637236,0.22445345503216357,1,5.823300016345456,12.835400004405528
1606,53.533333333332855,TRACKING,1,0,1,0,15.63080598621111,15.403597220529182,15.636190513725108,15.41445929307707,15.630255124620305,15.418178995959655,15.630190745040464,15.403784946974572,0.014592176780623915,1.1673741424499133,0.05145952452832022,1,5.678000015905127,10.435199976200238
1607,53.56666666666619,TRACKING,1,0,1,0,15.629873261378131,15.410104286564687,15.632753013179096,15.417166803921235,15.63841905279389,15.407284212159622,15.624810732092751,15.41244840493112,0.008999076095453907,0.7199260876363126,0.4463117739423322,1,5.745299975387752,14.726800000062212
1608,53.59999999999952,TRACKING,1,0,1,0,15.628585359268408,15.416177319366952,15.627700158553097,15.421919164105818,15.628889307894708,15.420333446088964,15.623410640707569,15.416359417711686,0.004167226187388424,0.3333780949910739,0.41423372719122104,1,5.783400003565475,15.643699996871874
1609,53.63333333333285,TRACKING,1,0,1,0,15.626942310612455,15.42181609364317,15.623826512466845,15.425466351651883,15.616940566251047,15.433968449768274,15.623686269194975,15.416637359780813,0.015738953258152635,1.2591162606522108,0.4893822400011579,1,7.225300010759383,17.217099986737594
1610,53.66666666666618,TRACKING,1,0,1,0,15.624944154614905,15.427020400210322,15.621357015648208,15.426789136709479,15.61509414437362,15.431598255378374,15.625425790661152,15.419642847040565,0.010861835005793415,0.8689468004634732,0.5914606410770545,1,7.446800009347498,14.164799998980016
1611,53.69999999999951,TRACKING,1,0,1,0,15.622590938953577,15.431790046002956,15.620503862461842,15.428305224218692,15.626707299247368,15.424396915140477,15.620141290783579,15.428584975047094,0.008461844126313907,0.6769475301051125,0.3227209914598461,1,9.234500001184642,9.779199986951426
1612,53.733333333332844,TRACKING,1,0,1,0,15.619882719778337,15.436124854080331,15.61712333328367,15.432805849575919,15.626938345530935,15.417890381461879,15.61101483763188,15.441564658508613,0.01955192692380498,1.5641541539043986,0.8322722861425984,1,6.948599999304861,20.97039998625405
1613,53.766666666666175,TRACKING,1,0,1,0,15.616819561709756,15.440024663632997,15.61064920689209,15.440973417124034,15.607923308943215,15.448862405445194,15.605322187832787,15.441526165111513,0.012539896077130472,1.0031916861704377,0.9276003027400715,1,8.464700018521398,21.267700009047985
1614,53.79999999999951,TRACKING,1,0,1,0,15.61340153783757,15.443489329988743,15.604133403423715,15.4447887531749,15.596611324176965,15.453611208992973,15.604048955335573,15.442581821399253,0.019605195978234846,1.5684156782587875,0.7517206770460543,1,8.174400019925088,18.34939999389462
1615,53.83333333333284,TRACKING,1,0,1,0,15.609628729718935,15.446518724617983,15.599623268491401,15.447191681982428,15.593681932316244,15.445803514313706,15.604215278540694,15.448164927045166,0.015962827856674272,1.2770262285339418,0.45265747644209814,1,10.748700005933642,21.03130001341924
1616,53.86666666666617,TRACKING,1,0,1,0,15.605501227376484,15.449112735138504,15.596927305010468,15.450841794733208,15.605804463635677,15.439545814863608,15.597103342699658,15.456495292265371,0.009571724806695053,0.7657379845356043,0.8945224130065651,1,7.875599985709414,17.83570001134649
1617,53.8999999999995,TRACKING,1,0,1,0,15.601019129296175,15.451271265319658,15.591718799156924,15.4564347586117,15.593657629835224,15.463155646639382,15.593018323831535,15.453061819278352,0.013979634961836015,1.1183707969468812,0.6558974142324652,1,8.105700020678341,21.45529998233542
1618,53.93333333333283,TRACKING,1,0,1,0,15.596182542424943,15.452994235085908,15.586895780526277,15.45724974969644,15.57068301912716,15.468529406213214,15.589131942639197,15.45609420442255,0.029859123067647094,2.388729845411768,0.6161598090203828,0,6.5898999746423215,18.375500018009916
1619,53.966666666666164,TRACKING,1,0,1,0,15.590991582168147,15.45428158051982,15.582220767970277,15.458995856034408,15.573696785641957,15.466212224880726,15.595453951695392,15.454363749742003,0.021010717782806398,1.6808574226245119,0.3570500789861699,1,7.839600002625957,16.624700016109273
1620,53.999999999999496,TRACKING,1,0,1,0,15.585446372386816,15.45513325386442,15.582533621695076,15.458641369143576,15.592327113219076,15.45792485127353,15.586293450280465,15.456925946167877,0.007425470388822996,0.5940376311058397,0.15861977990722612,1,5.8883000165224075,12.299199996050447
1621,54.03333333333283,TRACKING,1,0,1,0,15.579547045394698,15.455549223524965,15.578195051232685,15.459289518639237,15.583606790152114,15.452482804718766,15.579822106720739,15.458197446217483,0.005087676462824811,0.40701411702598483,0.2129975348176352,1,7.052800006931648,13.551300013205037
1622,54.06666666666616,TRACKING,1,0,1,0,15.5732937419551,15.45552947407013,15.573015032653977,15.459731565950431,15.572954281197319,15.468297101793643,15.575423973482396,15.452847534930012,0.012772139652083465,1.0217711721666773,0.2740006880129338,1,8.775100024649873,17.48439998482354
1623,54.09999999999949,TRACKING,1,0,1,0,15.566686611277522,15.455074006232561,15.568042453517702,15.456893885319147,15.568547127819807,15.463348784730417,15.569592410644045,15.451987766434907,0.008481360798404062,0.678508863872325,0.33911457459314187,1,7.635899994056672,24.391300015849993
1624,54.13333333333282,TRACKING,1,0,1,0,15.559725811014111,15.454182836908865,15.562386658481731,15.454580805305069,15.568489382616399,15.449697802255637,15.562900261000076,15.454819710286175,0.009844578359131417,0.7875662687305133,0.2590164833317466,1,7.722000009380281,16.230299981543794
1625,54.16666666666615,TRACKING,1,0,1,0,15.55241150725589,15.452855999158972,15.55597158504707,15.454204011083343,15.561345272628484,15.446541291348979,15.556557107223876,15.457138444889885,0.010940187313668834,0.8752149850935068,0.4768251035860079,1,7.512600015616044,14.834699977654964
1626,54.199999999999484,TRACKING,1,0,1,0,15.544743874528798,15.451093542204912,15.549311477766217,15.454665826939507,15.54464393609644,15.468223679071963,15.554482746205156,15.446465374870602,0.01713042838851844,1.370434271081475,0.8626120496369584,1,9.53720000688918,16.98379998560995
1627,54.233333333332816,TRACKING,1,0,1,0,15.536723095789515,15.448895531428988,15.544645242042748,15.449214733621455,15.543661704918263,15.462938433083457,15.54757457078498,15.43566536377557,0.015663568671238512,1.253085493699081,1.3688929149405078,1,8.656700025312603,20.901799987768754
1628,54.26666666666615,TRACKING,1,0,1,0,15.528349362421121,15.446262048371356,15.538595079168928,15.44072405385378,15.542803141947482,15.436142332905687,15.535314473465736,15.43720449000517,0.01764427339684892,1.4115418717479136,0.9140753069043526,1,7.3247000109404325,17.09909999044612
1629,54.29999999999948,TRACKING,1,0,1,0,15.519622874228501,15.44319319072699,15.529301745730386,15.436466771994342,15.536581934524598,15.435752295653035,15.522177530083797,15.43578236675035,0.018519628657947332,1.4815702926357865,0.6271029442851569,1,6.693299976177514,17.71870002266951
1630,54.33333333333281,TRACKING,1,0,1,0,15.510543839433597,15.43968907234207,15.517798489698961,15.432756891247784,15.517603897666849,15.432998327472612,15.512487001891012,15.434084547237086,0.009726792336895168,0.7781433869516134,0.4745462303349454,1,6.381700019119307,13.274700002511963
1631,54.36666666666614,TRACKING,1,0,1,0,15.501112474670437,15.435749823209743,15.506659237705144,15.429573845833787,15.501574638508977,15.441700441454381,15.503456798792135,15.42978353489767,0.005968538590565791,0.47748308724526334,0.5128271556638742,1,16.89030000125058,16.74339998862706
1632,54.39999999999947,TRACKING,1,0,1,0,15.491329004979955,15.431375589465318,15.495917440105273,15.42547012404281,15.498017469081521,15.431581877530627,15.493097177208337,15.4263087053387,0.006691644551515954,0.5353315641212764,0.4293231717523888,1,8.691800001543015,17.659499979345128
1633,54.433333333332804,TRACKING,1,0,1,0,15.48119366380463,15.426566533380834,15.484795145186796,15.421382159589777,15.4958194650582,15.410536527641716,15.479693439591632,15.430618746170344,0.021699657746266775,1.735972619701342,0.345680557099636,1,7.571399997686967,20.505099993897602
1634,54.466666666666136,TRACKING,1,0,1,0,15.470706692982919,15.42132283335904,15.472032369426698,15.421185255934361,15.479520370809832,15.414857573131695,15.469023279282023,15.428875617456363,0.010930713912819873,0.8744571130255898,0.6190492287196954,1,8.804699988104403,16.298700007610023
1635,54.49999999999947,TRACKING,1,0,1,0,15.459868342743482,15.415644683926784,15.459813350088153,15.42000675657189,15.453526984559463,15.420973870104085,15.458408229515616,15.427709875239689,0.008283299398811504,0.6626639519049203,0.9722576516300481,0,5.92189998133108,17.707500024698675
1636,54.5333333333328,TRACKING,1,0,1,0,15.448678871699201,15.409532295727788,15.447836446095172,15.418912612020975,15.449604933280707,15.42084598596934,15.44685098211115,15.416048197917409,0.011351527515472802,0.9081222012378242,0.5413947125907532,1,8.797999995294958,17.22790001076646
1637,54.56666666666613,TRACKING,1,0,1,0,15.43713854684103,15.402985895514838,15.435625627223375,15.412807431255757,15.443081570225534,15.40300913526679,15.433889751528858,15.412021964114203,0.0059430688229925414,0.4754455058394033,0.7681883382101163,1,7.906800019554794,20.27859998634085
1638,54.59999999999946,TRACKING,1,0,1,0,15.425247643531613,15.396005726141375,15.422685791091336,15.407644025526434,15.42840247400054,15.402562796280652,15.4192890230401,15.407988053333971,0.007276546165528445,0.5821236932422756,1.0705701602037676,1,3.490100003546104,11.140599992359057
1639,54.63333333333279,TRACKING,1,0,1,0,15.413006445498716,15.38859204655248,15.408562813209127,15.402591393460916,15.407866257639476,15.41009838354209,15.407279477222486,15.394299548562456,0.022112079548042226,1.7689663638433781,0.6468322556252692,1,4.604599991580471,10.528599988901988
1640,54.666666666666124,TRACKING,1,0,1,0,15.400415244828444,15.380745131775267,15.39505046986808,15.392897432816634,15.391256485143908,15.396373863412313,15.397830247819218,15.385935095182843,0.018114638598158313,1.449171087852665,0.46384776612802486,1,6.576699990546331,12.265800003660843
1641,54.699999999999456,TRACKING,1,0,1,0,15.387474341958296,15.372465272908691,15.383093746621537,15.383435377079513,15.386695050562835,15.37904430439634,15.383895997863625,15.38320552956984,0.006625024558030506,0.5300019646424404,0.9056539192684157,1,8.650300005683675,17.143100005341694
1642,54.73333333333279,TRACKING,1,0,1,0,15.374184045669976,15.36375277711274,15.369783167033223,15.376630901391753,15.372715859738207,15.373749120908677,15.371760573910462,15.377326069421139,0.010103586453176222,0.8082869162540978,1.1030357512491413,0,6.128300010459498,20.653199986554682
1643,54.76666666666612,TRACKING,1,0,1,0,15.36054467308204,15.354607967597035,15.356827179394019,15.369690607435711,15.35127185481055,15.37415154111929,15.364570153022388,15.363734282528366,0.021631838218603816,1.7305470574883053,0.7979738861931729,1,8.681000006617978,18.39829998789355
1644,54.79999999999945,TRACKING,1,0,1,0,15.346556549642317,15.345031183608858,15.346351219548131,15.359255051601368,15.34212410918287,15.363664333634539,15.352208837728357,15.35356555871898,0.019153088740619433,1.5322470992495547,0.8189121335151035,2,8.311399986268952,19.27250000881031
1645,54.83333333333278,TRACKING,1,0,1,0,15.332220009120144,15.335022780420543,15.334789609761726,15.348613863303207,15.337629087432946,15.34271466890011,15.33633356114751,15.345367644662653,0.009403365172964072,0.7522692138371257,0.8906178582338872,2,9.410200000274926,19.350599992321804
1646,54.86666666666611,TRACKING,1,0,1,0,15.317535393598412,15.324583129316322,15.321142984822977,15.338561897929775,15.331679487482019,15.328969859295126,15.319009221840046,15.334910609937623,0.014808740381788785,1.1846992305431028,0.8345692088034495,2,5.958300025667995,17.37940000020899
1647,54.899999999999444,TRACKING,1,0,1,0,15.302503053465395,15.31371261757852,15.305568235194082,15.32772612031322,15.308923756655547,15.33149512737402,15.302738569541575,15.318542185350259,0.018906165240022393,1.5124932192017915,0.3868245508977903,2,7.921699987491593,18.223999999463558
1648,54.933333333332776,TRACKING,1,0,1,0,15.287123347406407,15.302411648473232,15.289332627975595,15.313605863286739,15.281964189157147,15.318131998337051,15.288543650958191,15.304870977280226,0.016545280707253057,1.3236224565802446,0.22719944169116568,2,8.07029998395592,13.541299995267764
1649,54.96666666666611,TRACKING,1,0,1,0,15.271396642395196,15.290680641235316,15.27366839257886,15.299110599098642,15.270615852198803,15.30449675782132,15.274112548725752,15.29305227764869,0.013838161396980039,1.1070529117584031,0.2884530489195657,1,9.05709998914972,19.181800016667694
1650,54.99999999999944,TRACKING,1,0,1,0,15.255323313685253,15.278520031052867,15.25816954835605,15.285169439049172,15.25918690140136,15.27562510579074,15.259681446493312,15.281233578017153,0.0048278258370993464,0.38622606696794776,0.4107098923576472,1,9.414700005436316,19.537299987860024
1651,55.03333333333277,TRACKING,1,0,1,0,15.238903744800808,15.26593026905107,15.24284123151635,15.271552130606297,15.236961341077938,15.272274652512388,15.240303483091065,15.270347357467804,0.006635068479440606,0.5308054783552485,0.37068531009428696,2,8.360100007848814,20.921000017551705
1652,55.0666666666661,TRACKING,1,0,1,0,15.222138327527702,15.252911822275465,15.225444257602502,15.258633982874954,15.220572836056084,15.26488785159425,15.224150781040189,15.256385762278567,0.01207791545723415,0.9662332365787321,0.32118010683180437,1,9.162500005913898,16.06480000191368
1653,55.09999999999943,TRACKING,1,0,1,0,15.205027461904042,15.23946517367461,15.208380037077987,15.24479364231154,15.205875625868448,15.247695484145023,15.206591280529915,15.242950226520593,0.008273898268042017,0.6619118614433613,0.3055866178632782,1,7.854600000428036,22.91139998123981
1654,55.133333333332764,TRACKING,1,0,1,0,15.18757155621062,15.225590822082179,15.190668602704761,15.230764799695864,15.186855483821548,15.229860673614112,15.191678137265146,15.2308644798408,0.004329479388003775,0.346358351040302,0.5347177146118637,1,7.58440000936389,19.528399978298694
1655,55.166666666666096,TRACKING,1,0,1,0,15.169771026961223,15.21128928219844,15.173938055003923,15.217248018803115,15.177094595867212,15.21359835881349,15.171519947568015,15.218165597726413,0.0076789645353351815,0.6143171628268145,0.5676192443762966,1,8.3028000080958,15.535399987129495
1656,55.19999999999943,TRACKING,1,0,1,0,15.15162629889266,15.19656108457119,15.155091115687348,15.203720614192422,15.150178494627657,15.20208213510628,15.154815770780672,15.20210921507826,0.005707726009610814,0.45661808076886506,0.5119655178881772,1,7.06720000016503,16.582399985054508
1657,55.23333333333276,TRACKING,1,0,1,0,15.133137804954638,15.181406775576042,15.1369840293958,15.188569243977325,15.130147203490475,15.198737141141706,15.137854079631943,15.188604887805168,0.017586508117219072,1.4069206493775257,0.688446675906907,0,7.163300004322082,20.589399995515123
1658,55.26666666666609,TRACKING,1,0,1,0,15.114305986299437,15.165826917396165,15.119018457286643,15.17390120177033,15.121320410869084,15.165758166985235,15.118017064640137,15.175983648108204,0.007014761482920748,0.5611809186336598,0.8650781466024785,1,7.93990000966005,18.63569999113679
1659,55.29999999999942,TRACKING,1,0,1,0,15.095131292271356,15.149822088001438,15.099840246205652,15.159825578263048,15.10769399343126,15.15246008022443,15.096640403677021,15.164391770013665,0.012836684283787089,1.0269347427029671,1.1718103632848336,1,10.831099993083626,22.759900020901114
1660,55.33333333333275,TRACKING,1,0,1,0,15.07561418039603,15.133392881127007,15.079325320464898,15.146625289483591,15.075974938426436,15.147928077729201,15.08170791406851,15.142902422526427,0.014539672851235275,1.163173828098822,0.9035572993838245,1,6.2895999872125685,14.328400022350252
1661,55.366666666666084,TRACKING,1,0,1,0,15.055755116369495,15.116539906251248,15.061134218283474,15.129176541367306,15.062150689757303,15.13282756118328,15.06394029291403,15.124028535473588,0.017498315980224857,1.3998652784179886,0.8875194472502002,1,5.2404000016395,14.02040000539273
1662,55.399999999999416,TRACKING,1,0,1,0,15.035554574047078,15.099263788573166,15.04272741118638,15.110798401371751,15.047847483016882,15.113102293057214,15.042019401964982,15.104703406038984,0.018509992363447927,1.4807993890758342,0.6759097605215494,1,9.877500007860363,17.31679998920299
1663,55.43333333333275,TRACKING,1,0,1,0,15.015013035432066,15.081565168989197,15.022335932260031,15.091394057237478,15.035101572931332,15.085188602321477,15.021364479665364,15.09070066661728,0.020412707022168457,1.6330165617734766,0.8901169748257808,1,8.163100021192804,23.311199998715892
1664,55.46666666666608,TRACKING,1,0,1,0,14.994130990664251,15.063444704069449,15.001557366470221,15.074090009167914,15.007415236664842,15.070248011906092,15.001761619539685,15.073157662936733,0.014925018905326305,1.1940015124261045,0.9881475743783965,1,8.623300003819168,19.247999996878207
1665,55.49999999999941,TRACKING,1,0,1,0,14.97290893800821,15.044903066033314,14.980987726995778,15.056078612352916,14.975861066608854,15.05737251935976,14.984544452963766,15.053627232321576,0.012814145681049235,1.0251316544839388,1.1634329497309837,1,9.345099999336526,16.381699999328703
1666,55.53333333333274,TRACKING,1,0,1,0,14.951347383841405,15.025940942724551,14.961729415445594,15.036904812629448,14.95664689335323,15.03312890375305,14.966935434105972,15.033307033852848,0.00893037428180685,0.714429942544548,1.379267305923933,1,6.796400004532188,23.524399992311373
1667,55.56666666666607,TRACKING,1,0,1,0,14.92944684264213,15.006559037585783,14.943008647207119,15.01672955146953,14.952382106606954,15.010940803284013,14.94109609224143,15.011142480034112,0.0233500793097225,1.8680063447778,1.00148037913138,1,9.596199990483,19.073700008448213
1668,55.599999999999405,TRACKING,1,0,1,0,14.907207836977195,14.986758069632362,14.920555184562831,14.99506058821506,14.923222429980315,14.995328188589966,14.916791218834812,14.98963838953342,0.018163538421878976,1.453083073750318,0.8005496134484726,1,9.633699984988198,19.10689999931492
1669,55.633333333332736,TRACKING,1,0,1,0,14.884630897489496,14.966538773425729,14.89698911251707,14.97291531861507,14.893007768990774,14.981777478907949,14.895951730628475,14.965011817354107,0.017389368042651263,1.391149443412101,0.9138677639318514,1,11.235200014198199,18.875299982028082
1670,55.66666666666607,TRACKING,1,0,1,0,14.861716562885332,14.945901899046143,14.874334882213251,14.948893278415806,14.867073334554952,14.962109246709657,14.877103271766721,14.938434820865174,0.017069654976197973,1.3655723980958379,1.3682293767027494,1,10.342900000978261,19.21620001667179
1671,55.6999999999994,TRACKING,1,0,1,0,14.83846537992156,14.924848212064886,14.853102858403997,14.922931142312443,14.861403490847456,14.924706515406216,14.84885747250999,14.919329365204756,0.022938548576398293,1.8350838861118635,0.941329303594262,1,9.893100010231137,18.989300006069243
1672,55.73333333333273,TRACKING,1,0,1,0,14.814877903392551,14.903378493515817,14.827997096957466,14.899639867708036,14.833886341859388,14.89256979794799,14.821170289334514,14.901172068726238,0.021866609998476994,1.7493287998781595,0.5334412429180575,1,7.676800014451146,18.48469997639768
1673,55.76666666666606,TRACKING,1,0,1,0,14.79095469611692,14.881493539866435,14.80129447311995,14.878146729099052,14.801401127389274,14.878483088659218,14.801176353142734,14.878178505581955,0.010871556595035716,0.8697245276028572,0.8596621649393714,1,7.789399998728186,24.939199996879324
1674,55.79999999999939,TRACKING,1,0,1,0,14.76669632892415,14.859194162988306,14.77738351190611,14.855424188342523,14.769629155788,14.860971148449156,14.781647900291883,14.854275934238387,0.0034291618132412573,0.27433294505930056,1.2591767733587305,1,8.500600000843406,19.797999993897974
1675,55.833333333332725,TRACKING,1,0,1,0,14.742103380640934,14.83648119012698,14.755085688423502,14.831798039296954,14.764275302438374,14.837661641174261,14.74969657979768,14.833239700889827,0.02220332364459961,1.7762658915679688,0.6604915789129903,1,8.174499991582707,22.291100001893938
1676,55.866666666666056,TRACKING,1,0,1,0,14.717176438077384,14.813355463871263,14.72763663283367,14.809095860495871,14.73194847131575,14.803056411632538,14.721877201529056,14.815016430467365,0.018007871695771515,1.4406297356617213,0.39884623252124485,1,9.474699996644631,17.805099982069805
1677,55.89999999999939,TRACKING,1,0,1,0,14.691916096012994,14.789817842121977,14.699740588634258,14.78825805478898,14.701012367535263,14.792630995022783,14.697615433964724,14.791951984700601,0.009521343647309421,0.7617074917847537,0.48686436802991684,1,4.615599988028407,13.599500001873821
1678,55.93333333333272,TRACKING,1,0,1,0,14.666322957182492,14.76586919806013,14.673061324854404,14.7660613946237,14.665826606362193,14.777710235132583,14.672323624645962,14.770523838853645,0.011851435486387257,0.9481148389109806,0.6075455718810543,0,6.517700006952509,17.138299997895956
1679,55.96666666666605,TRACKING,1,0,1,0,14.640397632261445,14.741510420114553,14.646500552542584,14.744145057032734,14.64286027238776,14.747214040178786,14.6470318153272,14.749095693006689,0.006212558106678542,0.49700464853428333,0.8061711968980119,0,6.384600012097508,21.215999993728474
1680,55.99999999999938,TRACKING,1,0,1,0,14.614140739851669,14.716742411928886,14.62014564463553,14.72229881895704,14.622965057307145,14.711804216300527,14.613574820590316,14.728271738787802,0.010112089527835445,0.8089671622268355,0.9234566105414117,1,9.084999997867271,26.078299997607246
1681,56.03333333333271,TRACKING,1,0,1,0,14.587552906466493,14.691566092328099,14.590312581997601,14.70079152508734,14.592903556702433,14.686150337157303,14.586240490032298,14.70739681813565,0.007613137462135342,0.6090509969708274,1.270802748478203,1,10.073999990709126,17.385800019837916
1682,56.066666666666045,TRACKING,1,0,1,0,14.56063476651578,14.665982395284376,14.561333459803253,14.67947194510933,14.553092906192333,14.679458966765075,14.563820523530639,14.679146498220938,0.015443368674378795,1.2354694939503035,1.0835280267928686,1,8.72380001237616,21.688799984985963
1683,56.099999999999376,TRACKING,1,0,1,0,14.533386962290823,14.639992269882518,14.534882343248514,14.654803572400644,14.537699152324386,14.658861487091787,14.533596369588588,14.65133287463645,0.01935567981178026,1.548454384942421,0.9074030376013742,1,7.27169998572208,18.00589999766089
1684,56.13333333333271,TRACKING,1,0,1,0,14.505810143949004,14.613596680284669,14.506115791515514,14.628475928750957,14.513876248337686,14.628013359771776,14.501049504249556,14.62733044648166,0.016519766567451678,1.3215813253961344,1.1628379747540036,1,5.03900001058355,19.130999979097396
1685,56.16666666666604,TRACKING,1,0,1,0,14.477904969498278,14.58679660569459,14.475175800700955,14.60290184917775,14.483568569972142,14.596940636772365,14.46974001427932,14.604311083646612,0.011617991945014956,0.9294393556011965,1.5459333629301943,1,8.908699994208291,19.038200000068173
1686,56.19999999999937,TRACKING,1,0,1,0,14.449672104781484,14.559593040321312,14.443584363315383,14.578116724552288,14.44258730283109,14.586308330317857,14.44443868419947,14.572903846533158,0.027638761518487587,2.211100921479007,1.144213275217731,1,8.441499987384304,18.42840001336299
1687,56.2333333333327,TRACKING,1,0,1,0,14.421112223460424,14.531986993342288,14.414568694897518,14.549596567850303,14.410340940908412,14.555138480074158,14.421626047087834,14.540867764099808,0.02553452301710774,2.0427618413686193,0.7116498193587038,1,8.901900000637397,15.817000006791204
1688,56.26666666666603,TRACKING,1,0,1,0,14.392226006999834,14.503979488865916,14.388148251902638,14.51892182616242,14.397101331815954,14.513833700867124,14.391308073109307,14.514498038146753,0.010994284252620817,0.8795427402096654,0.8446821190512829,1,7.468299998436123,23.96789999329485
1689,56.299999999999365,TRACKING,1,0,1,0,14.3630141446511,14.475571565893548,14.359534328909161,14.48975536537231,14.362305474155425,14.479261542322925,14.361337680065844,14.487463936470634,0.0037574113323941,0.300592906591528,0.9607963745089817,1,8.379400009289384,20.55429999018088
1690,56.333333333332696,TRACKING,1,0,1,0,14.333477333435825,14.446764278280995,14.330180702361227,14.460930877514782,14.328446968107993,14.457490397114913,14.333722723675647,14.455762567154332,0.011847117817038729,0.9477694253630983,0.7201307393203947,1,7.031200017081574,17.79089999035932
1691,56.36666666666603,TRACKING,1,0,1,0,14.303616278129155,14.417558694699373,14.301488476160515,14.430109355456977,14.293135953052833,14.436981684316883,14.306894687505421,14.416856054966454,0.022070109636957068,1.7656087709565653,0.26822880540513766,1,8.192600012989715,15.804599999682978
1692,56.39999999999936,TRACKING,1,0,1,0,14.273431691243022,14.387955898595486,14.273494450619282,14.394711933900863,14.278572103841428,14.39115025049771,14.272568256791217,14.386840030320396,0.006052084414240298,0.4841667531392239,0.11287319780823815,1,6.492700020316988,15.931899979477748
1693,56.43333333333269,TRACKING,1,0,1,0,14.242924293009116,14.357956988151624,14.242163269505632,14.361304202786043,14.253524542055443,14.349269221523489,14.241369998138607,14.363384098927504,0.01370556707433496,1.0964453659467968,0.4516236586763934,1,8.35920000099577,18.186999979661778
1694,56.46666666666602,TRACKING,1,0,1,0,14.212094811361688,14.327563076244857,14.210733539308526,14.331961600918007,14.21393449987386,14.329525979152729,14.211773822545236,14.330048297762456,0.0026902493653097673,0.2152199492247814,0.20046920660209322,1,7.693100022152066,22.250399983022362
1695,56.49999999999935,TRACKING,1,0,1,0,14.180943981920208,14.296775290405694,14.179835856396073,14.299987663115031,14.17440533139809,14.302273129643405,14.186275182522547,14.294340290178358,0.008542844194652826,0.6834275355722261,0.4688773039983985,1,8.048399991821498,15.285000001313165
1696,56.533333333332685,TRACKING,1,0,1,0,14.149472547971763,14.265594772776291,14.151291203742282,14.265818001135722,14.15256084861815,14.259406211940854,14.156453425418432,14.262449325339519,0.006916349188435189,0.5533079350748151,0.6125434946341174,1,7.155400002375245,17.833300022175536
1697,56.566666666666016,TRACKING,1,0,1,0,14.117681260453386,14.234022680068067,14.121875675244244,14.232286617823137,14.136543960489623,14.2266690534897,14.119627665209103,14.229375959391117,0.020245426063957,1.6196340851165598,0.4030325408017615,1,8.60969998757355,16.45490000373684
1698,56.59999999999935,TRACKING,1,0,1,0,14.085570877934101,14.202060183518826,14.088682393607796,14.19837232013557,14.10008009535281,14.192235002758098,14.083883572420792,14.19691484226321,0.017522886950624303,1.4018309560499442,0.433194914333893,1,5.4576999973505735,19.049599999561906
1699,56.63333333333268,TRACKING,1,0,1,0,14.053142166596825,14.169708468849251,14.054017063159632,14.164662244578082,14.05809100309759,14.17022648121912,14.053705702765033,14.159132363625348,0.0049758737450473975,0.39806989960379174,0.8472886628579659,1,7.973600004334003,15.953699999954551
1700,56.66666666666601,TRACKING,1,0,1,0,14.020395900220102,14.136968736218957,14.02112230717922,14.128411601231194,14.020275410765569,14.135474167542892,14.025182629153122,14.12196465626068,0.0014994176323258506,0.11995341058606805,1.259930637513279,1,9.8881000012625,21.629099996061996
1701,56.69999999999934,TRACKING,1,0,1,0,13.98733286015959,14.103842200181951,13.989904659629458,14.091207609415918,14.003675594794732,14.084104955479722,13.984162346747635,14.08922701641095,0.02562506202510238,2.0500049620081904,1.1964099684118972,1,7.207800023024902,15.111899992916733
1702,56.73333333333267,TRACKING,1,0,1,0,13.953953835329498,14.070330089641603,13.953450723988121,14.055599892517558,13.953936429001935,14.050246750582389,13.951788609302396,14.060676417123387,0.02008334660228704,1.606667728182963,0.7914810293110647,1,7.804699998814613,17.879299994092435
1703,56.766666666666005,TRACKING,1,0,1,0,13.9202596221837,14.03643364780502,13.918775757385133,14.022914025631229,13.91199533052045,14.022685756089855,13.917365692410412,14.028567726888594,0.016040668418340787,1.283253473467263,0.6705104510262959,1,8.797399990726262,18.52139999391511
1704,56.799999999999336,TRACKING,1,0,1,0,13.886251024696753,14.002154132136937,13.883654927377608,13.990139263554948,13.872435546896604,13.999885862164609,13.882031513208455,13.991374421559927,0.014000445546973576,1.120035643757886,0.9260891959597989,1,6.911200005561113,18.876199988881126
1705,56.83333333333267,TRACKING,1,0,1,0,13.851928854344722,13.96749281431308,13.84800280598677,13.955023205990033,13.850268757458714,13.958350626257738,13.841856169420952,13.958770502596087,0.009291691132950437,0.7433352906360349,1.0659461998038882,1,7.482600020011887,18.440799991367385
1706,56.866666666666,TRACKING,1,0,1,0,13.817293930085766,13.932450980173005,13.809657886335382,13.921017298484456,13.815962810791918,13.913977097519876,13.801739165418963,13.931776781434092,0.018521776881715517,1.4817421505372415,1.2455495115757726,1,7.351600012043491,17.020300001604483
1707,56.89999999999933,TRACKING,1,0,1,0,13.782347078340678,13.897029929672346,13.76993885996226,13.89025887112482,13.769548576209704,13.897264591878514,13.76605252021221,13.899049013765381,0.012800653231282088,1.024052258502567,1.3135340426237019,1,7.277099997736514,19.61649997974746
1708,56.93333333333266,TRACKING,1,0,1,0,13.747089132973109,13.861230976834639,13.731580123184436,13.858409587384251,13.72096221246552,13.870620466553637,13.736853324710792,13.863496446143396,0.02776289776649763,2.2210318213198104,0.8386813343694886,1,10.607900010654703,21.227499993983656
1709,56.96666666666599,TRACKING,1,0,1,0,13.711520935269702,13.825055449702536,13.697146651200224,13.824824675598261,13.697964398585972,13.833955819164167,13.704583875362179,13.830762425142666,0.016217159535839097,1.2973727628671277,0.7186314497312429,1,9.079800016479567,19.039600010728464
1710,56.999999999999325,TRACKING,1,0,1,0,13.675643333919963,13.788504690288597,13.663379123657208,13.791678926267451,13.671493935258104,13.784855251791774,13.664296865332162,13.802826927249306,0.005525930744873521,0.4420744595898816,1.461766210522379,1,7.520300016039982,17.570900003192946
1711,57.033333333332656,TRACKING,1,0,1,0,13.639457184996084,13.75158005452544,13.626265560183352,13.761044105753994,13.633003460928611,13.757807636817496,13.626140677126658,13.768479236225133,0.008968463388084075,0.7174770710467261,1.7212306740575134,1,8.378300000913441,17.63099999516271
1712,57.06666666666599,TRACKING,1,0,1,0,13.602963351932479,13.714282912215467,13.588556669878965,13.728529530122964,13.576647525446864,13.728703620568838,13.593803195353983,13.729983266272797,0.03000799148616876,2.400639318893501,1.4541737691334085,1,8.484199992381036,23.0374000093434
1713,57.09999999999932,TRACKING,1,0,1,0,13.566162705505176,13.676614646980045,13.553232454315703,13.693135272976885,13.545567876864117,13.695381418820212,13.55903697203748,13.690148995621735,0.02786285505929781,2.2290284047438247,1.2236461465177162,1,8.030099997995421,17.80440000584349
1714,57.13333333333265,TRACKING,1,0,1,0,13.52905612381107,13.63857665620821,13.517902596357395,13.655429649162306,13.515183976523733,13.647911930375813,13.52291441279766,13.652699097218038,0.016720759975129135,1.3376607980103308,1.2320102707320801,1,6.125900021288544,22.106499993242323
1715,57.16666666666598,TRACKING,1,0,1,0,13.491644492246907,13.600170351004767,13.482087493049741,13.617504897993639,13.486454649519054,13.612591587417047,13.482321962836652,13.612796580084403,0.013461856541710638,1.076948523336851,1.2555953880170772,1,7.588399981614202,15.554500016150996
1716,57.199999999999314,TRACKING,1,0,1,0,13.453928703488238,13.561397156137973,13.443793967275822,13.578081896205758,13.436361781006699,13.5839562046645,13.450216051757865,13.571129334787894,0.028592086945421626,2.28736695563373,0.8333031492369045,1,6.57980001415126,15.468700003111735
1717,57.233333333332645,TRACKING,1,0,1,0,13.415909657468069,13.522258509986717,13.40844889760643,13.537010364619592,13.404955414116197,13.536212415706421,13.411909304908788,13.531493288877112,0.01773998117942717,1.4191984943541736,0.8051194664268139,1,12.920400011353195,17.321099992841482
1718,57.26666666666598,TRACKING,1,0,1,0,13.377588261355397,13.482755864487086,13.371358270634676,13.496041271314423,13.380157825209821,13.485629261434415,13.367681380674298,13.494799027561886,0.003854746219776766,0.30837969758214123,1.2475487945266257,1,8.206699974834919,16.42350002657622
1719,57.29999999999931,TRACKING,1,0,1,0,13.33896542953359,13.442890685078558,13.33060664664962,13.456539486537617,13.341861417529067,13.444352468284261,13.323844108815868,13.455528612162304,0.0032440031766969384,0.2595202541357551,1.5765715536641391,1,6.697599979816005,18.06800000485964
1720,57.33333333333264,TRACKING,1,0,1,0,13.300042083578496,13.40266445064961,13.288036457238594,13.41657574125038,13.289985453457227,13.418990589327382,13.288390873909586,13.411194163902874,0.019174947549390805,1.5339958039512644,1.1551808722289354,1,8.34880000911653,17.893599986564368
1721,57.36666666666597,TRACKING,1,0,1,0,13.260819152236547,13.3620786534829,13.248484538569198,13.373990880306703,13.2410820265302,13.380323438951221,13.252431936468101,13.365687967152612,0.026877989655722915,2.1502391724578334,0.7304684897256798,1,8.760099997743964,27.515499998116866
1722,57.3999999999993,TRACKING,1,0,1,0,13.221297571402541,13.32113479919984,13.210157089886817,13.329466791994468,13.215048723328882,13.325932763289599,13.212025864566415,13.32603429872516,0.007878360340469662,0.6302688272375729,0.8389312944595224,1,7.561400008853525,18.534799979534
1723,57.433333333332634,TRACKING,1,0,1,0,13.18147828409734,13.279834406704788,13.170501227460786,13.2867284194828,13.18449008674058,13.277300360981117,13.163758965468206,13.285417145767896,0.003936031363122076,0.3148825090497661,1.4862381572332295,1,7.669399987207726,20.639800000935793
1724,57.466666666665965,TRACKING,1,0,1,0,13.14136224044531,13.238179008128677,13.126334279164576,13.244348898273985,13.131647927062035,13.241332738131224,13.12406705765774,13.238785078149833,0.010213417519980717,0.8170734015984573,1.384463895725189,1,7.304899976588786,18.35399999981746
1725,57.4999999999993,TRACKING,1,0,1,0,13.100950397651733,13.196170148772223,13.084055107952109,13.199322795269543,13.078438160016235,13.203388698370421,13.087988561425028,13.191220931413849,0.023641241542244958,1.8912993233795967,1.1099663442201424,1,5.625399993732572,17.97179999994114
1726,57.53333333333263,TRACKING,1,0,1,0,13.060243719979919,13.15380938704853,13.04427946193444,13.15253428307595,13.04713366863672,13.155929779101346,13.047457045110606,13.140934702805525,0.013280418241868713,1.062433459349497,1.451634220749793,1,9.053900022991002,18.318199989153072
1727,57.56666666666596,TRACKING,1,0,1,0,13.019243178728198,13.111098294425329,13.003746350133804,13.103315919766926,13.008449672815312,13.098145521731762,13.007773760552277,13.102233424984211,0.016860429719989606,1.3488343775991685,1.1596784754465455,1,8.382600004551932,22.331599990138784
1728,57.59999999999929,TRACKING,1,0,1,0,12.977949752206774,13.06803845536664,12.963475875135572,13.05858019259159,12.959077175392931,13.0478992790992,12.970250837455282,13.067561847674133,0.027600010440675993,2.2080008352540794,0.6170922433130185,1,7.818200014298782,20.243699982529506
1729,57.63333333333262,TRACKING,1,0,1,0,12.936364425714313,13.024631467274062,12.924406704973709,13.01810525964565,12.919676886746883,13.026709312821465,12.93376660657631,13.02127417006526,0.01681640267442335,1.3453122139538682,0.33960078984135517,1,10.834299988346174,17.599400016479194
1730,57.666666666665954,TRACKING,1,0,1,0,12.894488191514526,12.980878940427429,12.886522717558512,12.974408489396035,12.887743470229996,12.98077006884263,12.88868782026693,12.977076877842293,0.0067455999160913015,0.5396479932873042,0.5548332305042524,1,6.78870000410825,18.631800019647926
1731,57.699999999999285,TRACKING,1,0,1,0,12.852322048812423,12.936782497925124,12.845037147239033,12.930449100853222,12.858155342880782,12.928721925886272,12.838613005621102,12.938043460302506,0.009949881470724575,0.795990517657966,1.101353033576227,1,9.29710001219064,19.456099980743602
1732,57.73333333333262,TRACKING,1,0,1,0,12.80986700373051,12.892343775623843,12.799251689948024,12.888742864312455,12.81903428308627,12.880018092544072,12.7891654414966,12.901125171966854,0.015361037535579792,1.2288830028463833,1.7989643254405954,1,6.210600025951862,16.104299982544035
1733,57.76666666666595,TRACKING,1,0,1,0,12.767124069284765,12.847564422077957,12.751279381490832,12.849265071901351,12.753582484434684,12.850208654711565,12.74938295245911,12.85681729170054,0.013797336209304708,1.1037868967443765,1.600725480472604,1,8.860500005539507,21.57360001001507
1734,57.79999999999928,TRACKING,1,0,1,0,12.724094265360435,12.802446098478281,12.706726997538084,12.807416014486627,12.698970632692227,12.81541665420139,12.714973633839572,12.80605552674694,0.02827423269008992,2.2619386152071934,0.7847094413234381,1,6.666800007224083,25.615999998990446
1735,57.83333333333261,TRACKING,1,0,1,0,12.680778618687771,12.756990478590502,12.666547853968323,12.761254406068538,12.665335370797937,12.76310454404467,12.677467777406322,12.75765167576118,0.016609506367280407,1.3287605093824324,0.2700974839063256,1,6.242799980100244,14.246400009142235
1736,57.86666666666594,TRACKING,1,0,1,0,12.637178162817483,12.71119924869306,12.627405314974908,12.71385129275253,12.627848314028364,12.701752374449663,12.636373608309441,12.717253354891033,0.013277406049313911,1.062192483945113,0.48858659703437285,1,4.028299998026341,13.19230001536198
1737,57.899999999999274,TRACKING,1,0,1,0,12.593293938096098,12.665074107514634,12.587370636492562,12.669510524137372,12.58445692434947,12.665100251875076,12.599072483417313,12.674141040700125,0.008837052420670805,0.7069641936536645,0.8601427357623307,1,3.374499996425584,12.515999987954274
1738,57.933333333332605,TRACKING,1,0,1,0,12.549126991641078,12.618616766171062,12.548872748595786,12.625334710805596,12.545626316184402,12.627811011430836,12.560343520091811,12.628262594598613,0.009838133692416227,0.7870506953932982,1.1834931794713128,1,3.9884000143501908,18.659599998500198
1739,57.96666666666594,TRACKING,1,0,1,0,12.504678377315933,12.571828948101889,12.51038684842489,12.580115915092922,12.510337698604364,12.579600927760337,12.518465534913785,12.580455615437872,0.009614134659812968,0.7691307727850374,1.3010890305063119,1,5.465900001581758,15.128500002902001
1740,57.99999999999927,TRACKING,1,0,1,0,12.459949155705013,12.524712389006481,12.470419717259077,12.533431884004514,12.472747903065942,12.530889218354298,12.478493352670684,12.535123092917681,0.014211303768512429,1.1369043014809943,1.7013312378784122,0,3.0297999910544604,13.626600004499778
1741,58.0333333333326,TRACKING,1,0,1,0,12.414940394088202,12.47726883677955,12.430625581296548,12.487171028505465,12.43532780010166,12.485301633486138,12.422085230726132,12.481749115085552,0.021912830645240664,1.753026451619253,0.6746689109515464,1,3.6389000015333295,12.681399995926768
1742,58.06666666666593,TRACKING,1,0,1,0,12.369653166415487,12.429500051446363,12.38296924081921,12.437215130320158,12.36761402860344,12.445475167757944,12.379106550607782,12.426362725424916,0.016104732974659638,1.288378637972771,0.7968308718998192,1,4.725900012999773,10.90019999537617
1743,58.09999999999926,TRACKING,1,0,1,0,12.324088553281257,12.381407805097435,12.3374791120196,12.384367728931737,12.331948582575968,12.391797037470104,12.33053858235915,12.377274713470003,0.01302751740766557,1.0422013926132456,0.6128507629440182,1,5.928299971856177,14.289400016423315
1744,58.133333333332594,TRACKING,1,0,1,0,12.278247641898618,12.33299388182283,12.289831934682576,12.332707842077555,12.291399850029197,12.32238301886692,12.281487019728223,12.336234408681525,0.016898845859382266,1.3519076687505813,0.36655876948601657,1,3.8637000252492726,12.351899989880621
1745,58.166666666665925,TRACKING,1,0,1,0,12.232131526073392,12.284260077645902,12.240946528097675,12.28548185769299,12.238147505459574,12.278699425460273,12.2356773066028,12.294106815989222,0.008192243935852609,0.6553795148682087,0.8372557671423467,1,7.608199986862019,17.8650000016205
1746,58.19999999999926,TRACKING,1,0,1,0,12.18574130617802,12.235208200456722,12.192917557567664,12.240234733335768,12.179411454446903,12.245485635209663,12.192629467937966,12.246465387230266,0.012070322615360871,0.9656258092288696,1.055790968661962,1,7.436699990648776,20.002100005513057
1747,58.23333333333259,TRACKING,1,0,1,0,12.139078089125343,12.185840069944973,12.14669408580279,12.193648211860856,12.14008622200167,12.201382896264414,12.145350096919175,12.196393549146684,0.015575486570012769,1.2460389256010216,0.9821250593339814,1,8.084300003247336,19.340099999681115
1748,58.26666666666592,TRACKING,1,0,1,0,12.092142988342104,12.136157517532517,12.099406301273909,12.145323520442165,12.105778914724192,12.137604999514314,12.091352549926391,12.151326165336165,0.01371253778063555,1.097003022450844,1.2151382975254237,1,7.698300003539771,15.919700002996251
1749,58.29999999999925,TRACKING,1,0,1,0,12.044937123742493,12.086162386305359,12.048370112758889,12.098530496579924,12.061424373663389,12.086034184799715,12.037902332633967,12.102734934367252,0.016487748347792628,1.3190198678234102,1.4403058235346184,1,9.16069999220781,27.159599994774908
1750,58.33333333333258,TRACKING,1,0,1,0,11.997461621701351,12.035856530945331,11.995628675457962,12.050640542343826,11.998735305506802,12.050886400748281,11.988651229601889,12.046585155255984,0.015083741469870507,1.2066993175896406,1.110607440408468,1,10.226499987766147,23.46389999729581
1751,58.366666666665914,TRACKING,1,0,1,0,11.949717615027335,11.98524181766126,11.943882703915683,11.998498088502087,11.939117356198825,12.000777054030902,11.942954048845028,11.993676089178388,0.018807154391137074,1.504572351290966,0.864898656822521,1,9.250400005839765,23.660600010771304
1752,58.399999999999245,TRACKING,1,0,1,0,11.901706242935811,11.9343201241198,11.894374985239216,11.94570529518458,11.897828682657137,11.949223089116193,11.893374031515815,11.940303730441705,0.015399150606396236,1.231932048511699,0.8206506365582765,1,8.643300010589883,22.572999994736165
1753,58.43333333333258,TRACKING,1,0,1,0,11.853428651021781,11.88309333937568,11.844227006123464,11.892051039471779,11.850209691917902,11.886310427388725,11.842727561830605,11.886572419351406,0.004550972752733897,0.3640778202187118,0.9001948495031794,1,8.017899992410094,26.629400003002957
1754,58.46666666666591,TRACKING,1,0,1,0,11.804885991232476,11.831563363801688,11.79343941779897,11.837752550320669,11.799111974294288,11.838841643320112,11.793520408342594,11.830533415853452,0.009290458780425982,0.7432367024340786,0.9129723490326722,1,7.071900006849319,22.16349999071099
1755,58.49999999999924,TRACKING,1,0,1,0,11.756079421839887,11.779732109018148,11.743048654296503,11.781950684961032,11.730439684549095,11.78838450249694,11.751921828353078,11.773952782664034,0.027060303790842313,2.164824303267385,0.5695539122304855,1,10.189900000113994,27.190900000277907
1756,58.53333333333257,TRACKING,1,0,1,0,11.707010107413145,11.727601497822052,11.696683578587853,11.725103475906627,11.695747548581467,11.727797096748859,11.701139049974733,11.721227229127043,0.011264257204857289,0.9011405763885831,0.6932848965499897,1,8.573300001444295,22.355099994456396
1757,58.5666666666659,TRACKING,1,0,1,0,11.657679218790669,11.675173464115652,11.647867963872162,11.669602346571756,11.653554929827012,11.663740552862729,11.648764431667693,11.671645831899323,0.012154061838453852,0.9723249470763082,0.7669894121893631,1,7.8381000203080475,25.66280000610277
1758,58.599999999999234,TRACKING,1,0,1,0,11.60808793305232,11.622449952834767,11.597293333341574,11.616374555380089,11.594858905299294,11.616425483623246,11.601808059442162,11.620264764391347,0.014536210117182828,1.1628968093746264,0.5319360027240013,1,8.083000022452325,21.729599975515157
1759,58.633333333332565,TRACKING,1,0,1,0,11.558237433491259,11.569432919876611,11.548367429579102,11.563592920212306,11.538365427492248,11.568509651394239,11.557773122170062,11.567262182394089,0.019893442314372147,1.5914753851497718,0.17758713865179446,1,9.318099997472018,25.050600001122802
1760,58.6666666666659,TRACKING,1,0,1,0,11.508128909585723,11.516124332027287,11.501649039873497,11.510452577043676,11.492775941073834,11.518754075887028,11.51248457273617,11.513805561195781,0.015576559148120962,1.246124731849677,0.3947535911868379,1,7.901000004494563,20.805699983611703
1761,58.69999999999923,TRACKING,1,0,1,0,11.457763556970665,11.462526166888738,11.45558909072629,11.456969364612837,11.457253001115728,11.451240453072392,11.466729242843936,11.464743083068905,0.011297256464534403,0.9037805171627522,0.7388563726324381,1,7.7052999986335635,22.803700005169958
1762,58.73333333333256,TRACKING,1,0,1,0,11.407142577409147,11.408640412805426,11.409815879536852,11.405514401287894,11.415375230850314,11.397171904391643,11.420258813299844,11.413054880918164,0.014117480933912201,1.1293984747129762,1.1071351791973418,0,7.405599986668676,21.328300004824996
1763,58.76666666666589,TRACKING,1,0,1,0,11.356267178763776,11.354469068790618,11.363882175037691,11.35379205532418,11.359356744213235,11.35816502334429,11.37200634111304,11.354420628959344,0.004817208188287067,0.38537665506296537,1.2591389511853277,1,9.98149998486042,25.95900002052076
1764,58.79999999999922,TRACKING,1,0,1,0,11.305138574967813,11.30001414445214,11.317023776369954,11.298784647013086,11.30703974846437,11.300629307787952,11.321077064841491,11.296555429356777,0.001998220857096229,0.1598576685676983,1.304756025167546,1,7.5004999816883355,24.309400003403425
1765,58.833333333332554,TRACKING,1,0,1,0,11.253757985996227,11.245277659917878,11.268366204980929,11.24236855692794,11.272931716314806,11.24374869941309,11.263450653736149,11.24134728866419,0.019234595253210054,1.5387676202568044,0.8367389121424316,1,8.581000001868233,21.554899984039366
1766,58.866666666665886,TRACKING,1,0,1,0,11.202126637836598,11.190261645760813,11.21537128360535,11.18619892098356,11.22328470212704,11.182952890861348,11.205189485314282,11.190483196618517,0.022384851634509043,1.7907881307607234,0.2456679965039902,1,10.327399999368936,23.958600009791553
1767,58.89999999999922,TRACKING,1,0,1,0,11.150245762459791,11.134968142923755,11.159536029818913,11.132210113664689,11.154021131601322,11.133727704756728,11.154512340754007,11.13472335741475,0.0039739274025880995,0.3179141922070479,0.34188756314170987,1,8.99490001029335,23.395600001094863
1768,58.93333333333255,TRACKING,1,0,1,0,11.098116597790675,11.07939920264353,11.10565495078585,11.076985503145751,11.0931563480187,11.085210986427722,11.10238395387054,11.08044533322672,0.00764074005280609,0.6112592042244872,0.3514970689784353,0,7.857699994929135,23.468200000934303
1769,58.96666666666588,TRACKING,1,0,1,0,11.045740387678507,11.023556886374953,11.051893899036715,11.022056460053912,11.04843950113833,11.024945905762339,11.050255566987072,11.02616730903869,0.0030355540396324325,0.2428443231705946,0.4172377790899047,0,5.449599993880838,22.64629999990575
1770,58.99999999999921,TRACKING,1,0,1,0,10.993118381867294,10.96744326571432,10.998398046549857,10.967223425546345,11.005672085519011,10.960182850122237,10.991889009059982,10.973607142388989,0.014502038130720806,1.1601630504576645,0.5028223266953603,1,8.4645000169985,19.97929997742176
1771,59.03333333333254,TRACKING,1,0,1,0,10.940251835965897,10.91106042232262,10.942326885813413,10.913248937530296,10.938071573265521,10.911397538931938,10.942470388954124,10.918039717917098,0.002206171582386465,0.1764937265909172,0.5858739488001627,1,7.679700007429346,20.0433999998495
1772,59.066666666665874,TRACKING,1,0,1,0,10.887142011418177,10.854410447848222,10.888923614580754,10.85841884452178,10.877519547411302,10.870655847931696,10.894079121337978,10.850322781984126,0.018881335689927833,1.5105068551942267,0.6441490821523297,1,8.021100016776472,24.68790000420995
1773,59.099999999999206,TRACKING,1,0,1,0,10.83379017547283,10.797495443849332,10.837354863777403,10.79741335647353,10.826540773238381,10.806130080590867,10.84188643127484,10.785458066376135,0.01127434186172688,0.9019473489381504,1.1605455667230273,1,9.162600006675348,20.933299994794652
1774,59.13333333333254,TRACKING,1,0,1,0,10.780197601153157,10.74031752171601,10.78521274176191,10.73424898065098,10.787160944886912,10.728480400986223,10.782971839952921,10.730841777869959,0.01373337479012269,1.0986699832098152,0.7898804865713891,1,7.596599985845387,26.12500000395812
1775,59.16666666666587,TRACKING,1,0,1,0,10.726365567226727,10.682878802591906,10.729574598644545,10.674577082376683,10.738584316732487,10.675449934010784,10.720631922913137,10.675042233821808,0.014299857617476076,1.1439886093980862,0.7768098339367352,1,7.2709999803919345,18.1657999928575
1776,59.1999999999992,TRACKING,1,0,1,0,10.672295358174765,10.625181417295469,10.67034107946068,10.616024258477623,10.659027146427766,10.617534525223562,10.672329479318924,10.619597258032663,0.015314058943421615,1.2251247154737293,0.44674108062627405,1,9.417599998414516,20.94099999521859
1777,59.23333333333253,TRACKING,1,0,1,0,10.617988264161633,10.567227506240965,10.616097792103016,10.558558737161881,10.601173894151051,10.566068653017084,10.622877784668482,10.560884547676666,0.016854257018547817,1.3483405614838253,0.6407022853602957,1,9.343199984868988,23.030600015772507
1778,59.26666666666586,TRACKING,1,0,1,0,10.563445581003963,10.509019219359054,10.563640339658825,10.500159184489897,10.562119362433572,10.497337939957793,10.567002141604124,10.505420009154985,0.011756323581237686,0.9405058864990149,0.40479871458842315,1,7.515999983297661,21.403799997642636
1779,59.299999999999194,TRACKING,1,0,1,0,10.508668610139758,10.450558716017074,10.509281058086689,10.44302920558478,10.510080609868032,10.439553287221283,10.508275031483771,10.451678411182838,0.011095639062797084,0.8876511250237668,0.09494828647834608,1,8.875200001057237,22.31620001839474
1780,59.333333333332526,TRACKING,1,0,1,0,10.45365865859736,10.391848164938864,10.452672981758827,10.387388706943486,10.45304547303249,10.385984569667144,10.453923258326185,10.395267093509032,0.00589557003584026,0.4716456028672208,0.2743321850242913,1,8.835100015858188,21.14669998991303
1781,59.36666666666586,TRACKING,1,0,1,0,10.39841703896418,10.332889744124355,10.396971652463902,10.331293872281046,10.385601703330666,10.335912544349416,10.406541836822004,10.33671432982896,0.013167009857983468,1.0533607886386773,0.7183973097605723,1,7.035799993900582,23.254700005054474
1782,59.39999999999919,TRACKING,1,0,1,0,10.342945069355501,10.273685640768747,10.345098056215827,10.274009141715332,10.339625931113133,10.270034155856997,10.353376023457676,10.280893666100587,0.004934574017347839,0.3947659213878271,1.0143307000496273,1,3.421600005822256,17.106899991631508
1783,59.43333333333252,TRACKING,1,0,1,0,10.287244073382949,10.21423805118144,10.292404724076485,10.217449308661667,10.302224298189183,10.212465928533257,10.291396954543456,10.221506148466291,0.015084679443909219,1.2067743555127375,0.6696705342796421,1,8.527400001185015,10.859300004085526
1784,59.46666666666585,TRACKING,1,0,1,0,10.231315380122938,10.154549180704452,10.23515418937977,10.159387687193684,10.232383777058807,10.160537258894045,10.235763985083885,10.162119971015217,0.006082643538566387,0.486611483085311,0.702484514405926,1,10.365000023739412,21.73189999302849
1785,59.49999999999918,TRACKING,1,0,1,0,10.1751603240849,10.094621243630673,10.178667651686723,10.100597843592764,10.172105651033199,10.111340510176088,10.17909957840036,10.098563352363202,0.016996026043443933,1.3596820834755148,0.44583724973817884,1,8.308599994052202,21.635200013406575
1786,59.533333333332514,TRACKING,1,0,1,0,10.118780245179535,10.034456463121689,10.12173073698624,10.039231465476878,10.114961156393829,10.034268638925653,10.120977981045472,10.037069103221025,0.0038237046279388977,0.3058963702351118,0.2731262708722269,1,8.832899999106303,19.686599989654496
1787,59.566666666665846,TRACKING,1,0,1,0,10.062176488686783,9.97405707112538,10.063892692361716,9.977514594188348,10.069404531806319,9.968487404775624,10.056072525875015,9.974784776038588,0.0091250090731718,0.730000725853744,0.49177501488806413,1,9.84829998924397,19.26090000779368
1788,59.59999999999918,TRACKING,1,0,1,0,10.00535040522373,9.913425308293013,10.002173616350905,9.915053967692817,10.001700250771572,9.90664479898178,9.99621900555338,9.915134430161688,0.00770058011089539,0.6160464088716312,0.7431976641584577,1,7.293999980902299,20.055900007719174
1789,59.63333333333251,TRACKING,1,0,1,0,9.948303350712406,9.852563423896175,9.940934649163871,9.853536316191441,9.932488614789738,9.857280959902706,9.943436070588756,9.851584890594834,0.01650336384730778,1.3202691077846225,0.3971735598362572,1,8.938700018916279,18.801199999870732
1790,59.66666666666584,TRACKING,1,0,1,0,9.891036686347352,9.79147367574338,9.88326028512353,9.790541092916133,9.885009262685719,9.793155756893336,9.888029647312878,9.788204986549653,0.006257733854348323,0.5006187083478658,0.3553172130930365,1,7.656400004634634,23.44469999661669
1791,59.69999999999917,TRACKING,1,0,1,0,9.83355177856326,9.730158330096213,9.826210688813116,9.726971481332214,9.828451312923315,9.716128575003209,9.832457307641803,9.730276600187308,0.01492812036774656,1.1942496294197247,0.08806740736001732,1,8.332800003699958,19.16470000287518
1792,59.7333333333325,TRACKING,1,0,1,0,9.775849999002286,9.668619661585318,9.769719213175852,9.66578039759184,9.770958826202142,9.657849432318553,9.775019532779318,9.670540165006576,0.011828838058725291,0.9463070446980233,0.1673895105637348,1,6.730299995979294,23.46140000736341
1793,59.766666666665834,TRACKING,1,0,1,0,9.717932724481347,9.606859953125984,9.712667360500511,9.60491933750564,9.706226210676416,9.60532549385609,9.718897419850723,9.606714055841856,0.011806651968954023,0.9445321575163217,0.07805324021815596,1,8.073900011368096,21.315099991625175
1794,59.799999999999166,TRACKING,1,0,1,0,9.659801336959285,9.544881495833533,9.656040468211213,9.542385827864582,9.645319133210492,9.55025921176093,9.662077900358094,9.539374933618657,0.015448432089287617,1.2358745671430094,0.4766883650191286,1,7.847600005334243,22.956700006034225
1795,59.8333333333325,TRACKING,1,0,1,0,9.601457223503811,9.482686588938211,9.599252834472548,9.477269473157557,9.605935161878321,9.479052576437713,9.599151025776171,9.475020203002481,0.0057669731176492245,0.4613578494119379,0.6404599411024713,1,8.346499991603196,23.276299994904548
1796,59.86666666666583,TRACKING,1,0,1,0,9.542901776258528,9.420277539699963,9.539345453438022,9.412203987494374,9.552736460761054,9.409536202059165,9.533521928378077,9.412462912699688,0.014563562530433446,1.1650850024346757,0.9766880899491771,1,8.090799994533882,20.928000012645498
1797,59.89999999999916,TRACKING,1,0,1,0,9.484136392409642,9.357656663322816,9.476444920637663,9.347905289332601,9.47614569486039,9.350192963270066,9.477087402506044,9.348829058848423,0.010934261099911125,0.87474088799289,0.9037339764947487,1,7.382100011454895,21.812499995576218
1798,59.93333333333249,TRACKING,1,0,1,0,9.425162474152655,9.294826282869046,9.416389409758747,9.283504784994731,9.414892942798026,9.297573355133743,9.418707974069378,9.284452550533928,0.010630601124638745,0.8504480899710996,0.9774248415446288,1,8.248700003605336,22.093000006861985
1799,59.96666666666582,TRACKING,1,0,1,0,9.365981428658825,9.231788729172907,9.356646216338804,9.218778177683163,9.355869489903368,9.224196753892413,9.358194596004202,9.228352466531096,0.012644737800909944,1.0115790240727955,0.6809060492473112,1,7.443300011800602,18.242099991766736
1800,59.999999999999154,TRACKING,1,0,1,0,9.306594668041722,9.168546340754222,9.29623720469954,9.158076186354952,9.302911691691806,9.15154605324568,9.297588507594968,9.172434334057765,0.017394656943071685,1.3915725554457348,0.7847645982680794,1,8.515300025464967,24.285599996801466
1801,60.033333333332486,TRACKING,1,0,1,0,9.247003609323436,9.105101463731607,9.23550112083629,9.09957606068882,9.240576790618405,9.100931660841105,9.236256425506571,9.11267157777788,0.007661021786482751,0.6128817429186201,1.0516534384810614,1,7.123699993826449,17.74229999864474
1802,60.06666666666582,TRACKING,1,0,1,0,9.187209674400801,9.041456451735499,9.174207584846286,9.040606777964841,9.16838796222783,9.048289802404758,9.179244575261148,9.047322509000754,0.0200237741320463,1.601901930563704,0.7913671497604913,1,7.914999994682148,18.820400000549853
1803,60.09999999999915,TRACKING,1,0,1,0,9.127214290011485,8.977613665820739,9.114795417177318,8.978751931875438,9.109030775704788,8.978777206265223,9.121414882229745,8.984345527572335,0.018220703030009975,1.4576562424007982,0.7108354217916646,2,9.466499992413446,18.544899998232722
1804,60.13333333333248,TRACKING,1,0,1,0,9.067018887699858,8.913575474379051,9.055939951056828,8.916532264787975,9.07143466973532,8.907896135895472,9.055900699672355,8.922956253283695,0.007194026452257259,0.5755221161805807,1.163754249996706,2,8.552599989343435,21.653800009517
1805,60.16666666666581,TRACKING,1,0,1,0,9.00662490378296,8.849344253051154,8.993670076820507,8.854688830592716,8.99951109539956,8.850834996991974,8.996937501411834,8.855883404188122,0.007268327676489336,0.5814662141191469,0.9350294533703976,2,8.463200007099658,20.954000006895512
1806,60.19999999999914,TRACKING,1,0,1,0,8.946033779316153,8.78492238463869,8.932971295126553,8.790145221144103,8.931938005707053,8.793039916551484,8.938517010391768,8.788146879117326,0.016266073834647603,1.3012859067718083,0.6543353498888657,2,8.407499990426004,21.41940000001341
1807,60.233333333332475,TRACKING,1,0,1,0,8.885246960058744,8.720312259015744,8.873130303032505,8.723890352607631,8.867915826822811,8.729010879659185,8.884420889088705,8.72090745942659,0.019391600767862466,1.5513280614289975,0.08145307465231286,2,9.835699980612844,18.104600021615624
1808,60.266666666665806,TRACKING,1,0,1,0,8.824265896439526,8.655516273040229,8.81603793430496,8.656808025339561,8.81513718804617,8.657552143275822,8.826427075682604,8.65573170240054,0.009352971963343318,0.7482377570674655,0.17375118817429,2,8.622499997727573,20.77360000112094
1809,60.29999999999914,TRACKING,1,0,1,0,8.763092043522068,8.590536830464954,8.758506256845372,8.590225515843157,8.768385026947572,8.585582783852301,8.75970995900928,8.590336141809631,0.007249706986009414,0.5799765588807531,0.2710426869762475,1,10.138100013136864,18.879599985666573
1810,60.33333333333247,TRACKING,1,0,1,0,8.701726860970135,8.525376341848517,8.69656453811032,8.523769323360725,8.705709234528342,8.52156614798884,8.69526975204485,8.521730896408346,0.005511522149590214,0.4409217719672171,0.5932070296563491,1,8.422000013524666,23.902699991595
1811,60.3666666666658,TRACKING,1,0,1,0,8.640171813012765,8.460037224465776,8.63342943299914,8.455844549898437,8.628496225072272,8.463285790202107,8.639380842355557,8.451026376246809,0.012119097866568092,0.9695278293254473,0.7236397787002068,1,8.090599993010983,18.08459998574108
1812,60.39999999999913,TRACKING,1,0,1,0,8.578428368409366,8.394521902218214,8.573642509799804,8.386149286119716,8.573762147513262,8.384705961134319,8.579311847596257,8.387637669854737,0.010868593138660093,0.8694874510928075,0.5552552751044415,1,8.993099996587262,22.491900017485023
1813,60.43333333333246,TRACKING,1,0,1,0,8.516498000414673,8.328832805544094,8.513419531046637,8.319141212865828,8.522983698267277,8.299326245120707,8.5132315928852,8.331740377923744,0.030210948092608315,2.416875847408665,0.3498424357701859,1,7.666999998036772,21.501999988686293
1814,60.466666666665795,TRACKING,1,0,1,0,8.454382186743523,8.262972371328175,8.450212700796063,8.257216091037279,8.446157145056658,8.253113746011126,8.452670613598633,8.266966299511584,0.012839151213870408,1.0271320971096325,0.34761767471321803,1,8.168700005626306,16.052100021624938
1815,60.499999999999126,TRACKING,1,0,1,0,8.392082409535721,8.196943042811384,8.388215464675088,8.193718736722037,8.377513549222966,8.195846620189098,8.39803328905721,8.196521228758861,0.014610059321550576,1.168804745724046,0.47726483498657113,1,12.163399980636314,24.84650001861155
1816,60.53333333333246,TRACKING,1,0,1,0,8.329600155320584,8.130747269500143,8.32962286572868,8.126950596319682,8.32751318059329,8.125300246534719,8.336504230144634,8.129160452220063,0.0058331400375970935,0.46665120300776747,0.5667266756040237,1,7.946900004753843,20.508899993728846
1817,60.56666666666579,TRACKING,1,0,1,0,8.266936914981521,8.064387507075578,8.269444242704092,8.059919997362625,8.27507399332485,8.05174972575363,8.26991038440228,8.065527509530202,0.015030820360407694,1.2024656288326154,0.2547610769986824,1,8.198399998946115,17.298399994615465
1818,60.59999999999912,TRACKING,1,0,1,0,8.204094183720372,7.997866217302299,8.206157355852755,7.994378637184468,8.204537942842899,7.989871630391522,8.209532475974097,7.999383613004907,0.008006893407108145,0.6405514725686516,0.4516813911081647,1,8.022699999855831,32.13479998521507
1819,60.63333333333245,TRACKING,1,0,1,0,8.14107346102185,7.931185867937159,8.144266951044665,7.928336733261389,8.132211668466319,7.931774219257891,8.150682912281148,7.928047656419494,0.008881301963895125,0.71050415711161,0.8087122604612169,1,9.85859998036176,18.511900008888915
1820,60.66666666666578,TRACKING,1,0,1,0,8.077876250617692,7.864348932637662,8.083647014272586,7.859549382274022,8.079162533133884,7.863053650952671,8.086294103785452,7.862968554648982,0.001825452643848616,0.14603621150788926,0.6824224865959806,1,7.924400008050725,18.962000001920387
1821,60.699999999999115,TRACKING,1,0,1,0,8.01450406045079,7.797357890870279,8.021015492680068,7.792456639875583,8.026120889507622,7.787752571037223,8.017544761490978,7.799959155877341,0.015073582402035438,1.205886592162835,0.32012440034727097,1,9.303700004238635,19.78969998890534
1822,60.733333333332446,TRACKING,1,0,1,0,7.950958402639231,7.730215227818348,7.955253074373818,7.727104830117625,7.963091645204072,7.72029364179278,7.950088720106798,7.734869145808119,0.015673335458670067,1.2538668366936054,0.37875839571094083,1,9.187699994072318,18.691100005526096
1823,60.76666666666578,TRACKING,1,0,1,0,7.887240793440136,7.66292343428996,7.888373466397903,7.661756467142489,7.881870260073132,7.6675032551244575,7.887793218696871,7.663036234382581,0.007058143348091163,0.564651467847293,0.045105921574791506,1,7.738599990261719,14.600599999539554
1824,60.79999999999911,TRACKING,1,0,1,0,7.823352753213604,7.595485006625515,7.823293551760725,7.593168894415004,7.821046606435883,7.604101466749853,7.826624999178655,7.591217593470567,0.008919736433028538,0.7135789146422831,0.4302067126640648,1,9.220300009474158,23.198400012915954
1825,60.83333333333244,TRACKING,1,0,1,0,7.7592958063863575,7.527902446605198,7.759671690978997,7.522907159532991,7.765867363161968,7.523914652663319,7.762327373653864,7.526260565380674,0.007686862752642298,0.6149490202113839,0.27581064870366456,1,8.177599986083806,22.00480000465177
1826,60.86666666666577,TRACKING,1,0,1,0,7.695071481415377,7.460178261356047,7.695413670865222,7.454992054474028,7.701370336714927,7.447171269768742,7.696910325005714,7.4619141187044,0.014451899814103162,1.156151985128253,0.20229952420789937,1,10.353699995903298,18.6960999853909
1827,60.8999999999991,TRACKING,1,0,1,0,7.630681310751467,7.392314963259025,7.630408145106598,7.388501692438469,7.629762150659112,7.387166869514852,7.634556415605586,7.3922108168196905,0.005229505184448726,0.418360414755898,0.3101203287628116,1,10.04520000424236,20.094299979973584
1828,60.933333333332435,TRACKING,1,0,1,0,7.5661268308025855,7.324315069855781,7.566533287384087,7.320260379264077,7.5560193472768615,7.326648883561622,7.574118314062154,7.320025326968546,0.010373423236152639,0.829873858892211,0.7256035224900402,1,8.32970000919886,20.78089999849908
1829,60.966666666665766,TRACKING,1,0,1,0,7.5014095818973345,7.256181103755333,7.5041762777383125,7.249988355838801,7.504657290203684,7.249625711822211,7.511426251305013,7.251181474730994,0.007315789269789938,0.585263141583195,0.8956069009247056,0,6.7820000112988055,15.000999992480502
1830,60.9999999999991,TRACKING,1,0,1,0,7.436531108248104,7.187915592540367,7.441578863205881,7.180223641181865,7.44448387292405,7.167320085841241,7.441505651560354,7.189845939671237,0.022077621298154704,1.7662097038523763,0.4268756912159513,1,8.685999986482784,20.306399994296953
1831,61.03333333333243,TRACKING,1,0,1,0,7.371492957914279,7.119521068673553,7.375538792550524,7.1141643458236015,7.3726224521860475,7.108406199074116,7.37858588330419,7.12430880320426,0.011172111864927113,0.893768949194169,0.6846055449304411,1,7.711399986874312,22.509000002173707
1832,61.06666666666576,TRACKING,1,0,1,0,7.306296682765204,7.051000069403551,7.31096871653317,7.048155028828633,7.30403533536623,7.05348850888411,7.312419839916734,7.0558184910133885,0.003362443026618174,0.2689954421294539,0.6233342105162243,1,6.723800004692748,20.849599997745827
1833,61.09999999999909,TRACKING,1,0,1,0,7.240943838443296,6.982355136670975,7.245352976392363,6.981063973293287,7.234920549170769,6.98413534346739,7.248718245291082,6.986855718501527,0.006280855825326411,0.5024684660261128,0.718650462568376,1,8.064699999522418,21.247399999992922
1834,61.13333333333242,TRACKING,1,0,1,0,7.175435984326831,6.913588817013968,7.1805067900223225,6.9131675514550865,7.181835942027615,6.904766927878859,7.177687399155822,6.921396968010559,0.010898861705884604,0.8719089364707684,0.6501007464952664,1,7.038000010652468,17.549299984239042
1835,61.166666666665755,TRACKING,1,0,1,0,7.109774683492759,6.844703661473794,7.112342042055028,6.846504599749899,7.1207885481878295,6.839251619997873,7.107197730692814,6.853270668576741,0.012289425201224204,0.9831540160979363,0.7156951146854071,1,7.887599989771843,21.71279999311082
1836,61.199999999999086,TRACKING,1,0,1,0,7.0439615026794336,6.775702225500261,7.042776696713856,6.7790803085073,7.04183565414849,6.777937744654348,7.0427421748710834,6.781299780368055,0.003084927529911097,0.24679420239288777,0.45830561542923465,1,7.27020000340417,17.401699995389208
1837,61.23333333333242,TRACKING,1,0,1,0,6.977998012249129,6.7065870688568,6.975307033794328,6.709408770364159,6.961469312540526,6.720724804529845,6.982320479305846,6.701341717948444,0.021750252504696744,1.7400202003757397,0.5437495164985935,1,6.375700002536178,16.586300014751032
1838,61.26666666666575,TRACKING,1,0,1,0,6.911885786150718,6.63736075552559,6.91089035477205,6.634489989447788,6.9165731672016255,6.638541453878565,6.909168013325652,6.629525374798094,0.004833796615200938,0.3867037292160751,0.6634671610187372,1,7.783500012010336,15.262499975506216
1839,61.29999999999908,TRACKING,1,0,1,0,6.845626401882015,6.568025853612392,6.841850013712527,6.5607767268594595,6.85457072011094,6.55410336737291,6.837237231174314,6.566422075084255,0.016548004461832442,1.3238403569465953,0.683287538795814,1,7.435300009092316,20.050099992658943
1840,61.33333333333241,TRACKING,1,0,1,0,6.779221440452163,6.498584935251369,6.771271703487991,6.49171651262494,6.773472249206372,6.4918500111659725,6.7722275755367525,6.5016354754922485,0.008855077775871759,0.7084062220697407,0.6104159485006444,1,10.279800015268847,21.482399984961376
1841,61.36666666666574,TRACKING,1,0,1,0,6.712672486343935,6.429040576509541,6.703061695202159,6.424365131271517,6.697807709884154,6.430473276798193,6.709006597521736,6.431332384090214,0.014933660278591027,1.1946928222872821,0.34586585000369147,1,8.23780000791885,16.296599991619587
1842,61.399999999999075,TRACKING,1,0,1,0,6.6459811274758245,6.3593953572913,6.636894574982186,6.355522663823548,6.637936244566875,6.3561802753238075,6.642960348591784,6.358744292260268,0.008663538138451356,0.6930830510761085,0.24721153035756535,1,9.02160000987351,19.43729998311028
1843,61.433333333332406,TRACKING,1,0,1,0,6.579148955164305,6.2896518612426675,6.5705842068369344,6.28490684611339,6.578027120655518,6.276048809870917,6.574050671543107,6.28718636910567,0.013649231454099554,1.0919385163279642,0.45305114843971517,1,6.659000006038696,20.221999991917983
1844,61.46666666666574,TRACKING,1,0,1,0,6.512177564085764,6.219812675655522,6.502943257507207,6.213775939735701,6.502483104271723,6.214560897396473,6.508089457343783,6.215354652380163,0.011025594132212723,0.8820475305770179,0.48389478696078686,1,6.751999986590818,19.79300001403317
1845,61.49999999999907,TRACKING,1,0,1,0,6.445068552238498,6.149880391371503,6.4360961986280625,6.142106116464425,6.426084742135607,6.15111629804441,6.443282260196566,6.145036100250038,0.019023998300219665,1.521919864017573,0.41305105333708586,1,8.6007000063546,22.376200009603053
1846,61.5333333333324,TRACKING,1,0,1,0,6.37782352090449,6.079857602685973,6.370153074575204,6.070887295154586,6.373046063378718,6.070562003212859,6.372267631031126,6.077613135101981,0.01045142430365851,0.8361139442926809,0.47936989990135004,1,8.014200022444129,20.74549999088049
1847,61.56666666666573,TRACKING,1,0,1,0,6.31044407461134,6.009746907251741,6.301623861553667,6.001341227617824,6.312244893850759,5.992826996718155,6.296458756958097,6.012714925473978,0.017015473028911602,1.361237842312928,1.1437433055496244,1,8.416099997702986,18.90520000597462
1848,61.59999999999906,TRACKING,1,0,1,0,6.242931821093891,5.939550905982774,6.22940798181306,5.933993047011337,6.2372035218821775,5.920294248995085,6.226705459473662,5.9484522613299,0.020090601041293316,1.6072480833034652,1.4806029873183597,1,9.248599992133677,21.053200005553663
1849,61.633333333332395,TRACKING,1,0,1,0,6.175288371255886,5.869272202957591,6.158132534238544,5.8682522750756885,6.157891786424151,5.872371924684583,6.165666105230531,5.875053005982362,0.017670581161708707,1.4136464929366965,0.8980180383895118,1,8.281499991426244,19.078000012086704
1850,61.666666666665726,TRACKING,1,0,1,0,6.107515339131555,5.798913405322737,6.091477375852877,5.798922086655399,6.090298919513906,5.813233813008637,6.1031032250196064,5.7947477325965995,0.022393730835690646,1.7914984668552518,0.4854331192534215,1,8.003900002222508,16.594699991401285
1851,61.69999999999906,TRACKING,1,0,1,0,6.039614341847006,5.728477123196028,6.026569241795367,5.724350293689322,6.038049875869403,5.718910388719459,6.037126073577181,5.722553137130409,0.009693810517039545,0.7755048413631637,0.5140277962182168,0,7.313299982342869,19.081900012679398
1852,61.73333333333239,TRACKING,1,0,1,0,5.971586999581786,5.657965969569803,5.961230738302267,5.650841316009517,5.9687213216713975,5.646998568574644,5.968968163597168,5.6578137854265975,0.011335607371230579,0.9068485896984463,0.20986032578296893,1,6.621700013056397,21.05350000783801
1853,61.76666666666572,TRACKING,1,0,1,0,5.9034349355301226,5.5873825602138645,5.8947741497749355,5.581048847006804,5.889958427071146,5.585139329784998,5.907918380444248,5.5846391404774005,0.01366193115931525,1.0929544927452202,0.4204959369005573,1,7.6367000001482666,20.269500004360452
1854,61.79999999999905,TRACKING,1,0,1,0,5.835159775862221,5.516729513578526,5.831059918948141,5.509332967428165,5.823189348968979,5.51664034397081,5.843184701091669,5.513525358605875,0.01197075900790667,0.9576607206325335,0.6912760792713784,1,6.931299983989447,18.805700005032122
1855,61.833333333332384,TRACKING,1,0,1,0,5.766763149685481,5.4460094506974315,5.766964856363051,5.43789306149525,5.770713324512142,5.436900494554833,5.773244248880573,5.446098686924431,0.009928593211979636,0.7942874569583709,0.5185370799058913,1,6.431200017686933,16.022399999201298
1856,61.866666666665715,TRACKING,1,0,1,0,5.698246689005532,5.375224995090404,5.700287546025041,5.368303403112417,5.700563732268237,5.364881502243344,5.705220583707674,5.378176641733198,0.0105998364967779,0.847986919742232,0.6058246622671293,1,6.714100018143654,19.617299985839054
1857,61.89999999999905,TRACKING,1,0,1,0,5.629612028687436,5.304378772665999,5.6331482062301985,5.299480842992345,5.629146901080605,5.297061560543395,5.636898983149301,5.309187038172636,0.007331980423993574,0.5865584339194859,0.6984285103532564,1,11.976200010394678,20.700699998997152
1858,61.93333333333238,TRACKING,1,0,1,0,5.560860806416584,5.233473411624172,5.565400737894227,5.2306720438622945,5.562423339102169,5.2383564725720495,5.567842683116863,5.236103257976296,0.005126967194571021,0.41015737556568166,0.5968594827926952,1,7.707099983235821,20.431899989489466
1859,61.96666666666571,TRACKING,1,0,1,0,5.491994662659664,5.162511542358736,5.496918222944061,5.159864609584439,5.493838861186535,5.159584798939353,5.500057985587007,5.165711435601873,0.003459320055938138,0.27674560447505103,0.6940040041294545,0,6.333200028166175,16.31119998637587
1860,61.99999999999904,TRACKING,1,0,1,0,5.42301524062542,5.091495797359867,5.428654087665699,5.089364221842318,5.4320866869970725,5.077413309732195,5.421530228462901,5.10266402365589,0.016751346126723306,1.3401076901378646,0.9013218372039967,1,7.266900007380173,20.027099992148578
1861,62.03333333333237,TRACKING,1,0,1,0,5.353924186225595,5.020428811116321,5.355339263002646,5.022371286896926,5.3601799312923495,5.021890947170744,5.350039253233174,5.0288202627484075,0.00642434340472749,0.5139474723781992,0.7397693255571266,1,9.384699980728328,19.161100004566833
1862,62.066666666665704,TRACKING,1,0,1,0,5.284723148035553,4.9493132200177605,5.282691862185662,4.952136287480795,5.276869354888064,4.961163777460688,5.284705739474102,4.953337627758287,0.01421681323333971,1.1373450586671767,0.3219556314278617,1,7.099699985701591,19.18670002487488
1863,62.099999999999035,TRACKING,1,0,1,0,5.215413777254978,4.87815166225702,5.21301052758817,4.879600858619607,5.206508116205269,4.883269732366257,5.216909085048646,4.883755554676013,0.010271584122002027,0.821726729760162,0.46399693544821635,1,7.646399986697361,20.725600013975054
1864,62.13333333333237,TRACKING,1,0,1,0,5.145997727668487,4.806946777732106,5.143803139868431,4.808470468567472,5.142144594365917,4.800641857277317,5.148953885818102,4.818671090359252,0.007389090484530855,0.5911272387624683,0.9673001687900853,1,9.012100024847314,20.982099988032132
1865,62.1666666666657,TRACKING,1,0,1,0,5.076476655606077,4.7357012079483525,5.075046987003678,4.740154725609681,5.072000361402436,4.735245528344763,5.084115697280987,4.745793030503031,0.004499428152407863,0.35995425219262905,1.0125606042066035,1,8.68209998589009,18.08589999563992
1866,62.19999999999903,TRACKING,1,0,1,0,5.006852219903754,4.664417595920379,5.008171334308918,4.669506996419383,4.99540317523932,4.674149640206213,5.016900926894543,4.667520832303268,0.015026420389089237,1.202113631127139,0.8413573347293065,1,7.325700018554926,18.769299989799038
1867,62.23333333333236,TRACKING,1,0,1,0,4.937126081863846,4.5930985860741345,4.941127278945616,4.595139878212771,4.934423554595419,4.607123368149155,4.947463011187425,4.586799636038565,0.014282792650193195,1.1426234120154557,0.9683929099824033,1,10.110100003657863,22.685299976728857
1868,62.26666666666569,TRACKING,1,0,1,0,4.8672999052153925,4.521746824148665,4.87301618115326,4.5174367519732845,4.884324588087233,4.518601834840984,4.868172157755081,4.51282885146043,0.017312734753127636,1.385018780250211,0.7168422369748101,1,10.64240001142025,25.4477999988012
1869,62.299999999999024,TRACKING,1,0,1,0,4.797375356074473,4.45036495709805,4.799374871061194,4.4411258308666905,4.813453180395789,4.432897236403409,4.792177912556202,4.444961411407637,0.02374063396737939,1.8992507173903512,0.5997958327511035,1,6.0397000052034855,18.611400009831414
1870,62.333333333332355,TRACKING,1,0,1,0,4.727354102904344,4.378955632993167,4.724421788395134,4.368395908280784,4.724114002242965,4.370432478801589,4.724615002728971,4.367468626747973,0.009118245975475791,0.7294596780380632,0.9447250850835875,1,7.9067000187933445,18.15849999547936
1871,62.36666666666569,TRACKING,1,0,1,0,4.657237816475787,4.307521500923533,4.652627986097009,4.292843220801852,4.641741168525138,4.302756887920756,4.661241534349511,4.2909732325619165,0.01621257643844955,1.297006115075964,1.362057132617775,1,8.51039998815395,21.51859999867156
1872,62.39999999999902,TRACKING,1,0,1,0,4.587028169827136,4.236065210898913,4.584519252388998,4.216631202126435,4.589777839021677,4.219615517314478,4.587096355492215,4.218250997722051,0.016677922523541052,1.3342338018832842,1.425147493606176,1,8.450599998468533,17.988900013733655
1873,62.43333333333235,TRACKING,1,0,1,0,4.516726838224388,4.164589413751094,4.513195709968481,4.141806714860918,4.5169404051223,4.135499176247252,4.517766669359791,4.153958912867813,0.029091021447344274,2.327281715787542,0.8544988625185185,1,7.667700003366917,25.085599976591766
1874,62.46666666666568,TRACKING,1,0,1,0,4.446335499121247,4.093096761035497,4.442921702217863,4.071921625575362,4.435975035621455,4.067010435947338,4.449987232922606,4.091411112017928,0.02806840858573299,2.245472686858639,0.32176087882940413,1,6.958100013434887,16.96579999406822
1875,62.49999999999901,TRACKING,1,0,1,0,4.375855832119004,4.021589904932906,4.373759044084499,4.005626990587555,4.358725736098526,4.006488898791678,4.385146085811373,4.022562222676889,0.02283594920620192,1.8268759364961538,0.7472797193611733,1,7.685600023251027,23.99919999879785
1876,62.533333333332344,TRACKING,1,0,1,0,4.305289518926614,3.950071498150945,4.306730003716814,3.938418776730673,4.301975750373704,3.936063629865998,4.315414883697995,3.9503479158689343,0.014394493249526887,1.151559459962151,0.8103309684650162,1,3.941500006476417,13.57009998173453
1877,62.566666666665675,TRACKING,1,0,1,0,4.234638243320456,3.8785441938257605,4.238446872406138,3.8692967654538664,4.243050141050204,3.855559856632167,4.24120696780318,3.8814769682569477,0.024475289163655465,1.9580231330924374,0.5754959305178919,1,6.461100012529641,14.33750000433065
1878,62.59999999999901,TRACKING,1,0,1,0,4.1639036911042195,3.807010645423551,4.167410913116994,3.8007532744271417,4.170427973415918,3.80066780975127,4.166746763002611,3.805365557763593,0.009099330967071226,0.7279464773656982,0.26277742646880103,1,6.601399974897504,16.831400018418208
1879,62.63333333333234,TRACKING,1,0,1,0,4.093087550068574,3.7354735066422156,4.094709852605827,3.7286821107400256,4.0902059444857395,3.740138430483816,4.097814328817236,3.7250464283882754,0.005483171088244333,0.43865368705954666,0.9158738716748035,1,6.085300003178418,19.536000007065013
1880,62.66666666666567,TRACKING,1,0,1,0,4.022191509951044,3.6639354313127845,4.02370688591678,3.6526566583042777,4.0233406044532565,3.6619209692643957,4.026379254308637,3.6495904423846417,0.002319154052540085,0.18553232420320678,1.1955006587115546,1,7.77249998645857,16.46939999773167
1881,62.699999999999,TRACKING,1,0,1,0,3.9512172623956,3.592399073301052,3.9522144648997806,3.576737900294911,3.9629518714272822,3.5690765941406752,3.9486504469065618,3.581418767649548,0.026108218692829924,2.088657495426394,0.9021065265883769,1,11.102899996330962,20.15699999174103
1882,62.73333333333233,TRACKING,1,0,1,0,3.880166500912308,3.520867086409083,3.8774430402609936,3.504247761089709,3.8895869901805025,3.4959631647571,3.870977510917066,3.514825050831272,0.026626132496107388,2.1300905996885913,0.8797953618652657,1,8.479000010993332,24.6571000025142
1883,62.766666666665664,TRACKING,1,0,1,0,3.809040920836953,3.4493421242768503,3.8009761371284827,3.434373087570504,3.7949976052026493,3.436580088407675,3.8053450132033033,3.444792809642528,0.01897588663358813,1.5180709306870506,0.4689119107279822,1,7.935300003737211,19.25630000187084
1884,62.799999999998995,TRACKING,1,0,1,0,3.7378422192904823,3.377826840283663,3.7294621399978953,3.3644209395303553,3.7213431128590084,3.3737121173376003,3.7413519704077465,3.369893317682508,0.017004454062390734,1.3603563249912587,0.6940161785695564,1,9.599500015610829,19.173999986378476
1885,62.83333333333233,TRACKING,1,0,1,0,3.6665720951386658,3.306323887449798,3.661266661964347,3.2921926410332762,3.6631041031731835,3.294488405982465,3.671156785133516,3.2984325446929823,0.012333109495834226,0.9866487596667382,0.7301185563100864,1,11.779599997680634,19.52930001425557
1886,62.86666666666566,TRACKING,1,0,1,0,3.595232248951455,3.2348359183381445,3.592083958974639,3.2204960040558883,3.5996293165272877,3.219606612724899,3.5984034866735772,3.234317665670507,0.015851370689251743,1.2681096551401394,0.257064468399325,1,8.906200004275888,21.33940000203438
1887,62.89999999999899,TRACKING,1,0,1,0,3.5238243829624345,3.163365584955672,3.5213692323672654,3.1525920180801736,3.515458340096749,3.1589150168609965,3.5307816447780414,3.1636659182436886,0.009476192779583397,0.7580954223666718,0.5570992991834296,1,8.231500018155202,18.72569997794926
1888,62.93333333333232,TRACKING,1,0,1,0,3.4523502010282265,3.0919155386551354,3.452358883833347,3.0834096673489992,3.4485287914437643,3.093551261776058,3.4599727684022588,3.0946909598788506,0.0041567729479176614,0.33254183583341296,0.6489696268551707,1,8.881299989297986,19.72150002256967
1889,62.96666666666565,TRACKING,1,0,1,0,3.380811408587736,3.020488430036673,3.382505354498614,3.0146735034644445,3.380571016324194,3.012303402669176,3.391109997692773,3.0269443019947935,0.008188556737731627,0.6550845390185301,0.9723841884161729,1,7.1087999967858195,20.968400000128895
1890,62.999999999998984,TRACKING,1,0,1,0,3.3092097126216102,2.9490869088495613,3.313300736860566,2.946683120446451,3.3143101728525917,2.941406522114342,3.3159547061004813,2.9601526966110434,0.00921970905020069,0.7375767240160552,1.0367536897440768,1,3.6554000107571483,21.575799997663125
1891,63.033333333332315,TRACKING,1,0,1,0,3.2375468216114065,2.87771362389379,3.24120340889282,2.879565452812054,3.238321894306181,2.8725552659271263,3.2425654768996077,2.8912060019907595,0.005216262512031716,0.4173010009625373,1.1516420766564566,1,7.442899979650974,13.243099994724616
1892,63.06666666666565,TRACKING,1,0,1,0,3.165824445498877,2.806371222921884,3.1685180957007044,2.811850121753505,3.162225129283689,2.8198452185123313,3.170584490310337,2.8158694468512273,0.013946455979506361,1.115716478360509,0.8499384802925224,1,7.325800019316375,18.879099981859326
1893,63.09999999999898,TRACKING,1,0,1,0,3.094044295645065,2.735062352540637,3.096020367773739,2.740645890827905,3.084326798427921,2.7430306900660875,3.1009596938061024,2.7412023831010917,0.012566787779090913,1.005343022327273,0.7398279021891389,1,8.437499986030161,25.448400003369898
1894,63.13333333333231,TRACKING,1,0,1,0,3.0222080847896247,2.6637896581130107,3.0247638604490414,2.667884519536686,3.036390186090008,2.659113207070948,3.0211658058954916,2.6714987430529265,0.014933224422178565,1.1946579537742852,0.6223379707084743,1,7.686900004046038,16.655499988701195
1895,63.16666666666564,TRACKING,1,0,1,0,2.9503175270098527,2.592555783659878,2.949071647431654,2.5965301913619383,2.9507502198582745,2.592015178599013,2.9456157727297327,2.601781249505136,0.0006924427289733871,0.05539541831787097,0.8283601665851469,1,7.948999991640449,20.491100003710017
1896,63.19999999999897,TRACKING,1,0,1,0,2.87837433767981,2.5213633717620167,2.873304651638648,2.5257832869090366,2.873274243465095,2.5293826652569957,2.8774147155899286,2.5260153148510187,0.009503685030427915,0.7602948024342332,0.3799911498649521,1,7.692799990763888,17.77780000702478
1897,63.233333333332304,TRACKING,1,0,1,0,2.8063802334294237,2.4502150634620383,2.8008928690021384,2.4524267624319185,2.7894606121224057,2.466702030609576,2.8049117782694015,2.453850506831671,0.02362400624146719,1.8899204993173753,0.3136653916598532,0,6.282699992880225,21.156800008611754
1898,63.266666666665635,TRACKING,1,0,1,0,2.7343369321034148,2.379113498166494,2.7280852719788022,2.3795801856664887,2.732924997909599,2.3804804363561636,2.7313935072960636,2.3824575850994063,0.001965217082676327,0.15721736661410615,0.35639678572202427,1,8.983400010038167,20.341600000392646
1899,63.29999999999897,TRACKING,1,0,1,0,2.6622461527204733,2.3080613135478356,2.6548670514359096,2.3071905507646293,2.6605612329506463,2.3024839902673686,2.658113307536369,2.313130274144582,0.005826275792098505,0.46610206336788046,0.5232193932010686,1,8.990200003609061,20.156200014753267
1900,63.3333333333323,TRACKING,1,0,1,0,2.590109615432131,2.237061145446649,2.5815395464591293,2.236078202600236,2.58017309112067,2.2328013092738437,2.5878754628304534,2.240608470397481,0.010811138682460739,0.8648910945968591,0.3353799245452959,1,9.791399992536753,22.660299990093336
1901,63.36666666666563,TRACKING,1,0,1,0,2.517929041481745,2.166115627773829,2.50960306059942,2.164176707345677,2.5007826909685917,2.1693090609407664,2.522416141960656,2.166341564969721,0.01744119695753706,1.3952957566029647,0.35942281129016146,1,8.89559998176992,22.491300012916327
1902,63.39999999999896,TRACKING,1,0,1,0,2.445706153163452,2.0952273924129514,2.44079370701342,2.0910964776648773,2.4456653016075065,2.085756518570055,2.444912585846605,2.0988889545696003,0.00947096194679747,0.7576769557437977,0.29972559731457216,1,7.789200026309118,19.717799994396046
1903,63.43333333333229,TRACKING,1,0,1,0,2.373442673780973,2.0243990691225164,2.3677358522648304,2.020750547539984,2.3774721465627016,2.010307731510121,2.368110207084305,2.0304572084421584,0.014656140235587317,1.1724912188469854,0.6456562705948907,1,9.009000001242384,21.195199980866164
1904,63.466666666665624,TRACKING,1,0,1,0,2.3011403276066433,1.9536332854384688,2.2930273159221772,1.9512680875723618,2.2942660499163687,1.9467611651868237,2.301980639976995,1.9562288090506867,0.009720171321333666,0.7776137057066932,0.21825295711311332,1,8.003299997653812,21.35709999129176
1905,63.499999999998956,TRACKING,1,0,1,0,2.228800839840172,1.8829326665766868,2.222522795460901,1.8795183301975495,2.210221988124612,1.8810819882612724,2.2368837859408237,1.880491459402083,0.01867079916061212,1.4936639328489696,0.6754838746161149,1,7.139699999243021,18.959399982122704
1906,63.53333333333229,TRACKING,1,0,1,0,2.1564259365675253,1.8122998353356754,2.1545980848621418,1.80589381536297,2.1514311863863154,1.8142595856804424,2.166374015872785,1.8056454888718894,0.005365459047137687,0.429236723771015,0.9574787182139203,1,8.760199998505414,22.767600021325052
1907,63.56666666666562,TRACKING,1,0,1,0,2.084017344719636,1.7417374119991422,2.0856029222944,1.7315697967167125,2.090098546002974,1.7272639459627828,2.0902733698119826,1.7351053789639888,0.015699115521395548,1.2559292417116439,0.7293688762668636,1,8.920200023567304,20.27449998422526
1908,63.59999999999895,TRACKING,1,0,1,0,2.0115767920313576,1.6712480142388557,2.0134261251503034,1.6589074265595363,2.0163580788911846,1.650638791334062,2.017771466464909,1.6707149468450984,0.02115657752982328,1.6925262023858623,0.49740544224756467,1,7.905599981313571,19.493200001306832
1909,63.63333333333228,TRACKING,1,0,1,0,1.9391060070001307,1.600834257017599,1.9412985817366468,1.590167466146874,1.9349304645086411,1.594658681230876,1.945426191979932,1.596281667784168,0.007454722757808921,0.5963778206247137,0.6231317390459721,1,7.9197000013664365,22.98690000316128
1910,63.66666666666561,TRACKING,1,0,1,0,1.8666067188447673,1.5304987524920364,1.869017180210818,1.5185667487423355,1.8636819489956575,1.525538748266543,1.8714067831665422,1.5227675625074368,0.005758117799001105,0.46064942392008834,0.7280084222420458,1,7.71909998729825,23.703899991232902
1911,63.699999999998944,TRACKING,1,0,1,0,1.7940806574642165,1.460244109915894,1.7958037276812038,1.4462316483531938,1.7984494082860545,1.4449176000297823,1.7945128479728538,1.454101285927759,0.01593699749113334,1.2749597992906674,0.4926407222142467,1,6.239300011657178,19.734100002096966
1912,63.733333333332276,TRACKING,1,0,1,0,1.7215295533961816,1.3900729355431207,1.7206522561006952,1.3757429412380042,1.733911292808243,1.3733678763486725,1.7171883540423527,1.3864102277601755,0.020793423805573995,1.6634739044459197,0.454393240322482,1,7.85100000211969,19.15690000168979
1913,63.76666666666561,TRACKING,1,0,1,0,1.6489551377759866,1.3199878325312864,1.6442126969560933,1.3066411713100652,1.6456191241769744,1.3151530758004955,1.64712215712244,1.3146240496594959,0.005873998585182167,0.46991988681457336,0.45346653960433864,1,7.374100008746609,19.205099990358576
1914,63.79999999999894,TRACKING,1,0,1,0,1.5763591422951633,1.2499914008448894,1.5706242148800234,1.2363368385272107,1.5673021590959861,1.2373091186962553,1.5772492960922306,1.2477148193034295,0.01558426209891697,1.2467409679133576,0.19555373354409192,1,8.086900023045018,25.573499995516613
1915,63.83333333333227,TRACKING,1,0,1,0,1.5037432991601594,1.180086237158985,1.4985524192410455,1.1679552895429115,1.497661846558469,1.168126010351927,1.506880990050478,1.1823446137819495,0.013417566508979004,1.0734053207183203,0.30927392745555465,1,7.4677999946288764,21.476900001289323
1916,63.8666666666656,TRACKING,1,0,1,0,1.4311093410510312,1.1102749347628182,1.4272603030206212,1.101251759260075,1.4335028751139292,1.0908480458630214,1.4330561842253382,1.1226273808824738,0.019573783937586058,1.5659027150068847,1.0003939175643646,1,9.349500003736466,21.8237999943085
1917,63.89999999999893,TRACKING,1,0,1,0,1.3584590010799968,1.0405600834636983,1.3547725772505996,1.038386461351117,1.3486207402198016,1.0360918951991043,1.3633203364822082,1.0551286841725194,0.010805372882094608,0.8644298305675686,1.2286622540134728,1,7.807799993315712,20.79730000696145
1918,63.933333333332264,TRACKING,1,0,1,0,1.2857940127502379,0.9709442694908019,1.2837772502150235,0.9737134028318402,1.2693884446283132,0.9744187671826116,1.296289287063748,0.9849161047253984,0.01676946032564852,1.3415568260518815,1.397971015982313,1,8.63920000847429,21.778999973321334
1919,63.966666666665596,TRACKING,1,0,1,0,1.2131161099144345,0.901430075399317,1.2148292736263169,0.9069712967781468,1.212030235902242,0.9089338453454945,1.22021967234155,0.912087047700503,0.0075819315332909904,0.6065545226632792,1.0245987555227156,1,10.4585999797564,19.67880001757294
1920,63.99999999999893,TRACKING,1,0,1,0,1.1404270267334442,0.8320200799745896,1.142502798617598,0.8376520972482451,1.1482766090871759,0.83115201712322,1.1482507027574516,0.8431031722938703,0.007897434788711062,0.6317947830968849,1.0853050207533792,0,6.627700000535697,18.46209997893311
1921,64.03333333333227,TRACKING,1,0,1,0,1.067728497634792,0.7627168581365256,1.070613058304299,0.7687129272019705,1.071620646053082,0.7669925385340766,1.067764776755666,0.7744380296018357,0.005781890882055655,0.46255127056445233,0.9376982088286183,1,7.583600003272295,21.235499996691942
1922,64.0666666666656,TRACKING,1,0,1,0,0.9950222572715499,0.6935229808440213,0.9946348889805943,0.6999021173626475,0.9978138977014039,0.7112177416974423,0.9919899937686262,0.6959701012228059,0.017913621017241515,1.4330896813793212,0.31172316025012853,1,5.0666000170167536,14.751299982890487
1923,64.09999999999893,TRACKING,1,0,1,0,0.9223100404807085,0.6244410149995536,0.9187148669840642,0.6265051209497066,0.9166058578698617,0.6300623911775304,0.922213982817562,0.6238862544706723,0.00800859347152868,0.6406874777222944,0.045041230466596735,1,8.712000009836629,19.639500009361655
1924,64.13333333333226,TRACKING,1,0,1,0,0.849593582241808,0.5554735233540105,0.8454110336314543,0.5536847429671478,0.8538106125752998,0.5488319951320089,0.848731897648947,0.5566898388651182,0.00786722581074378,0.6293780648595023,0.11924894995289273,1,8.175000024493784,20.43429997866042
1925,64.16666666666559,TRACKING,1,0,1,0,0.7768746176356733,0.48662306441158387,0.7717115817114989,0.4832353862570185,0.776730837895213,0.4764492609517824,0.7771547066455982,0.4926762975266156,0.010174819381808942,0.8139855505447154,0.48477677171018124,1,7.8578999964520335,21.108000015374273
1926,64.19999999999892,TRACKING,1,0,1,0,0.7041548818029068,0.4178921923349339,0.698987103761413,0.4157056010447379,0.6944778911102193,0.4147883998242343,0.7102194382896801,0.4246180193983446,0.010162562512271921,0.8130050009817537,0.7244996952630873,1,8.63029999891296,22.967500000959262
1927,64.23333333333225,TRACKING,1,0,1,0,0.631436109902513,0.3492834568503165,0.6291108274648247,0.3478856710623931,0.6278214616921101,0.3545654049488923,0.6385761796039274,0.35780473696415216,0.006400363849111864,0.5120291079289492,0.8893784260734303,1,8.201599994208664,21.31559999543242
1928,64.26666666666559,TRACKING,1,0,1,0,0.5587200370705226,0.2807994031530754,0.5584262550958321,0.2807740213631403,0.5642122757724992,0.271796946730648,0.5684731892495836,0.2957235592653071,0.01054556340823917,0.8436450726591337,1.42627775828454,1,9.04530001571402,21.67309998185374
1929,64.29999999999892,TRACKING,1,0,1,0,0.486008398378485,0.2124425718131846,0.4883025894089716,0.2163931023335776,0.4945355145414903,0.2047101627238279,0.496428814692493,0.23301523519556988,0.011510945242791884,0.9208756194233506,1.8448970569476113,1,6.799499999033287,17.14489998994395
1930,64.33333333333225,TRACKING,1,0,1,0,0.4133029287922258,0.14421549868105776,0.4174254210911223,0.15315122552633348,0.4146424767782555,0.14286675451922357,0.4301197311711388,0.1681645442099829,0.0019009207297933427,0.15207365838346742,2.3410925640791795,1,4.582699999446049,17.164899996714666
1931,64.36666666666558,TRACKING,1,0,1,0,0.3406053631303441,0.0761207147934555,0.34905756288073325,0.08959955659094018,0.343326701171289,0.09396737432356812,0.359121511299425,0.09259021752151828,0.01805294815582356,1.444235852465885,1.982470802817977,1,6.447399995522574,12.526600010460243
1932,64.39999999999891,TRACKING,1,0,1,0,0.2679174360228442,0.008160746279492592,0.2795682946908272,0.020542770848595265,0.2840990016141008,0.022516111887982613,0.28233081874081933,0.01817934521087599,0.021631449020755818,1.7305159216604655,1.4042630543831682,1,4.85670001944527,15.63829998485744
1933,64.43333333333224,TRACKING,1,0,1,0,0.19524088186977173,-0.0596618857330351,0.2067407220397821,-0.05087183195779682,0.21127583724641835,-0.06679736338815584,0.2031915456839338,-0.045703783151122154,0.017550921209377464,1.404073696750197,1.2850940703883893,1,7.492900011129677,17.887900001369417
1934,64.46666666666557,TRACKING,1,0,1,0,0.1225774347997245,-0.12734466521090182,0.13088810270375473,-0.11866080453803116,0.129027465335569,-0.12421379771132714,0.12765123040580306,-0.11615692320082112,0.007169743734138589,0.573579498731087,0.9827601070825347,1,10.139599995454773,21.242699993308634
1935,64.4999999999989,TRACKING,1,0,1,0,0.04992882862863246,-0.19488508130926308,0.055001586885948694,-0.188048071861861,0.04311979609001325,-0.17571959839165807,0.05659120829817761,-0.19451116008647623,0.020339091906399962,1.627127352511997,0.5338291558438162,1,10.069799987832084,21.960800018860027
1936,64.53333333333224,TRACKING,1,0,1,0,-0.022703203181718368,-0.2622806284645618,-0.018870601680563523,-0.2619673135111532,-0.02383684725973557,-0.2581257234876087,-0.015143826498399342,-0.2630822269370469,0.004306783517096375,0.34454268136771,0.6081406992538373,1,8.208599989302456,22.706499992636964
1937,64.56666666666557,TRACKING,1,0,1,0,-0.09531692756499444,-0.3295288064872466,-0.09200944574671335,-0.3334269492043004,-0.08858974594774212,-0.3400502751896737,-0.09167017009481539,-0.32647584806684843,0.012488245519994008,0.9990596415995207,0.38047881549846485,1,10.525799996685237,20.601199998054653
1938,64.5999999999989,TRACKING,1,0,1,0,-0.1679106118917737,-0.3966271206549905,-0.16699390299378652,-0.40131384337612996,-0.16281490358965273,-0.4123980588768196,-0.1698723100178417,-0.3910072813413683,0.016573736316746853,1.3258989053397483,0.4761905732708439,1,7.697799999732524,23.92929999041371
1939,64.63333333333223,TRACKING,1,0,1,0,-0.24048252401072867,-0.4635730818049639,-0.24370439818578848,-0.4677044954469139,-0.250821676089813,-0.4622330487894763,-0.23878706765958801,-0.46096422008438226,0.010425629678682739,0.834050374294619,0.2489109940937382,1,7.035799993900582,14.97450002352707
1940,64.66666666666556,TRACKING,1,0,1,0,-0.31303093229006285,-0.5303642064261362,-0.3167633913520903,-0.5357486014640779,-0.3200962882165281,-0.5265459343862762,-0.3063529954779295,-0.5322950153997179,0.00803109305997724,0.6424874447981792,0.5561171868406689,1,7.8363000066019595,21.22389999567531
1941,64.6999999999989,TRACKING,1,0,1,0,-0.385554105658803,-0.5969980167514874,-0.3873459857820122,-0.605229069260081,-0.38169314952467825,-0.6053472919985614,-0.3796105970109476,-0.5991032854921347,0.009198770538557716,0.7359016430846173,0.5044280818034003,1,8.354599995072931,20.887199993012473
1942,64.73333333333223,TRACKING,1,0,1,0,-0.45805031364807713,-0.6634720408500403,-0.45921169134523815,-0.6733167263775485,-0.4482685086076589,-0.6766860200733416,-0.45178527359513226,-0.6675267959764767,0.01644058869878415,1.3152470959027323,0.5970153284483907,0,6.447800027672201,21.1748999718111
1943,64.76666666666556,TRACKING,1,0,1,0,-0.5305178264325108,-0.729783812718332,-0.531006464486878,-0.7416075449816841,-0.5388865517187651,-0.7394593744266569,-0.5230003427963117,-0.728212362094751,0.012792656381236634,1.0234125104989307,0.6143980066784025,1,9.311499976320192,17.122599994763732
1944,64.79999999999889,TRACKING,1,0,1,0,-0.6029549148713447,-0.7959308723720104,-0.6024071358877103,-0.8062216766525718,-0.6138594585983516,-0.7939751234859804,-0.5889869366584131,-0.7960679334739574,0.011078539055282194,0.8862831244225755,1.117492052346071,1,6.550599995534867,21.46400001947768
1945,64.83333333333222,TRACKING,1,0,1,0,-0.6753598505497975,-0.8619107659372096,-0.6711178568125821,-0.8722848747627866,-0.6662500019071724,-0.8749187561441655,-0.6641379072132123,-0.8570930876155906,0.015880716341393358,1.2704573073114687,0.9769897822520031,1,9.076599992113188,24.36630000011064
1946,64.86666666666555,TRACKING,1,0,1,0,-0.7477309058202828,-0.9277210457413485,-0.7427704743961202,-0.9355369728770531,-0.740116911341154,-0.9390104243598385,-0.7415239185538768,-0.9184938719025074,0.0136170107409748,1.089360859277984,0.8896468619941992,1,7.206699985545129,22.530500020366162
1947,64.89999999999888,TRACKING,1,0,1,0,-0.8200663538436048,-0.9933592704040537,-0.8169337734395494,-0.997561621966649,-0.8182087925817273,-0.9978563153165017,-0.8149756337837023,-0.983917098012942,0.004865588020599574,0.38924704164796586,0.8581656723659473,1,8.710200025234371,25.70419997209683
1948,64.93333333333221,TRACKING,1,0,1,0,-0.8923644686302681,-1.0588230049278362,-0.8907100471611629,-1.0607628069859896,-0.897213080366099,-1.0594556405332292,-0.8844638817030493,-1.0512175063211309,0.004889709968295519,0.39117679746364153,0.8773154793158919,1,7.799500017426908,21.510399994440377
1949,64.96666666666555,TRACKING,1,0,1,0,-0.964623525081503,-1.1241098207881954,-0.9624930453242011,-1.125471399684896,-0.9630296898111577,-1.1208009488479844,-0.9567977281024929,-1.122634384730586,0.003672729827486964,0.2938183861989571,0.6370934495561674,1,7.366100006038323,20.454699988476932
1950,64.99999999999888,TRACKING,1,0,1,0,-1.036841799030534,-1.1892172960238296,-1.034640148668743,-1.1931760997643444,-1.0211991661127129,-1.1973653941140878,-1.0370119161965488,-1.1910927927951103,0.017637558422020104,1.4110046737616084,0.1506556973076169,1,8.682799991220236,22.04199999687262
1951,65.03333333333221,TRACKING,1,0,1,0,-1.1090175672836666,-1.2541430153265551,-1.1107917867768455,-1.2611049478975307,-1.1029739778353846,-1.2645153897630625,-1.1157552405950657,-1.2568167434747979,0.012004629309999439,0.9603703447999551,0.5799037926378886,1,8.759999996982515,20.59440000448376
1952,65.06666666666554,TRACKING,1,0,1,0,-1.1811491076615095,-1.318884570130872,-1.1883091710063507,-1.3280164476983733,-1.1996530708011095,-1.318936771032994,-1.1845129138863375,-1.3272600280093436,0.018504036770549778,1.4803229416439823,0.7220570038095053,1,9.09269999829121,21.750300016719848
1953,65.09999999999887,TRACKING,1,0,1,0,-1.2532346990399104,-1.3834395587030484,-1.261801454886165,-1.3967958795449333,-1.2635537642583947,-1.3835049502289514,-1.254553776633845,-1.3973828143170808,0.010319272408217235,0.8255417926573789,1.120440892697705,1,8.181099983630702,21.99160002055578
1954,65.1333333333322,TRACKING,1,0,1,0,-1.3252726213911283,-1.4478055862306753,-1.3339222443008,-1.466307208200829,-1.3346010186956798,-1.4672065868320885,-1.3262667511608095,-1.4572955924595192,0.02152714148714586,1.722171318971669,0.7633547525389208,1,8.688399975653738,23.595600010594353
1955,65.16666666666553,TRACKING,1,0,1,0,-1.3972611558248471,-1.5119802649112382,-1.405845278461001,-1.5311908791862447,-1.3953652062267885,-1.5346361417300542,-1.4032915312569225,-1.5163479411811158,0.022735069371078394,1.8188055496862714,0.5956752073416176,1,8.099600003333762,18.188699992606416
1956,65.19999999999887,TRACKING,1,0,1,0,-1.4691985846291664,-1.5759612140406638,-1.4802116517113861,-1.5932683588901564,-1.4925552186899411,-1.584876726275597,-1.4770179854481378,-1.5804376429273421,0.025000374258402288,2.000029940672183,0.7208059699873444,0,6.805700017139316,18.644199997652322
1957,65.2333333333322,TRACKING,1,0,1,0,-1.541083191311691,-1.6397460601017153,-1.5541825142764538,-1.6560662579742256,-1.5630002351144903,-1.647574654460346,-1.5365331747136586,-1.6395520951093185,0.023273239969669242,1.8618591975735392,0.3643319230428888,1,7.3887000035028905,28.990000020712614
1958,65.26666666666553,TRACKING,1,0,1,0,-1.612913260640331,-1.703332436852147,-1.621362065311531,-1.716667448809978,-1.6202729331434458,-1.7165928258433902,-1.6072943309662358,-1.7005897371175764,0.015165839757566696,1.2132671806053357,0.5002065014623649,1,8.167099993443117,22.566600004211068
1959,65.29999999999886,TRACKING,1,0,1,0,-1.6846870786843335,-1.7667179854122717,-1.6902180883357059,-1.7770817500448746,-1.6860927229002753,-1.7872721674897474,-1.6805889905327642,-1.7544272931047202,0.020602190090760617,1.6481752072608493,1.0364723059206133,1,7.286299980478361,21.42259999527596
1960,65.33333333333219,TRACKING,1,0,1,0,-1.7564029328551518,-1.8299003543525725,-1.7606745829554857,-1.833751349558224,-1.756823966969351,-1.8391753720881563,-1.7480924274043472,-1.8127250151250418,0.009284569118742874,0.7427655294994299,1.5264217575568957,1,8.143699989886954,24.614499998278916
1961,65.36666666666552,TRACKING,1,0,1,0,-1.8280591119472849,-1.8928771997810516,-1.8292745020278471,-1.890600853806925,-1.8296107224326708,-1.8848533751465524,-1.8172149217046853,-1.8787037834412603,0.008172469447086134,0.6537975557668907,1.4276855513928914,1,8.81699999445118,19.81670001987368
1962,65.39999999999885,TRACKING,1,0,1,0,-1.8996539061792101,-1.955646185429953,-1.8978605329139309,-1.9511617632293514,-1.8911785946042292,-1.9520473073479108,-1.891769550816775,-1.9424754166254705,0.009207759213967829,0.7366207371174263,1.2280253036670905,1,9.67339999624528,22.672299994155765
1963,65.43333333333219,TRACKING,1,0,1,0,-1.9711856072340268,-2.0182049827425512,-1.9690735920549285,-2.012639569237288,-1.9521433308798344,-2.0176658169269133,-1.972166338950967,-2.00553551033496,0.01904990783511008,1.5239926268088064,1.0165899571798234,1,7.402600022032857,19.316699996124953
1964,65.46666666666552,TRACKING,1,0,1,0,-2.0426525083003204,-2.080551270959636,-2.0446306920357404,-2.074579118878216,-2.039498221680715,-2.0770687228976605,-2.04327572061385,-2.0715185896637096,0.004698687591507762,0.375895007320621,0.7243324097965455,1,7.23759998800233,19.9129999964498
1965,65.49999999999885,TRACKING,1,0,1,0,-2.1140529041128358,-2.1426827372053943,-2.117989403460714,-2.1383536655867106,-2.122417663759621,-2.133297933145238,-2.1109050644452587,-2.1372169079658248,0.012571545298650021,1.0057236238920018,0.5045976383545495,1,8.75629999791272,21.912500000325963
1966,65.53333333333218,TRACKING,1,0,1,0,-2.1853850909932735,-2.2045970765733136,-2.1887774979192955,-2.203001155365262,-2.189244470506144,-2.2000070834612506,-2.181067022725077,-2.2018210123038813,0.005996903116871959,0.47975224934975674,0.4106755129535661,1,9.366900019813329,21.658999990904704
1967,65.56666666666551,TRACKING,1,0,1,0,-2.2566473668907814,-2.2662919922118006,-2.259332591649113,-2.2676994213143704,-2.252584340456957,-2.277493271449401,-2.256986664335169,-2.2590909738543523,0.011915403491307097,0.9532322793045678,0.5767205944792306,1,7.349799998337403,16.246600018348545
1968,65.59999999999884,TRACKING,1,0,1,0,-2.327838031422675,-2.3277651954091727,-2.332454088317379,-2.3288023258793578,-2.323266733038711,-2.334754428321929,-2.327683444116378,-2.319924130164365,0.008351415785601016,0.6681132628480813,0.627407115846675,1,7.59769999422133,20.65660001244396
1969,65.63333333333217,TRACKING,1,0,1,0,-2.398955385914981,-2.389014405678668,-2.404268776258115,-2.389814669740458,-2.4055043161645857,-2.3838936416375485,-2.3954543491030993,-2.3875413500245237,0.008313285257887677,0.6650628206310142,0.3038647248324117,1,8.921000000555068,18.513700022595003
1970,65.6666666666655,TRACKING,1,0,1,0,-2.469997733442943,-2.4500373508431155,-2.4741231021181385,-2.4539234944852826,-2.4810680517779002,-2.4456559679272005,-2.4659552516447345,-2.4519618516264283,0.011905816405990846,0.9524653124792678,0.3581763798248603,1,7.905899983597919,21.20770001783967
1971,65.69999999999884,TRACKING,1,0,1,0,-2.5409633788716195,-2.5108317671191944,-2.544237422271494,-2.5180363017548273,-2.5367757232773553,-2.519720809908516,-2.5456490136083367,-2.5111904036577677,0.009826064374232724,0.7860851499386178,0.37594717120558113,1,8.36070001241751,18.39849998941645
1972,65.73333333333217,TRACKING,1,0,1,0,-2.6118506288961707,-2.5713953992011653,-2.618966621290622,-2.579779412440389,-2.6088292950612977,-2.5834096469251064,-2.6229159435838647,-2.570894633579201,0.012388325412014838,0.991066032961187,0.8861312059810119,1,8.28360000741668,23.066499998094514
1973,65.7666666666655,TRACKING,1,0,1,0,-2.6826577920823698,-2.631726000344959,-2.694911947376402,-2.6405330043455493,-2.69293263225936,-2.6352391060227127,-2.691759573979763,-2.6347356024100965,0.010858832909928857,0.8687066327943086,0.7669164785740689,1,7.879800017690286,16.59859999199398
1974,65.79999999999883,TRACKING,1,0,1,0,-2.7533831789069345,-2.6918213324512754,-2.767599747921213,-2.702674005727925,-2.7714136876833284,-2.6939665506763864,-2.761833805646926,-2.7002621786176135,0.018157676282194408,1.4526141025755526,0.9555261630827393,1,7.111500017344952,21.817100001499057
1975,65.83333333333216,TRACKING,1,0,1,0,-2.8240251017978135,-2.7516791661485795,-2.8392889137447175,-2.766317127178943,-2.834110513384357,-2.7753838227589096,-2.835450915078661,-2.7596265876981296,0.025760944700916017,2.0608755760732813,1.1134399839489748,1,6.837299995822832,18.52770001278259
1976,65.8666666666655,TRACKING,1,0,1,0,-2.894581875174561,-2.811297280875876,-2.9119764337429372,-2.8277597701546577,-2.9052432322470603,-2.8437217172359848,-2.908570858816804,-2.81369508862518,0.034132222428345814,2.7305777942676652,1.1354397078716396,1,8.339000021805987,20.900499977869913
1977,65.89999999999883,TRACKING,1,0,1,0,-2.9650518154883962,-2.8706734649651864,-2.9848402260271594,-2.8855116674453183,-2.9835987198647285,-2.8859733851579983,-2.9767416916554383,-2.8763739342766756,0.024043194876122942,1.9234555900898354,1.040456992432105,1,8.997099997941405,20.506499975454062
1978,65.93333333333216,TRACKING,1,0,1,0,-3.035433241262481,-2.9298055157233893,-3.055376249509605,-2.9455125657749233,-3.065216153027081,-2.932650916713181,-3.0481246225167458,-2.937008119618834,0.029918525029998914,2.3934820023999133,1.167420845497026,0,7.50869998591952,20.28440000140108
1979,65.96666666666549,TRACKING,1,0,1,0,-3.1057244731320144,-2.988691239514039,-3.1263263888814206,-3.0053996041802304,-3.129839297775023,-3.0084955619118103,-3.109059743754338,-2.9947843980494153,0.031204742479275755,2.4963793983420604,0.5557012783796028,2,8.287000004202127,20.540400000754744
1980,65.99999999999882,TRACKING,1,0,1,0,-3.175923833884279,-3.0473284518388466,-3.1923479846388956,-3.064051359551274,-3.1771961822229584,-3.0735429864166384,-3.1871899747245935,-3.049244763930683,0.02624539375633714,2.0996315005069714,0.9142364909527378,2,3.0952999950386584,14.326600008644164
1981,66.03333333333215,TRACKING,1,0,1,0,-3.2460296484987614,-3.1057149774185095,-3.2639397519938496,-3.120484938750451,-3.2583018032291613,-3.127889723670594,-3.253218321445376,-3.1042556369284005,0.025344134490473364,2.027530759237869,0.5868243670439646,2,7.393499981844798,13.295600016135722
1982,66.06666666666548,TRACKING,1,0,1,0,-3.3160402441869676,-3.1638486502735157,-3.332345492550676,-3.1758770954377566,-3.3393716573813124,-3.1694553364604983,-3.3171359516491528,-3.1661556322580053,0.023995619842891003,1.9196495874312802,0.20431725478888654,1,6.12350000301376,22.20459998352453
1983,66.09999999999881,TRACKING,1,0,1,0,-3.385953950432442,-3.221727313804595,-3.398424144165518,-3.2339545927304836,-3.4017228303445695,-3.226316262298944,-3.3841584149850488,-3.2284445237994754,0.01642303327546067,1.3138426620368537,0.5562437316610854,2,7.638000010047108,18.474999989848584
1984,66.13333333333215,TRACKING,1,0,1,0,-3.4557690990305687,-3.2793488208725226,-3.4646086682584025,-3.29361819593497,-3.4565220981447027,-3.2891968017888114,-3.4568675449637882,-3.2886616981608507,0.009876726977773302,0.7901381582218642,0.7501947133086578,2,11.471900012111291,20.695699990028515
1985,66.16666666666548,TRACKING,1,0,1,0,-3.5254840241284864,-3.336711033877865,-3.533557692676473,-3.3533181893960586,-3.532029742542893,-3.354111137925375,-3.5247982780866933,-3.3439251231840412,0.018590590373220455,1.4872472298576365,0.5797286656431951,1,7.005499996012077,18.427200004225597
1986,66.19999999999881,TRACKING,1,0,1,0,-3.5950970622646814,-3.3938118248403937,-3.6015853280512657,-3.4106948523780547,-3.6088124666427186,-3.408330672221747,-3.5902417364780774,-3.400632357085824,0.019972712548277278,1.5978170038621824,0.66977655309222,2,9.532399999443442,19.232199992984533
1987,66.23333333333214,TRACKING,1,0,1,0,-3.66460655240878,-3.450649075477809,-3.668121435269924,-3.4676101582979815,-3.675008561270649,-3.457392833907314,-3.658794712445149,-3.461280057671379,0.012396776440588,0.99174211524704,0.9692727704017636,2,8.441199985099956,20.109200006118044
1988,66.26666666666547,TRACKING,1,0,1,0,-3.7340108360011586,-3.507220677284444,-3.735413244038767,-3.526112567294398,-3.721262540234987,-3.527077365916893,-3.735347949996348,-3.5164171067046457,0.02359676097238408,1.8877408777907263,0.743450067367043,1,9.546200017211959,20.30809997813776
1989,66.2999999999988,TRACKING,1,0,1,0,-3.8033082569924916,-3.563524531609529,-3.8070365670321205,-3.582652185999839,-3.795864837858763,-3.5920564376188464,-3.8083726540613747,-3.563974738726077,0.029486847049572447,2.3589477639657956,0.406749488459731,2,9.509199997410178,21.93379998789169
1990,66.33333333333213,TRACKING,1,0,1,0,-3.872497161883369,-3.619558549735026,-3.8792244572234558,-3.634494719316625,-3.880593561909008,-3.638090926853904,-3.8750061746777544,-3.6179005716813677,0.02022376560019116,1.6179012480152926,0.24058643591095263,2,10.327000025426969,21.963599981972948
1991,66.36666666666547,TRACKING,1,0,1,0,-3.9415758997635955,-3.6753206529528804,-3.948827371563644,-3.6869701256325373,-3.958726386312879,-3.6767425554887856,-3.9388470644221476,-3.67442212817028,0.017209328740504928,1.3767462992403943,0.22983665999218558,1,9.292100003222004,19.651500013424084
1992,66.3999999999988,TRACKING,1,0,1,0,-4.010542822351688,-3.73080877264253,-4.015721084456655,-3.7407679753317487,-4.019842172292177,-3.737918379499643,-4.005288055508789,-3.729299921437174,0.011705742991300025,0.936459439304002,0.4373681764967443,1,8.34150001173839,17.862899985630065
1993,66.43333333333213,TRACKING,1,0,1,0,-4.0793962840341775,-3.7860208503474126,-4.082303819550253,-3.794519393660514,-4.073936740565716,-3.8014038431183628,-4.072967215562309,-3.7843570928883623,0.016323084312565555,1.3058467450052444,0.5312687322914389,0,7.700199988903478,24.032100016484037
1994,66.46666666666546,TRACKING,1,0,1,0,-4.148134641904851,-3.840954837851303,-4.14914156247327,-3.8484940822647693,-4.151218806067749,-3.8491280806737183,-4.136972189044608,-3.8382736645723114,0.008735786559770442,0.6988629247816354,0.918395275280982,1,7.398700021440163,19.511799997417256
1995,66.49999999999879,TRACKING,1,0,1,0,-4.216756255804051,-3.895608697254353,-4.214352111308049,-3.9020897261398573,-4.2196123430982,-3.895000716060726,-4.2036995037330565,-3.8930353489596823,0.0029200814652343174,0.23360651721874537,1.0646340850124403,0,7.145200012018904,14.991300005931407
1996,66.53333333333212,TRACKING,1,0,1,0,-4.285259488357663,-3.949980401048797,-4.280027013101172,-3.9559358877624105,-4.279540098246841,-3.9465106031622703,-4.277790347626438,-3.9540120504397565,0.006689612889630579,0.5351690311704463,0.6790216966169373,1,7.818499987479299,24.479400017298758
1997,66.56666666666545,TRACKING,1,0,1,0,-4.353642705016283,-4.004067932193967,-4.34920738005428,-4.012752349852929,-4.3449893655634355,-4.0177457663402665,-4.350701841589696,-4.005415451147995,0.01618528438489353,1.2948227507914825,0.25879085022841575,1,6.936599995242432,15.749699989100918
1998,66.59999999999879,TRACKING,1,0,1,0,-4.421904274094173,-4.057869284191223,-4.419872280291849,-4.0668357719879635,-4.416088447625307,-4.075563485108463,-4.423322581804594,-4.0574529889549,0.018625482104246652,1.4900385683397321,0.11825121693004224,1,7.055099995341152,14.58339998498559
1999,66.63333333333212,TRACKING,1,0,1,0,-4.490042566808287,-4.11138246115847,-4.49158098112387,-4.119944361105842,-4.497014548143451,-4.1197377074503665,-4.491600760128453,-4.110505570747576,0.01088203401649299,0.8705627213194392,0.14303908759722997,1,6.83019999996759,13.486000010743737
2000,66.66666666666545,TRACKING,1,0,1,0,-4.558055957316996,-4.164605477904031,-4.561861118313766,-4.172804356257812,-4.569425387894644,-4.168786968940154,-4.553887612765137,-4.168594854330417,0.012113992692136727,0.969119415370938,0.4615814247521892,1,8.824899996398017,19.13960001547821
2001,66.69999999999878,TRACKING,1,0,1,0,-4.625942822758971,-4.217536360000367,-4.628429898600809,-4.227990140697056,-4.624007905491109,-4.2373795279969455,-4.624655934269074,-4.21735734875446,0.019937282186243393,1.5949825748994715,0.10394235361094357,1,9.637100010877475,20.32479998888448
2002,66.73333333333211,TRACKING,1,0,1,0,-4.6937015432918905,-4.270173143857427,-4.6972032075555035,-4.279689416111461,-4.690899371675972,-4.291414657755243,-4.697005018010706,-4.266931577313679,0.021425547331075545,1.7140437864860436,0.37026000702552625,1,9.387600002810359,22.864799975650385
2003,66.76666666666544,TRACKING,1,0,1,0,-4.761330502131059,-4.322513876795304,-4.767634511577301,-4.3301754817432405,-4.766786019052215,-4.332404553385751,-4.768658734470303,-4.317677522320891,0.011295492388286588,0.903639391062927,0.7024223860674733,1,10.940800013486296,19.88139998866245
2004,66.79999999999878,TRACKING,1,0,1,0,-4.828828085588087,-4.37455661711676,-4.838729301482217,-4.380395803230236,-4.840003749797135,-4.372050933581381,-4.837349892585919,-4.37163335599068,0.011453118374174466,0.9162494699339573,0.7207402866255115,1,10.691999981645495,21.145800012163818
2005,66.8333333333321,TRACKING,1,0,1,0,-4.896192683109251,-4.4262994341793345,-4.908803736639576,-4.432026681438096,-4.904793961422479,-4.432039548223294,-4.907741552351167,-4.421756718597341,0.010340739715284817,0.8272591772227854,0.9928146513850811,1,10.141099977772683,21.967000007862225
2006,66.86666666666544,TRACKING,1,0,1,0,-4.963422687314012,-4.477740408466913,-4.97924054630807,-4.48248436381977,-4.971827849050635,-4.494394038794488,-4.975558860529261,-4.4676175443320165,0.018654494013677796,1.4923595210942238,1.2643014288792362,1,10.86169999325648,19.143100013025105
2007,66.89999999999877,TRACKING,1,0,1,0,-5.030516494033356,-4.528877631660746,-5.048480818115505,-4.530328795027403,-5.0499517171344515,-4.534000701626468,-5.037876605670347,-4.521281414047851,0.020099098060933775,1.607927844874702,0.8461631628244689,1,10.364099987782538,22.653500025626272
2008,66.9333333333321,TRACKING,1,0,1,0,-5.097472502348034,-4.579709206710591,-5.114339078967779,-4.580684341733342,-5.117340453855517,-4.580605088971719,-5.101157309329479,-4.578487569064937,0.019888139735266947,1.591051178821356,0.3105628544720379,1,8.721599995624274,20.602700009476393
2009,66.96666666666543,TRACKING,1,0,1,0,-5.16428911462687,-4.630233247904908,-5.178818627155433,-4.633976450168354,-5.182174616601778,-4.629675896943082,-5.166905570188025,-4.632474142180932,0.017894183998973023,1.4315347199178419,0.27559328711495285,1,9.067800012417138,18.52469998993911
2010,66.99999999999876,TRACKING,1,0,1,0,-5.230964736564728,-4.680447880940644,-5.243572163521884,-4.687402232674295,-5.241310328719705,-4.691807827891048,-5.234881601299175,-4.683557644534181,0.015364884371615876,1.22919074972927,0.4000996592301918,1,9.62900000740774,20.069099991815165
2011,67.0333333333321,TRACKING,1,0,1,0,-5.297497777220656,-4.730351242993111,-5.309504141778743,-4.739687543115974,-5.309750823232147,-4.742992096820593,-5.2971422594218405,-4.731551069443149,0.01760478122691382,1.4083824981531057,0.10011118348668226,1,8.299400011310354,20.436399994650856
2012,67.06666666666543,TRACKING,1,0,1,0,-5.3638866490557975,-4.7799414827848885,-5.37323151165605,-4.789846832234114,-5.374603836809562,-4.7840119905509,-5.361112189487139,-4.784948485364208,0.011464167951604523,0.9171334361283618,0.4579446305565613,1,2.9685000190511346,18.61629998893477
2013,67.09999999999876,TRACKING,1,0,1,0,-5.430129767971366,-4.829216760654479,-5.436790086317365,-4.841528810378008,-5.435570372184023,-4.82591014230861,-5.427702775819153,-4.841446763016898,0.006366623837170458,0.5093299069736367,0.9974792186440675,1,8.399399986956269,18.691000004764646
2014,67.13333333333209,TRACKING,1,0,1,0,-5.4962255533462985,-4.878175248624592,-5.501452775311301,-4.8954134952833765,-5.49441365704967,-4.8971376627375465,-5.498299018614698,-4.886250396114895,0.01904878256427217,1.5239026051417737,0.6669681381746992,1,9.154999977909029,20.444100024178624
2015,67.16666666666542,TRACKING,1,0,1,0,-5.562172428075073,-4.926815130470072,-5.568723875330503,-4.944687012757328,-5.567080325035633,-4.941997279991457,-5.565775045678981,-4.931158142716864,0.01595572363339219,1.2764578906713753,0.4514198682435112,1,8.09999997727573,20.76600000145845
2016,67.19999999999875,TRACKING,1,0,1,0,-5.627968818605304,-4.9751346017850775,-5.635903959625474,-4.991778266518121,-5.641968422177491,-4.989238488643028,-5.62740641494909,-4.979711540214633,0.01987230546967941,1.5897844375743528,0.36890899266211313,1,7.895999995525926,16.883499978575855
2017,67.23333333333208,TRACKING,1,0,1,0,-5.693613154975279,-5.023131870050124,-5.700313308671798,-5.0392374627475025,-5.7079582349293645,-5.035241643152498,-5.690716147105873,-5.027734078616977,0.01877306377446382,1.5018451019571057,0.4350483433419256,1,6.991299975197762,28.650799999013543
2018,67.26666666666542,TRACKING,1,0,1,0,-5.759103870851503,-5.070805154698654,-5.764126368448686,-5.086472944577817,-5.762928614359168,-5.086361811724448,-5.756936558251711,-5.069220863979795,0.016019932606524963,1.281594608521997,0.21477014298388933,1,9.483899979386479,21.285300026647747
2019,67.29999999999875,TRACKING,1,0,1,0,-5.824439403565936,-5.118152687182928,-5.8288935273140075,-5.1303675715314,-5.822721341529747,-5.1315437251694815,-5.824999993459184,-5.113712717079093,0.01350080129168345,1.080064103334676,0.35801761343363325,1,6.641099986154586,22.349200007738546
2020,67.33333333333208,TRACKING,1,0,1,0,-5.889618194153372,-5.165172711039716,-5.895051441079909,-5.174058688944971,-5.895388591594478,-5.170607294227505,-5.889145834242926,-5.157902704020742,0.007926675283706193,0.6341340226964954,0.5828269091436427,1,7.482000015443191,15.674099995521829
2021,67.36666666666541,TRACKING,1,0,1,0,-5.954638687388616,-5.211863481955538,-5.9600567790265435,-5.217296316924553,-5.971505383683662,-5.205764249486862,-5.945268488789538,-5.206885812804747,0.01793560929035499,1.4348487432283994,0.8488215339809537,1,7.783099979860708,23.652700008824468
2022,67.39999999999874,TRACKING,1,0,1,0,-6.0194993318235674,-5.258223267831212,-6.020545776065146,-5.262744148791512,-6.019373134065216,-5.265556874333623,-6.010883311830162,-5.25070211573961,0.007334692236653003,0.5867753789322402,0.9149549647907865,1,8.559999987483025,22.268000000622123
2023,67.43333333333207,TRACKING,1,0,1,0,-6.084198579824332,-5.3042503488461925,-6.083378934704191,-5.306779771897621,-6.081173374411732,-5.318359559288031,-6.077795311487715,-5.2935328385691385,0.014429888671799061,1.154391093743925,0.9987732377014912,1,6.895700003951788,15.66050000838004
2024,67.4666666666654,TRACKING,1,0,1,0,-6.148734887608017,-5.349943017522419,-6.1477747849917534,-5.34980070829517,-6.148026684056427,-5.3509894446664505,-6.14236147106171,-5.338433166361708,0.001263551359561709,0.10108410876493673,1.0525310058010293,0,7.966400007717311,17.193299980135635
2025,67.49999999999874,TRACKING,1,0,1,0,-6.213106715279644,-5.395299578787636,-6.212000586177156,-5.393282775874395,-6.2226487181534935,-5.390825351458572,-6.206927630635705,-5.383333494154277,0.010538905495196966,0.8431124396157573,1.0773842946386196,0,5.544500018004328,19.63560000876896
2026,67.53333333333207,TRACKING,1,0,1,0,-6.277312526868868,-5.440318350038092,-6.276288797907132,-5.436972636218027,-6.282195066527258,-5.436463493583119,-6.2723708424280655,-5.43283052620139,0.006220861017914002,0.49766888143312016,0.7177197265649762,1,8.528400008799508,18.849899992346764
2027,67.5666666666654,TRACKING,1,0,1,0,-6.341350790366701,-5.48499766120127,-6.341009172605423,-5.482901524278126,-6.3378969308073785,-5.487543326619575,-6.343089704477431,-5.476082061461621,0.0042906361157151,0.34325088925720804,0.7266877888155296,1,8.32819999777712,19.28749997750856
2028,67.59999999999873,TRACKING,1,0,1,0,-6.405219977761939,-5.529335854797667,-6.408381203066225,-5.5273164908803984,-6.404994988575192,-5.532794095822325,-6.410358852354049,-5.51977390726231,0.0034655520655130848,0.2772441652410468,0.8684289179610686,1,11.957799986703321,17.102599987993017
2029,67.63333333333206,TRACKING,1,0,1,0,-6.468918565077706,-5.573331286002249,-6.475713282449405,-5.571287115877013,-6.48900399278858,-5.5693941892117795,-6.466999236842342,-5.569616431828273,0.02046766077172132,1.6374128617377057,0.3345106267631113,1,8.531600004062057,23.16209999844432
2030,67.66666666666539,TRACKING,1,0,1,0,-6.532445032407804,-5.616982322705521,-6.538028474861105,-5.6179256895012175,-6.54560658671185,-5.610597574624146,-6.52866713892579,-5.619160960083078,0.014628448986853924,1.1702759189483138,0.3488856774069125,1,7.06430000718683,15.706800011685118
2031,67.69999999999872,TRACKING,1,0,1,0,-6.595797863952948,-5.660287345574158,-6.600137528947873,-5.665837800839741,-6.6005313865362965,-5.667495683740169,-6.591791204245177,-5.662553798010737,0.008623594097743567,0.6898875278194854,0.36826189516619756,1,8.415700023761019,18.9968999766279
2032,67.73333333333206,TRACKING,1,0,1,0,-6.6589755480570325,-5.703244748110913,-6.662483554773831,-5.711527132166188,-6.653474620985556,-5.7100882368346815,-6.660262217386022,-5.7079099851091915,0.008780292509822155,0.7024234007857724,0.38715333778555966,1,8.612099976744503,19.488500023726374
2033,67.76666666666539,TRACKING,1,0,1,0,-6.7219765772430575,-5.745852936714309,-6.727639309678474,-5.75715423296824,-6.725266677825061,-5.75685510288023,-6.72325407958856,-5.7508642063858,0.011483571839033715,0.9186857471226972,0.4137232772811811,1,7.791599986376241,15.802100009750575
2034,67.79999999999872,TRACKING,1,0,1,0,-6.784799448249194,-5.788110330737812,-6.791530910138275,-5.801373302041276,-6.801616374973568,-5.800233603375854,-6.777360192303366,-5.7923884897266005,0.02073120266432365,1.6584962131458918,0.6865341284376759,1,12.099599989596754,18.088300013914704
2035,67.83333333333205,TRACKING,1,0,1,0,-6.847442662064629,-5.830015362548325,-6.850511798415592,-5.844129516505821,-6.841325382977511,-5.8432764809162885,-6.843833603556799,-5.832432375195222,0.014604052992194397,1.1683242393755517,0.3474916143858318,1,7.254800002556294,14.479400007985532
2036,67.86666666666538,TRACKING,1,0,1,0,-6.909904723965312,-5.871566477584425,-6.9130783435967365,-5.885285559972026,-6.903095825982418,-5.8841686438632985,-6.9069261512758215,-5.873034685212479,0.014323954993710097,1.1459163994968078,0.2656617868572451,1,7.439000008162111,18.586099991807714
2037,67.89999999999871,TRACKING,1,0,1,0,-6.972184143549708,-5.9127621344141,-6.975468859924404,-5.925795973201385,-6.974183203828456,-5.92964665684447,-6.966271657059519,-5.90930731991692,0.017002450990952607,1.3601960792762087,0.5478291103274879,1,8.341999986441806,17.028900008881465
2038,67.93333333333204,TRACKING,1,0,1,0,-7.034279434774226,-5.9536008047917885,-7.036161030817239,-5.963702798502542,-7.038499302493953,-5.964749891571614,-7.02596306713559,-5.947798229332492,0.011920965547977972,0.9536772438382377,0.8112483325316383,1,9.724500006996095,17.739700007950887
2039,67.96666666666538,TRACKING,1,0,1,0,-7.09618911598877,-5.994080973715139,-7.096162103852393,-6.0013553201689165,-7.097544401686758,-6.003199918623099,-7.086949793875951,-5.985531539594892,0.009219108175825786,0.7375286540660629,1.0070404857985833,1,9.02739999582991,16.985599999316037
2040,67.9999999999987,TRACKING,1,0,1,0,-7.157911709972062,-6.0342011394812936,-7.1563480783143145,-6.038353726354288,-7.152754438668426,-6.044753709654109,-7.1487654867149075,-6.0225543298388065,0.01174538992760561,0.9396311942084489,1.1847067477631223,1,8.55619998765178,18.361199996434152
2041,68.03333333333204,TRACKING,1,0,1,0,-7.219445743966881,-6.07395981374245,-7.2170179320117445,-6.0746889299255376,-7.211661207612608,-6.072897016253535,-7.213764006885471,-6.064567708763209,0.007856751539500417,0.6285401231600334,0.8781572422416212,1,6.334500008961186,12.290899991057813
2042,68.06666666666537,TRACKING,1,0,1,0,-7.280789749715279,-6.113355521561143,-7.279583381552019,-6.113205073594392,-7.28372108496033,-6.108761707993005,-7.274824984577178,-6.1096513838431985,0.005449389820676289,0.4359511856541031,0.5617063112265206,1,6.297599989920855,15.981900010956451
2043,68.0999999999987,TRACKING,1,0,1,0,-7.34194226349349,-6.152386801465017,-7.341222344382468,-6.154419491944869,-7.342594890614533,-6.159667133286421,-7.334702808857685,-6.148348534279469,0.00730952485383745,0.584761988306996,0.6631672140786126,1,8.311099983984604,12.864299991633743
2044,68.13333333333203,TRACKING,1,0,1,0,-7.402901826146946,-6.1910522055010055,-7.401940823795531,-6.194047126738849,-7.398447960234613,-6.200704854012841,-7.3962854908950675,-6.185142813747175,0.01063064178956683,0.8504513431653464,0.7096897488474426,1,6.4301999809686095,18.327000027056783
2045,68.16666666666536,TRACKING,1,0,1,0,-7.463666983125041,-6.229350299288894,-7.462982500621086,-6.232131232729066,-7.457732060951881,-6.237756984505789,-7.4595144462337934,-6.225637481337668,0.010290561575415663,0.823244926033253,0.4456264248690233,1,7.032000023173168,14.805799990426749
2046,68.1999999999987,TRACKING,1,0,1,0,-7.5242362845159345,-6.2672796620748095,-7.524959772369374,-6.271182559031624,-7.53589480741209,-6.272997203652812,-7.5155536432454495,-6.2688216434829656,0.012985046700584844,1.0388037360467874,0.7054801081591057,1,7.415700005367398,15.812300000106916
2047,68.23333333333203,TRACKING,1,0,1,0,-7.584608285081011,-6.304838886783756,-7.583843667177163,-6.311995113917928,-7.589460330703681,-6.304749390057545,-7.576349821438671,-6.313358485273019,0.004852870942903752,0.3882296754323002,0.9492254700336547,1,5.7302000059280545,12.032300001010299
2048,68.26666666666536,TRACKING,1,0,1,0,-7.644781544289453,-6.342026580071801,-7.643585051431813,-6.354500634966838,-7.643702385916165,-6.355865233231189,-7.637668313532153,-6.346775373810485,0.013880666556778465,1.1104533245422772,0.6842179478694073,1,5.432000005384907,13.59069999307394
2049,68.29999999999869,TRACKING,1,0,1,0,-7.704754626352594,-6.378841362377804,-7.7038259170549,-6.392449263715353,-7.696381034125329,-6.401118644559991,-7.702994294833366,-6.379763207994196,0.02379904090952606,1.9039232727620845,0.15896799975942502,1,6.515100016258657,15.834699996048585
2050,68.33333333333202,TRACKING,1,0,1,0,-7.764526100258157,-6.4152818679746595,-7.766417576599944,-6.427935576297136,-7.772298286515069,-6.426442604271885,-7.762242744764528,-6.415914524715901,0.013600327713269363,1.0880262170615491,0.18955048910558397,1,9.622799989301711,16.19560000835918
2051,68.36666666666535,TRACKING,1,0,1,0,-7.824094539804479,-6.4513467450198405,-7.8272406740730895,-6.463400570493943,-7.836576936327814,-6.453669800508677,-7.821621969762755,-6.452113153406178,0.01269672437166325,1.0157379497330599,0.2070900778058495,1,6.3541999843437225,19.50530000613071
2052,68.39999999999868,TRACKING,1,0,1,0,-7.88345852363442,-6.487034655605598,-7.887389746420775,-6.498707969742806,-7.889410721969312,-6.490883046707857,-7.886306527846614,-6.487548745307106,0.007087931933493284,0.5670345546794627,0.23152249084864018,1,7.6110000081826,15.658199990866706
2053,68.43333333333202,TRACKING,1,0,1,0,-7.942616635269358,-6.5223442758086705,-7.949733747838405,-6.533584375022034,-7.937663530307872,-6.543020278076007,-7.953971217076331,-6.515044529522549,0.02126100464508677,1.7008803716069414,1.0798898428354329,1,7.07030002376996,13.496100000338629
2054,68.46666666666535,TRACKING,1,0,1,0,-8.001567463142973,-6.557274295739262,-8.014672359945221,-6.564279356936268,-8.012819129943539,-6.567000717980735,-8.015100280073824,-6.548942516254208,0.014872904740177066,1.1898323792141654,1.271360049009599,1,6.589800002984703,19.22960000229068
2055,68.49999999999868,TRACKING,1,0,1,0,-8.060309600634897,-6.591823419589707,-8.077842604888081,-6.596025478021198,-8.083343738389882,-6.585045966282392,-8.071185971858432,-6.592583053770978,0.02401052634676023,1.9208421077408184,0.8722293095978796,1,8.255299995653331,16.87079999828711
2056,68.53333333333201,TRACKING,1,0,1,0,-8.118841646104372,-6.625990365682593,-8.137739987851521,-6.632967848961797,-8.140977388159234,-6.627685583552966,-8.12752286354785,-6.633547724838785,0.022200559451226422,1.7760447560981139,0.9207899694209806,1,7.932700013043359,27.684100001351908
2057,68.56666666666534,TRACKING,1,0,1,0,-8.177162202923562,-6.659773866518195,-8.195911500524186,-6.671409349849129,-8.18981919441783,-6.6724438694396015,-8.187823937873683,-6.6691671613127745,0.01790889186170961,1.4327113489367689,1.1367506794213063,1,7.572800008347258,13.26330000301823
2058,68.59999999999867,TRACKING,1,0,1,0,-8.235269879510964,-6.69317266882155,-8.254919871891094,-6.708382711640717,-8.254405712796087,-6.71320694673407,-8.24313092015369,-6.6995368435816705,0.027704736183406017,2.216378894672481,0.8091424808581748,1,7.033500005491078,14.29590000770986
2059,68.633333333332,TRACKING,1,0,1,0,-8.293163289364568,-6.726185533589009,-8.311730594822553,-6.742094155897203,-8.3196921395498,-6.73904822188646,-8.297369867652058,-6.7357144651849605,0.029482683771798007,2.3586147017438406,0.8332906844519277,1,8.850900019751862,14.360799978021532
2060,68.66666666666534,TRACKING,1,0,1,0,-8.350841051095028,-6.75881123613409,-8.366939857293024,-6.776920768692329,-8.371711660985635,-6.771137584783315,-8.352193893731021,-6.772468933733343,0.024238837188037335,1.9391069750429868,1.0979628756140307,1,8.577300002798438,21.959899982903153
2061,68.69999999999867,TRACKING,1,0,1,0,-8.408301788458497,-6.791048566132963,-8.42148083252501,-6.812385679449837,-8.413504570024584,-6.816570808206849,-8.408780959621058,-6.808357457301645,0.026047145265891348,2.0837716212713078,1.3852417977923335,0,6.3381000072695315,16.193199990084395
2062,68.733333333332,TRACKING,1,0,1,0,-8.465544130389544,-6.822896327669387,-8.476477333734202,-6.8478437422941605,-8.467529537946348,-6.852054834729528,-8.465368025511095,-6.844245980869948,0.02922602226001546,2.338081780801237,1.7080303598471582,0,6.991899979766458,20.839300006628036
2063,68.76666666666533,TRACKING,1,0,1,0,-8.522566711033853,-6.85435333927906,-8.531709980920107,-6.883371892231793,-8.53701276221257,-6.873120537594606,-8.52410383495535,-6.878982308718454,0.02368324570816118,1.8946596566528946,1.9741511765360371,1,5.78420000965707,13.5152000002563
2064,68.79999999999866,TRACKING,1,0,1,0,-8.579368169780789,-6.8854184339933155,-8.588110598252927,-6.918440321278441,-8.595737298753605,-6.905450894640156,-8.580892312667908,-6.9132143819297305,0.02586982533562753,2.069586026850202,2.22701627579036,1,9.216000005835667,17.513200000394136
2065,68.83333333333199,TRACKING,1,0,1,0,-8.635947151295955,-6.916090459382637,-8.64434714257911,-6.953034720074065,-8.640381808205087,-6.954251125081411,-8.641546604772579,-6.941677174114642,0.038417477643323775,3.0733982114659018,2.095379831937093,1,8.77559999935329,18.39270000346005
2066,68.86666666666532,TRACKING,1,0,1,0,-8.692302305553394,-6.9463682775992766,-8.702456909319007,-6.984579113415516,-8.692927746710494,-6.991052976399641,-8.704572142877522,-6.965512561816653,0.044689075661958844,3.575126052956708,1.8191031217058784,1,7.29679997311905,16.03090000571683
2067,68.89999999999866,TRACKING,1,0,1,0,-8.748432287867896,-6.976250765419454,-8.762808979940976,-7.012079969974889,-8.76197502567982,-7.012712397699035,-8.760233296994246,-6.990348898379286,0.038895454437940416,3.1116363550352335,1.4708281625876363,1,9.230600000591949,19.5806999981869
2068,68.93333333333199,TRACKING,1,0,1,0,-8.804335758927058,-7.005736814285065,-8.820847521061236,-7.037657508152287,-8.827724515663327,-7.037963741693675,-8.818528107453405,-7.019498094636407,0.039819703563288664,3.1855762850630933,1.5814840495717222,0,8.032200013985857,16.99859998188913
2069,68.96666666666532,TRACKING,1,0,1,0,-8.860011384823215,-7.034825330344841,-8.87917484446707,-7.0641320430170635,-8.877176136230222,-7.06628181391857,-8.86958211331032,-7.04192656878608,0.03583488593101185,2.866790874480948,0.9533987410882155,1,8.58300001709722,22.07129998714663
2070,68.99999999999865,TRACKING,1,0,1,0,-8.915457837085366,-7.063515234494844,-8.9340161768215,-7.087782942582369,-8.922911318683015,-7.090083798514423,-8.92598496094904,-7.069319695510561,0.02759425632244853,2.207540505795883,0.9617055001164359,0,6.497700000181794,13.005099986912683
2071,69.03333333333198,TRACKING,1,0,1,0,-8.97067379271073,-7.091805462418538,-8.989555041578376,-7.1124367037084335,-8.981144268801334,-7.10752139802601,-8.977426691939415,-7.098806163188915,0.018884424841177642,1.5107539872942113,0.7781473763513391,1,7.599400007165968,16.542799974558875
2072,69.06666666666531,TRACKING,1,0,1,0,-9.025657934196413,-7.11969496462633,-9.042932354168618,-7.138444576411548,-9.048991070566705,-7.132572563960133,-9.024944535174102,-7.1242215365290456,0.026650850220520536,2.132068017641643,0.3665955055304607,1,9.308100008638576,16.8783999979496
2073,69.09999999999864,TRACKING,1,0,1,0,-9.080408949570794,-7.147182706494391,-9.09332647528139,-7.163459662572307,-9.095809612077879,-7.161637405438059,-9.0751706380777,-7.14841937443985,0.02112152284304376,1.6897218274435009,0.43058475518575606,1,7.737300009466708,20.194899989292026
2074,69.13333333333198,TRACKING,1,0,1,0,-9.134925532424916,-7.174267668303102,-9.14315152239392,-7.187502620427241,-9.137407233420165,-7.195957113739037,-9.131854583368593,-7.167771288813255,0.021830961571772462,1.746476925741797,0.5748526048726288,1,9.175399987725541,16.033199994126335
2075,69.16666666666531,TRACKING,1,0,1,0,-9.189206381943526,-7.200948845274922,-9.195632794209963,-7.208578599288041,-9.193822083438775,-7.217608253106671,-9.185349050003543,-7.187956807513403,0.017287005801982246,1.3829604641585798,1.0842053086517367,1,6.586300005437806,21.89679999719374
2076,69.19999999999864,TRACKING,1,0,1,0,-9.243250202936217,-7.227225247611569,-9.24793828894737,-7.228457178778699,-9.248597937490574,-7.233006716706348,-9.239372446389035,-7.215163084628087,0.007875509491947184,0.6300407593557747,1.0136122230653493,1,7.279500016011298,13.586599990958348
2077,69.23333333333197,TRACKING,1,0,1,0,-9.297055705868285,-7.253095900530788,-9.300679274747703,-7.251098004183454,-9.304285176419523,-7.243344746594051,-9.288854687777476,-7.246314934814259,0.012138791025021791,0.9711032820017433,0.8513074886061234,1,7.596699986606836,14.274300017859787
2078,69.2666666666653,TRACKING,1,0,1,0,-9.350621606891497,-7.27855984430254,-9.351399370682158,-7.277158891219045,-9.353894425896215,-7.278516913497922,-9.341596405160468,-7.271735004949763,0.003273100562406235,0.2618480449924988,0.9052122791106979,1,9.348399995360523,16.643300012219697
2079,69.29999999999863,TRACKING,1,0,1,0,-9.403946627874802,-7.303616134284592,-9.402782197951442,-7.302388945860291,-9.393546446490584,-7.309453116150344,-9.39636789892524,-7.296424866709453,0.011926195123582374,0.9540956098865899,0.8358046157448666,1,7.510700001148507,22.34999998472631
2080,69.33333333333196,TRACKING,1,0,1,0,-9.457029496434702,-7.3282638409574545,-9.455423371491442,-7.327134327613575,-9.453777202837358,-7.324308209889017,-9.4497531064725,-7.326081330659412,0.005120979475931637,0.40967835807453096,0.6077325837338511,1,8.830800012219697,16.782599996076897
2081,69.3666666666653,TRACKING,1,0,1,0,-9.509868945965696,-7.35250204995905,-9.50810511293806,-7.3541071593776,-9.518364818285066,-7.341851895712338,-9.499897217637656,-7.360146177471351,0.013623715790700815,1.0898972632560653,1.0051644284117542,1,8.44370000413619,22.363700001733378
2082,69.39999999999863,TRACKING,1,0,1,0,-9.562463715670482,-7.376329862118526,-9.55930659087801,-7.384445107551934,-9.55820873635878,-7.377636781761858,-9.554321382325364,-7.387176395287212,0.004451167026425097,0.3560933621140078,1.0850102276603348,1,7.742999994661659,14.970699994591996
2083,69.43333333333196,TRACKING,1,0,1,0,-9.614812550590027,-7.399746393489549,-9.611918053217076,-7.4131832815046605,-9.601570401383233,-7.418059889044708,-9.61204221544908,-7.4063837917714315,0.022599527319477827,1.8079621855582262,0.5753875229540986,1,7.79770000372082,16.861100011738017
2084,69.46666666666529,TRACKING,1,0,1,0,-9.666914201633576,-7.422750775383248,-9.666836982140286,-7.437404868520215,-9.66405802801405,-7.4356061685048855,-9.665304588078184,-7.428860605754559,0.01316885948200216,1.0535087585601728,0.5054637978816143,1,9.003499988466501,16.005400015274063
2085,69.49999999999862,TRACKING,1,0,1,0,-9.718767425608352,-7.445342154400359,-9.720839717065633,-7.4607872076019355,-9.729978957695261,-7.461160817705641,-9.709908046157565,-7.44874695582795,0.01938887723674765,1.551110178939812,0.7592892550878022,1,7.85689998883754,19.74370001698844
2086,69.53333333333195,TRACKING,1,0,1,0,-9.770370985249293,-7.467519692462851,-9.770193820174763,-7.482086002236454,-9.774567859454113,-7.481518532436993,-9.760247701284678,-7.469836317012086,0.014614420060772331,1.1691536048617865,0.8307976987175026,1,7.7575000177603215,16.330599988577887
2087,69.56666666666528,TRACKING,1,0,1,0,-9.821723649248538,-7.489282566845059,-9.819944079801823,-7.502846338683597,-9.815287665776939,-7.510456937090451,-9.818688575347496,-7.484112176251084,0.022130879750602656,1.7704703800482124,0.47963060772429256,1,8.148399996571243,24.503799999365583
2088,69.59999999999862,TRACKING,1,0,1,0,-9.872824192284877,-7.51062997020424,-9.873640699714326,-7.519782822700454,-9.876443300811724,-7.52761358238366,-9.870166902175828,-7.50017698609323,0.017364936774720216,1.3891949419776173,0.8628365038126169,1,7.238999998662621,13.602899998659268
2089,69.63333333333195,TRACKING,1,0,1,0,-9.923671395052878,-7.531561110610443,-9.925940439998083,-7.535627106830533,-9.93319606245027,-7.532837233414342,-9.923811846699152,-7.522391131723574,0.009609775150416425,0.7687820120333141,0.7336843548036511,1,7.865699997637421,16.314999986207113
2090,69.66666666666528,TRACKING,1,0,1,0,-9.97426404429206,-7.552075211575929,-9.978917709060614,-7.553775684742342,-9.985618027213198,-7.543942290062976,-9.974575667069507,-7.54830734088427,0.013966293012440506,1.1173034409952405,0.30245881231784155,1,8.674200013047084,16.20600000023842
2091,69.69999999999861,TRACKING,1,0,1,0,-10.024600932815819,-7.572171512084008,-10.030719925576683,-7.574977682368193,-10.027152779301872,-7.576184932204873,-10.02857346288666,-7.569439790959548,0.004755992173557971,0.3804793738846376,0.38569040820275263,1,7.327100000111386,17.84290000796318
2092,69.73333333333194,TRACKING,1,0,1,0,-10.074680859540218,-7.591849266617206,-10.083584326160864,-7.595614905656162,-10.075514606172906,-7.605866961058116,-10.082407293775832,-7.5902665657726605,0.01404246740734119,1.123397392587295,0.6309496485044206,1,8.8703999936115,15.410000021802261
2093,69.76666666666527,TRACKING,1,0,1,0,-10.124502629512717,-7.6111077451849525,-10.13684220055424,-7.616093334953206,-10.14616516485689,-7.611931991853761,-10.129784672663778,-7.616991837915016,0.02167821072202705,1.734256857762164,0.6325695009057847,1,8.523399999830872,21.600999985821545
2094,69.7999999999986,TRACKING,1,0,1,0,-10.17406505394057,-7.629946233350692,-10.187138778450516,-7.639458431081165,-10.199324612543343,-7.632804974711313,-10.17384415086376,-7.640293876757029,0.02542081239799095,2.033664991839276,0.8280000859287402,1,7.816299999831244,14.885299984598532
2095,69.83333333333194,TRACKING,1,0,1,0,-10.22336695021928,-7.648364032258328,-10.234254939842215,-7.66262146589013,-10.235427339860397,-7.662339703211491,-10.224827070129558,-7.657240742261879,0.018460021042421646,1.4768016833937316,0.7196796204513634,1,6.003299989970401,15.068500011693686
2096,69.86666666666527,TRACKING,1,0,1,0,-10.272407141960779,-7.666360458658179,-10.282982438295257,-7.682710263565092,-10.282219614727358,-7.690752874672819,-10.274009047868873,-7.668188134785202,0.02629210111090685,2.103368088872548,0.19442637785943648,2,9.25999999162741,16.411199991125613
2097,69.8999999999986,TRACKING,1,0,1,0,-10.321184459021493,-7.6839348449323435,-10.331429045426452,-7.698173054429327,-10.331369290605936,-7.703587524894153,-10.320536714463788,-7.680291199954895,0.022135009014788435,1.7708007211830747,0.29606185011890385,2,7.203999994089827,20.61340000363998
2098,69.93333333333193,TRACKING,1,0,1,0,-10.36969773753033,-7.7010865391194585,-10.378543418840058,-7.711579440008922,-10.38471412811914,-7.71237132477924,-10.362495493282017,-7.695106940051139,0.018783992485702342,1.5027193988561873,0.7488783174009968,2,11.73430000199005,17.38219999242574
2099,69.96666666666526,TRACKING,1,0,1,0,-10.417945819916348,-7.717814904938811,-10.422688318852359,-7.724956784466388,-10.424247363632029,-7.727446546198977,-10.410223818845715,-7.707064855430079,0.011509907322180324,0.920792585774426,1.0588835327080464,2,8.870599995134398,17.995200003497303
2100,69.9999999999986,TRACKING,1,0,1,0,-10.465927554936439,-7.734119321814072,-10.468123596578566,-7.736777345364119,-10.453779293965859,-7.742168340041712,-10.469765165933648,-7.7219090581936785,0.014572815069100195,1.1658252055280156,1.0239306096658143,2,3.435199992964044,13.514100020984188
2101,70.03333333333192,TRACKING,1,0,1,0,-10.513641797702784,-7.749999184896236,-10.520000017540644,-7.749305512879842,-10.512233245920932,-7.753910545064243,-10.51970979660256,-7.739120602158803,0.004157253478683917,0.3325802782947133,0.99651929602312,2,9.082400007173419,17.995200003497303
2102,70.06666666666526,TRACKING,1,0,1,0,-10.56108740971016,-7.7654539050860585,-10.570555562714363,-7.7633606497285905,-10.57172229701374,-7.754331092257764,-10.567111066272206,-7.765527346716053,0.015388885377866564,1.2311108302293252,0.4819283402366014,2,9.181900008115917,15.120599971851334
2103,70.09999999999859,TRACKING,1,0,1,0,-10.608263258863165,-7.780482909055928,-10.619655071061885,-7.782964116273573,-10.618539232187757,-7.782339177822079,-10.61178055533885,-7.782797703416269,0.010442287177621756,0.8353829742097405,0.33685270303591663,2,9.440300025744364,22.071899991715327
2104,70.13333333333192,TRACKING,1,0,1,0,-10.655168219503137,-7.795085639271161,-10.666548081935,-7.801051944266585,-10.654648553782318,-7.803504874860051,-10.661036260625133,-7.794703238573743,0.008435258168108221,0.6748206534486576,0.4704390249310306,2,8.625699992990121,14.62199998786673
2105,70.16666666666525,TRACKING,1,0,1,0,-10.701801172435074,-7.809261554010627,-10.714481796969821,-7.816100270200358,-10.711634929642827,-7.828069225600874,-10.705452232360717,-7.807003344228213,0.021223366638392333,1.6978693310713866,0.3434390775857593,1,7.782000000588596,18.07869999902323
2106,70.19999999999858,TRACKING,1,0,1,0,-10.748161004954312,-7.82301012738688,-10.760369079415355,-7.829674848118885,-10.766101129870636,-7.827184164642065,-10.747937714029085,-7.824505851592508,0.01841930153455821,1.4735441227646568,0.12098395891266268,1,8.070899988524616,12.411000003339723
2107,70.23333333333191,TRACKING,1,0,1,0,-10.794246610873133,-7.836330849365686,-10.80430735747917,-7.844876873623821,-10.804446841475231,-7.833001208396,-10.793466807269006,-7.8441490272426595,0.010729921403393107,0.8583937122714486,0.6285577089280567,1,5.506599991349503,16.638100001728162
2108,70.26666666666524,TRACKING,1,0,1,0,-10.840056890547068,-7.849223225784899,-10.848637605554304,-7.861914436189647,-10.84152984107295,-7.863774684987077,-10.84472260118653,-7.854599474119162,0.01462581786309265,1.1700654290474122,0.5694792114786601,1,10.087700007716194,17.816899984609336
2109,70.29999999999858,TRACKING,1,0,1,0,-10.8855907509012,-7.861686778372809,-10.89593946290785,-7.875436524112982,-10.886883864237992,-7.8878204576054,-10.891303935462746,-7.860926291235904,0.026165651765889295,2.093252141271144,0.46108615087207505,2,9.156500018434599,16.840600001160055
2110,70.33333333333191,TRACKING,1,0,1,0,-10.930847105456225,-7.873721044765919,-10.942509930236044,-7.88521264783024,-10.946023992283887,-7.882039005581144,-10.933649422002347,-7.8804104450705195,0.017306830036239902,1.384546402899192,0.5802126752692542,2,8.71769999503158,19.125299993902445
2111,70.36666666666524,TRACKING,1,0,1,0,-10.97582487435437,-7.885325578526043,-10.986824114993983,-7.899416881779157,-10.991960073041714,-7.888686015298215,-10.975879925558647,-7.899805501197814,0.016481418991696015,1.3185135193356812,1.1584021856762552,2,10.740900004748255,20.377300010295585
2112,70.39999999999857,TRACKING,1,0,1,0,-11.02052298438521,-7.896499949156899,-11.029879170919596,-7.915640586098614,-11.026032170803937,-7.91648424043345,-11.02273830044095,-7.912351597431486,0.02072976200592525,1.6583809604740198,1.280455864443351,2,9.335100010503083,18.095700012054294
2113,70.4333333333319,TRACKING,1,0,1,0,-11.064940369011191,-7.907243742120089,-11.074457292641556,-7.929834959779817,-11.066836460811379,-7.9374252216417105,-11.068099684208482,-7.9273255617355245,0.03024097998129003,2.4192783985032023,1.626305263512779,1,7.626700011314824,42.734599992400035
2114,70.46666666666523,TRACKING,1,0,1,0,-11.109075968393139,-7.917556558850441,-11.119011423187537,-7.944380731056899,-11.119038235588734,-7.946008211683645,-11.113461067976013,-7.942299526039563,0.030145369737616338,2.411629579009307,2.010283201818033,1,8.771900000283495,15.981100004864857
2115,70.49999999999856,TRACKING,1,0,1,0,-11.152928729415526,-7.927438016770825,-11.163698211965237,-7.95897914173367,-11.170624303344022,-7.9513179692729645,-11.14509729840517,-7.9498490598835785,0.02972180122676428,2.377744098141142,1.8991975822590346,2,8.435099996859208,19.68900000792928
2116,70.5333333333319,TRACKING,1,0,1,0,-11.196497605711595,-7.936887749306335,-11.202359514347133,-7.970321396668762,-11.204854015064473,-7.963451143899419,-11.18919158513923,-7.954756624525433,0.027846786342067234,2.2277429073653785,1.5443826224342565,2,8.109699992928654,18.092400016030297
2117,70.56666666666523,TRACKING,1,0,1,0,-11.239781557688383,-7.945905405897905,-11.24328813667282,-7.978633742499413,-11.240957311510565,-7.980329772526691,-11.238300553211944,-7.957387132893595,0.034444439534465056,2.755555162757205,0.9261479071950331,1,8.479000010993332,13.21139998617582
2118,70.59999999999856,TRACKING,1,0,1,0,-11.282779552551428,-7.954490652015261,-11.2873734464628,-7.983797463998715,-11.283795646266084,-7.99046449466992,-11.28670066024013,-7.959695352174086,0.03598818975412822,2.879055180330258,0.521315193714825,1,6.021099979989231,15.537400002358481
2119,70.63333333333189,TRACKING,1,0,1,0,-11.325490564329488,-7.962643169169398,-11.33310730245029,-7.986754462674957,-11.344267720364341,-7.97805232120636,-11.32639288950244,-7.968297993145523,0.024290400475401874,1.9432320380321497,0.4581089820988509,1,11.571599985472858,18.98689998779446
2120,70.66666666666522,TRACKING,1,0,1,0,-11.36791357389898,-7.970362654924367,-11.375674101926814,-7.991465349586284,-11.38639582619362,-7.985646395770505,-11.366412571949207,-7.975548228849602,0.023983043679538994,1.9186434943631194,0.43187541749761393,1,10.87629998801276,17.19990000128746
2121,70.69999999999855,TRACKING,1,0,1,0,-11.410047569008356,-7.977648822908474,-11.41689498773761,-7.996333289509256,-11.413168081769744,-7.992291485931591,-11.412216592319034,-7.985481585895003,0.01497147889497006,1.1977183115976047,0.6502028637298926,1,10.05870001972653,16.17489999625832
2122,70.73333333333188,TRACKING,1,0,1,0,-11.451891544302178,-7.984501402824927,-11.460125653471003,-8.002867040866644,-11.446009137843031,-8.006843767053976,-11.463154433430708,-7.989477251690089,0.023103764738546237,1.8483011790836987,0.9850457644612612,2,10.91050001559779,20.548100001178682
2123,70.76666666666522,TRACKING,1,0,1,0,-11.493444501345152,-7.990920140461871,-11.506906679882999,-8.007380891878443,-11.511245519928359,-8.006888682854706,-11.506306338944258,-7.996140349468229,0.02391381627326445,1.9131053018611561,1.110466420191684,2,14.167699991958216,16.624000010779127
2124,70.79999999999855,TRACKING,1,0,1,0,-11.534705448645955,-7.996904797701793,-11.551782573809447,-8.012386300249812,-11.566961079925399,-8.002862557754039,-11.540186309352203,-8.006042454397631,0.03280122945981717,2.6240983567853737,0.8524284517909074,2,9.07780000125058,17.049899994162843
2125,70.83333333333188,TRACKING,1,0,1,0,-11.575673401680856,-8.00245515253037,-11.591278475533048,-8.019200089252372,-11.590412225044751,-8.019809389474174,-11.579707994077614,-8.009620882594996,0.022768453044812148,1.8214762435849718,0.657878399302808,2,14.163200015900657,16.24879997689277
2126,70.86666666666521,TRACKING,1,0,1,0,-11.616347382917285,-8.007570999044717,-11.630670979213274,-8.023869069020183,-11.626797686192702,-8.035240933579496,-11.62072186410387,-8.010489192528807,0.029577594826273527,2.3662075861018823,0.42068088703819706,1,10.65869999001734,17.20709999790415
2127,70.89999999999854,TRACKING,1,0,1,0,-11.656726421837053,-8.012252147460993,-11.670368139618901,-8.02624235505297,-11.671491894968037,-8.024524032601155,-11.657956954961849,-8.014002282937014,0.01919943649368752,1.5359549194950017,0.17115487172772892,1,10.191800014581531,18.077299988362938
2128,70.93333333333187,TRACKING,1,0,1,0,-11.696809554959591,-8.016498424121469,-11.70833615713958,-8.028639028748266,-11.722965539987008,-8.013480592863242,-11.694175335041693,-8.021757765974531,0.02632950546929428,2.1063604375435423,0.47057269825245673,1,11.535199999343604,16.5184999932535
2129,70.9666666666652,TRACKING,1,0,1,0,-11.736595825864901,-8.02030967150097,-11.744958405136211,-8.033057198891974,-11.738897570883116,-8.024713995043822,-11.739025525187316,-8.025528891086509,0.004969516676599471,0.3975613341279577,0.46056446674519147,1,14.208100008545443,17.802099988330156
2130,70.99999999999854,TRACKING,1,0,1,0,-11.776084285216378,-8.023685748212698,-11.78514070359081,-8.036582880332379,-11.7763370633029,-8.04675330818126,-11.781907027710053,-8.022026729300606,0.02306894491874927,1.8455155934999414,0.48435804210246586,1,9.269200003473088,17.40449998760596
2131,71.03333333333187,TRACKING,1,0,1,0,-11.815273990783508,-8.026626529013493,-11.82614164078757,-8.036189034660444,-11.821561840232295,-8.041094167102234,-11.821728137530581,-8.02246860788844,0.015774967592911113,1.2619974074328892,0.614201625865188,1,9.24660000600852,13.75079998979345
2132,71.0666666666652,TRACKING,1,0,1,0,-11.85416400746428,-8.02913190480848,-11.866337276208649,-8.035717540103247,-11.873245495931782,-8.031106152504881,-11.85307411859711,-8.030190123139665,0.01918334840694185,1.5346678725553482,0.12152849948517865,1,8.767599996645004,21.543399983784184
2133,71.09999999999853,TRACKING,1,0,1,0,-11.892753407307541,-8.03120178265511,-11.901951132697436,-8.038625925805215,-11.904450020585273,-8.0228165036981,-11.889155727332943,-8.04112716763711,0.014391791596450494,1.1513433277160394,0.8445839429799495,1,11.70170001569204,16.39269999577664
2134,71.13333333333186,TRACKING,1,0,1,0,-11.931041269535116,-8.032836085766606,-11.937514804292196,-8.044962583869241,-11.937593105191752,-8.046376385132545,-11.930284576345182,-8.042574703942122,0.015042149360739917,1.2033719488591934,0.7814377254356557,1,11.02619999437593,18.948599987197667
2135,71.1666666666652,TRACKING,1,0,1,0,-11.969026680563832,-8.034034753514822,-11.97527972078894,-8.048623708222735,-11.975103755220715,-8.058322547478173,-11.969402698340199,-8.037374502778034,0.02503652875283488,2.0029223002267904,0.2688680212656658,1,12.850200000684708,14.735500008100644
2136,71.19999999999852,TRACKING,1,0,1,0,-12.00670873402724,-8.03479774143248,-12.013212425236322,-8.047836974701713,-12.023180069967099,-8.054099665638006,-12.0051197319797,-8.032033186656639,0.025374577546819727,2.029966203745578,0.2550945313810771,1,11.403000011341646,15.839400002732873
2137,71.23333333333186,TRACKING,1,0,1,0,-12.044086530797285,-8.035125021214826,-12.049732684842708,-8.044481592759151,-12.065338905847938,-8.045042021274444,-12.042987334421166,-8.031732147293411,0.02345229915117174,1.8761839320937392,0.2853189218529063,0,9.226900001522154,19.919700018363073
2138,71.26666666666519,TRACKING,1,0,1,0,-12.08115917900576,-8.035016580720685,-12.086651904853522,-8.04200863114687,-12.075575943088689,-8.049300600574306,-12.093937758780985,-8.03109442898108,0.015336418958946127,1.2269135167156902,1.069356068939455,1,9.817699989071116,16.09610000741668
2139,71.29999999999852,TRACKING,1,0,1,0,-12.117925794065561,-8.034472423972895,-12.129937229103145,-8.039687302551975,-12.12001307780095,-8.051181616029096,-12.12894905125997,-8.032422353371764,0.016839057353754138,1.347124588300331,0.8969815646486697,1,10.757200012449175,20.713199977762997
2140,71.33333333333185,TRACKING,1,0,1,0,-12.154385498691859,-8.03349257115818,-12.169110006722574,-8.038505369628547,-12.167004816833657,-8.037525841193345,-12.157037326877713,-8.036794034569537,0.013248186952956265,1.0598549562365012,0.3387681532500964,1,10.778299998492002,15.872000018134713
2141,71.36666666666518,TRACKING,1,0,1,0,-12.190537422922938,-8.03207705862638,-12.203184942968718,-8.03950265817073,-12.206578275080217,-8.036215679937042,-12.187756291129139,-8.039655947280767,0.016566143917180386,1.325291513374431,0.6458445499163058,1,10.212299996055663,20.491800009040162
2142,71.39999999999851,TRACKING,1,0,1,0,-12.226380704141025,-8.030225938889117,-12.235459887159491,-8.041084415223033,-12.23421020276572,-8.04027674302331,-12.221452063413606,-8.039766888217839,0.012740475362325213,1.019238028986017,0.8591017206853612,1,7.24059998174198,13.90200000605546
2143,71.43333333333184,TRACKING,1,0,1,0,-12.261914487092847,-8.02793928061784,-12.267855540537884,-8.041809478260669,-12.261162225982863,-8.04829836335348,-12.259894408622573,-8.033195034030642,0.02037297588999251,1.6298380711994005,0.45044803269454187,1,7.790799980284646,15.891899995040148
2144,71.46666666666518,TRACKING,1,0,1,0,-12.297137923910025,-8.025217168641285,-12.302595592089789,-8.03878633861494,-12.304878458625266,-8.039916019742094,-12.290177217009214,-8.026629265439878,0.01661240805427058,1.3289926443416462,0.5681997278568526,1,10.813800006872043,18.92740000039339
2145,71.49999999999851,TRACKING,1,0,1,0,-12.332050174129362,-8.022059703942311,-12.334511473404211,-8.033757976204557,-12.335980260920756,-8.024922438174581,-12.324308098045446,-8.0240271819406,0.0048621836115577384,0.38897468892461906,0.6390528579722968,0,7.641700009116903,18.4694999770727
2146,71.53333333333184,TRACKING,1,0,1,0,-12.36665040471282,-8.018467003654175,-12.367124464941421,-8.029427033008686,-12.368763989383773,-8.025466591644133,-12.357303720942365,-8.026490754756965,0.007311735237988729,0.5849388190390984,0.9854658326356014,1,8.01249998039566,21.103400009451434
2147,71.56666666666517,TRACKING,1,0,1,0,-12.400937790067434,-8.014439201056176,-12.399409529970539,-8.027759936994876,-12.39743842931154,-8.03568764822863,-12.391761682902906,-8.022646230393743,0.02153467048599645,1.722773638879716,0.9848655485662081,1,6.484100013040006,14.938399981474504
2148,71.5999999999985,TRACKING,1,0,1,0,-12.43491151206502,-8.009976445568707,-12.432303139397636,-8.024615764540611,-12.431780483013549,-8.03000263090065,-12.426792678897126,-8.018689001905592,0.020269470685503586,1.6215576548402868,0.9527193582380311,1,10.324500006390736,18.926199991256
2149,71.63333333333183,TRACKING,1,0,1,0,-12.4685707600617,-8.00507890274772,-12.46582582369978,-8.020861809035031,-12.465432101564003,-8.021179991320311,-12.463104633883715,-8.01175272465588,0.016404152839681,1.31233222717448,0.6901289584093703,1,7.2361000056844205,16.436200006864965
2150,71.66666666666517,TRACKING,1,0,1,0,-12.501914730917214,-7.999746754278586,-12.500411094492856,-8.015216892225197,-12.506206024395485,-8.01134266196762,-12.497548876538204,-8.003459457112948,0.012364476327335094,0.9891581061868074,0.4584833906348076,1,7.034499984001741,19.639500009361655
2151,71.6999999999985,TRACKING,1,0,1,0,-12.534942629014102,-7.993980197969339,-12.534711839371473,-8.00785330528539,-12.528058082577084,-8.013024976400654,-12.53463722214392,-7.991634404260647,0.020250939858222277,1.6200751886577822,0.1892472918501569,1,7.343399978708476,16.157800011569634
2152,71.73333333333183,TRACKING,1,0,1,0,-12.567653666276689,-7.98777944774335,-12.570299771913302,-7.997697411483383,-12.559471379193475,-8.004377187788808,-12.571458882745054,-7.983863785836694,0.01850499382676874,1.4803995061414994,0.43680352041328996,1,9.680199989816174,16.92299998831004
2153,71.76666666666516,TRACKING,1,0,1,0,-12.600047062189878,-7.981144733631405,-12.606422895506666,-7.988044760841607,-12.611046406040417,-7.982240806121527,-12.599581603518473,-7.980532491730841,0.011053820156217264,0.8843056124973812,0.061526809484889484,1,6.607799994526431,20.20040000206791
2154,71.79999999999849,TRACKING,1,0,1,0,-12.632122043817821,-7.974076301763141,-12.638542989277196,-7.98074785788769,-12.64539551128315,-7.971692455163674,-12.626108977295027,-7.976652374552597,0.013485831941816772,1.0788665553453418,0.5233316043908968,1,10.152000002563,18.5287999920547
2155,71.83333333333182,TRACKING,1,0,1,0,-12.663877845822281,-7.966574414357925,-12.66781817834368,-7.974506029457744,-12.666679840802407,-7.9736716911148235,-12.655817816284646,-7.969378977958935,0.0076303678307576926,0.6104294264606154,0.6827223301561189,1,7.892900001024827,15.416899987030774
2156,71.86666666666515,TRACKING,1,0,1,0,-12.69531371048096,-7.958639349715163,-12.696925055932091,-7.9673484020582634,-12.692380882244391,-7.978969552619862,-12.685655494125404,-7.9572949421236,0.020540658013107487,1.6432526410485988,0.7801069667904835,1,8.94160001189448,18.628499994520098
2157,71.89999999999849,TRACKING,1,0,1,0,-12.726428887705545,-7.95027140220391,-12.725817119757098,-7.957424829882287,-12.72925612017418,-7.955508038179244,-12.714587519369115,-7.94784422172396,0.005951100719183018,0.47608805753464145,0.9670051388860785,1,9.036100003868341,17.92439998826012
2158,71.93333333333182,TRACKING,1,0,1,0,-12.75722263505961,-7.941470882251997,-12.75416981603241,-7.947350994916941,-12.760029021659223,-7.935234557021231,-12.74065119604747,-7.943336443485224,0.00683868102270931,0.5470944818167448,1.3340894354380568,1,9.217299986630678,17.136799986474216
2159,71.96666666666515,TRACKING,1,0,1,0,-12.787694217776377,-7.932238116334508,-12.780836741642833,-7.939516584756795,-12.783779341779677,-7.932062850297252,-12.769627150516358,-7.935850850984251,0.003918797296792287,0.31350378374338295,1.4739786072314174,1,12.414199998602271,19.216699991375208
2160,71.99999999999848,TRACKING,1,0,1,0,-12.817842908776164,-7.922573446961664,-12.808100966284579,-7.9313834697967875,-12.800268684299283,-7.9402667623746295,-12.80545587364479,-7.920579988212836,0.02493805879106261,1.9950447032850087,1.00371316103091,1,8.91469998168759,17.786200012778863
2161,72.03333333333181,TRACKING,1,0,1,0,-12.8476679886838,-7.912477232666101,-12.8390537495321,-7.919389024404605,-12.834715900869542,-7.91526002767469,-12.841195236594137,-7.9104591260399975,0.013247661182566074,1.059812894605286,0.5424051561321116,1,8.16509997821413,18.202100007329136
2162,72.06666666666514,TRACKING,1,0,1,0,-12.877168745845765,-7.9019498479896,-12.871983874839737,-7.90798708212852,-12.88033731544158,-7.887132508461143,-12.871309239033495,-7.909123450418077,0.015152339224856147,1.2121871379884916,0.7410020972056942,1,8.922799985157326,19.169700011843815
2163,72.09999999999847,TRACKING,1,0,1,0,-12.906344476347162,-7.890991683469178,-12.903433527894865,-7.901065066513493,-12.900538449417004,-7.892249672535335,-12.903654218772237,-7.901903468676834,0.0059407478657390635,0.4752598292591251,0.8990823490202554,1,7.20210000872612,16.86059997882694
2164,72.1333333333318,TRACKING,1,0,1,0,-12.93519448402856,-7.879603145622582,-12.935405090604567,-7.893602933020044,-12.931357079898213,-7.899477310653385,-12.937275770447357,-7.886146267708861,0.020241247642652897,1.6192998114122317,0.5492930717525634,1,7.080500014126301,17.21309998538345
2165,72.16666666666514,TRACKING,1,0,1,0,-12.963718080502542,-7.867784656933241,-12.968188726786936,-7.881934562633551,-12.96028540269721,-7.886942873217414,-12.970836465716975,-7.87245583247671,0.019463312362144235,1.5570649889715389,0.6811345312942132,1,7.446900010108948,14.46039997972548
2166,72.19999999999847,TRACKING,1,0,1,0,-12.99191458517016,-7.85553665583458,-13.001398238400132,-7.869099704160064,-13.008991990117277,-7.867343649780088,-12.994346077269102,-7.862284027648528,0.02076157185179044,1.6609257481432351,0.5737689024566691,1,9.423999988939613,16.548900021007285
2167,72.2333333333318,TRACKING,1,0,1,0,-13.019783325237176,-7.842859596693732,-13.029833408092959,-7.857131725552382,-13.037642310028142,-7.851651318051098,-13.01907218435963,-7.850433818453991,0.019905720338372856,1.5924576270698283,0.6086026309311483,1,7.094100001268089,21.503099997062236
2168,72.26666666666513,TRACKING,1,0,1,0,-13.047323635730134,-7.829753949794721,-13.05641301790689,-7.844710394401963,-13.053702961290641,-7.851973520998378,-13.046189387850614,-7.832829992040124,0.02311720439588895,1.8493763516711161,0.2622799011462172,1,10.638400010066107,16.097899992018938
2169,72.29999999999846,TRACKING,1,0,1,0,-13.07453485951218,-7.816220201321007,-13.08287851698145,-7.829265528171114,-13.078839658374154,-7.840184350205766,-13.073850310996422,-7.81607421733676,0.024347725253356746,1.9478180202685398,0.0559953137515946,1,8.05410000612028,21.14679999067448
2170,72.3333333333318,TRACKING,1,0,1,0,-13.101416347298777,-7.802258853337415,-13.109433361380821,-7.812682033521049,-13.109185337550823,-7.812399515477356,-13.099720959090519,-7.8039058996582975,0.012774593464091879,1.0219674771273504,0.18909642424681916,1,7.358699978794903,13.911700021708384
2171,72.36666666666513,TRACKING,1,0,1,0,-13.12796745767319,-7.7878704237715315,-13.135164883553196,-7.797636250086827,-13.141726105573214,-7.78772159733414,-13.125123484265218,-7.796034944949683,0.01375945279963248,1.1007562239705984,0.6916535123946497,1,7.79630002216436,16.920800000661984
2172,72.39999999999846,TRACKING,1,0,1,0,-13.154187557101777,-7.773055446394546,-13.160284352886192,-7.785522910780021,-13.16079902062224,-7.784590456562157,-13.153778586189226,-7.781229865869836,0.01329540933741111,1.0636327469928888,0.6547714885195024,1,9.919899981468916,19.298500003060326
2173,72.43333333333179,TRACKING,1,0,1,0,-13.180076019949153,-7.757814470801346,-13.186705303783787,-7.771626589572562,-13.1736459471728,-7.784756325148325,-13.18847022643198,-7.755220297431627,0.02769854421378545,2.2158835371028363,0.7028738171750966,1,7.89110001642257,17.4401999975089
2174,72.46666666666512,TRACKING,1,0,1,0,-13.205632228493046,-7.742148062390189,-13.216840441740798,-7.751430888855623,-13.208693582908992,-7.757794957639196,-13.214711548092353,-7.738890351625655,0.015943563647861887,1.2754850918289509,0.771685837886763,1,6.641799991484731,19.507099990732968
2175,72.49999999999845,TRACKING,1,0,1,0,-13.23085557293909,-7.726056802341736,-13.244801400875804,-7.732722559582723,-13.247448294111772,-7.737102000388963,-13.237367674251287,-7.721429954342773,0.019932756854404855,1.5946205483523883,0.6390752614498846,1,8.893899997929111,17.912300012540072
2176,72.53333333333178,TRACKING,1,0,1,0,-13.255745451435356,-7.709541287597482,-13.270125055040209,-7.713798565031151,-13.274778933581642,-7.714566598406981,-13.258527854157695,-7.702715630185849,0.019685710333768952,1.5748568267015162,0.589678496865571,1,7.815999997546896,17.14370000991039
2177,72.56666666666511,TRACKING,1,0,1,0,-13.280301270086706,-7.692602130837566,-13.293179090484777,-7.694288545367317,-13.288173672342062,-7.705809153157537,-13.284598033094987,-7.676411502116282,0.015375309942577978,1.2300247954062382,1.3400862795860042,1,7.437799999024719,18.79719999851659
2178,72.59999999999845,TRACKING,1,0,1,0,-13.304522442969008,-7.675239960458116,-13.317331221740213,-7.670715466902213,-13.3177297793223,-7.67696360390724,-13.308492538675038,-7.655899005625441,0.013319334829064439,1.065546786325155,1.5795375399241078,1,8.162999991327524,18.381800007773563
2179,72.63333333333178,TRACKING,1,0,1,0,-13.32840839214304,-7.657455420547901,-13.340822475296893,-7.647955607060072,-13.343230705114358,-7.64353003433617,-13.334322144316177,-7.646233060270264,0.02033758449191065,1.6270067593528519,1.0148145366444132,1,8.233900007326156,21.286600007442757
2180,72.66666666666511,TRACKING,1,0,1,0,-13.351958547668346,-7.639249170864403,-13.365061569490807,-7.63084823233027,-13.372357964848556,-7.620276482524771,-13.35880405755815,-7.639807450341294,0.027858555671912567,2.2286844537530053,0.5494589724488785,1,4.778700007591397,9.617400006391108
2181,72.69999999999844,TRACKING,1,0,1,0,-13.375172347616799,-7.620621886809415,-13.389013488148448,-7.618452371983855,-13.3846358478422,-7.622970106509352,-13.383365905104657,-7.622391030033984,0.009750485745609515,0.7800388596487612,0.6705901976301661,1,5.110800004331395,10.861999995540828
2182,72.73333333333177,TRACKING,1,0,1,0,-13.39804923808604,-7.601574259403938,-13.412948409132095,-7.603472913722521,-13.406432411165358,-7.604479638456855,-13.411546643611885,-7.602954872925062,0.008872362612006803,0.7097890089605442,1.085426514137394,1,6.771299988031387,16.547600011108443
2183,72.7666666666651,TRACKING,1,0,1,0,-13.420588673212665,-7.5821069952625315,-13.438710329149481,-7.58651300289829,-13.43862801901938,-7.573763008148825,-13.432288591369323,-7.592093845354721,0.0198756161687615,1.59004929350092,1.2306102801751337,1,7.921099982922897,19.354999996721745
2184,72.79999999999843,TRACKING,1,0,1,0,-13.442790115185256,-7.562220816567148,-13.461713609150074,-7.572646507288319,-13.473229706028215,-7.566848219497441,-13.444746389103976,-7.572855359955941,0.03078930899786618,2.4631447198292946,0.8650383417470057,1,8.45389999449253,13.739599991822615
2185,72.83333333333177,TRACKING,1,0,1,0,-13.464653034257228,-7.541916461040326,-13.479267334995447,-7.556022018115014,-13.478104290886195,-7.559192821476225,-13.465064432439446,-7.553986502805592,0.021895408989315825,1.751632719145266,0.9661640661654447,1,5.026900005759671,19.323699991218746
2186,72.8666666666651,TRACKING,1,0,1,0,-13.486176908759449,-7.5211946819177715,-13.497752112906433,-7.538363444282668,-13.487960407870236,-7.5451400024185435,-13.492062856064345,-7.532445582596246,0.02401164806844533,1.9209318454756263,1.0158020019761167,1,6.2815999845042825,7.6320999942254275
2187,72.89999999999843,TRACKING,1,0,1,0,-13.507361225112717,-7.500056247920499,-13.519715055420807,-7.5186268412414,-13.527740047555664,-7.519854403483748,-13.508510574858555,-7.514635611671917,0.028412380538556763,2.272990443084541,1.1699678005399259,1,9.044700011145324,15.621300000930205
2188,72.93333333333176,TRACKING,1,0,1,0,-13.528205477839986,-7.478501943226268,-13.538304437231396,-7.499604285739004,-13.552378871838574,-7.487415881457529,-13.524450743625756,-7.498829492713426,0.025764535163702924,2.061162813096234,1.653713004696742,1,8.703300001798198,20.744300010846928
2189,72.96666666666509,TRACKING,1,0,1,0,-13.548709169578434,-7.456532567440476,-13.5551952385878,-7.481829185201451,-13.555818364983176,-7.472671405639351,-13.551560592737474,-7.47598913244966,0.017635270276133232,1.4108216220906586,1.5731518141382739,1,9.23200001125224,18.525299994507805
2190,72.99999999999842,TRACKING,1,0,1,0,-13.568871811091332,-7.434148935566501,-13.576627196329085,-7.461245135354158,-13.568874272718942,-7.470604420702748,-13.57317897193229,-7.457017297356188,0.03645548521935658,2.9164388175485265,1.8616355913295455,0,6.752499990398064,17.979700001887977
2191,73.03333333333175,TRACKING,1,0,1,0,-13.588692921279723,-7.411351877975562,-13.597586677317315,-7.441261312890949,-13.592397576568423,-7.452498240481554,-13.599452642298571,-7.422177062016704,0.04131280211124131,3.3050241688993047,1.2210322346029483,1,8.182299992768094,16.318900015903637
2192,73.06666666666509,TRACKING,1,0,1,0,-13.60817202719391,-7.3881422403757515,-13.620895315560903,-7.413856403352239,-13.625023915049889,-7.409547224563085,-13.616411706840555,-7.3992451220773505,0.027242603993936975,2.179408319514958,1.1061032219724254,1,7.7732999925501645,23.52180000161752
2193,73.09999999999842,TRACKING,1,0,1,0,-13.627308664044714,-7.3645208837807665,-13.641040783210943,-7.3881944210019705,-13.64193663384088,-7.393439695838038,-13.636903570851691,-7.371978848735596,0.03240794950565862,2.5926359604526894,0.9722007295683034,1,7.680499984417111,14.75520001258701
2194,73.13333333333175,TRACKING,1,0,1,0,-13.64610237521458,-7.340488684477963,-13.661357982559323,-7.360817787359376,-13.651061299079617,-7.368425133096576,-13.66238628580011,-7.343931793920962,0.028373157866540412,2.269852629323233,1.3315152189147814,1,7.902000012109056,18.212700000731274
2195,73.16666666666508,TRACKING,1,0,1,0,-13.664552712268469,-7.31604653399584,-13.684000768545493,-7.332290251938338,-13.683717016501598,-7.340281135097862,-13.681829955403211,-7.315527206523311,0.030896382430861968,2.4717105944689575,1.3828037173470002,1,7.375600020168349,14.637199987191707
2196,73.19999999999841,TRACKING,1,0,1,0,-13.682659234964579,-7.29119533907091,-13.70487650743998,-7.302918492089846,-13.717411246546392,-7.293136085087998,-13.691836171883619,-7.292261740134313,0.03480616043296595,2.7844928346372764,0.7390951546601053,1,4.720600001746789,13.949499989394099
2197,73.23333333333174,TRACKING,1,0,1,0,-13.700421511264814,-7.265936021614154,-13.720257011706583,-7.2756843326751675,-13.729093608864375,-7.267030699572991,-13.70282752286899,-7.268545851442413,0.028692986958354417,2.2954389566683533,0.2839729967094788,1,7.592100009787828,18.322399992030114
2198,73.26666666666507,TRACKING,1,0,1,0,-13.71783911734511,-7.240269518676778,-13.73315047659658,-7.249364493879001,-13.72861110497575,-7.245574683482448,-13.721659631914113,-7.244503706793866,0.012007518108668186,0.9606014486934549,0.45624330760057424,1,8.631500008050352,16.766099986853078
2199,73.2999999999984,TRACKING,1,0,1,0,-13.734911637605554,-7.214196782415401,-13.748317559262599,-7.223594491077732,-13.738887893065089,-7.223075788878887,-13.74170679814502,-7.2161457324820955,0.009728687643156314,0.7782950114525051,0.5655304801380935,1,7.543600018834695,19.93489998858422
2200,73.33333333333174,TRACKING,1,0,1,0,-13.75163866468029,-7.187718780056828,-13.765140211546848,-7.196077913469007,-13.763273580890301,-7.191794271248214,-13.7533454392307,-7.193105780029177,0.012328053522963657,0.9862442818370927,0.45207325472239723,1,6.8140999937895685,16.91840001149103
2201,73.36666666666507,TRACKING,1,0,1,0,-13.768019799447254,-7.1608364938621225,-13.778826304709565,-7.170417876117299,-13.784773642530913,-7.161119794133915,-13.76320679701548,-7.17316063891165,0.016756238155262594,1.3404990524210076,1.0584503196203279,1,6.52649998664856,13.921000005211681
2202,73.3999999999984,TRACKING,1,0,1,0,-13.784054651037671,-7.133550921090116,-13.790168275830544,-7.1471995710217255,-13.790224482616985,-7.153067983026655,-13.778039285295446,-7.1391186052284015,0.02046906271307499,1.6375250170459994,0.6557254629258585,1,6.4141000038944185,14.698599989060313
2203,73.43333333333173,TRACKING,1,0,1,0,-13.799742836845411,-7.105863073960515,-13.802609822273427,-7.118337364072886,-13.79620862774303,-7.128582783188513,-13.79692444293745,-7.1043336421714685,0.022992951558773775,1.839436124701902,0.2565307724890183,1,7.972399995196611,15.157399990130216
2204,73.46666666666506,TRACKING,1,0,1,0,-13.815083982536095,-7.077773979616291,-13.817540931641329,-7.086363881621719,-13.815967500498003,-7.091744014233997,-13.817331449103012,-7.070215750110638,0.013997945249533324,1.1198356199626658,0.630823914471407,1,7.2256000130437315,20.161199994618073
2205,73.4999999999984,TRACKING,1,0,1,0,-13.830077722056034,-7.049284680085542,-13.834679044344028,-7.052716531924926,-13.845644245859495,-7.048250507825048,-13.831747789578301,-7.040077148985822,0.015600838938598337,1.248067115087867,0.748621151638083,1,7.354000001214445,13.27369999489747
2206,73.53333333333173,TRACKING,1,0,1,0,-13.844723697640985,-7.020396232242922,-13.850199756905543,-7.019997520867137,-13.848745983897729,-7.01889539317887,-13.84890136970956,-7.012833518710385,0.004293169531636649,0.3434535625309319,0.6911906475652516,1,8.671100018545985,21.35460000135936
2207,73.56666666666506,TRACKING,1,0,1,0,-13.859021559824654,-6.99110970777039,-13.866454331046022,-6.989161064456438,-13.854397233718354,-6.996024564325189,-13.871339540647693,-6.983409463474874,0.006748348456597767,0.5398678765278214,1.1621398573799726,1,8.76080000307411,17.972500005271286
2208,73.59999999999839,TRACKING,1,0,1,0,-13.872970967447046,-6.961426193117422,-13.88565444212862,-6.958356148079692,-13.876662254734827,-6.965558766680554,-13.887962125270684,-6.953647873030456,0.0055410979142796295,0.44328783314237036,1.351117051967993,1,8.79920000443235,19.366399996215478
2209,73.63333333333172,TRACKING,1,0,1,0,-13.886571587662614,-6.931346789460717,-13.903529927045554,-6.927609384802362,-13.909391295314531,-6.923253887506891,-13.899534897580775,-6.931492623652645,0.024212272081595876,1.9369817665276703,1.0371304153930492,1,8.25559999793768,14.729300019098446
2210,73.66666666666505,TRACKING,1,0,1,0,-13.899823095948202,-6.900872612663472,-13.918396339402818,-6.900779743027177,-13.922850356514257,-6.893783971587746,-13.909693057337545,-6.909423215774566,0.02409364151550044,1.9274913212400353,1.0446938732948086,1,5.940500006545335,20.301799988374114
2211,73.69999999999838,TRACKING,1,0,1,0,-13.91272517611077,-6.870004793233777,-13.930884374761819,-6.876085254932648,-13.926998456481604,-6.884766061884413,-13.92354847308172,-6.876870867698494,0.020533426034655473,1.642674082772438,1.0253950992709784,1,8.152099995641038,16.038900008425117
2212,73.73333333333171,TRACKING,1,0,1,0,-13.925277520294962,-6.8387444762828,-13.943764550671503,-6.847547340521128,-13.925799010252657,-6.859915369880335,-13.94339152635538,-6.842686928874597,0.021177315398655562,1.694185231892445,1.4830458344808088,1,5.690699996193871,19.489400001475587
2213,73.76666666666505,TRACKING,1,0,1,0,-13.937479828990432,-6.807092821482318,-13.959698768316565,-6.81635063604761,-13.962208420524863,-6.821890459800519,-13.945946736966569,-6.809958404914123,0.02881793433043175,2.30543474643454,0.7150948427435871,1,5.117200023960322,11.991399980615824
2214,73.79999999999838,TRACKING,1,0,1,0,-13.949331811038993,-6.7750510030216695,-13.968591888773354,-6.784212564784457,-13.978855908629997,-6.783538470346804,-13.947306341568492,-6.7791267824778325,0.030719854168898015,2.457588333511841,0.3641055209795155,1,9.803299995837733,17.075800016755238
2215,73.83333333333171,TRACKING,1,0,1,0,-13.960833183641592,-6.742620209564139,-13.97346360704866,-6.752338849815817,-13.971025023029068,-6.750076249414121,-13.955872927665373,-6.747852206833351,0.012627989560679398,1.0102391648543518,0.5767657952391092,1,7.637200003955513,19.65349999954924
2216,73.86666666666504,TRACKING,1,0,1,0,-13.97198367236502,-6.709801644202962,-13.979386015870487,-6.720334523036247,-13.970107468569582,-6.733471907564659,-13.968696099277645,-6.708327819555946,0.02374450480204024,1.8995603841632194,0.28822542172385496,1,7.808299997122958,13.639299984788522
2217,73.89999999999837,TRACKING,1,0,1,0,-13.982783011148477,-6.676596524416649,-13.987745669676155,-6.684169554763977,-13.988681678639697,-6.684587200685525,-13.977655964528653,-6.673360588812098,0.009932028262442204,0.7945622609953764,0.4850262592719623,1,7.459800021024421,16.8470999924466
2218,73.9333333333317,TRACKING,1,0,1,0,-13.993230942309921,-6.64300608202376,-13.995590039702348,-6.64815423339169,-14.003450635185484,-6.639434753123098,-13.988210704358194,-6.640570061852483,0.010825733812888969,0.8660587050311175,0.44640418182150987,1,4.0145000093616545,12.96699998783879
2219,73.96666666666503,TRACKING,1,0,1,0,-14.003327216552217,-6.60903156313732,-14.004232734725333,-6.613052674723112,-14.001667003549526,-6.608668484685327,-14.001956053542031,-6.605708409546534,0.0016994508455979228,0.1359560676478338,0.2875934662785065,1,7.446200004778802,15.39689998026006
2220,73.99999999999837,TRACKING,1,0,1,0,-14.013071592969087,-6.5746742281185355,-14.014930958768206,-6.5774454240406115,-14.000275414662596,-6.580758141842937,-14.01947665250105,-6.5698474278981385,0.014168845593677473,1.1335076474941979,0.641611909992242,1,5.649800004903227,19.953300012275577
2221,74.0333333333317,TRACKING,1,0,1,0,-14.022463839050847,-6.53993535152998,-14.028709640418235,-6.541201207892582,-14.019938652445866,-6.547304647483657,-14.031521288757002,-6.5342356308019385,0.007789935188617332,0.6231948150893866,0.856127884119001,1,5.193999997572973,9.98000000254251
2222,74.06666666666503,TRACKING,1,0,1,0,-14.031503730689971,-6.504816222088428,-14.041533411647963,-6.504769903963738,-14.048115960190492,-6.504337494223123,-14.035940006754172,-6.502384947418829,0.01661912601032235,1.329530080825788,0.4047054580256365,1,9.603999991668388,16.339499998139217
2223,74.09999999999836,TRACKING,1,0,1,0,-14.040191052186424,-6.46931814261699,-14.050269674853654,-6.470134919603276,-14.052576410971845,-6.465295456464095,-14.043406955526404,-6.4703112867746535,0.013022254648419933,1.0417803718735947,0.26926114740891055,1,8.856000000378117,22.610099986195564
2224,74.13333333333169,TRACKING,1,0,1,0,-14.048525596252817,-6.433442429996738,-14.0583397059251,-6.436359960530499,-14.05040035601715,-6.438966129301901,-14.055191044915418,-6.432577000726146,0.005833179080726087,0.466654326458087,0.5377117365795694,1,9.407300007296726,13.82039999589324
2225,74.16666666666502,TRACKING,1,0,1,0,-14.056507164019356,-6.397190415117878,-14.067932739096571,-6.400361089950517,-14.067946535737855,-6.407315472790538,-14.065489210107351,-6.389549304839565,0.01527664944248839,1.222131955399071,0.943402245364175,1,7.540599995991215,20.51699999719858
2226,74.19999999999835,TRACKING,1,0,1,0,-14.064135565038574,-6.360563442830513,-14.077535921383982,-6.360636085998295,-14.089402168221701,-6.3548416499446425,-14.071091245375765,-6.3559667589274484,0.0259063727727829,2.072509821822632,0.6669860177622681,1,7.352799992077053,13.817700004437938
2227,74.23333333333169,TRACKING,1,0,1,0,-14.071410617289892,-6.323562871894515,-14.084923336489295,-6.323578565837567,-14.094235240428361,-6.320017552781691,-14.07343480130217,-6.322317146941854,0.023098326974585845,1.8478661579668676,0.1901435512152635,1,3.3457000099588186,14.737699995748699
2228,74.26666666666502,TRACKING,1,0,1,0,-14.078332147183943,-6.286190074929234,-14.089544871159742,-6.287637990847613,-14.083227049488778,-6.291220239560579,-14.07911390703511,-6.282925466698025,0.00701873384538288,0.5614987076306304,0.2685524499168039,1,7.728600001428276,17.028799979016185
2229,74.29999999999835,TRACKING,1,0,1,0,-14.084899989566738,-6.248446438362709,-14.094261587642718,-6.2496263496605815,-14.090294247575105,-6.262762379935188,-14.083065251879818,-6.240508291468715,0.015298503278669285,1.2238802622935427,0.6517935304517605,1,9.792800003197044,15.187200013315305
2230,74.33333333333168,TRACKING,1,0,1,0,-14.091113987723585,-6.210333362379986,-14.097988045636875,-6.209141586314,-14.110157931246556,-6.210596881186583,-14.086102651824786,-6.207534521121517,0.019045766644258905,1.5236613315407124,0.4591958179648542,1,6.651899981079623,23.080100014340132
2231,74.36666666666501,TRACKING,1,0,1,0,-14.09697399338284,-6.17185226087131,-14.10078908245756,-6.171997361882393,-14.116579134668685,-6.166350806887905,-14.087405320911625,-6.174758413863057,0.02036240557423121,1.628992445938497,0.8000208720190114,1,5.358299997169524,13.761499983957037
2232,74.39999999999834,TRACKING,1,0,1,0,-14.102479866719438,-6.133004561379705,-14.102219859564283,-6.136549003138801,-14.10017655451844,-6.143336516770926,-14.09777338102478,-6.131751629776469,0.010585582142775753,0.8468465714220602,0.38963240272985356,1,6.102199986344203,14.746100001502782
2233,74.43333333333167,TRACKING,1,0,1,0,-14.107631476358236,-6.09379170504798,-14.107483442938166,-6.09712133257724,-14.092782660048398,-6.108282096198412,-14.108878130334732,-6.088083388402299,0.02074750060840627,1.6598000486725015,0.46742888273261435,1,8.288599987281486,17.358100012643263
2234,74.466666666665,TRACKING,1,0,1,0,-14.112428699377148,-6.054215146565186,-14.115079824731563,-6.055444082686725,-14.110705632347468,-6.057480002771826,-14.116209180356298,-6.0525673305790075,0.0036916454378512187,0.2953316350280975,0.3299195922211313,1,6.722299993271008,20.167300011962652
2235,74.49999999999834,TRACKING,1,0,1,0,-14.11687142131007,-6.014276354112786,-14.122330017151192,-6.016424462551321,-14.129930050232602,-6.008789415137872,-14.11703020605578,-6.019092909799191,0.014164543361889232,1.1331634689511385,0.38553378083452783,1,10.170900000957772,19.132199988234788
2236,74.53333333333167,TRACKING,1,0,1,0,-14.120959536149618,-5.973976809310136,-14.126339488786488,-5.979677531771903,-14.128881607730849,-5.973849514645772,-14.117649027660901,-5.980131094707919,0.00792309422320063,0.6338475378560504,0.5590546031935468,1,6.119300000136718,17.6070999877993
2237,74.566666666665,TRACKING,1,0,1,0,-14.124692946349656,-5.933318007159436,-14.128545993777907,-5.941590022048711,-14.120415719030836,-5.947111799729134,-14.12509569582467,-5.937982631469436,0.01444172382344739,1.1553379058757913,0.3745583177499083,1,7.950400002300739,16.476599994348362
2238,74.59999999999833,TRACKING,1,0,1,0,-14.128071562827621,-5.892301455990415,-14.133017042066983,-5.901403994449741,-14.121692933993183,-5.9010503831562655,-14.134394427620343,-5.897283804942525,0.010827309562439213,0.8661847649951371,0.643999603814198,1,7.215199992060661,16.866100020706654
2239,74.63333333333166,TRACKING,1,0,1,0,-14.131095304966655,-5.850928677404314,-14.139488834357422,-5.860773669069966,-14.14414644239488,-5.860877507474405,-14.13412414657072,-5.85580157323166,0.016410710159344043,1.3128568127475235,0.45900062017690396,1,8.305299998028204,17.97340001212433
2240,74.666666666665,TRACKING,1,0,1,0,-14.133764100617519,-5.809201206217351,-14.142390039329536,-5.819376418726341,-14.146888431256409,-5.814251078000903,-14.133794648068356,-5.8177213534683725,0.01406233479011312,1.1249867832090497,0.6816161609626286,1,7.8412000148091465,18.73189999605529
2241,74.69999999999833,TRACKING,1,0,1,0,-14.136077886100326,-5.767120590403941,-14.143574210437786,-5.779279235498588,-14.139267315171766,-5.78055112168526,-14.136684586857015,-5.774608191040671,0.013804043911123932,1.1043235128899145,0.6009712091783486,1,6.631299998844042,13.46190000185743
2242,74.73333333333166,TRACKING,1,0,1,0,-14.138036606206047,-5.724688391039193,-14.145241670974034,-5.737307660882256,-14.137046635561573,-5.745999689314466,-14.1396845285819,-5.7341262353001525,0.021334279365720382,1.7067423492576306,0.7664507392430655,0,7.248599984450266,17.236200015759096
2243,74.76666666666499,TRACKING,1,0,1,0,-14.139640214197842,-5.681906182240944,-14.14710946008247,-5.6958078685236915,-14.152313192987826,-5.697442943545198,-14.137825275900601,-5.6843426529400345,0.020049821526307125,1.60398572210457,0.24305246169917671,1,10.120299994014204,20.356199995148927
2244,74.79999999999832,TRACKING,1,0,1,0,-14.140888671812167,-5.638775551111401,-14.146839082875813,-5.650022656661208,-14.151259503295423,-5.646319611700493,-14.137306757504168,-5.63911470694046,0.01282446863717865,1.0259574909742921,0.2878348058033924,1,8.904100017389283,18.18379998439923
2245,74.83333333333165,TRACKING,1,0,1,0,-14.141781949259688,-5.595298097678427,-14.146110721265577,-5.604161187063422,-14.140212247423541,-5.610914210967299,-14.139528143497957,-5.59089479863067,0.015694806724050173,1.2555845379240138,0.3957266362778406,1,6.239499984076247,19.594600016716868
2246,74.86666666666498,TRACKING,1,0,1,0,-14.14232002522599,-5.551475434835886,-14.146316493231392,-5.556484618779094,-14.137092294007726,-5.566001109365686,-14.143581041588781,-5.544048403941771,0.015437758718029396,1.2350206974423517,0.6026658121081696,1,9.749800025019795,14.905099989846349
2247,74.89999999999831,TRACKING,1,0,1,0,-14.142502886872098,-5.50730918828399,-14.147933229728581,-5.508520008011027,-14.15755473246096,-5.513063134778556,-14.139831254406108,-5.501579100373056,0.01611415389939195,1.289132311951356,0.5057843176714317,1,7.911599997896701,21.219999995082617
2248,74.93333333333165,TRACKING,1,0,1,0,-14.14233052983476,-5.462800996469008,-14.146508666921235,-5.462517711867593,-14.155167472025864,-5.458129276462079,-14.134985335484563,-5.46515007404641,0.013660602206377659,1.0928481765102127,0.6169345923545373,1,7.109900005161762,17.017000005580485
2249,74.96666666666498,TRACKING,1,0,1,0,-14.141802958226576,-5.417952510522445,-14.143076336022132,-5.420637430449706,-14.139618053039335,-5.419889748288994,-14.135896623955126,-5.423849519954089,0.0029200515134792052,0.23360412107833642,0.6676981582145874,1,9.005399973830208,18.33810002426617
2250,74.99999999999831,TRACKING,1,0,1,0,-14.14092018463588,-5.372765394199696,-14.141312743616279,-5.378665911837318,-14.124207320437934,-5.3846176023521926,-14.146469471342018,-5.376449736290939,0.02048889132649839,1.6391113061198712,0.5328802317503045,1,6.863699993118644,17.063100007362664
2251,75.03333333333164,TRACKING,1,0,1,0,-14.139682230126455,-5.327241323818495,-14.145176504361272,-5.333924768507827,-14.143322487117462,-5.334623744420712,-14.147161982682915,-5.33131693508457,0.008231136307255763,0.6584909045804611,0.6814446090383118,1,11.724899988621473,19.443400000454858
2252,75.06666666666497,TRACKING,1,0,1,0,-14.138089124237023,-5.281381988196642,-14.14716643291566,-5.288904227482832,-14.151632210210089,-5.280743944702228,-14.14542675827805,-5.286718188038709,0.013558107433362745,1.0846485946690194,0.7258248916073864,1,9.326700004749,17.25030000670813
2253,75.0999999999983,TRACKING,1,0,1,0,-14.136140904980538,-5.23518908858928,-14.14740573048041,-5.2438149233326845,-14.150482240424644,-5.242335385079824,-14.142368874365209,-5.236235193200403,0.01602321615191954,1.281857292153563,0.5052171811096804,1,9.338200005004182,19.471699983114377
2254,75.13333333333163,TRACKING,1,0,1,0,-14.133837618843279,-5.188664338625932,-14.145950306832033,-5.1957231461474995,-14.135324908825945,-5.1978014287279315,-14.144057306866712,-5.186046908666758,0.009257345571199041,0.7405876456959234,0.8439638395570576,1,8.16960001247935,18.606699974043295
2255,75.16666666666497,TRACKING,1,0,1,0,-14.13117932078375,-5.141809464246862,-14.145864494874884,-5.1462339826550565,-14.132231109475597,-5.156349388221573,-14.14467171955815,-5.133618600473335,0.01457791647124776,1.1662333176998207,1.2627210594114509,1,8.773499983362854,17.108500003814697
2256,75.1999999999983,TRACKING,1,0,1,0,-14.128166074231359,-5.094626203638953,-14.145840518994474,-5.0947033691128,-14.138397817577241,-5.094721646505853,-14.145116147751835,-5.084947395396089,0.010232188487163412,0.8185750789730729,1.561505573685466,0,6.996300013270229,18.086600000970066
2257,75.23333333333163,TRACKING,1,0,1,0,-14.124797951084906,-5.047116307171406,-14.145882617002554,-5.043933831320946,-14.151708760195346,-5.03962984077935,-14.124400704988508,-5.047726116145496,0.027932755431892484,2.234620434551399,0.05822282416973574,1,6.963799998629838,11.864799977047369
2258,75.26666666666496,TRACKING,1,0,1,0,-14.121075031710875,-4.999281537330706,-14.13591041144865,-4.998924998553668,-14.13290425133542,-4.998616431373682,-14.118421900907002,-5.001969302523261,0.011847902888688207,0.9478322310950565,0.30213305458646106,1,7.884499995270744,17.11840002099052
2259,75.29999999999829,TRACKING,1,0,1,0,-14.116997404941504,-4.951123668655164,-14.12758767947496,-4.953064985225931,-14.117986337142309,-4.958310357519956,-14.11666175145675,-4.951997278977649,0.007254411329467836,0.5803529063574269,0.07486983936963611,1,7.2428999992553145,19.527999975252897
2260,75.33333333333162,TRACKING,1,0,1,0,-14.112565168072672,-4.9026444876692565,-14.121426983978573,-4.90520811444426,-14.127291867329118,-4.903970834240097,-14.108282293050712,-4.902434899078034,0.01478630671316504,1.1829045370532032,0.3430400170830635,1,6.768799998098984,15.50790001056157
2261,75.36666666666495,TRACKING,1,0,1,0,-14.107778426861588,-4.853845792817259,-14.113324822010913,-4.856434205538089,-14.122422018728995,-4.84995656915805,-14.098219927203566,-4.858565571726419,0.015151265407567881,1.2121012326054306,0.8528211204279753,1,7.85100000211969,19.08009999897331
2262,75.39999999999829,TRACKING,1,0,1,0,-14.102637295524241,-4.80472939439648,-14.103592826775555,-4.8098731357119755,-14.105150736058661,-4.819735231846859,-14.096753510884993,-4.803298611295566,0.015214878931731771,1.2171903145385417,0.48442006209763383,1,6.418899982236326,14.114200021140277
2263,75.43333333333162,TRACKING,1,0,1,0,-14.0971418967327,-4.755297114490121,-14.097265415330172,-4.758678286040495,-14.086735613613083,-4.7687673488512745,-14.097501859087517,-4.748809450160393,0.017021690342325327,1.3617352273860264,0.5198114202800012,1,9.459099994273856,18.249899992952123
2264,75.46666666666495,TRACKING,1,0,1,0,-14.091292361612178,-4.705550786899893,-14.093779259021208,-4.705637591087488,-14.096094696919517,-4.708770158540827,-14.091561244571459,-4.699546407159183,0.005781589588215553,0.4625271670572442,0.48083177343565586,1,6.675400014501065,14.637499989476055
2265,75.49999999999828,TRACKING,1,0,1,0,-14.085088829737899,-4.655492257077649,-14.088714453020028,-4.653962724963454,-14.092425138621206,-4.654819658644079,-14.084986555311493,-4.651159018274608,0.007367076535786038,0.589366122862883,0.346755647290446,1,7.255599979544058,19.608400005381554
2266,75.53333333333161,TRACKING,1,0,1,0,-14.078531449131775,-4.605123382057096,-14.082769007166004,-4.603335201144286,-14.076815719923507,-4.60712655152435,-14.08261029229295,-4.599422233289511,0.002637501588746692,0.21100012709973537,0.5607997649277495,1,6.914199999300763,15.8917999942787
2267,75.56666666666494,TRACKING,1,0,1,0,-14.071620376258869,-4.554446030384966,-14.07839178563537,-4.551718008010082,-14.069791844835631,-4.56687591995707,-14.083279413532354,-4.546310267657954,0.012563665147578038,1.005093211806243,1.1373619590466888,1,9.862000006251037,20.121100009419024
2268,75.59999999999827,TRACKING,1,0,1,0,-14.064355776023657,-4.503462082051623,-14.076315791138184,-4.499020562973408,-14.072211201688,-4.505510227027458,-14.078129729593675,-4.497907862472208,0.008118042264614805,0.6494433811691843,1.1881310421609168,1,7.988500001374632,16.200099984416738
2269,75.6333333333316,TRACKING,1,0,1,0,-14.056737821766108,-4.452173428421235,-14.072648508475613,-4.448095465592047,-14.080890701348634,-4.446658748464438,-14.063879094246724,-4.4498015858252336,0.024774448271433425,1.9819558617146742,0.601988225493446,1,7.516799989389256,16.87829999718815
2270,75.66666666666494,TRACKING,1,0,1,0,-14.04876669525754,-4.400581972161785,-14.063755695254292,-4.398200274409443,-14.069982404114272,-4.391735072502477,-14.04785336260106,-4.404599703835475,0.022986385881115096,1.8389108704892076,0.32961887657759675,1,5.238200013991445,14.62779997382313
2271,75.69999999999827,TRACKING,1,0,1,0,-14.04044258669627,-4.348689627174403,-14.051129382942722,-4.350466506116232,-14.051082291199132,-4.3528600742062435,-14.040283047842381,-4.353038337030367,0.011427858082492137,0.914228646599371,0.3481308265098529,1,9.725900017656386,16.087700001662597
2272,75.7333333333316,TRACKING,1,0,1,0,-14.0317656947031,-4.296498318522275,-14.0404301315765,-4.300769029473303,-14.032628522911113,-4.3107048170388955,-14.03560773540146,-4.298235486595484,0.014232676228288355,1.1386140982630684,0.3373214931063724,1,5.900100019061938,20.326600002590567
2273,75.76666666666493,TRACKING,1,0,1,0,-14.02273622631656,-4.2440099823594,-14.031951297643788,-4.248585509768959,-14.03470544892944,-4.248548498110412,-14.02068941474957,-4.253149154011591,0.012800797443083604,1.0240637954466882,0.7492455771677078,1,7.5631999934557825,15.932199981762096
2274,75.79999999999826,TRACKING,1,0,1,0,-14.013354396987975,-4.19122656585869,-14.019679428284876,-4.199852345079761,-14.026818668876198,-4.191220330072812,-14.006550524458543,-4.203825057591708,0.013464273332230626,1.07714186657845,1.1454666831469122,1,8.161900012055412,18.25500000268221
2275,75.8333333333316,TRACKING,1,0,1,0,-14.003620430576323,-4.138150027139627,-14.006047302320223,-4.150609710464687,-14.006632023167539,-4.152100838056568,-13.996583563216497,-4.14879354015681,0.014272169252629705,1.1417735402103764,1.0207506934384674,1,8.753600006457418,15.20130000426434
2276,75.86666666666493,TRACKING,1,0,1,0,-13.993534559342887,-4.084782335195815,-13.993581941441809,-4.098490095327747,-13.981984848645583,-4.1034232978165806,-13.993444614781795,-4.090395521347884,0.021929006010765924,1.7543204808612738,0.44911253860457695,1,8.363100001588464,18.85039999615401
2277,75.89999999999826,TRACKING,1,0,1,0,-13.983097023945724,-4.031125469821842,-13.9851080857787,-4.043153781284815,-13.985060171213885,-4.043243078111496,-13.98696029138333,-4.034231720308163,0.012275600916369828,0.9820480733095862,0.39657435017995823,1,8.338099985849112,18.30220001284033
2278,75.93333333333159,TRACKING,1,0,1,0,-13.972308073433922,-3.9771814215397425,-13.977182831821482,-3.987055977112062,-13.989042681763806,-3.981399196003023,-13.975433890608592,-3.980341461972354,0.017257947078888516,1.3806357663110813,0.35558707328765543,1,12.249000021256506,15.837399987503886
2279,75.96666666666492,TRACKING,1,0,1,0,-13.961167965241644,-3.922952191525339,-13.967352593083879,-3.9314871566323317,-13.971644172278992,-3.932236912330419,-13.963957504696241,-3.9222776528530283,0.01399846256978446,1.119877005582757,0.22959488202230663,1,8.234899985836819,18.20419999421574
2280,75.99999999999825,TRACKING,1,0,1,0,-13.949676965182004,-3.8684397915339135,-13.956626516044864,-3.8740791318994363,-13.95288887225538,-3.8811001355350365,-13.953333818835882,-3.863867544579727,0.013061418654754903,1.0449134923803922,0.46837947593596996,1,3.1746999884489924,12.195899995276704
2281,76.03333333333158,TRACKING,1,0,1,0,-13.9378353474407,-3.8136462438255103,-13.945734341459902,-3.815629029956424,-13.944259159212386,-3.815131399330986,-13.940361611411566,-3.809848530786985,0.006593257506991422,0.5274606005593138,0.3648967764043314,1,7.888899999670684,14.88709999830462
2282,76.06666666666491,TRACKING,1,0,1,0,-13.925643394569502,-3.758573581089947,-13.93352041089018,-3.7587661768690523,-13.943546160281187,-3.7515420629991407,-13.9244112235176,-3.761073314701594,0.019234117260452505,1.5387293808362004,0.22295346427938686,1,8.53710001683794,17.460300005041063
2283,76.09999999999825,TRACKING,1,0,1,0,-13.91310139747949,-3.703223846371638,-13.919128534074039,-3.7053480910515506,-13.922565947849481,-3.703204641407425,-13.912838307059518,-3.7114666487592,0.00946456985481876,0.7571655883855009,0.6597599940316521,1,9.12360000074841,21.01060000131838
2284,76.13333333333158,TRACKING,1,0,1,0,-13.900209655434113,-3.647599092993408,-13.905733379551592,-3.6534835008050415,-13.89617556470678,-3.6642689612162194,-13.905816978649497,-3.6543490313550313,0.017151046456768744,1.3720837165414994,0.702014206249433,1,7.275899988599122,14.579699985915795
2285,76.16666666666491,TRACKING,1,0,1,0,-13.886968476042064,-3.5917013844805554,-13.895023500903118,-3.598950871658841,-13.897806213787732,-3.6061710349807186,-13.894892662421306,-3.596422840829819,0.018078366769173054,1.4462693415338443,0.7379317251061737,1,8.013200014829636,17.267499992158264
2286,76.19999999999824,TRACKING,1,0,1,0,-13.873378175249906,-3.535532794484321,-13.88386553009221,-3.5427562019776455,-13.889168464993121,-3.538072398577932,-13.884175512921216,-3.541466689733714,0.015993212282933437,1.2794569826346749,0.9856364071816464,0,8.163299993611872,17.941600002814084
2287,76.23333333333157,TRACKING,1,0,1,0,-13.85943907733458,-3.479095406704909,-13.872813964656983,-3.4869988396631455,-13.877380319883072,-3.478254898805432,-13.860627240615612,-3.486278849227232,0.01796091973460437,1.4368735787683495,0.5824833921280923,1,7.906800019554794,19.583399989642203
2288,76.2666666666649,TRACKING,1,0,1,0,-13.845151514895631,-3.422391314814079,-13.85570184283618,-3.4312425246528298,-13.853880139744478,-3.4389585531029483,-13.841328401840032,-3.4230993629178204,0.018725978646577327,1.4980782917261861,0.311050098119053,1,8.681800012709573,15.570699993986636
2289,76.29999999999824,TRACKING,1,0,1,0,-13.830515828847297,-3.365422622377684,-13.83737098012354,-3.3717304132701496,-13.835461799367184,-3.381211299294083,-13.825867628200594,-3.3594681483539186,0.01654523928971768,1.3236191431774145,0.6043126616006825,1,7.716799998888746,18.618800007971004
2290,76.33333333333157,TRACKING,1,0,1,0,-13.815532368410334,-3.308191442777524,-13.81974941472379,-3.309943768647669,-13.822009992475596,-3.3086144419523693,-13.810364041733289,-3.3009066286286086,0.006491420632864661,0.5193136506291729,0.7145577332023961,1,9.033100010128692,16.32729999255389
2291,76.3666666666649,TRACKING,1,0,1,0,-13.800201491103742,-3.2506998991328553,-13.80241437349611,-3.249144620632397,-13.806508744565095,-3.242653531937042,-13.798464568619615,-3.2471848256137665,0.010223769915036457,0.8179015932029166,0.3136636829264526,1,9.387300000526011,19.608300004620105
2292,76.39999999999823,TRACKING,1,0,1,0,-13.784523562736187,-3.19295012422182,-13.7871556271382,-3.191156474745193,-13.783451730720872,-3.190476751759407,-13.786790965002286,-3.191243583520037,0.002695625197774604,0.21565001582196833,0.22702802227961996,1,4.481300013139844,11.118199996417388
2293,76.43333333333156,TRACKING,1,0,1,0,-13.768498957397291,-3.134944260402232,-13.773193273957004,-3.133661570074786,-13.76809762092525,-3.1356441049224086,-13.775076934557596,-3.133001369323812,0.0008067548055088914,0.06454038444071131,0.5487125834990547,1,3.4980000054929405,11.737599998014048
2294,76.46666666666489,TRACKING,1,0,1,0,-13.752128057448713,-3.0766844595319993,-13.760093800543352,-3.0755299077990923,-13.763437498481256,-3.0769421892683924,-13.755740297880058,-3.076760264744033,0.011312377340134221,0.9049901872107378,0.28904286036793164,1,4.029299976537004,7.571000023745
2295,76.49999999999822,TRACKING,1,0,1,0,-13.735411253514995,-3.0181728828894947,-13.743737409884837,-3.018154590336706,-13.749544269201104,-3.0106879358606267,-13.736813780766767,-3.0258074936936707,0.015992703474046435,1.2794162779237148,0.6209894804813564,1,8.414099982474,18.53040000423789
2296,76.53333333333156,TRACKING,1,0,1,0,-13.71834894447428,-2.9594117010932814,-13.725974300808797,-2.9638138341726767,-13.726471706611491,-2.957367244674297,-13.720671151970267,-2.972945897575301,0.008376100929837595,0.6700880743870076,1.09855795533839,1,10.225500009255484,16.53610001085326
2297,76.56666666666489,TRACKING,1,0,1,0,-13.700941537448777,-2.9004030940214847,-13.708658109188391,-2.910167663674999,-13.705997493427521,-2.9126474286819155,-13.702743911233021,-2.9120049590090265,0.013247128826112578,1.0597703060890062,0.9392825260072613,1,8.609800017438829,18.610999977681786
2298,76.59999999999822,TRACKING,1,0,1,0,-13.68318944779504,-2.841149250731128,-13.690594121101947,-2.8530523580017673,-13.68485676077565,-2.8553095936610697,-13.682495736455136,-2.8508517604902153,0.014258164133886956,1.1406531307109564,0.7781822143361355,1,9.19640000211075,17.369200009852648
2299,76.63333333333155,TRACKING,1,0,1,0,-13.665093099094074,-2.7816523693768263,-13.671040663360206,-2.7940683328727998,-13.67514643870072,-2.789918843318649,-13.659617427635405,-2.792653499118875,0.013015537971109327,1.041243037688746,0.9830819571927404,1,9.054399997694418,22.10380000178702
2300,76.66666666666488,TRACKING,1,0,1,0,-13.646652923141193,-2.721914657129168,-13.649373784150319,-2.7353301246780592,-13.651362035329715,-2.732148097725234,-13.641036912788788,-2.7298071134969644,0.01126494758253671,0.9011958066029369,0.7749289094450547,1,8.124599989969283,15.861899999435991
2301,76.69999999999821,TRACKING,1,0,1,0,-13.62786935993577,-2.6619383300928687,-13.628696375428879,-2.674241876487366,-13.617881873166654,-2.6765268174153998,-13.626660000159053,-2.666665741574014,0.01767975832196024,1.4143806657568192,0.39037188736162426,1,7.6142000034451485,20.179000013740733
2302,76.73333333333154,TRACKING,1,0,1,0,-13.608742857670695,-2.601725613224808,-13.610543291111714,-2.6118130418998007,-13.60269253117311,-2.6226867158195373,-13.609424486445958,-2.5990358279093257,0.021816834617197467,1.7453467693757974,0.22198468892281825,1,6.97400001809001,19.329799979459494
2303,76.76666666666488,TRACKING,1,0,1,0,-13.589273872721707,-2.5412787402510677,-13.592395727317854,-2.5462868602150857,-13.595371549481513,-2.5461794980114565,-13.588618615223131,-2.5404219428304415,0.00782298462820227,0.6258387702561816,0.08629119851038236,1,7.332599983783439,17.30810001026839
2304,76.7999999999982,TRACKING,1,0,1,0,-13.569462869636473,-2.480599953584309,-13.572691511930675,-2.4836154232825405,-13.579193147653676,-2.481557824298499,-13.567083007219814,-2.484229426867779,0.009777311828778484,0.7821849463022787,0.34721125730731517,1,3.032600012375042,14.764399995328858
2305,76.83333333333154,TRACKING,1,0,1,0,-13.549310321123542,-2.419691504240628,-13.551845577076444,-2.4234802214194557,-13.54693018600337,-2.4272604132318802,-13.555017870084015,-2.4216475504984305,0.007934319536553238,0.634745562924259,0.4826740985724008,1,8.414500014623627,14.748199988389388
2306,76.86666666666487,TRACKING,1,0,1,0,-13.528816708041045,-2.35855565175597,-13.535076551261318,-2.361719923852414,-13.52421693071669,-2.374266226455732,-13.543479096916267,-2.3556319171086715,0.016370098009188826,1.3096078407351062,1.1960839350240338,1,9.363999997731298,16.221800004132092
2307,76.8999999999982,TRACKING,1,0,1,0,-13.507982519385218,-2.29719466410221,-13.520643236128826,-2.2976255018562677,-13.525150810994145,-2.2986247713430297,-13.51963142986831,-2.2932085581970147,0.01722775213106461,1.3782201704851686,0.9849626371976893,1,7.578999997349456,23.48070000880398
2308,76.93333333333153,TRACKING,1,0,1,0,-13.486808252278745,-2.2356108176032183,-13.501560423315741,-2.234036191634741,-13.507249740469033,-2.2244704918837654,-13.493395547560823,-2.237812082327581,0.023280062211454518,1.8624049769163613,0.5556287999447425,1,7.126200012862682,13.411799998721108
2309,76.96666666666486,TRACKING,1,0,1,0,-13.465294411958881,-2.173806396850323,-13.479034724834701,-2.1741001743195016,-13.4755873711989,-2.16994814945881,-13.472938304544865,-2.180559130560688,0.010992319266233357,0.8793855412986685,0.8159549259282616,1,6.306900002527982,14.622899994719774
2310,76.9999999999982,TRACKING,1,0,1,0,-13.443441511765418,-2.1117836946174373,-13.457277329420322,-2.115208751530751,-13.451562615258483,-2.1225706509024844,-13.4491856775361,-2.1155771472346365,0.01350224973256685,1.080179978605348,0.5506983096252444,1,8.256600005552173,18.44580000033602
2311,77.03333333333153,TRACKING,1,0,1,0,-13.421250073128418,-2.0495450117762255,-13.434013799964879,-2.0532764056151684,-13.437093137525466,-2.056970311058793,-13.422204770070321,-2.0542255091734662,0.017496792818248386,1.3997434254598708,0.38214972677384673,1,9.031699999468401,18.29479998559691
2312,77.06666666666486,TRACKING,1,0,1,0,-13.398720625555786,-1.9870926572106402,-13.40842573393848,-1.9916783524084432,-13.414679102221838,-1.9797099235783706,-13.395402473464575,-1.9990431490029017,0.017583450554028553,1.406676044322284,0.9922076794778524,1,7.847300003049895,16.81760000064969
2313,77.09999999999819,TRACKING,1,0,1,0,-13.375853706620626,-1.9244289477311574,-13.381652602913604,-1.9331390852829347,-13.381368302248958,-1.9291147560647346,-13.375891501494465,-1.9375929120307116,0.007236543697307632,0.5789234957846106,1.0531214844487475,1,9.221400017850101,18.44449999043718
2314,77.13333333333152,TRACKING,1,0,1,0,-13.352649861948395,-1.8615562079890475,-13.35780753222512,-1.8730697352521093,-13.344545287922923,-1.8826933617466226,-13.361213339070131,-1.8676909741848762,0.02263765423151711,1.811012338521369,0.8427326852737503,1,9.001400001579896,16.997900005662814
2315,77.16666666666485,TRACKING,1,0,1,0,-13.32910964520393,-1.798476770390029,-13.33789469880207,-1.8081827351403126,-13.33248349730819,-1.810810859891507,-13.339904161159405,-1.8042087118903276,0.01278720617851605,1.022976494281284,0.9777581805770638,1,7.528700021794066,21.091499977046624
2316,77.19999999999818,TRACKING,1,0,1,0,-13.305233618078203,-1.7351929750076698,-13.3169755831678,-1.7439024121544289,-13.325334116008607,-1.735782939327153,-13.312155949529675,-1.7435593017160593,0.020109154008770013,1.6087323207016009,0.8687060550148811,1,7.353299995884299,15.679199976148084
2317,77.23333333333152,TRACKING,1,0,1,0,-13.281022350274936,-1.671707169496612,-13.292628165880762,-1.681014099813712,-13.298548755883287,-1.671180247931201,-13.284499200135329,-1.6824062644449103,0.017534324620142032,1.4027459696113624,0.8999879738375758,1,7.036299997707829,14.780299999983981
2318,77.26666666666485,TRACKING,1,0,1,0,-13.25647641949697,-1.6080217090057385,-13.266486937543077,-1.6186597697583827,-13.258184227717475,-1.623488474416332,-13.263799446158032,-1.6123302049069268,0.015560766086036982,1.2448612868829585,0.6797169124119106,1,9.915699978591874,16.621800023131073
2319,77.29999999999818,TRACKING,1,0,1,0,-13.231596411432534,-1.5441389560903618,-13.242666576282675,-1.5522346676537286,-13.22894084568078,-1.5509993492836447,-13.244140565560407,-1.546627608012613,0.007356427409302011,0.5885141927441608,1.02309081880025,1,8.578499982832,24.16770000127144
2320,77.33333333333151,TRACKING,1,0,1,0,-13.20638291974124,-1.4800612806248372,-13.22047251201721,-1.4859504616271504,-13.224093393839878,-1.4810781305030165,-13.217844789682273,-1.4813306407314377,0.017739641385138116,1.4191713108110493,0.9225555380585765,1,7.977300003403798,17.45339998160489
2321,77.36666666666484,TRACKING,1,0,1,0,-13.180836546039922,-1.4157910597146834,-13.19599530938748,-1.419672632420108,-13.201898895038912,-1.4092221351232912,-13.186891503721506,-1.4219422661254744,0.02206293986853667,1.7650351894829337,0.6905063780568427,1,8.418300014454871,20.04149998538196
2322,77.39999999999817,TRACKING,1,0,1,0,-13.154957899888288,-1.3513306776083285,-13.16813790875505,-1.3564069916238233,-13.164981505489683,-1.357677423199792,-13.163341424467056,-1.357619692212555,0.01186397272649767,0.9491178181198135,0.8384182786365671,1,8.64220000221394,17.327100009424612
2323,77.4333333333315,TRACKING,1,0,1,0,-13.128747598774343,-1.2866825256085423,-13.14209504922324,-1.2922784743272961,-13.136623433360207,-1.3039482414559027,-13.138524390404305,-1.2883183163804746,0.018977189311003874,1.5181751448803098,0.7930153734710944,1,7.893200003309175,19.224299991037697
2324,77.46666666666484,TRACKING,1,0,1,0,-13.102206268099705,-1.2218490019839567,-13.11613855455524,-1.2254501060935212,-13.11768433045381,-1.2254915216472455,-13.109925319333447,-1.223327849658874,0.015900891916336996,1.2720713533069596,0.6287549215126571,1,7.519199978560209,15.929200017126277
2325,77.49999999999817,TRACKING,1,0,1,0,-13.075334541164658,-1.156832511879979,-13.088491404531911,-1.159345022431367,-13.097302474440879,-1.1534026855267026,-13.08040119531981,-1.1588133588403675,0.02223406848154694,1.7787254785237554,0.4352083749812163,1,7.190899981651455,21.390400012023747
2326,77.5333333333315,TRACKING,1,0,1,0,-13.048133059153027,-1.0916354672294561,-13.059548514469386,-1.0936766618052118,-13.048455924873869,-1.090551281233361,-13.058545410226095,-1.0933959486686786,0.001131238943735168,0.09049911549881344,0.8448104157186244,1,8.553000021493062,16.866199992364272
2327,77.56666666666483,TRACKING,1,0,1,0,-13.020602471116918,-1.0262602866634252,-13.033699197355658,-1.0278566433904035,-13.021357478778183,-1.0330632600206024,-13.035767567883715,-1.026146515612365,0.006844741271007479,0.5475793016805983,1.2132418820291304,1,8.059199986746535,21.838099986780435
2328,77.59999999999816,TRACKING,1,0,1,0,-12.992743433961166,-0.9607093954212793,-13.008944959731542,-0.96109973948547,-13.014445493669136,-0.9704695718960331,-13.004810210442244,-0.9585938960443442,0.023795807201828934,1.9036645761463147,0.9800650827633017,1,7.314399990718812,14.922600006684661
2329,77.63333333333149,TRACKING,1,0,1,0,-12.964556612427733,-0.894985225260676,-12.98091298013729,-0.8937155405488689,-12.989668355271519,-0.8862355858764998,-12.969439503136863,-0.8990338863329949,0.026592401508805853,2.127392120704468,0.5074439675444221,1,5.73519998579286,14.695399993797764
2330,77.66666666666482,TRACKING,1,0,1,0,-12.936042679079804,-0.8290902143675609,-12.949063866280401,-0.8299779482982846,-12.94909974521923,-0.8242542406840669,-12.936443821570137,-0.8346524014860279,0.013923850675614054,1.1139080540491242,0.4461306774541505,2,9.724500006996095,14.130499999737367
2331,77.69999999999816,TRACKING,1,0,1,0,-12.907202314285763,-0.7630268072655975,-12.916197077431175,-0.7656979728803691,-12.911013326491588,-0.7687017709563634,-12.907109654693278,-0.7648942814253042,0.006835863290357372,0.5468690632285897,0.14958172160532915,3,8.953599986853078,22.488200018415228
2332,77.73333333333149,TRACKING,1,0,1,0,-12.87803620620291,-0.6967974547253757,-12.88438756171074,-0.698716446652419,-12.88570669997947,-0.6995041280952808,-12.876786085437418,-0.6967084733816227,0.008134036851871383,0.6507229481497107,0.1002626824409263,2,7.950800005346537,18.058599991491064
2333,77.76666666666482,TRACKING,1,0,1,0,-12.84854505076111,-0.6304046136737149,-12.852607597582741,-0.6310914681045107,-12.855835779141941,-0.6302644831646638,-12.844936223891168,-0.6314919442069113,0.007292074936711437,0.5833659949369149,0.30152592263372846,2,7.658100017579272,17.65500000328757
2334,77.79999999999815,TRACKING,1,0,1,0,-12.818729551646136,-0.5638507471024123,-12.820218168209438,-0.5644290391623069,-12.835713580165855,-0.5604573457371559,-12.810395358837411,-0.567014183689824,0.017319711244254334,1.3855768995403466,0.7131500860405945,2,9.605700004613027,20.19710000604391
2335,77.83333333333148,TRACKING,1,0,1,0,-12.788590420282908,-0.49713832397678903,-12.78622337290031,-0.4986036757638024,-12.796639751102662,-0.5080042154594473,-12.781806436396737,-0.4976384188830128,0.013522548737525036,1.081803899002003,0.5441913327236957,2,10.599799978081137,16.959500004304573
2336,77.86666666666481,TRACKING,1,0,1,0,-12.758128375818506,-0.4302698191441392,-12.754393194942311,-0.4308446499657697,-12.748607501094085,-0.4413717622769796,-12.756925348847435,-0.4295457002318115,0.014625327238832734,1.1700261791066187,0.11233156898581763,2,9.843199979513884,19.976800016593188
2337,77.89999999999814,TRACKING,1,0,1,0,-12.727344145104983,-0.3632477132421954,-12.72549359557859,-0.36280339346426815,-12.729885379742763,-0.37167241704399573,-12.726651714032235,-0.36171318955422926,0.008799631107740985,0.7039704886192788,0.13468122338467237,2,7.903999998234212,18.001199990976602
2338,77.93333333333148,TRACKING,1,0,1,0,-12.696238462682079,-0.2960744926066301,-12.695618627643814,-0.2946215543216433,-12.707780509001747,-0.2991781793310396,-12.690933942580827,-0.2970125197778849,0.011952058589575624,0.9561646871660499,0.4309455908383389,2,9.244199987733737,17.0057000068482
2339,77.9666666666648,TRACKING,1,0,1,0,-12.664812070759654,-0.22875264917909677,-12.66275202924323,-0.22793546419587538,-12.66542317373079,-0.23513315531734466,-12.661925554714227,-0.22652866218608014,0.006409704004207299,0.5127763203365839,0.29151294201790395,2,8.79779999377206,19.396299991058186
2340,77.99999999999814,TRACKING,1,0,1,0,-12.633065719199989,-0.16128468041482424,-12.63165017502472,-0.15913549121678883,-12.625543925122326,-0.1660780129286705,-12.63333189535453,-0.15683521643774917,0.00891927254517203,0.7135418036137623,0.35659347770623273,2,8.701699989615008,19.16739999433048
2341,78.03333333333147,TRACKING,1,0,1,0,-12.601000165499903,-0.09367308918989004,-12.601473364606441,-0.08975909400440048,-12.603369680849326,-0.10306842213642622,-12.60272589081164,-0.08369467792039818,0.00968952445517434,0.7751619564139473,0.8101232274253428,1,8.8644000061322,19.653900002595037
2342,78.0666666666648,TRACKING,1,0,1,0,-12.568616174772632,-0.025920383708249783,-12.570913590907901,-0.01821537592022683,-12.582546664554364,-0.015444180864241926,-12.567259989107319,-0.023080904911833025,0.017430128272268492,1.3944102617814793,0.2517380148532547,1,9.999100002460182,19.51589999953285
2343,78.09999999999813,TRACKING,1,0,1,0,-12.535914519729651,0.04197092259106938,-12.537803669743095,0.048185245287281964,-12.547075109611153,0.050666273000787805,-12.53336550201111,0.038618850296552126,0.014148070018588347,1.1318456014870677,0.33689290877294154,1,9.44669998716563,17.890999995870516
2344,78.13333333333146,TRACKING,1,0,1,0,-12.502895980662172,0.10999831112733371,-12.504139444938113,0.11257307162289289,-12.501338718167244,0.09956977081412478,-12.501309235404804,0.11108497452623164,0.010544169931404564,0.8435335945123651,0.15385391209659327,1,8.51919999695383,19.449399987934157
2345,78.1666666666648,TRACKING,1,0,1,0,-12.469561345422557,0.1781592582716498,-12.470938504955102,0.18092476321004175,-12.472956753936128,0.1739898475541634,-12.466177837322585,0.1813313934035225,0.005377060972791673,0.43016487782333385,0.3710358978422545,1,9.067699982551858,17.753599997377023
2346,78.19999999999813,TRACKING,1,0,1,0,-12.435911409405518,0.24645123544034897,-12.43641281727575,0.2500629105216244,-12.445404705165334,0.25207724564423023,-12.429337145691196,0.25255307647906033,0.011035155422444726,0.882812433795578,0.7175665876152407,1,8.395300013944507,18.470599985448644
2347,78.23333333333146,TRACKING,1,0,1,0,-12.401946975529093,0.31487170918890905,-12.400401597047932,0.32039465631921416,-12.409911174630091,0.33015050581519445,-12.391954642287534,0.31989395600150894,0.01722991856242306,1.3783934849938448,0.8946764748248678,1,9.527199988951907,19.14230000693351
2348,78.26666666666479,TRACKING,1,0,1,0,-12.367668854215566,0.3834181413060582,-12.363280562164537,0.3894619241746893,-12.3662617710332,0.3882996792812925,-12.357515154072788,0.3921541538290421,0.005080285039813446,0.4064228031850757,1.0715686935066724,1,9.282700018957257,16.06480000191368
2349,78.29999999999812,TRACKING,1,0,1,0,-12.333077863372067,0.4520879889076945,-12.326986922592075,0.46041183635046634,-12.328386303693582,0.4568093790103788,-12.326540840395438,0.4615830262863343,0.006655994044356128,0.5324795235484903,0.9222178630887048,1,8.767299994360656,21.440800017444417
2350,78.33333333333145,TRACKING,1,0,1,0,-12.298174828371101,0.5208787045313428,-12.29283083718291,0.5308069609983023,-12.295129926114637,0.5349124728345327,-12.292894973865165,0.5241585775323956,0.0143602953499933,1.148823627999464,0.497252808181196,1,9.678400005213916,19.720599986612797
2351,78.36666666666478,TRACKING,1,0,1,0,-12.262960582030784,0.5897877362307757,-12.25855560965452,0.597574802061093,-12.267346720661163,0.5994384645258727,-12.255880273395654,0.5902210143444672,0.010600696614406218,0.8480557291524974,0.5674842745592263,1,9.84069998958148,18.621900002472103
2352,78.39999999999812,TRACKING,1,0,1,0,-12.227435964595061,0.6588125276704457,-12.222723194945534,0.6641405224154981,-12.229440033030931,0.6577900791068227,-12.218534517652971,0.6624200547252403,0.0022498202952467477,0.1799856236197398,0.7683749464480929,1,9.245399996871129,17.297400016104802
2353,78.43333333333145,TRACKING,1,0,1,0,-12.191601823713599,0.7279505182204362,-12.18593392229949,0.73340287060678,-12.182760695724808,0.7257710327144865,-12.18309779686997,0.7310146931876521,0.00910580590529121,0.7284644724232967,0.7231382309324347,0,8.259800000814721,23.02990001044236
2354,78.46666666666478,TRACKING,1,0,1,0,-12.155459014421572,0.7971991430515355,-12.149511793983551,0.8022375555902554,-12.149357924415462,0.8014749177270133,-12.153682834055791,0.7942226759505161,0.007450204583641692,0.5960163666913353,0.27729173772311455,1,8.473599998978898,14.095499995164573
2355,78.49999999999811,TRACKING,1,0,1,0,-12.119008399119283,0.8665558332303465,-12.11610261543556,0.8684865478768837,-12.125904703377138,0.8783753293264853,-12.111928984686607,0.8557570745190457,0.013684279315461187,1.094742345236895,1.0329957937245549,1,10.541399999056011,19.8759000049904
2356,78.53333333333144,TRACKING,1,0,1,0,-12.082250847551522,0.9360180158143003,-12.078492421388079,0.93252104172144,-12.084352616838403,0.936762419635638,-12.071657148867718,0.9257804048591876,0.0022297020393986207,0.17837616315188967,1.1785689759948181,1,7.578800024930388,14.696300000650808
2357,78.56666666666477,TRACKING,1,0,1,0,-12.045187236786896,1.005583113947595,-12.03954903513721,0.9992380179115168,-12.037948056318488,0.9920369810754094,-12.039296080870532,1.001282522080337,0.015359148727878595,1.2287318982302877,0.5835110744567766,1,8.158700016792864,14.081500004976988
2358,78.5999999999981,TRACKING,1,0,1,0,-12.007818451196853,1.0752485469565016,-12.003479674879427,1.069957799549473,-12.005281599546459,1.061147366293909,-12.005282277667757,1.0776328065983933,0.014327557795213426,1.1462046236170742,0.2784743602949897,1,11.049499997170642,16.82039999286644
2359,78.63333333333144,TRACKING,1,0,1,0,-11.97014538243459,1.1450117304450655,-11.968027174705789,1.1434708713150987,-11.975792783106739,1.148721038364086,-11.969094329744525,1.1445845915739978,0.006756633746911373,0.5405306997529098,0.09076243707501883,1,10.739699995610863,16.558100003749132
2360,78.66666666666477,TRACKING,1,0,1,0,-11.932168929413784,1.2148700763910556,-11.932050747459735,1.2140378353216408,-11.935526740830817,1.2194135985155423,-11.935962209581344,1.2110115175121074,0.0056496451931120585,0.45197161544896464,0.432869133494474,1,9.825799992540851,19.326699984958395
2361,78.6999999999981,TRACKING,1,0,1,0,-11.893889998287104,1.2848209932420982,-11.897419188941573,1.282995033329799,-11.890400734021094,1.2773277337581237,-11.90245913720235,1.2841704835858574,0.008265827412439022,0.6612661929951218,0.6875035630412681,1,9.36080000246875,22.200599982170388
2362,78.73333333333143,TRACKING,1,0,1,0,-11.855309502424658,1.3548618860115718,-11.863277452412413,1.3542601932985772,-11.85164282195951,1.343717282157759,-11.868461415713982,1.3552689398684117,0.011732294775188602,0.9385835820150882,1.0526568778469436,1,11.261100007686764,17.35969999572262
2363,78.76666666666476,TRACKING,1,0,1,0,-11.81642836239215,1.4249901563749958,-11.829245797718496,1.4255374124363425,-11.834634672883439,1.419716056862353,-11.824099421106032,1.4241318047316676,0.018954837571830398,1.5163870057464317,0.6175145502307972,1,7.711400015978143,18.055499996989965
2364,78.7999999999981,TRACKING,1,0,1,0,-11.777247505928942,1.4952032027665436,-11.790097543184316,1.4958437540165508,-11.80381586710046,1.4998443332561449,-11.7760003445736,1.4901975566693784,0.026970686078809154,2.1576548863047327,0.4126938180982181,1,8.442499994998798,17.15229998808354
2365,78.83333333333142,TRACKING,1,0,1,0,-11.737767867925855,1.5654984204753077,-11.746403722730498,1.5642247681739085,-11.74049532010924,1.561173737742122,-11.738464969979843,1.5593947735938898,0.005112912688024544,0.40903301504196354,0.49146609422317683,1,8.621599990874529,21.636899997247383
2366,78.86666666666476,TRACKING,1,0,1,0,-11.697990390402962,1.6358732017420534,-11.705280291153144,1.6330836572719476,-11.689135146496419,1.6281945218424079,-11.704965143916711,1.6319975229423358,0.011720813523198622,0.9376650818558897,0.638338206213008,1,8.316000021295622,19.272000005003065
2367,78.89999999999809,TRACKING,1,0,1,0,-11.657916022487033,1.7063249358560761,-11.667219785812405,1.7037506285049706,-11.668930625647853,1.7007446401766544,-11.661515435328546,1.7057838447844145,0.012347517267051085,0.9878013813640868,0.291188487151349,1,8.92369999201037,19.621499988716096
2368,78.93333333333142,TRACKING,1,0,1,0,-11.617545720388918,1.7768510092518126,-11.62599296839034,1.7759872967054098,-11.630189763232794,1.786073108251061,-11.618110030737443,1.7712687037117087,0.01564988592257808,1.2519908738062464,0.44886046874297875,1,5.678399989847094,14.928000018699095
2369,78.96666666666475,TRACKING,1,0,1,0,-11.57688044738074,1.8474488056059142,-11.583418665614737,1.845002179926524,-11.583802328331302,1.846082709077746,-11.572739599517075,1.8445538785483058,0.007055399040311775,0.5644319232249421,0.4041957838386185,1,6.233599997358397,15.762399998493493
2370,78.99999999999808,TRACKING,1,0,1,0,-11.535921173772849,1.918115705934433,-11.538965384980528,1.916365145847761,-11.530894560847642,1.9035519938253715,-11.530809566939993,1.915125249369677,0.015406769547685027,1.232541563814802,0.4737685840450638,0,8.028599986573681,17.65020002494566
2371,79.03333333333141,TRACKING,1,0,1,0,-11.494668876890767,1.9888490886897292,-11.495194083504247,1.9873423960852097,-11.490502103967318,1.9814565586419068,-11.492325056729992,1.9909018703959644,0.008485958820519179,0.6788767056415344,0.2492536787067517,1,8.239899994805455,23.457200004486367
2372,79.06666666666474,TRACKING,1,0,1,0,-11.453124541051796,2.0596463298578485,-11.453333126346518,2.0607495879370146,-11.45882624481084,2.0762468294150813,-11.44680235181836,2.0545481869409192,0.017552379078221454,1.4041903262577162,0.6497317004663169,1,6.714899995131418,13.481900008628145
2373,79.09999999999808,TRACKING,1,0,1,0,-11.411289157541557,2.130504803055947,-11.409249043229014,2.129655494389583,-11.413911445809362,2.1401855469906255,-11.402291977099873,2.121431400126463,0.010029616088778507,0.8023692871022806,1.022235656966774,1,6.869799981359392,15.570799994748086
2374,79.13333333333141,TRACKING,1,0,1,0,-11.369163724590347,2.2014218796296823,-11.364630907902875,2.1978292307468634,-11.349822059625112,2.1971033962551143,-11.367093238743601,2.1953837716866955,0.0198179035794365,1.58543228635492,0.5106586126812109,1,8.291700010886416,16.184499982045963
2375,79.16666666666474,TRACKING,1,0,1,0,-11.32674924734926,2.2723949287504412,-11.32419687259541,2.2687328612810993,-11.320671441445995,2.2657225041708684,-11.325510971193365,2.269826974507008,0.009025573353967874,0.7220458683174299,0.22807320697881517,1,5.116199987241998,18.824099999619648
2376,79.19999999999807,TRACKING,1,0,1,0,-11.284046737866298,2.3434213175134295,-11.282792986696986,2.3412703356304045,-11.288378444823321,2.340739475342091,-11.28086601690381,2.344142609651304,0.005094699460566088,0.407575956845287,0.260918355835654,1,10.056200000690296,16.31250002537854
2377,79.2333333333314,TRACKING,1,0,1,0,-11.241057215062156,2.414498411035059,-11.239684317152973,2.4148152692106066,-11.245379943952106,2.4160421844935542,-11.23719566226824,2.413780029216796,0.004590122171267141,0.3672097737013713,0.3142245048828542,1,6.437100004404783,17.49060000292957
2378,79.26666666666473,TRACKING,1,0,1,0,-11.197781704705946,2.48562357255065,-11.196137831511162,2.486651116123518,-11.188434668676566,2.479403098905798,-11.197920342789423,2.488451867992647,0.01122770568285589,0.8982164546284711,0.2265353040976998,1,8.47179998527281,17.885100009152666
2379,79.29999999999806,TRACKING,1,0,1,0,-11.154221239390651,2.5567941635123344,-11.154466247835657,2.560190601175195,-11.143271838701347,2.5510783268827724,-11.157718050952775,2.5644514134458705,0.012351524757323474,0.9881219805858779,0.6734326045953891,1,9.564699983457103,20.032100001117215
2380,79.3333333333314,TRACKING,1,0,1,0,-11.110376858508591,2.62800754368706,-11.11329143636159,2.6351394457224617,-11.114182082187076,2.6297656182056035,-11.111523468470375,2.6367842958101733,0.004191724377396189,0.3353379501916951,0.7081066235421273,1,8.152499998686835,17.2076000017114
2381,79.36666666666473,TRACKING,1,0,1,0,-11.066249608226553,2.6992610712542873,-11.069519805068875,2.7090754988614907,-11.069512083883762,2.713248266728027,-11.06509147208475,2.7028177295713345,0.014362638498356891,1.1490110798685513,0.29923740629453915,1,7.892699999501929,16.76580001367256
2382,79.39999999999806,TRACKING,1,0,1,0,-11.02184054146084,2.7705521029041202,-11.024328414735058,2.779395706529571,-11.02789738512939,2.7795218492453313,-11.018259314277236,2.768772405380858,0.010823202144048522,0.8658561715238817,0.31992510538451835,1,8.38149999617599,18.273599998792633
2383,79.43333333333139,TRACKING,1,0,1,0,-10.977150717852176,2.841877993935489,-10.978017060024996,2.8476863130454513,-10.97706996040748,2.8395164981093775,-10.97578829702454,2.8411570508537087,0.0023628762772551345,0.18903010218041078,0.12331292068537354,1,9.391399973537773,19.40330001525581
2384,79.46666666666472,TRACKING,1,0,1,0,-10.932181203740344,2.9132360983540107,-10.933225664753204,2.9178631674172135,-10.940255412356676,2.9025813459119103,-10.931119457655933,2.919346985183479,0.013368492599485238,1.069479407958819,0.4961950751247911,1,9.13419999415055,17.661399993812665
2385,79.49999999999805,TRACKING,1,0,1,0,-10.886933072138847,2.984623768970276,-10.888073453185118,2.9917912701792644,-10.895489411483092,2.9903476946738583,-10.88340579173598,2.9892661489226486,0.01029438042982754,0.8235504343862032,0.4664308645886502,1,8.88959999429062,23.895800026366487
2386,79.53333333333138,TRACKING,1,0,1,0,-10.84140740270924,3.056038357498175,-10.841348908709762,3.0636708773522883,-10.845833781307997,3.0658253613919673,-10.83864504647727,3.0566026191482725,0.01074142787140665,0.859314229712532,0.2255518127555186,1,5.919699993683025,14.505400002235547
2387,79.56666666666472,TRACKING,1,0,1,0,-10.795605281735384,3.1274772146528917,-10.795299621995362,3.1334691245185087,-10.783234294665785,3.1325444110239675,-10.802239072032002,3.1244793251242613,0.01336853769636796,1.0694830157094368,0.5823786552428096,1,6.050399999367073,15.81030001398176
2388,79.59999999999805,TRACKING,1,0,1,0,-10.749527802097536,3.1989376902493127,-10.753720478918732,3.2023035864673672,-10.746647374887308,3.195859677413842,-10.762213087953604,3.1978100764710526,0.004215569229504076,0.3372455383603261,1.0188243894469053,1,6.828899990068749,15.444499993463978
2389,79.63333333333138,TRACKING,1,0,1,0,-10.703176063246216,3.270417133300421,-10.712734030692987,3.2732144140081862,-10.724286955691559,3.274547264166257,-10.709443593363211,3.2680921681592388,0.021511107847057946,1.7208886277646358,0.5347890600236446,1,6.5642000117804855,16.591899999184534
2390,79.66666666666471,TRACKING,1,0,1,0,-10.656551171176066,3.341912892115603,-10.665998092646511,3.3436107205532335,-10.671793573472561,3.3496377419184586,-10.663013989288256,3.3397463402211987,0.01708812840087787,1.3670502720702298,0.5453041136827965,1,8.422399987466633,17.8934000141453
2391,79.69999999999804,TRACKING,1,0,1,0,-10.609654238399399,3.4134223143987232,-10.61950100009115,3.414593282964692,-10.615412017243347,3.4034749434284595,-10.61762193451433,3.4106894440216355,0.011493572396599188,0.919485791727935,0.6738676991949658,0,7.092599989846349,22.351999999955297
2392,79.73333333333137,TRACKING,1,0,1,0,-10.562486383919678,3.48494274734702,-10.573226971764536,3.485502233935171,-10.573971314482552,3.4807349796334677,-10.572229879740405,3.4816325478220724,0.012231473303132952,0.9785178642506362,0.8232351079140875,0,6.519999995362014,15.13009998598136
2393,79.7666666666647,TRACKING,1,0,1,0,-10.515048733204758,3.5564715377492258,-10.527088231878587,3.556418407790407,-10.531894633435686,3.5647261267069545,-10.513723121939362,3.5542941949321114,0.01875960003442075,1.5007680027536598,0.20393045042162203,1,7.270799978869036,16.45480000297539
2394,79.79999999999804,TRACKING,1,0,1,0,-10.467342418160126,3.6280060320839485,-10.475211039923616,3.6281039403904245,-10.483068263301885,3.6338570426534105,-10.463682102338172,3.633087875715365,0.016779050333869963,1.342324026709597,0.5010264447191445,1,9.023699996760115,19.274699996458367
2395,79.83333333333137,TRACKING,1,0,1,0,-10.419368577101825,3.699543576618198,-10.423955119124745,3.703009816725428,-10.419288730616787,3.7043519631940156,-10.418237298910519,3.7083909377911093,0.0048090494823485675,0.38472395858788544,0.7135515233312928,1,9.4319999916479,17.03250000718981
2396,79.8666666666647,TRACKING,1,0,1,0,-10.371128354729317,3.7710815175059547,-10.374723011980159,3.7782154031945,-10.364244745274629,3.7746971752070126,-10.37593670830312,3.782441510229003,0.007775413798370295,0.6220331038696236,0.9868566623648545,1,8.444100007181987,20.58529999339953
2397,79.89999999999803,TRACKING,1,0,1,0,-10.322622902098178,3.84261720088637,-10.328251033827708,3.8532584788588857,-10.32384984810246,3.8585619078419024,-10.328287565812989,3.8488205304942107,0.015991844058620336,1.2793475246896269,0.6720462518626176,1,7.802000007359311,15.119000017875805
2398,79.93333333333136,TRACKING,1,0,1,0,-10.27385337659257,3.914147972982342,-10.280815673693732,3.9243720376201634,-10.28491371065367,3.933927271870684,-10.273228536730095,3.91394326471622,0.022661678094472913,1.8129342475578332,0.052601464798244096,1,7.260100013809279,14.199199998984113
2399,79.9666666666647,TRACKING,1,0,1,0,-10.22482094189772,3.9856711801990907,-10.229384334839024,3.9927279361559602,-10.224964345428168,3.995130121511594,-10.224280790913067,3.9838556961648464,0.009460028294140017,0.7568022635312013,0.15153075705887348,1,7.925699988845736,18.040700000710785
2400,79.99999999999802,TRACKING,1,0,1,0,-10.175526767972098,4.057184169222346,-10.178925053461167,4.061754299340814,-10.173607628791672,4.058710356621228,-10.175195884723468,4.053672891498589,0.0024520079874165448,0.1961606389933236,0.2821466849999524,0,6.016500003170222,19.602400017902255
2401,80.03333333333136,TRACKING,1,0,1,0,-10.125972031019506,4.128684287116905,-10.128637301961806,4.130869693174596,-10.130887983664756,4.124282452101144,-10.121471884501158,4.13169456722563,0.00659869243989468,0.5278953951915745,0.43313262648448253,1,8.395699987886474,14.603000017814338
2402,80.06666666666469,TRACKING,1,0,1,0,-10.076157913461032,4.200168881425173,-10.076327221565942,4.204006995994747,-10.083226246375446,4.207929157739844,-10.069313305159309,4.200103613014393,0.010496819454912926,0.839745556393034,0.5475935588778759,1,9.90460001048632,21.427600004244596
2403,80.09999999999802,TRACKING,1,0,1,0,-10.026085603906768,4.271635300265314,-10.023733579099625,4.274754990192005,-10.030475246126855,4.274784846622918,-10.02201282217246,4.273280279866075,0.005402647599007781,0.43221180792062247,0.35139501594403066,1,6.696399999782443,17.594999982975423
2404,80.13333333333135,TRACKING,1,0,1,0,-9.975756297127564,4.343080892429748,-9.973211231439851,4.346841023238174,-9.974499003018504,4.345737256353677,-9.974500790804269,4.344255355289038,0.002938887165752346,0.2351109732601877,0.1375362441990264,1,8.700599981239066,21.571400022367015
2405,80.16666666666468,TRACKING,1,0,1,0,-9.925171194026426,4.414503007483638,-9.923724963795692,4.418387640233734,-9.918495696100623,4.4146093718368205,-9.928433134304015,4.414224144901983,0.006676345252683628,0.5341076202146903,0.26190708232051507,2,8.100699982605875,18.75590000418015
2406,80.19999999999801,TRACKING,1,0,1,0,-9.874331501609904,4.485898995862955,-9.875719411636947,4.489230139528937,-9.885158004725065,4.493372526730839,-9.87829271047567,4.482616450899864,0.013155486814854905,1.0524389451883924,0.4115630857144475,2,9.832600015215576,17.488299985416234
2407,80.23333333333134,TRACKING,1,0,1,0,-9.823238432959291,4.557266208972897,-9.826556034410906,4.558865136962438,-9.829185586383275,4.560375628561535,-9.831904692184798,4.54784724095241,0.006710970423612779,0.5368776338890223,1.0239406468256236,2,8.709899993846193,20.466200017835945
2408,80.26666666666468,TRACKING,1,0,1,0,-9.771893207201622,4.6286019992862295,-9.778804996811687,4.626217604227115,-9.771443015916601,4.6209644384831785,-9.786679387762112,4.623846312271817,0.007650817421256994,0.6120653937005596,1.2425720281325348,2,8.790799998678267,16.888399986783043
2409,80.29999999999801,TRACKING,1,0,1,0,-9.720297049480669,4.699903720441461,-9.732299519863988,4.697720536667324,-9.717191677456364,4.682708740517776,-9.74044130007452,4.703478042262741,0.01747314138857895,1.397851311086316,1.6367120376559265,1,10.733200004324317,22.44639999116771
2410,80.33333333333134,TRACKING,1,0,1,0,-9.668451190927668,4.771168727340719,-9.68603338380037,4.773060950047612,-9.689040573375665,4.765290144058481,-9.682955574492818,4.774058233438346,0.02141215568307237,1.7129724546457898,1.1831520966454803,1,10.303499992005527,16.36129998951219
2411,80.36666666666467,TRACKING,1,0,1,0,-9.61635686863195,4.84239437624838,-9.63432212045795,4.846162868081672,-9.630291128933935,4.849799508541352,-9.627192555516649,4.839517103790419,0.015779720987390874,1.2623776789912697,0.896895292209545,1,7.680400012759492,23.465199978090823
2412,80.399999999998,TRACKING,1,0,1,0,-9.564015325611368,4.913578024888853,-9.580641596126783,4.915808079496525,-9.579486321065312,4.926884272536835,-9.571836810367577,4.905279665664986,0.02040607573261897,1.6324860586095178,0.9122750097638099,1,7.231800002045929,13.073900016024709
2413,80.43333333333133,TRACKING,1,0,1,0,-9.511427810782738,4.984717032544556,-9.525734888844491,4.983621724503555,-9.516023343844322,4.974739323162028,-9.522141774695076,4.9796612841938686,0.010985154010859432,0.8788123208687546,0.9477539397133866,1,5.6893999862950295,15.335300005972385
2414,80.46666666666466,TRACKING,1,0,1,0,-9.45859557893197,5.055808760153968,-9.47289831082792,5.0545362267173015,-9.470391296899962,5.048470364931795,-9.464480100811562,5.054914227399676,0.013892120313948495,1.1113696251158796,0.476169963604748,1,8.2066000031773,13.65599999553524
2415,80.499999999998,TRACKING,1,0,1,0,-9.405519890684143,5.126850570409649,-9.417088882917403,5.127372949489801,-9.420982232906038,5.138150256749478,-9.403520769426313,5.126261205975896,0.01915116023549222,1.5320928188393774,0.1667349751293956,1,7.436999992933124,17.055700009223074
2416,80.53333333333133,TRACKING,1,0,1,0,-9.352202012473452,5.197839827855834,-9.358267833867506,5.199489524146767,-9.359955166692025,5.199082001871721,-9.347186397365586,5.199773582223764,0.00785203136918877,0.6281625095351017,0.43003851634557827,1,8.452099980786443,16.72870002221316
2417,80.56666666666466,TRACKING,1,0,1,0,-9.298643216512897,5.268773898986318,-9.300037138874444,5.272473390699554,-9.298114030926296,5.262914103895818,-9.294430276837048,5.276081557382611,0.005883641379937732,0.47069131039501855,0.6748071461352698,1,6.202699994901195,21.593800018308684
2418,80.59999999999799,TRACKING,1,0,1,0,-9.244844780764062,5.339650152342286,-9.243744825930076,5.34725860867882,-9.242606169257677,5.345127357747427,-9.241573103473385,5.34369204029147,0.005917022944574803,0.4733618355659842,0.4160056191011585,1,7.657999987713993,14.820200012763962
2419,80.63333333333132,TRACKING,1,0,1,0,-9.190807988906528,5.410465958609677,-9.188521322808239,5.418656746192645,-9.202954371447241,5.425154522805601,-9.18013037495641,5.406856844777197,0.019060129248331625,1.52481033986653,0.9016860378595374,1,7.678099995246157,17.798199987737462
2420,80.66666666666465,TRACKING,1,0,1,0,-9.136534130307272,5.48121869071685,-9.129749058321437,5.486164148027149,-9.141060397472492,5.495522195345137,-9.122957177067208,5.4694398631937995,0.01500257774858596,1.2002062198868768,1.4379417225479285,1,9.35919999028556,15.76270000077784
2421,80.69999999999798,TRACKING,1,0,1,0,-9.082024499989922,5.551905723932167,-9.0714040065311,5.551084311474611,-9.070511502691359,5.550037767915057,-9.074013028322062,5.544706639503227,0.011663548622892884,0.9330838898314306,0.861665345339815,1,6.4273999887518585,21.210100007010624
2422,80.73333333333132,TRACKING,1,0,1,0,-9.027280398603768,5.622524435961114,-9.017206729774369,5.62073952367061,-9.02071819334047,5.614536167328023,-9.023023753640194,5.622482935672871,0.01033803529071595,0.827042823257276,0.34054778103373073,1,9.842100000241771,17.1789999876637
2423,80.76666666666465,TRACKING,1,0,1,0,-8.972303132392856,5.693072207043703,-8.964217252073965,5.693962521641773,-8.971917871170676,5.698159245868573,-8.970612747329085,5.693180639646889,0.005101606630763539,0.40812853046108316,0.1355087431748436,1,10.040499997558072,20.97209999919869
2424,80.79999999999798,TRACKING,1,0,1,0,-8.917094013164736,5.763546420051787,-8.911489729098232,5.765869843693266,-8.917445171638974,5.77393085727291,-8.91726268378445,5.758900429571853,0.010390372884236837,0.831229830738947,0.37192409821436606,1,8.00199998775497,14.42789999418892
2425,80.83333333333131,TRACKING,1,0,1,0,-8.861654358259205,5.833944460585897,-8.858542922826743,5.8348780656276436,-8.8519665580805,5.830337945258955,-8.867270062773603,5.832590050979719,0.010337331624069574,0.8269865299255659,0.4621380751201304,1,8.61399999121204,22.29679998708889
2426,80.86666666666464,TRACKING,1,0,1,0,-8.805985490516784,5.90426371707235,-8.807189518046764,5.906285175234866,-8.78940726711322,5.898444279419324,-8.819357315746432,5.906515780317449,0.017569955771599758,1.4055964617279808,1.0848115009188612,1,12.912799982586876,16.915899992454797
2427,80.89999999999797,TRACKING,1,0,1,0,-8.750088738247285,5.974501580860221,-8.757690141373594,5.978840417023421,-8.753604504111456,5.975716392787732,-8.761504603020176,5.976981010928481,0.003719728166262877,0.29757825330103016,0.9345614311796021,1,8.977699995739385,19.359700003406033
2428,80.9333333333313,TRACKING,1,0,1,0,-8.693965435198033,6.044655446318069,-8.704263472552151,6.0504245545641036,-8.713879939673102,6.056760472791236,-8.695810758058116,6.043770679282798,0.023304916957664543,1.8643933566131636,0.16371739875083818,1,14.332199993077666,17.99550000578165
2429,80.96666666666464,TRACKING,1,0,1,0,-8.637616920522058,6.114722710930312,-8.644960499331797,6.1197410305251765,-8.647404856802721,6.118463114266321,-8.634049897115537,6.115548025546089,0.010478278186340713,0.838262254907257,0.2929005313501444,1,4.8630999808665365,12.04980001784861
2430,80.99999999999797,TRACKING,1,0,1,0,-8.581044538746166,6.184700775394272,-8.584262142965235,6.190303380005594,-8.577532668902117,6.18159277279604,-8.575964381507761,6.186137144482329,0.004689659897279993,0.37517279178239943,0.4223451004023607,0,5.2211000001989305,14.39379999646917
2431,81.0333333333313,TRACKING,1,0,1,0,-8.524249639738773,6.254587043716306,-8.524248186615045,6.260746171444372,-8.51286862610353,6.249999009343531,-8.530693559606105,6.262679878166607,0.012271003657866647,0.9816802926293319,0.8275963178132661,1,3.8528000004589558,12.56539998576045
2432,81.06666666666463,TRACKING,1,0,1,0,-8.467233578677822,6.324378923308074,-8.470621383639573,6.334052740093348,-8.473179938717594,6.338718056423509,-8.473755962019762,6.329380362840624,0.01552320637705869,1.241856510164695,0.6575390816404735,1,4.142299992963672,12.79649999924004
2433,81.09999999999796,TRACKING,1,0,1,0,-8.409997716018362,6.3940738250828,-8.414979252776948,6.404213666830065,-8.421879527422966,6.410597965519341,-8.414021806728115,6.39795349664771,0.020352509904705218,1.6282007923764175,0.44717894399014113,1,4.97219999670051,12.573300016811118
2434,81.1333333333313,TRACKING,1,0,1,0,-8.352543417460105,6.463669163551439,-8.357431855498874,6.473779352481398,-8.35429699581817,6.472216798928648,-8.362238614403587,6.470668240696463,0.008725658003817709,0.6980526403054167,0.9566070864212597,1,4.463300021598116,11.10760000301525
2435,81.16666666666463,TRACKING,1,0,1,0,-8.294872053914865,6.53316235691835,-8.302656340884397,6.544819512752365,-8.295132244490464,6.538692726240699,-8.30994212869092,6.5438953698221285,0.005536486609503262,0.44291892876026095,1.4801183082412297,2,3.988899989053607,10.998099984135479
2436,81.19999999999796,TRACKING,1,0,1,0,-8.236985001473768,6.602550827177193,-8.24895774345813,6.6168478202214915,-8.25189579117282,6.613516319226884,-8.247418054272151,6.614957918550997,0.018508745644727424,1.480699651578194,1.2968503557200615,2,3.796800010604784,10.37430000724271
2437,81.23333333333129,TRACKING,1,0,1,0,-8.178883641374524,6.671832000206691,-8.190885775955293,6.688421498563148,-8.191073849515428,6.68922662724861,-8.185486171566616,6.681733740643479,0.021240862139895077,1.6992689711916062,0.9520936714085017,2,10.300699999788776,19.316699996124953
2438,81.26666666666462,TRACKING,1,0,1,0,-8.120569359968405,6.741003305865873,-8.13091651089199,6.757673338662712,-8.132494644436553,6.746705375008106,-8.122662097649435,6.752331744120551,0.01321839635315352,1.0574717082522815,0.9216092509662369,2,9.275599993998185,16.483800020068884
2439,81.29999999999795,TRACKING,1,0,1,0,-8.062043548687198,6.8100621780895505,-8.069193804643715,6.827604657704502,-8.073139432323499,6.8191340801838365,-8.059204662606442,6.822398945011543,0.014332412263071592,1.1465929810457274,1.0127352025625302,2,8.779299998423085,22.69979999982752
2440,81.33333333333128,TRACKING,1,0,1,0,-8.003307604009924,6.879006054983624,-8.006108778466702,6.89745076004395,-8.017284370706834,6.896768446789332,-7.996832832100254,6.885322400651969,0.022602047915163334,1.8081638332130667,0.723630375854506,2,8.372299984330311,21.435200003907084
2441,81.36666666666461,TRACKING,1,0,1,0,-7.944362927429639,6.947832378919885,-7.942769041450515,6.963709625755059,-7.956976751662439,6.969552828034609,-7.935384191270364,6.944600700800966,0.02511745352382092,2.0093962819056737,0.7634089713160768,2,9.534799988614395,23.890100012067705
2442,81.39999999999795,TRACKING,1,0,1,0,-7.88521092541991,7.016538596631015,-7.879712714745837,7.026269978399439,-7.8839868884130855,7.026683993134001,-7.879786734562899,7.01081602166401,0.010218969458652357,0.8175175566921886,0.6307821720056821,2,7.878999982494861,20.78839999740012
2443,81.43333333333128,TRACKING,1,0,1,0,-7.82585300940128,7.0851221593054285,-7.81978754957334,7.090143389445772,-7.812741125866816,7.08018804019178,-7.820164108777112,7.076579442862433,0.014009533227378863,1.1207626581903092,0.821088427051193,1,9.397499990882352,23.937399993883446
2444,81.46666666666461,TRACKING,1,0,1,0,-7.766290595707607,7.153580522681581,-7.759555200300994,7.154236018754911,-7.755563151467218,7.154231964940747,-7.763268194011602,7.147747304315928,0.010747206006571806,0.8597764805257445,0.52557837711024,2,9.071200009202585,21.360999991884455
2445,81.49999999999794,TRACKING,1,0,1,0,-7.706525105552183,7.221911147142482,-7.700738983054733,7.22116342604566,-7.697062722920209,7.227226313091264,-7.70842917780295,7.215904226765879,0.010853003000874037,0.868240240069923,0.5041179769664054,2,9.823799977311864,20.7230000232812
2446,81.53333333333127,TRACKING,1,0,1,0,-7.64655796499396,7.290111497809978,-7.64367796054066,7.288257882070809,-7.6432535293173585,7.2946572147736894,-7.652809584968152,7.28620509798917,0.00561986101740721,0.4495888813925768,0.589740074876202,1,8.53859999915585,25.73540000594221
2447,81.5666666666646,TRACKING,1,0,1,0,-7.586390604903421,7.358179044638759,-7.58733742319168,7.356758203054095,-7.577629398543328,7.353089062838125,-7.596924850796739,7.357321796650908,0.010132455359631672,0.8105964287705337,0.8455254864182372,1,8.758000010857359,22.22990000154823
2448,81.59999999999793,TRACKING,1,0,1,0,-7.526024460928481,7.426111262509933,-7.531411089172856,7.426478484998889,-7.52776287429421,7.419571052506787,-7.535498209827445,7.428094659786316,0.00676730580921206,0.5413844647369648,0.7743313314868238,1,8.757000003242865,21.80029998999089
2449,81.63333333333127,TRACKING,1,0,1,0,-7.46546097346023,7.493905631325173,-7.472979458354516,7.496798536523162,-7.480557207557408,7.492060763331788,-7.4676977444947035,7.495596333065612,0.01520854436919627,1.2166835495357016,0.22430860221804558,1,9.193700010655448,24.510599992936477
2450,81.6666666666646,TRACKING,1,0,1,0,-7.40470158759849,7.561559636099942,-7.410029580473504,7.5658792801646815,-7.420347784506458,7.570340469713355,-7.400761927325767,7.558471928473681,0.017941753443555402,1.4353402754844322,0.4004386510794737,1,8.531900006346405,22.19590000458993
2451,81.69999999999793,TRACKING,1,0,1,0,-7.343747753117471,7.629070767056737,-7.344955382732127,7.6320134639512025,-7.342762678892611,7.627949429884898,-7.340488963080724,7.629112410860783,0.001492571030614663,0.11940568244917305,0.26072448857770153,1,9.050799999386072,19.059900019783527
2452,81.73333333333126,TRACKING,1,0,1,0,-7.282600924431069,7.696436519718281,-7.281800717060053,7.700420398149912,-7.280660903401933,7.687866740331998,-7.282697157264125,7.7040083837375475,0.008786626219605173,0.7029300975684138,0.6057980415124148,1,9.500699990894645,23.51310002268292
2453,81.76666666666459,TRACKING,1,0,1,0,-7.221262560558206,7.763654395000553,-7.220764525034244,7.771931259784367,-7.2232662979715885,7.77595076213856,-7.224401383996143,7.772524274520637,0.01245855563114964,0.9966844504919712,0.7527101977269977,1,7.830599992303178,19.497400004183874
2454,81.79999999999792,TRACKING,1,0,1,0,-7.159734125088027,7.8307218993052565,-7.160764695656828,7.842015141666643,-7.173229373944343,7.858894150343327,-7.1585860757095645,7.8332577063990865,0.03123775712572812,2.4990205700582497,0.22268664969424054,1,8.788400009507313,20.943400013493374
2455,81.83333333333125,TRACKING,1,0,1,0,-7.0980170861448935,7.897636544612444,-7.097724143267716,7.907670537436555,-7.101657231116549,7.905847692914001,-7.097938585772986,7.902372638438383,0.00898184902148962,0.7185479217191696,0.37893954799345375,1,9.51350000104867,24.551099981181324
2456,81.86666666666459,TRACKING,1,0,1,0,-7.03611291635348,7.964395848572935,-7.035796151434313,7.975114930998952,-7.034234493473918,7.972306123302501,-7.0406333340833305,7.970764206193031,0.008130247155632715,0.6504197724506172,0.6247695522915121,1,9.878399985609576,19.695599999977276
2457,81.89999999999792,TRACKING,1,0,1,0,-6.974023092803553,8.030997334600166,-6.975924111136396,8.042793170166535,-6.977663370359068,8.046194547044879,-6.980148968532954,8.035916913337983,0.015627120232817166,1.2501696186253732,0.6285404472440691,1,8.070799987763166,19.32900000247173
2458,81.93333333333125,TRACKING,1,0,1,0,-6.911749097014772,8.09743853196219,-6.915619176465756,8.109093492021811,-6.925421901633018,8.11637406512906,-6.914143110258928,8.09541711928127,0.023355941480538985,1.8684753184431189,0.2506619542224058,1,9.945199999492615,20.40770000894554
2459,81.96666666666458,TRACKING,1,0,1,0,-6.84929241490124,8.163716975873438,-6.852480306469396,8.171867329038921,-6.852390812313552,8.172981324855957,-6.852208825205928,8.160347163975942,0.009768737308093108,0.7814989846474486,0.3565261845288428,0,11.081300006480888,19.744299992453307
2460,81.99999999999791,TRACKING,1,0,1,0,-6.786654536736193,8.229830207585934,-6.789887325234677,8.235441950090067,-6.786326497541911,8.228824277190602,-6.790274540152927,8.225277208670613,0.0010580669512073647,0.08464535609658917,0.46533754706072866,0,10.078599996631965,17.061299993656576
2461,82.03333333333124,TRACKING,1,0,1,0,-6.723836957116347,8.295775774480623,-6.727377047378226,8.299196788801533,-6.721479844579609,8.292499663448973,-6.727468374071083,8.302479122246064,0.0040359488354712696,0.32287590683770157,0.6099026039679909,1,10.73140001972206,21.39599999645725
2462,82.06666666666457,TRACKING,1,0,1,0,-6.66084117492626,8.361551230158424,-6.664569853615124,8.368613157889808,-6.667603244994976,8.37188955375714,-6.6613036675670445,8.363198912590907,0.012353401411998819,0.9882721129599055,0.13690888861933223,1,9.450100013054907,23.60220000264235
2463,82.0999999999979,TRACKING,1,0,1,0,-6.597668693302582,8.427154134530955,-6.600094265935933,8.433807463938122,-6.61030567432542,8.442034703838793,-6.594016968853899,8.42398736955997,0.019522413587897646,1.5617930870318117,0.38668636867053446,2,12.153199990279973,21.96770001319237
2464,82.13333333333124,TRACKING,1,0,1,0,-6.534321019598108,8.492582053910787,-6.534094346730483,8.497115308003677,-6.527728823199529,8.497414517206893,-6.537542557208857,8.486647356100244,0.008173723439513699,0.6538978751610959,0.5402159134564646,2,10.767900006612763,21.246999996947125
2465,82.16666666666457,TRACKING,1,0,1,0,-6.470799665345945,8.557832561102177,-6.472417315626428,8.559930441556997,-6.465540041048569,8.556072448700018,-6.476362851330871,8.553550030925027,0.0055463180054686175,0.44370544043748944,0.5616495876744472,2,11.21120000607334,23.278599983314052
2466,82.1999999999979,TRACKING,1,0,1,0,-6.40710614622335,8.622903235490849,-6.410622393231903,8.62444366264894,-6.409128334908771,8.632516443957853,-6.409363601077889,8.61458274790272,0.009823595274109889,0.785887621928791,0.6897030833603506,2,9.05120000243187,16.521999990800396
2467,82.23333333333123,TRACKING,1,0,1,0,-6.3432419820155905,8.687791663133755,-6.34617560430814,8.686866847144065,-6.3529154642528525,8.697048205525544,-6.34083386751244,8.673876745360467,0.013388795152873487,1.071103612229879,1.1297403654933358,2,7.186000002548099,21.461399999679998
2468,82.26666666666456,TRACKING,1,0,1,0,-6.2792086965797065,8.752495436848701,-6.279593460246974,8.747475994681569,-6.2755357723214935,8.744928938066671,-6.276951853782131,8.742959997547725,0.008410842789223048,0.6728674231378439,0.7839099624852269,1,8.708400011528283,20.164899993687868
2469,82.2999999999979,TRACKING,1,0,1,0,-6.215007817808052,8.817012156303754,-6.214065600296761,8.81196485384285,-6.2019310689745595,8.806107137382863,-6.217258498267089,8.812333715706645,0.017027060748092817,1.3621648598474252,0.41533307269703945,1,8.529199985787272,18.472299998393282
2470,82.33333333333123,TRACKING,1,0,1,0,-6.150640877591981,8.881339428106068,-6.151057776695133,8.878513881918815,-6.152462119709077,8.885144751631834,-6.150677597661982,8.872152933184946,0.0042186976645443314,0.3374958131635465,0.7349254647349184,1,9.058099996764213,28.88530000927858
2471,82.36666666666456,TRACKING,1,0,1,0,-6.086109411785204,8.945474865890791,-6.086004188312363,8.94164071560858,-6.097422409038279,8.949425779580416,-6.081452177557663,8.933851903260077,0.011983055780181799,0.9586444624145438,1.0017044385331038,1,8.779099996900186,21.319699997548014
2472,82.39999999999789,TRACKING,1,0,1,0,-6.021414960167179,9.009416090409687,-6.018768472794656,9.00410259722135,-6.020646611086302,9.001672336876561,-6.020660110031008,8.9969329058587,0.007781778658627785,0.6225422926902228,1.00047891016121,1,7.762000022921711,21.7957999848295
2473,82.43333333333122,TRACKING,1,0,1,0,-5.956559066406287,9.07316072961919,-5.954508097428932,9.066669471615807,-5.946271735762858,9.061668939997041,-5.963586635990154,9.058356289909304,0.015423696070882394,1.2338956856705916,1.3110195589808622,1,6.260699999984354,15.141000010771677
2474,82.46666666666455,TRACKING,1,0,1,0,-5.891543278023137,9.136706418768515,-5.893528412376514,9.128410580529282,-5.89272894630076,9.126626346630045,-5.902708374397762,9.123638584088463,0.010149564699104847,0.8119651759283877,1.3750407825919226,1,7.89700000314042,24.921600008383393
2475,82.49999999999788,TRACKING,1,0,1,0,-5.826369146353544,9.200050800487476,-5.832587636236346,9.191688247461617,-5.850622186940461,9.197074344386895,-5.831913114248453,9.18765851653615,0.024435000892762883,1.9548000714210307,1.0860697039879796,1,7.989100005943328,23.445500002708286
2476,82.53333333333121,TRACKING,1,0,1,0,-5.761038226511537,9.263191524873738,-5.766938189510795,9.255097439239782,-5.768629618519957,9.260200404047842,-5.768438486118758,9.248243545581163,0.008159413975318107,0.6527531180254486,1.3343604962630693,1,8.97409999743104,23.686100001214072
2477,82.56666666666455,TRACKING,1,0,1,0,-5.695552077352278,9.326126249580089,-5.702510624980286,9.316979556581591,-5.690185866984488,9.311823995452341,-5.712008032862851,9.313995233000997,0.015275820332997814,1.222065626639825,1.6355256720859912,1,9.786800015717745,20.61649999814108
2478,82.59999999999788,TRACKING,1,0,1,0,-5.629912261434769,9.388852639901444,-5.641908619245844,9.380691371135807,-5.63096057877616,9.37622657194641,-5.65225685287313,9.378613883720199,0.012669513062995406,1.0135610450396324,1.966296652591365,1,8.507199992891401,20.048800011863932
2479,82.63333333333121,TRACKING,1,0,1,0,-5.564120344984715,9.45136836886125,-5.581716839295786,9.444689683911827,-5.58150517873642,9.446119876316093,-5.582840547558002,9.44121136005037,0.018159821545681017,1.4527857236544812,1.703851284344525,1,7.931900006951764,23.731199995381758
2480,82.66666666666454,TRACKING,1,0,1,0,-5.498177897857051,9.513671117297903,-5.517165843577438,9.507963041873184,-5.513886759414411,9.505791756709012,-5.514207102460801,9.507646336576196,0.0175742042413893,1.4059363393111441,1.3699246880871145,1,8.807500009424984,20.526500011328608
2481,82.69999999999787,TRACKING,1,0,1,0,-5.432086493498513,9.575758573950871,-5.450757412380286,9.572820457563882,-5.44181494112218,9.569881510182164,-5.445711934234836,9.575199962578818,0.011365851121138566,0.9092680896910853,1.0909509449621817,1,7.900600001448765,21.656900004018098
2482,82.7333333333312,TRACKING,1,0,1,0,-5.365847708910114,9.637628435546382,-5.383114482070614,9.639017171919987,-5.367952639462869,9.63711865918533,-5.378656291361724,9.640969160682063,0.002165780360565124,0.17326242884520995,1.0589662245095222,1,9.029700013343245,22.67589999246411
2483,82.76666666666453,TRACKING,1,0,1,0,-5.2994631246094235,9.699278406882632,-5.31540931396125,9.705129036427348,-5.30936557019456,9.709477467959637,-5.310753105947242,9.702872420484072,0.014215459029488245,1.1372367223590596,0.9478585966292713,1,7.394799991743639,19.86840000608936
2484,82.79999999999787,TRACKING,1,0,1,0,-5.232934324592994,9.760706200915354,-5.247179033634564,9.769345680758615,-5.251509628741624,9.773916159375904,-5.234557449043363,9.76220278095447,0.02279352817673398,1.8234822541387181,0.1766222598857019,1,8.757600007811561,21.317999984603375
2485,82.8333333333312,TRACKING,1,0,1,0,-5.1662628962984725,9.821909538842412,-5.174534921920732,9.83125820813627,-5.174591900092,9.831980295160294,-5.1652462413530635,9.825566350772103,0.013068758051427898,1.0455006441142318,0.3036404270017204,1,8.757600007811561,24.297299998579547
2486,82.86666666666453,TRACKING,1,0,1,0,-5.099450430566774,9.882886150188305,-5.103050968328162,9.893841564628357,-5.099248463547336,9.884646295622572,-5.098647031130349,9.892139131152696,0.0017716948458212725,0.1417355876657018,0.7430234769128614,1,9.785399975953624,19.76180000929162
2487,82.89999999999786,TRACKING,1,0,1,0,-5.03249852160402,9.943633772888461,-5.033263226374931,9.958215061725673,-5.035297953110174,9.955774410290232,-5.031688538297208,9.953073212196937,0.012459209175502556,0.9967367340402046,0.7579301811252892,1,11.446500022429973,22.501899977214634
2488,82.93333333333119,TRACKING,1,0,1,0,-4.965408766943645,10.004150153373267,-4.964317111739364,10.020743726891704,-4.972314808822714,10.02653760279259,-4.962723821643493,10.008175682234185,0.023428429438146534,1.8742743550517227,0.387102581752298,1,9.487300005275756,22.12039998266846
2489,82.96666666666452,TRACKING,1,0,1,0,-4.898182767408185,10.064433046651446,-4.894989794612227,10.079521270344072,-4.899852353417261,10.080547031509848,-4.896835724850187,10.070353476446135,0.01620024769744285,1.2960198157954281,0.48573910763300776,1,6.968699977733195,22.66250000684522
2490,82.99999999999785,TRACKING,1,0,1,0,-4.830822127071103,10.124480216393465,-4.827120900045492,10.139775343108086,-4.818955990630923,10.138953448808953,-4.829169371794651,10.131597291259961,0.01871575941739263,1.4972607533914104,0.5845167831795492,0,6.709599983878434,22.492999996757135
2491,83.03333333333119,TRACKING,1,0,1,0,-4.763328453218539,10.184289435014588,-4.759125066496019,10.200069304082776,-4.759562976879334,10.201891550860815,-4.760526389181849,10.184084851179758,0.01800036928302046,1.4400295426416367,0.2247618104384576,1,6.941500003449619,18.22100000572391
2492,83.06666666666452,TRACKING,1,0,1,0,-4.695703356310856,10.243858483757295,-4.690726655912691,10.256345050974526,-4.69485369795003,10.267034234479409,-4.689734626724351,10.237473212072867,0.023191320377755294,1.8553056302204234,0.6992449750330496,1,8.210400003008544,21.63009997457266
2493,83.09999999999785,TRACKING,1,0,1,0,-4.627948449944369,10.303185152773725,-4.621097490458022,10.31092790276284,-4.621393595873344,10.312415656978525,-4.624382008535735,10.295890137917,0.011321144808156568,0.9056915846525254,0.6496115569467359,1,8.716699987417087,20.995300001231954
2494,83.13333333333118,TRACKING,1,0,1,0,-4.560065350812737,10.362267241207729,-4.553405846319572,10.366716238141489,-4.5420773256975995,10.358802692799124,-4.561818068794734,10.35659653941579,0.01831862831159531,1.4654902649276247,0.47483136636081424,1,7.951000006869435,22.19899999909103
2495,83.16666666666451,TRACKING,1,0,1,0,-4.492055678668416,10.421102557276328,-4.488065662808984,10.424190686295074,-4.4857868093373225,10.417006488184878,-4.49401961338778,10.41671749360179,0.007488424713666803,0.5990739770933443,0.38438166875471996,1,9.02289999066852,20.48890001606196
2496,83.19999999999784,TRACKING,1,0,1,0,-4.423921056284036,10.479688918351117,-4.421520895304818,10.482424980581197,-4.424832667005204,10.485909762314556,-4.424980048651431,10.472532383104314,0.006287283493242454,0.5029826794593963,0.5787570769043128,1,9.087599988561124,21.65189999504946
2497,83.23333333333117,TRACKING,1,0,1,0,-4.355663109413575,10.538024151039338,-4.353902267009631,10.539078261468815,-4.3659918656683026,10.554520101703716,-4.353252895237292,10.523599388889794,0.019462774573302144,1.5570219658641715,1.1699788591497426,1,7.83180000144057,19.287999981315807
2498,83.2666666666645,TRACKING,1,0,1,0,-4.287283466753721,10.596106091264305,-4.284276184921342,10.592614174532006,-4.285199097931108,10.585266716202486,-4.284134413422239,10.5891580409293,0.011037963812201089,0.8830371049760871,0.6102691358659698,1,8.952600008342415,19.353699986822903
2499,83.29999999999784,TRACKING,1,0,1,0,-4.2187837599049125,10.653932584345785,-4.21482912655338,10.65174876568512,-4.211513896882133,10.643430520176832,-4.2183421374535115,10.65546117611147,0.012772793749951206,1.0218234999960965,0.1272886024924038,1,10.48530000844039,20.91600000858307
2500,83.33333333333117,TRACKING,1,0,1,0,-4.150165623332449,10.711501485079996,-4.147005364868083,10.71398497818905,-4.143728444709698,10.719765637343452,-4.153545360103781,10.711972922273958,0.010475374993516251,0.8380299994813001,0.27299668770260443,1,8.13539998489432,20.822099992074072
2501,83.3666666666645,TRACKING,1,0,1,0,-4.0814306943274,10.768810657819161,-4.0805524158435365,10.773353538837823,-4.086187722870424,10.785782780669312,-4.080967197395529,10.764016171012301,0.017626181509327016,1.4100945207461613,0.3853470800990511,1,7.5428000127431005,16.686399991158396
2502,83.39999999999783,TRACKING,1,0,1,0,-4.012580612967679,10.825857976550493,-4.011036223673607,10.829234453881796,-4.0010919778444,10.831455559888909,-4.015090389304042,10.82166082294729,0.012779736938855743,1.0223789551084594,0.3912243397536071,1,7.37839998328127,20.826099993428215
2503,83.43333333333116,TRACKING,1,0,1,0,-3.9436170220788194,10.882641324975474,-3.943399357945504,10.885901606728893,-3.9244633142771606,10.878118596242615,-3.9522641538710928,10.884512742414017,0.019680436929660653,1.5744349543728522,0.7077856916880108,1,7.603300007758662,18.864100013161078
2504,83.4666666666645,TRACKING,1,0,1,0,-3.8745415671947923,10.939158596588118,-3.878058017310364,10.945337379187205,-3.8783922232040355,10.939484061860012,-3.879712612277789,10.944313770561365,0.003864386024290333,0.3091508819432266,0.5841398514455922,1,7.904700003564358,23.50989999831654
2505,83.49999999999783,TRACKING,1,0,1,0,-3.805355896518771,10.995407694753094,-3.8091582670528905,11.00475501893568,-3.8152614271998297,11.009634040392795,-3.802575042788862,10.99577904976048,0.017335179501050204,1.3868143600840162,0.22444316174796386,1,7.829700014553964,16.600299975834787
2506,83.53333333333116,TRACKING,1,0,1,0,-3.736061660883702,11.051386532783567,-3.7362654314763795,11.060196684888508,-3.7438566297824143,11.067034950652815,-3.7307857276435903,11.046895819298653,0.017482406068458453,1.3985924854766763,0.5542676849765973,1,7.308300002478063,21.382999984780326
2507,83.56666666666449,TRACKING,1,0,1,0,-3.666660513713066,11.107093034018714,-3.663716305270052,11.113399207938361,-3.6622622076697287,11.113446620432867,-3.6666205601501494,11.101706438725069,0.0077274288332520365,0.618194306660163,0.43093947710339026,1,9.158300003036857,18.793600000208244
2508,83.59999999999782,TRACKING,1,0,1,0,-3.597154110981326,11.162525131900546,-3.594891171229543,11.167006480638193,-3.5958916896217223,11.163034422183975,-3.5995255066785217,11.163853285059224,0.001361280383307737,0.10890243066461895,0.21743976991280464,1,8.81860000663437,20.81489999545738
2509,83.63333333333115,TRACKING,1,0,1,0,-3.5275441111744374,11.217680770050698,-3.526587881255307,11.224368335302874,-3.538869434762743,11.236856140844107,-3.5249141436251366,11.21518384521305,0.022270110000728743,1.7816088000582995,0.29011846358610455,1,8.92079999903217,20.980000001145527
2510,83.66666666666448,TRACKING,1,0,1,0,-3.457832175250302,11.272557902346794,-3.4550854591334357,11.278319860293788,-3.461880802293769,11.287396813882946,-3.456500163290315,11.271576603741153,0.015381309323814112,1.2305047459051288,0.13235595194731126,2,3.1024999916553497,16.86649999464862
2511,83.69999999999781,TRACKING,1,0,1,0,-3.3880199665990336,11.327154492998153,-3.3850926894347757,11.333350585023371,-3.3829355267638967,11.330793185317646,-3.3915638016933216,11.329829142479346,0.0062523283849349135,0.500186270794793,0.35519024331423477,1,5.935499997576699,16.742700012400746
2512,83.73333333333115,TRACKING,1,0,1,0,-3.3181091510034184,11.381468516621428,-3.3174127530099287,11.389667036540997,-3.3103517104602838,11.374340813729965,-3.324932659131058,11.3923741629124,0.010534801008525888,0.8427840806820711,1.0291538557607647,1,7.697499997448176,15.304200001992285
2513,83.76666666666448,TRACKING,1,0,1,0,-3.2481013965990733,11.435497958315825,-3.2502044063356275,11.448908193570531,-3.2518250997456186,11.445195667340826,-3.2536942342016175,11.443617028133335,0.010388047239841868,0.8310437791873494,0.7887169414690484,1,7.851600006688386,21.11729999887757
2514,83.79999999999781,TRACKING,1,0,1,0,-3.17799837383466,11.48924081373766,-3.1811081476521177,11.504111954073325,-3.1869039863184776,11.507133349292891,-3.181780634354278,11.495046948308836,0.01998631437527099,1.598905150021679,0.5543526288383629,1,8.284000010462478,18.792299990309402
2515,83.83333333333114,TRACKING,1,0,1,0,-3.107801755432055,11.542695089174808,-3.110721701418441,11.557524896314835,-3.106797209970964,11.548573984804062,-3.1172164580451724,11.55072995119671,0.005964103067775917,0.4771282454220734,0.9901777876868235,1,9.207099996274337,20.89379998506047
2516,83.86666666666447,TRACKING,1,0,1,0,-3.037513216346337,11.59585880162077,-3.0432113133044867,11.611852602819726,-3.0316814667729157,11.600935206174258,-3.0499352803195223,11.60627346614609,0.007731700089745861,0.618536007179669,1.2968217407897196,1,8.664900000439957,19.443600001977757
2517,83.8999999999978,TRACKING,1,0,1,0,-2.9671344337259713,11.64872997884803,-2.9757369886518985,11.666457278804419,-2.980215537175235,11.663629950972663,-2.969071311601929,11.65468626138791,0.01982736585543259,1.5861892684346073,0.5010631743084694,1,7.75469999643974,14.96859997860156
2518,83.93333333333113,TRACKING,1,0,1,0,-2.896667086872691,11.701306659481336,-2.9016611699448465,11.717708664335223,-2.9127874544713466,11.726102076999544,-2.883166726826489,11.701406439275123,0.029574972213309354,2.3659977770647482,1.0800583017873577,1,10.26599999750033,20.178899983875453
2519,83.96666666666447,TRACKING,1,0,1,0,-2.8261128572014775,11.753586893070501,-2.8216091684506233,11.766406373014751,-2.8200484993530464,11.7639738585078,-2.807443369291937,11.752807748161986,0.012027696666837904,0.9622157333470324,1.4948591277424137,0,7.117400004062802,20.497599994996563
2520,83.9999999999978,TRACKING,1,0,1,0,-2.755473428200338,11.805568740162744,-2.7430786082293266,11.815908867329796,-2.7321715300658305,11.804894075538456,-2.7317200117573854,11.80420905704885,0.02331166293995857,1.8649330351966857,1.9033839858652544,0,7.395500026177615,21.1010999919381
2521,84.03333333333113,TRACKING,1,0,1,0,-2.6847504853902917,11.857250272374419,-2.664933532727468,11.865681091563767,-2.6614361753387996,11.857485196057528,-2.6717993015080714,11.858905908657226,0.02331549361077288,1.8652394888618302,1.0445264433670376,1,9.157099993899465,22.784800006775185
2522,84.06666666666446,TRACKING,1,0,1,0,-2.6139457162850457,11.908629572462914,-2.5942240608564218,11.91717727952771,-2.6067412802920242,11.919732512819394,-2.5968735910723955,11.90990397790743,0.013235527285948769,1.0588421828759016,1.3695700195630307,1,9.514400007901713,19.94249998824671
2523,84.09999999999779,TRACKING,1,0,1,0,-2.5430608103507577,11.95970473439757,-2.521022514476145,11.968040988853247,-2.5295511424802792,11.96857934646511,-2.52155358369776,11.956555657274988,0.01616384438553953,1.2931075508431626,1.7389237775633895,1,8.877300017047673,19.05649999389425
2524,84.13333333333112,TRACKING,1,0,1,0,-2.4720974589657487,12.01047386343036,-2.4469169351005937,12.016665351818071,-2.439586853737472,12.00605149473167,-2.460308765726491,12.008033293868637,0.032810010625051546,2.624800850004124,0.9630939080274152,1,8.152499998686835,19.324300024891272
2525,84.16666666666445,TRACKING,1,0,1,0,-2.4010573553800425,12.060935076166228,-2.3790620487737595,12.066372390922389,-2.3710129943146088,12.059548070693673,-2.396022394393937,12.057525035236202,0.03007635975331869,2.406108780265495,0.486484277409637,1,10.779600008390844,22.274899994954467
2526,84.19999999999779,TRACKING,1,0,1,0,-2.329942194675116,12.111086500633064,-2.3129963678322074,12.11551342206436,-2.319363058430131,12.123556037365107,-2.326791363999517,12.105801347468956,0.01635259826454887,1.3082078611639094,0.4922475989296492,1,8.375200006412342,17.44570001028478
2527,84.23333333333112,TRACKING,1,0,1,0,-2.258753673723354,12.160926276350951,-2.245841427150507,12.163852958138259,-2.256181730490608,12.17599024965584,-2.2512909013499236,12.15063329455401,0.01528195614844079,1.2225564918752632,1.0170968748976694,1,8.763899997575209,21.92769999965094
2528,84.26666666666445,TRACKING,1,0,1,0,-2.1874934911475816,12.210452554401293,-2.175065703437365,12.210034079306043,-2.171532293884713,12.209910602432672,-2.1847565584765554,12.202311146964979,0.015970395424049356,1.2776316339239486,0.6871311513348375,1,7.950600003823638,19.06540000345558
2529,84.29999999999778,TRACKING,1,0,1,0,-2.1161633472805614,12.25966349749548,-2.1068089587624192,12.2585278031848,-2.0992785098456945,12.250386976493857,-2.11883013443784,12.259012225782294,0.0192652946277865,1.5412235702229198,0.21961287520172912,1,8.952799980761483,26.40070000779815
2530,84.33333333333111,TRACKING,1,0,1,0,-2.0447649441243185,12.30855728004287,-2.039862023403842,12.310639167392933,-2.041426543866381,12.316688205416787,-2.0497147750023403,12.307210434236517,0.00878958837024884,0.7031670696199072,0.4103837762649653,1,5.455500009702519,18.15879999776371
2531,84.36666666666444,TRACKING,1,0,1,0,-1.9732999853096844,12.35713208821861,-1.9721420762978406,12.360565144267289,-1.9786618469582127,12.369056498123996,-1.9739672687933272,12.352786034573969,0.01307444499509021,1.0459555996072167,0.35175854927730904,1,7.960899994941428,21.02260000538081
2532,84.39999999999777,TRACKING,1,0,1,0,-1.9017701760555448,12.405386120031,-1.9007608811598287,12.408330593381278,-1.9003149712388216,12.401347082215796,-1.9043197772161777,12.406829007813691,0.0042931861747729895,0.3434548939818392,0.23436574810140842,1,3.7908000231254846,17.41010000114329
2533,84.4333333333311,TRACKING,1,0,1,0,-1.8301772231281985,12.453317585388183,-1.8304497470714851,12.459084341202143,-1.8214863702520039,12.44678638879785,-1.8339441251380002,12.457340918972015,0.010871405273341113,0.869712421867289,0.4409209552978399,0,2.6396000175736845,10.382499982370064
2534,84.46666666666444,TRACKING,1,0,1,0,-1.758522834800535,12.50092470616462,-1.760039890228449,12.509470846305264,-1.7603852639154862,12.507529497983901,-1.7635684730598227,12.50785283013034,0.006862355075647571,0.5489884060518057,0.6856581871596,0,7.220699975732714,20.14239999698475
2535,84.49999999999777,TRACKING,1,0,1,0,-1.686808720811424,12.548205716267127,-1.689642630641086,12.559895715655598,-1.694124514457295,12.568919138785706,-1.6822331272255344,12.54655852788794,0.02196740105479348,1.7573920843834783,0.38904425430336553,1,8.40669998433441,22.469400020781904
2536,84.5333333333311,TRACKING,1,0,1,0,-1.6150365923248198,12.595158861700353,-1.6143570101167224,12.605061062885603,-1.6154328310861616,12.60749532983475,-1.612005762798479,12.594878299756628,0.012342829950500395,0.9874263960400316,0.24350300363823055,1,8.304599992698058,21.906200010562316
2537,84.56666666666443,TRACKING,1,0,1,0,-1.5432081618889533,12.641782400631662,-1.5413426602602767,12.651611941105172,-1.527520876135949,12.64449624525563,-1.5444027993670595,12.646566873657479,0.0159202979538528,1.273623836308224,0.3945090383866043,1,7.395500026177615,23.579099972266704
2538,84.59999999999776,TRACKING,1,0,1,0,-1.4713251433954984,12.688074603456073,-1.4704468436039293,12.70008282951959,-1.4646535531081797,12.695430214830726,-1.4723899199868085,12.696851319987971,0.009930515377197942,0.7944412301758353,0.7072855254650922,1,8.703700004843995,23.515500011853874
2539,84.6333333333311,TRACKING,1,0,1,0,-1.3993892520385711,12.734033752860238,-1.3987777040720366,12.749070410717136,-1.4103990291933142,12.75681590805256,-1.3940403382560211,12.736243655186156,0.02530299958906384,2.0242399671251072,0.462995788789484,1,7.205500005511567,18.270200002007186
2540,84.66666666666443,TRACKING,1,0,1,0,-1.3274022042739602,12.779658143886122,-1.323711535518271,12.79306377181745,-1.3284237569637558,12.803814391167828,-1.3196754109373579,12.77813507772828,0.024177838047123854,1.9342270437699083,0.6300377933437424,1,6.624500005273148,15.937899996060878
2541,84.69999999999776,TRACKING,1,0,1,0,-1.2553657177780675,12.824946083994304,-1.2488294092275345,12.835755719164174,-1.242980829344547,12.832862486856278,-1.2508248631226644,12.825268226650639,0.014698805930545197,1.1759044744436158,0.364181378041453,1,10.11640002252534,19.639399979496375
2542,84.73333333333109,TRACKING,1,0,1,0,-1.183281511406947,12.869895893126843,-1.176597446258771,12.880083543492955,-1.1704698720488698,12.868434545969034,-1.18416020154239,12.876146430460029,0.012894713589571172,1.0315770871656937,0.504959805498515,1,9.851900016656145,21.561500005191192
2543,84.76666666666442,TRACKING,1,0,1,0,-1.1111513051553186,12.914505903769452,-1.1068791153507125,12.927089942672199,-1.104503406729134,12.926664607543522,-1.1129384772564235,12.919615316360135,0.013857439552472957,1.1085951641978364,0.4330363948920172,1,7.979799993336201,24.280300014652312
2544,84.79999999999775,TRACKING,1,0,1,0,-1.0389768201154228,12.95877446101343,-1.036394433108273,12.971929522335106,-1.0416072923414212,12.98580293316762,-1.0381948596885637,12.961229555198036,0.027156172247235554,2.1724937797788444,0.20612927306074091,1,8.00070000695996,18.03259999724105
2545,84.83333333333108,TRACKING,1,0,1,0,-0.9667597784361108,13.00269992261714,-0.9639384427181727,13.014950011519169,-0.958158262020572,13.017473035800238,-0.9699794989211239,13.005028389151816,0.017094764045385926,1.3675811236308741,0.31787651846307213,1,9.222599997883663,29.01719999499619
2546,84.86666666666441,TRACKING,1,0,1,0,-0.8945019032816479,13.046280659066767,-0.8936796365945799,13.057997541346587,-0.8842697684524259,13.054228048894462,-0.9026158816598753,13.046482504017618,0.012955986579058,1.0364789263246401,0.6493190846123047,1,9.189100004732609,17.578400002093986
2547,84.89999999999775,TRACKING,1,0,1,0,-0.822204918790649,13.089515053636855,-0.8248429095712294,13.099772522420569,-0.8229180473182571,13.098946982778699,-0.8308943874228992,13.085618810299886,0.009458849805005259,0.7567079844004206,0.7618402026744995,1,8.669699978781864,15.90940001187846
2548,84.93333333333108,TRACKING,1,0,1,0,-0.7498705500348353,13.132401502450353,-0.75471091600128,13.139755398995002,-0.7584307825364037,13.147914153204022,-0.7573900934524173,13.123691465939473,0.017717785242129275,1.417422819370342,0.9205503370650188,1,9.142399998381734,17.370699992170557
2549,84.96666666666441,TRACKING,1,0,1,0,-0.6775005229780282,13.174938414537964,-0.6831068463237079,13.178220273192691,-0.6854860450889158,13.173297283403878,-0.6820584196701647,13.170425233094818,0.008152415272956867,0.6521932218365494,0.5131439033718096,1,7.653100008610636,21.750799991423264
2550,84.99999999999774,TRACKING,1,0,1,0,-0.6050965644348634,13.217124211897245,-0.6097072928978886,13.220165693499464,-0.6009212553171115,13.213282925135042,-0.6133727512549298,13.218037465933465,0.005673507752551051,0.4538806202040841,0.666113749879113,1,10.252900014165789,19.411399989621714
2551,85.03333333333107,TRACKING,1,0,1,0,-0.5326604020296124,13.258957329551214,-0.5385906706633525,13.264316646147698,-0.5401098453752914,13.260359836881582,-0.5376371204179514,13.261583110391893,0.007580318790936059,0.6064255032748848,0.45015517992877324,1,6.660800019744784,19.166899990523234
2552,85.0666666666644,TRACKING,1,0,1,0,-0.46019376415498603,13.300436215606265,-0.4649892909419998,13.30788423770993,-0.4738290208046215,13.320873354584682,-0.45988769340942265,13.296468383745058,0.0245682085941279,1.9654566875302322,0.31836953603105206,1,8.617899991804734,20.818500022869557
2553,85.09999999999773,TRACKING,1,0,1,0,-0.38769837993078915,13.341559331309812,-0.38925066297951555,13.347000612603816,-0.4029557004743113,13.361997567098221,-0.3810636006967372,13.333022616838601,0.025505044840392094,2.0404035872313675,0.8649468495026286,1,8.336500002769753,20.053999993251637
2554,85.13333333333107,TRACKING,1,0,1,0,-0.31517597916281925,13.382325151107413,-0.3116917496675228,13.38461224760856,-0.3054802886838854,13.378858538192024,-0.3138785608580642,13.3775971296519,0.010296786827376359,0.8237429461901087,0.39222427169203783,1,7.961599971167743,20.19570002448745
2555,85.1666666666644,TRACKING,1,0,1,0,-0.24262829230148675,13.422732162699344,-0.23889387747319812,13.42516541590811,-0.23158340921164666,13.413341456054447,-0.24874561495209366,13.425123013610847,0.01449740713916627,1.1597925711333015,0.5254350090668192,1,3.250800014939159,17.165600002044812
2556,85.19999999999773,TRACKING,1,0,1,0,-0.1700570504005513,13.462778867096546,-0.16951402324189502,13.468659202056047,-0.178631105720351,13.47062789517471,-0.17328532128865037,13.463736099416558,0.011624184547691626,0.92993476381533,0.2693758907272656,1,7.13840001844801,18.57779998681508
2557,85.23333333333106,TRACKING,1,0,1,0,-0.09746398507584397,13.502463778676498,-0.09710670700530201,13.509467639995833,-0.10701114934008525,13.508414369226815,-0.09861063940928239,13.503784243328106,0.011249794370828398,0.8999835496662718,0.13990723913309602,1,8.075899997493252,19.24759999383241
2558,85.26666666666439,TRACKING,1,0,1,0,-0.02485082846384301,13.541785425238178,-0.023788244220472862,13.549850461025919,-0.011771592311682582,13.545769718994183,-0.03707205837050267,13.546222801891291,0.013672637458007985,1.0938109966406389,1.040150056845348,1,8.487299986882135,24.817400000756606
2559,85.29999999999772,TRACKING,1,0,1,0,0.047780686819497764,13.580742348056644,0.043621666166664214,13.591039263209463,0.04565536885889001,13.579549138929469,0.031365602549816504,13.589720892649991,0.0024373601405732834,0.19498881124586268,1.4968110199390428,1,8.311600016895682,21.205600001849234
2560,85.33333333333105,TRACKING,1,0,1,0,0.12042882772019636,13.619333101937212,0.11149653583290477,13.633159452628663,0.1090553761190597,13.62891710465238,0.10494627729083301,13.63007151718959,0.014873080022905844,1.1898464018324675,1.5073641735008296,1,8.069500006968156,19.59270000224933
2561,85.36666666666439,TRACKING,1,0,1,0,0.1930918607875418,13.657556255269121,0.18177927961228496,13.67426160957795,0.1748882242945244,13.67743327125064,0.17850865435957214,13.666405053210086,0.02695307303257814,2.156245842606251,1.3646300825546702,1,7.97700000111945,23.413399991113693
2562,85.39999999999772,TRACKING,1,0,1,0,0.265768052215562,13.695410390078507,0.25335644905246985,13.712897334320616,0.2526240790230941,13.715363995940246,0.25194390596196337,13.700471354767568,0.023893731775717384,1.9114985420573907,1.177714079324345,1,8.340500004123896,20.55149999796413
2563,85.43333333333105,TRACKING,1,0,1,0,0.33845566788423487,13.732894102081088,0.3257572190835969,13.74904294627687,0.3274000376742378,13.748703482730095,0.33030843882684163,13.74058440642157,0.019291538970371978,1.5433231176297584,0.8962789642975849,1,7.653700013179332,20.557999989250675
2564,85.46666666666438,TRACKING,1,0,1,0,0.4111529734009722,13.770006000734305,0.40118654428244427,13.786762728804943,0.4007459746829082,13.782738379385833,0.40752448843690386,13.775865288797801,0.016444424235699553,1.3155539388559643,0.5513454655396755,1,7.50879998668097,21.979200013447553
2565,85.49999999999771,TRACKING,1,0,1,0,0.4838582341419771,13.806744709288795,0.47768503236113186,13.82271959892537,0.46867962212468106,13.823611903668422,0.4845883771235541,13.811382772432875,0.02269124300279097,1.8152994402232776,0.37561459824257476,1,8.552499988581985,22.190999996382743
2566,85.53333333333104,TRACKING,1,0,1,0,0.5565697152936075,13.843108864839515,0.5548746956837824,13.858028760125654,0.5461987997242868,13.854182979263127,0.5627114428752585,13.845876921869813,0.015172076325053383,1.2137661060042706,0.5389349936915018,1,9.008299995912239,21.343000000342727
2567,85.56666666666437,TRACKING,1,0,1,0,0.6292856818938758,13.879097118376373,0.6330125682234453,13.892406918776022,0.6380171618695019,13.884490756939572,0.6321330800340296,13.884798143221355,0.010263044359018487,0.821043548721479,0.5098037925423212,1,8.755499991821125,23.011800018139184
2568,85.5999999999977,TRACKING,1,0,1,0,0.7020043988736884,13.914708134834147,0.7072785621374165,13.928521069593192,0.7125929027805223,13.926537911411835,0.7027510602194493,13.92043880220478,0.015876398485269082,1.2701118788215264,0.462328379768969,1,9.420899994438514,23.759800009429455
2569,85.63333333333104,TRACKING,1,0,1,0,0.7747241310983513,13.949940593142069,0.7801462602634499,13.96387449685776,0.7728455228630038,13.968919809109872,0.7766274895432437,13.952878742507295,0.01907196391708108,1.5257571133664862,0.2800627936688254,2,9.37859999248758,20.036400004755706
2570,85.66666666666437,TRACKING,1,0,1,0,0.847443143408946,13.984793186272904,0.8536002414501396,13.997395107422317,0.8473530586610064,14.005847807142485,0.8494477343268595,13.982831993120296,0.02105481358795671,1.6843850870365369,0.22435205662556246,2,7.743900001514703,24.372900021262467
2571,85.6999999999977,TRACKING,1,0,1,0,0.9201597006637054,14.019264621291303,0.9266961731495459,14.028699085935402,0.9336372722576332,14.024072719781987,0.9135040589751465,14.0195909523811,0.014309533436334357,1.1447626749067485,0.5330909611938368,2,10.521499993046746,19.882400025380775
2572,85.73333333333103,TRACKING,1,0,1,0,0.9928720677795219,14.053353619401838,0.9952339065613474,14.062173281772093,1.0029416285306134,14.059921034452094,0.9852881990700633,14.050392005452727,0.012021938036866254,0.9617550429493004,0.6513308064490714,2,9.697300003608689,20.993400015868247
2573,85.76666666666436,TRACKING,1,0,1,0,1.0655785097731882,14.08705891599648,1.0652551627262603,14.093668884220673,1.0604592204622614,14.095332561965112,1.0629803806567235,14.080448292653417,0.009729354586160184,0.7783483668928147,0.568228775841098,2,9.503699984634295,23.107399989385158
2574,85.7999999999977,TRACKING,1,0,1,0,1.1382772918029032,14.120379260701483,1.1387012231133051,14.12396607267365,1.1381152537339068,14.126926181317689,1.1404261181368818,14.110544951163591,0.006548925552386643,0.5239140441909315,0.8053067935167914,2,9.619099990231916,23.495700006606057
2575,85.83333333333103,TRACKING,1,0,1,0,1.210966679209639,14.153313417423648,1.2139368470935175,14.153572375270505,1.2223843680344104,14.151300784027422,1.211692445696306,14.142646637523525,0.011593718613409505,0.9274974890727603,0.8553153539820547,2,10.516300011659041,21.93519999855198
2576,85.86666666666436,TRACKING,1,0,1,0,1.2836449375585053,14.1858601643964,1.2872782196172596,14.183787632316726,1.2938930115831733,14.173725129141207,1.2831345491072161,14.179032223148948,0.015883390754491213,1.2706712603592971,0.5477592349921716,1,7.861099991714582,23.52940000128001
2577,85.89999999999769,TRACKING,1,0,1,0,1.3563103326802413,14.218018294224981,1.3598594636529293,14.216482304971118,1.3635117531481271,14.21508943526818,1.3562530878465546,14.210893265136924,0.00777423125100622,0.6219385000804976,0.5700207237026392,1,4.285500006517395,14.092600002186373
2578,85.93333333333102,TRACKING,1,0,1,0,1.4289611307124348,14.24978661393122,1.4327399322897447,14.248299096703708,1.4255880969041594,14.258040889676929,1.4323394637870768,14.237449092276902,0.008916861844727236,0.7133489475781789,1.02333595635919,1,5.34709999919869,18.371500016655773
2579,85.96666666666435,TRACKING,1,0,1,0,1.5015955981409994,14.281163944997836,1.5072000596120305,14.277220434076092,1.504725710064512,14.278037026144608,1.5044560136503011,14.268499214874108,0.004424389468433909,0.35395115747471273,1.0386987736361986,1,9.635800000978634,20.845299994107336
2580,85.99999999999768,TRACKING,1,0,1,0,1.5742120018414858,14.312149123412198,1.5805078792852412,14.306865844020273,1.5851576920910233,14.300683992534767,1.5714859527662324,14.303503000100779,0.01585109968032001,1.2680879744256008,0.7252554501776953,1,7.611499982886016,21.42870001262054
2581,86.03333333333102,TRACKING,1,0,1,0,1.6468086091205412,14.34274099970941,1.6507695460554312,14.338696854708521,1.659952151766557,14.335316114444925,1.6408469005860054,14.337827161046963,0.015095748887630307,1.2076599110104245,0.61806293039494,1,8.031200006371364,18.244899983983487
2582,86.06666666666435,TRACKING,1,0,1,0,1.7193836877570932,14.372938439015002,1.7205260751722469,14.371414701188625,1.7103820977752928,14.379476116046414,1.7181729802884917,14.365517141744373,0.011125189578946556,0.8900151663157244,0.6015524755354379,1,5.723499984014779,22.67470001243055
2583,86.09999999999768,TRACKING,1,0,1,0,1.79193550604379,14.402740321087084,1.7938004661303903,14.401459087859855,1.7902422974144676,14.411550858015497,1.7913002123278456,14.395682296297835,0.008971762169682491,0.7177409735745993,0.566924683709811,1,8.276999986264855,21.039600018411875
2584,86.13333333333101,TRACKING,1,0,1,0,1.8644623328282923,14.432145540357796,1.8667734809611896,14.431444906714589,1.8709057123464106,14.422021250834607,1.860144807736838,14.433111290834614,0.012000765724063433,0.9600612579250747,0.3539373675558765,1,8.178999996744096,18.350700003793463
2585,86.16666666666434,TRACKING,1,0,1,0,1.936962437554554,14.461153005974381,1.9377109089898887,14.464875885181364,1.9441478449099885,14.459744667979033,1.9269127850745114,14.463707878040815,0.00732212365182908,0.5857698921463265,0.8295459432551008,1,10.07489999756217,19.977199990535155
2586,86.19999999999767,TRACKING,1,0,1,0,2.0094340903042216,14.4897616418397,2.006534364830601,14.496680381607954,2.002893897285681,14.494897606504402,2.000430486643677,14.492891689234687,0.008315783652599574,0.6652626922079659,0.762572805478054,1,9.104900003876537,20.667299977503717
2587,86.233333333331,TRACKING,1,0,1,0,2.0818755618377516,14.517970386652044,2.077500614790002,14.527196201447792,2.0728697578645003,14.539567320378875,2.0716466230801522,14.524226690895881,0.023399402804468818,1.8719522243575053,0.9592414699898822,0,7.5388000113889575,22.854099981486797
2588,86.26666666666434,TRACKING,1,0,1,0,2.1542851236357787,14.545778193944567,2.1482830423153967,14.55801889521581,2.148120305854791,14.557386024108505,2.149085699180065,14.548269167123255,0.01314331386628185,1.051465109302548,0.46122592848272254,1,7.849199988413602,17.028400005074218
2589,86.29999999999767,TRACKING,1,0,1,0,2.2266610479403326,14.573184032124153,2.2221078558297993,14.585436910949609,2.226681950679864,14.5776246684273,2.220087799473463,14.578382756564952,0.0044406854990347655,0.3552548399227813,0.6704474027086804,1,8.989099995233119,25.794299988774583
2590,86.333333333331,TRACKING,1,0,1,0,2.2990016077960385,14.600186884509577,2.294514109487787,14.613947042749851,2.2946197361265566,14.611343629827896,2.2953225034835074,14.605075805040288,0.011986399185144643,0.9589119348115714,0.4894885657375063,1,8.13390000257641,22.730500000761822
2591,86.36666666666433,TRACKING,1,0,1,0,2.3713050770914275,14.62678574936929,2.3684483456926166,14.641137772118409,2.3592925874499038,14.65065916726861,2.3700126391961573,14.63117301871586,0.02672526874669946,2.138021499735957,0.36589421887733914,1,8.499199990183115,21.531800011871383
2592,86.39999999999766,TRACKING,1,0,1,0,2.4435697305999664,14.652979639958591,2.4428402155535744,14.667415767011162,2.437526648759098,14.664168437522994,2.443116659291912,14.660748366282085,0.012716447187505508,1.0173157750004407,0.6225541315556583,1,11.629499989794567,21.258699998725206
2593,86.43333333333099,TRACKING,1,0,1,0,2.5157938440213297,14.678767584556232,2.5167849172320493,14.69488644973977,2.5230739944419716,14.680545790648525,2.5121526975198805,14.692379961881327,0.007494171538858804,0.5995337231087043,1.1272756945082716,1,12.168799992650747,22.40360001451336
2594,86.46666666666432,TRACKING,1,0,1,0,2.5879756940224867,14.704148626500345,2.5884677612754614,14.723990256258523,2.591849211041523,14.718014303193275,2.581291094045243,14.717930715759124,0.014396566404863061,1.151725312389045,1.2254105890000309,1,5.461299995658919,24.456200015265495
2595,86.49999999999766,TRACKING,1,0,1,0,2.6601135582789315,14.729121824224132,2.6589698266060906,14.751008890168052,2.6562272862488023,14.746171262541125,2.654247767173826,14.737490453710803,0.017486750905103238,1.398940072408259,0.8175728558074262,1,7.4908999959006906,13.910299981944263
2596,86.53333333333099,TRACKING,1,0,1,0,2.7322057155156165,14.753686251290672,2.7306027463728277,14.774078095446825,2.7314839902747727,14.766743652646673,2.7264110486749864,14.763608177565327,0.013077332200986612,1.0461865760789288,0.9192093464924205,1,4.851700010476634,13.234699988970533
2597,86.56666666666432,TRACKING,1,0,1,0,2.8042504455481336,14.77784099642728,2.8023363185277925,14.798268919846281,2.810147510291822,14.786974308560364,2.7976641904040154,14.7926439785086,0.010871649511991823,0.8697319609593458,1.2961655087485102,1,8.305600000312552,18.6960999853909
2598,86.59999999999765,TRACKING,1,0,1,0,2.87624602932373,14.801585163559349,2.8737555112515913,14.824255100779682,2.8749017846735216,14.822540181817482,2.87419189375855,14.813618058785444,0.020998090005481997,1.6798472004385598,0.9765573505078516,2,8.944100001826882,19.578800012823194
2599,86.63333333333098,TRACKING,1,0,1,0,2.9481907489623023,14.824917871843626,2.9476834368342937,14.84724714302244,2.9383325791550585,14.852264868434718,2.9529479192547727,14.831354847406915,0.02906960155388525,2.32556812431082,0.6403265346690593,1,10.275400010868907,21.836300002178177
2600,86.66666666666431,TRACKING,1,0,1,0,3.0200828877974883,14.847838255700808,3.024025360536535,14.867232009961755,3.018758278116432,14.87923877576006,3.025562188380616,14.845816838903312,0.03142844652219781,2.514275721775825,0.4672223333665967,1,9.149799996521324,21.838300017407164
2601,86.69999999999764,TRACKING,1,0,1,0,3.0919207304174745,14.870345464847693,3.0987221793928237,14.88382809800503,3.099844594943381,14.886498995723441,3.0937262404079475,14.868519687586316,0.017992336946007235,1.439386955680579,0.20541982663974784,1,8.371600008103997,20.02389999688603
2602,86.73333333333098,TRACKING,1,0,1,0,3.1637025627060296,14.892438664328768,3.1704894001824195,14.902623954832139,3.1769491526774916,14.902109331199703,3.15682361399375,14.892619787568401,0.016401034833224436,1.312082786657955,0.5505066234753865,1,9.428500023204833,23.360799998044968
2603,86.7666666666643,TRACKING,1,0,1,0,3.23542667188338,14.914117034547095,3.2380368152763386,14.923092411370154,3.235905509261511,14.92673986426275,3.2285783208932877,14.912448050337584,0.01263190861529295,1.010552689223436,0.5639030814604615,1,8.987300010630861,22.93680000002496
2604,86.79999999999764,TRACKING,1,0,1,0,3.307091346547053,14.935379771294764,3.3074971786351255,14.942526436446885,3.3049620209676034,14.94499379786053,3.3004096940057366,14.932892575573984,0.009847006358815117,0.7877605087052093,0.5703647856526859,1,8.54730000719428,21.45369999925606
2605,86.83333333333097,TRACKING,1,0,1,0,3.3786948767128138,14.95622608578276,3.3776882493384117,14.961935988849431,3.380420467898175,14.956751538073496,3.3723025678583083,14.956253800487348,0.0018038195721400952,0.14430556577120762,0.5113895147692542,1,3.38400001055561,16.170999995665625
2606,86.8666666666643,TRACKING,1,0,1,0,3.450235553855314,14.97665520467015,3.4484521376842308,14.982788496990013,3.454928903176238,14.975232612218733,3.445703907492907,14.979449864806796,0.004904212182506584,0.39233697460052674,0.4259272729151712,1,10.049000004073605,20.589199993992224
2607,86.89999999999763,TRACKING,1,0,1,0,3.521711670948962,14.996666370092814,3.5203644454333247,15.004359603729256,3.522606550010418,14.997689108827938,3.518291341394414,15.002379580751596,0.0013589713223443043,0.10871770578754433,0.5327028757921952,1,8.239000017056242,20.12629999080673
2608,86.93333333333096,TRACKING,1,0,1,0,3.5931215225086,15.016258839691579,3.592531450295134,15.026323744113881,3.581166393597418,15.033802330300942,3.590275167498145,15.024766933481219,0.02122967663540315,1.6983741308322517,0.7177270646873132,0,3.890099993441254,18.033800006378442
2609,86.9666666666643,TRACKING,1,0,1,0,3.664463404630305,15.035431886639739,3.664623756627963,15.048310785151514,3.6633065416862913,15.049978192663549,3.656136360431085,15.044237230393387,0.014592235977038038,1.167378878163043,0.969531825047698,1,8.170899993274361,22.644400014542043
2610,86.99999999999763,TRACKING,1,0,1,0,3.7357356150318886,15.054184799669953,3.733784258060376,15.068973394149022,3.746199805524307,15.063481803174033,3.7187583642110913,15.068458430068567,0.01399762682802021,1.1198101462416168,1.7744201444997367,1,8.90879999496974,23.82740000030026
2611,87.03333333333096,TRACKING,1,0,1,0,3.8069364530936194,15.07251688310076,3.7998172632808425,15.091203324017426,3.8027473567107304,15.093290317044097,3.7915059603551726,15.082743838637711,0.02119160414653171,1.6953283317225367,1.4809526138666649,1,8.192199980840087,17.81940000364557
2612,87.06666666666429,TRACKING,1,0,1,0,3.8780642198987736,15.09042745686231,3.8687997994913235,15.109375526558308,3.8584111193885438,15.121826728808331,3.8687000064020323,15.096422499837951,0.03704265971019655,2.963412776815724,0.8895087532064885,1,9.437300002900884,19.1495000035502
2613,87.09999999999762,TRACKING,1,0,1,0,3.9491172182741496,15.107915856521574,3.941350895059465,15.125163981729079,3.9355354591188902,15.12551641850263,3.9438858934953656,15.11595510052191,0.022231598318619417,1.7785278654895533,0.7673172091408009,1,8.022599999094382,19.30820001871325
2614,87.13333333333095,TRACKING,1,0,1,0,4.020093752830665,15.124981433307026,4.015059558496393,15.142319717127606,4.0191327202082165,15.137910954543328,4.010686731145533,15.136569556929532,0.012965188124411862,1.0372150499529489,1.1940563901592125,1,8.463599981041625,17.611400020541623
2615,87.16666666666428,TRACKING,1,0,1,0,4.090992130003658,15.141623554132734,4.0854531882678025,15.160587463143397,4.088460615113473,15.157447854746541,4.079350633341367,15.152771541416545,0.01602551270803495,1.2820410166427958,1.2894701299821405,1,8.935699996072799,22.136099985800683
2616,87.19999999999762,TRACKING,1,0,1,0,4.161810658093394,15.157841601621788,4.155145544442306,15.177358930053678,4.1495554254946185,15.184358276001163,4.1496750291769455,15.171138051669354,0.029211722752892678,2.336937820231414,1.440153487520337,0,6.922900007339194,20.654399995692074
2617,87.23333333333095,TRACKING,1,0,1,0,4.2325476473054175,15.173634974129232,4.225058289747008,15.194575821721067,4.225816532942466,15.202119119537794,4.222646440610731,15.174477340818045,0.02926865969297618,2.3414927754380943,0.7949580140835617,1,9.488000010605901,22.75589999044314
2618,87.26666666666428,TRACKING,1,0,1,0,4.303201409790832,15.189003085764412,4.296287761891083,15.204795092937506,4.3068288282188885,15.201861403942834,4.292679242337713,15.18665689861977,0.013360183787273959,1.0688147029819168,0.8624452753575789,1,7.275200012372807,17.901899991557002
2619,87.29999999999761,TRACKING,1,0,1,0,4.3737702596866885,15.203945366412658,4.366849401136627,15.215530146271588,4.378781948048116,15.215532158829555,4.3630820951289015,15.20190432577991,0.012624213985208852,1.0099371188167081,0.8705040690684307,1,6.589500000700355,18.89330000267364
2620,87.33333333333094,TRACKING,1,0,1,0,4.44425251315605,15.218461261756449,4.437339036902128,15.227506304355664,4.434301952477889,15.23049977396856,4.4418465828379,15.215519842938242,0.01561856056398645,1.249484845118916,0.30400468796273594,1,9.453000006033108,19.581400003517047
2621,87.36666666666427,TRACKING,1,0,1,0,4.514646488428274,15.232550233296022,4.511885857958679,15.239430858006157,4.5066960657095505,15.246331879268594,4.518616985553718,15.228132341419764,0.015910467847290992,1.2728374277832792,0.4751933740512669,1,7.6413999777287245,17.762700008461252
2622,87.3999999999976,TRACKING,1,0,1,0,4.584950505839092,15.246211758369283,4.587599418578045,15.251002610463313,4.589786405211532,15.244087139509091,4.586996216566017,15.244285659946259,0.005282038246875204,0.4225630597500163,0.2247813161407248,1,7.85100000211969,26.900400000158697
2623,87.43333333333094,TRACKING,1,0,1,0,4.655162887870789,15.259445330171225,4.659998362416623,15.264244939250155,4.667518040323383,15.251530050459777,4.653432259627365,15.26597077127168,0.014673153888557538,1.173852311084603,0.5400826939494432,1,8.084600005531684,19.00020000175573
2624,87.46666666666427,TRACKING,1,0,1,0,4.725281959192076,15.272250457772758,4.729757425428323,15.281187789413835,4.7278400911759535,15.276443313900595,4.724118494949156,15.282440922766789,0.0049116272003966914,0.39293017603173536,0.8205333907711083,0,7.149700017180294,21.72619997872971
2625,87.4999999999976,TRACKING,1,0,1,0,4.795306046698166,15.284626666138864,4.800012388073582,15.297606778590925,4.794355797918878,15.296302721939725,4.794284393301498,15.290883088572683,0.011714659696608544,0.9371727757286835,0.507143197660349,1,8.410199981881306,19.71870000124909
2626,87.53333333333093,TRACKING,1,0,1,0,4.865233479550677,15.296573496146253,4.870063473591653,15.310233914557822,4.868904891058598,15.314697005163957,4.86330980615947,15.297784794088695,0.018491642479111454,1.4793313983289162,0.18186169727840035,1,8.782299992162734,19.649299996672198
2627,87.56666666666426,TRACKING,1,0,1,0,4.9350625892174635,15.308090504600413,4.939497583460855,15.320072525553465,4.949463611388726,15.317034611962114,4.926236942052237,15.31152579961673,0.016952477579245884,1.356198206339671,0.757652372990972,1,6.95909999194555,22.209800023119897
2628,87.59999999999759,TRACKING,1,0,1,0,5.004791709512543,15.319177264252,5.005623774808127,15.331385879257594,5.015494166119211,15.335188833153271,4.9940763142188835,15.319819142838332,0.01925909956612162,1.5407279652897297,0.8587682506249331,1,2.921300008893013,15.821500011952594
2629,87.63333333333092,TRACKING,1,0,1,0,5.074419176635687,15.32983336381274,5.072335940998918,15.340591213649034,5.063515279015128,15.345091833256326,5.0690090895694215,15.327858706554142,0.018754089502838266,1.5003271602270614,0.4607355048859003,1,8.425500011071563,16.33469999069348
2630,87.66666666666426,TRACKING,1,0,1,0,5.143943329212237,15.340058407970652,5.142680201320953,15.348692750368603,5.129657117071922,15.355063773571173,5.145089643807547,15.33502315816757,0.02071851476634822,1.6574811813078578,0.4131268297720805,1,9.442399983527139,20.70839999942109
2631,87.69999999999759,TRACKING,1,0,1,0,5.213362508332708,15.34985201740472,5.215586401413132,15.35567253101267,5.220332335712686,15.35159016494681,5.2107976701660235,15.346713859132887,0.007183289677074144,0.5746631741659315,0.32423628086055223,1,5.6788999936543405,19.87709998502396
2632,87.73333333333092,TRACKING,1,0,1,0,5.282675057592355,15.359213828798984,5.2849016395348025,15.36432134310617,5.2910123132294835,15.365331682594457,5.277074817497247,15.35193141337002,0.010341081501545873,0.8272865201236699,0.7349395125167818,1,8.299000008264557,20.578600000590086
2633,87.76666666666425,TRACKING,1,0,1,0,5.351879323130792,15.368143494855989,5.3528369550178265,15.370560520299247,5.346231097901213,15.373335598819219,5.350600422484091,15.359799218580838,0.007672052646393989,0.6137642117115192,0.6753371112927073,1,8.118400000967085,22.319999989122152
2634,87.79999999999758,TRACKING,1,0,1,0,5.4209736536713065,15.376640684309699,5.423441445350135,15.37706268001827,5.4201551847388,15.383694851928201,5.4228664915331155,15.366332678456418,0.007101490842309474,0.5681192673847579,0.8384283195307476,1,9.379099996294826,21.84909998322837
2635,87.83333333333091,TRACKING,1,0,1,0,5.4899564005603585,15.384705081937753,5.494698132697388,15.382920644439848,5.49838036436568,15.378499896933704,5.490139753409278,15.377629225449233,0.010462671127768443,0.8370136902214755,0.566258532125852,1,12.552700005471706,22.33519998844713
2636,87.86666666666424,TRACKING,1,0,1,0,5.558825917806899,15.392336388573183,5.563987960339518,15.390911027756436,5.573106454136054,15.381139684592554,5.5561620305010395,15.389811231158438,0.018146622216769537,1.451729777341563,0.2936415834046099,1,8.576599997468293,20.672500017099082
2637,87.89999999999758,TRACKING,1,0,1,0,5.627580562121614,15.399534321115512,5.63168013050938,15.40047458184196,5.623904473728575,15.408189914962293,5.627608068586291,15.392631403111984,0.009403878493146601,0.7523102794517281,0.5522378245301175,1,7.8233000240288675,22.307399980491027
2638,87.9333333333309,TRACKING,1,0,1,0,5.6962186929562355,15.406298612541246,5.701121377678514,15.40635854984754,5.6914603655266784,15.416185989489941,5.700905426434997,15.393947429925149,0.010972780087674557,0.8778224070139645,1.0568396138438438,1,3.0141999886836857,17.78360002208501
2639,87.96666666666424,TRACKING,1,0,1,0,5.76473867254254,15.41262901191377,5.772292579597735,15.409721302518866,5.768539613454946,15.41359324380158,5.771496683425819,15.399918579137283,0.003921338413484594,0.3137070730787675,1.1516271965225022,0,7.282600010512397,20.17179998802021
2640,87.99999999999757,TRACKING,1,0,1,0,5.833138865931526,15.418525284392695,5.843144879083951,15.41387215887622,5.84497792119184,15.411396220981775,5.835534470841855,15.410501960980014,0.013819796473670756,1.1055837178936605,0.6698663339902728,1,8.19779999437742,20.400799985509366
2641,88.0333333333309,TRACKING,1,0,1,0,5.901417641032372,15.423987211242526,5.9108477101735755,15.420479294720309,5.914971411535841,15.420164483374514,5.9001394613960025,15.419555967545007,0.01408254036790183,1.1266032294321464,0.3689523667001853,1,8.060099993599579,22.69670000532642
2642,88.06666666666423,TRACKING,1,0,1,0,5.969573368651485,15.429014589840802,5.977103319293315,15.427783472264016,5.969469373965944,15.434857728498052,5.970276174583144,15.425572804308553,0.005844064019367596,0.4675251215494076,0.28102468307337436,1,9.202599991112947,19.7708000196144
2643,88.09999999999756,TRACKING,1,0,1,0,6.03760442253122,15.43360723368561,6.0449833522808945,15.43424504432591,6.041652380449242,15.437784885208782,6.041761599278673,15.431980038625607,0.005817107146609671,0.4653685717287737,0.3571431737361512,1,7.150799996452406,21.697399992262945
2644,88.1333333333309,TRACKING,1,0,1,0,6.105509179388785,15.437764972402496,6.114302988669635,15.44053322134686,6.1224069951452424,15.434319516328808,6.106222534379066,15.443598684184964,0.017245502164184412,1.3796401731347527,0.47017320044814437,1,7.9024000151548535,20.37079998990521
2645,88.16666666666423,TRACKING,1,0,1,0,6.173286018954952,15.441487651750796,6.181018807939349,15.449295943146657,6.188510515752552,15.443749278036032,6.169080849802824,15.451271511990393,0.01539156444920999,1.2313251559367993,0.8519431672537373,1,9.17269999627024,21.550600009504706
2646,88.19999999999756,TRACKING,1,0,1,0,6.2409333240126905,15.44477513362934,6.245689276052665,15.457375800443993,6.241699523063377,15.45868778548765,6.2355380447869235,15.459395599168964,0.013933733983243074,1.114698718659446,1.2467353862482644,0,7.460799999535084,21.88770001521334
2647,88.23333333333089,TRACKING,1,0,1,0,6.308449480435854,15.447627296081597,6.310934103940689,15.465520857692384,6.301963028511104,15.47033297794083,6.315068734200123,15.449973920357584,0.0236140222593434,1.8891217807474718,0.5618322362467277,1,8.672099997056648,20.891200023470446
2648,88.26666666666422,TRACKING,1,0,1,0,6.375832877227549,15.45004403330019,6.382585152488629,15.465288542163133,6.384762311132466,15.462891232684441,6.382967958437325,15.452121063873774,0.01564561669864761,1.2516493358918086,0.5944998025160906,1,9.186599985696375,19.38700000755489
2649,88.29999999999755,TRACKING,1,0,1,0,6.44308190655867,15.452025255630812,6.452201674717228,15.466075219346994,6.46356061196249,15.459657980969977,6.447862890159407,15.45981765764233,0.02185488208889655,1.748390567111724,0.7313738668544129,1,8.348200004547834,21.856299979845062
2650,88.33333333333088,TRACKING,1,0,1,0,6.510194963806245,15.453570889575566,6.519783323713326,15.46944648348407,6.515724009239541,15.474456603310616,6.516708775887871,15.45977400859031,0.02160517025218484,1.728413620174787,0.7195929220143947,1,7.768700015731156,19.953199982410297
2651,88.36666666666422,TRACKING,1,0,1,0,6.5771704475916914,15.454680877795685,6.588066729828049,15.470488852267197,6.577580808312726,15.476887422162502,6.5870830647347045,15.45714358965572,0.02221033562638768,1.7768268501110143,0.8171166020274562,1,10.608999989926815,19.267399999080226
2652,88.39999999999755,TRACKING,1,0,1,0,6.6440067598191295,15.455355179113662,6.657316206132887,15.469251443093912,6.656355874653446,15.466892264347171,6.652137824502159,15.456425676394826,0.0168998512678783,1.3519881014302642,0.6560984185127626,1,10.928600007900968,18.7218000064604
2653,88.43333333333088,TRACKING,1,0,1,0,6.710702305713367,15.455593768514767,6.7244415323845725,15.467661654697855,6.732067645608496,15.462068009779703,6.7199508139383255,15.457304757465586,0.022324729534554267,1.7859783627643413,0.7524355656748816,0,7.501799991587177,18.36159999947995
2654,88.46666666666421,TRACKING,1,0,1,0,6.777255493858046,15.455396637147995,6.791923093309516,15.466575059392193,6.792195867896378,15.462820462463402,6.787763803374492,15.458183838536346,0.016683163930110354,1.3346531144088285,0.8697330550375741,0,12.405700021190569,20.183499989798293
2655,88.49999999999754,TRACKING,1,0,1,0,6.843664736233573,15.454763792326377,6.85943976986937,15.46578625537205,6.846492711726112,15.473819722003793,6.855576792810659,15.459062919607106,0.019264628240820442,1.5411702592656353,1.0131285005063693,0,7.545700005721301,23.113900009775534
2656,88.53333333333087,TRACKING,1,0,1,0,6.909928448255102,15.45369525752671,6.927001930028498,15.46525680744958,6.922730814850711,15.475281890683,6.915082710520853,15.450437212160011,0.025097476396493856,2.0077981117195085,0.4878116299760771,1,7.77989998459816,21.40779999899678
2657,88.5666666666642,TRACKING,1,0,1,0,6.9760450488102,15.452191072388704,6.991110132137996,15.46095130866783,7.000088247569024,15.448388321071276,6.978602540701762,15.458476377252916,0.024342069019261493,1.9473655215409196,0.542856574864443,1,2.858899999409914,17.66810001572594
2658,88.59999999999754,TRACKING,1,0,1,0,7.042012960296676,15.450251292713483,7.054915218649801,15.46171732039497,7.050103187527034,15.46299857493563,7.048529925193082,15.454523159686119,0.01509784688920563,1.2078277511364504,0.6233826633092132,1,8.72069998877123,20.489800022915006
2659,88.63333333333087,TRACKING,1,0,1,0,7.107830608660188,15.447875990461537,7.121166517944213,15.459615043463469,7.113307871780702,15.47035703922229,7.1183465961571555,15.445904834200151,0.02313866816985547,1.8510934535884376,0.8559306515579014,1,9.343099984107539,19.366900000022724
2660,88.6666666666642,TRACKING,1,0,1,0,7.173496423431792,15.44506525375005,7.188753635107371,15.454037663041836,7.185551776073154,15.46246203093998,7.185507057126053,15.43935590538083,0.021165523473414775,1.6932418778731821,1.0638856496110967,1,8.374199998797849,24.181899992981926
2661,88.69999999999753,TRACKING,1,0,1,0,7.2390088377655,15.441819186849616,7.255965160434815,15.447425717498142,7.263632069413805,15.443650431856948,7.245960617297116,15.438150993781873,0.02469123316246016,1.9752986529968128,0.6288166869970553,1,9.192299999995157,21.91310000489466
2662,88.73333333333086,TRACKING,1,0,1,0,7.304366288475524,15.438137910180386,7.319705633133977,15.442758071669658,7.3321362948686195,15.43393759261429,7.311354273714397,15.435164681594733,0.028085866957040833,2.2468693565632667,0.6075368020917989,0,7.109700003638864,21.940499980701134
2663,88.7666666666642,TRACKING,1,0,1,0,7.369567216073679,15.434021560307606,7.384137554252428,15.43818014454952,7.3845973684978805,15.433804663790792,7.372093334207439,15.434437837095292,0.015031717333483189,1.202537386678655,0.2048149867903641,1,8.741199999349192,24.434099992504343
2664,88.79999999999752,TRACKING,1,0,1,0,7.4346100648065585,15.429470289936523,7.446464638999651,15.434940444766893,7.435012138985627,15.444285446280126,7.440596003903254,15.424454459297477,0.014820611361576358,1.1856489089261086,0.6247688794756002,1,8.509200008120388,24.051699991105124
2665,88.83333333333086,TRACKING,1,0,1,0,7.499493282692638,15.424484267906754,7.511434887975068,15.428069658908498,7.5055179522454925,15.419105395097121,7.508412681333797,15.422527239917546,0.008076442033673926,0.6461153626939141,0.7305258628487347,1,7.022700010566041,20.224700012477115
2666,88.86666666666419,TRACKING,1,0,1,0,7.564215321559405,15.419063679185998,7.5773873149248105,15.423260116501673,7.581173579055394,15.41281141480971,7.569440347858468,15.42210458994415,0.018074105984287533,1.4459284787430027,0.483639787047845,1,7.583099999465048,18.3188000228256
2667,88.89999999999752,TRACKING,1,0,1,0,7.628774637080148,15.413208724863178,7.640749391369921,15.420067924686178,7.635366661236857,15.424508997616696,7.635014298656178,15.413412606750773,0.01308246715212896,1.0465973721703168,0.4994393298568499,1,8.977400022558868,23.251899983733892
2668,88.93333333333085,TRACKING,1,0,1,0,7.693169688810912,15.406919622141002,7.705109939289263,15.413787175858364,7.698524394442213,15.425263521033271,7.700155151093836,15.398154854212764,0.01910946098056336,1.528756878445069,0.8966349184082264,1,7.70879999618046,20.68489999510348
2669,88.96666666666418,TRACKING,1,0,1,0,7.757398940227199,15.400196604327878,7.769601641494058,15.402737563172687,7.766955044766822,15.404964877905048,7.764338326670988,15.390507798936076,0.010679680092537589,0.8543744074030071,0.9534041212798297,1,7.1659999957773834,22.522899991599843
2670,88.99999999999751,TRACKING,1,0,1,0,7.8214608587607275,15.393039920829265,7.833763645906025,15.392842603617007,7.839709793588603,15.38292062017194,7.825612298758715,15.388886312403297,0.020866812601482,1.6693450081185601,0.4698045007066695,1,7.2364000079687685,19.31870001135394
2671,89.03333333333084,TRACKING,1,0,1,0,7.885353915835862,15.385449837138442,7.896319548389161,15.38627759357052,7.8994922414095035,15.38330270119751,7.88924517091941,15.381673577860928,0.014300435055449772,1.1440348044359818,0.43378889063689063,1,8.181099983630702,22.746800008462742
2672,89.06666666666418,TRACKING,1,0,1,0,7.949076586906175,15.377426634826625,7.959218377502666,15.37877350122788,7.948730078083337,15.387087803996872,7.955845743002408,15.370012743312971,0.009667381139710829,0.7733904911768663,0.803142872993922,1,9.167400014121085,20.863599987933412
2673,89.09999999999751,TRACKING,1,0,1,0,8.012627351490808,15.368970611532552,8.023689872539196,15.368852008375201,8.023186825048583,15.372406588147774,8.016223125830495,15.359038317422133,0.01110443231857001,0.8883545854856008,0.8450517026466234,1,8.361499989405274,20.68620000500232
2674,89.13333333333084,TRACKING,1,0,1,0,8.076004693210722,15.36008208095143,8.085896862181299,15.357998668191431,8.098373389964458,15.351772639825322,8.071660270514148,15.353462579120999,0.023862217128524637,1.908977370281971,0.6334252943461125,1,8.442399994237348,22.214900003746152
2675,89.16666666666417,TRACKING,1,0,1,0,8.139207099824976,15.35076137282328,8.144574045210708,15.349233997276437,8.14852066900304,15.352018919531512,8.13266185192429,15.343212483954403,0.009398084621770417,0.7518467697416334,0.7993036698970926,1,7.446800009347498,18.59129997319542
2676,89.1999999999975,TRACKING,1,0,1,0,8.202233063266664,15.341008832920739,8.204061967095246,15.33918436390648,8.195963846831573,15.344842122198902,8.197772354895626,15.333025326633788,0.007348277444415094,0.5878621955532075,0.7316142887844285,1,8.640299987746403,25.42900000116788
2677,89.23333333333083,TRACKING,1,0,1,0,8.265081079679012,15.330824823036215,8.265804567730036,15.328696623244909,8.258897688232127,15.33770227541172,8.262403265423213,15.320804024302516,0.009248442083008455,0.7398753666406763,0.8297935992034923,1,7.6367000001482666,17.784900002880022
2678,89.26666666666416,TRACKING,1,0,1,0,8.327749649451208,15.320209720968444,8.328578850754266,15.31691231704903,8.332225560184408,15.315314064977196,8.320172436920604,15.31282716813017,0.006633341878436699,0.530667350274936,0.8463237627059172,1,7.225300010759383,20.460200001252815
2679,89.2999999999975,TRACKING,1,0,1,0,8.390237277254187,15.309163920508526,8.388651224323693,15.306590412086415,8.397620275679301,15.295941208677329,8.38084912071976,15.30937478443422,0.015144265380537118,1.2115412304429694,0.7512419443456719,1,6.663800013484433,14.822500001173466
2680,89.33333333333083,TRACKING,1,0,1,0,8.45254247207639,15.297687831425256,8.448882312659004,15.299255831592353,8.44996339099358,15.299518647951391,8.446655442260047,15.295168226205366,0.003162838659192493,0.2530270927353994,0.5122844867304317,1,7.864499988500029,22.08799999789335
2681,89.36666666666416,TRACKING,1,0,1,0,8.514663747259203,15.285781879449976,8.511599724314134,15.288219466310633,8.503852055436417,15.296371436404147,8.51461134015375,15.27856473031794,0.015133783286294758,1.2107026629035806,0.5773871524652631,1,9.55919999978505,19.085300009464845
2682,89.39999999999749,TRACKING,1,0,1,0,8.57659962053253,15.273446506260756,8.57672479322857,15.27429663956568,8.578698625246435,15.27744213696484,8.572757973072964,15.266630580418912,0.0045134117375237115,0.3610729390018969,0.6259206354040996,1,7.4973999871872365,20.85800000349991
2683,89.43333333333082,TRACKING,1,0,1,0,8.638348614050106,15.260682169465996,8.63837803597428,15.260971125841591,8.638383824491308,15.250265564891732,8.635143848126965,15.254965590876115,0.010416664083656631,0.8333331266925305,0.5242887472920161,0,7.569299981696531,21.559300017543137
2684,89.46666666666415,TRACKING,1,0,1,0,8.699909254424856,15.247489342587482,8.700537140748857,15.24790262210617,8.694161067505515,15.246649348258781,8.69968474872459,15.242356801090155,0.005809237758254642,0.46473902066037137,0.41099594182897775,1,6.9558999966830015,21.669700014172122
2685,89.49999999999748,TRACKING,1,0,1,0,8.761280072763917,15.233868515042808,8.763733492791664,15.234603108047773,8.7513977951381,15.242707834666497,8.756922765354643,15.226314342533788,0.01325869459952439,1.0606955679619512,0.6976607778796144,2,8.89259998803027,20.142699999269098
2686,89.53333333333082,TRACKING,1,0,1,0,8.822459604703772,15.219820192127184,8.824038004061133,15.21961118910346,8.821808431367733,15.221095994536524,8.814522128758517,15.213810792516991,0.001432375125882259,0.11459001007058073,0.7964577901944899,1,3.3090999932028353,17.302799999015406
2687,89.56666666666415,TRACKING,1,0,1,0,8.88344639044517,15.205344894994754,8.883010198280648,15.205420343234362,8.88788421367235,15.19764604647731,8.869521874793225,15.205238276701671,0.008886312142292352,0.7109049713833882,1.1139939062000446,1,8.957000012742355,11.46899999002926
2688,89.59999999999748,TRACKING,1,0,1,0,8.944238974787945,15.190443160639232,8.939739299035464,15.193512995962546,8.932737386003858,15.183925514023606,8.933973006929822,15.196906492986304,0.013219919136077092,1.0575935308861675,0.9704918706477996,1,7.950600003823638,21.680900012142956
2689,89.63333333333081,TRACKING,1,0,1,0,9.004835907165807,15.175115541873947,8.99990940790543,15.183047409496492,8.991939177722317,15.188620033995488,8.998964924404012,15.179565017839447,0.01867342865676648,1.4938742925413184,0.5893251731633029,1,7.918499992229044,20.982799993362278
2690,89.66666666666414,TRACKING,1,0,1,0,9.065235741680846,15.159362607311408,9.062027992965852,15.169012197674952,9.057192481214978,15.180235975322566,9.062213247427023,15.159359214440109,0.022369432962214546,1.7895546369771638,0.24179969265119147,1,11.752299993531778,18.76020000781864
2691,89.69999999999747,TRACKING,1,0,1,0,9.1254370371381,15.143184941342133,9.12457181275552,15.151799449033062,9.132223025654328,15.147278273490247,9.12441473785054,15.144565865450089,0.007924961086160805,0.6339968868928644,0.13745218165527567,0,7.872300018789247,22.612200002186
2692,89.7333333333308,TRACKING,1,0,1,0,9.185438357079931,15.126583144113033,9.186984887020554,15.13541541457042,9.194770204750334,15.137503452011055,9.186616228274056,15.129772516460068,0.014364418036635096,1.1491534429308077,0.27199384131834675,0,5.706000025384128,21.233399980701506
2693,89.76666666666414,TRACKING,1,0,1,0,9.245238269820279,15.109557831505125,9.249369029777819,15.11925192370086,9.249911521756848,15.120208100963788,9.24498024045339,15.105926409631357,0.011630456706629882,0.9304365365303906,0.2912461939125408,1,9.584699990227818,22.7203999820631
2694,89.79999999999747,TRACKING,1,0,1,0,9.304835348478907,15.092109635110651,9.310009751724795,15.099259716538146,9.29891096852611,15.102226711129147,9.308230096537619,15.087243376283254,0.011724056678006895,0.9379245342405516,0.4746689919164788,1,8.952500007580966,21.795099979499355
2695,89.8333333333308,TRACKING,1,0,1,0,9.36422817101532,15.074239202209705,9.371872327025983,15.07949965103571,9.37272114754406,15.078812122426395,9.365430082731244,15.066729381966876,0.009645841053322213,0.771667284265777,0.6084313830300578,1,8.816199988359585,21.178700000746176
2696,89.86666666666413,TRACKING,1,0,1,0,9.423415320262777,15.0559471957462,9.431413703839969,15.05867719879264,9.439438509856434,15.052646823314943,9.417880808039703,15.051703872816903,0.016359555707270126,1.3087644565816101,0.5579196502989695,1,9.98609999078326,20.593900000676513
2697,89.89999999999746,TRACKING,1,0,1,0,9.482395383962091,15.03723429430323,9.487402743063793,15.039997378890167,9.489679529975483,15.039252897860592,9.479585272314786,15.035877312661288,0.0075586733932752545,0.6046938714620204,0.24964777295237145,1,8.37549997959286,20.970200013834983
2698,89.9333333333308,TRACKING,1,0,1,0,9.541166954795306,15.018101192077983,9.545933795183757,15.022055921619863,9.534311942080148,15.029516685648204,9.538897657576422,15.019016399640787,0.013315580827614474,1.0652464662091579,0.19575192056311763,0,7.218300015665591,24.073399981716648
2699,89.96666666666412,TRACKING,1,0,1,0,9.599728630419357,14.998548598855896,9.604344455933184,15.004204230659685,9.603778291687165,15.008986053096498,9.598346606390102,14.998196995525474,0.011195544087209505,0.8956435269767604,0.1140839079106561,1,9.724099974846467,23.8318000047002
2700,89.99999999999746,TRACKING,1,0,1,0,9.658079013499401,14.978577239984396,9.662973362644195,14.984617866541184,9.668556488019043,14.977124366577218,9.65769467399512,14.98030177842894,0.010577727234477932,0.8462181787582345,0.14134779123870325,0,8.075899997493252,19.547800009604543
2701,90.03333333333079,TRACKING,1,0,1,0,9.71621671174226,14.95818785634597,9.72170324054089,14.965543905441804,9.728102709368365,14.963694397104742,9.710170028163505,14.961366395360775,0.013099577500658533,1.0479662000526826,0.5464971660031445,2,10.365800000727177,22.236299992073327
2702,90.06666666666412,TRACKING,1,0,1,0,9.774140337929577,14.937381204330638,9.777388419630734,14.94616379430179,9.77039301950168,14.95328853263933,9.777355765114393,14.937928270615375,0.016342750359733902,1.307420028778712,0.2609306850579532,1,9.90170001750812,20.23110000300221
2703,90.09999999999745,TRACKING,1,0,1,0,9.831848509951016,14.916158055807959,9.838230232336086,14.924580186565807,9.836907590792281,14.924603812126225,9.837069353898487,14.917055032511376,0.0098450545324036,0.7876043625922879,0.4237869557620557,1,8.363900007680058,22.391099977539852
2704,90.13333333333078,TRACKING,1,0,1,0,9.88933985083711,14.894519198098374,9.898162022210835,14.902974179078962,9.909684441620854,14.896592341981107,9.886162568218573,14.896559148368425,0.020449946203266366,1.6359956962613094,0.30206247769457284,1,8.654700010083616,20.984400005545467
2705,90.16666666666411,TRACKING,1,0,1,0,9.946612988792209,14.87246543394395,9.952768117815243,14.881384820140156,9.952905524236073,14.884064351084524,9.942398054059689,14.87177094874177,0.013195866062755803,1.0556692850204643,0.341741277534456,1,8.91629999387078,22.356300003593788
2706,90.19999999999744,TRACKING,1,0,1,0,10.003666557227165,14.849997581478691,10.008063312235796,14.85767872779427,10.005453979162592,14.866055989295079,9.99913398716311,14.850391045381873,0.01615757836969001,1.2926062695752008,0.3639692754388132,0,7.754599995678291,21.760900010121986
2707,90.23333333333078,TRACKING,1,0,1,0,10.060499194791955,14.827116474198093,10.063584236456318,14.834632536383955,10.055872671804392,14.837220929523903,10.055869920266533,14.829011142021976,0.011113268303507949,0.8890614642806359,0.4001595585330121,0,6.994300027145073,19.013099983567372
2708,90.26666666666411,TRACKING,1,0,1,0,10.117109545408221,14.803822960928297,10.119292089936108,14.811827941605065,10.124693148812808,14.803962058570315,10.113836045766782,14.806988744430338,0.007584878954345923,0.6067903163476739,0.3643118232222469,1,8.358899998711422,23.376199998892844
2709,90.29999999999744,TRACKING,1,0,1,0,10.173496258301514,14.780117905794585,10.175708738309778,14.788958868817891,10.184789892484366,14.784825380933135,10.167231356559729,14.781135113085986,0.012235460564938273,0.9788368451950619,0.507755560137519,1,8.494699985021725,22.419000015361235
2710,90.33333333333077,TRACKING,1,0,1,0,10.229657988033606,14.75600218818926,10.23049348041355,14.764373528381666,10.231135165916324,14.774078178750441,10.226471273186663,14.74947653394256,0.018136247937903267,1.4508998350322615,0.5809747112607087,1,8.189600019250065,20.832399983191863
2711,90.3666666666641,TRACKING,1,0,1,1,10.285593394534569,14.731476702739117,10.28718518141862,14.736053224033698,10.280295561944722,14.745587866568613,10.286820312842021,14.721915913284322,0.015072888733514294,1.2058310986811436,0.7711353646444682,1,7.818499987479299,18.212599999969825
2712,90.39999999999743,TRACKING,1,0,1,1,10.341301143134734,14.706542359272209,10.345380855420066,14.7075105974853,10.340632795004996,14.710675697494764,10.346809085871946,14.69507686426308,0.004187024490561267,0.33496195924490135,1.0175893364246165,1,8.119500009343028,24.129099998390302
2713,90.43333333333076,TRACKING,1,0,1,1,10.396779904596618,14.681200082784061,10.404381948971599,14.678947667949028,10.409617355164904,14.668656895534054,10.405294981361372,14.669102224254958,0.017948027286638336,1.4358421829310668,1.1835261573446214,0,7.470599986845627,23.515700013376772
2714,90.4666666666641,TRACKING,1,0,1,1,10.452028355146519,14.655450813403425,10.463182268565134,14.65085488590989,10.46665420445931,14.65273110749366,10.463780876850798,14.643127584246837,0.014876567761284527,1.190125420902762,1.3623127235822374,0,7.949499995447695,22.401399997761473
2715,90.49999999999743,TRACKING,1,0,1,1,10.507045176506178,14.629295506357375,10.521940555399377,14.623087327222363,10.517772738491352,14.629360452753689,10.522266772340224,14.617152944238716,0.010727758581369493,0.8582206865095595,1.5577189364770654,0,6.84950000140816,15.960399992763996
2716,90.53333333333076,TRACKING,1,0,1,1,10.56182905592421,14.602735131935818,10.580655726545748,14.59559903026772,10.572103996293515,14.591318278990492,10.570346233931952,14.597900797458472,0.01535965269034305,1.228772215227444,0.7834819147550365,1,5.6514000170864165,21.41629997640848
2717,90.56666666666409,TRACKING,1,0,1,1,10.616378686207483,14.575770675455608,10.634955608998743,14.5711755824619,10.641053095175783,14.562718814895643,10.617236547886812,14.57236977403596,0.02791375148581277,2.2331001188650212,0.28059430787692685,1,8.885600022040308,22.63439999660477
2718,90.59999999999742,TRACKING,1,0,1,1,10.67069276575221,14.548403137223874,10.686091062500925,14.545897877681291,10.68583404360332,14.535078651609554,10.672068005570194,14.552307852302466,0.020169288828580167,1.6135431062864134,0.33118535621687833,1,9.25109998206608,26.1713000072632
2719,90.63333333333075,TRACKING,1,0,1,1,10.72476999857508,14.52063353250101,10.738526469335952,14.52299719212878,10.729902450536638,14.519967178398742,10.729322656980527,14.524901849656368,0.005175528081974501,0.41404224655796007,0.49924890719014703,1,9.105200006160885,18.118000007234514
2720,90.66666666666409,TRACKING,1,0,1,1,10.778609094344157,14.492462891462973,10.79259468951374,14.497820103008388,10.779765887244002,14.503861721658819,10.791719988063445,14.493646318208583,0.011457377520482818,0.9165902016386254,1.0531356090629747,1,10.211399989202619,23.135600000387058
2721,90.69999999999742,TRACKING,1,0,1,1,10.832208768409652,14.463892259163016,10.850292773196745,14.46965524403433,10.85154148884665,14.469163236772594,10.844092819173937,14.465468761221162,0.020038395256501442,1.6030716205201154,0.9590529372082113,1,7.736600004136562,22.00799999991432
2722,90.73333333333075,TRACKING,1,0,1,1,10.885567741834654,14.434922695493016,10.904995343909196,14.441318031526503,10.904845325992392,14.430322583164466,10.899938858050593,14.438442252953136,0.019818836605460636,1.5855069284368508,1.183665536562359,0,6.84789998922497,20.063400006620213
2723,90.76666666666408,TRACKING,1,0,1,1,10.938684741425531,14.405555275144108,10.960209119527038,14.413263842183204,10.94661170673846,14.414137880479531,10.959306275842248,14.410438480655763,0.011683231291728411,0.9346585033382729,1.6953458696446189,1,8.26140001299791,23.775899986503646
2724,90.79999999999741,TRACKING,1,0,1,1,10.991558499762387,14.375791087566762,11.017184612036331,14.384898306916524,11.006072066667128,14.389880959121962,11.014722207137853,14.379031756749235,0.02022790411141055,1.6182323289128437,1.8711438659838555,1,9.06729997950606,26.44380001584068
2725,90.83333333333074,TRACKING,1,0,1,1,11.044187755229279,14.345631236930492,11.073262460354494,14.354796141654365,11.074151342348241,14.346657342973067,11.060437476589636,14.35058559582997,0.029981151523019025,2.398492121841522,1.3590564171225756,1,9.99039999442175,23.786200006725267
2726,90.86666666666407,TRACKING,1,0,1,1,11.09657125204431,14.315076842082753,11.12429002243831,14.325177617872004,11.129064327904413,14.312319162845732,11.104760628552437,14.323567463910425,0.032609887666545094,2.6087910133236076,0.9437170647601165,2,8.71619998360984,21.181799995247275
2727,90.8999999999974,TRACKING,1,0,1,1,11.148707740289664,14.284129036507554,11.171809500815568,14.29641710767722,11.173576444911028,14.295554331058153,11.152151184170432,14.29040801460078,0.027367678475028873,2.18941427800231,0.5728964815682902,1,10.167900007218122,23.333399993134663
2728,90.93333333333074,TRACKING,1,0,1,1,11.200595975941319,14.252788968283365,11.21860717280905,14.265105094570773,11.21832126239822,14.274493425097594,11.202109142957143,14.26094278476816,0.02802265557687089,2.2418124461496713,0.6634426464941099,0,8.727200009161606,22.13949998258613
2729,90.96666666666407,TRACKING,1,0,1,1,11.252234720898796,14.221057800040464,11.266086854173555,14.234410852401728,11.26618511453257,14.235908048806591,11.252067101743854,14.23147755493554,0.020375067385240517,1.6300053908192413,0.833688241988025,0,7.380399998510256,21.86710000387393
2730,90.9999999999974,TRACKING,1,0,1,1,11.303622743014682,14.188936708917918,11.313937692555193,14.203888927465515,11.319964158241643,14.192727493444767,11.302025060530566,14.202012325102919,0.01677533603088032,1.3420268824704258,1.0538290652662732,0,8.265199983725324,21.403900027507916
2731,91.03333333333073,TRACKING,1,0,1,1,11.354758816124091,14.156426886519863,11.36211454169125,14.17353345996139,11.35762146767703,14.174746709918015,11.359680769783926,14.16171637705854,0.018542133190466395,1.4833706552373114,0.5780205559711067,1,3.100700007053092,19.01779999025166
2732,91.06666666666406,TRACKING,1,0,1,1,11.405641720073815,14.123529538871237,11.413803291315302,14.138763073467432,11.407547900490611,14.15206227300439,11.41347333947741,14.12239693381604,0.028596336144592983,2.2877068915674386,0.6330475202071555,1,9.267199988244101,18.39720000862144
2733,91.0999999999974,TRACKING,1,0,1,1,11.456270240751506,14.090245886373177,11.465971927488056,14.101815361716984,11.46292744306758,14.103559179097411,11.464836695877239,14.089618734665489,0.014884962406344493,1.1907969925075594,0.6871505113060383,1,9.732100006658584,19.943499995861202
2734,91.13333333333073,TRACKING,1,0,1,1,11.506643170114637,14.056577163757588,11.517695669064338,14.066133982831422,11.528079774499547,14.058270354466348,11.509563824652883,14.060545279148998,0.02150336955761495,1.720269564609196,0.39416676829036434,1,9.376300004078075,19.205599994165823
2735,91.16666666666406,TRACKING,1,0,1,1,11.556759306219304,14.022524620041475,11.565978881509238,14.032808614216464,11.57920842024324,14.019693448615586,11.555262543102947,14.034747952155195,0.02262693642768484,1.810154914214787,0.9851705161281761,1,5.716099985875189,15.164700016612187
2736,91.19999999999739,TRACKING,1,0,1,1,11.606617453248974,13.988089518480553,11.612840368020812,14.002586302846874,11.61268545463381,14.00815912423431,11.603952975014433,14.004480781756202,0.020966871867725972,1.6773497494180778,1.3285130479665845,0,6.657599995378405,19.415700022364035
2737,91.23333333333072,TRACKING,1,0,1,1,11.656216421542918,13.95327313652232,11.660222413294884,13.971978922428137,11.653445452140486,13.97823017084832,11.65264340692592,13.974213611357209,0.025110392943527904,2.0088314354822323,1.699449171493231,0,7.4096999887842685,23.0343000148423
2738,91.26666666666405,TRACKING,1,0,1,1,11.705555027624662,13.918076765758785,11.707792284511306,13.941448738625665,11.713633691977897,13.93750148110327,11.707203161623552,13.927921098491005,0.021037689605717023,1.6830151684573618,0.7985075383326529,1,9.283099992899224,26.57379998709075
2739,91.29999999999738,TRACKING,1,0,1,1,11.754632094230214,13.8825017118785,11.758167595246384,13.903774552182389,11.766902563643578,13.88807833366287,11.757892519510929,13.894052284684623,0.013478246553250492,1.0782597242600394,0.9601536715693947,1,7.3265999963041395,16.83519998914562
2740,91.33333333333071,TRACKING,1,0,1,1,11.80344645033613,13.84654929461806,11.808413902930743,13.867731972479042,11.813232870363127,13.859440316059901,11.812454818993706,13.854128318936722,0.01618494518862581,1.2947956150900648,0.941801900167667,1,8.986800006823614,27.10010000737384
2741,91.36666666666405,TRACKING,1,0,1,1,11.851996931187536,13.810220847713254,11.860705107708002,13.829111737147187,11.856672347723993,13.836365142285095,11.864794016909002,13.807802647842008,0.026559059818611425,2.124724785488914,1.0418847339850164,1,8.315200015204027,23.988100001588464
2742,91.39999999999738,TRACKING,1,0,1,1,11.900282378325803,13.773517718849549,11.91307271741795,13.786022541658387,11.909676381415021,13.788785346657981,11.914879794489158,13.76597025713434,0.017926175078277595,1.4340940062622076,1.3146527742060847,1,8.491499989759177,22.861700010253116
2743,91.43333333333071,TRACKING,1,0,1,1,11.948301639616266,13.736441269612014,11.964512422257183,13.742621168675846,11.9713059071498,13.736204681735149,11.966050183330838,13.726544016134397,0.02300548409788101,1.8404387278304806,1.6257260391851684,0,8.088300004601479,23.401400016155094
2744,91.46666666666404,TRACKING,1,0,1,1,11.996053569275684,13.698992875434959,12.016008721215144,13.700009302299065,12.011564059415774,13.692913051367949,12.017220572172517,13.687117775134455,0.016659518752701136,1.3327615002160909,1.941644694634431,0,7.082500000251457,23.764500016113743
2745,91.49999999999737,TRACKING,1,0,1,1,12.043537027899639,13.661173925550745,12.067448545364986,13.657881736195268,12.065429476855346,13.659982749649338,12.068390961014197,13.647691534134513,0.021924831157989644,1.7539864926391717,2.2620243953604935,0,6.195599999045953,25.400300015462562
2746,91.5333333333307,TRACKING,1,0,1,1,12.090750882489623,13.622985822938395,12.11884681093479,13.616174514705097,12.113461845920119,13.617023949148644,12.10965211950214,13.62398073133069,0.023480455681827342,1.8784364545461871,1.5141922801280996,1,7.944799988763407,19.6177999896463
2747,91.56666666666403,TRACKING,1,0,1,1,12.137694006480144,13.584429984271484,12.16603964932775,13.581435289689255,12.171053219297567,13.580675918627652,12.153492250359966,13.59152598618043,0.0335697793954076,2.6855823516326076,1.3854968847961242,1,8.517200010828674,21.456299989949912
2748,91.59999999999737,TRACKING,1,0,1,1,12.184365279765592,13.545507839865515,12.211839355015316,13.54712507746429,12.222436411150824,13.536624420303989,12.190402141482599,13.55865610598912,0.03909381265696272,3.1275050125570174,1.1574333022958812,1,9.824400010984391,27.71500000380911
2749,91.6333333333307,TRACKING,1,0,1,1,12.230763588726939,13.506220833624992,12.253096700592424,13.513651917797114,12.245260649251003,13.513914445770407,12.237218267029506,13.520020525284293,0.016412081881420876,1.3129665505136703,1.2187714781865762,1,7.344900019234046,20.896899979561567
2750,91.66666666666403,TRACKING,1,0,1,1,12.276887826258388,13.466570422989793,12.296434451688969,13.477927863673687,12.29300224890567,13.486439384942766,12.284381948884649,13.478164299352999,0.0255822255940319,2.046578047522552,1.1044052678258334,1,9.033600013935938,21.141500008525327
2751,91.69999999999736,TRACKING,1,0,1,1,12.322736891793689,13.426558078881028,12.340749875865772,13.439402608333612,12.34468416582248,13.432615313959504,12.3304700534613,13.440603908067168,0.02276780477100922,1.8214243816807376,1.2827148881115982,0,8.137600001646206,24.678199988557026
2752,91.73333333333069,TRACKING,1,0,1,1,12.368309691332449,13.386185285646638,12.385252373245498,13.40139368285109,12.385463305499865,13.395416592097124,12.37655815803795,13.403043516781336,0.019479822837679024,1.558385827014322,1.5014385847876144,0,8.807799982605502,22.966999997152016
2753,91.76666666666402,TRACKING,1,0,1,1,12.41360513746625,13.345453541006137,12.430004954711674,13.363434613149545,12.429570090145969,13.36308549721892,12.423339766668116,13.355312707555209,0.02378582758608919,1.9028662068871351,1.1084148558806786,1,9.126999997533858,21.641100000124425
2754,91.79999999999735,TRACKING,1,0,1,1,12.45862214940455,13.304364355995222,12.475274477744007,13.320980519916265,12.472015503771464,13.329703624428719,12.471674443164584,13.304003568690261,0.028661131623551765,2.2928905298841413,1.0445823352982242,1,8.442899998044595,22.76459999848157
2755,91.83333333333069,TRACKING,1,0,1,1,12.503359653000555,13.262919254909649,12.521600395785596,13.274378678598518,12.520080666207884,13.272386090079133,12.513432988753754,13.265255723860381,0.019214922607334154,1.5371938085867325,0.8272602699684841,1,7.0764000120107085,19.703400001162663
2756,91.86666666666402,TRACKING,1,0,1,1,12.547816580776741,13.221119775248601,12.565495277741839,13.230913077790648,12.574505611720904,13.229288985149859,12.54882139226997,13.224702117837557,0.02791129454448951,2.2329035635591605,0.2976475721286167,1,8.485700003802776,22.862999991048127
2757,91.89999999999735,TRACKING,1,0,1,1,12.591991871950398,13.17896746765781,12.604995649308691,13.187976341299894,12.605021799819427,13.185058768755308,12.591714477710461,13.182651553385902,0.014383426898082701,1.1506741518466161,0.29556113645782756,1,8.454599999822676,22.230300004594028
2758,91.93333333333068,TRACKING,1,0,1,1,12.63588447245892,13.13646389587195,12.645706928279154,13.1448773736332,12.64101274563125,13.154301173833883,12.634462299237525,13.141117240083188,0.018559840269282767,1.4847872215426212,0.38926547461533684,0,7.967499986989424,24.819600017508492
2759,91.96666666666401,TRACKING,1,0,1,1,12.679493334984942,13.093610636656559,12.686683575427063,13.102071016846997,12.684272574649722,13.09805099001817,12.677210120764588,13.099582926780474,0.006523639302519118,0.5218911442015295,0.5115079917279788,0,7.287200016435236,20.131199999013916
2760,91.99999999999734,TRACKING,1,0,1,1,12.722817418981391,13.050409279749688,12.727936886865592,13.059460654491758,12.73679935544475,13.051927906802142,12.719957942291652,13.05804861347776,0.01406416635957733,1.1251333087661863,0.6525569486162345,0,8.653500000946224,22.123899980215356
2761,92.03333333333067,TRACKING,1,0,1,1,12.765855690696222,13.00686142780286,12.76942101735736,13.017019049456495,12.76811081878937,13.010903963772767,12.763065411330428,13.069718844965172,0.00462900634958491,0.37032050796679283,5.033545423261643,1,7.520799990743399,22.064900025725365
2762,92.066666666664,TRACKING,1,0,1,1,12.808607123197149,12.96296869632153,12.81125183529858,12.997109043050935,12.807902053016909,13.002325827994179,12.801479685590728,12.999367205936597,0.039363446717192684,3.149075737375415,2.9671824955337334,1,9.638300020014867,22.76799999526702
2763,92.09999999999734,TRACKING,1,0,1,1,12.851070696396109,12.91873271360534,12.851288165548214,12.954859480326403,12.847557178425161,12.966476050448797,12.843333086950746,12.95995858617934,0.04787244532588606,3.8297956260708848,3.355657355015005,0,7.9230999981518835,23.316299979342148
2764,92.13333333333067,TRACKING,1,0,1,1,12.89324539707368,12.874155120687503,12.891884602234366,12.915750369712518,12.898424087745113,12.912732857808505,12.901905904289329,12.909948251874416,0.038923779858173746,3.1139023886538997,2.9460782071313063,1,9.333900001365691,25.543600000673905
2765,92.166666666664,TRACKING,1,0,1,1,12.93513021890314,12.829237571274108,12.940331448040322,12.871571793571412,12.941271838051662,12.864664557705986,12.947800118459945,12.86797736893683,0.03595540089346718,2.8764320714773746,3.260722155820686,0,8.213499997509643,22.319499985314906
2766,92.19999999999733,TRACKING,1,0,1,1,12.97672416247457,12.783981731682701,12.987330553887343,12.828414615239714,12.981342387579831,12.838453101379077,12.993694332630561,12.826006485999242,0.054666791745283064,4.373343339622645,3.6257449666419297,0,8.114099997328594,22.002400015480816
2767,92.23333333333066,TRACKING,1,0,1,1,13.018026235318663,12.738389280780376,13.034221433552212,12.785402745066985,13.025681030849123,12.79223130386465,13.039588546801177,12.784035603061655,0.05438344733851094,4.350675787080875,4.038629481812109,0,7.168799987994134,26.83170000091195
2768,92.266666666664,TRACKING,1,0,1,1,13.0590354519304,12.692461909921668,13.080954595340062,12.742556347835496,13.085327622204243,12.744592939718727,13.062072431412117,12.707858282160991,0.058385978500069026,4.670878280005522,1.2554432460396747,1,8.407499990426004,20.14550002058968
2769,92.29999999999733,TRACKING,1,0,1,1,13.099750833792621,12.646201322885712,13.117939303184341,12.685792297199603,13.125142798978446,12.682988045305065,13.10078803507502,12.653708870136674,0.04469915930257115,3.575932744205692,0.6063084481054312,1,9.204000001773238,20.900700008496642
2770,92.33333333333066,TRACKING,1,0,1,1,13.140171409399287,12.599609235812972,13.15593106217117,12.63004460823803,13.15745927862687,12.632634546387388,13.14240681390476,12.604584044651537,0.037276555111312094,2.9821244089049674,0.4363173618061287,1,9.272399998735636,18.910100014181808
2771,92.36666666666399,TRACKING,1,0,1,1,13.180296214278718,12.552687377141762,13.194822959968393,12.575755213004157,13.189718079395918,12.586767773743064,13.188438113634922,12.55291429919045,0.035358803356289985,2.8287042685031984,0.6516048802407015,1,7.514900004025549,16.041900002164766
2772,92.39999999999732,TRACKING,1,0,1,1,13.220124291016594,12.505437487543897,13.236473278269454,12.521122615428313,13.228424452188602,12.52500738797988,13.23083242005926,12.502721179733099,0.02125732058740152,1.7005856469921217,0.8837822563229344,0,6.7310000013094395,23.335700010647997
2773,92.43333333333065,TRACKING,1,0,1,1,13.259654689278781,12.45786131986033,13.277924690090462,12.467310699269673,13.277322863907637,12.46091878093009,13.273226726483598,12.452528060275748,0.017930768608981726,1.4344614887185383,1.1665850379577936,0,7.186000002548099,22.123000002466142
2774,92.46666666666398,TRACKING,1,0,1,1,13.298886465834073,12.409960639036024,13.319540586356245,12.414052669246502,13.31324723779652,12.412509939548855,13.315621032907936,12.402334940818397,0.014585290688297656,1.1668232550638125,1.4712106763200146,0,7.690099999308586,19.780500006163493
2775,92.49999999999731,TRACKING,1,0,1,1,13.3378186845766,12.361737222054408,13.361275815896523,12.361271253495067,13.349470760148025,12.363367280891241,13.358015339332274,12.352141821361046,0.011765541081213516,0.9412432864970813,1.7888124825790994,0,7.407600001897663,19.838000007439405
2776,92.53333333333065,TRACKING,1,0,1,1,13.37645041654823,12.313192857871618,13.40311311354455,12.308892317838986,13.398647960071246,12.31167839345233,13.400409645756612,12.301948701903695,0.022249146970916546,1.7799317576733236,2.11732012913039,0,7.16800001100637,21.971500013023615
2777,92.56666666666398,TRACKING,1,0,1,1,13.414780739960708,12.264329347350053,13.445036640656692,12.256853703313515,13.452506110514392,12.246411127032461,13.44280395218095,12.251755582446345,0.041764413114067596,3.3411530491254076,2.4571853647546766,0,7.253799994941801,20.14239999698475
2778,92.59999999999731,COASTING,0,0,1,1,13.452808740217696,12.215148503191466,13.487033079131843,12.205102822953497,13.488725806102897,12.200872503262303,13.485198258605289,12.201562462988994,0.03865022374811459,3.092017899849167,2.80988129544395,0,7.189600000856444,21.85069999541156
2779,92.63333333333064,COASTING,0,0,1,1,13.490533509936526,12.165652149869942,13.52909116401897,12.153595215835672,13.519473941079061,12.163509755268977,13.527592565029627,12.151369343531643,0.029019621109554056,2.3215696887643245,3.177291547255521,0,7.609599997522309,19.67149999109097
2780,92.66666666666397,COASTING,0,0,1,1,13.527954148969899,12.115842123563967,13.571201370953373,12.102293289736759,13.565636182276762,12.108771876004349,13.569986871453965,12.101176224074292,0.03833958834799656,3.0671670678397254,3.56142745966952,0,6.7857000103686005,31.059499975526705
2781,92.6999999999973,COASTING,0,0,1,1,13.565069764427347,12.065720272088518,13.613355646978457,12.051165260101792,13.61395630537499,12.050154948095136,13.612381177878303,12.050983104616941,0.05130470930474519,4.104376744379615,3.964283701502763,0,4.487999976845458,10.342099994886667
2782,92.73333333333063,COASTING,0,0,1,1,13.601879470696533,12.015288454826427,13.655547183243828,12.000184252809072,13.654503752002332,12.00090286509055,13.654775484302641,12.00078998515959,0.05455511135540751,4.364408908432601,4.387760342113738,0,6.6254000121261925,16.868700011400506
2783,92.76666666666397,COASTING,0,0,1,1,13.638382389464427,11.964548542659323,13.697770222802044,11.949327545556441,13.696773394652132,11.95424672310646,13.69716979072698,11.95059686570224,0.05929280709268468,4.743424567414775,4.833620812347895,0,9.07940001343377,22.830500005511567
2784,92.7999999999973,COASTING,0,0,1,1,13.674577649738193,11.913502417898387,13.740019898099929,11.898575926445544,13.735130391627399,11.90402821771791,13.739564097151318,11.900403746244889,0.061289436441857664,4.903154915348613,5.303471193225788,0,6.229799997527152,22.460500011220574
2785,92.83333333333063,TRACKING,1,0,1,1,13.710464387866015,11.862151974214454,13.782292093575824,11.847913151658595,13.782475359162879,11.84643182220332,13.716336368104418,11.868149340300103,0.07370687326410566,5.896549861128453,0.6714690849675752,1,8.187899977201596,20.561200013617054
2786,92.86666666666396,TRACKING,1,0,1,1,13.7460417475577,11.810499116567659,13.804589323645217,11.802791131806803,13.81408101994799,11.78964939899323,13.752991233061554,11.819525178517761,0.07116216206899266,5.692972965519413,0.9113160350890182,0,7.034400012344122,19.24019999569282
2787,92.89999999999729,TRACKING,1,0,1,1,13.781308879905085,11.758545761136952,13.833243705227213,11.755999192787232,13.828122302132885,11.746795227438517,13.78964609801869,11.770901016735419,0.04826563521674938,3.8612508173399505,1.1924067675815955,0,8.197399991331622,26.485500013222918
2788,92.93333333333062,TRACKING,1,0,1,1,13.816264943402361,11.706293835248932,13.862889422236542,11.708993658056672,13.844744579003013,11.712860384138471,13.826300962975825,11.722276854953076,0.029226857652930094,2.3381486122344075,1.5098155813042025,0,6.072699994547293,17.4280000210274
2789,92.96666666666395,TRACKING,1,0,1,1,13.850909103966064,11.653745277306237,13.893633436877327,11.661736411490196,13.883373444335657,11.663081705639419,13.86295582793296,11.673652693170734,0.0337802055892711,2.7024164471416876,1.8614897513320714,0,6.915000005392358,23.229299986269325
2790,92.99999999999729,TRACKING,1,0,1,1,13.885240534955026,11.600902036715873,13.92529063523985,11.61427055146936,13.930214012341125,11.607456682600262,13.899610692890096,11.625028531388391,0.04544861990058354,3.6358895920466834,2.246546411556308,0,7.158099993830547,18.167900008847937
2791,93.03333333333062,TRACKING,1,0,1,1,13.919258417190083,11.547766073816632,13.957720852214084,11.56662804848317,13.962308899436886,11.565141486240496,13.936265557847232,11.576404369606049,0.046424659164949,3.71397273319592,2.664606320255749,0,6.88499998068437,25.331900018500164
2792,93.06666666666395,COASTING,0,0,1,1,13.952961938973663,11.494339359806588,13.9908046066469,11.5188361991354,13.991567408933761,11.52456382681522,13.972920422804368,11.527780207823707,0.04902959021647917,3.9223672173183335,3.1155161554254214,0,7.360799994785339,21.624999993946403
2793,93.09999999999728,COASTING,0,0,1,1,13.986350296109087,11.440623876669893,14.024440933636484,11.47091806726033,14.022458395670684,11.469878835204371,14.009575287761503,11.479156046041364,0.046472007195775746,3.7177605756620595,3.599225084354967,0,6.894399994052947,24.3901000067126
2794,93.13333333333061,COASTING,0,0,1,1,14.019422691919802,11.386621617103131,14.058544462967335,11.42289315451529,14.065607059414752,11.41593003521696,14.046230152718639,11.430531884259022,0.054698986948970074,4.375918955917606,4.115727117238266,0,7.026599982054904,21.74090000335127
2795,93.16666666666394,COASTING,0,0,1,1,14.052178337268376,11.332334584441607,14.093043013502033,11.374777949712945,14.09753117565811,11.368454947298426,14.082885017675775,11.38190772247668,0.057978966556101824,4.6383173244881455,4.665033323807335,0,7.047100021736696,22.120999987237155
2796,93.19999999999727,COASTING,0,0,1,1,14.084616450575323,11.277764792584922,14.127875555382596,11.326586394335001,14.119675835288229,11.332460607610335,14.11953988263291,11.333283560694337,0.06496762761361781,5.197410209089425,5.247158297786984,0,6.889699987368658,22.429300006479025
2797,93.2333333333306,COASTING,0,0,1,1,14.116736257837795,11.222914265922164,14.162990487279323,11.278330276066415,14.160439467299113,11.283497667912865,14.156194747590046,11.284659398911995,0.07470153354508054,5.976122683606443,5.862113672844167,0,7.023699989076704,15.47089999075979
2798,93.26666666666394,COASTING,0,0,1,1,14.148536992647978,11.167785039257051,14.198344179774372,11.230019561536093,14.200752185620468,11.224791386461687,14.192849612547182,11.236035237129652,0.07730556253446368,6.184445002757093,6.509905211957778,0,5.194700002903119,20.892700005788356
2799,93.29999999999727,COASTING,0,0,1,1,14.180017896211433,11.112379157732164,14.23389974377917,11.181662677652184,14.236626112846483,11.172626032535819,14.229504477504317,11.18741107534731,0.0826690759244834,6.613526073958672,7.1905317251233,1,7.737300009466708,22.496099991258234
2800,93.3333333333306,COASTING,0,0,1,1,14.211178217365179,11.056698676753317,14.269625989219275,11.133266749473824,14.262541902463024,11.134241591288074,14.266159342461453,11.138786913564967,0.09301146026901841,7.440916821521473,7.903984914842975,0,5.6643999996595085,20.534000010229647
2801,93.36666666666393,COASTING,0,0,1,1,14.242017212595618,11.000745661913212,14.305496544592252,11.084837801334018,14.303459823114052,11.09013743842089,14.302814207418589,11.090162751782625,0.10847158196743684,8.677726557394946,8.650249676015187,0,6.669099995633587,21.195499983150512
2802,93.39999999999726,COASTING,0,0,1,1,14.27253414605631,10.944522188914709,14.341489112545293,11.036380926891,14.336299568717386,11.03492037007278,14.339469072375724,11.041538590000282,0.11062486286469674,8.84998902917574,9.429304599082927,0,8.128499990561977,22.663100011413917
2803,93.4333333333306,COASTING,0,0,1,1,14.30272828958547,10.888030343494018,14.377584840458809,10.987900432908317,14.384475400634578,10.987188382741861,14.37612393733286,10.99291442821794,0.12851033776452372,10.2808270211619,10.241122543669535,0,6.539499998325482,21.417200012365356
2804,93.46666666666393,COASTING,0,0,1,1,14.332598922723381,10.83127222134323,14.413767788268723,10.93939996082229,14.41597922561751,10.94844620728159,14.412778802289996,10.944290266435598,0.14381243997443213,11.504995197954571,11.085671213978433,0,3.1136000179685652,17.39829999860376
2805,93.49999999999726,COASTING,0,0,1,1,14.362145332729577,10.774249928032466,14.450024478505034,10.890882589528495,14.435988267380237,10.895752996101399,14.449433667247131,10.895666104653255,0.14218218787170656,11.374575029736524,11.962913702086883,0,2.679800003534183,11.01580000249669
2806,93.53333333333059,TRACKING,1,0,1,1,14.391366814599875,10.716965578932012,14.486343515845018,10.842350922288734,14.479237417049749,10.847594374309171,14.389160319553074,10.711387992881232,0.15743292208617463,12.59463376689397,0.4798538880645328,1,5.0743999890983105,17.45320000918582
2807,93.56666666666392,TRACKING,1,0,1,1,14.420262671083139,10.659421299133559,14.495778421277578,10.75610823632587,14.50502416869387,10.747758965542525,14.419933302094142,10.654531959683021,0.12242571128564407,9.794056902851526,0.3920336654400484,0,6.903000001329929,17.452400003094226
2808,93.59999999999725,TRACKING,1,0,1,1,14.448832212697969,10.601619223371618,14.514624059824692,10.682963549423826,14.514495650889238,10.674861256138076,14.451546638546562,10.604592481015638,0.0983670802599201,7.869366420793607,0.32207694688306404,1,6.5150999871548265,15.110600012121722
2809,93.63333333333058,TRACKING,1,0,1,1,14.477074757749127,10.543561495944225,14.535329556853002,10.614942612995911,14.531717109616416,10.61422619209743,14.480682743339123,10.544200474494435,0.08932684870750435,7.146147896600349,0.2931304540193364,1,7.280699996044859,20.587999984854832
2810,93.66666666666391,TRACKING,1,0,1,1,14.504989632343806,10.48525027063328,14.556667885711676,10.545900817954033,14.553294446112089,10.550740227525877,14.508764205201496,10.479226512205184,0.08137745072796675,6.51019605823734,0.5686929061379746,1,7.775299978675321,23.240000009536743
2811,93.69999999999725,TRACKING,1,0,1,1,14.53257617040774,10.42668771062486,14.578290688763438,10.474776913233335,14.58180434288644,10.477431386749867,14.538479208515412,10.419960088991397,0.07069889413754778,5.655911531003823,0.7160190019541478,1,8.423899998888373,22.91719999630004
2812,93.73333333333058,TRACKING,1,0,1,1,14.559833713701044,10.367875988428876,14.60130752773279,10.405988284076924,14.613307519974997,10.40387307318202,14.568194211829328,10.36069366577761,0.06446113610656588,5.156890888525271,0.8817571098479763,1,3.067299985559657,18.90660001663491
2813,93.76666666666391,TRACKING,1,0,1,1,14.586761611833952,10.308817285798359,14.625352629343743,10.338644761789237,14.624787184009177,10.337951381536158,14.58861132622799,10.300224049484315,0.047903441146879326,3.832275291750346,0.7032047949256663,2,8.265699987532571,21.96620000177063
2814,93.79999999999724,TRACKING,1,0,1,1,14.613359222282341,10.249513793648743,14.646095618129149,10.272013521597415,14.643116349630413,10.285604604786297,14.61616560066465,10.24067801720491,0.0467764179536644,3.7421134362931516,0.7416595660655478,1,7.403700001304969,20.04000000306405
2815,93.83333333333057,TRACKING,1,0,1,1,14.639625910403032,10.189967711976475,14.66847915704546,10.206556305873347,14.676774558915495,10.20428074085997,14.643719875101308,10.181131984925505,0.03981061268207632,3.1848490145661055,0.7790481144369924,1,8.602700021583587,19.756499998038635
2816,93.8666666666639,TRACKING,1,0,1,1,14.66556104944899,10.130181249777308,14.691628702551982,10.14201146154392,14.69459891080637,10.130215909387855,14.658845786308756,10.132105927443993,0.029037882042240417,2.3230305633792336,0.5588510680355834,2,8.764500002143905,19.06369999051094
2817,93.89999999999723,TRACKING,1,0,1,1,14.69116402058421,10.07015662496459,14.710238331623938,10.08266499926592,14.706421016754048,10.081304222005349,14.687926523975486,10.072726088219813,0.018895630497804856,1.5116504398243886,0.33065777558263737,2,11.095199995907024,25.208400009432808
2818,93.93333333333057,TRACKING,1,0,1,1,14.716434212898525,10.009896064286696,14.732412728417902,10.022088482619615,14.721729614705136,10.031110964534063,14.713863326843189,10.014875734684532,0.021865801444246054,1.7492641155396844,0.44833253644571636,1,7.165699993493035,23.31910000066273
2819,93.9666666666639,TRACKING,1,0,1,1,14.741371023422175,9.949401803244692,14.754868452541675,9.962100296412489,14.754252046123153,9.974581494746511,14.739800129710892,9.95702538114925,0.028283168315269523,2.262653465221562,0.6226993990375754,1,8.426399988820776,20.347200013929978
2820,93.99999999999723,TRACKING,1,0,1,1,14.765973857140182,9.888676086009278,14.777881918799151,9.902436179731342,14.787082757187498,9.901496458615075,14.765736932578594,9.89917502761397,0.024697117543532467,1.9757694034825972,0.8401291636565407,0,7.370799983618781,22.399800014682114
2821,94.03333333333056,TRACKING,1,0,1,1,14.790242127006586,9.827721165337437,14.801347973503747,9.843056341680365,14.807408398947281,9.84190669656565,14.768928392875448,9.817389532935652,0.02226904103387718,1.7815232827101743,1.8948652987666197,1,5.951099999947473,22.022099990863353
2822,94.06666666666389,TRACKING,1,0,1,1,14.814175253958398,9.766539302489072,14.815720648797907,9.773943328671214,14.813339794907852,9.786548895332658,14.802779334584246,9.748292812632888,0.02002702667874628,1.6021621342997026,1.721025499783639,1,11.508800002047792,21.380199992563576
2823,94.09999999999722,TRACKING,1,0,1,1,14.83777266692945,9.705132767143025,14.838056973776098,9.704517077302405,14.83627329569474,9.703024613469884,14.832252928670794,9.69380706601149,0.002586972363411454,0.20695778907291631,1.0079333837192106,1,8.730000001378357,21.581799985142425
2824,94.13333333333055,TRACKING,1,0,1,1,14.86103380286401,9.643503837312753,14.86231190306927,9.640738758368482,14.870937883761428,9.637007337156383,14.85516420718053,9.640764209906873,0.011844633075967432,0.9475706460773946,0.5181981817680296,1,7.942700001876801,21.08780000708066
2825,94.16666666666389,TRACKING,1,0,1,1,14.883958106730242,9.581654799262086,14.885200282091063,9.58092198128189,14.896682620762013,9.574609873171497,14.876133569295698,9.585263076465731,0.014544560528479121,1.1635648422783298,0.6893152564935232,1,13.399999996181577,21.94989999406971
2826,94.19999999999722,TRACKING,1,0,1,1,14.906545031533414,9.519587947420117,14.906637116525888,9.522587326690838,14.902167353664385,9.532091902027906,14.89980765697007,9.52709780492039,0.013248129843816724,1.0598503875053378,0.8071289391166431,0,7.045700011076406,20.214099989971146
2827,94.23333333333055,TRACKING,1,0,1,1,14.928794038328961,9.45730558429634,14.928650845863748,9.464076095398656,14.918338946843196,9.468858776297873,14.923481744644443,9.468932533375048,0.01558156549901276,1.2465252399210207,1.022644130694806,0,7.435800012899563,20.965499978046864
2828,94.26666666666388,TRACKING,1,0,1,1,14.95070459623536,9.39481002039512,14.950909585122975,9.405634050920437,14.9486341614727,9.40416345784994,14.957436480099252,9.395168823479334,0.009579848241368746,0.7663878593094997,0.5393151213021429,1,8.809299994027242,19.400399993173778
2829,94.29999999999721,TRACKING,1,0,1,1,14.972276182446766,9.33210357412989,14.97799819779511,9.340245501078233,14.977563048957187,9.334586112280764,14.986879413516256,9.338859458217533,0.005840715124841395,0.4672572099873116,1.2872204534722365,1,8.156500000040978,19.461499992758036
2830,94.33333333333054,TRACKING,1,0,1,1,14.993508282245545,9.269188571737333,15.005822865259724,9.278885773283298,15.000095161662385,9.276725024153876,15.013038851751663,9.27704429136937,0.010009250495357537,0.800740039628603,1.6841006642986385,1,8.08669999241829,25.72350000264123
2831,94.36666666666387,TRACKING,1,0,1,1,15.014400389014481,9.206067347190995,15.032994020332943,9.216626893630444,15.025461973909403,9.21751995996909,15.033016645272886,9.213117227156022,0.01592234278718262,1.2737874229746096,1.5925140970927751,1,9.80239998898469,22.33390000765212
2832,94.3999999999972,TRACKING,1,0,1,1,15.034952004248918,9.14274224211459,15.056847822879865,9.153172410836444,15.054229855781818,9.149282469915448,15.046555767892134,9.147956483754395,0.020357066080642718,1.6285652864514175,1.0177171208256681,1,7.957300025736913,20.97039998625405
2833,94.43333333333054,TRACKING,1,0,1,1,15.05516263756863,9.079215605695342,15.075603012724594,9.088435176054949,15.083360282201522,9.079440155348172,15.06817201998932,9.085289815069782,0.028198538710178276,2.2558830968142622,1.1486062524427132,0,6.813100015278906,22.81209998182021
2834,94.46666666666387,TRACKING,1,0,1,1,15.07503180672953,9.015489794596744,15.095489705057775,9.02423012953539,15.098766253745184,9.022645641704845,15.089788272086505,9.022623146385168,0.024789718089832942,1.9831774471866355,1.3112143442021915,0,9.378799994010478,26.136200001928955
2835,94.4999999999972,TRACKING,1,0,1,1,15.094559037635188,8.951567172871002,15.115604914764438,8.960253977140141,15.112653498412099,8.970129200409168,15.11140452418369,8.959956477700555,0.025922159962758477,2.0737727970206783,1.5055116925833805,0,10.848900012206286,20.897299982607365
2836,94.53333333333053,TRACKING,1,0,1,1,15.113743864348121,8.887450111871603,15.135956538783859,8.896484462046317,15.133806261119865,8.90661162173494,15.12534097268675,8.88138061247087,0.027742804913520595,2.2194243930816473,1.0471500210942393,1,9.212800010573119,20.65349998883903
2837,94.56666666666386,TRACKING,1,0,1,1,15.13258582910092,8.823140990165054,15.153273705405862,8.82619404065853,15.154703863937211,8.829401620424221,15.143024064668408,8.816922165390421,0.02298701712405024,1.8389613699240193,0.9720264797708669,1,10.195800015935674,24.169000011170283
2838,94.5999999999972,TRACKING,1,0,1,1,15.151084482307173,8.758642193442892,15.170464895722528,8.75822016464523,15.169995565780622,8.756451898601739,15.159750292394003,8.755350223698416,0.019037501664634467,1.5230001331707574,0.7416018522503383,1,10.7164999935776,25.177699979394674
2839,94.63333333333053,TRACKING,1,0,1,1,15.169239382572211,8.693956114433076,15.186828836933866,8.692345199411388,15.176266375915775,8.700203406969557,15.180239571941554,8.690249462016233,0.00940251559354474,0.7522012474835792,0.9286323304324503,1,9.938000002875924,21.34229999501258
2840,94.66666666666386,TRACKING,1,0,1,1,15.187050096703599,8.629085152811115,15.204562317536023,8.62617433968575,15.199415181047517,8.638590969011647,15.197494229691088,8.62170811093845,0.015596661580943886,1.2477329264755108,1.0229390148826383,1,8.66739999037236,19.347299996297807
2841,94.69999999999719,TRACKING,1,0,1,1,15.204516199721512,8.564031715111263,15.221398400775328,8.558352720000004,15.226939189964275,8.554133866646243,15.21619701557157,8.555886906650747,0.02451036302594351,1.960829042075481,1.1392049544315197,0,6.7257999908179045,18.80310001433827
2842,94.73333333333052,TRACKING,1,0,1,1,15.221637274868849,8.498798214637132,15.238659987737739,8.491081678321802,15.24747666305856,8.485329530076323,15.234899801452052,8.490065702363044,0.029138967823468993,2.3311174258775194,1.270342018795923,0,7.543200015788898,27.825099998153746
2843,94.76666666666385,TRACKING,1,0,1,1,15.238412913621191,8.433387071372058,15.256138410341292,8.424024182877218,15.246770177299467,8.419334583683138,15.246783191974643,8.428641179800133,0.01634980937000407,1.3079847496003256,0.7697689898736452,1,7.214499986730516,17.31830000062473
2844,94.79999999999718,TRACKING,1,0,1,1,15.254842715696556,8.36780071188959,15.2707510280169,8.359133522908818,15.26064506677994,8.365112418924555,15.263197998605252,8.362796362619909,0.0063948570868080255,0.511588566944642,0.7791452305075752,1,7.997900014743209,25.015999999595806
2845,94.83333333333051,TRACKING,1,0,1,1,15.270926289064926,8.302041569263157,15.285860567319386,8.293509419474354,15.293290005132679,8.297541636063865,15.269718591534335,8.297809359156217,0.02281195290099375,1.8249562320794999,0.35209213080377455,1,8.817399997496977,20.887100021354854
2846,94.86666666666385,TRACKING,1,0,1,1,15.28666324995762,8.236112082976089,15.296322922538494,8.228090189664957,15.30190023438109,8.223466407087248,15.282305842413384,8.234992451477439,0.019800980102174147,1.5840784081739316,0.3599162142439598,1,7.385400007478893,18.960799992782995
2847,94.89999999999718,TRACKING,1,0,1,1,15.302053222876442,8.170014698830993,15.307204395302866,8.163816986097677,15.308302864473404,8.172232470493991,15.293874378572282,8.166329363871974,0.006631480320387275,0.5305184256309821,0.7176637113829234,1,8.670200011692941,25.49550001276657
2848,94.93333333333051,TRACKING,1,0,1,1,15.317095840602645,8.10375186885891,15.31748326339787,8.097256509582394,15.311122326333047,8.10644674000936,15.307043842528106,8.100696886509551,0.006553258979060057,0.5242607183248046,0.8404782731580582,0,5.0829999963752925,20.267699990654364
2849,94.96666666666384,TRACKING,1,0,1,1,15.331790744205705,8.037326051228582,15.328348274414731,8.031118505072655,15.32884297815893,8.033628593745393,15.32021330648393,8.035064409147129,0.004728690781444369,0.37829526251554957,0.9437019499182232,0,6.57979998504743,21.524100011447445
2850,94.99999999999717,TRACKING,1,0,1,1,15.346137583051858,7.970739710155146,15.339563534348697,7.965045823656122,15.34937753126305,7.952799231627242,15.333382770439755,7.969431931784706,0.01823068935124001,1.4584551480992007,1.0257345591481006,0,7.961399998748675,19.63590001105331
2851,95.0333333333305,TRACKING,1,0,1,1,15.360136014812488,7.9039953158086,15.35108354874939,7.8990456801540185,15.352264480376869,7.889670286138652,15.347801178951281,7.905297728201629,0.01634526015137171,1.307620812109737,0.9922723940997114,1,9.989799989853054,24.792800017166883
2852,95.06666666666383,TRACKING,1,0,1,1,15.373785705472281,7.837095344222439,15.363386286927692,7.8337363197562535,15.358757043666664,7.834744424095418,15.368428844034806,7.8374032891680665,0.015211426662586775,1.216914133006942,0.4292564328219294,1,9.022100013680756,21.99730000575073
2853,95.09999999999717,TRACKING,1,0,1,0,15.387086329337219,7.7700422772014885,15.378932483954461,7.7672119370035135,15.378146593678796,7.769086862806265,15.381262865011992,7.76578205167159,0.008990644599197399,0.7192515679357919,0.577233447750403,1,2.737799979513511,16.79379999404773
2854,95.1333333333305,TRACKING,1,0,1,0,15.400037569042322,7.702838602230113,15.392932645268289,7.698277694468167,15.40162140154032,7.691606489409882,15.392062774651855,7.699686234943316,0.011343230747371444,0.9074584597897154,0.6860193120597857,1,8.093400014331564,19.34249998885207
2855,95.16666666666383,TRACKING,1,0,1,0,15.412639115559234,7.635486812379815,15.40536774549072,7.630552019420546,15.41158067442763,7.62185517605639,15.404187897051836,7.634773167660086,0.013672666399908929,1.0938133119927143,0.6785036856885978,1,8.443900005659088,20.691300014732406
2856,95.19999999999716,TRACKING,1,0,1,0,15.424890668203602,7.567989406216638,15.41751301241409,7.563891832203031,15.416953773702396,7.5681341256578225,15.417261202905703,7.568381675922221,0.007938213781445854,0.6350571025156683,0.6111634347898492,0,5.772900010924786,22.528400004375726
2857,95.23333333333049,TRACKING,1,0,1,0,15.436791934642239,7.500348887708703,15.42987471343602,7.497151726308842,15.424960987060018,7.502781644749313,15.43033450875957,7.501990184184356,0.012078477864031047,0.9662782291224838,0.5330197934105062,0,7.866800006013364,20.568599982652813
2858,95.26666666666382,TRACKING,1,0,1,0,15.448342630900115,7.432567766133207,15.44234444900019,7.430476406740027,15.444031616643773,7.420591890289808,15.441564747774501,7.429619641918129,0.01272817528693298,1.0182540229546384,0.5913030278400478,1,7.675900007598102,22.107700002379715
2859,95.29999999999715,TRACKING,1,0,1,0,15.459542481367112,7.364648555983219,15.454083591866818,7.361167168406496,15.462929292652591,7.354118589378024,15.450757321195127,7.357157569351948,0.011061224497765509,0.8848979598212408,0.9236238886727157,1,7.728700002189726,22.61239997460507
2860,95.33333333333049,TRACKING,1,0,1,0,15.47039121880462,7.296593776874628,15.464510212435782,7.290343281749986,15.461987864982797,7.2941870564111415,15.464324938445992,7.28648702501616,0.008741204656345222,0.6992963725076177,0.9430035097050218,1,6.988299981458113,18.062899995129555
2861,95.36666666666382,TRACKING,1,0,1,0,15.480888584351897,7.228405953452562,15.476192922393365,7.219249064417369,15.46316548952288,7.227982870984993,15.481881505500784,7.212064003523398,0.01772814398330285,1.4182515186642282,1.3097669286286169,1,4.870399978244677,21.311900025466457
2862,95.39999999999715,TRACKING,1,0,1,0,15.491034327532256,7.160087615297605,15.490447301593957,7.1460255849230965,15.49296044127524,7.148106071297583,15.48782228734542,7.142968166089209,0.01213537435662217,0.9708299485297736,1.3934538232422642,1,9.107999998377636,20.262000005459413
2863,95.43333333333048,TRACKING,1,0,1,0,15.500828206259051,7.09164129683224,15.500386789133767,7.074330452298444,15.512493569793671,7.066322903283986,15.499331422255795,7.0726944255187405,0.02787654494838104,2.2301235958704835,1.5204721265137733,0,6.714299990562722,20.544200000585988
2864,95.46666666666381,TRACKING,1,0,1,0,15.510269986841426,7.023069537226507,15.511081460490065,7.002735996945427,15.51389770486656,6.996489276064216,15.51084055716617,7.002420684948272,0.02682667742239946,2.1461341937919567,1.6525387032637564,0,7.044500001939014,24.299500015331432
2865,95.49999999999714,TRACKING,1,0,1,0,15.519359443989915,6.954374880304087,15.521873982746037,6.931356451685922,15.524408079760201,6.9355408968311005,15.522349692076544,6.932146944377804,0.01949891424161215,1.559913139328972,1.7942534387984992,0,6.808099977206439,19.530000019585714
2866,95.53333333333048,TRACKING,1,0,1,0,15.528096360821802,6.8855598744478135,15.532781312182388,6.860150900865854,15.53322740051447,6.8694076845080385,15.520849099460605,6.874528147084665,0.0169475900404245,1.3558072032339599,1.0559448647798626,1,8.156600000802428,25.379400001838803
2867,95.5666666666638,TRACKING,1,0,1,0,15.536480528866317,6.816627072505016,15.538309153601592,6.794418258649371,15.547218413631843,6.785755673001594,15.522692775193985,6.8170462303588195,0.032685554554536395,2.6148443643629116,1.1035298843556702,1,6.634699995629489,14.808200008701533
2868,95.59999999999714,TRACKING,1,0,1,0,15.544511748069583,6.747579031693049,15.54210972332661,6.73204961255995,15.548161764553054,6.730587675970089,15.533509562638317,6.75128566584512,0.017378975505874587,1.3903180404699669,0.9287831902053858,1,6.8817999854218215,20.26820002356544
2869,95.63333333333047,TRACKING,1,0,1,0,15.552189826799413,6.67841831350432,15.548485063417196,6.66846753666123,15.539700596173482,6.673028065810302,15.552570627453736,6.682131932011352,0.01360278103295679,1.0882224826365432,0.29864731364311076,1,8.682599989697337,22.799600003054366
2870,95.6666666666638,TRACKING,1,0,1,0,15.559514581849866,6.609147483611133,15.560247705518504,6.60285948130062,15.559002755534475,6.608813303249566,15.56010904363725,6.609797793164433,0.0006112631930542947,0.048901055444343575,0.07048573560192525,1,9.400999988429248,23.87020000605844
2871,95.69999999999713,TRACKING,1,0,1,0,15.566485838445624,6.5397691117707915,15.569414274324183,6.53440873096476,15.575680236117972,6.528031766184272,15.570244744964,6.541603119859158,0.014909803150097479,1.1927842520077983,0.33459672569431786,0,6.611199991311878,23.025000002235174
2872,95.73333333333046,TRACKING,1,0,1,0,15.573103430246174,6.470285771729953,15.579002494511228,6.4663537650425615,15.587548258162395,6.4599297886216664,15.580380446290752,6.473408446553884,0.017773560129257626,1.42188481034061,0.6334972672726321,0,6.65830000070855,16.894299973500893
2873,95.7666666666638,TRACKING,1,0,1,0,15.57936719934976,6.400700041129426,15.588661644514588,6.39825964460334,15.585626590315151,6.40470296206606,15.574155504927045,6.389572420553378,0.007429895778715336,0.594391662297227,0.9830099033160575,1,7.073700020555407,21.611099975416437
2874,95.79999999999713,TRACKING,1,0,1,0,15.585276996297152,6.331014501408424,15.591062074185691,6.323141465548182,15.583210605718207,6.333070006981938,15.58513720552517,6.312582160454669,0.002914630883576464,0.23317047068611713,1.4746296825883245,1,7.820300001185387,22.876700008055195
2875,95.83333333333046,TRACKING,1,0,1,0,15.590832680075225,6.2612317377086875,15.597212312949416,6.247168022756818,15.606552909562616,6.24834955851459,15.589928630227286,6.243980625913205,0.020324275040578006,1.6259420032462406,1.3819827247725636,1,7.882800011429936,22.740099986549467
2876,95.86666666666379,TRACKING,1,0,1,0,15.59603411812031,6.191354338778819,15.601949602948627,6.17402669745206,15.61224354256667,6.164817986168762,15.590820013993701,6.1822082739247595,0.03109539275724852,2.4876314205798815,0.8422346814337118,1,8.461599994916469,18.141299980925396
2877,95.89999999999712,TRACKING,1,0,1,0,15.60088118632137,6.121384896878125,15.604298837141474,6.105769872652544,15.604759819862261,6.106727526047157,15.597069197004481,6.112987619833848,0.015161870525137058,1.2129496420109647,0.7377610423346006,1,7.229599985294044,23.809800011804327
2878,95.93333333333045,TRACKING,1,0,1,0,15.605373769022954,6.051326007680336,15.607994032996409,6.036709026000701,15.59850616365984,6.044180979661401,15.602533516073905,6.043844156912112,0.009910369761761705,0.7928295809409364,0.6402255989011837,0,8.013499988010153,21.30860000033863
2879,95.96666666666378,TRACKING,1,0,1,0,15.60951175902795,5.98118027017759,15.611874507819739,5.967682434583236,15.608308540694676,5.964407315219688,15.607997835143328,5.974700693990376,0.016816056386005702,1.3452845108804563,0.5323269557365724,0,7.685899996431544,22.74250000482425
2880,95.99999999999712,TRACKING,1,0,1,0,15.613295057600157,5.910950286583697,15.616007539028622,5.89863855085301,15.625505459194194,5.889286803250194,15.608278752645907,5.9167206676315365,0.024867658056774225,1.989412644541938,0.6116763213663731,1,6.536000000778586,16.13200001884252
2881,96.03333333333045,TRACKING,1,0,1,0,15.61672357446663,5.840638662237887,15.618027129835491,5.834582094395789,15.622631246619553,5.83256041282639,15.615374995579252,5.846175573146506,0.010007932045172323,0.8006345636137858,0.4559020766820061,1,8.072800002992153,23.718300013570115
2882,96.06666666666378,TRACKING,1,0,1,0,15.619797227819841,5.770248005508037,15.622009127679323,5.767628910054796,15.621985308470574,5.776093695943983,15.621740104870135,5.77488203802879,0.006241778080564596,0.4993422464451676,0.4019872924236215,1,7.7954999869689345,22.202499996637926
2883,96.09999999999711,TRACKING,1,0,1,0,15.622515944319629,5.699780927693787,15.626620376402693,5.699090315581132,15.621920171872533,5.705064257543343,15.629031740535451,5.702810284482059,0.005316814752079272,0.42534518016634176,0.5748466390363138,1,8.900599990738556,20.078300003660843
2884,96.13333333333044,TRACKING,1,0,1,0,15.624879659094942,5.6292400429299105,15.632240601657752,5.629018797499562,15.64109687972153,5.62344788228751,15.623262505014265,5.6373728658026465,0.01722055079719608,1.3776440637756866,0.6633635272455506,1,10.058199986815453,21.11880001029931
2885,96.16666666666377,TRACKING,1,0,1,0,15.626888315745402,5.558627968089215,15.631941998659595,5.561282710770059,15.638006010384055,5.5565652537621695,15.625706234363346,5.568783021322711,0.011307427845152554,0.9045942276122043,0.8178896652001592,1,7.303899998078123,21.01950001087971
2886,96.1999999999971,TRACKING,1,0,1,0,15.628541866342632,5.4879473226853435,15.632775485279177,5.493057183656024,15.627442309382426,5.494789731198763,15.628219295508526,5.500383026876745,0.006930193343136293,0.5544154674509034,0.9951909667726637,1,7.1890999970491976,20.94519999809563
2887,96.23333333333044,TRACKING,1,0,1,0,15.629840271431409,5.417200728775839,15.633833231878738,5.424840613087159,15.629653996411065,5.4254570975655065,15.63266677423933,5.42432123673008,0.008258469832493173,0.6606775865994537,0.6128791157785033,2,10.048700001789257,23.54730002116412
2888,96.26666666666377,TRACKING,1,0,1,0,15.630783500030613,5.346390810864753,15.636044875143766,5.352936125762062,15.638143465550552,5.350656593225925,15.633463472901353,5.348203394617293,0.008506820299476062,0.6805456239580849,0.25883077959621326,2,9.985199983930215,20.53670000168495
2889,96.2999999999971,TRACKING,1,0,1,0,15.631371529633949,5.275520195805159,15.637202273344826,5.279022289365264,15.645539703999175,5.274931993943342,15.630386556880214,5.2762034464124765,0.014180378918551208,1.1344303134840967,0.09590003855678178,2,5.901100026676431,18.571299995528534
2890,96.33333333333043,TRACKING,1,0,1,0,15.631604346210498,5.204591512701997,15.63602581626044,5.205700689843146,15.641084070768317,5.200761403114652,15.629483543413965,5.207534105390968,0.010224231860789726,0.8179385488631782,0.2901768424664241,2,10.734000010415912,21.36620000237599
2891,96.36666666666376,TRACKING,1,0,1,0,15.631481944205042,5.133607392814202,15.634599247852359,5.134195082954168,15.625391765164398,5.140318104833154,15.634692814072972,5.134270687404163,0.00906222580541942,0.7249780644335537,0.2622932102435103,2,9.425399999599904,24.980799993500113
2892,96.39999999999709,TRACKING,1,0,1,0,15.631004326538207,5.062570469457386,15.635951610258104,5.0614364104556335,15.6307957985738,5.058002611938219,15.63626673343025,5.069592008870401,0.004572614812921176,0.36580918503369403,0.7019740942272314,2,7.925500016426668,23.5367999994196
2893,96.43333333333042,TRACKING,1,0,1,0,15.630171504606382,4.991483377906025,15.636957200864673,4.992518556870037,15.6379503916849,4.989262786380392,15.635803897841694,5.000238113034013,0.008089629837269362,0.647170386981549,0.8328043831523425,2,9.161299996776506,19.809899997198954
2894,96.46666666666376,TRACKING,1,0,1,0,15.628983498281457,4.920348755295574,15.637003258402585,4.923192469950294,15.63088872363488,4.913741663909561,15.636905439093772,4.9306706659236115,0.006876302802411981,0.5501042241929586,1.0409195480827715,1,7.345599995460361,19.6400000131689
2895,96.49999999999709,TRACKING,1,0,1,0,15.627440335910343,4.8491692405248825,15.63735137104426,4.853840044988433,15.623304499998792,4.862309224786946,15.63972043415753,4.854650882413917,0.013775497272133506,1.1020397817706804,1.0758415073165666,2,9.27179999416694,22.487300011562183
2896,96.53333333333042,TRACKING,1,0,1,0,15.625542054314295,4.777947474158175,15.638627185597326,4.781381059314759,15.63726346542071,4.786110366683505,15.6354806175354,4.782255035520695,0.014283707246569344,1.1426965797255475,0.8665522443958007,1,10.465500003192574,22.222100000362843
2897,96.56666666666375,TRACKING,1,0,1,0,15.623288698788041,4.706686098326971,15.637083252840648,4.70897053963363,15.646616530362387,4.708242744529807,15.624582268495802,4.714239381168969,0.023379710720234197,1.8703768576187356,0.6130600194046293,1,9.059300005901605,22.41679999860935
2898,96.59999999999708,TRACKING,1,0,1,0,15.62068032309869,4.635387756632357,15.63084094523258,4.638459113759269,15.629319741236898,4.633582336113459,15.622475131430877,4.645728682115465,0.008826046057939687,0.706083684635175,0.8396421210833722,1,8.59640000271611,23.339299979852512
2899,96.63333333333041,TRACKING,1,0,1,0,15.617716989484459,4.564055094046586,15.626176506058561,4.568744989112979,15.621753656791382,4.576770023106265,15.616917799345893,4.568298525574628,0.013340318734552489,1.0672254987641991,0.34544270504505026,1,9.25549998646602,21.23899999423884
2900,96.66666666666374,TRACKING,1,0,1,0,15.614398768653178,4.4926907568152465,15.620287818348059,4.495151932426995,15.618883245345225,4.501130128909558,15.612413703747869,4.490896950612614,0.009556857880483835,0.7645486304387069,0.2140388506176351,1,8.03190001170151,19.419699994614348
2901,96.69999999999708,TRACKING,1,0,1,0,15.610725739780618,4.4212973923589685,15.61444988417594,4.419603904219963,15.620460339643722,4.417483578188871,15.608630334828359,4.417262497915832,0.01045502812137772,0.8364022497102176,0.36372380801881143,0,7.58579999092035,20.158300001639873
2902,96.7333333333304,TRACKING,1,0,1,0,15.60669799050858,4.349877649175087,15.608984643119959,4.344659609172674,15.613334826943543,4.333928840460918,15.60350532685001,4.347855784995788,0.01727460845476988,1.3819686763815902,0.3023220639917531,1,9.476599982008338,20.82689999951981
2903,96.76666666666374,TRACKING,1,0,1,0,15.60231561694283,4.278434176739642,15.603138641759584,4.271920051478122,15.5963186042781,4.274683094805895,15.603388555327461,4.275887091242083,0.007073526459597176,0.5658821167677741,0.2211076307552055,1,7.847500004572794,21.92910001031123
2904,96.79999999999707,TRACKING,1,0,1,0,15.597578723650784,4.206969625408961,15.599559028405613,4.1992199507896295,15.59360630595928,4.205360876799532,15.598799471487046,4.2057116138385915,0.004285810822249435,0.34286486577995484,0.14023565060962387,1,6.635699974140152,18.319200025871396
2905,96.8333333333304,TRACKING,1,0,1,0,15.592487423659017,4.135486646321218,15.595070843159865,4.127626860091507,15.604239233184638,4.1227711796259205,15.588093613310807,4.140445873055039,0.017314390558309523,1.3851512446647618,0.5300535772073114,1,7.9966000048443675,19.473199994536117
2906,96.86666666666373,TRACKING,1,0,1,0,15.587041838450581,4.063987891298329,15.587275111874561,4.059101984846263,15.59729977971944,4.050886441691204,15.575590049538675,4.077091377458418,0.01663951143764206,1.3311609150113648,1.3921949721626685,1,9.354600013466552,22.526799992192537
2907,96.89999999999706,TRACKING,1,0,1,0,15.581242097962086,3.992476012747455,15.5767739951219,3.9932725445287933,15.58261536474127,3.9872321240776376,15.564193987732901,4.0085425689457725,0.005420722279203326,0.43365778233626606,1.874071145646517,1,8.856700005708262,22.02119998401031
2908,96.9333333333304,TRACKING,1,0,1,0,15.575088340580615,3.920953663562478,15.565188005528103,3.926474001972936,15.558937228592931,3.9289577340383444,15.557824889222925,3.932099804882287,0.018025636261206877,1.44205090089655,1.643923539050157,1,8.357199985766783,20.501299994066358
2909,96.96666666666373,TRACKING,1,0,1,0,15.568580713140411,3.84942349702588,15.555415922611635,3.8553665728988915,15.557833136621651,3.8500717515777465,15.549858597964024,3.861515929189876,0.010767108943008792,0.8613687154407034,1.7830212782914858,0,12.047299998812377,20.366899989312515
2910,96.99999999999706,TRACKING,1,0,1,0,15.561719370919382,3.777888166709976,15.545771162597534,3.7848582077752995,15.557277345772068,3.779472574616496,15.540425374145272,3.7934672838792625,0.004716135687574875,0.37729085500599,2.1107620468677073,1,9.068000013940036,21.40629998757504
2911,97.03333333333039,TRACKING,1,0,1,0,15.55450447763539,3.7063503263787703,15.535698283450804,3.7155193200113525,15.538707206224254,3.7147780639257824,15.536102338999637,3.715440029822619,0.01790476317068789,1.4323810536550312,1.6419723068390395,1,10.66749999881722,21.86720000463538
2912,97.06666666666372,TRACKING,1,0,1,0,15.54693620544235,3.6348126298893804,15.527903755906616,3.642075270486945,15.517907821297605,3.6515256156755083,15.535378368576348,3.6348500229405762,0.03349583526264393,2.6796668210115144,0.9246317883746624,2,10.858499997993931,20.730300020659342
2913,97.09999999999705,TRACKING,1,0,1,0,15.539014734926115,3.563277731093464,15.52312560968485,3.5652124783965276,15.516789043679301,3.567759359831895,15.53381343844285,3.561337334625687,0.022673031282733364,1.813842502618669,0.4441161906274629,2,11.909699998795986,23.47159999771975
2914,97.13333333333038,TRACKING,1,0,1,0,15.53074025510017,3.4917482837390157,15.519800844621685,3.489657062852647,15.525782931084052,3.4819919069147014,15.52517571187987,3.4943020335667474,0.01094358031627665,0.8754864253021319,0.4898050513956336,2,11.793400015449151,23.148899985244498
2915,97.16666666666372,TRACKING,1,0,1,0,15.52211296340113,3.420226941371797,15.513972276889312,3.4177898634141166,15.52249121269394,3.4148192498851895,15.51537919009649,3.423949265558611,0.005420903959842687,0.4336723167874149,0.6155291721178066,1,10.484400001587346,20.32790001248941
2916,97.19999999999705,TRACKING,1,0,1,0,15.513133065684015,3.3487163572367726,15.50635538858722,3.346326906443632,15.499067660455356,3.34406457271808,15.513800701120871,3.3558634016924445,0.014814679323384402,1.1851743458707522,0.5742528030219246,1,7.55909999134019,25.11329998378642
2917,97.23333333333038,TRACKING,1,0,1,0,15.503800776217348,3.2772191841799723,15.501754227061824,3.2765322155304424,15.501193675727606,3.280745905754075,15.508273636642368,3.281167941058716,0.004385742585338808,0.35085940682710465,0.47732026158802016,1,6.883099995320663,13.494900020305067
2918,97.26666666666371,TRACKING,1,0,1,0,15.494116317678044,3.2057380745497444,15.496593845008274,3.2043317435493903,15.49209564306611,3.20666107534669,15.502400598915342,3.2050797483513644,0.0022214986739762434,0.17771989391809945,0.6648318115234728,1,8.650700008729473,18.190700007835403
2919,97.29999999999704,TRACKING,1,0,1,0,15.484079921146082,3.134275680098655,15.491186610462615,3.1302971108093547,15.49736947370285,3.123737728897043,15.487365011131487,3.1313883651481587,0.01696056080106643,1.3568448640853146,0.34988824579808686,1,8.325500006321818,27.9830000072252
2920,97.33333333333037,TRACKING,1,0,1,0,15.473691826099008,3.0628346518849865,15.481006309046212,3.056334835644308,15.467324741645177,3.0553694540243383,15.481302892969074,3.059192440809204,0.009811673839913776,0.784933907193102,0.6750124878070393,1,7.820700004231185,19.580299995141104
2921,97.3666666666637,TRACKING,1,0,1,0,15.462952280406215,2.9914176401742703,15.472821909402509,2.9830263377115567,15.457292926597251,2.9935015791037243,15.474884174925405,2.980378372406268,0.006030844633774703,0.48246757070197627,1.3004258740476766,1,7.5668999925255775,22.06850002403371
2922,97.39999999999704,TRACKING,1,0,1,0,15.451861540323025,2.9200272943412133,15.465157701991721,2.906749393219678,15.463857666793032,2.912085123527429,15.457965046938305,2.907497922690631,0.014386977706236538,1.150958216498923,1.114954196616017,1,8.573900006012991,20.661299990024418
2923,97.43333333333037,TRACKING,1,0,1,0,15.440419870484586,2.8486662627712946,15.45264100951043,2.8319747927451933,15.45697303289627,2.8288511055251915,15.439555093685035,2.8394024541532423,0.025819520570982482,2.0655616456785983,0.744326762759225,1,7.859199977247044,23.355000012088567
2924,97.4666666666637,TRACKING,1,0,1,0,15.428627543899527,2.7773371927623884,15.43690888238699,2.7601992128293635,15.432175563053876,2.7572726609647678,15.42735059354476,2.7695342692175506,0.020375815963474025,1.630065277077922,0.6325375843005535,1,9.628100000554696,20.52900000126101
2925,97.49999999999703,TRACKING,1,0,1,0,15.416484841943491,2.7060427304268497,15.42229312704644,2.689228632641643,15.415922395883639,2.6950459692771607,15.419817643087633,2.6958352716922906,0.011011135334449139,0.8808908267559311,0.8590218708614786,1,9.349300002213567,21.08350000344217
2926,97.53333333333036,TRACKING,1,0,1,0,15.403992054352383,2.6347855205930175,15.410413729853714,2.616995357135502,15.407100347315302,2.6201899260802994,15.407377159127009,2.621981913953323,0.014922897316641209,1.1938317853312967,1.0594829752492585,1,7.838699995772913,19.56309998058714
2927,97.56666666666369,TRACKING,1,0,1,0,15.391149479215475,2.56356820670739,15.397640153143469,2.544091974211475,15.40342607862048,2.537785952379291,15.389887187303264,2.555373065535784,0.028555901862658144,2.2844721490126516,0.6633429023082937,1,8.345000009285286,16.639300010865554
2928,97.59999999999702,TRACKING,1,0,1,0,15.377957422968278,2.4923934307364366,15.382128012396768,2.474382213250143,15.387673964563279,2.4782097267910608,15.374540169900106,2.4861887935817912,0.01719269141750216,1.375415313400173,0.5666753045770517,1,7.297000003745779,25.948099995730445
2929,97.63333333333036,TRACKING,1,0,1,0,15.364416200385248,2.4212638330684615,15.366252375641917,2.4049869609720314,15.355708690098586,2.4082182744576635,15.367206411717147,2.418440804715963,0.015684620966414594,1.2547696773131676,0.3175382141983234,1,9.284700005082414,20.35860001342371
2930,97.66666666666369,TRACKING,1,0,1,0,15.350526134572268,2.3501820524159025,15.354058638234612,2.336703624459482,15.350885335512922,2.3363074804297552,15.355418323445106,2.349741823501216,0.013879220911656009,1.1103376729324808,0.3929564939977053,1,10.182199999690056,23.73079999233596
2931,97.69999999999702,TRACKING,1,0,1,0,15.336287556958936,2.279150725717318,15.341567271409094,2.2685361183589423,15.344491942748274,2.2661971620598007,15.3427171612764,2.280535360928716,0.015333191370671347,1.2266553096537078,0.5261605920495305,1,9.55630000680685,22.177900013048202
2932,97.73333333333035,TRACKING,1,0,1,0,15.321700807290663,2.2081724880394393,15.32877908311197,2.200226677527966,15.333600811640274,2.202564852836064,15.321969333395225,2.2127180868464476,0.013155062755262563,1.052405020421005,0.36428186698198384,1,9.767899988219142,21.384599996963516
2933,97.76666666666368,TRACKING,1,0,1,0,15.306766233620543,2.1372499724796663,15.311808450606522,2.1325194740205453,15.30784511093613,2.137088196820889,15.305985986287478,2.1435593642479374,0.0010909388735676545,0.08727510988541236,0.5085962509419446,1,8.958200021879748,22.575499984668568
2934,97.79999999999701,TRACKING,1,0,1,0,15.29148419230109,2.0663858100682586,15.29504735496443,2.0644079672036577,15.287275477382613,2.069577275288745,15.291710090606067,2.072861959858222,0.005281924982293995,0.4225539985835196,0.518407074928467,1,7.7797999838367105,22.178799990797415
2935,97.83333333333034,TRACKING,1,0,1,0,15.275855047975698,1.9955826296706134,15.278976256778906,1.995322880151432,15.285265782238787,1.9965447778278647,15.271307077475766,2.0032952971140303,0.009459791141825982,0.7567832913460786,0.71629837251689,1,9.069299994735047,19.218200002796948
2936,97.86666666666368,TRACKING,1,0,1,0,15.259879173569962,1.924843057890027,15.260232277084205,1.926239833903717,15.269648760855977,1.9249688995026872,15.250110239781955,1.934421757201438,0.009770397732465,0.7816318185972,1.0945203087464335,1,7.887399988248944,18.606700003147125
2937,97.89999999999701,TRACKING,1,0,1,0,15.243556950282771,1.8541697189699264,15.239794024892168,1.8574093102309999,15.240314550434139,1.8587875879361215,15.233060962392043,1.8633063159851069,0.005642505699364472,0.45140045594915773,1.1132458253452948,1,13.287700014188886,19.408199994359165
2938,97.93333333333034,TRACKING,1,0,1,0,15.226888767577202,1.783565234696805,15.2204126898752,1.7875634823934197,15.212464519334686,1.7936061786139255,15.215502342534002,1.793473473478007,0.017574967769771143,1.4059974215816913,1.207506842408078,0,7.112899998901412,20.797000004677102
2939,97.96666666666367,TRACKING,1,0,1,0,15.209875023171254,1.713032224302838,15.201254099765148,1.7178379972496711,15.202356384268521,1.7206718510414578,15.200656914662964,1.7184009441298937,0.010718853840552161,0.8575083072441729,0.8534042026688752,1,8.736900024814531,20.006699982332066
2940,97.999999999997,TRACKING,1,0,1,0,15.192516123028332,1.642573304368594,15.18364146009875,1.6455962175048364,15.195202047204294,1.6389795151424995,15.178311588547034,1.6517234541152113,0.004486592212426904,0.35892737699415234,1.351725511108579,1,7.851600006688386,17.756399989593774
2941,98.03333333333033,TRACKING,1,0,1,0,15.174812481347574,1.5721910887262105,15.163362880682508,1.5759996812376547,15.167745285362301,1.5737400669626864,15.16312920343673,1.5824746030882015,0.007234956300582744,0.5787965040466195,1.2451496947764547,1,6.819899979745969,25.111399998422712
2942,98.06666666666366,TRACKING,1,0,1,0,15.156764520553976,1.501888188362309,15.14525652778303,1.5064114027886162,15.146442126709996,1.509356641590286,15.148152977812002,1.5088554808800536,0.012740863718316604,1.0192690974653282,0.8861668770146393,1,10.116099991137162,19.77809998788871
2943,98.099999999997,TRACKING,1,0,1,0,15.138372671288268,1.4316672113210087,15.128262373895044,1.4348749769175728,15.130790727720393,1.4375990665948375,15.130429769277564,1.4366614700438514,0.009626669998295605,0.7701335998636485,0.750604290069656,1,9.578800003509969,24.257200013380498
2944,98.13333333333033,TRACKING,1,0,1,0,15.119637372396706,1.3615307626074618,15.110680938153521,1.363023130593501,15.11855737662713,1.353029103485818,15.108919182898177,1.3686467721867486,0.008569982420222997,0.6855985936178397,1.0292278378167297,1,10.569300007773563,17.885400011437014
2945,98.16666666666366,TRACKING,1,0,1,0,15.100559070920553,1.2914814440908895,15.09100032078617,1.2929653833460844,15.099167511423913,1.2757659611975838,15.086669470383992,1.3027517255254986,0.01577697183880595,1.262157747104476,1.430949886877769,1,8.92079999903217,22.072499996284023
2946,98.19999999999699,TRACKING,1,0,1,0,15.08113822208543,1.2215218544083446,15.069828075027212,1.2248936407648057,15.066836666083145,1.22411371204865,15.071006882232751,1.2271731512523216,0.014534518571804256,1.1627614857443405,0.9280731117035018,1,7.427500007906929,17.845099995611235
2947,98.23333333333032,TRACKING,1,0,1,0,15.061375289290433,1.1516545888681873,15.051063064859104,1.1531172792717628,15.049597316722302,1.1548909019468832,15.052645975373613,1.156251011584992,0.012214514323500182,0.9771611458800147,0.789239728346012,0,8.04800001787953,22.807400004239753
2948,98.26666666666365,TRACKING,1,0,1,0,15.04127074409711,1.0818822393536824,15.032111006922284,1.0819030817212822,15.040086889776248,1.080260529032952,15.030487040859326,1.0831003220849538,0.002007848454786215,0.16062787638289722,0.8681823994929138,1,8.402000006753951,20.25519998278469
2949,98.29999999999698,TRACKING,1,0,1,0,15.020825066218189,1.012207394227096,15.01145852297469,1.0096495974884532,15.01897448302841,1.001385823234209,15.011329570520507,1.0184983011644262,0.010978663711781246,0.8782930969424998,0.9112275628450596,1,9.031399997184053,21.90239998162724
2950,98.33333333333032,TRACKING,1,0,1,0,15.000038743506126,0.9426326382335475,14.991338906211956,0.940942234841583,14.991187517010014,0.9393455968801697,14.9961453209327,0.9512324564411442,0.009441866941675202,0.7553493553340161,0.7552085276593941,1,3.336699999636039,17.045399989001453
2951,98.36666666666365,TRACKING,1,0,1,0,14.978912271941489,0.873160552405003,14.973321105157881,0.8728276892622628,14.968248033215234,0.8784132896624806,14.97853670840559,0.8823872748033623,0.011887692640148863,0.9510154112119091,0.7387490147469885,1,3.021600015927106,10.039999993750826
2952,98.39999999999698,TRACKING,1,0,1,0,14.957446155621076,0.8037937139647715,14.955310421894804,0.8045466913458852,14.96075526201462,0.8071169523378477,14.956208589846888,0.8109136392006837,0.004689786605815133,0.3751829284652106,0.5781344032547242,1,9.493099991232157,21.169700019527227
2953,98.43333333333031,TRACKING,1,0,1,0,14.935640906745949,0.7345346962317714,14.935123109095565,0.7349104455082607,14.947412399861863,0.7307903002050758,14.931123132333573,0.7426579340617202,0.012352673871787455,0.9882139097429964,0.743601090835263,1,9.707699995487928,23.1707000057213
2954,98.46666666666364,TRACKING,1,0,1,0,14.913497045609164,0.6653860685249482,14.912416073469213,0.6661514262847414,14.908803906901882,0.6583337612160858,14.910673567464592,0.6720961052664411,0.008471162216863762,0.677692977349101,0.582390230165649,1,9.122699993895367,17.283299996051937
2955,98.49999999999697,TRACKING,1,0,1,0,14.891015100583383,0.5963503960682455,14.890578033321475,0.5965700667624785,14.879830821051092,0.597492940355311,14.899725546497258,0.5970045589730161,0.011242487096026545,0.8993989676821237,0.6987980406361821,1,7.834799995180219,25.30429998296313
2956,98.5333333333303,TRACKING,1,0,1,0,14.868195608108257,0.5274302398951116,14.873812294700693,0.5243260679845398,14.874771127064788,0.522184820387236,14.875548249793733,0.5265725190957614,0.008411413398549531,0.6729130718839625,0.5922000998291259,1,9.046499995747581,17.929199995705858
2957,98.56666666666364,TRACKING,1,0,1,0,14.845039112677604,0.4586281567537851,14.853119740233696,0.45297459057517253,14.859541326513147,0.4419953830115765,14.849620627915073,0.45986471335332574,0.022067246509053357,1.7653797207242685,0.3796364921976795,1,8.167299994966015,22.490000003017485
2958,98.59999999999697,TRACKING,1,0,1,0,14.821546166826467,0.3899466990123144,14.829893924723237,0.3837662008124649,14.835439099944214,0.3741962677049904,14.82421244023446,0.3955075199408899,0.021002135057677306,1.6801708046141846,0.4933590548773352,1,8.91189998947084,21.27730002393946
2959,98.6333333333303,TRACKING,1,0,1,0,14.79771733111789,0.3213884145637609,14.805340636179276,0.3169282335509185,14.79949219511881,0.31681268244500677,14.803737332430305,0.3280955185573029,0.0049078983938510385,0.3926318715080831,0.7210022348112113,1,8.66289998521097,20.295900001656264
2960,98.66666666666363,TRACKING,1,0,1,0,14.773553174129562,0.25295584673191396,14.78239328560784,0.24996032949561597,14.77340630305065,0.25155544103716937,14.780425132197871,0.2559198422696618,0.0014080863694012576,0.11264690955210062,0.598713699808606,1,7.970900012878701,22.108799981651828
2961,98.69999999999696,TRACKING,1,0,1,0,14.749054272440219,0.1846515341768229,14.758790129369832,0.18070016015898183,14.766712883976975,0.174059803491152,14.74801356476593,0.18625176339232768,0.02059153516190197,1.6473228129521575,0.15271004693556214,1,9.429400000954047,22.730299999238923
2962,98.7333333333303,TRACKING,1,0,1,0,14.724221210615935,0.11647801080049947,14.730425622938007,0.11147709930351067,14.740310728467554,0.10819032805274849,14.715475823540404,0.1186711443525073,0.018098570938748712,1.447885675099897,0.7212949682467368,1,9.227000002283603,21.371099981479347
2963,98.76666666666362,TRACKING,1,0,1,0,14.699054581196144,0.04843780565319511,14.699506250509968,0.04313211370212659,14.70515960019632,0.04278310963344309,14.688717021516688,0.049223099641892615,0.008321468864828055,0.6657175091862444,0.8293875399112544,1,6.83909998042509,19.360800011781976
2964,98.79999999999696,TRACKING,1,0,1,0,14.673554984679498,-0.019466557160735753,14.669854336715513,-0.025708547447034852,14.665629813087923,-0.021574996189616384,14.668252947028819,-0.02040905608495357,0.008200845071967465,0.6560676057573973,0.43081249728482834,1,2.8282999992370605,17.237399995792657
2965,98.83333333333029,TRACKING,1,0,1,0,14.647723029509562,-0.0872325585761966,14.64389937866806,-0.09484230847286242,14.64695708369182,-0.10526762604169057,14.645344251195745,-0.08112404963234755,0.018051324923136113,1.4441059938508891,0.5244271101054678,1,8.977999998023733,20.43590001994744
2966,98.86666666666362,TRACKING,1,0,1,0,14.62155933206025,-0.1548576846609211,14.618815366343231,-0.1596853858866608,14.620195583819802,-0.17439878758304084,14.619503232980268,-0.1447530905600882,0.019588632230868083,1.5670905784694467,0.8249329296151773,1,9.438299981411546,21.939199999906123
2967,98.89999999999695,TRACKING,1,0,1,0,14.595064516621179,-0.222339426708845,14.593055813193502,-0.22378250745976846,14.587274841112901,-0.2284490959432139,14.597270662214394,-0.2133617500938114,0.009899853669507113,0.791988293560569,0.7395815283040341,1,8.621599990874529,21.061500010546297
2968,98.93333333333028,TRACKING,1,0,1,0,14.568239215382729,-0.2896752813329404,14.568874769390973,-0.28969511342568344,14.561381603915896,-0.2845827186529869,14.576809976739268,-0.2869831711578116,0.008541722875350875,0.68333783002807,0.7186895070369352,1,9.93699999526143,18.003700010012835
2969,98.96666666666361,TRACKING,1,0,1,0,14.541084068420973,-0.3568627505582027,14.546387069789706,-0.35904243313760564,14.549660060430044,-0.36099897103232315,14.543408843610951,-0.3570835076529226,0.009521342276705569,0.7617073821364455,0.18681864367443063,1,8.16800000029616,23.59329999308102
2970,98.99999999999694,TRACKING,1,0,1,0,14.513599723682416,-0.42389934191443324,14.518406426029781,-0.42858289026615903,14.531933690977928,-0.4369969426297806,14.5117862466443,-0.4268117685464027,0.02253178868380293,1.8025430947042345,0.27447028667603324,1,8.287500008009374,17.070300003979355
2971,99.03333333333028,TRACKING,1,0,1,0,14.485786836968488,-0.49078256852843083,14.48858634350614,-0.4983166052603758,14.493172255637033,-0.49911750466763294,14.48321684709101,-0.49546033926873484,0.01113622778836095,0.8908982230688759,0.4269811204758425,1,9.427999990293756,18.14810000360012
2972,99.06666666666361,TRACKING,1,0,1,0,14.45764607191996,-0.5575099492165636,14.458951310792175,-0.5676323186395313,14.448295902149052,-0.5655020406658277,14.461730665405984,-0.5620166127914185,0.01230037399749295,0.984029919799436,0.48658102238695816,1,8.121799997752532,16.34530001319945
2973,99.09999999999694,TRACKING,1,0,1,0,14.429178100001069,-0.6240790085765324,14.432855329856752,-0.635680698765487,14.428965825673142,-0.635338696127644,14.434349665048783,-0.6273802442758971,0.011261688334302047,0.9009350667441637,0.49083271079584195,1,7.4908999959006906,23.90259999083355
2974,99.13333333333027,TRACKING,1,0,1,0,14.400383600483513,-0.6904872770793302,14.40570040889639,-0.7024252804706118,14.411735855362325,-0.7152003097755467,14.402191578343906,-0.6850633343143392,0.027195729000667978,2.1756583200534383,0.4573869368423704,1,5.107600009068847,14.529399981256574
2975,99.1666666666636,TRACKING,1,0,1,0,14.371263260430206,-0.7567322911609589,14.375891812208586,-0.7645256450689369,14.38693552898367,-0.7750567343023227,14.369138731380577,-0.7446693076444996,0.024112345760066167,1.9289876608052934,0.9798912429483984,1,5.8966999931726605,13.210900011472404
2976,99.19999999999693,TRACKING,1,0,1,0,14.341817774678946,-0.822811593313598,14.34420537102248,-0.8250730782531768,14.341993290111303,-0.8194245116460839,14.344393465963861,-0.8169228149264028,0.0033916261423402186,0.2713300913872175,0.5141946494544657,1,9.43619999452494,18.683500005863607
2977,99.23333333333026,TRACKING,1,0,1,0,14.31204784582579,-0.8887227321768814,14.315543527192563,-0.8908516551415391,14.300611890590655,-0.8856379955206881,14.323296739678552,-0.8880990434349961,0.011844689627763798,0.9475751702211038,0.9012936500208133,1,9.448899974813685,19.033400021726266
2978,99.2666666666636,TRACKING,1,0,1,0,14.281954184208306,-0.9544632626289564,14.290190736844028,-0.958744122040723,14.294636798691002,-0.9623602707801214,14.290463201789624,-0.9540800154779141,0.014940262643482853,1.1952210114786281,0.6814115165587764,1,9.07770000048913,19.122099998639897
2979,99.29999999999693,TRACKING,1,0,1,0,14.251537507888624,-1.0200307458769569,14.260923278671182,-1.0255593359328659,14.260695578119975,-1.0325894102140232,14.260269629346302,-1.0168009955425759,0.01554317536069943,1.2434540288559544,0.7448220506900051,1,8.214199973735958,15.443400014191866
2980,99.33333333333026,TRACKING,1,0,1,0,14.220798542636276,-1.0854227495475897,14.231214730578666,-1.0903677328076506,14.222958489735662,-1.0961964893124219,14.233104595040265,-1.0834793121806474,0.010988122678259184,0.8790498142607348,0.9966853050192586,1,6.9595999957527965,22.82280000508763
2981,99.36666666666359,TRACKING,1,0,1,0,14.189738021910921,-1.1506368477774886,14.20253128219903,-1.1560482299065216,14.191367546592987,-1.1538074641036784,14.204576426547415,-1.1549596211780842,0.0035648504284701366,0.2851880342776109,1.2364196621645365,1,8.577400003559887,18.04750002338551
2982,99.39999999999692,TRACKING,1,0,1,0,14.158356686844824,-1.2156706213029373,14.173670720972986,-1.2244532972124942,14.181255096624465,-1.232017678614401,14.171471310105828,-1.217110497421682,0.028134737481992536,2.2507789985594027,1.0554743737763,1,7.842399994842708,19.091299996944144
2983,99.43333333333025,TRACKING,1,0,1,0,14.12665528622517,-1.2805216575499196,14.142513308440304,-1.289659414123097,14.146941794370766,-1.298328897118921,14.135573879816993,-1.277820253696552,0.026993336100030154,2.159466888002412,0.7454991109214975,1,7.209999981569126,13.18480001646094
2984,99.46666666666358,TRACKING,1,0,1,0,14.094634576476203,-1.3451875507233586,14.10876216649267,-1.3526786991435478,14.109223447990402,-1.3585624852246259,14.103460655875773,-1.3443345005963812,0.019792019729451688,1.583361578356135,0.7093766146093446,1,8.702499995706603,17.39409999572672
2985,99.49999999999692,TRACKING,1,0,1,0,14.062295321641145,-1.4096659018964752,14.075413236989487,-1.4172490108335718,14.069693205384207,-1.412459276952573,14.07590068190867,-1.4155766091018036,0.007907694232827254,0.6326155386261803,1.1867057938378476,1,8.483399986289442,19.02960002189502
2986,99.53333333333025,TRACKING,1,0,1,0,14.029638293364028,-1.473954319099894,14.04440450937049,-1.4848497350123908,14.047941130172998,-1.4805629049573084,14.044596013503995,-1.4854890530036111,0.01945937414950873,1.5567499319606986,1.5110970383455555,1,8.992399991257116,25.424700026633218
2987,99.56666666666358,TRACKING,1,0,1,0,13.996664270871236,-1.5380504174101581,14.012806373796066,-1.5534957170457255,14.016471654745887,-1.5609307284814442,14.011412016289812,-1.5462006059934168,0.030262866531057708,2.4210293224846167,1.3479977896096385,1,7.404299976769835,18.177200021455064
2988,99.59999999999691,TRACKING,1,0,1,0,13.963374040952917,-1.601951819038308,13.980173173269678,-1.6183009793514223,13.98480464499032,-1.621577311954337,13.976839576809546,-1.6065321097781127,0.02905909085991881,2.3247272687935046,1.1378568462994985,1,8.379800012335181,19.11539997672662
2989,99.63333333333024,TRACKING,1,0,1,0,13.929768397944237,-1.6656561534182126,13.946296630459145,-1.6809885574370274,13.938314231631681,-1.6663416175670145,13.94615417561142,-1.6787577511227545,0.008573280265612987,0.685862421249039,1.6783717293520526,1,8.938999992096797,16.29600001615472
2990,99.66666666666357,TRACKING,1,0,1,0,13.89584814370636,-1.729161057294239,13.91367567045988,-1.74826452302668,13.900179940292148,-1.7316041109338884,13.916503629315491,-1.750706378377741,0.004973225587769903,0.3978580470215922,2.387768761119344,1,8.940900006564334,19.52470000833273
2991,99.6999999999969,TRACKING,1,0,1,0,13.861614087607402,-1.7924641748092327,13.882169762639691,-1.8176406041430069,13.890489389514588,-1.8200225576804459,13.885279461680259,-1.8187468754431577,0.03991550484094554,3.193240387275643,2.8293663263658666,0,6.287500000325963,14.147100009722635
2992,99.73333333333024,TRACKING,1,0,1,0,13.827067046503064,-1.8555631575916403,13.850578105451655,-1.88649429022687,13.854696706030198,-1.8878169370957651,13.844442626236074,-1.8689559869617378,0.04247004094518951,3.397603275615161,1.7550451154902544,1,8.167799998773262,14.400199986994267
2993,99.76666666666357,TRACKING,1,0,1,0,13.792207844717163,-1.9184556648427487,13.814475502251398,-1.9467458242545819,13.816058644473092,-1.9425744472493638,13.802692277933353,-1.9291560200807285,0.03392014613434099,2.7136116907472787,1.1984548507706692,1,9.978799993405119,20.919100003084168
2994,99.7999999999969,TRACKING,1,0,1,0,13.757037314021918,-1.9811393634236296,13.775523505458988,-2.0070743773653965,13.774974214874828,-1.9940597349542437,13.762541861903644,-1.993648630555876,0.022105845667972142,1.7684676534377715,1.0933451394852092,1,8.620699984021485,19.94680002098903
2995,99.83333333333023,TRACKING,1,0,1,0,13.72155629361818,-2.0436119279414715,13.735417177786037,-2.0688122915400213,13.733361702129816,-2.064321982151262,13.726457525962614,-2.0505352854243024,0.023838498599934387,1.907079887994751,0.6786101435337099,1,7.657499983906746,17.451500025345013
2996,99.86666666666356,TRACKING,1,0,1,0,13.685765630115347,-2.1058710408359556,13.69648247366482,-2.1275523143783097,13.700128654802889,-2.135018788188114,13.685478084769343,-2.1017172244486457,0.03249442496614154,2.5995539972913235,0.3331005652879431,1,11.18760000099428,18.325299985008314
2997,99.8999999999969,TRACKING,1,0,1,0,13.649666177511188,-2.16791439246534,13.655687349953176,-2.181987920879951,13.652965236723809,-2.183379610454714,13.649400387941737,-2.159931735421571,0.01581318308081056,1.265054646464845,0.6389664533224214,1,7.503400003770366,15.898100013146177
2998,99.93333333333022,TRACKING,1,0,1,0,13.613258797171472,-2.2297396811918873,13.616544164789998,-2.2375332109657777,13.610893675528997,-2.2283482406191615,13.614484513910748,-2.2306082773256453,0.0027440676469669546,0.21952541175735638,0.12018228204909683,1,8.57860001269728,23.968399997102097
2999,99.96666666666356,TRACKING,1,0,1,0,13.576544357809363,-2.2913446134675404,13.578792800508777,-2.2996877810681715,13.581270426647873,-2.2966299902394107,13.577797813955328,-2.2925324324780667,0.007090199876375838,0.5672159901100671,0.13814928300360851,0,5.803999985801056,15.57760001742281
3000,99.99999999999689,TRACKING,1,0,1,0,13.539523735464778,-2.3527269039187475,13.54106019517123,-2.361031890146831,13.549725223550167,-2.3705681733387927,13.537940368906984,-2.3458693795352166,0.020551916058484162,1.644153284678733,0.5630357165342135,1,7.508200011216104,13.02329997997731
3001,100.03333333333022,TRACKING,1,0,1,0,13.502197813483416,-2.4138842754313607,13.501989364589907,-2.418415645230006,13.505249721104805,-2.42732002102005,13.501896100726995,-2.4012586745020688,0.013778004197033612,1.1022403357626889,1.010336433196392,1,8.695800002897158,19.186499994248152
3002,100.06666666666355,TRACKING,1,0,1,0,13.46456748249571,-2.474814459235212,13.464060250867318,-2.4746420095500192,13.45054612351633,-2.4752409168115994,13.47390072365734,-2.46114242790252,0.014027842802550762,1.122227424204061,1.324317379104032,1,9.609899978386238,18.457400001352653
3003,100.09999999999688,TRACKING,1,0,1,0,13.426633640395579,-2.535515194988064,13.430591565022008,-2.5321034199437564,13.42309923204918,-2.528146285306237,13.43804386442534,-2.527091177358235,0.00817269063760641,0.6538152510085128,1.1346394258956916,1,3.7205999833531678,30.119100003503263
3004,100.13333333333021,TRACKING,1,0,1,0,13.388397192318953,-2.5959842308595737,13.395784352512372,-2.5931706203646687,13.397290859615914,-2.5983083704173455,13.39595193395908,-2.587913170157289,0.009192330644240241,0.7353864515392192,0.8844112784772246,1,9.624799975426868,19.49640002567321
3005,100.16666666666355,TRACKING,1,0,1,0,13.349859050622257,-2.656219323614928,13.357504704245121,-2.653740238977134,13.356357380797355,-2.6591269995759497,13.350532366204725,-2.6499027929170516,0.007119190583128091,0.5695352466502472,0.5081852508260813,1,9.840400016400963,17.686799983493984
3006,100.19999999999688,TRACKING,1,0,1,0,13.311020134860586,-2.7162182386978593,13.315630726799007,-2.7149498732895783,13.313264341465846,-2.7056279833609964,13.309669175310116,-2.719976498892587,0.01082543169518175,0.86603453561454,0.31949571663639303,1,8.516600006259978,20.048499980475754
3007,100.23333333333021,TRACKING,1,0,1,0,13.271881371765788,-2.7759787503136373,13.273916834415283,-2.780562391429864,13.273404996804162,-2.7712883508130775,13.271650805640522,-2.785129408940709,0.004931661052060557,0.3945328841648445,0.7322850332369502,1,7.641500007594004,17.42189997457899
3008,100.26666666666354,TRACKING,1,0,1,0,13.232443695224308,-2.8354986415117525,13.233473537699064,-2.846040261973668,13.23619005556837,-2.8489260693710685,13.23319089704082,-2.8403146646374013,0.013940266666914777,1.1152213333531822,0.38989138427113224,1,8.093100012047216,22.49209998990409
3009,100.29999999999687,TRACKING,1,0,1,0,13.192708046254971,-2.8947757042679108,13.193520209229174,-2.9067440640903426,13.20909095953582,-2.907171542258025,13.187104703606412,-2.8995895801357943,0.0205440173054094,1.6435213844327519,0.5909766815490579,1,7.163400005083531,13.961499993456528
3010,100.3333333333302,TRACKING,1,0,1,0,13.152675372986485,-2.953807739566222,13.15013010368549,-2.966990050944152,13.154796140804216,-2.9691900866498786,13.149034346220182,-2.956954742075588,0.01552785426061196,1.2422283408489567,0.38500452532939183,1,8.197200018912554,24.365599994780496
3011,100.36666666666353,TRACKING,1,0,1,0,13.112346630634827,-3.0125925574805414,13.109057544631664,-3.0256618438104157,13.112393068140603,-3.0196023715194844,13.108522328301664,-3.0166277452033494,0.0070099678531719825,0.5607974282537587,0.444759913975957,1,5.983099981676787,15.873500000452623
3012,100.39999999999687,TRACKING,1,0,1,0,13.071722781480462,-3.071127977255805,13.067756093566203,-3.084623303830634,13.072812780116994,-3.082075879234468,13.067044614128973,-3.0756528576983286,0.011002029574676567,0.8801623659741252,0.5206752095511321,1,8.254700020188466,14.350999990710989
3013,100.4333333333302,TRACKING,1,0,1,0,13.030804794845336,-3.1294118273890366,13.026052119478171,-3.143311082628077,13.040424712860712,-3.153154605681329,13.020652345096629,-3.130578463052064,0.025617617837330454,2.0494094269864362,0.8175407989145014,1,8.534599997801706,22.569699998712167
3014,100.46666666666353,TRACKING,1,0,1,0,12.989593647069823,-3.1874419457097023,12.981694181789033,-3.199836260375246,12.987016769770552,-3.1991291495053624,12.979695865084535,-3.188286587921864,0.011967916659836427,0.9574333327869141,0.794700481720656,1,9.778300009202212,17.304400011198595
3015,100.49999999999686,TRACKING,1,0,1,0,12.94809032148937,-3.2452161794600176,12.9386851494289,-3.256639156309631,12.927028082551208,-3.248734771423187,12.948196128423001,-3.249952493217083,0.021354119005276683,1.7083295204221347,0.37899963577879997,1,7.605799997691065,15.713100001448765
3016,100.53333333333019,TRACKING,1,0,1,0,12.906295808411056,-3.3027323853749158,12.900977372626857,-3.315449137279974,12.898876492111443,-3.3093433842943236,12.907382090735489,-3.3101709223092795,0.009937382002625839,0.7949905602100671,0.6013948640273865,1,7.380800001556054,16.705599991837516
3017,100.56666666666352,TRACKING,1,0,1,0,12.864211105089973,-3.359988429761315,12.861486571295579,-3.3746305690090277,12.861866418216243,-3.376830132073652,12.867267229000701,-3.3672811935105194,0.017004131654195762,1.360330532335661,0.6325784515302167,1,8.738199976505712,21.023600012995303
3018,100.59999999999685,TRACKING,1,0,1,0,12.821837215705369,-3.4169821885775473,12.821834494721239,-3.432623812108996,12.828562962187522,-3.442479359896719,12.824042897504997,-3.4188110736199397,0.026369327087003992,2.1095461669603193,0.22922272417190587,1,9.172399993985891,18.630100006703287
3019,100.63333333333019,TRACKING,1,0,1,0,12.779175151336784,-3.4737115475119165,12.780420587468763,-3.487243188919538,12.772961214720162,-3.488900891968922,12.78648138881754,-3.4741799461580394,0.01641125203355769,1.312900162684615,0.5856989174210412,1,8.915200014598668,17.878999991808087
3020,100.66666666666352,TRACKING,1,0,1,0,12.73622592993985,-3.530174402061233,12.740912538656739,-3.5419596225846983,12.732518175685243,-3.5383260177733042,12.749469215736376,-3.532192089692155,0.008955237592037911,0.7164190073630329,1.0716885579366338,1,8.749900007387623,18.28719998593442
3021,100.69999999999685,TRACKING,1,0,1,0,12.692990576322055,-3.5863686576089915,12.7025494851288,-3.597830129629239,12.706080933400472,-3.5995065299890974,12.703238989683593,-3.5869763812854365,0.018546189342191086,1.4836951473752868,0.8213133073154729,1,8.978799975011498,16.895500011742115
3022,100.73333333333018,TRACKING,1,0,1,0,12.649470122118208,-3.642292229502864,12.660289514629667,-3.652717162466424,12.671761208661358,-3.6547731050210177,12.65469634976397,-3.6420072133534642,0.02554730500412656,2.0437844003301247,0.4187194926305508,1,9.158100001513958,21.027399983722717
3023,100.76666666666351,TRACKING,1,0,1,0,12.605665605765925,-3.697943043132149,12.61492075252852,-3.707341786939466,12.60454222498579,-3.702357610603527,12.618172931296717,-3.7016376555492214,0.004555259634370377,0.36442077074963014,1.0433280683523711,1,7.328900013817474,13.895199983380735
3024,100.79999999999684,TRACKING,1,0,1,0,12.561578072480787,-3.753319034004819,12.573691485037935,-3.764110587528872,12.563146191902677,-3.750554125070676,12.576743659352099,-3.7606146093480066,0.0031786349169745914,0.2542907933579673,1.346332368448608,1,7.776100013870746,18.71430000755936
3025,100.83333333333017,TRACKING,1,0,1,0,12.517208574231418,-3.80841814782392,12.531938827987101,-3.8216831212144897,12.527724453322266,-3.8255066458985816,12.52863857939889,-3.8099013946920093,0.020064906665645137,1.6051925332516108,0.9220673794039832,1,7.571399997686967,15.307000023312867
3026,100.8666666666635,TRACKING,1,0,1,0,12.472558169714397,-3.863238340563873,12.486882403137216,-3.874987360645775,12.492241465109283,-3.8851225010744805,12.476826823033832,-3.856876009906875,0.029433800278869403,2.3547040223095523,0.6129308087567729,1,7.272100017871708,20.701499975984916
3027,100.89999999999684,TRACKING,1,0,1,0,12.427627924328933,-3.917777578546403,12.43823275284821,-3.924980861355662,12.429913508828175,-3.919020619619106,12.433331778718813,-3.914741145440579,0.002601739343516988,0.20813914748135903,0.5169379438631231,1,8.51759998477064,15.512100013438612
3028,100.93333333333017,TRACKING,1,0,1,0,12.382418910151545,-3.9720338385157525,12.391667177537354,-3.978428291451059,12.384315617109484,-3.972611004773222,12.39248289725544,-3.9730154067089845,0.001982578667558461,0.15860629340467688,0.8089393056900199,1,8.425499981967732,22.43310000631027
3029,100.9666666666635,TRACKING,1,0,1,0,12.336932205910406,-4.026005107713999,12.347290559981724,-4.033668707722772,12.347968941444996,-4.026846401110048,12.34791187606892,-4.030515974425528,0.011068753581082474,0.885500286486598,0.9496140699175012,1,6.699199991999194,17.67870000912808
3030,100.99999999999683,TRACKING,1,0,1,0,12.291168896959633,-4.079689383955497,12.302385447805468,-4.089751647694646,12.310681583247572,-4.09768498903694,12.298678773780026,-4.077816685906364,0.02654405259975903,2.123524207980722,0.6191878440186687,1,6.00339999073185,16.572499996982515
3031,101.03333333333016,TRACKING,1,0,1,0,12.245130075253394,-4.133084675701253,12.255074753381413,-4.14132354394262,12.257875661496602,-4.141445816689067,12.2516628627132,-4.128825600640664,0.015243314839664379,1.2194651871731503,0.623882206147168,1,8.074000012129545,16.31090001319535
3032,101.0666666666635,TRACKING,1,0,1,0,12.198816839319795,-4.186189002132895,12.207621978783454,-4.192487551751415,12.192371210063635,-4.182187050689692,12.211292237048431,-4.186897974958309,0.007586946148590569,0.6069556918872455,0.9996421470260871,1,6.5670000039972365,23.21370001300238
3033,101.09999999999683,TRACKING,1,0,1,0,12.152230294234766,-4.239000393225971,12.163289298400922,-4.246678635058634,12.155897563068619,-4.2384254307635985,12.161973713531243,-4.241987294809527,0.0037120671509129656,0.29696537207303725,0.8152773296269071,1,7.334699999773875,15.669200016418472
3034,101.13333333333016,TRACKING,1,0,1,0,12.10537155159562,-4.291516889823125,12.11610663482909,-4.300939166810867,12.121142623966255,-4.302327331962867,12.107678373400555,-4.294737715807793,0.019120470260338997,1.5296376208271198,0.31693680746276376,1,7.523299980675802,22.429300006479025
3035,101.16666666666349,TRACKING,1,0,1,0,12.058241729494576,-4.343736543706866,12.065194925772177,-4.354315076259298,12.076328109978437,-4.358721769054323,12.051463464740351,-4.347270838947241,0.023487744415356025,1.8790195532284821,0.6115481517565193,1,8.776300004683435,17.064399988157675
3036,101.19999999999682,TRACKING,1,0,1,0,12.010841952491997,-4.395657417671629,12.011196193397225,-4.407154264289647,12.003899472470984,-4.407597799859034,12.000963561022251,-4.400868236562989,0.013811978700514994,1.1049582960411994,0.893479496075803,0,6.932899996172637,17.856699996627867
3037,101.23333333333015,TRACKING,1,0,1,0,11.963173351589669,-4.447277585595884,11.958215015748992,-4.4601963781413225,11.950827418591777,-4.461398892857245,11.950463657304152,-4.454465634178736,0.01875722208532483,1.5005777668259863,1.1681215587723575,0,10.311699996236712,18.85059999767691
3038,101.26666666666348,TRACKING,1,0,1,0,11.915237064203742,-4.49859513251338,11.905592199709197,-4.513317709249297,11.905945156252683,-4.516138486282008,11.905398031722225,-4.498825021670249,0.0198521740578258,1.588173924626064,0.7873374237641213,1,9.33989998884499,15.27530001476407
3039,101.29999999999681,TRACKING,1,0,1,0,11.867034234137614,-4.549608154684268,11.855728679882956,-4.5623865337216785,11.857142753926766,-4.569803781454723,11.854041772705914,-4.544177780986414,0.022487879433444533,1.7990303546755626,1.1265324142413666,1,9.118300018599257,19.01339998585172
3040,101.33333333333015,TRACKING,1,0,1,0,11.818566011554646,-4.6003147596658245,11.804665349170447,-4.609628250249699,11.802252070151,-4.614136281142868,11.808753178508807,-4.593166429303203,0.02138174782523517,1.7105398260188138,0.9712353184967923,1,7.209600007627159,15.529900003457442
3041,101.36666666666348,TRACKING,1,0,1,0,11.769833552950658,-4.650713066382464,11.756077827173844,-4.657157530365535,11.757270355350643,-4.645422151285094,11.760536995227767,-4.649200508875638,0.013631864014308211,1.090549121144657,0.7535040945619245,1,8.759599993936718,15.79990002210252
3042,101.39999999999681,TRACKING,1,0,1,0,11.720838021126427,-4.700801205195624,11.707391114129065,-4.708163377088991,11.71145186629806,-4.70225673110086,11.712059534212978,-4.698784703531961,0.00949833975613153,0.7598671804905224,0.7205691592585823,1,6.344399997033179,18.859000003430992
3043,101.43333333333014,TRACKING,1,0,1,0,11.671580585159886,-4.7505773179732085,11.658739361972799,-4.7578883262384455,11.664519924103532,-4.7616726835275545,11.664371989808474,-4.742374741931622,0.013151428490368542,1.0521142792294833,0.8735989035099297,1,8.823200012557209,18.2906000118237
3044,101.46666666666347,TRACKING,1,0,1,0,11.622062420378233,-4.800039558158307,11.610521058448823,-4.804225306401162,11.614018353801791,-4.802252802873298,11.61806650762643,-4.792952270485437,0.008342988628463242,0.6674390902770594,0.6508921398967786,1,6.848899996839464,14.612099999794737
3045,101.4999999999968,TRACKING,1,0,1,0,11.572284708329915,-4.849186090837934,11.563236819009031,-4.852287445802996,11.551537841671509,-4.844564441535329,11.578863454592561,-4.844115870537957,0.021255402099653594,1.7004321679722876,0.6644674801545108,1,8.654300007037818,18.886600009864196
3046,101.53333333333013,TRACKING,1,0,1,0,11.522248636756359,-4.898015092810905,11.52005744963949,-4.901332134028815,11.514286327469824,-4.891782609211728,11.532577140166222,-4.898497802156168,0.010111489553396507,0.8089191642717206,0.8271821700188559,1,9.25550001556985,15.451899991603568
3047,101.56666666666347,TRACKING,1,0,1,0,11.471955399563734,-4.946524752655542,11.47551241866012,-4.952672811925313,11.482989837856996,-4.958542315015787,11.476480371996788,-4.944020387872888,0.01631504316666654,1.3052034533333232,0.4137417048119819,1,7.869499997468665,21.271799982059747
3048,101.5999999999968,TRACKING,1,0,1,0,11.4214061967944,-4.994713270796973,11.425605623348664,-5.000871762075131,11.427599934667315,-5.002766761570552,11.421340423514796,-4.993917836552131,0.010159778662869049,0.812782293029524,0.06385191679139111,1,7.550299982540309,13.781500019831583
3049,101.63333333333013,TRACKING,1,0,1,0,11.370602234598291,-5.042578859573712,11.373262325675196,-5.04982689115074,11.36453443785012,-5.04889466143605,11.37133226697795,-5.042916003287284,0.0087582823967614,0.700662591740912,0.06432980815522757,1,9.128500008955598,17.796400003135204
3050,101.66666666666346,TRACKING,1,0,1,0,11.319544725204144,-5.090119743304067,11.321809774917819,-5.098517999605901,11.319393245979715,-5.091807322027819,11.319637605837885,-5.094937852428511,0.00169436356910031,0.1355490855280248,0.3855203432011235,1,7.816199999069795,17.102999991038814
3051,101.69999999999679,TRACKING,1,0,1,0,11.268234886890516,-5.13733415835209,11.26979386447504,-5.148658351725957,11.271973971250985,-5.152686213379389,11.266570978175306,-5.14148081373674,0.01580083369369861,1.2640666954958888,0.35744285667256537,1,6.899400003021583,19.863099994836375
3052,101.73333333333012,TRACKING,1,0,1,0,11.216673943956808,-5.18422035319284,11.216887935637335,-5.196806446269368,11.217920706019527,-5.204293536225134,11.213227349999395,-5.184099171593941,0.020111864475702377,1.6089491580561903,0.27589789284808747,1,8.71039999765344,16.948599979514256
3053,101.76666666666345,TRACKING,1,0,1,0,11.164863126693993,-5.230776588477449,11.16337796006937,-5.242063350231565,11.16044160998852,-5.239518491916661,11.163757883773398,-5.2328026388993,0.009796462918690308,0.7837170334952247,0.18463269007036054,1,8.534799999324605,15.90790000045672
3054,101.79999999999679,TRACKING,1,0,1,0,11.112803671355287,-5.277001137097713,11.111472600459338,-5.2887440678917335,11.09881215206282,-5.27946110240482,11.119343079233357,-5.282995825063614,0.014206126897351809,1.1364901517881447,0.7097047913797458,1,8.839900023303926,21.20160000049509
3055,101.83333333333012,TRACKING,1,0,1,0,11.060496820126586,-5.322892284249992,11.062941821506492,-5.3367257433105495,11.062718402503766,-5.33643713879477,11.064686901150099,-5.330017826635621,0.01372583377787312,1.0980667022298496,0.6612963427595756,1,8.554100000765175,18.423100002110004
3056,101.86666666666345,TRACKING,1,0,1,0,11.007943821096928,-5.3684483274990225,11.011176486312568,-5.383925097769363,11.015354188002474,-5.393128292354092,11.009803349603487,-5.369429210552484,0.025768473042116387,2.061477843369311,0.1681899465489923,1,8.493700006511062,17.273000004934147
3057,101.89999999999678,TRACKING,1,0,1,0,10.955145928228646,-5.413667576840901,10.957880504162512,-5.427020335758162,10.955354497977847,-5.430111273041662,10.956433061468909,-5.413992187308874,0.016445018883638488,1.315601510691079,0.10619480768044376,1,8.638700004667044,16.36149999103509
3058,101.93333333333011,TRACKING,1,0,1,0,10.90210440132746,-5.458548354765844,10.904326942904426,-5.47053290009061,10.897509319302221,-5.465687872277321,10.904002967917092,-5.460300956541705,0.008490435154652068,0.6792348123721655,0.20670625465169287,1,6.640400009928271,22.812600014731288
3059,101.96666666666344,TRACKING,1,0,1,0,10.848820506012439,-5.503088996320514,10.851005687799049,-5.51486900497083,10.852671446312101,-5.507392347496365,10.845936004600519,-5.507071459902987,0.005774822294604517,0.46198578356836134,0.3933882729809859,1,8.700300008058548,17.181000002892688
3060,101.99999999999677,TRACKING,1,0,1,0,10.795295513685728,-5.547287849169612,10.794976210786,-5.559932321025127,10.813642135130426,-5.572300426365422,10.78423706275762,-5.5430563116800515,0.031019792655841864,2.4815834124673493,0.9472325888141021,1,6.672000017715618,20.291199994971976
3061,102.0333333333301,TRACKING,1,0,1,0,10.741530701502317,-5.591143273657261,10.735754107821027,-5.600061572230881,10.745047958211968,-5.609666350295174,10.727943166890443,-5.581351886330328,0.01885405693466487,1.5083245547731896,1.3398324972679898,1,6.064299988793209,11.903600010555238
3062,102.06666666666344,TRACKING,1,0,1,0,10.687527352339506,-5.634653642867912,10.67742162248143,-5.638871568621929,10.675621637733625,-5.635186838691526,10.677802687031987,-5.6295442935424305,0.011917648176674862,0.953411854133989,0.8788158064052253,1,10.076000005938113,18.736099998932332
3063,102.09999999999677,TRACKING,1,0,1,0,10.633286754766297,-5.677817342686511,10.622458876277108,-5.681653239757979,10.614497723363861,-5.682800979494983,10.629387693138565,-5.674827681862026,0.019438732903162385,1.555098632252991,0.3930659256446038,1,9.63049998972565,16.454099997645244
3064,102.1333333333301,TRACKING,1,0,1,0,10.578810203012676,-5.72063277185859,10.57024562893249,-5.724995972972237,10.577149327441651,-5.734264200673367,10.570258214886769,-5.715899550048153,0.013732237952889432,1.0985790362311545,0.7819560687913782,1,9.338400006527081,22.162299981573597
3065,102.16666666666343,TRACKING,1,0,1,0,10.524098996938653,-5.763098342049485,10.514385610384359,-5.766864637335417,10.5248324841451,-5.77187717167935,10.5104200438008,-5.756893745647828,0.00880941843439249,0.7047534747513993,1.2016276307210743,1,6.694300012895837,13.116199988871813
3066,102.19999999999676,TRACKING,1,0,1,0,10.469154442003358,-5.805212477903339,10.456504159333502,-5.808021138960869,10.451344398631223,-5.800707806338682,10.461357858028038,-5.803726360020481,0.018370893032804998,1.4696714426243997,0.6349564674009035,1,7.38719999208115,15.95989998895675
3067,102.2333333333301,TRACKING,1,0,1,0,10.413977849233824,-5.846973617101618,10.402740357784317,-5.8516664233401,10.396454933639331,-5.843270701430471,10.412692607431367,-5.847537070257337,0.017909889876806317,1.4327911901445054,0.11226613949279156,1,7.638800016138703,15.31219997559674
3068,102.26666666666343,TRACKING,1,0,1,0,10.358570535193731,-5.888380210420918,10.351191507027195,-5.89506777824191,10.356224266692518,-5.8947504884805495,10.359523946537259,-5.889563084861663,0.006788624193222958,0.5430899354578366,0.12154170003841454,1,8.333500009030104,21.4325999841094
3069,102.29999999999676,TRACKING,1,0,1,0,10.302933821951925,-5.92943072179051,10.298858781013156,-5.937654420231434,10.312323888732168,-5.941520500615316,10.301801756670097,-5.932827578998962,0.015308040572527794,1.2246432458022236,0.2864425744549464,1,7.673699990846217,16.672900004778057
3070,102.33333333333009,TRACKING,1,0,1,0,10.247069037050979,-5.9701236283494,10.244009513632863,-5.980446871879361,10.243300984317932,-5.978032958819388,10.251425300256274,-5.9772149701560044,0.008761034749531887,0.700882779962551,0.6658007280592203,1,7.7661999966949224,22.31290002237074
3071,102.36666666666342,TRACKING,1,0,1,0,10.190977513475447,-6.0104574205026555,10.191479265289853,-6.023864930691508,10.189906744159861,-6.013534476216355,10.199051496194231,-6.027023818539115,0.0032580391023454215,0.26064312818763374,1.4743345418907257,1,8.051799988606945,16.105899994727224
3072,102.39999999999675,TRACKING,1,0,1,0,10.134660589620074,-6.05043060197759,10.138961606499423,-6.070364174205654,10.143586416950228,-6.069166701230786,10.142608858673935,-6.068133685899278,0.020753597489431935,1.6602877991545548,1.5524415068728867,1,8.004699979210272,18.84619999327697
3073,102.43333333333008,TRACKING,1,0,1,0,10.078119609257877,-6.090041689879113,10.084566735162188,-6.114157021816547,10.094125343972696,-6.115602396695546,10.084077015624832,-6.10210480436877,0.03015846940275267,2.4126775522202135,1.0763179361109692,1,8.430599991697818,16.713699995307252
3074,102.46666666666341,TRACKING,1,0,1,0,10.021355921508007,-6.129289214744814,10.028145292011276,-6.153175016491998,10.035328632159382,-6.14548714369914,10.028860684610216,-6.143349884725446,0.021391810240286753,1.7113448192229403,1.2750502033084608,0,6.823800009442493,23.242199997184798
3075,102.49999999999675,TRACKING,1,0,1,0,9.96437088080368,-6.1681717205995295,9.97219220251582,-6.193161174448914,9.950791772244356,-6.1772336359170845,9.975428767952987,-6.184863701069791,0.01632514926389425,1.3060119411115398,1.6017971511552347,1,8.375800010981038,19.96619999408722
3076,102.53333333333008,TRACKING,1,0,1,0,9.907165846859767,-6.206687765009239,9.917189193132682,-6.233431981787138,9.910389038274596,-6.228693450747313,9.915122268983332,-6.2208882186423295,0.02224048488004517,1.7792387904036138,1.3022013027642987,1,7.542000006651506,17.344299994874746
3077,102.56666666666341,TRACKING,1,0,1,0,9.849742184640382,-6.24483591913463,9.859471704056403,-6.271329156700539,9.870583776379673,-6.276618399338642,9.849233259677533,-6.25183217796398,0.03800655198969945,3.0405241591759555,0.5611795704054434,1,7.439399982104078,14.482400001725182
3078,102.59999999999674,TRACKING,1,0,1,0,9.79210126432633,-6.282614767784173,9.797638133803238,-6.305503272892064,9.80252806837217,-6.315263287181453,9.789974923085921,-6.284317693091953,0.03427308071132377,2.7418464569059013,0.2179362354384294,1,7.80359999043867,21.386000007623807
3079,102.63333333333007,TRACKING,1,0,1,0,9.73424446128233,-6.320022909466488,9.73663857261385,-6.338244843661437,9.724934770540482,-6.334194605116531,9.737155155596366,-6.32485747724799,0.016956040201247087,1.3564832160997669,0.45145231968801025,1,8.820599992759526,15.321100014261901
3080,102.6666666666634,TRACKING,1,0,1,0,9.676173156024316,-6.35705895644241,9.679017804465255,-6.374007812431509,9.673865956787212,-6.365894503068755,9.679680285880009,-6.363160041544211,0.009131815400346136,0.7305452320276908,0.5629817716075238,1,8.605700015323237,18.6340999789536
3081,102.69999999999673,TRACKING,1,0,1,0,9.617888734186423,-6.393721534776525,9.620938552323455,-6.410189887926913,9.635587579993496,-6.409615133699735,9.622408211962398,-6.400803497651899,0.023787720143688594,1.9030176114950876,0.6720946482665892,0,5.24200001382269,12.621299974853173
3082,102.73333333333007,TRACKING,1,0,1,0,9.559392586487963,-6.430009284387989,9.563027710352861,-6.44655640145074,9.568302092437342,-6.45990112480035,9.565136138044787,-6.438446953759587,0.031191367708070978,2.495309416645678,0.8165592158722527,0,6.8872999981977046,18.45050000702031
3083,102.7666666666634,TRACKING,1,0,1,0,9.500686108700153,-6.465920859101164,9.505216080564589,-6.483122011588406,9.495094475070944,-6.485561758047067,9.514122453842802,-6.472102853209535,0.02042134368856392,1.6337074950851136,1.1832225067455564,1,7.405899988953024,22.230600006878376
3084,102.79999999999673,TRACKING,1,0,1,0,9.441770701612947,-6.5014549266953985,9.450288143416827,-6.5180711191059535,9.439992271061731,-6.509671242899392,9.45916602750653,-6.5116265036712155,0.00840658475181846,0.6725267801454768,1.612071147053107,1,8.222599979490042,18.543500016676262
3085,102.83333333333006,TRACKING,1,0,1,0,9.382647771001514,-6.536610168954519,9.395227001026942,-6.554815626039416,9.394615731996284,-6.553804551655384,9.39680751533261,-6.547834657829456,0.02094943643242314,1.6759549145938513,1.4455172306699202,1,6.767900020349771,13.329299981705844
3086,102.86666666666339,TRACKING,1,0,1,0,9.323318727592724,-6.57138528171579,9.33685551263883,-6.590907416597808,9.344858086977252,-6.595756583417443,9.330113289491928,-6.576646140990216,0.03252544157008281,2.602035325606625,0.6874542566073492,1,5.583999998634681,13.471300015226007
3087,102.89999999999672,TRACKING,1,0,1,0,9.26378498703151,-6.605778974918172,9.27447368422839,-6.6231646324356745,9.277622034065542,-6.622231727116197,9.265566393043366,-6.613219082974071,0.021497835368046607,1.7198268294437284,0.6120319743936767,1,4.072199983056635,12.294000014662743
3088,102.93333333333005,TRACKING,1,0,1,0,9.204047969847002,-6.639789972650245,9.210717068137994,-6.657217908539416,9.202236976307324,-6.649004285605123,9.209890861647718,-6.649736595363093,0.00939059427465531,0.7512475419724247,0.9228640220066787,1,5.1198000146541744,13.030300004174933
3089,102.96666666666339,TRACKING,1,0,1,0,9.144109101418755,-6.6734170131975965,9.150424710236507,-6.691932744328939,9.15018590825181,-6.67873236296019,9.15086104927861,-6.68741843570535,0.008073445632750307,0.6458756506200245,1.243552671065519,1,5.94269999419339,16.61170000443235
3090,102.99999999999672,TRACKING,1,0,1,0,9.083969811942655,-6.706658849089493,9.090177336654376,-6.7277479019203374,9.09103343719529,-6.726374018790826,9.086752180025782,-6.7210406705063175,0.02094236658217016,1.6753893265736128,1.1718794734352065,1,6.785300007322803,12.386599992169067
3091,103.03333333333005,TRACKING,1,0,1,0,9.023631536396826,-6.739514247145307,9.027692811036456,-6.762182638662631,9.032157334289328,-6.765935212285255,9.022633252420055,-6.7486118443247385,0.027762504005045527,2.2210003204036424,0.7321763518168852,1,3.25070001417771,14.177599980030209
3092,103.06666666666338,TRACKING,1,0,1,0,8.963095714507391,-6.771981988520135,8.964093073035793,-6.792964154907031,8.956140212975296,-6.784856630616476,8.966847326714504,-6.783370519839274,0.014633366347899841,1.1706693078319872,0.9592438347267327,1,8.996499993372709,17.42210000520572
3093,103.09999999999671,TRACKING,1,0,1,0,8.902363790714054,-6.804060868750074,8.903974196438709,-6.825384638364171,8.903268321463049,-6.819439562170485,8.90920519392486,-6.8133373303693325,0.015405271409321871,1.2324217127457497,0.9221107545327716,1,8.062500011874363,15.428499988047406
3094,103.13333333333004,TRACKING,1,0,1,0,8.841437214135741,-6.835749697796954,8.844690295984211,-6.856012808534573,8.851234079607686,-6.8580797360554495,8.847806039001046,-6.836280912785419,0.024384609525297675,1.9507687620238139,0.5112752340813594,1,6.073600001400337,20.129599986830726
3095,103.16666666666337,TRACKING,1,0,1,0,8.780317438535961,-6.8670473000923735,8.784243141986641,-6.882328367852766,8.793080820852731,-6.8792740468824585,8.785912991273051,-6.863831279162995,0.017674763512785303,1.4139810810228244,0.5163130898313463,1,6.464799982495606,16.941800015047193
3096,103.1999999999967,TRACKING,1,0,1,0,8.719005922288144,-6.89795251458137,8.723031890179707,-6.908629610498355,8.722880012825456,-6.897378517357823,8.73067677364548,-6.898901401098489,0.003916382297980265,0.31331058383842114,0.9367489551503551,1,4.046400019433349,15.491799975279719
3097,103.23333333333004,TRACKING,1,0,1,0,8.65750412834076,-6.928464194765537,8.664695041310045,-6.938443172970774,8.652280660535824,-6.9330973379620655,8.67168144893253,-6.929771630407939,0.006982165265068795,0.5585732212055037,1.1389983167561983,0,7.494499994209036,17.83110000542365
3098,103.26666666666337,TRACKING,1,0,1,0,8.595813524182542,-6.958581208745464,8.605920652302938,-6.968042418436409,8.611785152274512,-6.970336730996515,8.605035075662295,-6.954482129565959,0.019831419699637358,1.5865135759709887,0.8073243187263114,1,8.874299994204193,18.93930000369437
3099,103.2999999999967,TRACKING,1,0,1,0,8.533935581807388,-6.988302439262766,8.54349099421664,-6.994926309962664,8.549149846657542,-7.0011524077078215,8.540021230368788,-6.982729630428593,0.019914706725673314,1.5931765380538652,0.6601397026211407,1,7.887500018114224,18.217400007415563
3100,103.33333333333003,TRACKING,1,0,1,0,8.471871777679258,-7.017626783741585,8.479847587105525,-7.022077305658785,8.481546407344998,-7.0191852914315085,8.476469510213457,-7.018208634430425,0.009799357396726266,0.7839485917381013,0.3707522703273278,1,9.795400022994727,19.352299976162612
3101,103.36666666666336,TRACKING,1,0,1,0,8.409623592696954,-7.046553154329381,8.415940660261226,-7.0527007335035075,8.410869837885688,-7.046708525514423,8.413480073934892,-7.052172966083656,0.001255893019163076,0.10047144153304609,0.5452616645512193,1,10.599600005662069,19.028800015803427
3102,103.3999999999967,TRACKING,1,0,1,0,8.34719251215872,-7.075080477937416,8.35207193215639,-7.0845265717959505,8.348181636178206,-7.084420414752954,8.346184943165174,-7.08483294521626,0.009392166206162301,0.751373296492984,0.7843501801688078,1,8.816599991405383,16.716400015866384
3103,103.43333333333003,TRACKING,1,0,1,0,8.284580025726914,-7.103207696280441,8.286074207301796,-7.116655509526762,8.290636980235087,-7.121937593213667,8.275722825003923,-7.108695699646309,0.01968491140552435,1.574792912441948,0.8335684661641486,1,9.441300004255027,20.454300014534965
3104,103.46666666666336,TRACKING,1,0,1,0,8.221787627392377,-7.130933765916021,8.217401396452113,-7.144634800536853,8.217681062326795,-7.150655869132811,8.209923690627734,-7.138314498695326,0.020145104416000446,1.6116083532800356,1.1177927161400205,0,5.92349999351427,17.61350000742823
3105,103.49999999999669,TRACKING,1,0,1,0,8.158816815438819,-7.158257658283276,8.149570280889339,-7.1733791161749485,8.144612456879369,-7.168220748633725,8.155559680635795,-7.163553728524723,0.017350128858790292,1.3880103087032234,0.49739987697565446,1,7.504499983042479,19.481900002574548
3106,103.53333333333002,TRACKING,1,0,1,0,8.095669092407082,-7.185178359740954,8.087488834260215,-7.200138249901518,8.084678934424716,-7.194289043184233,8.093275586701942,-7.1911151024024305,0.014275437831499304,1.1420350265199442,0.512086136436476,1,8.521499985363334,19.839400018099695
3107,103.56666666666335,TRACKING,1,0,1,0,8.032345965059195,-7.211694871605072,8.024834213801247,-7.227002944119694,8.028543646168425,-7.233699351937519,8.02805833035657,-7.212391819089839,0.02233057956364181,1.7864463650913447,0.3475127360168224,1,7.674799999222159,13.285699998959899
3108,103.59999999999668,TRACKING,1,0,1,0,7.968848944342567,-7.237806210186019,7.9609558178746775,-7.250736171974463,7.961061574058495,-7.25499277458358,7.96413129764248,-7.2377298533834304,0.018868522245601874,1.50948177964815,0.3774611672585022,1,6.649899994954467,16.915100015467033
3109,103.63333333333001,TRACKING,1,0,1,0,7.905179545353836,-7.263511406824932,7.897040829385917,-7.274802278667124,7.8911143149995056,-7.2670755635064905,7.903182721809972,-7.269465260543017,0.014509786965048205,1.1607829572038564,0.5023826644249901,1,9.039899974595755,17.839400010416284
3110,103.66666666666335,TRACKING,1,0,1,0,7.841339287302741,-7.288809507929765,7.834505685145698,-7.302052903331818,7.825019410585717,-7.295381179040168,7.842662964130819,-7.298652942146046,0.017593329339331838,1.4074663471465472,0.7945627930496838,1,8.401800005231053,20.720899978186935
3111,103.69999999999668,TRACKING,1,0,1,0,7.7773296934759,-7.313699575010542,7.772914337815476,-7.3297674715484025,7.772469876844308,-7.33003534651865,7.778812459445003,-7.319770636781347,0.01704333442897252,1.3634667543178016,0.49996086851070726,1,10.975399985909462,20.927300007315353
3112,103.73333333333001,TRACKING,1,0,1,0,7.713152291200362,-7.338180684714237,7.710245184275705,-7.353941157243798,7.711143720611632,-7.358940758487329,7.713673845696409,-7.3410604858283675,0.02085701366145595,1.6685610929164758,0.2341319087939325,1,8.275999978650361,16.048500023316592
3113,103.76666666666334,TRACKING,1,0,1,0,7.64880861180731,-7.362251928859052,7.646437073263141,-7.376431286175022,7.641004988097379,-7.36788505264604,7.652795602627757,-7.3673551809725275,0.009624376686608371,0.7699501349286697,0.518084335596507,1,8.688900008564815,22.694600018439814
3114,103.79999999999667,TRACKING,1,0,1,0,7.584300190595431,-7.385912414468036,7.584098133162042,-7.40033338172119,7.577472676806087,-7.3910916327961145,7.591884413978764,-7.3954393194533505,0.00856967018231059,0.6855736145848472,0.9741699660408325,1,7.802000007359311,15.497299988055602
3115,103.83333333333,TRACKING,1,0,1,0,7.519628566794319,-7.40916126380225,7.522421301761248,-7.42577994548089,7.529273861745477,-7.429124998320865,7.5255171272470065,-7.4142103763154985,0.02217165782309814,1.7737326258478512,0.6205477909145444,1,6.416699994588271,18.233400012832135
3116,103.86666666666333,TRACKING,1,0,1,0,7.4547952835276625,-7.431997614393369,7.45845297901723,-7.447497204209692,7.473097856834739,-7.45918072378389,7.452071389590299,-7.427486646624723,0.032770499321766934,2.621639945741355,0.42156605853335405,2,9.083900018595159,20.81789998919703
3117,103.89999999999667,TRACKING,1,0,1,0,7.389801887776562,-7.454420619075579,7.389779208570426,-7.464662111707461,7.394061856924424,-7.472539413552525,7.3850345450360475,-7.447828676928567,0.018612846381962592,1.4890277105570073,0.6508149135357778,2,10.13570002396591,19.649299996672198
3118,103.93333333333,TRACKING,1,0,1,0,7.324649930342524,-7.476429446017118,7.321702619638201,-7.4827704710382115,7.3129377978064865,-7.475667271867956,7.32259334114779,-7.480371783004982,0.011736905809256404,0.9389524647405124,0.3557219592144228,2,9.35650002793409,18.511599977500737
3119,103.96666666666333,TRACKING,1,0,1,0,7.259340965810481,-7.4980232787510435,7.255915183735265,-7.5072192167911025,7.260159190959348,-7.505571950498547,7.253964299175717,-7.5055318022388215,0.007592887299690318,0.6074309839752254,0.7388053884715379,2,3.9254000002983958,14.82339997892268
3120,103.99999999999666,TRACKING,1,0,1,0,7.193876552511722,-7.519201316205548,7.188282497244674,-7.531399608692875,7.20477776645655,-7.532854557932182,7.1796868334083355,-7.524154994045472,0.017471332951918814,1.3977066361535049,1.2023631461411877,3,9.184299997286871,8.972400013590232
3121,104.03333333332999,TRACKING,1,0,1,0,7.128258252486612,-7.539962772733732,7.117057327684771,-7.5526831485522985,7.11731517444635,-7.555499109114837,7.114630248513434,-7.543185004343103,0.01900338667559302,1.5202709340474416,1.1203007277330737,3,9.253099997295067,17.556000006152317
3122,104.06666666666332,TRACKING,1,0,1,0,7.062487631447464,-7.560306878142658,7.048498327964252,-7.572686362200048,7.041625875353037,-7.566448353060831,7.054478317460056,-7.5651173881156115,0.021746967179676124,1.73975737437409,0.7474334399745339,3,9.265800006687641,20.716200000606477
3123,104.09999999999665,TRACKING,1,0,1,0,6.996566258741089,-7.5802328777219685,6.983570488474157,-7.593284831131186,6.982357990266493,-7.5860893440792765,6.993737022932798,-7.587933578736124,0.01536792410315924,1.2294339282527391,0.6563188072555426,3,9.435799991479144,17.44590001180768
3124,104.13333333332999,TRACKING,1,0,1,0,6.930495707311365,-7.599740032271923,6.920477154019239,-7.6145660330943565,6.932823473361748,-7.6190293046137585,6.923699101331609,-7.604399092071284,0.019429218261752867,1.5543374609402294,0.6592150049655124,3,10.375799989560619,21.894700010307133
3125,104.16666666666332,TRACKING,1,0,1,0,6.8642775536617355,-7.6188276181307355,6.8539740911141855,-7.633088286066391,6.857362651119204,-7.641770397184971,6.85883518726723,-7.6161359691700845,0.023962199145825272,1.9169759316660218,0.48572799696564156,3,10.757100011687726,17.158799979370087
3126,104.19999999999665,TRACKING,1,0,1,0,6.7979133778174985,-7.637494927201471,6.788441878028881,-7.647878550543049,6.787174227790132,-7.642726758371528,6.7973560914343425,-7.6344227799554725,0.011945769154904298,0.9556615323923437,0.24978271279109512,2,10.447700013173744,20.38849997916259
3127,104.23333333332998,TRACKING,1,0,1,0,6.731404763288242,-7.655741266978341,6.72486776214537,-7.663848754768935,6.72092856032293,-7.656205720413778,6.734686899626647,-7.657277705286698,0.010486493482766202,0.8389194786212961,0.28991652999321577,2,8.91779997618869,16.926500014960766
3128,104.26666666666331,TRACKING,1,0,1,0,6.66475329702997,-7.67356596057231,6.661778861300774,-7.682502032383036,6.66782054498276,-7.681138536853928,6.663513378414129,-7.675472069561623,0.008170184914971582,0.6536147931977265,0.18191250033880155,2,7.960399991134182,26.488900010008365
3129,104.29999999999664,TRACKING,1,0,1,0,6.597960569407284,-7.690968346736305,6.594811594723282,-7.700354621646605,6.600859160333303,-7.706337645025579,6.593418446195981,-7.689691309703354,0.01564024166248973,1.2512193329991783,0.3774585061184178,2,9.99349998892285,18.03860001382418
3130,104.33333333332997,TRACKING,1,0,1,0,6.531028174155333,-7.707947779889661,6.52639085253694,-7.7160490318751584,6.528275518399003,-7.712922040721267,6.528791871080729,-7.711856774163718,0.005685101980941636,0.45480815847533085,0.360278005333355,2,7.512699987273663,15.869800001382828
3131,104.3666666666633,TRACKING,1,0,1,0,6.463957708341941,-7.7245036301421095,6.4596699475627215,-7.7346037810255,6.452289550449934,-7.721278992019803,6.468462945963753,-7.733883090405509,0.012105544168381829,0.9684435334705462,0.8324285083505957,2,10.542900010477751,17.464699980337173
3132,104.39999999999664,TRACKING,1,0,1,0,6.396750772329395,-7.74063528331717,6.3958913700250255,-7.754460521075833,6.391882123105458,-7.742383321170926,6.401679064369636,-7.752569002510459,0.005172947090769895,0.41383576726159155,1.032904150343264,2,9.462799993343651,15.920000005280599
3133,104.43333333332997,TRACKING,1,0,1,0,6.329408969736281,-7.756342140974878,6.330545430550779,-7.7735586735915865,6.338866745847763,-7.778021795423056,6.330487983054365,-7.762556411053629,0.023652842238668238,1.8922273790934592,0.5045801255048558,2,9.030499990331009,21.202200005063787
3134,104.4666666666633,TRACKING,1,0,1,0,6.261933907399257,-7.771623620434015,6.262395627657005,-7.788014060303538,6.263285948117064,-7.783820134043117,6.263516024913627,-7.779346820206134,0.01227122480926829,0.9816979847414632,0.6306867903450669,1,8.146900014253333,18.535999988671392
3135,104.49999999999663,TRACKING,1,0,1,0,6.194327195334597,-7.786479154793749,6.194793903994694,-7.803426090609517,6.18669965136233,-7.798096090515412,6.197903773377399,-7.7885014356182785,0.013897216361923278,1.1117773089538623,0.3286971150905784,2,9.568600013153628,20.89210000121966
3136,104.53333333332996,TRACKING,1,0,1,0,6.126590446699935,-7.8009081929546085,6.1279183236927075,-7.815379120174784,6.115283142011135,-7.812748842761771,6.135105282348505,-7.804642329831978,0.0163724197106355,1.30979357685084,0.7438116077226503,2,11.076800001319498,18.762399995466694
3137,104.5666666666633,TRACKING,1,0,1,0,6.0587252777556735,-7.814910199638986,6.062820393397484,-7.828890575351002,6.070035701352299,-7.831735653527293,6.060612690970651,-7.815333673809355,0.020273667169080467,1.6218933735264374,0.1547469473336155,2,9.611599991330877,17.67580001614988
3138,104.59999999999663,TRACKING,1,0,1,0,5.990733307826437,-7.828484655410945,5.9931008919269795,-7.840374536701632,5.994870074915338,-7.844574114197958,5.990216737923147,-7.827006884671663,0.016612751909506923,1.3290201527605539,0.1252364374545937,2,10.057399980723858,19.09340001293458
3139,104.63333333332996,TRACKING,1,0,1,0,5.922616159262462,-7.841631056695512,5.923039351898231,-7.8513976936035235,5.9211860752920025,-7.8475618738004895,5.923656545732818,-7.8416166952836805,0.00610079762779116,0.48806381022329276,0.0832388470020803,2,10.213300003670156,15.569700015475973
3140,104.66666666666329,TRACKING,1,0,1,0,5.854375457400788,-7.854348915797381,5.8543713950725245,-7.8635491553916275,5.844711763795928,-7.861271602117317,5.86153971890789,-7.858922700113913,0.011887411828183468,0.9509929462546775,0.6799818628936929,2,10.282900009769946,23.975999996764585
3141,104.69999999999662,TRACKING,1,0,1,0,5.78601283052662,-7.866637760918957,5.788659057193385,-7.877672611770167,5.789275889196952,-7.883892204821273,5.794153956949992,-7.866474728688335,0.017560278649958776,1.4048222919967022,0.6514206945415935,2,10.60229999711737,18.04130000527948
3142,104.73333333332995,TRACKING,1,0,1,0,5.7175299098343855,-7.878497136177884,5.721967060719566,-7.888049535372265,5.724112191137055,-7.8927186714288515,5.724675863218506,-7.876202023696086,0.015670944197526165,1.2536755358020932,0.6004381923742257,2,11.400399991543964,21.145900012925267
3143,104.76666666666328,TRACKING,1,0,1,0,5.648928329388851,-7.889926601623985,5.653948454002289,-7.897765315476098,5.651302726076513,-7.902593321537311,5.6572529575772865,-7.884404973301948,0.01288734080378964,1.0309872643031712,0.7991508045015399,2,13.700699986657128,21.38419999391772
3144,104.79999999999661,TRACKING,1,0,1,0,5.580209726086039,-7.900925733255514,5.586212719621178,-7.90614222437495,5.583592163990957,-7.899794815236717,5.585984524729643,-7.897634892945185,0.003566491517705405,0.2853193214164324,0.5317318381123957,2,14.086800016229972,17.809699987992644
3145,104.83333333332995,TRACKING,1,0,1,0,5.511375739614321,-7.911494123034963,5.516591407439092,-7.916339775399705,5.523673734541786,-7.915904584983809,5.513063563643177,-7.911335039727404,0.01306494752527457,1.0451958020219656,0.13562436243987439,2,12.71060001454316,19.693799986271188
3146,104.86666666666328,TRACKING,1,0,1,0,5.442428012415189,-7.921631378904138,5.445179565029814,-7.9276834988427085,5.451171158727453,-7.931238039848128,5.437235984087632,-7.9221170401905265,0.012989632093728862,1.039170567498309,0.4171754549961256,2,11.545500019565225,18.875199981266633
3147,104.89999999999661,TRACKING,1,0,1,0,5.373368189644093,-7.931337124798725,5.371248327963302,-7.938345587278123,5.3621799058161015,-7.9343464457730475,5.373783957924887,-7.938296841536851,0.011585927142105754,0.9268741713684603,0.5577699616911036,2,11.462599999504164,17.21769999130629
3148,104.93333333332994,TRACKING,1,0,1,0,5.30419791913121,-7.940611000662267,5.302113988466261,-7.951500504626993,5.289456778224292,-7.949102819496808,5.304569924243589,-7.951302657738779,0.017012119866620826,1.360969589329666,0.8558501507917857,1,8.742299978621304,17.51830001012422
3149,104.96666666666327,TRACKING,1,0,1,0,5.234918851342024,-7.949452662459473,5.232439785759541,-7.964347121166876,5.22951621399856,-7.967648834860682,5.235355890562291,-7.964308473940707,0.018981285001799287,1.5185028001439431,1.188979092959379,1,3.488399990601465,14.121999993221834
3150,104.9999999999966,TRACKING,1,0,1,0,5.165532639338098,-7.957861782189012,5.162870891109099,-7.977235664553534,5.1731263186279035,-7.9864561587257485,5.1661418568809925,-7.977314290142635,0.02958550886297402,2.3668407090379215,1.556963633127716,1,3.42839999939315,9.0970000019297
3151,105.03333333332994,TRACKING,1,0,1,0,5.096040938737527,-7.96583804789568,5.093357691753907,-7.990141700747948,5.0983239218212,-7.989224216240775,5.091987238734279,-7.970299516687151,0.023497337756125603,1.8797870204900482,0.4822426774550738,2,10.54749998729676,25.145200022961944
3152,105.06666666666327,TRACKING,1,0,1,0,5.026445407675463,-7.973381163681964,5.021817936543383,-7.994652634099882,5.012017772086496,-7.9865811058686225,5.031435228399436,-7.981310286560823,0.01955492629541597,1.5643941036332778,0.7494821699725787,2,9.677199996076524,13.821100001223385
3153,105.0999999999966,TRACKING,1,0,1,0,4.956747706764566,-7.9804908497190095,4.955015158943608,-8.002013672995593,4.942007343055002,-7.996075840923564,4.9664670945769975,-7.991856911720814,0.021451579735214343,1.7161263788171472,1.1964049210926628,2,9.499500010861084,16.221099998801947
3154,105.13333333332993,TRACKING,1,0,1,0,4.886949499055293,-7.987166842257032,4.888849761621557,-8.010021904681205,4.896351589797367,-8.013085309300177,4.8935610625385975,-7.996186808667587,0.027571112494579546,2.2056889995663638,0.8946867724205705,2,9.25099998130463,20.937199995387346
3155,105.16666666666326,TRACKING,1,0,1,0,4.817052449996354,-7.9934088936350705,4.819597412896297,-8.015593913246198,4.828221795878807,-8.018753329878715,4.817462322682564,-7.997893010953049,0.027696475153889632,2.2157180123111706,0.36022485191595505,2,11.353200010489672,21.149099979083985
3156,105.19999999999659,TRACKING,1,0,1,0,4.747058227394883,-7.999216772290195,4.747115874120079,-8.01863351162268,4.745570157290575,-8.012274506201367,4.746528646524411,-8.004236396433926,0.013142251235245038,1.051380098819603,0.4037986226242938,1,10.847600002307445,23.718299984466285
3157,105.23333333332992,TRACKING,1,0,1,0,4.676968501376687,-8.00459026276608,4.675311698896762,-8.022574222455097,4.671544169536229,-8.018029263920596,4.677029230562485,-8.008720130060805,0.01449241622182098,1.1593932977456785,0.3304251022527398,2,9.136300010140985,19.119700009468943
3158,105.26666666666326,TRACKING,1,0,1,0,4.606784944346293,-8.00952916572101,4.6043068613654725,-8.025971648785196,4.606466830459466,-8.030271040440976,4.604929953269649,-8.012672537222674,0.020744314000316243,1.6595451200252993,0.2919920688445519,2,10.430199996335432,23.324000008869916
3159,105.29999999999659,TRACKING,1,0,1,0,4.5365092309472015,-8.014033297935278,4.532547368791413,-8.028957909257375,4.535915107179721,-8.032757971762477,4.5318187324733,-8.017455285337045,0.01873409706887632,1.4987277655101057,0.464487838111767,2,8.666600013384596,17.266099981497973
3160,105.33333333332992,TRACKING,1,0,1,0,4.4661430380218174,-8.018102492317965,4.459969303600501,-8.032144052361234,4.451836908712186,-8.031067773541256,4.463966556424401,-8.022456726663679,0.019307093334392268,1.5445674667513816,0.389431823096455,2,11.332599999150261,22.69380001234822
3161,105.36666666666325,TRACKING,1,0,1,0,4.395688044571473,-8.021736597913154,4.389511855943807,-8.035572111243457,4.3719924154460985,-8.027944246421924,4.399726593508867,-8.029297101524882,0.024495259534361994,1.9596207627489595,0.6857222405968315,2,10.495399998035282,20.023100019898266
3162,105.39999999999658,TRACKING,1,0,1,0,4.325145931716388,-8.02493547990553,4.321952755496101,-8.040126236517441,4.328083673070613,-8.040705378673946,4.32538162348254,-8.029206604203232,0.016041197942499086,1.2832958353999266,0.3422097917949445,2,10.286499978974462,20.656900014728308
3163,105.43333333332991,TRACKING,1,0,1,0,4.25451838265545,-8.027699019625363,4.2510064100537805,-8.04185933300719,4.260757916941872,-8.052160227002208,4.252629847389951,-8.025366215346368,0.025244453934368593,2.0195563147494875,0.24011385636821386,2,9.96389999636449,16.20000001275912
3164,105.46666666666324,TRACKING,1,0,1,0,4.183807082626211,-8.03002711455294,4.179316892323949,-8.040361285484895,4.177304020460306,-8.04627321981454,4.183593222609562,-8.024767737311294,0.01749930723499029,1.399944578799223,0.42109787994086106,2,8.988700021291152,27.64529999694787
3165,105.49999999999658,TRACKING,1,0,1,0,4.113013718864572,-8.031919678322337,4.108866521391391,-8.038656969025473,4.093098070458387,-8.043930927864883,4.11313353257136,-8.025839947690578,0.02325732501841268,1.8605860014730145,0.48647288848007886,1,9.854800009634346,21.812599996337667
3166,105.5333333333299,TRACKING,1,0,1,0,4.0421399805645475,-8.033376640724649,4.038283857233572,-8.037502134339334,4.036023173916294,-8.039820947416972,4.0441552009140525,-8.033033340121767,0.008885066815552957,0.7108053452442366,0.1635402015113963,2,10.368900024332106,17.78219998232089
3167,105.56666666666324,TRACKING,1,0,1,0,3.971187558837991,-8.034397947710577,3.968436504117932,-8.039601423915123,3.9732472770726712,-8.045660783728234,3.9690484271890076,-8.036287265498812,0.01144962507538612,0.9159700060308896,0.2283212602154976,2,11.234900011913851,23.119499994209036
3168,105.59999999999657,TRACKING,1,0,1,0,3.900158146674133,-8.03498356139244,3.896066646624911,-8.041685758597698,3.8995766287571607,-8.04817012001475,3.8965364175499233,-8.035939199227462,0.013199374658952096,1.0559499727161676,0.29965490039976445,2,11.71940000494942,22.267399996053427
3169,105.6333333333299,TRACKING,1,0,1,0,3.829053438899345,-8.035133460045587,3.8236248473260868,-8.042333107103428,3.8123546450893246,-8.0344562277401,3.8318468550185467,-8.040367221414122,0.01671252100388113,1.3370016803104905,0.4746059025526596,2,8.709699992323294,19.481300027109683
3170,105.66666666666323,TRACKING,1,0,1,0,3.7578751321365926,-8.034847638109184,3.754819884715126,-8.044605595840356,3.739731341998983,-8.039724005824732,3.767975367544444,-8.0396097906738,0.01878765772135704,1.5030126177085632,0.8933276302640992,2,11.546699999598786,20.354599982965738
3171,105.69999999999656,TRACKING,1,0,1,0,3.686624924764983,-8.034126106186442,3.688370242800549,-8.04506183681723,3.687715760070382,-8.04970210704566,3.6959681597113843,-8.035017713828621,0.015614151415618465,1.2491321132494773,0.7508544613225558,2,11.04390001273714,21.55139998649247
3172,105.7333333333299,TRACKING,1,0,1,0,3.615304516879261,-8.03296889104421,3.619345898587688,-8.042772226695797,3.618373113893234,-8.054491786236957,3.624324913162212,-8.02592447490159,0.021740545188935808,1.7392436151148647,0.9156116133536322,2,10.653400007868186,21.005599992349744
3173,105.76666666666323,TRACKING,1,0,1,0,3.543915610249143,-8.031376035611984,3.5493332116775296,-8.036674940132288,3.5353691164512706,-8.041637997982091,3.557627595983614,-8.021762511748115,0.013354790448470625,1.0683832358776502,1.339703594354583,3,12.400100007653236,22.454399993875995
3174,105.79999999999656,TRACKING,1,0,1,0,3.472459908278864,-8.029347598980323,3.481092695093263,-8.030907800177388,3.4719286746489035,-8.029256074603122,3.487190954965029,-8.017779047770299,0.000539060183303112,0.04312481466424896,1.4984474387982614,3,10.889500001212582,20.915300003252923
3175,105.83333333332989,TRACKING,1,0,1,0,3.4009391159664317,-8.026883656398642,3.411797762028108,-8.025174284823075,3.4178801535722196,-8.029021224594466,3.406474683516923,-8.014759027457808,0.0170753609904013,1.366028879232104,1.066280668669037,3,10.866500000702217,18.071800004690886
3176,105.86666666666322,TRACKING,1,0,1,0,3.3293549398629954,-8.023984299272433,3.336899768099267,-8.020031759069047,3.344464415328082,-8.038781316885633,3.329064485537192,-8.006749812202575,0.021148238202635058,1.6918590562108045,1.3789547537789508,3,11.973499989835545,18.36909999838099
3177,105.89999999999655,TRACKING,1,0,1,0,3.257709088032019,-8.020649635159872,3.2606595729939873,-8.012769625064376,3.2595508490576264,-8.012716677407317,3.2586915450260077,-8.008673285260137,0.008143948819784296,0.6515159055827436,0.961326345973022,3,12.565999990329146,20.85820000502281
3178,105.93333333332988,TRACKING,1,0,1,0,3.1860032700086856,-8.01687978776782,3.186850769866247,-8.009508037289569,3.1787032162777624,-8.006807906239752,3.195859657540925,-8.007670703270815,0.01243919539157607,0.9951356313260855,1.0791273880944012,3,10.73130001896061,18.60869998927228
3179,105.96666666666322,TRACKING,1,0,1,0,3.1142391967589984,-8.012674896947248,3.11802595200107,-8.006775083854494,3.1105492508972934,-8.00308294833444,3.1305201217674123,-8.011577764279032,0.010277216483711302,0.8221773186969041,1.3054279769547197,3,12.193900009151548,18.208099994808435
3180,105.99999999999655,TRACKING,1,0,1,0,3.042418580638984,-8.008035118688035,3.050765444422424,-8.007129950510674,3.0458781712357257,-8.015962563818839,3.062545954901615,-8.00942887216878,0.008649459717171223,0.6919567773736979,1.6140458352314302,3,13.131999992765486,17.602200008695945
3181,106.03333333332988,TRACKING,1,0,1,0,2.97054313535386,-8.002960625113193,2.9833950262723783,-8.006138287814434,2.9823638726298105,-8.012513924085301,2.9930349682012634,-8.006160508072226,0.015198531211848313,1.215882496947865,1.817465128423954,3,11.151600017910823,18.625800003064796
3182,106.06666666666321,TRACKING,1,0,1,0,2.8986145759170383,-7.997451604472474,2.9153145158203664,-8.00412058589456,2.909311648460936,-7.995300842697829,2.925078714988016,-8.006615608563283,0.010911147383326754,0.8728917906661403,2.2404708472917703,3,12.751500005833805,17.94669998344034
3183,106.09999999999654,TRACKING,1,0,1,0,2.8266346186093614,-7.991508261135381,2.8476123465125482,-8.00334775844782,2.8426427830580647,-7.994986679432382,2.8515196523500315,-8.008457824278052,0.016381719166975128,1.3105375333580103,2.408720948555615,2,10.690900002373382,18.156499980250373
3184,106.13333333332987,TRACKING,1,0,1,0,2.7546049809380455,-7.985130815583613,2.777207014404863,-8.00384124370479,2.7825445137880047,-8.00499462872466,2.772409268888831,-8.001382548534504,0.03428102344412105,2.742481875529684,1.9285003389644715,2,10.570599988568574,17.600600025616586
3185,106.1666666666632,TRACKING,1,0,1,0,2.682527381595727,-7.978319504402849,2.702598153028386,-8.00060092559911,2.7101778565151275,-8.005578056233738,2.6940056111402573,-7.991118469404023,0.03882753418884116,3.106202735107293,1.375356264718546,2,11.343499994836748,18.023199983872473
3186,106.19999999999654,TRACKING,1,0,1,0,2.610403540419475,-7.9710745802739975,2.625936915755366,-7.993899604669382,2.621324990369601,-7.994068942018266,2.6197535593380428,-7.986635262285712,0.025456212228832487,2.036496978306599,1.4522978833774076,1,8.90600000275299,20.060500013642013
3187,106.23333333332987,TRACKING,1,0,1,0,2.5382351783496544,-7.963396311963809,2.5499839732882825,-7.988026027370932,2.5393811519077367,-7.989722755652578,2.5455015075358283,-7.982152055167401,0.026351373639599274,2.108109891167942,1.6091288434895021,1,10.557999979937449,18.421500019030645
3188,106.2666666666632,TRACKING,1,0,1,0,2.466024017389016,-7.955284984314925,2.474276607599629,-7.982339527936383,2.4810230741027253,-7.989493174816326,2.4687032069891828,-7.963196000199695,0.03735200128080424,2.988160102464339,0.6681902926213722,2,13.680700008990243,16.480999998748302
3189,106.29999999999653,TRACKING,1,0,1,0,2.393771780561506,-7.946740898235278,2.3976608789846976,-7.970379191672999,2.4082292399186462,-7.983121635167972,2.390919340948236,-7.949914077957848,0.03914813087274065,3.131850469819252,0.3413430537071273,2,10.421999992104247,17.53510002163239
3190,106.33333333332986,TRACKING,1,0,1,0,2.321480191871204,-7.937764370686963,2.320145155003544,-7.957487632407604,2.3190576064508615,-7.959719916881052,2.320815860376225,-7.943678497338576,0.022088796454302433,1.7671037163441947,0.47610573875329437,2,11.724699987098575,19.50389999547042
3191,106.36666666666319,TRACKING,1,0,1,0,2.249150976261082,-7.928355734674449,2.2456906664240357,-7.946832947943543,2.2374330374850966,-7.941876032054054,2.2500127911715686,-7.94125643133737,0.017891577079472316,1.4313261663577852,1.0343560681425557,2,11.473899998236448,17.947699991054833
3192,106.39999999999652,TRACKING,1,0,1,0,2.1767858595720027,-7.918515339232256,2.172576343866866,-7.939260366966995,2.1716783500208363,-7.943047598353817,2.177064623980304,-7.9331998371627135,0.025058299851001144,2.0046639880800914,1.1749714932778959,1,11.828600021544844,17.780399997718632
3193,106.43333333332986,TRACKING,1,0,1,0,2.104386568501437,-7.908243549411987,2.099395396466292,-7.9307892842151935,2.1074331638991697,-7.943493286769817,2.1037129441111615,-7.915208741534253,0.03538114932154547,2.8304919457236375,0.5598152330575327,1,12.474700022721663,19.808299985015765
3194,106.46666666666319,TRACKING,1,0,1,0,2.0319548305622845,-7.897540746268776,2.0261112024784267,-7.917131922398264,2.0234404203098495,-7.919485199872779,2.036789267201601,-7.903357961210119,0.023538356483089492,1.8830685186471592,0.6051076851912109,1,11.1077000037767,17.299500002991408
3195,106.49999999999652,TRACKING,1,0,1,0,1.9594923740416854,-7.886407326847182,1.9560306860638372,-7.903871462753281,1.9490648136300959,-7.899826232470121,1.9695082239798491,-7.893280885369489,0.016994147352976958,1.3595317882381568,0.9718042823314059,1,8.964800013927743,16.676300001563504
3196,106.53333333332985,TRACKING,1,0,1,0,1.8870009279596733,-7.874843704166446,1.887427602621915,-7.891386101954984,1.8870299491647264,-7.889148447809185,1.8951202618552065,-7.882420118124271,0.014304773081556133,1.1443818465244906,0.8884165918936026,1,10.893300001043826,17.202000017277896
3197,106.56666666666318,TRACKING,1,0,1,0,1.8144822220280783,-7.862850307205143,1.8162387696170739,-7.878993063245495,1.824050432700295,-7.881459465282476,1.8156157312868917,-7.866217104734628,0.020924899517443214,1.673991961395457,0.2841990158390972,1,10.237500013317913,16.181499988306314
3198,106.59999999999651,TRACKING,1,0,1,0,1.7419379866091487,-7.850427580885313,1.7412223151119128,-7.864091040624786,1.7491024370556856,-7.8689664319400565,1.7413164345459666,-7.849918585813476,0.01987506851889692,1.5900054815117537,0.06426957976028339,1,11.738400004105642,16.7362000211142
3199,106.63333333332984,TRACKING,1,0,1,0,1.6693699526742891,-7.837575986055937,1.6666121144695885,-7.847903580906397,1.6617298661502227,-7.837570324553851,1.6724388794230218,-7.843394154264781,0.007640088621726033,0.6112070897380827,0.5262357962465034,1,12.797600007615983,13.418399990769103
3200,106.66666666666318,TRACKING,1,0,1,0,1.5967798517627863,-7.824295999475812,1.5946418659394404,-7.835835885953667,1.584869999488056,-7.827826995160912,1.6056993875595436,-7.8330002335950635,0.012422258721106014,0.9937806976884811,0.9970253691693339,1,12.038900022162125,21.705799998017028
3201,106.6999999999965,TRACKING,1,0,1,0,1.524169415940384,-7.810588113795925,1.525157234695305,-7.823940512744998,1.5243387809024371,-7.823284559207168,1.5307460976775187,-7.815878146402031,0.012697574987809511,1.015805999024761,0.6752170028438487,1,12.984300003154203,16.92600001115352
3202,106.73333333332984,TRACKING,1,0,1,0,1.4515403777581164,-7.7964528375411035,1.453049538401201,-7.809112872641438,1.457880586934571,-7.810730828881816,1.4557579302110542,-7.796885154941699,0.01562239703523952,1.2497917628191615,0.33917214063081536,1,11.28690000041388,18.10519999708049
3203,106.76666666666317,TRACKING,1,0,1,0,1.3788944702108592,-7.7818906950912226,1.3797398700469272,-7.791879933490891,1.3710403390378392,-7.789693513377961,1.3841281301514055,-7.78103128658004,0.01107119459222303,0.8856955673778425,0.4243001153890681,1,9.403899981407449,15.943300008075312
3204,106.7999999999965,TRACKING,1,0,1,0,1.3062334266960336,-7.766902226661713,1.3072909711459473,-7.774789574882076,1.3019050036972875,-7.76465770041944,1.312246134641421,-7.772001103269117,0.00487577108858965,0.390061687087172,0.6306882564008502,1,9.17710000067018,24.751199991442263
3205,106.83333333332983,TRACKING,1,0,1,0,1.2335589809721392,-7.751487988283506,1.23506184826923,-7.76106870024912,1.231239239224837,-7.760971164516838,1.2410401178925443,-7.757762164837001,0.009762777947214354,0.7810222357771482,0.7811077305315919,1,9.466499992413446,20.01080001355149
3206,106.86666666666316,TRACKING,1,0,1,0,1.160872867117544,-7.735648551782447,1.163349790254208,-7.746552204836808,1.1697757097343289,-7.7451089235562876,1.1605265467084733,-7.745561098348147,0.012990736728859045,1.0392589383087236,0.7934875615626524,1,9.095199988223612,19.1837000020314
3207,106.8999999999965,TRACKING,1,0,1,0,1.0881768194890016,-7.719384504758068,1.0872475502811465,-7.732946047755254,1.0859529718480028,-7.729190695978591,1.0858630425026836,-7.730184082687321,0.010055191921780596,0.8044153537424478,0.8835725569026892,1,9.440299996640533,20.504899992374703
3208,106.93333333332983,TRACKING,1,0,1,0,1.0154725726802942,-7.702696450561751,1.0118317700311599,-7.718205270609533,0.9998026314172264,-7.711268841027921,1.0191291340553281,-7.7138094515238,0.01786149314845971,1.4289194518767767,0.93592899379179,1,11.845300003187731,20.80460000433959
3209,106.96666666666316,TRACKING,1,0,1,0,0.9427618614808708,-7.6855850082744155,0.9404486562707188,-7.70245897020155,0.9463339459628698,-7.700831217868752,0.9449140457810413,-7.697868479769488,0.015659077065427178,1.2527261652341741,0.9976470533639621,1,9.156099986284971,22.684199997456744
3210,106.99999999999649,TRACKING,1,0,1,0,0.8700464208343474,-7.6680508126834805,0.8674681949973969,-7.686346663757452,0.8751538519425435,-7.698733763263705,0.8701189104626218,-7.676224431492742,0.031105133158909483,2.4884106527127585,0.6539152198764654,1,12.51800000318326,23.62709998851642
3211,107.03333333332982,TRACKING,1,0,1,0,0.7973279857972676,-7.650094514259374,0.7936775121919277,-7.667122638879628,0.795592686208381,-7.675370639588353,0.798149478527692,-7.654831624714561,0.025335622674594882,2.0268498139675906,0.3846250393994021,1,9.87330000498332,20.60910000000149
3212,107.06666666666315,TRACKING,1,0,1,0,0.7246082914975981,-7.631716779131381,0.7207819138585669,-7.646400763446796,0.7073243621205276,-7.645424727005384,0.7308692502650117,-7.638716115626979,0.02205996486007977,1.7647971888063816,0.7512775937172153,1,8.03630001610145,23.16660000360571
3213,107.09999999999648,TRACKING,1,0,1,0,0.6518890730933523,-7.612918289062897,0.6506481942340058,-7.627361969001571,0.6436247151133164,-7.626927998873454,0.6596581034857655,-7.620155792562215,0.016265656512979017,1.3012525210383215,0.8494300777001531,1,7.72809999762103,21.408500004326925
3214,107.13333333332982,TRACKING,1,0,1,0,0.579172065731215,-7.593699741426198,0.5800469168726763,-7.607908907170087,0.5888942032338284,-7.607508678231938,0.5817060672937489,-7.6020601395463965,0.016888063634551382,1.3510450907641107,0.6988787392257229,1,9.373000008054078,23.04510000976734
3215,107.16666666666315,TRACKING,1,0,1,0,0.5064590045050341,-7.574061849176546,0.5060115482203367,-7.588652958802534,0.5163006647001397,-7.59210560621622,0.5064007661674943,-7.578325598883497,0.020553234380571682,1.6442587504457344,0.3411317940501578,1,7.369099999777973,16.520700010005385
3216,107.19999999999648,TRACKING,1,0,1,0,0.43375162441457843,-7.554005340825695,0.43147054887719993,-7.56669205944916,0.431426384643475,-7.561536272095231,0.43501851419084986,-7.558111800877622,0.007881729872280523,0.6305383897824418,0.3437955100420857,1,9.313200018368661,16.630500002065673
3217,107.23333333332981,TRACKING,1,0,1,0,0.36105166032403335,-7.533530960414952,0.3583729745801726,-7.545148372729417,0.3503682568884659,-7.534673433051509,0.3666852368399379,-7.539321304919792,0.010744317227836135,0.8595453782268908,0.6462954066135723,1,8.554200001526624,25.43019998120144
3218,107.26666666666314,TRACKING,1,0,1,0,0.2883608469206581,-7.5126394674874835,0.28752088226327854,-7.524388355517687,0.2944055574405898,-7.523145614980764,0.28906188896694757,-7.516173072571494,0.012120959550313257,0.9696767640250606,0.288197985729647,1,7.928199978778139,21.44200002658181
3219,107.29999999999647,TRACKING,1,0,1,0,0.21568091867328898,-7.491331637060213,0.21328611786310125,-7.501921984249695,0.2220593174087425,-7.513437636937547,0.21406866569513697,-7.4889321489291225,0.023007807392385518,1.8406245913908414,0.23126646735649567,1,8.056399994529784,20.907900005113333
3220,107.3333333333298,TRACKING,1,0,1,0,0.14301360979111188,-7.46960825959505,0.1387787624308231,-7.476616349123812,0.13424893672151056,-7.472599450592524,0.14623837157760095,-7.470898141683065,0.00926103221030797,0.7408825768246375,0.27785330668488417,1,8.24070000089705,19.286800001282245
3221,107.36666666666314,TRACKING,1,0,1,0,0.07036065418217663,-7.447470140969509,0.06748725354116668,-7.454383066255411,0.061345388271120536,-7.449556011726276,0.0803971285234602,-7.451851166562833,0.009253425109708665,0.7402740087766932,0.8760792747786469,1,9.66760001028888,23.08800001628697
3222,107.39999999999647,TRACKING,1,0,1,0,-0.0022762145879491325,-7.424918102446901,-0.0011481144886509448,-7.433086658416875,-0.003299610172119104,-7.434357247338303,0.008036727740476505,-7.426883379122434,0.009494461269739676,0.7595569015791741,0.8398822465306096,1,8.63619998563081,17.90830001118593
3223,107.4333333333298,TRACKING,1,0,1,0,-0.07489526333751761,-7.401952980645831,-0.07143350658178092,-7.409577145795236,-0.06704525090111532,-7.419239858960263,-0.06942596302573097,-7.400596408100702,0.01898575405691481,1.5188603245531849,0.4508022003190831,1,10.153300012461841,20.233499992173165
3224,107.46666666666313,TRACKING,1,0,1,0,-0.14749475931006262,-7.378575627509111,-0.14495549813206549,-7.384371179499762,-0.15484492306821587,-7.3875193763477585,-0.14298157600295922,-7.3771507026438154,0.011576508565214184,0.9261206852171346,0.3786226358600709,1,10.11350000044331,19.083999999566004
3225,107.49999999999646,TRACKING,1,0,1,0,-0.22007297021558547,-7.354786910272248,-0.2183434226987352,-7.359583789970337,-0.22510809902529744,-7.352527552320524,-0.21816580379386138,-7.358370515705032,0.005518806074180276,0.4415044859344221,0.3247597182709534,1,9.052800014615059,20.61029998003505
3226,107.5333333333298,TRACKING,1,0,1,0,-0.2926281642719948,-7.330587711431221,-0.2927402350177209,-7.337272511619747,-0.29777555433336295,-7.334502371578438,-0.295394124339393,-7.331717477789413,0.006466853060962472,0.5173482448769977,0.23902344144179086,1,6.3766999810468405,13.942599995061755
3227,107.56666666666312,TRACKING,1,0,1,0,-0.3651586102464026,-7.305978928709708,-0.36869013255813865,-7.312369999087134,-0.3523603539036563,-7.323285592086798,-0.3793982094312051,-7.301005516110914,0.021524775554289676,1.7219820443431741,1.2066509495536346,1,6.07460000901483,16.095700004370883
3228,107.59999999999646,TRACKING,1,0,1,0,-0.4376625774964058,-7.280961475025878,-0.4489196478520263,-7.284297659195692,-0.4433553252313916,-7.294805911662678,-0.4518688141423868,-7.271602239406878,0.014969161718832575,1.197532937506606,1.3609701269634196,1,7.833499985281378,16.133700002683327
3229,107.63333333332979,TRACKING,1,0,1,0,-0.5101383360114875,-7.255536278458411,-0.525678979266284,-7.2550786449907445,-0.5261177420850224,-7.254774268613355,-0.5218649748429313,-7.249543895427791,0.015997564735511647,1.279805178840932,1.0535204606842148,1,5.57819998357445,18.293100001756102
3230,107.66666666666312,TRACKING,1,0,1,0,-0.582584156454137,-7.22970428221217,-0.599660359921495,-7.228757616295187,-0.6017820493146121,-7.231064306357453,-0.5901015736208156,-7.225659513350208,0.019246006233970596,1.5396804987176478,0.6829194553014749,1,6.71610000426881,15.8264999918174
3231,107.69999999999645,TRACKING,1,0,1,0,-0.65499831020122,-7.2034664445831655,-0.67101399414173,-7.202999501407222,-0.6624356044706302,-7.211532109656775,-0.6618046297462161,-7.201052581412821,0.010971248749775462,0.8776998999820369,0.5777347275211646,1,8.819700015010312,16.65750000393018
3232,107.73333333332978,TRACKING,1,0,1,0,-0.727379069385198,-7.176823738922964,-0.7424902386112073,-7.177443401569266,-0.7334386108619139,-7.186548368478462,-0.7349626251570018,-7.173994056313256,0.011458030498288125,0.91664243986305,0.6475426623943566,1,7.773799996357411,25.365799985593185
3233,107.76666666666311,TRACKING,1,0,1,0,-0.7997247069353317,-7.149777153602669,-0.814556891565446,-7.150855778497252,-0.8131323722899917,-7.146290806677542,-0.8068997328608155,-7.1490321477686285,0.013853523203318664,1.108281856265493,0.5770880319625062,1,4.8034000210464,13.802799978293478
3234,107.79999999999644,TRACKING,1,0,1,0,-0.8720334966189938,-7.122327691976205,-0.8863352256680334,-7.124831733358959,-0.8865332137894237,-7.115100902056908,-0.8787158304805986,-7.128041574860374,0.016200873141905204,1.2960698513524163,0.7033726452546433,1,6.0016999777872115,14.38950002193451
3235,107.83333333332978,TRACKING,1,0,1,0,-0.9443037130827021,-7.094476372343053,-0.9579666195429594,-7.101051461322109,-0.9450601485565138,-7.102962866187613,-0.956547104444787,-7.099668598318967,0.008520139224202933,0.6816111379362347,1.0639092972772006,1,7.834599993657321,17.074500006856397
3236,107.86666666666311,TRACKING,1,0,1,0,-1.0165336318933933,-7.0662242279105865,-1.032544861081995,-7.074794896068713,-1.023344942227643,-7.084277646707926,-1.0277356094053427,-7.066738276990593,0.01929559221018042,1.5436473768144334,0.897101275477415,1,7.750999997369945,19.59999999962747
3237,107.89999999999644,TRACKING,1,0,1,0,-1.0887215295795154,-7.037572306755607,-1.1053253578171303,-7.045137721596274,-1.102867821098941,-7.046620424613161,-1.0981592830223001,-7.037320187971622,0.016792438790026214,1.3433951032020972,0.7552896299694667,1,22.078300011344254,19.09029998932965
3238,107.93333333332977,TRACKING,1,0,1,0,-1.160865683672258,-7.008521671785587,-1.1770060233588358,-7.015308197174377,-1.1760321048481137,-7.02036110966127,-1.1662620965304487,-7.008196924808021,0.01924039034155992,1.5392312273247934,0.4324940311115275,1,7.336500013479963,17.886599991470575
3239,107.9666666666631,TRACKING,1,0,1,0,-1.232964372746494,-6.979073400699182,-1.2468211914312213,-6.985304672341944,-1.240989287688486,-6.987206241770515,-1.238701482921745,-6.979779763235736,0.011425513717893453,0.9140410974314762,0.4624344706598972,1,8.872200007317588,16.96710000396706
3240,107.99999999999643,TRACKING,1,0,1,0,-1.305015876461959,-6.949228585946205,-1.3177596508277378,-6.955585992758705,-1.3118802028289749,-6.961928563902152,-1.3118240472478548,-6.949540783310959,0.01443635745451207,1.1549085963609655,0.5452260104990402,1,8.127699984470382,26.727199991000816
3241,108.03333333332976,TRACKING,1,0,1,0,-1.3770184756042747,-6.918988334687196,-1.3895036817782145,-6.925136753625929,-1.3851345162243658,-6.92478731603796,-1.3822007706988932,-6.920698304238796,0.009974883460646244,0.7979906768516994,0.4365697438172717,1,7.7806999906897545,20.332700019935146
3242,108.0666666666631,TRACKING,1,0,1,0,-1.448970452125943,-6.888353768752303,-1.460387143881661,-6.895075944440678,-1.4647069345497854,-6.8876919718340694,-1.4480659532109568,-6.893400822790187,0.015750392193113298,1.260031375449064,0.41019700826626143,1,7.900900003733113,22.241200000280514
3243,108.09999999999643,TRACKING,1,0,1,0,-1.5208700891874467,-6.8573260245996135,-1.5286336374533227,-6.865985979380733,-1.531872799483472,-6.8569642540791005,-1.51777702762684,-6.867490398579961,0.011008656219892285,0.8806924975913828,0.8499657526468056,1,8.414899988565594,19.101699988823384
3244,108.13333333332976,TRACKING,1,0,1,0,-1.5927156711980581,-6.825906253273095,-1.5973903121700639,-6.838167737552142,-1.595137868248849,-6.835184447077941,-1.5917762495078671,-6.83859596875294,0.009589156314981225,0.767132505198498,1.0179552589662764,1,8.032799989450723,21.733000001404434
3245,108.16666666666309,TRACKING,1,0,1,0,-1.6645054838568765,-6.7940956203598475,-1.668394546819743,-6.809619404710665,-1.6700737652975848,-6.812675019459749,-1.6626672912621812,-6.804837363058337,0.019395871445138945,1.5516697156111154,0.8718311330646537,1,8.451199973933399,22.613000008277595
3246,108.19999999999642,TRACKING,1,0,1,0,-1.7362378141937103,-6.761895305946801,-1.739069483338976,-6.778362012015413,-1.7455022694434208,-6.772341288872719,-1.7304640373585003,-6.773824850181875,0.013962402743168748,1.1169922194534998,1.0602657013391288,1,4.375800024718046,16.50519997929223
3247,108.23333333332975,TRACKING,1,0,1,0,-1.807910950609922,-6.729306504577082,-1.808209417846506,-6.747035038907767,-1.8138887044901717,-6.7443018683327365,-1.8004297824048663,-6.743049156839631,0.0161429388779505,1.29143511023604,1.2517593862635226,1,7.083000004058704,17.821499990532175
3248,108.26666666666308,TRACKING,1,0,1,0,-1.879523182919371,-6.696330425205524,-1.877635955937836,-6.715608835029446,-1.8707955168045827,-6.721551925445468,-1.8769287336084508,-6.70575886253559,0.02668887839840245,2.135110271872196,0.7823108240137576,1,11.351299996022135,20.078200002899393
3249,108.29999999999642,TRACKING,1,0,1,0,-1.9510728023890689,-6.66296829115398,-1.9503970045813115,-6.6808718586484135,-1.9410138854347854,-6.692596805085507,-1.9514431341431635,-6.663927317777927,0.03128946544899462,2.50315723591957,0.08224364480363308,1,7.431099977111444,18.425700021907687
3250,108.33333333332975,TRACKING,1,0,1,0,-2.022558101780051,-6.629221340065861,-2.02393491918954,-6.642150314127979,-2.0225092965764597,-6.639962326337144,-2.0250520562338363,-6.627184661370427,0.010741097151957021,0.8592877721565616,0.25759340272286885,1,8.797200018307194,18.123999994713813
3251,108.36666666666308,TRACKING,1,0,1,0,-2.0939773753880626,-6.5950908238601755,-2.0976781868964935,-6.603707052005119,-2.105255844982352,-6.6060828460593,-2.091484185634692,-6.593827517690571,0.015748918325248683,1.2599134660198947,0.22359874954172362,1,7.158399996114895,20.91009999276139
3252,108.39999999999641,TRACKING,1,0,1,0,-2.165328919084361,-6.5605780086852015,-2.167977738887719,-6.566873716483041,-2.1645205207551697,-6.564227647553812,-2.1645742818886777,-6.560317419900949,0.0037380973408826096,0.29904778727060877,0.06386905662492429,1,8.970499999122694,19.60749999852851
3253,108.43333333332974,TRACKING,1,0,1,0,-2.2366110303562254,-6.52568417487146,-2.2398245338211034,-6.530896171539124,-2.232452267791696,-6.54040756842305,-2.2378676232439596,-6.52253039464455,0.015299464818847384,1.2239571855077909,0.27159211069722494,1,7.1192999894265085,21.46570000331849
3254,108.46666666666307,TRACKING,1,0,1,0,-2.307822008347679,-6.49041061688415,-2.3123157448696596,-6.49341500088602,-2.31207254299875,-6.490613554382998,-2.308446240649784,-6.492429579176985,0.004255376416769307,0.3404301133415446,0.16906093021170446,1,9.167799988063052,23.14140001544729
3255,108.4999999999964,TRACKING,1,0,1,0,-2.3789601539000507,-6.454758643275278,-2.3838793139616232,-6.459146920759262,-2.3928070651108713,-6.451707652053823,-2.37424785063649,-6.466136634200456,0.014179051361559614,1.134324108924769,0.9852170669774446,1,8.090699993772432,22.81979998224415
3256,108.53333333332974,TRACKING,1,0,1,0,-2.4500237695924927,-6.418729576634945,-2.452606471314731,-6.428418248572846,-2.4561283920108012,-6.429273246751823,-2.4425441883442662,-6.431668683031872,0.012183406518854075,0.9746725215083261,1.1956310066232174,1,8.215000008931383,21.057500009192154
3257,108.56666666666307,TRACKING,1,0,1,0,-2.5210111597825833,-6.382324753542429,-2.521036810033121,-6.395701444098354,-2.5155806616767826,-6.4009419107620324,-2.5157471740215946,-6.392844410603861,0.019393010406240106,1.5514408324992084,0.941055512180348,1,9.814799996092916,24.032099987380207
3258,108.5999999999964,TRACKING,1,0,1,0,-2.591920630646635,-6.345545524516536,-2.5915745938488284,-6.3600442082385555,-2.5963850035184897,-6.364288422838016,-2.5841217185964376,-6.352362749381929,0.019267248444660875,1.54137987557287,0.8286763770043635,1,9.420699992915615,20.610900013707578
3259,108.63333333332973,TRACKING,1,0,1,0,-2.6627504902202106,-6.308393253965445,-2.660774755032645,-6.321881729789,-2.665121010128994,-6.314147287850816,-2.6570131906181245,-6.31866626379959,0.006223204206190082,0.4978563364952065,0.9413227723633457,1,8.714299998246133,21.077799989143386
3260,108.66666666666306,TRACKING,1,0,1,0,-2.7334990484384707,-6.270869320136205,-2.731724074590058,-6.285607042244985,-2.7372186051097986,-6.274310749294721,-2.726017184904642,-6.286284232578854,0.00506739938077773,0.4053919504622184,1.3707756812628482,1,8.249000005889684,19.28019998013042
3261,108.6999999999964,TRACKING,1,0,1,0,-2.8041646171764754,-6.23297511506356,-2.801555821726868,-6.250814630118914,-2.797413271986692,-6.2534202256828335,-2.7980792152127107,-6.245380959571186,0.021530982562482714,1.7224786049986172,1.1054399160746247,1,8.60209998791106,19.5467000012286
3262,108.73333333332972,TRACKING,1,0,1,0,-2.874745510289565,-6.194712044518223,-2.872476749675461,-6.212681470370022,-2.865254613921328,-6.220776111449273,-2.876119535231939,-6.2024217929457475,0.027738289400373317,2.2190631520298654,0.6264984104457814,1,7.475099992007017,22.291600005701184
3263,108.76666666666306,TRACKING,1,0,1,0,-2.9452400436534423,-6.156081527954898,-2.9469035320841157,-6.171915780671006,-2.9508744713059,-6.16386530159406,-2.943642393347288,-6.164103195101536,0.009609053389200099,0.7687242711360079,0.654337553559394,1,10.35500000580214,22.121000016340986
3264,108.79999999999639,TRACKING,1,0,1,0,-3.0156465352044552,-6.117084998459429,-3.017952272266719,-6.13189546077023,-3.024926813614526,-6.118326721288781,-3.011863794631317,-6.1283488286558425,0.009362982588543218,0.7490386070834575,0.9505636119685621,1,8.91469998168759,20.492700015893206
3265,108.83333333332972,TRACKING,1,0,1,0,-3.0859633049796846,-6.077723902695807,-3.087840955119039,-6.093392176629328,-3.086700197451972,-6.086103736136665,-3.0844226326751722,-6.0911457416053185,0.008412170885820141,0.6729736708656113,1.0807980188368975,1,4.968900000676513,14.971399999922141
3266,108.86666666666305,TRACKING,1,0,1,0,-3.1561886751571335,-6.037999700852422,-3.15905170643113,-6.055054329413358,-3.1485517786038235,-6.062498083347473,-3.1618537065948265,-6.0475295861982366,0.02566111715884055,2.0528893727072437,0.8869229356174275,1,7.005999999819323,14.035700005479157
3267,108.89999999999638,TRACKING,1,0,1,0,-3.226320970095603,-5.99791386658784,-3.2333017870070546,-6.013741548420664,-3.232353052367356,-6.019742061101525,-3.2310738926378906,-6.003458898178088,0.02264632624202971,1.8117060993623768,0.5842610267602205,1,5.584600003203377,18.17619998473674
3268,108.93333333332971,TRACKING,1,0,1,0,-3.29635851637478,-5.957467886976257,-3.30510636656642,-5.970700907222066,-3.3151691225010955,-5.975287366158932,-3.2953048969548973,-5.95997778268821,0.02591086145193118,2.0728689161544946,0.2177659715100614,1,7.652800006326288,18.80620000883937
3269,108.96666666666304,TRACKING,1,0,1,0,-3.3662996428351404,-5.916663262452273,-3.373345261878029,-5.9268734197746555,-3.373727743489859,-5.927918419066874,-3.366751453126948,-5.918436889397878,0.013485370953586035,1.0788296762868828,0.14642153026291663,1,7.371500018052757,22.679499990772456
3270,108.99999999999638,TRACKING,1,0,1,0,-3.4361426806178006,-5.875501506755159,-3.4431651861475467,-5.883524941148439,-3.4323261455622602,-5.897533572708476,-3.442752769040201,-5.869657120191517,0.02236018492771273,1.7888147942170183,0.7058617349355434,1,7.664200005820021,16.86050000716932
3271,109.03333333332971,TRACKING,1,0,1,0,-3.505885963204439,-5.833984146872838,-3.5158301741568985,-5.836785286677627,-3.507681454015957,-5.851031768964943,-3.513577352984223,-5.821238257566383,0.017141913727745334,1.3713530982196267,1.1909395845821604,1,8.199900010367855,22.039799980120733
3272,109.06666666666304,TRACKING,1,0,1,0,-3.575527826456903,-5.792112722985175,-3.587497287940426,-5.788553302825721,-3.5952866122476514,-5.7835524543766,-3.5735167713816667,-5.782492132173121,0.02153341158701158,1.7226729269609264,0.7862828400564003,1,9.417399996891618,22.959699999773875
3273,109.09999999999637,TRACKING,1,0,1,0,-3.645066608657052,-5.749888788406757,-3.6533913221060232,-5.744226943293266,-3.657933343387414,-5.744817309529051,-3.6389178498937964,-5.740154474374924,0.013830139573718335,1.106411165897467,0.9210918877039175,1,8.047100011026487,21.67009998811409
3274,109.1333333333297,TRACKING,1,0,1,0,-3.7145006505462526,-5.707313909529448,-3.7189485587685676,-5.700092877255247,-3.710636703827268,-5.704167633201537,-3.7125853946363527,-5.697550253623389,0.004982884604194974,0.39863076833559796,0.7959786202247988,1,7.33839999884367,20.75890000560321
3275,109.16666666666303,TRACKING,1,0,1,0,-3.7838282953651925,-5.664389665764084,-3.7880686073227654,-5.656283243142719,-3.783304556488841,-5.661396555375221,-3.781376769058903,-5.6557617476363315,0.003038587206337619,0.24308697650700953,0.7175556394298599,1,9.490099997492507,20.919200003845617
3276,109.19999999999636,TRACKING,1,0,1,0,-3.853047888893296,-5.6211176494820485,-3.8565896369528194,-5.61313480885995,-3.8598455657354798,-5.612773872311535,-3.847140773235827,-5.61817897545548,0.010762296591431946,0.8609837273145556,0.5278170617940582,1,6.975199998123571,16.913700004806742
3277,109.2333333333297,TRACKING,1,0,1,0,-3.922157779488032,-5.577499465956128,-3.9235748374044896,-5.572509988399985,-3.933951099667468,-5.568127434796728,-3.910283111100784,-5.581274781149076,0.015063776714604763,1.2051021371683812,0.9968293867681222,1,6.977300014114007,19.256699975812808
3278,109.26666666666303,TRACKING,1,0,1,0,-3.9911563181246867,-5.53353673330089,-3.988430509947749,-5.5336231795513084,-3.9855052587857918,-5.5349418031018,-3.9838644930142824,-5.538279317243745,0.005823117103162323,0.4658493682529859,0.6958750043885843,1,6.682700011879206,17.975800001295283
3279,109.29999999999636,TRACKING,1,0,1,0,-4.060041858435304,-5.489231082412799,-4.057329389992009,-5.492783276028868,-4.054837138705792,-5.493640408678476,-4.054796424420673,-5.493502308153698,0.006821382966816118,0.5457106373452895,0.5411569669902265,1,3.865700011374429,15.595000004395843
3280,109.33333333332969,TRACKING,1,0,1,0,-4.128812756748369,-5.444584156909645,-4.126876250741702,-5.450158979762242,-4.132839548481627,-5.441938517975621,-4.122834092853911,-5.454065459507156,0.004818138336770809,0.3854510669416647,0.8967122915484607,1,4.600300017045811,12.096699996618554
3281,109.36666666666302,TRACKING,1,0,1,0,-4.19746737212763,-5.39959761306949,-4.195626131415728,-5.409137807518497,-4.206549272607784,-5.402293097384825,-4.187824679058604,-5.4111672427891,0.009473465681874113,0.7578772545499289,1.2048909964900414,1,4.700999998021871,13.034300005529076
3282,109.39999999999635,TRACKING,1,0,1,0,-4.266004066411603,-5.354273119769404,-4.262500535844301,-5.3670723671014615,-4.2628000827699974,-5.362392800913242,-4.258692074556748,-5.366257128510378,0.00872895944848378,0.6983167558787023,1.1230862916494564,1,5.912500026170164,12.397099984809756
3283,109.43333333332968,TRACKING,1,0,1,0,-4.334421204252505,-5.308612358423348,-4.331296391391011,-5.323566773343621,-4.327089333279807,-5.3315331704667495,-4.327383334701334,-5.323640030858725,0.024064911316878594,1.9251929053502874,1.3275241235184323,0,3.4568999835755676,14.155600016238168
3284,109.46666666666302,TRACKING,1,0,1,0,-4.402717153155136,-5.262617022919983,-4.399867761126733,-5.280395961467158,-4.399688157005648,-5.281097872875921,-4.392593995406005,-5.272394271503572,0.018727429956283435,1.4981943965026747,1.1259070304186065,2,10.073300014482811,20.867899991571903
3285,109.49999999999635,TRACKING,1,0,1,0,-4.470890283516163,-5.21628881955975,-4.4668104563287505,-5.233191302861957,-4.475674654955501,-5.228851692544858,-4.460383545851132,-5.227541769265519,0.01344306466954206,1.0754451735633648,1.2316373841480712,1,9.256799996364862,18.503100000089034
3286,109.53333333332968,TRACKING,1,0,1,0,-4.538938968662626,-5.169629466991491,-4.534101101779173,-5.186896886880464,-4.537983095084339,-5.180593421624376,-4.533319905955808,-5.1819052539339445,0.011005543852514831,0.8804435082011864,1.0800557341460657,2,10.130100010428578,21.40920000965707
3287,109.56666666666301,TRACKING,1,0,1,0,-4.6068615848910826,-5.122640696148855,-4.603801736924195,-5.140437341150014,-4.598695661577167,-5.141434458484415,-4.610944036647969,-5.128010858515055,0.02049116410295641,1.6392931282365129,0.5396594848556268,2,6.865000003017485,14.87529999576509
3288,109.59999999999634,TRACKING,1,0,1,0,-4.674656511506215,-5.075324250186,-4.677072260528149,-5.090133851600889,-4.6710823664407135,-5.094090430849121,-4.687693627547309,-5.075233237594671,0.019103508830320973,1.5282807064256778,1.0429946974690938,2,6.846900010714307,17.2016000142321
3289,109.63333333332967,TRACKING,1,0,1,0,-4.742322130859343,-5.027681884412852,-4.7521892054434165,-5.038189301293839,-4.752062931583911,-5.032452833002574,-4.7528870305741036,-5.029453320618848,0.010846434861350566,0.8677147889080452,0.8569904259530393,2,9.676599991507828,16.66200000909157
3290,109.666666666663,TRACKING,1,0,1,0,-4.809856828387375,-4.979715366230172,-4.822909919118307,-4.98851314507765,-4.823687721908537,-4.9894067953793115,-4.814445795429338,-4.981780074340501,0.016888381051673423,1.3510704841338739,0.4025648814734419,2,7.626400009030476,22.941899980651215
3291,109.69999999999634,TRACKING,1,0,1,0,-4.877258992650936,-4.9314264750637715,-4.889564925856981,-4.9390202402745,-4.8805049162614855,-4.945761083945091,-4.879869639834474,-4.927990195294984,0.014697517881122816,1.1758014304898252,0.34523960251434516,2,4.8257000162266195,13.376399991102517
3292,109.73333333332967,TRACKING,1,0,1,0,-4.94452701537316,-4.882817002298701,-4.955667297296628,-4.886772806275409,-4.942377074850455,-4.894330464621909,-4.945968132993547,-4.875702745168209,0.011712474500254045,0.9369979600203237,0.5807001264792887,2,6.043599976692349,14.592700026696548
3293,109.766666666663,TRACKING,1,0,1,0,-5.011659291477926,-4.833888751212703,-5.021493545006203,-4.833935731486059,-5.01497204425575,-4.8328412283912225,-5.014955887371284,-4.828677392073984,0.003474425855951479,0.27795406847611837,0.49332055984276996,2,3.13649998861365,15.326199994888157
3294,109.79999999999633,TRACKING,1,0,1,0,-5.078654219127998,-4.784643536909233,-5.088595071271074,-4.7833061816879425,-5.091609166693003,-4.777363923542929,-5.079572709090317,-4.7839362101568925,0.014860129110303722,1.188810328824298,0.09274256655346932,2,8.007700002053753,17.252999998163432
3295,109.83333333332966,TRACKING,1,0,1,0,-5.145510199763597,-4.7350831862503,-5.154166371923949,-4.734991095674475,-5.151516362976912,-4.738791340410459,-5.145954003898932,-4.732855716648249,0.007058640366280369,0.5646912293024294,0.18170011229235844,2,8.43779998831451,20.704900001874194
3296,109.866666666663,TRACKING,1,0,1,0,-5.212225638140149,-4.685209537788602,-5.219946430236707,-4.684916613524413,-5.2104390035132315,-4.6918851975925815,-5.2141640664652735,-4.682223525155335,0.006910607578829279,0.5528486063063424,0.28480197547264,1,8.071500022197142,19.113599992124364
3297,109.89999999999633,TRACKING,1,0,1,0,-5.278798942366696,-4.635024441699237,-5.28666994435897,-4.634368960196209,-5.281076905078938,-4.6396686965336205,-5.281937289989651,-4.632316567192672,0.005172834530995576,0.41382676247964606,0.33160757671259844,1,8.496199996443465,17.435199988540262
3298,109.93333333332966,TRACKING,1,0,1,0,-5.345228523943725,-4.584529759711238,-5.353701064328535,-4.583844622516068,-5.358361885828652,-4.572699613050204,-5.346902481733246,-4.588610946059965,0.0176759034966254,1.414072279730032,0.35289174946780283,1,7.051399996271357,26.275100011844188
3299,109.96666666666299,TRACKING,1,0,1,0,-5.4115127978009365,-4.533727365038429,-5.419572184125486,-4.536438004052251,-5.410208862136921,-4.532665464673228,-5.416177205175913,-4.538992484948945,0.00168163034032633,0.1345304272261064,0.5627258449048387,1,8.306800009449944,18.968299991684034
3300,109.99999999999632,TRACKING,1,0,1,0,-5.477650182335394,-4.482619142309833,-5.487044531426971,-4.487716406749387,-5.4765930329591,-4.49692431506449,-5.485926634333283,-4.48317216323059,0.014344181131886912,1.147534490550953,0.6635925970034817,1,8.047299983445555,22.978599998168647
3301,110.03333333332965,TRACKING,1,0,1,0,-5.543639099448881,-4.431206987499978,-5.555519696408432,-4.43543842806135,-5.553696470219611,-4.4399872492311925,-5.555079975828893,-4.430254894582649,0.013350794092059333,1.0680635273647467,0.9184339131925111,1,8.680900005856529,16.329599980963394
3302,110.06666666666298,TRACKING,1,0,1,0,-5.609477974585897,-4.379492807858311,-5.624343311420615,-4.382684501439853,-5.633734705162727,-4.384092060674429,-5.615541109907669,-4.381914042841572,0.02468890651170008,1.9751125209360065,0.5222963987578497,1,6.066000001737848,24.567100015701726
3303,110.09999999999631,TRACKING,1,0,1,0,-5.6751652367710745,-4.327478521838662,-5.689058167915432,-4.331733346786753,-5.693712958580655,-4.332032463674496,-5.675809725742906,-4.332655554917166,0.019098596036613763,1.527887682929101,0.4173596053725435,1,9.724000003188848,19.004000001586974
3304,110.13333333332965,TRACKING,1,0,1,0,-5.74069931864653,-4.275166059027983,-5.751552523460456,-4.2812487972534194,-5.74537824958009,-4.291988402282156,-5.744039364474293,-4.27860760784339,0.017460917136343138,1.396873370907451,0.38366789288978814,1,8.97850000183098,22.2492000029888
3305,110.16666666666298,TRACKING,1,0,1,0,-5.8060786565095395,-4.222557360074671,-5.816590904097443,-4.228766220680676,-5.812484522445882,-4.231659756854827,-5.807874992453263,-4.22628743461134,0.011130532131834294,0.8904425705467435,0.3312065590830764,1,8.060799998929724,20.74410000932403
3306,110.19999999999631,TRACKING,1,0,1,0,-5.871301690349717,-4.169654376616762,-5.880595385300703,-4.176175098150117,-5.885195379988768,-4.174785733010238,-5.868137965299847,-4.172792590873737,0.014810990183750188,1.1848792147000151,0.35649444238116174,1,8.096100005786866,18.365600000834092
3307,110.23333333332964,TRACKING,1,0,1,0,-5.936366863886087,-4.116459071209439,-5.942477596527844,-4.122813603405963,-5.958618396829798,-4.112764961640343,-5.925482445447868,-4.121747465527837,0.022556089285458,1.8044871428366398,0.968091497180234,1,8.300399989821017,24.067599995760247
3308,110.26666666666297,TRACKING,1,0,1,0,-6.001272624604552,-4.062973417252128,-6.001745536663877,-4.070295240095467,-6.000989376648393,-4.07107957665783,-5.993204703680649,-4.065005607891161,0.008111106565402431,0.6488885252321945,0.6655939751060107,1,6.371800001943484,15.388400002848357
3309,110.2999999999963,TRACKING,1,0,1,0,-6.066017423794566,-4.009199398915517,-6.0647405146694044,-4.015327290906445,-6.053935106953872,-4.021719772644778,-6.064610117261088,-4.00845489027077,0.017399486732639653,1.3919589386111724,0.12736856255821766,1,9.106700017582625,17.907600005855784
3310,110.33333333332963,TRACKING,1,0,1,0,-6.130599716586409,-3.9551390110676925,-6.131382386540902,-3.9592671345125217,-6.130066418677157,-3.963710430729032,-6.132585742233398,-3.950522725385169,0.0085879940423132,0.6870395233850559,0.4020299799620394,1,10.225000005448237,16.861799987964332
3311,110.36666666666297,TRACKING,1,0,1,0,-6.19501796198791,-3.900794259200352,-6.198518747148562,-3.9017976495773126,-6.203620237916097,-3.8958762308930606,-6.1970127012504586,-3.899004555170453,0.009908892651351,0.7927114121080799,0.21439440649705752,2,10.66159998299554,19.913299998734146
3312,110.3999999999963,TRACKING,1,0,1,0,-6.259270622921081,-3.846167159354322,-6.26443332925207,-3.8467722294007514,-6.263029501552331,-3.848081800621147,-6.266262430326321,-3.846005607926863,0.0042184143638451825,0.3374731491076146,0.5594938836094175,2,10.89869998395443,18.589400016935542
3313,110.43333333332963,TRACKING,1,0,1,0,-6.3233561662591145,-3.7912597380446664,-6.33217979196031,-3.7922237823008973,-6.325877742510722,-3.7973043279467324,-6.331665988753795,-3.7931304643011257,0.006549459052229572,0.5239567241783658,0.6814232945579065,2,8.5442999843508,18.71709999977611
3314,110.46666666666296,TRACKING,1,0,1,0,-6.387273062862594,-3.7360740321856927,-6.398847518958636,-3.738212362231528,-6.402241088646722,-3.7421471731114764,-6.398079706272996,-3.739567076008146,0.01615316800441193,1.2922534403529544,0.9085721437778329,0,10.320200002752244,19.596300000557676
3315,110.49999999999629,TRACKING,1,0,1,0,-6.451019787616309,-3.6806120890153107,-6.465576929221253,-3.684215103158769,-6.47497425230804,-3.6794681889481757,-6.456692848709757,-3.6859138280778714,0.02398176152894079,1.9185409223152632,0.6211836920330956,1,11.288999987300485,22.217599995201454
3316,110.53333333332962,TRACKING,1,0,1,0,-6.514594819465502,-3.624875966018968,-6.528534705261075,-3.630247642281701,-6.528499826222962,-3.625069581565711,-6.519335538324106,-3.632004832698233,0.0139063546591097,1.1125083727287761,0.6849007188878694,1,8.609800017438829,19.64729998144321
3317,110.56666666666295,TRACKING,1,0,1,0,-6.577996641452027,-3.568867730853535,-6.591371594536294,-3.5761931360816512,-6.583173692644012,-3.5799281945086356,-6.584974204621214,-3.572209967743201,0.012212113466154455,0.9769690772923565,0.6189381110599671,1,9.050199994817376,18.578499992145225
3318,110.59999999999629,TRACKING,1,0,1,0,-6.641223740750866,-3.512589461270487,-6.655284216356713,-3.519244326167534,-6.648154514155696,-3.521790287390147,-6.648622091934915,-3.511627366519458,0.011519150197532508,0.9215320158026007,0.5968516146714071,1,8.175900002242997,20.175799989374354
3319,110.63333333332962,TRACKING,1,0,1,0,-6.704274608705861,-3.4560432450387406,-6.718787535316514,-3.460325499213996,-6.720841720633815,-3.4531004583265736,-6.707128973150101,-3.4589936735100806,0.016826443214971783,1.3461154571977427,0.32841363718371014,1,9.262700012186542,20.285600010538474
3320,110.66666666666295,TRACKING,1,0,1,0,-6.767147740866027,-3.3992311798674253,-6.779600793653218,-3.4041278843150007,-6.775752991201487,-3.3975786534183166,-6.770143123334591,-3.4070012526319213,0.008762486918731481,0.7009989534985185,0.6661956320411231,1,7.803400018019602,16.869899991434067
3321,110.69999999999628,TRACKING,1,0,1,0,-6.829841637021324,-3.3421553733278033,-6.841261747114316,-3.349563431493403,-6.833539850279056,-3.351571148152803,-6.834875650512282,-3.351109459432686,0.01011600696197709,0.8092805569581673,0.8217715489873628,1,8.755100017879158,33.76910000224598
3322,110.73333333332961,TRACKING,1,0,1,0,-6.892354801238303,-3.284817942775316,-6.904058060786501,-3.2941219797766457,-6.898659073920669,-3.2993564836130793,-6.900745656649503,-3.298007795501042,0.015846546114057038,1.267723689124563,1.2506092453405508,1,6.554799998411909,13.987600017571822
3323,110.76666666666294,TRACKING,1,0,1,0,-6.954685741896129,-3.2272210152709357,-6.968106441720742,-3.2397852575187147,-6.970388677482412,-3.243290040365308,-6.960003607513367,-3.2394541245883355,0.022467660169909212,1.797412813592737,1.0671192122178836,1,6.732800015015528,15.045199979795143
3324,110.79999999999627,TRACKING,1,0,1,0,-7.0168329717218025,-3.1693667275021573,-7.029594483050492,-3.1832342885166414,-7.035669174360907,-3.171912585904397,-7.017945240531579,-3.1865795554742182,0.019007470238452992,1.5205976190762391,1.3798981729410935,1,8.200100011890754,18.87549998355098
3325,110.8333333333296,TRACKING,1,0,1,0,-7.078795007825969,-3.111257225703933,-7.089198230137434,-3.1284722495158848,-7.088021588478543,-3.12394372082765,-7.081506353414917,-3.1274381115632166,0.01568683999607794,1.2549471996862351,1.3125180979326652,1,8.435700001427904,20.137399988016114
3326,110.86666666666294,TRACKING,1,0,1,0,-7.140570371738165,-3.0528946655789566,-7.150475125067366,-3.071342991014764,-7.1349683733502225,-3.077171138031602,-7.151247888644939,-3.0623886832276215,0.024914443615753536,1.993155489260283,1.143036624876308,1,8.24070000089705,21.086900000227615
3327,110.89999999999627,TRACKING,1,0,1,0,-7.202157589441957,-2.994281212217584,-7.215613032737898,-3.010142781054478,-7.210028568659029,-3.013048150355025,-7.209331781444847,-2.99926538880356,0.02035068256570538,1.6280546052564304,0.6988495558136547,1,9.51350000104867,19.42389999749139
3328,110.9333333333296,TRACKING,1,0,1,0,-7.263555191410434,-2.9354190400177584,-7.277054780931649,-2.9476309457655883,-7.27930038020154,-2.9430447751115083,-7.262970671952685,-2.9456137162727405,0.01749465077638295,1.3995720621106362,0.8169135550463399,1,8.669899980304763,21.06570001342334
3329,110.96666666666293,TRACKING,1,0,1,0,-7.324761712640912,-2.8763103326040715,-7.3346371133101504,-2.888921792262365,-7.336498628257572,-2.897398416786968,-7.316717682905883,-2.8789904093765855,0.024134259522461406,1.9307407617969123,0.678300114743825,1,8.395799988647923,19.338500016601756
3330,110.99999999999626,TRACKING,1,0,1,0,-7.385775692690192,-2.816957282746995,-7.390003863914212,-2.8256205993832015,-7.37964914838889,-2.837011213066939,-7.377041832232506,-2.8152139962342715,0.02096889759508083,1.6775118076064663,0.712491364651212,1,8.452999987639487,17.614500015042722
3331,111.0333333333296,TRACKING,1,0,1,0,-7.446595675709293,-2.7573620922814337,-7.447247825646253,-2.7616848251851867,-7.442126322540787,-2.7644053791840797,-7.441669818540845,-2.7514134569227915,0.008341643011890505,0.6673314409512404,0.6178690164054731,1,8.795400004601106,24.271300004329532
3332,111.06666666666293,TRACKING,1,0,1,0,-7.507220210478041,-2.6975269720249395,-7.507512190868864,-2.6971312573540307,-7.513162254336031,-2.6935392171337997,-7.502438116197403,-2.6940575214027347,0.0071561214552359875,0.572489716418879,0.47264710440713315,1,9.044499980518594,20.663400006014854
3333,111.09999999999626,TRACKING,1,0,1,0,-7.567647850439963,-2.6374541416959003,-7.567604870750978,-2.635494932684067,-7.568096326367606,-2.6308752757196694,-7.565395150231261,-2.638357935289787,0.006594134377678735,0.5275307502142987,0.19417931656094642,1,7.733699982054532,19.95570000144653
3334,111.13333333332959,TRACKING,1,0,1,0,-7.627877153736687,-2.5771458298310996,-7.6289821997758684,-2.5762357250211636,-7.620918530392225,-2.5748744735047255,-7.630900864798406,-2.579558679896909,0.007319938415823945,0.5855950732659156,0.30947360753212766,1,6.568599987076595,15.0294000050053
3335,111.16666666666292,TRACKING,1,0,1,0,-7.687906683242193,-2.516604273702927,-7.692333242392864,-2.5169306367684103,-7.684026988185229,-2.523002329562734,-7.695289154081338,-2.515968835362078,0.007482456315959582,0.5985965052767666,0.5927814171221621,1,6.666000001132488,24.707699980353937
3336,111.19999999999625,TRACKING,1,0,1,0,-7.7477350065974235,-2.455831719236639,-7.756257392898679,-2.455411664396011,-7.756726164821004,-2.4499128863529314,-7.7550431683322945,-2.4617761670798934,0.010764455810988541,0.8611564648790834,0.7536394389009272,1,6.131500005722046,14.54060000833124
3337,111.23333333332958,TRACKING,1,0,1,0,-7.807360696244109,-2.3948304209267484,-7.818296504035319,-2.3974813194323636,-7.827286180215907,-2.3987610322105346,-7.8078556303286435,-2.3989578367908515,0.020309471105241075,1.624757688419286,0.33255877279816526,1,7.401799986837432,19.48149999952875
3338,111.26666666666291,TRACKING,1,0,1,0,-7.866782329459129,-2.3336026417536457,-7.8758923623768275,-2.3369358619646454,-7.875357319936421,-2.339595870294331,-7.866374034061643,-2.3359173817466585,0.010461799559661093,0.8369439647728875,0.1880378917875657,1,7.3164000059477985,20.06989999790676
3339,111.29999999999625,TRACKING,1,0,1,0,-7.9259984883883465,-2.2721506530995352,-7.933883809651883,-2.2751797949376518,-7.928748555982285,-2.284100912074791,-7.928740068893866,-2.2719091909028077,0.012262608260354161,0.9810086608283329,0.22017545964170626,1,8.25409998651594,21.09370002290234
3340,111.33333333332958,TRACKING,1,0,1,0,-7.985007760080286,-2.2104767346640726,-7.993687464812935,-2.2121294472657036,-7.997927516158078,-2.2117134481108924,-7.986232434796827,-2.213899393452829,0.012978811858532287,1.038304948682583,0.29081316444025446,1,10.089099989272654,21.027400012826547
3341,111.36666666666291,TRACKING,1,0,1,0,-8.043808736520168,-2.1485831743800023,-8.052027396876316,-2.1513348823398153,-8.056744805866838,-2.152191509769579,-8.042792206624815,-2.1529305950888724,0.013429891080181545,1.0743912864145235,0.3571746897913787,1,7.513299991842359,19.28330000373535
3342,111.39999999999624,TRACKING,1,0,1,0,-8.102400014663157,-2.086472268328177,-8.10929698250583,-2.0901560499559495,-8.10781545779894,-2.0982103815104876,-8.103722298282351,-2.087712861840839,0.012927115897895906,1.0341692718316726,0.14505185242795876,2,8.81400000071153,17.23120000679046
3343,111.43333333332957,TRACKING,1,0,1,0,-8.160780196468135,-2.0241463206522763,-8.168126338088456,-2.0268273696885104,-8.159688024940289,-2.032004824400521,-8.1629505166051,-2.0257003961268247,0.007934035531015212,0.634722842481217,0.21354815966443433,0,6.185600010212511,24.937999987741932
3344,111.4666666666629,TRACKING,1,0,1,0,-8.21894788893093,-1.961607643473533,-8.226856213173662,-1.9639851881877655,-8.226638527713844,-1.9637903511913033,-8.22217873492785,-1.9636879304128105,0.00799438164403347,0.6395505315226777,0.3074120060691074,0,9.3918000056874,20.157499995548278
3345,111.49999999999623,TRACKING,1,0,1,0,-8.276901704117442,-1.898858556804866,-8.28567152089097,-1.9012568025699326,-8.287614005494088,-1.895097283308544,-8.279184770104502,-1.9113999636063808,0.011353439086824247,0.9082751269459398,1.0198016273369281,1,8.84520000545308,23.0718000093475
3346,111.53333333332957,TRACKING,1,0,1,0,-8.33464025919704,-1.8359013884646949,-8.343556753462588,-1.8429844784129674,-8.347291599349012,-1.840304974462912,-8.334403834397385,-1.8466427187607,0.0133958193957892,1.071665551663136,0.8595145540176263,1,8.916899998439476,21.553400001721457
3347,111.5666666666629,TRACKING,1,0,1,0,-8.392162176475225,-1.7727384739908434,-8.400121434443784,-1.7816097493770646,-8.387451479016923,-1.7951115731232266,-8.39916182941642,-1.7728624608701604,0.022863644401781125,1.8290915521424898,0.5600600770255747,2,9.423400013474748,20.159100007731467
3348,111.59999999999623,TRACKING,1,0,1,0,-8.449466083426799,-1.7093721565536057,-8.460360251555601,-1.714569542645123,-8.456295505831202,-1.714132001342256,-8.457121358953298,-1.7099419935187905,0.008324489941720158,0.6659591953376126,0.6141163801287578,2,8.25410001561977,21.526600001379848
3349,111.63333333332956,TRACKING,1,0,1,0,-8.506550612728496,-1.645804786869074,-8.519226888433886,-1.6494073440898844,-8.522230884395048,-1.6387865049199588,-8.512451967023427,-1.65176138216641,0.017179266604082685,1.3743413283266148,0.6707942041516888,2,10.172499984037131,18.937400018330663
3350,111.66666666666289,TRACKING,1,0,1,0,-8.563414402291468,-1.582038723111829,-8.576337624989161,-1.5871803038649288,-8.582881550083272,-1.57490833175183,-8.56912604609637,-1.5903675806262647,0.020731915591538967,1.6585532473231175,0.8079316503758667,2,8.52510001277551,20.17530001467094
3351,111.69999999999622,TRACKING,1,0,1,0,-8.62005609529408,-1.5180763308273404,-8.633118257803666,-1.5250369299230515,-8.634446915817877,-1.526916302587291,-8.626807481142242,-1.5283558791991487,0.01688907386640431,1.3511259093123449,0.9838709690982274,1,7.352899992838502,21.122800011653453
3352,111.73333333332955,TRACKING,1,0,1,0,-8.67647434021397,-1.4539199828444396,-8.69011239132205,-1.4628822669525077,-8.68694846735693,-1.4695636034081152,-8.684488916188114,-1.4663441777720327,0.01882631678653947,1.5061053429231577,1.1827941092694976,1,10.934499994618818,17.780299996957183
3353,111.76666666666289,TRACKING,1,0,1,0,-8.732667790860566,-1.3895720591871816,-8.74720727590697,-1.4007539186410904,-8.753891641821568,-1.3939015930939405,-8.734641585820997,-1.3999351268956797,0.021660949043488472,1.7328759234790778,0.843948961022601,2,5.803099978948012,19.058800011407584
3354,111.79999999999622,TRACKING,1,0,1,0,-8.788635106407087,-1.325034946986439,-8.80102501414369,-1.3366790694108448,-8.80744357217311,-1.3229070661979865,-8.789190683396663,-1.3382789723975217,0.018928451102019034,1.5142760881615227,1.0604538647375428,2,5.912900000112131,18.79850000841543
3355,111.83333333332955,TRACKING,1,0,1,0,-8.844374951422429,-1.2603110403916071,-8.855009926772588,-1.273667028258127,-8.861888705188626,-1.2707547636891028,-8.845626017622635,-1.2698318925643004,0.020391246339977298,1.6312997071981838,0.7682157727371188,2,8.299099979922175,19.817399996099994
3356,111.86666666666288,TRACKING,1,0,1,0,-8.899885995903299,-1.1954027404814918,-8.909694163083211,-1.2078763392597098,-8.899944728946066,-1.2129633154996016,-8.90755248175362,-1.1999144587813406,0.017560673237008176,1.404853858960654,0.7116430894670889,2,10.06020000204444,20.608599996194243
3357,111.89999999999621,TRACKING,1,0,1,0,-8.95516691530563,-1.1303124551754937,-8.967500882710864,-1.1398803010978331,-8.964768934397242,-1.1485686880021664,-8.963386850448453,-1.1311578538536788,0.020627380048308216,1.650190403864657,0.6610635439461191,2,9.698799985926598,18.435100006172433
3358,111.93333333332954,TRACKING,1,0,1,0,-9.010216390576472,-1.0650425991441743,-9.024039778653625,-1.0710659177870927,-9.02745119454472,-1.0639894322701073,-9.014360146991583,-1.0664717027421065,0.017266951910760883,1.3813561528608707,0.35066158565907285,2,8.66140000289306,20.35740000428632
3359,111.96666666666287,TRACKING,1,0,1,0,-9.06503310818534,-0.9995955937195591,-9.077719763520868,-1.0037364784292542,-9.071743666580097,-1.0013465405893307,-9.069642975273728,-1.0004158524727675,0.006935229549929826,0.554818363994386,0.37458199845546647,0,6.970199989154935,17.007900023600087
3360,111.9999999999962,TRACKING,1,0,1,0,-9.11961576015544,-0.9339738668055446,-9.132020823993406,-0.9364747269717675,-9.12891335660583,-0.9413839853384188,-9.123374613665998,-0.9319573766823074,0.011889287465005787,0.951142997200463,0.341246769417749,1,8.495100017171353,22.86239998647943
3361,112.03333333332954,TRACKING,1,0,1,0,-9.173963044095155,-0.8681798527877111,-9.185709310158778,-0.8682613505370038,-9.182610848881389,-0.8703686005456814,-9.178510022541605,-0.8675798243960827,0.00892049014173721,0.7136392113389768,0.36691184391454296,1,9.648500010371208,19.61930000106804
3362,112.06666666666287,TRACKING,1,0,1,0,-9.228073663228805,-0.8022159924429042,-9.239802483231262,-0.8015371306129877,-9.250931700653144,-0.7966605269502762,-9.22906361295988,-0.8086810642731528,0.02352345790338322,1.8818766322706577,0.5232339697860837,1,9.172999998554587,13.463800016324967
3363,112.0999999999962,TRACKING,1,0,1,0,-9.281946326427871,-0.736084732848953,-9.291869658953814,-0.7382523028981512,-9.294928487667873,-0.7290221743016807,-9.289589208143079,-0.747741161748761,0.014778912128267619,1.1823129702614095,1.1150920338237675,1,7.795900019118562,17.663299979176372
3364,112.13333333332953,TRACKING,1,0,1,0,-9.335579748241669,-0.6697885272935862,-9.347826070115234,-0.6759830294265136,-9.33406403790344,-0.6768802706135177,-9.352155038267789,-0.6771660776671913,0.007251910172168922,0.5801528137735137,1.4514400881112788,1,8.476900024106726,21.640899998601526
3365,112.16666666666286,TRACKING,1,0,1,0,-9.388972648927922,-0.6033298351836871,-9.40675968182576,-0.6097192978406853,-9.396372135915536,-0.6186818249914375,-9.40823600496647,-0.6055273692223302,0.01704218292171354,1.363374633737083,1.5510637211284413,1,8.845400006975979,20.797600009245798
3366,112.1999999999962,TRACKING,1,0,1,0,-9.442123754483516,-0.5367111219539451,-9.46430717410304,-0.5408982585033262,-9.469615936608717,-0.5374099676998125,-9.455091666617301,-0.5413327524234703,0.02750106295003387,2.2000850360027098,1.1013481580141036,1,7.813100004568696,22.0907999901101
3367,112.23333333332953,TRACKING,1,0,1,0,-9.4950317966748,-0.4699348589752752,-9.516714795683159,-0.47419450434088173,-9.520228078783852,-0.47021287589050387,-9.50457279887292,-0.4758221289758417,0.02519781588797096,2.0158252710376767,0.8968948067784664,1,8.756900002481416,17.41160001256503
3368,112.26666666666286,TRACKING,1,0,1,0,-9.547695513067708,-0.4030035234633731,-9.567660142303035,-0.40774404897862115,-9.560103601031418,-0.4152617163026502,-9.556305128572859,-0.4024688478302308,0.01744201647172899,1.395361317738319,0.6900961425387983,1,9.104199998546392,24.60519998567179
3369,112.29999999999619,TRACKING,1,0,1,0,-9.600113647058171,-0.33591959838669805,-9.618594496815186,-0.33765131272152255,-9.614335747866946,-0.3502172649843943,-9.606895894446398,-0.32803772222426575,0.0201665917188263,1.6133273375061041,0.8318571087874188,1,8.613699988927692,22.975800005951896
3370,112.33333333332952,TRACKING,1,0,1,0,-9.652284947901782,-0.2686855723742436,-9.66885298297833,-0.2651643236940235,-9.677644495120786,-0.27114174587139334,-9.651309950088487,-0.258786770418104,0.025478214682371415,2.038257174589713,0.7957362413375031,1,9.546299988869578,19.731699983822182
3371,112.36666666666285,TRACKING,1,0,1,0,-9.704208170743915,-0.20130393962345527,-9.71569136784216,-0.19379134877031262,-9.723919572559424,-0.19006478867149615,-9.697109184993108,-0.19746270548262224,0.022690479846257248,1.8152383877005798,0.6457277614096052,2,11.363500001607463,21.811199985677376
3372,112.39999999999618,TRACKING,1,0,1,0,-9.755882076649305,-0.13377719980757963,-9.761438672828168,-0.12684271542398826,-9.760397272162562,-0.1273861547392871,-9.746567882998015,-0.13343619627262615,0.007825116458422838,0.6260093166738271,0.7456347064222322,2,12.93439997243695,21.6880000079982
3373,112.43333333332951,TRACKING,1,0,1,0,-9.807305432631509,-0.06610785798282137,-9.808259217667663,-0.06097578980803896,-9.804772320022778,-0.07070500564754476,-9.798503137412615,-0.061639973396464744,0.005248849982594581,0.4199079986075665,0.7897033115698755,2,7.917299983091652,17.744900018442422
3374,112.46666666666285,TRACKING,1,0,1,0,-9.858477011682583,0.0017015755043172653,-9.856865501964217,0.007864448817227851,-9.86010603920001,0.00728773733108695,-9.847289084440757,0.006287544769466672,0.005818843064338109,0.4655074451470487,0.9673082820091252,2,10.980299994116649,19.773800013354048
3375,112.49999999999618,TRACKING,1,0,1,0,-9.909395592802053,0.069648585110476,-9.904970347149305,0.07620647823824184,-9.917767562599394,0.0873231427977402,-9.900136606477613,0.06932619396803459,0.019557092517243645,1.5645674013794917,0.7411677869088032,2,13.223500020103529,20.825999992666766
3376,112.53333333332951,TRACKING,1,0,1,0,-9.960059961026323,0.13773065018848074,-9.955052027079285,0.14204222321274235,-9.962186647259808,0.14810653779303867,-9.952820439897355,0.1369535643765177,0.010591592794198265,0.8473274235358611,0.5824886115881739,3,10.902200010605156,19.242300011683255
3377,112.56666666666284,TRACKING,1,0,1,0,-10.010468907457549,0.20594524508097,-10.006098750323389,0.20884024163735104,-10.004503640466345,0.2049180707179054,-10.0090851679155,0.21019822598226995,0.006053056868102725,0.484244549448218,0.35779396678690745,3,5.277899996144697,12.681399995926768
3378,112.59999999999617,TRACKING,1,0,1,0,-10.060621229292368,0.2742898392142106,-10.059627583092158,0.27877383539595085,-10.057723521259494,0.2721554547101836,-10.06347938489087,0.2819149563108545,0.0035989316546460276,0.2879145323716822,0.6514548108977473,2,5.217199999606237,13.516000006347895
3379,112.6333333333295,TRACKING,1,0,1,0,-10.110515729850862,0.3427618971917359,-10.113607850189833,0.34964207574427486,-10.115544575055555,0.36270395809492406,-10.114463513614707,0.34137777288425414,0.020566357897285354,1.6453086317828285,0.33467162886283064,1,11.125199991511181,18.330100021557882
3380,112.66666666666283,TRACKING,1,0,1,0,-10.160151218604819,0.4113588788885205,-10.166295197854774,0.4150648953065367,-10.169292180756015,0.4256943465816663,-10.164129768101798,0.40014602316615694,0.017001847635796312,1.360147810863705,0.9518217969362377,1,8.375900011742488,20.863499987171963
3381,112.69999999999617,TRACKING,1,0,1,0,-10.209526511206388,0.48007823954533313,-10.217670786030478,0.47735193504611506,-10.211202321074603,0.4774533650869651,-10.21653196396726,0.46621196787137653,0.0031142101143952785,0.24913680915162228,1.242835103516544,1,9.388400008901954,19.760700000915676
3382,112.7333333333295,TRACKING,1,0,1,0,-10.258640429516241,0.5489174298628594,-10.269625359407586,0.5412579490566136,-10.258333592080245,0.531232372948181,-10.268868562447947,0.5412437105269229,0.017687718543880716,1.4150174835104574,1.0229390494933837,1,9.150900004897267,18.20280001265928
3383,112.76666666666283,TRACKING,1,0,1,0,-10.307491801631564,0.6178738960965955,-10.32173944876044,0.610285577004073,-10.325823768227112,0.6020671800405968,-10.314833683455268,0.613482828950634,0.02420564545173849,1.9364516361390793,0.6843844505239038,1,6.120100006228313,16.62080001551658
3384,112.79999999999616,TRACKING,1,0,1,0,-10.356079461914282,0.6869450801513013,-10.370769684264243,0.6807280490766667,-10.385099349287511,0.6806408824486624,-10.358030005127958,0.6818928625960035,0.029696746822318012,2.3757397457854412,0.4332538917870749,1,7.8526999859604985,19.355399999767542
3385,112.83333333332949,TRACKING,1,0,1,0,-10.404402251018581,0.7561284196760236,-10.416810447641165,0.7503858735835475,-10.417974453155614,0.744543717860097,-10.406488617778109,0.7525501290844666,0.017844046262336346,1.4275237009869077,0.33136894061225064,1,7.424500014167279,16.532599984202534
3386,112.86666666666282,TRACKING,1,0,1,0,-10.45245901591882,0.8254213481592689,-10.46371753082937,0.8208734499513174,-10.457066154052084,0.8142236253590766,-10.457902648572448,0.8236531763544629,0.01210845645360842,0.9686765162886736,0.45788779760260745,1,9.014600014779717,23.65689998259768
3387,112.89999999999615,TRACKING,1,0,1,0,-10.50024860993693,0.8948212950239736,-10.512361752364479,0.8919378749484798,-10.513480781502388,0.8890844950228274,-10.505558145214636,0.8949362334243712,0.014422248042203673,1.1537798433762938,0.4248623359241559,1,3.988599986769259,15.057000011438504
3388,112.93333333332949,TRACKING,1,0,1,0,-10.54776989276969,0.9643256857229878,-10.560120724672235,0.9634233683954256,-10.565612279387356,0.9675641362038709,-10.55156648889803,0.961695253682898,0.018133899793794813,1.4507119835035849,0.36950401246439496,1,3.5712000099010766,13.01139997667633
3389,112.96666666666282,TRACKING,1,0,1,0,-10.59502173051616,1.033931941834703,-10.606758821195172,1.0328680375573536,-10.612603235051662,1.0394804684210361,-10.597000613618967,1.0264671171884607,0.018436253659870686,1.4749002927896548,0.6178133586576132,1,8.977499994216487,22.39880000706762
3390,112.99999999999615,TRACKING,1,0,1,0,-10.642002995704466,1.1036374811584633,-10.652492492804672,1.1002475144261217,-10.646611595463408,1.0951861414972306,-10.652294824049129,1.1016927083001533,0.009626231547581169,0.7700985238064936,0.83791693009337,1,13.732299994444475,19.56899999640882
3391,113.03333333332948,TRACKING,1,0,1,0,-10.688712567318943,1.1734397178104783,-10.70265653165778,1.1716299776073005,-10.698260969260492,1.171938818768166,-10.702468674395144,1.1727126228627434,0.009665644188184835,0.7732515350547868,1.102024751678276,1,7.026400009635836,20.52449999609962
3392,113.06666666666281,TRACKING,1,0,1,0,-10.735149330826788,1.2433360623198748,-10.752523625273264,1.2428180994109035,-10.75655976896134,1.2529025906072886,-10.74463774562286,1.2412411873065945,0.023450486659926096,1.8760389327940876,0.7773535274551586,1,9.116700006416067,16.249600012088194
3393,113.09999999999614,TRACKING,1,0,1,0,-10.781312178204539,1.313323921724474,-10.798558762846952,1.3129325030252734,-10.796511512828824,1.320183002324936,-10.791228333535127,1.3112435583597932,0.016675333870858806,1.3340267096687044,0.8105624645420676,1,8.001699985470623,27.028500015148893
3394,113.13333333332947,TRACKING,1,0,1,0,-10.827200007964727,1.3834006996673098,-10.844816096010167,1.3832080942787446,-10.841962738411722,1.3778560935996256,-10.835485029500694,1.3879909501547942,0.015769618470223772,1.2615694776179016,0.7577312722142371,1,11.06469999649562,20.314699999289587
3395,113.1666666666628,TRACKING,1,0,1,0,-10.872811725182052,1.4535637964926602,-10.889740903180114,1.4568594749605277,-10.877351498085572,1.447313474788872,-10.884806130041172,1.4623924432221098,0.007725028117513931,0.6180022494011145,1.1914649832817528,1,10.467899992363527,17.951500019989908
3396,113.19999999999614,TRACKING,1,0,1,0,-10.918146241519409,1.5238106093426098,-10.936543862093293,1.5310863979207576,-10.942967365099456,1.5266253045128866,-10.932056402596466,1.5349601010784317,0.024980205857389103,1.9984164685911283,1.4261640795517432,0,9.239500010153279,18.957799999043345
3397,113.23333333332947,TRACKING,1,0,1,0,-10.963202475254093,1.5941385322537318,-10.983221431260684,1.6049184598798407,-10.986597491688,1.604389157633112,-10.967142110493239,1.6026499220326123,0.025542163467709423,2.043373077416754,0.7503150561114384,1,10.352599987527356,21.289600001182407
3398,113.2666666666628,TRACKING,1,0,1,0,-11.007979351303339,1.664544956253517,-11.024204690226757,1.6762377175943488,-11.020433915383222,1.6633746939593004,-11.008185030479027,1.6758427243557545,0.012509423658074038,1.0007538926459232,0.9039712137549379,1,8.186900027794763,18.194899981608614
3399,113.29999999999613,TRACKING,1,0,1,0,-11.052475801250218,1.7350272694572817,-11.064980033896761,1.7487590437548701,-11.050529756009277,1.7383559417090306,-11.05725320520314,1.7464606910086593,0.0038557944757661748,0.308463558061294,0.9913117512496962,1,8.704699983354658,17.169200000353158
3400,113.33333333332946,TRACKING,1,0,1,0,-11.096690763369011,1.805582857165184,-11.10909256105055,1.8204572880616743,-11.112794893173948,1.8215941009681254,-11.09747690478472,1.8100826544628221,0.02270909344054682,1.8167274752437454,0.3654362350535027,1,7.835800002794713,23.85820000199601
3401,113.3666666666628,TRACKING,1,0,1,0,-11.140623182650462,1.8762091019589346,-11.150652820612866,1.8883093787439775,-11.160825887175054,1.8940978907038424,-11.134536764516737,1.8755087882000785,0.026984403511434836,2.1587522809147868,0.49012602499766744,1,8.240399998612702,20.660599984694272
3402,113.39999999999613,TRACKING,1,0,1,0,-11.184272010827177,1.9469033837992273,-11.189574639934781,1.9549341164957035,-11.18294028615735,1.9559972307641738,-11.18100808401962,1.944701390444228,0.009190840180206074,0.7352672144164859,0.3149805626059121,1,7.163000002037734,19.461899995803833
3403,113.43333333332946,TRACKING,1,0,1,0,-11.227636206398369,2.0176630801226434,-11.231714912603477,2.022517231088183,-11.223751543328243,2.012305490592642,-11.228218730636335,2.023787471117857,0.006617731691477191,0.5294185353181753,0.4921625718403156,1,8.05390000459738,16.489100002218038
3404,113.46666666666279,TRACKING,1,0,1,0,-11.270714734654943,2.0884855659390666,-11.275759982567768,2.0955093464124617,-11.277938640361679,2.0946444011698704,-11.272484371529096,2.095311592187009,0.00949294817535642,0.7594358540285135,0.5641347300293904,0,5.181499989703298,20.968199998605996
3405,113.49999999999612,TRACKING,1,0,1,0,-11.313506567704087,2.1593682139291888,-11.319597504418583,2.16760813814728,-11.328887764879747,2.1773112134458916,-11.316750012421856,2.1668357132561606,0.0236332913114729,1.890663304917832,0.6513173350583721,0,8.12809998751618,23.611700016772375
3406,113.53333333332945,TRACKING,1,0,1,0,-11.356010684493697,2.2303083945417255,-11.363515174908732,2.239655388492354,-11.365912589398423,2.2418478666080803,-11.360408598243549,2.2438883075858116,0.015205496911065725,1.216439752885258,1.141944120905609,1,8.630900003481656,18.706999981077388
3407,113.56666666666278,TRACKING,1,0,1,0,-11.398226070836971,2.301303476091089,-11.407214285960107,2.314086758105629,-11.407269641107245,2.3041719330967396,-11.40004892882067,2.322515467414855,0.0094875818218683,0.7590065457494639,1.7032136911582214,1,10.091699979966506,20.00020002014935
3408,113.59999999999611,TRACKING,1,0,1,0,-11.440151719436354,2.372350824855145,-11.448981237677446,2.3905625130957313,-11.448112150950644,2.3820676630931836,-11.437920680936617,2.394875692018809,0.012561266466320485,1.004901317305639,1.8108069777254658,1,9.254299977328628,24.6198000095319
3409,113.63333333332945,TRACKING,1,0,1,0,-11.481786629907784,2.443447805172621,-11.488765868249594,2.465472947247116,-11.493639841698378,2.467553320983039,-11.475319024620648,2.460477154842539,0.026862139196999826,2.148971135759986,1.4572932022470253,1,7.749199983663857,23.6387999902945
3410,113.66666666666278,TRACKING,1,0,1,0,-11.523129808804478,2.5145917795412176,-11.527029467733222,2.536339890682109,-11.536716468181629,2.5370826295122666,-11.510086266113401,2.5278823852915164,0.02627614213409079,2.1020913707272633,1.489749954093159,1,9.533000004012138,19.44769997498952
3411,113.69999999999611,TRACKING,1,0,1,0,-11.56418026964055,2.5857801087151606,-11.563000715520571,2.605756876989243,-11.56939755886562,2.5997087359767854,-11.54970462378577,2.5961257022904443,0.014873693698988,1.18989549591904,1.4234057846457573,1,8.18000000435859,20.26849999674596
3412,113.73333333332944,TRACKING,1,0,1,0,-11.604937032914739,2.6570101518032345,-11.600138661308524,2.6744892253046264,-11.597907669797477,2.672720522917594,-11.588807145183598,2.665844723821739,0.017211266844286154,1.3769013475428924,1.4712670805139105,0,7.407400000374764,16.67410001391545
3413,113.76666666666277,TRACKING,1,0,1,0,-11.645399126133567,2.728279266366877,-11.637513614364295,2.7434892337813768,-11.642974298470767,2.7459648047285845,-11.63379653772007,2.7316013332887077,0.017850995948061384,1.4280796758449108,0.9655048388109319,1,7.878300006268546,19.683399994391948
3414,113.7999999999961,TRACKING,1,0,1,0,-11.685565583834734,2.799584808517957,-11.677972277065535,2.8106979028434345,-11.688246736020645,2.8200768356470034,-11.674297384436327,2.796298993948945,0.02066668219384992,1.6533345755079938,0.9389999618800551,1,9.112800005823374,23.56490000966005
3415,113.83333333332943,TRACKING,1,0,1,0,-11.725435447610076,2.8709241330169792,-11.718022018956777,2.8764805826013027,-11.71844698299288,2.869322787924935,-11.71761980414965,2.872284607710045,0.007169584632990618,0.5735667706392494,0.6346535386982024,1,6.970299989916384,20.545999985188246
3416,113.86666666666277,TRACKING,1,0,1,0,-11.76500776612834,2.9422945933713427,-11.759510081996742,2.9468381912291877,-11.75662595817872,2.937733682963771,-11.76253672013702,2.9454477604183755,0.009542358631397678,0.7633886905118142,0.32048493972944614,1,8.035800012294203,21.378600009484217
3417,113.8999999999961,TRACKING,1,0,1,0,-11.804281595158088,3.0136935419332653,-11.802576111221532,3.01820293228603,-11.804797356059153,3.019349118182675,-11.803301945194534,3.0165625069776802,0.005679044991893614,0.45432359935148914,0.24252900167580901,1,9.152099984930828,20.311000000219792
3418,113.93333333332943,TRACKING,1,0,1,0,-11.843255997590001,3.0851183299981315,-11.844528137091523,3.0894612912918937,-11.861214802908423,3.096071258711827,-11.84518749544132,3.0874529850837806,0.0210353354114516,1.682826832916128,0.24240525827424772,0,7.070499996189028,23.08499999344349
3419,113.96666666666276,TRACKING,1,0,1,0,-11.881930043459434,3.156566307902877,-11.886581166428376,3.160651326768681,-11.895825119765997,3.1659605971506863,-11.88308201807059,3.1525112461343725,0.016772770076427464,1.3418216061141972,0.3372412449379188,1,8.010499994270504,16.35700001497753
3420,113.99999999999609,TRACKING,1,0,1,0,-11.920302809968526,3.2280348251239905,-11.926696867058542,3.2290102603592605,-11.922380037186013,3.225606067557339,-11.930977019026706,3.228459964775574,0.0031958936513342205,0.2556714921067376,0.8546137662961961,1,6.776599999284372,19.97950000804849
3421,114.03333333332942,TRACKING,1,0,1,0,-11.958373381508125,3.2995212303761754,-11.970539455419317,3.301028233130858,-11.966802215835935,3.295149597121722,-11.971420601859963,3.3048312111381377,0.009495073745744246,0.7596058996595396,1.1269096988897311,1,9.579100005794317,26.763200003188103
3422,114.06666666666275,TRACKING,1,0,1,0,-11.99614084967984,3.3710228717104136,-12.012655444513209,3.375035617006862,-12.018105275187134,3.3809319575632197,-12.005390375222017,3.372023047204811,0.024096181654024513,1.927694532321961,0.7442755351077361,1,7.9117999994196,15.0382999854628
3423,114.09999999999609,TRACKING,1,0,1,0,-12.033604313317493,3.4425370966124706,-12.05091474745801,3.445867210607771,-12.059915681056975,3.4482201422729504,-12.036605558184744,3.4415635861830123,0.02691811806760112,2.1534494454080897,0.2524148117297808,1,7.548299996415153,20.266299979994074
3424,114.13333333332942,TRACKING,1,0,1,0,-12.070762878508816,3.51406125210142,-12.085601850643439,3.5163352513745902,-12.080682904408258,3.507351916602339,-12.07469313652685,3.5153168219878146,0.011975896487730224,0.9580717190184179,0.3300752285446854,1,8.595899998908862,22.192499978700653
3425,114.16666666666275,TRACKING,1,0,1,0,-12.107615658616686,3.5855926848278146,-12.12157626971776,3.5884815731319293,-12.114556250196161,3.573590558014837,-12.116394109101083,3.592137681739116,0.013864445878140367,1.1091556702512295,0.875984209815561,1,7.710700010647997,19.00319999549538
3426,114.19999999999608,TRACKING,1,0,1,0,-12.144161774300214,3.6571287411722406,-12.159801588623722,3.6630036655466847,-12.165966853287623,3.6629906139195243,-12.155155885612592,3.665169341098846,0.022579260877019385,1.8063408701615509,1.08965089669289,0,6.182299985084683,24.253000010503456
3427,114.23333333332941,TRACKING,1,0,1,0,-12.180400353535886,3.7286667673438854,-12.197854231389773,3.7369703070529043,-12.204213470788666,3.7466319856426256,-12.1939176621241,3.7382010004585764,0.0298297439113389,2.386379512907112,1.3233151885879237,1,8.81989998742938,20.60329998494126
3428,114.26666666666274,TRACKING,1,0,1,0,-12.216330531638281,3.800204109478696,-12.236031509937469,3.8108095744653614,-12.228285303403602,3.8088491553333776,-12.226701664861297,3.7992639946105813,0.014753080552565058,1.1802464442052045,0.8330924377802725,2,9.681399998953566,24.023699981626123
3429,114.29999999999607,TRACKING,1,0,1,0,-12.251951451280638,3.87173811373816,-12.27162803811559,3.879174839774028,-12.265109072690336,3.8730697971172248,-12.25957123844572,3.872804874796752,0.013224839574945045,1.0579871659956035,0.6155277961412721,2,9.585799998603761,19.147499988321215
3430,114.3333333333294,TRACKING,1,0,1,0,-12.28726226251548,3.943266126407468,-12.305826790300143,3.9500672122574203,-12.310951069266409,3.957988114637472,-12.28801567850931,3.9427818381497874,0.027890796021756623,2.23126368174053,0.071651189580077,2,8.192700013751164,20.888200000626966
3431,114.36666666666274,TRACKING,1,0,1,0,-12.322262122794703,4.01478549399408,-12.336880236685218,4.020220992421083,-12.339316908252595,4.0324481389321285,-12.318194244254975,4.012709135457423,0.02455269299328088,1.9642154394624702,0.36537236315164723,2,9.301100013544783,19.88040001015179
3432,114.39999999999607,TRACKING,1,0,1,0,-12.356950196989846,4.086293563326292,-12.366889123408951,4.090133159576842,-12.363683679060713,4.087956668696829,-12.349963515284573,4.089000219986256,0.00693582729544216,0.5548661836353728,0.5994115061997521,2,9.375299996463582,19.37769999494776
3433,114.4333333333294,TRACKING,1,0,1,0,-12.39132565741195,4.157787681651408,-12.396916559490252,4.163075929686562,-12.391071375762364,4.15666968362138,-12.38180205453487,4.164918583259728,0.0011465508067520342,0.09172406454016274,0.951794160966791,2,9.269599977415055,21.653800009517
3434,114.46666666666273,TRACKING,1,0,1,0,-12.425387683831232,4.229265196734276,-12.426972570579844,4.237422998629719,-12.429847330651487,4.2377238426294275,-12.411669904201506,4.237825871837453,0.00956227693287408,0.7649821546299265,1.2935845050200678,2,8.902800007490441,24.12509999703616
3435,114.49999999999606,TRACKING,1,0,1,0,-12.459135463496825,4.300723456955803,-12.456130037434418,4.311207907778682,-12.463873790052704,4.316230685325404,-12.446242578984169,4.308308967086439,0.016214989061270786,1.297199124901663,1.1967059722385707,2,9.25570001709275,19.200599985197186
3436,114.5333333333294,TRACKING,1,0,1,0,-12.492568191155977,4.3721598114110325,-12.487278948350488,4.383578997411871,-12.490690912355756,4.383989232449114,-12.481368158899333,4.378299234392215,0.011977452892412475,0.958196231392998,1.0217889788929762,2,7.1251999761443585,17.53760001156479
3437,114.56666666666273,TRACKING,1,0,1,0,-12.52568506907344,4.443571610007819,-12.519752075605556,4.454909223399973,-12.509045182509894,4.441227622660804,-12.523003619559761,4.4540863405292725,0.016804169171090698,1.344333533687256,0.8681003792030402,3,9.215899975970387,24.43150000181049
3438,114.59999999999606,TRACKING,1,0,1,0,-12.55848530705042,4.514956203564846,-12.556398853850606,4.528491445205612,-12.55275906286682,4.524756335541992,-12.558039153732551,4.52344268243878,0.011350438723666789,0.9080350978933431,0.679855873953464,3,6.914500001585111,16.944600007263944
3439,114.63333333332939,TRACKING,1,0,1,0,-12.590968122443378,4.586310943910028,-12.592056385520143,4.599928881364586,-12.585939026364631,4.605476451591125,-12.595026436999175,4.59328322805085,0.019814350659142676,1.5851480527314141,0.645390613748443,2,6.186300015542656,16.971399978501722
3440,114.66666666666272,TRACKING,1,0,1,0,-12.623132740182855,4.657633183978878,-12.6285109520958,4.670649411706284,-12.629877499417606,4.677350101989255,-12.626572586803665,4.662957243935822,0.02083863318364913,1.6670906546919304,0.5070899514670998,2,9.133000014116988,19.61189997382462
3441,114.69999999999605,TRACKING,1,0,1,0,-12.654978392791786,4.728920277912456,-12.662585283432124,4.74075784834986,-12.657873157440944,4.742699976499091,-12.65717874690316,4.733593324160591,0.014080474264474514,1.1264379411579613,0.4132131223677556,2,7.273800001712516,17.9927000135649
3442,114.73333333332938,TRACKING,1,0,1,0,-12.686504320403973,4.800169581155645,-12.6949895272723,4.810974449909714,-12.683416362749252,4.813908728538452,-12.692825325870524,4.799389242918619,0.014081890969747395,1.1265512775797915,0.5095192267058838,1,8.20520002162084,23.075200006132945
3443,114.76666666666272,TRACKING,1,0,1,0,-12.717709770782147,4.871378450555382,-12.728879027432315,4.878778657143181,-12.727519659489785,4.87999696025312,-12.719131579755668,4.866969181363716,0.013058048317655975,1.0446438654124781,0.37062710585612035,1,8.157200005371124,19.347599998582155
3444,114.79999999999605,TRACKING,1,0,1,0,-12.748593999335846,4.942544244458468,-12.758725430629086,4.946242839145379,-12.763352634074337,4.949733507028128,-12.746026948443083,4.934198079845226,0.01641654030664563,1.3133232245316504,0.6985617867012285,1,8.45389999449253,17.953300004592165
3445,114.83333333332938,TRACKING,1,0,1,0,-12.779156269139346,5.013664322809683,-12.786878181168714,5.013198897401584,-12.782648258876854,5.01587168019127,-12.77769844643443,5.004355155449561,0.004131152252932495,0.3304921802345996,0.7538099239579527,1,8.236100024078041,25.53689997876063
3446,114.86666666666271,TRACKING,1,0,1,0,-12.809395850949063,5.084736047249855,-12.816281585267857,5.081362237619655,-12.811655797720269,5.077465468569878,-12.809744447410578,5.082071115221604,0.007613716159039493,0.6090972927231594,0.21501080468747324,1,9.120500006247312,17.819900007452816
3447,114.89999999999604,TRACKING,1,0,1,0,-12.839312023221108,5.155756781213439,-12.846431985946177,5.153957408663999,-12.850768287134338,5.145086382385324,-12.840351733368907,5.160532542797382,0.015655778294310516,1.2524622635448412,0.3910101453259872,1,9.554399992339313,26.21270000236109
3448,114.93333333332937,TRACKING,1,0,1,0,-12.868904072128435,5.226723890026669,-12.876387664215962,5.229363849471604,-12.886576122723334,5.233827069109796,-12.87135453315508,5.233958435750204,0.019046168258093594,1.5236934606474877,0.6110628697947103,0,5.626800004392862,18.8147000153549
3449,114.9666666666627,TRACKING,1,0,1,0,-12.898171291577812,5.297634741004993,-12.906544578366374,5.304050411298701,-12.906585636500536,5.308434657622676,-12.897608813812885,5.302213220187227,0.013690850938764848,1.0952680751011878,0.3690320559143731,1,8.786999998847023,21.005499991588295
3450,114.99999999999604,TRACKING,1,0,1,0,-12.92711298322682,5.368486703550875,-12.934568416306963,5.376101763838182,-12.925995916424004,5.369694099508262,-12.92738142836876,5.374299448889272,0.001644883959393058,0.13159071675144465,0.46551525801527843,0,9.218199993483722,17.056999990018085
3451,115.03333333332937,TRACKING,1,0,1,0,-12.955728456500344,5.439277149251501,-12.963162294751085,5.448481260462974,-12.963217268160067,5.442376435581832,-12.957100736615933,5.444901490620073,0.008104805724518174,0.6483844579614539,0.46314658445639517,1,10.454600007506087,23.792299994966015
3452,115.0666666666627,TRACKING,1,0,1,0,-12.9840170286072,5.510003451976036,-12.99189647555431,5.520117350258271,-12.995940326941474,5.5272674565547675,-12.983163302376212,5.508222442174828,0.02098120342741455,1.678496274193164,0.15800444326867355,1,11.353999987477437,19.977599993580952
3453,115.09999999999603,TRACKING,1,0,1,0,-13.01197802455636,5.580662987973176,-13.019074868670005,5.587950779708836,-13.018329527122274,5.5946327188087865,-13.014050378846878,5.577458326660845,0.015345845185724296,1.2276676148579437,0.30530778104395256,1,10.326400020858273,24.526099994545802
3454,115.13333333332936,TRACKING,1,0,1,0,-13.039610777173003,5.651253135968603,-13.04772868521134,5.656388759633794,-13.039691764484346,5.6550401608272,-13.043860426418307,5.65119888587701,0.003787890735518871,0.30303125884150967,0.33999964028737434,1,9.077200025785714,16.94069997756742
3455,115.16666666666269,TRACKING,1,0,1,0,-13.06691462711455,5.721771277261935,-13.076563798412531,5.7270730206676825,-13.07575584566327,5.720471703571316,-13.072386734591115,5.726739214896182,0.008936220521204323,0.7148976416963457,0.5912663809707727,1,9.919499978423119,22.925600002054125
3456,115.19999999999602,TRACKING,1,0,1,0,-13.093888922886343,5.792214795824207,-13.104992662690295,5.7999243844880555,-13.110928151327554,5.800236593086318,-13.094721347302697,5.798194788123546,0.018833070306941275,1.506645624555302,0.483012137713105,1,10.031199984950945,19.4758000143338
3457,115.23333333332936,TRACKING,1,0,1,0,-13.120533020857119,5.86258107839463,-13.130126885208112,5.872046936773494,-13.13404473048337,5.875258070086226,-13.119074252496427,5.8654859763456475,0.018527612241541317,1.4822089793233053,0.260048453774068,2,13.2173000019975,20.349300000816584
3458,115.26666666666269,TRACKING,1,0,1,0,-13.14684628527452,5.932867514577654,-13.154559388183948,5.941860364173117,-13.143242745505251,5.9346277015535245,-13.15334762182273,5.937333078333766,0.004010455966436858,0.32083647731494863,0.6309796146208857,2,10.530300001846626,21.53510000789538
3459,115.29999999999602,TRACKING,1,0,1,0,-13.172828088280099,6.003071496939938,-13.18341910674291,6.01271745646153,-13.173803060698313,6.005552154510336,-13.182088794207043,6.009461503669463,0.0026653767459497665,0.21323013967598134,0.9001079411491921,2,9.205299982568249,21.30560000659898
3460,115.33333333332935,TRACKING,1,0,1,0,-13.198477809924437,6.073190421106827,-13.21178187947429,6.084085900959301,-13.21049124275997,6.082776397210694,-13.206482344096472,6.076525545012882,0.015369238964820217,1.2295391171856174,0.6937232590824881,2,9.935199981555343,20.864999998593703
3461,115.36666666666268,TRACKING,1,0,1,0,-13.223794838181872,6.143221685859087,-13.238060447208623,6.1532484718114056,-13.24908305162056,6.165297571205985,-13.2246812052873,6.13841022144068,0.03356841451081754,2.6854731608654028,0.3913941153992499,2,14.619699999457225,21.226399985607713
3462,115.39999999999601,TRACKING,1,0,1,0,-13.248778568965063,6.213162693229535,-13.260134105276355,6.218701304766543,-13.254025560475236,6.213624549743399,-13.25144515414969,6.209158294309787,0.005267279311677682,0.42138234493421456,0.38488138229104407,1,10.196899995207787,21.245400013867766
3463,115.43333333332934,TRACKING,1,0,1,0,-13.273428406139516,6.283010848599162,-13.284179791286002,6.286520094139753,-13.275001905631536,6.282103836861905,-13.278486526434543,6.278826081387044,0.0018161968348467021,0.14529574678773616,0.525185575056006,1,9.755800012499094,23.6791999777779
3464,115.46666666666268,TRACKING,1,0,1,0,-13.297743761537669,6.352763560793516,-13.3091138139184,6.354776382948704,-13.306635947444676,6.3495547354153725,-13.300986274468011,6.347859703056793,0.009453440141672454,0.7562752113337963,0.4703136710270101,1,9.149799996521324,20.941299997502938
3465,115.499999999996,TRACKING,1,0,1,0,-13.321724054973059,6.422418242178944,-13.332409427554573,6.423142200242977,-13.337354457809138,6.424560096052985,-13.32360317906162,6.4169378893460784,0.01577647079786379,1.2621176638291032,0.4634850557273611,1,7.962199975736439,17.863100016256794
3466,115.53333333332934,TRACKING,1,0,1,0,-13.345368714254102,6.491972308758305,-13.355024840007339,6.491659500142778,-13.357573674582484,6.490067803537883,-13.348605560231379,6.48822801919252,0.012352659501176607,0.9882127600941285,0.3959545528107728,1,7.37099998514168,24.16200001607649
3467,115.56666666666267,TRACKING,1,0,1,0,-13.368677175197696,6.561423180267152,-13.378405075503862,6.561400221283878,-13.369456561931074,6.5594569405804615,-13.378371074601452,6.559490188199111,0.002115074983465385,0.1692059986772308,0.7907794392278628,1,7.7766999893356115,16.43390001845546
3468,115.599999999996,TRACKING,1,0,1,0,-13.391648881642809,6.630768280269172,-13.404565536948105,6.6317944499433965,-13.400415606072592,6.62417189003775,-13.40124503708045,6.6338619898637425,0.01097122697390605,0.8776981579124841,0.8066017138148533,1,8.438599994406104,23.767200007569045
3469,115.63333333332933,TRACKING,1,0,1,0,-13.41428328546361,6.700005036251881,-13.428806704607041,6.704195154353736,-13.436530549959315,6.704645614300726,-13.41768063403563,6.701405048428923,0.02272610266124183,1.8180882128993465,0.2939606658387231,1,9.921000018948689,21.581599983619526
3470,115.66666666666266,TRACKING,1,0,1,0,-13.436579846582662,6.769130879722182,-13.449042333246222,6.774262983326973,-13.457758526809306,6.7735479689823785,-13.43963268648999,6.770818745375941,0.021634397927258776,1.730751834180702,0.27906956225185886,1,8.387099980609491,19.03110000421293
3471,115.699999999996,TRACKING,1,0,1,0,-13.458538032983764,6.8381432463014065,-13.469844998823111,6.844193130420313,-13.468252755711147,6.836351642291066,-13.468085859185356,6.845299265489632,0.009878546583369011,0.7902837266695208,0.9545498484141954,1,7.164600014220923,17.592999996850267
3472,115.73333333332933,TRACKING,1,0,1,0,-13.480157320724597,6.907039575820567,-13.493940292702346,6.916420947511616,-13.492240972808496,6.917263524305061,-13.492234491261932,6.916583700039574,0.015828574487245565,1.2662859589796451,1.2314501507947837,0,8.65560001693666,17.201799986651167
3473,115.76666666666266,TRACKING,1,0,1,0,-13.50143719394933,6.975817312415452,-13.517663670167614,6.988216936819344,-13.517345369694064,7.000154068454076,-13.511242296583669,6.977114076686456,0.0290748645742137,2.325989165937096,0.7912385642551547,1,8.978900004876778,27.421199978562072
3474,115.79999999999599,TRACKING,1,0,1,0,-13.522377144900814,7.044473904621159,-13.539027286757731,7.054827021329016,-13.546600112458847,7.061383691282295,-13.52622564587585,7.044605036906392,0.029541378475668057,2.3633102780534445,0.3080587521220388,1,7.748399977572262,20.42680000886321
3475,115.83333333332932,TRACKING,1,0,1,0,-13.542976673932799,7.113006805467073,-13.55720817411465,7.121924616396696,-13.554035129787376,7.11549570930951,-13.545735365458931,7.118857867539591,0.01133508218869785,0.906806575095828,0.5175035849170292,1,7.134900020901114,18.922399991424754
3476,115.86666666666265,TRACKING,1,0,1,0,-13.56323528952181,7.181413472571064,-13.575646252067948,7.192142812549257,-13.567327711158587,7.180603937547253,-13.567565994420905,7.191751453279236,0.0041717216839019826,0.3337377347121586,0.8966742107877095,1,10.164500010432675,20.218599995132536
3477,115.89999999999598,TRACKING,1,0,1,0,-13.583152508278832,7.249691368233931,-13.595134139972126,7.263428559196974,-13.592535317815045,7.265862271909193,-13.58817014741328,7.254586957955465,0.018695861586657623,1.4956689269326098,0.5608194073967226,1,8.695199998328462,20.4682000039611
3478,115.93333333332932,TRACKING,1,0,1,0,-13.60272785496095,7.317837959533653,-13.614626176043416,7.330510203925256,-13.622342598196578,7.341843124814761,-13.603763270765391,7.313697298945104,0.030999776005205756,2.4799820804164603,0.34145248334870265,1,8.241500006988645,19.948799978010356
3479,115.96666666666265,TRACKING,1,0,1,0,-13.621960862482569,7.385850718419127,-13.63172903845331,7.393596837847692,-13.634718310717373,7.398407033829222,-13.621329766963903,7.37493113365631,0.017900098942226363,1.4320079153781091,0.8750245270017192,1,8.192799985408783,28.24260000488721
3480,115.99999999999598,TRACKING,1,0,1,0,-13.640851071926654,7.453727121804059,-13.648628725049964,7.455364240820811,-13.643248862360398,7.448279082650962,-13.644979649052118,7.4457200365559135,0.005952354960671543,0.47618839685372344,0.7207043810138883,1,10.838099988177419,23.234000022057444
3481,116.03333333332931,TRACKING,1,0,1,0,-13.659398032555655,7.521464651660691,-13.668358746370856,7.520982766023416,-13.66519325072072,7.516827900382293,-13.665901054544952,7.516533413875199,0.007421860683036619,0.5937488546429296,0.6529019581668543,1,10.000400012359023,22.447399998782203
3482,116.06666666666264,TRACKING,1,0,1,0,-13.677601301822204,7.58906079511293,-13.688219188309155,7.588568704954768,-13.700787724024114,7.593319868861124,-13.680243608294134,7.585441059342247,0.023574348001965346,1.8859478401572278,0.35852382272796307,1,8.980700018582866,19.176000001607463
3483,116.09999999999597,TRACKING,1,0,1,0,-13.69546044537977,7.656513044529891,-13.705090023114423,7.656558372693213,-13.719382206839892,7.6570642696881865,-13.694445191455582,7.654193960338626,0.023928111511988686,1.914248920959095,0.2025263165794311,1,8.182200021110475,22.0850000041537
3484,116.1333333333293,TRACKING,1,0,1,0,-13.712975037092926,7.72381889761864,-13.720377405201356,7.724872192064095,-13.716543846985017,7.7106786213985945,-13.716021763840242,7.72728732369291,0.013616286688557489,1.089302935084599,0.36932390818238375,1,7.6935999968554825,21.317000006092712
3485,116.16666666666264,TRACKING,1,0,1,0,-13.73014465904761,7.7909758575171475,-13.7383545204384,7.795586164247681,-13.732613882582013,7.790650859365066,-13.739171298690188,7.7949488902629644,0.0024905197573411217,0.19924158058728975,0.7889850186107671,1,9.107599995331839,20.06529999198392
3486,116.19999999999597,TRACKING,1,0,1,0,-13.746968901561043,7.857981432887026,-13.758442061702343,7.864848913095889,-13.766185639580632,7.867175019107451,-13.759060637375239,7.863987157103458,0.021302700479185522,1.7042160383348417,1.0800853251157543,0,7.041300006676465,19.21510000829585
3487,116.2333333333293,TRACKING,1,0,1,0,-13.76344736319148,7.924833138005724,-13.7782283817467,7.934215165703106,-13.788712187277891,7.9390059112905,-13.76396169529733,7.926567624371288,0.02896858365020598,2.3174866920164785,0.1447310436347257,1,8.672500000102445,25.79320000950247
3488,116.26666666666263,TRACKING,1,0,1,0,-13.779579650747857,7.991528492858849,-13.790908819525502,8.000445242050924,-13.794207591355908,7.997505030161389,-13.782922255052563,7.9993112137688005,0.015801760805724343,1.2641408644579473,0.6776134511063505,1,7.70139999804087,18.014300003414974
3489,116.29999999999596,TRACKING,1,0,1,0,-13.795365379299142,8.058065023232292,-13.806454884128577,8.069818262132731,-13.803475816246877,8.064651387775672,-13.804838203245632,8.067418681623543,0.010447936895937468,0.8358349516749974,1.065008000184586,1,7.431100006215274,22.507499990751967
3490,116.33333333332929,TRACKING,1,0,1,0,-13.810804172183476,8.12444026080378,-13.824448201809654,8.13841519732651,-13.825768994824694,8.14112593320885,-13.823482642671873,8.13372720098373,0.02241333487664,1.7930667901312,1.257275458966426,1,8.08499997947365,17.447700025513768
3491,116.36666666666262,TRACKING,1,0,1,0,-13.825895661017249,8.190651743234557,-13.84240009850845,8.205943986993592,-13.848975045267979,8.212802152807551,-13.834956619291743,8.195874865299542,0.031989039085978034,2.5591231268782426,0.8366866805024948,1,7.877600000938401,21.2253000063356
3492,116.39999999999596,TRACKING,1,0,1,0,-13.840639485703797,8.256697014260851,-13.85697487594378,8.270766785828044,-13.85543314778419,8.275151445431604,-13.851148774814996,8.260395645364015,0.02365202882597835,1.892162306078268,0.8912913046947613,1,3.7899999879300594,10.566100012511015
3493,116.43333333332929,TRACKING,1,0,1,0,-13.85503529444207,8.322573623784718,-13.872174533261784,8.33527703903002,-13.866450494955432,8.320432028512453,-13.86578109341937,8.333826903462839,0.011614354612738744,0.9291483690190995,1.2447868872691132,1,4.952699993737042,13.463699986459687
3494,116.46666666666262,TRACKING,1,0,1,0,-13.869082743734994,8.388279127965248,-13.886686103747671,8.403927427619058,-13.87622126584144,8.392404461798264,-13.884897112583113,8.40350345377175,0.008244809100158375,0.6595847280126701,1.7561309442327906,1,7.499400002416223,17.960799974389374
3495,116.49999999999595,TRACKING,1,0,1,0,-13.88278149839764,8.453811089308951,-13.903165689050226,8.472839013431036,-13.909245305340526,8.47683740776673,-13.894371826142038,8.461468881301277,0.03507911657424493,2.8063293259395943,1.1113306630746707,1,8.191200002329424,21.791699982713908
3496,116.53333333332928,TRACKING,1,0,1,0,-13.896131231565285,8.519167076760304,-13.915804771236544,8.53631520867467,-13.912233259168271,8.53870633777597,-13.90862969068014,8.523173146477589,0.025319123483360677,2.0255298786688543,1.0499830850461007,1,8.051800017710775,22.048099985113367
3497,116.56666666666261,TRACKING,1,0,1,0,-13.909131624701145,8.58434466579204,-13.929019668732748,8.5988729640665,-13.91534408619185,8.591525842280678,-13.928326926391954,8.589900153323288,0.009495471211817694,0.7596376969454155,1.5986455241080253,1,8.42139997985214,18.33489999989979
3498,116.59999999999594,TRACKING,1,0,1,0,-13.92178236760403,8.64934143849487,-13.945025279611164,8.663085722588807,-13.938598064316636,8.655128649985553,-13.941578999741148,8.659473101361083,0.017783685578874487,1.422694846309959,1.7790914290740858,1,9.863500017672777,20.272199995815754
3499,116.63333333332928,TRACKING,1,0,1,0,-13.934083158415719,8.714154983667298,-13.959315270256585,8.72953945434219,-13.966654582149305,8.733690971295376,-13.947031250623862,8.72133952770001,0.03798094860107144,3.0384758880857157,1.1846235244358472,1,9.512899996479973,20.216900011291727
3500,116.6666666666626,TRACKING,1,0,1,0,-13.946033703628148,8.77878289690517,-13.96902667600544,8.793446831287268,-13.97784972903524,8.801970433829522,-13.953336199341447,8.780387713438428,0.039369040391187465,3.1495232312949972,0.5981404771358192,1,7.955000008223578,20.70709998952225
3501,116.69999999999594,TRACKING,1,0,1,0,-13.957633718090458,8.843222780690626,-13.976680346839778,8.854804034379445,-13.970028438999677,8.854992047556646,-13.967953295953661,8.846785657739968,0.01709224236257575,1.3673793890060602,0.8733852488553187,1,9.563199972035363,19.762300013098866
3502,116.73333333332927,TRACKING,1,0,1,0,-13.968882925015745,8.907472244481323,-13.987130869459683,8.918363426841259,-13.983349107784976,8.907866755381932,-13.979763636342454,8.91100466147397,0.014471561172296048,1.157724893783684,0.9151798906362061,0,8.838400011882186,23.796800000127405
3503,116.7666666666626,TRACKING,1,0,1,0,-13.97978105598771,8.971528904798866,-13.997523755066666,8.981809609815263,-14.00578954335492,8.975398808688748,-13.983175236966648,8.977826256921885,0.026294820236070788,2.103585618885663,0.5723054193226683,1,6.8002000043634325,17.788600001949817
3504,116.79999999999593,TRACKING,1,0,1,0,-13.990327850967052,9.035390385317339,-14.004152220965185,9.046626187149254,-14.011221438631022,9.044725354610081,-13.988014300387388,9.041163460930084,0.022884135490956428,1.8307308392765145,0.4975518839447221,1,7.902499986812472,18.043299991404638
3505,116.83333333332926,TRACKING,1,0,1,0,-14.000523058297638,9.099054316951573,-14.009490971257241,9.110547381199941,-14.004495012938225,9.112819428664372,-14.001821908664612,9.102677194376415,0.014326713654313724,1.146137092345098,0.30789352041216334,1,6.5092000004369766,25.104000000283122
3506,116.8666666666626,TRACKING,1,0,1,0,-14.01036643471257,9.162518337944807,-14.018204677218302,9.17321691113025,-14.010532348388944,9.16880930008583,-14.013611367539472,9.16946124241567,0.006293149609519051,0.5034519687615241,0.6131023355630723,1,7.383399992249906,23.34859999245964
3507,116.89999999999593,TRACKING,1,0,1,0,-14.01985774533992,9.22578009395641,-14.027699209315188,9.237756933069068,-14.025846210467561,9.235080542797446,-14.023965052922323,9.234312140010875,0.011061648305280898,0.8849318644224718,0.7575361555020058,1,9.002400009194389,20.026099984534085
3508,116.93333333332926,TRACKING,1,0,1,0,-14.028996763708399,9.288837238149345,-14.037214386823978,9.302241806565776,-14.039601213280378,9.300592060026158,-14.034343029520421,9.298948562734472,0.015831304054949202,1.2665043243959362,0.9150176146889187,0,6.8119999777991325,19.402000005356967
3509,116.96666666666259,TRACKING,1,0,1,0,-14.037783271752724,9.351687431276954,-14.046871951272651,9.366742142365585,-14.044953817165268,9.368613789255502,-14.042370793098744,9.35826848464313,0.018382554662812977,1.4706043730250382,0.6417756144131026,1,8.587199990870431,24.022400000831112
3510,116.99999999999592,TRACKING,1,0,1,0,-14.046217059818815,9.414328341770048,-14.05551953582521,9.428725117068202,-14.043376761860083,9.420140974543877,-14.052231189428342,9.421859898652466,0.00646946614936389,0.5175572919491112,0.7710526997637805,1,7.918699993751943,18.989300006069243
3511,117.03333333332925,TRACKING,1,0,1,0,-14.05429792666883,9.476757645823138,-14.064533891634023,9.491399534122273,-14.058460763483838,9.481573438690216,-14.059893625505113,9.48546254947048,0.006365616332059056,0.5092493065647244,0.827863536487514,1,9.73269998212345,23.331300006248057
3512,117.06666666666258,TRACKING,1,0,1,0,-14.062025679485934,9.538973027480745,-14.072619139508443,9.554261639784922,-14.066935917678247,9.556215872002777,-14.068961196540288,9.543283860186191,0.01792836094896088,1.4342688759168702,0.6532854833253704,1,9.21859999652952,17.366199987009168
3513,117.09999999999592,TRACKING,1,0,1,0,-14.069400133878924,9.600972178723438,-14.080940866997727,9.614422366853356,-14.078859674311227,9.617531018539141,-14.07637459678298,9.605328257689782,0.019070345598139752,1.52562764785118,0.6578440265525773,1,8.979900012491271,23.40320000075735
3514,117.13333333332925,TRACKING,1,0,1,0,-14.076421113886617,9.662752799553228,-14.088513171459475,9.675292004359925,-14.07978260900028,9.669983835248068,-14.083347933303026,9.669173840711204,0.007974178742618153,0.6379342994094522,0.7556108915253452,1,8.282400027383119,19.861599983414635
3515,117.16666666666258,TRACKING,1,0,1,0,-14.083088451982038,9.724312598079006,-14.095510531057096,9.73726384596923,-14.09815090751548,9.736554249033532,-14.08731463424172,9.728773012731533,0.019409677606528185,1.552774208522255,0.4915667384323364,1,7.2401000070385635,20.45919999363832
3516,117.19999999999591,TRACKING,1,0,1,0,-14.089401989076446,9.785649290601668,-14.100665313425333,9.797745948585925,-14.110774157752594,9.804238347035765,-14.089091224219715,9.785179898328172,0.02832529987540761,2.266023990032609,0.04503537472501643,1,3.3027000026777387,17.697400005999953
3517,117.23333333332924,TRACKING,1,0,1,0,-14.095361574523109,9.846760601698621,-14.103742869192988,9.855956242747832,-14.117098405345601,9.870103392756093,-14.092003319795086,9.83973808409047,0.031896327508953506,2.5517062007162807,0.6227352740936424,1,8.272300008684397,22.447299998020753
3518,117.26666666666257,TRACKING,1,0,1,0,-14.10096706612089,9.907644264308306,-14.106210434893113,9.911972266696988,-14.103514681134223,9.911211792915777,-14.097796043303957,9.900936566553353,0.00438378861503169,0.35070308920253523,0.593557922375596,1,9.609100001398474,20.706200011773035
3519,117.2999999999959,TRACKING,1,0,1,0,-14.106218330117676,9.968298019814398,-14.109700324653991,9.970046561748264,-14.106750212513528,9.964219652925651,-14.107720916276401,9.964855602730513,0.004112903519685819,0.3290322815748655,0.3004849471777959,1,8.925800008000806,23.315599974012002
3520,117.33333333332924,TRACKING,1,0,1,0,-14.111115241213524,10.028719618129362,-14.115810551564916,10.030444164298743,-14.120515752308766,10.027233346836336,-14.110442918734643,10.027586416174184,0.009517279611750333,0.7613823689400265,0.10541086659204621,1,9.224599984008819,20.88329999241978
3521,117.36666666666257,TRACKING,1,0,1,0,-14.115657682563688,10.088906817778184,-14.119799582325745,10.09165603357894,-14.124589899774454,10.100117088520689,-14.115063018499864,10.0828031097092,0.014333690188522848,1.146695215081828,0.4906086182051851,1,13.787500007310882,21.401200006948784
3522,117.3999999999959,TRACKING,1,0,1,0,-14.119845545781391,10.148857385981298,-14.123875435976723,10.149731312087804,-14.120959209273297,10.151825099474458,-14.123203304732373,10.144806584314436,0.0031697901745516045,0.25358321396412836,0.4209211940847753,1,7.4838000000454485,17.62079997570254
3523,117.43333333332923,TRACKING,1,0,1,0,-14.123678730940403,10.20856909873751,-14.12965085233369,10.209667665581335,-14.12450880632254,10.198954167852772,-14.131323816834307,10.211811599563957,0.00965069536656839,0.7720556293254712,0.6643428027621906,1,2.7102000021841377,16.44710000255145
3524,117.46666666666256,TRACKING,1,0,1,0,-14.12715714657745,10.268039740906616,-14.136334253262236,10.272878593692576,-14.138907981750576,10.27606277910289,-14.129263936190453,10.26812968241102,0.014228537140720381,1.1382829712576306,0.1686966877716382,1,9.12209998932667,17.749099992215633
3525,117.4999999999959,TRACKING,1,0,1,0,-14.130280709694363,10.32726710629136,-14.138523574948078,10.332571147553088,-14.150443455884076,10.336769633579369,-14.127303475375655,10.327380716731072,0.022289781487716553,1.7831825190173243,0.23835209613348698,1,9.192700003040954,21.13520001876168
3526,117.53333333332922,TRACKING,1,0,1,0,-14.133049345760092,10.386248997719385,-14.138502714556024,10.39215573234379,-14.142052599433997,10.398272680028626,-14.129718004181788,10.38563617988407,0.015020902535807954,1.2016722028646363,0.2709790534856276,1,6.963500025449321,21.08609999413602
3527,117.56666666666256,TRACKING,1,0,1,0,-14.135462988712463,10.444983227124844,-14.139217858749632,10.45093344004587,-14.136600855122236,10.441346096130328,-14.135082777256757,10.451144462645658,0.00381096599797967,0.3048772798383736,0.49383646779226587,1,7.764800015138462,18.789099995046854
3528,117.59999999999589,TRACKING,1,0,1,0,-14.137521580959762,10.503467615629338,-14.141663379145987,10.512924435987204,-14.140099766209334,10.502971604039558,-14.137248847492382,10.515313949626744,0.0026254650403892115,0.21003720323113692,0.9479578479146028,1,7.903699995949864,24.53070000046864
3529,117.63333333332922,TRACKING,1,0,1,0,-14.139225073382104,10.561699993623009,-14.143504513893685,10.575875733397,-14.155492017702773,10.571864978532295,-14.129303226792466,10.574170523158784,0.01918177248686313,1.5345417989490504,1.274882637173377,1,8.02889998885803,21.511800005100667
3530,117.66666666666255,TRACKING,1,0,1,0,-14.140573425332612,10.619678200844799,-14.140121566080753,10.636900202216362,-14.144430048442796,10.641694413079634,-14.127863461353446,10.626963077420502,0.02235144610496829,1.7881156883974632,1.1719729992109431,1,8.689300011610612,19.307200011098757
3531,117.69999999999588,TRACKING,1,0,1,0,-14.141566604638383,10.677400086462683,-14.137279771375255,10.693943610358154,-14.137642551679557,10.690754557493781,-14.131024805065254,10.684375381276443,0.013919054858147317,1.1135243886517854,1.0112464419047076,1,7.745899987639859,13.046200008830056
3532,117.73333333332921,TRACKING,1,0,1,0,-14.142204587601256,10.73486350915356,-14.136693769349389,10.751081229288015,-14.127496705101136,10.75363525187358,-14.14191813293931,10.738345015876774,0.023847434503192072,1.907794760255366,0.27946171501248496,1,8.147099986672401,21.692800015443936
3533,117.76666666666254,TRACKING,1,0,1,0,-14.14248735899838,10.7920663371825,-14.141260943611647,10.806243314005343,-14.150749482207578,10.815898710487685,-14.142814347670933,10.789851866254503,0.025223891398466654,2.017911311877332,0.17907858534931512,1,8.144599996739998,20.694599981652573
3534,117.79999999999588,TRACKING,1,0,1,0,-14.142414912082568,10.849006448481916,-14.143719924769517,10.859156487702478,-14.1447187087218,10.871357054610614,-14.1471318992704,10.840473607496032,0.022469024751313977,1.797521980105118,0.7799870498229905,1,9.49989998480305,24.217700003646314
3535,117.83333333332921,TRACKING,1,0,1,0,-14.14198724858247,10.905681730730386,-14.147216196472252,10.910345366444794,-14.145036641135095,10.905895830430115,-14.153221188403608,10.901295461711902,0.003056899347610753,0.24455194780886028,0.9647905797465337,1,9.799000021303073,19.888699986040592
3536,117.86666666666254,TRACKING,1,0,1,0,-14.141204378702529,10.962090081430812,-14.152011733212047,10.965645108612796,-14.14032289084111,10.958568140576428,-14.160717620863805,10.96223080145388,0.003630576845572362,0.29044614764578897,1.5610999645521413,1,8.88969999505207,21.13060001283884
3537,117.89999999999587,TRACKING,1,0,1,0,-14.14006632112273,11.018229407988537,-14.158260431448996,11.023082043524367,-14.158943838516935,11.018112377017152,-14.155317451577233,11.020394435193166,0.0188778801568607,1.510230412548856,1.2323228744112524,1,9.109099977649748,20.795200020074844
3538,117.9333333333292,TRACKING,1,0,1,0,-14.138573102998162,11.074097627789047,-14.158872914975396,11.080601020988297,-14.161205423447443,11.08730561777477,-14.151502558387527,11.0690649790769,0.02620444482109686,2.096355585687749,1.109950253949664,1,8.943099994212389,20.03139999578707
3539,117.96666666666253,TRACKING,1,0,1,0,-14.136724759958366,11.129692668275014,-14.157431980024885,11.13359625695422,-14.157440282489489,11.13173844268593,-14.151868920776238,11.124145115457118,0.020816293298227494,1.6653034638581994,1.2902612427440867,0,7.386700017377734,19.547499978216365
3540,117.99999999999586,TRACKING,1,0,1,0,-14.134521336106488,11.185012467023444,-14.156600904411873,11.187480392388085,-14.155611805030968,11.180629522996401,-14.147845356786002,11.181811155503151,0.021541078844818196,1.7232863075854556,1.0962566780255845,1,7.520899991504848,21.118200005730614
3541,118.0333333333292,TRACKING,1,0,1,0,-14.131962884018224,11.240054971821953,-14.153845607295777,11.242746469121387,-14.153536899425827,11.23989864331318,-14.144548578450136,11.238162879640273,0.02157458178992501,1.7259665431940008,1.0181700200888268,1,9.718699991935864,19.10669999779202
3542,118.06666666666253,TRACKING,1,0,1,0,-14.129049464740564,11.294818140745006,-14.1504732076691,11.298211969566715,-14.153306221551915,11.303085454001977,-14.137082690379682,11.292671943439911,0.02562691396742677,2.0501531173941414,0.6651983261139157,1,7.6741000229958445,21.030599978985265
3543,118.09999999999586,TRACKING,1,0,1,0,-14.125781147790347,11.34929994222975,-14.14461066027324,11.353037616875165,-14.140654915185644,11.359256829451484,-14.133862748680187,11.345742701224136,0.01789884241161204,1.4319073929289632,0.7063879342783159,1,7.681299990508705,22.134900005767122
3544,118.13333333332919,TRACKING,1,0,1,0,-14.122158011152578,11.403498355151198,-14.139471547271514,11.406842377237416,-14.13826538537174,11.39951928390189,-14.130016005387928,11.402943779087522,0.01659157955841457,1.3273263646731657,0.630203157152054,1,9.477599989622831,24.207300011767074
3545,118.16666666666252,TRACKING,1,0,1,0,-14.1181801412786,11.457411368897297,-14.134261698989723,11.462137726598371,-14.133535697365199,11.450917229118117,-14.12935577874999,11.46188615590145,0.016672340993399967,1.3337872794719972,0.9630571044317592,1,8.567200013203546,19.216899992898107
3546,118.19999999999585,TRACKING,1,0,1,0,-14.113847633084,11.511036983443617,-14.130729479869354,11.519035520751949,-14.137992018301565,11.520059477897275,-14.123020129031815,11.518669345858015,0.02577511869420809,2.062009495536647,0.9546103303439769,1,8.476999995764345,21.110800007591024
3547,118.23333333332918,TRACKING,1,0,1,0,-14.109160589946356,11.564373209427316,-14.125271477553934,11.575807914927843,-14.137839136123048,11.581027669221644,-14.113646622556189,11.567248065932715,0.03316368558905312,2.6530948471242493,0.4262527963778651,1,7.882700010668486,18.203799991169944
3548,118.26666666666252,TRACKING,1,0,1,0,-14.104119123702791,11.617418068221202,-14.117454257389007,11.628512424465095,-14.11708264590969,11.634606413434375,-14.111226027489682,11.616699215978922,0.021528867113156772,1.7223093690525417,0.5714533330789763,1,7.732199999736622,26.04960001190193
3549,118.29999999999585,TRACKING,1,0,1,0,-14.098723354647264,11.670169592006905,-14.11181729042757,11.67953148399021,-14.100019952676861,11.678522069865803,-14.109272475478956,11.670906891339046,0.008452517544124476,0.6762014035299581,0.8459884089109312,1,9.900800010655075,23.618599982000887
3550,118.33333333332918,TRACKING,1,0,1,0,-14.092973411527726,11.722625823847986,-14.10742435977936,11.731772437921547,-14.107432593591353,11.735096355110889,-14.103584238128128,11.722098095570784,0.0190940329927477,1.5275226394198163,0.8499153398906888,1,8.235799992689863,21.782900003017858
3551,118.36666666666251,TRACKING,1,0,1,0,-14.086869431543061,11.774784817762608,-14.102009382259295,11.783025672530899,-14.108506301005429,11.792375640061938,-14.090688632109295,11.770558676386928,0.027885321394922596,2.2308257115938077,0.45569508326410685,1,11.419100017519668,21.17530000396073
3552,118.39999999999584,TRACKING,1,0,1,0,-14.080411560339764,11.826644638795555,-14.092576828479011,11.832514105768416,-14.09414400957837,11.832763262608056,-14.081993178644483,11.823522403465537,0.015033885706955678,1.2027108565564544,0.27999851334274517,1,9.145300020463765,22.98249999876134
3553,118.43333333332917,TRACKING,1,0,1,0,-14.073599952008527,11.878203363090105,-14.083118003877043,11.883315514126343,-14.08394930810739,11.874212494946462,-14.072849218494374,11.87890575451104,0.01109216841744795,0.887373473395836,0.0822466346535917,1,8.459100004984066,18.988600000739098
3554,118.4666666666625,TRACKING,1,0,1,0,-14.066434769080509,11.929459077959482,-14.073160843625631,11.935928581954917,-14.080058657570135,11.932115369404155,-14.060535379297288,11.930906572032049,0.013880425851421158,1.1104340681136926,0.48595004783276313,1,8.618699997896329,20.169800001895055
3555,118.49999999999584,TRACKING,1,0,1,0,-14.058916182523484,11.980409881957609,-14.061390348081938,11.987921587879725,-14.068890204087381,11.993229890324097,-14.052239485241255,11.976595873149813,0.01624295911076224,1.2994367288609794,0.6151419987454789,1,8.2717000041157,19.171300024027005
3556,118.53333333332917,TRACKING,1,0,1,0,-14.051044371737776,12.031053884949882,-14.050719100701626,12.036587308793225,-14.052475904774466,12.042841884358351,-14.0465309973597,12.02564406010113,0.011874603862411523,0.9499683089929218,0.5636268449014085,1,7.427400007145479,20.655499974964187
3557,118.5666666666625,TRACKING,1,0,1,0,-14.042819524551932,12.081389208183083,-14.041853233540033,12.08518623757021,-14.040035617343504,12.080900525575533,-14.040782523081974,12.078759896924142,0.0028264730736486977,0.22611784589189582,0.2660845301479094,1,7.89700000314042,20.67410000017844
3558,118.59999999999583,TRACKING,1,0,1,0,-14.034241837218294,12.131413984355161,-14.034049909144226,12.13557564295612,-14.036128909571639,12.12863681196612,-14.03272169774269,12.131603964995385,0.0033576373456961368,0.26861098765569097,0.1225571975906388,1,8.856500004185364,18.315000022994354
3559,118.63333333332916,TRACKING,1,0,1,0,-14.025311514408276,12.181126357684597,-14.025827678546769,12.186787263789219,-14.031652429898829,12.187689338518249,-14.024170727911724,12.181258280409116,0.009125783620117437,0.7300626896093949,0.0918711248987022,1,7.901200006017461,23.100799997337162
3560,118.6666666666625,TRACKING,1,0,1,0,-14.01602876920749,12.23052448397907,-14.017258629923187,12.236994603827503,-14.023365755789946,12.24210465268766,-14.015120200795447,12.230347616254297,0.013708817579593633,1.0967054063674908,0.07404987514592377,1,8.896699990145862,17.938400007551536
3561,118.69999999999582,TRACKING,1,0,1,0,-14.00639382311069,12.279606530703958,-14.008252390006428,12.286485989195029,-14.009696578336797,12.281569491372219,-14.00693997251703,12.28080668299197,0.0038420576087189033,0.30736460869751225,0.10548614129915102,0,9.816399979172274,26.89269999973476
3562,118.73333333332916,TRACKING,1,0,1,0,-13.996406906016434,12.328370677050408,-13.999448464081782,12.336239783898963,-13.993365854464445,12.331613970838706,-13.9991371570891,12.334358303610518,0.004446003726839086,0.35568029814712687,0.5264580074004156,1,8.637899998575449,20.965400006389245
3563,118.76666666666249,TRACKING,1,0,1,0,-13.986068256221659,12.376815114002717,-13.990917747201875,12.387568190908036,-14.00096195569564,12.380147135539598,-13.983381564775778,12.387530522357727,0.015261869202149555,1.2209495361719644,0.8837675246895322,1,8.404599997447804,21.77829999709502
3564,118.79999999999582,TRACKING,1,0,1,0,-13.975378120415936,12.424938044405511,-13.978779920158711,12.439601412819334,-13.985274614296864,12.443897196049589,-13.968112429893994,12.433705603304336,0.021386678615399366,1.7109342892319492,0.9109479820231263,1,7.891499990364537,18.59110000077635
3565,118.83333333332915,TRACKING,1,0,1,0,-13.96433675367562,12.472737683030516,-13.964922177583327,12.488770712386005,-13.96402013417098,12.487071280900333,-13.959002897511251,12.482289674480546,0.014337094398947316,1.1469675519157854,0.8752254557308163,1,8.48220000625588,25.42009999160655
3566,118.86666666666248,TRACKING,1,0,1,0,-13.952944419457772,12.520212256642578,-13.952902346596769,12.537637245815935,-13.946368330013247,12.526402245196746,-13.957693507191491,12.533151538875668,0.009031107943277116,0.7224886354621692,1.1026625493162956,1,8.793000015430152,22.045399993658066
3567,118.89999999999581,TRACKING,1,0,1,0,-13.94120138959383,12.567360004065675,-13.94566822411891,12.58726715435316,-13.94708967662326,12.582656817593712,-13.946547436929157,12.577937185679296,0.016390986189137455,1.3112788951309966,0.9481164249152747,1,8.825299999443814,22.949399979552254
3568,118.93333333332914,TRACKING,1,0,1,0,-13.929107944283174,12.614179176248053,-13.936181605341357,12.634220738339655,-13.947538823982176,12.64112471273285,-13.926917236729283,12.619921458852295,0.03264596855559101,2.6116774844472808,0.4916780025579809,1,9.665199992014095,22.00040000025183
3569,118.96666666666248,TRACKING,1,0,1,0,-13.9166643720864,12.660668036327193,-13.921630942168765,12.678440571532386,-13.92516555382516,12.67871191304933,-13.911251777878594,12.66635281810301,0.01994621713807176,1.5956973710457407,0.6279511822912547,1,10.227400023723021,20.04289999604225
3570,118.99999999999581,TRACKING,1,0,1,0,-13.903870969918437,12.706824859694335,-13.906300166479097,12.72330941745528,-13.903323542968693,12.718368440560555,-13.901743657236599,12.714772844904568,0.011556553789096428,0.9245243031277142,0.6582202823900988,1,8.884200011380017,23.80809999885969
3571,119.03333333332914,TRACKING,1,0,1,0,-13.890728043041513,12.75264793405828,-13.89330571373386,12.76935029770946,-13.895517352480052,12.774211683576759,-13.88814121503735,12.759639811663364,0.022089200487881336,1.7671360390305069,0.5964054007406898,1,9.204800007864833,20.295299997087568
3572,119.06666666666247,TRACKING,1,0,1,0,-13.877235905057793,12.798135559509001,-13.879443474826164,12.814307481302924,-13.8837314803139,12.815392899995109,-13.872109084726482,12.804060265571602,0.018439313939547668,1.4751451151638133,0.6267959343212692,1,9.12360000074841,22.67599999322556
3573,119.0999999999958,TRACKING,1,0,1,0,-13.863394877901973,12.843286048580783,-13.864127746780369,12.858612448636443,-13.866996773691982,12.86473675372562,-13.858264408177941,12.845477829756206,0.021751009275268112,1.740080742021449,0.4463227482270083,1,7.451499986927956,21.731100016040727
3574,119.13333333332913,TRACKING,1,0,1,0,-13.849205291833535,12.888097726314639,-13.849139742521249,12.901032961055579,-13.844412230764233,12.890555193336692,-13.848630037734136,12.895551822818334,0.0053863325722177694,0.4309066057774215,0.598100844822792,1,7.880999997723848,17.452500003855675
3575,119.16666666666246,TRACKING,1,0,1,0,-13.834667485428888,12.93256893032065,-13.836371827115668,12.94681262081438,-13.836999934408981,12.94223948713051,-13.834150806844951,12.942468209764678,0.00994786345189119,0.7958290761512953,0.7930203135660028,1,9.74460001452826,26.472800003830343
3576,119.1999999999958,TRACKING,1,0,1,0,-13.819781805573333,12.976698010839465,-13.822390215611975,12.99266555362654,-13.827289921297336,12.999335933000985,-13.817769833582416,12.979265660996836,0.023850520361536214,1.9080416289228972,0.260962631781724,1,7.825999986380339,19.48149999952875
3577,119.23333333332913,TRACKING,1,0,1,0,-13.80454860745271,13.020483330803568,-13.807018368870636,13.033752678962292,-13.808107495685213,13.039403713419844,-13.805222913512221,13.016565546283882,0.019252183351446822,1.540174668115746,0.3180311854352289,1,7.7120999922044575,21.476200025063008
3578,119.26666666666246,TRACKING,1,0,1,0,-13.788968254544967,13.063923265898094,-13.792791979957876,13.072649118597278,-13.792428801292512,13.06880496725998,-13.792415821809346,13.061990790973066,0.005983844247521509,0.4787075398017207,0.3161789809917383,1,9.477500017965212,21.120699995663017
3579,119.29999999999579,TRACKING,1,0,1,0,-13.77304111861151,13.107016204620923,-13.778953333857755,13.114169855062629,-13.772423118217965,13.106007143830324,-13.78069510962157,13.112291753772503,0.0011832701152082765,0.09466160921666211,0.7436773374859192,1,7.935800007544458,18.1942000053823
3580,119.33333333332912,TRACKING,1,0,1,0,-13.756767579688255,13.149760548342558,-13.76597231842696,13.159391622248824,-13.7685019321131,13.159908862791921,-13.759452280523167,13.15503902872116,0.015513971541601966,1.2411177233281574,0.47375925484749937,1,7.79630002216436,24.04479999677278
3581,119.36666666666245,TRACKING,1,0,1,0,-13.74014802607666,13.192154711365484,-13.748705917118789,13.202996266727567,-13.757537867614909,13.208500094740634,-13.736474044997859,13.1921945586863,0.02386583638605639,1.9092669108845113,0.2939357728632999,1,7.04799999948591,20.890999992843717
3582,119.39999999999579,TRACKING,1,0,1,0,-13.723182854334372,13.234197120982829,-13.728408276480494,13.24326685955654,-13.732173549584427,13.239279639431736,-13.717426369178755,13.234655709379455,0.01032785528862838,0.8262284230902704,0.4619778326412283,1,9.03770001605153,19.513699982780963
3583,119.43333333332912,TRACKING,1,0,1,0,-13.705872469265797,13.275886217536902,-13.70821256764515,13.284378165904398,-13.70447655996476,13.273599172921628,-13.702373603919847,13.282896383987094,0.0026793909473936334,0.2143512757914907,0.6267860489499447,1,8.782400022028014,20.817299984628335
3584,119.46666666666245,TRACKING,1,0,1,0,-13.688217283912484,13.317220454476885,-13.689886549648783,13.328609696140353,-13.687122780587805,13.325418161730962,-13.68718287716617,13.324926193584279,0.008270449912264517,0.6616359929811614,0.6219886173005249,1,8.88660000055097,19.546099996659905
3585,119.49999999999578,TRACKING,1,0,1,0,-13.670217719543182,13.358198298416275,-13.672528298256248,13.371435338764668,-13.679362348643142,13.381628672489203,-13.670624392801992,13.368381837367018,0.02515167331557098,2.012133865245678,0.8153324669634505,0,7.113700004993007,23.93699999083765
3586,119.53333333332911,TRACKING,1,0,1,0,-13.651874205643884,13.398818229189835,-13.65518550743247,13.414505871282246,-13.65540143101238,13.416938638748846,-13.65005055831119,13.404038204398526,0.018460513573203916,1.4768410858563132,0.4423488633982234,1,8.494400011841208,20.719199994346127
3587,119.56666666666244,TRACKING,1,0,1,0,-13.633187179907495,13.439078739909856,-13.636059570158576,13.453912148333652,-13.622281107952404,13.44440776461722,-13.634917467153555,13.449208175070588,0.01213840639545855,0.9710725116366841,0.8220923573588234,1,6.889000011142343,20.824799983529374
3588,119.59999999999577,TRACKING,1,0,1,0,-13.614157088223422,13.478978337022124,-13.618598311375811,13.495902716588576,-13.607272958363257,13.488637878896743,-13.61733055140018,13.490502370096742,0.011861618488179865,0.9489294790543892,0.9562399927687856,1,9.439600020414218,20.491500006755814
3589,119.6333333333291,TRACKING,1,0,1,0,-13.594784384666982,13.518515540361395,-13.60074108044663,13.537153468719573,-13.604870595895965,13.539106478051547,-13.591570138413436,13.525777672353366,0.02292854927629282,1.8342839421034256,0.6353326815946504,1,13.681300013558939,22.91719999630004
3590,119.66666666666244,TRACKING,1,0,1,0,-13.575069531488463,13.557688883206172,-13.578770957141927,13.575237831147552,-13.581193831066509,13.586274640366282,-13.569588739915666,13.554359687704444,0.029234441293420427,2.338755303473634,0.5130153616610943,1,7.552000024588779,19.203699979698285
3591,119.69999999999577,TRACKING,1,0,1,0,-13.555012999102214,13.596496912333171,-13.556491938468694,13.608247959499977,-13.54625743754924,13.602713280939392,-13.554678920800164,13.592197641799407,0.010737927954513667,0.8590342363610933,0.3449784729227343,1,8.932299999287352,16.10059998347424
3592,119.7333333333291,TRACKING,1,0,1,0,-13.534615266075317,13.634938188071324,-13.537332998451856,13.64303857464275,-13.525210204500999,13.637921075884975,-13.537634228270951,13.6338871952551,0.0098667524001338,0.789340192010704,0.2557338446234641,1,7.271600014064461,23.379199992632493
3593,119.76666666666243,TRACKING,1,0,1,0,-13.513876819116206,13.673011284355008,-13.518739802548502,13.68037468184403,-13.524543877219786,13.676066556905614,-13.515449866128417,13.674262940596766,0.011095982108116683,0.8876785686493346,0.16082030220409035,1,9.884800005238503,19.429099978879094
3594,119.79999999999576,TRACKING,1,0,1,0,-13.492798153063113,13.710714788777127,-13.498126513616894,13.718568082899571,-13.505045803483734,13.722722398073007,-13.49292111695361,13.711947525938914,0.017151898490494828,1.3721518792395861,0.09910837796007131,1,8.690100017702207,22.53049999126233
3595,119.8333333333291,TRACKING,1,0,1,0,-13.47137977087214,13.748047302641373,-13.476368406709495,13.756114978803833,-13.470659731611828,13.75089112978225,-13.476609894322642,13.751819607301911,0.002933565977369387,0.23468527818955096,0.5158881972484376,1,8.076599973719567,19.005300011485815
3596,119.86666666666243,TRACKING,1,0,1,0,-13.449622183605387,13.785007441014159,-13.457017398800007,13.794542669875932,-13.449751813359615,13.778761227115082,-13.461417380191449,13.797217764487552,0.006247558878970666,0.4998047103176533,1.3581603129616402,1,8.261199982371181,19.82069999212399
3597,119.89999999999576,TRACKING,1,0,1,0,-13.42752591041865,13.821593832776074,-13.439424378205969,13.836197277633802,-13.436817385121564,13.831966233306886,-13.441740897972158,13.83720481038299,0.013925451336545458,1.1140361069236366,1.6890584226533876,1,6.697300006635487,21.162099990760908
3598,119.93333333332909,TRACKING,1,0,1,0,-13.40509147854908,13.857805120672605,-13.420697246898976,13.876904894286502,-13.432664952588716,13.87625562677092,-13.413877361411283,13.873367981616191,0.03317706505853782,2.654165204683025,1.4297286532323155,1,4.457700008060783,16.230400011409074
3599,119.96666666666242,TRACKING,1,0,1,0,-13.382319423302647,13.893639961364572,-13.397412140669644,13.915447139578557,-13.401174348424034,13.914458219257067,-13.390261733615107,13.908288301764701,0.02808750724096992,2.2470005792775933,1.3330366406425977,1,2.9946000140625983,9.161599999060854
