frame,t,state,locked,false_lock,beacon_in_fov,beacon_occluded,beacon_az,beacon_el,cam_az,cam_el,los_az,los_el,est_az,est_el,err_deg,err_px,est_err_px,num_detections,proc_ms,render_ms
0,0.0,SEARCH,0,0,0,0,-15.00286070957858,3.210436796008473,-16.42609878637226,-2.331375970917523,-16.416510325957926,-2.3065822331427315,nan,nan,5.6952527780517315,455.6202222441385,nan,0,3.998700005467981,25.35899996291846
1,0.03333333333333333,SEARCH,0,0,0,0,-15.151318626916991,3.1725219670830924,-16.400986855188286,-2.327151460588245,-16.41857454238834,-2.317926142781313,nan,nan,5.6347988431186025,450.78390744948825,nan,0,1.9898000173270702,10.285700031090528
2,0.06666666666666667,SEARCH,0,0,0,0,-15.299992382677713,3.1354625307557513,-16.35788297934028,-2.311332473582561,-16.368289797803616,-2.351427269803857,nan,nan,5.589921202543891,447.1936962035113,nan,0,2.1588000236079097,11.125999968498945
3,0.1,SEARCH,0,0,0,1,-15.448908720883066,3.0993902188197513,-16.304483771452546,-2.2787157597791436,-16.28842606475532,-2.305233481165713,nan,nan,5.469437513045276,437.5550010436221,nan,0,2.3488999577239156,10.68669999949634
4,0.13333333333333333,SEARCH,0,0,0,1,-15.598227249716969,3.065020691331313,-16.248756955386504,-2.2262611710837406,-16.23072542125446,-2.2006997838462588,nan,nan,5.303571066715575,424.28568533724604,nan,0,2.2726000170223415,12.262500007636845
5,0.16666666666666666,SEARCH,0,0,0,1,-15.747828284184893,3.0319024492429114,-16.19861113563059,-2.153041887091814,-16.19611337528386,-2.127507028022316,nan,nan,5.178847910201251,414.3078328161,nan,0,2.23569996887818,11.374900001101196
6,0.19999999999999998,SEARCH,0,0,0,1,-15.897738051993272,3.0002109836955935,-16.161556554345776,-2.060141407824397,-16.17245332019034,-2.0930597865266294,nan,nan,5.100674035593792,408.0539228475033,nan,0,2.4171999539248645,11.38610002817586
7,0.2333333333333333,SEARCH,0,0,0,1,-16.048009377160003,2.9702807931593833,-16.144372380556298,-1.9504940014918508,-16.127185757793463,-1.9616033602851533,nan,nan,4.9325196606042585,394.60157284834065,nan,0,2.349100017454475,12.715900025796145
8,0.26666666666666666,SEARCH,0,0,0,1,-16.198611414721103,2.9420617613662134,-16.152795456801588,-1.8286688320101574,-16.150722836147555,-1.8081005074303471,nan,nan,4.750403656096635,380.03229248773084,nan,0,2.5114999734796584,12.34319998184219
9,0.3,SEARCH,0,0,0,1,-16.349543037346262,2.9156622771925407,-16.191244350275223,-1.7006012485201467,-16.211828965339162,-1.6583030675035204,nan,nan,4.576038039626565,366.0830431701252,nan,0,2.6920000091195107,12.70479999948293
10,0.3333333333333333,SEARCH,0,0,0,1,-16.500881057324236,2.8917020772341657,-16.26259103883348,-1.5732776380088989,-16.277150850222547,-1.5777072607096436,nan,nan,4.475005590574059,358.00044724592476,nan,0,2.458399976603687,11.675800022203475
11,0.36666666666666664,SEARCH,0,0,0,1,-16.652628784845543,2.870490885258751,-16.367990646188936,-1.4543827633958863,-16.378973591753677,-1.468622886281966,nan,nan,4.347734523528369,347.8187618822695,nan,0,2.3892000317573547,11.225299967918545
12,0.39999999999999997,SEARCH,0,0,0,1,-16.804707687597762,2.8518014548078097,-16.506777380315583,-1.3519205788777209,-16.51285090436332,-1.3490252809323833,nan,nan,4.210953056687947,336.87624453503577,nan,0,2.4237000034190714,12.835600005928427
13,0.4333333333333333,SEARCH,0,0,0,0,-16.957101112043425,2.8358787773123724,-16.67643229374648,-1.2738210859022685,-16.665957537014144,-1.2495876821985332,nan,nan,4.095827239162976,327.6661791330381,nan,0,2.7178999735042453,11.41140004619956
14,0.4666666666666666,SEARCH,0,0,0,0,-17.109728286601328,2.822379404757669,-16.872625754497264,-1.2275468320220193,-16.894335383000698,-1.2148351954790957,nan,nan,4.0429563231979655,323.43650585583725,nan,0,2.4929000064730644,11.847499990835786
15,0.49999999999999994,SEARCH,0,0,0,0,-17.262539547193576,2.8111541604793997,-17.0893346805702,-1.2197131397124403,-17.113842094643672,-1.2329934718083764,nan,nan,4.046880403982017,323.7504323185614,nan,0,2.701499965041876,12.978000042494386
16,0.5333333333333333,SEARCH,0,0,0,0,-17.415492852307413,2.802067140745002,-17.319031743276998,-1.255736076847014,-17.315888571267323,-1.2597623620950043,nan,nan,4.06305056859289,325.04404548743116,nan,0,2.737100003287196,12.545400008093566
17,0.5666666666666667,SEARCH,0,0,0,0,-17.568553490323964,2.7950152925571135,-17.55294098066069,-1.3395215548601946,-17.554030542912468,-1.3221038400688143,nan,nan,4.117144747059057,329.3715797647246,nan,0,2.610999974422157,12.694200035184622
18,0.6,SEARCH,0,0,0,0,-17.721676509976,2.7894810061946926,-17.781351676241606,-1.4732077911381993,-17.802961659518488,-1.4454251120637815,nan,nan,4.235686143471822,338.85489147774575,nan,0,2.861800021491945,11.274299991782755
19,0.6333333333333333,SEARCH,0,0,0,0,-17.874837218288828,2.7851123791779338,-17.993980039468745,-1.6569717414316374,-18.015807066479876,-1.681899547704722,nan,nan,4.469235734777357,357.5388587821885,nan,0,2.320999978110194,11.41879998613149
20,0.6666666666666666,SEARCH,0,0,0,0,-18.028026163815582,2.7818821405952714,-18.18029591281034,-1.8882100130668154,-18.1690741978525,-1.901587694163743,nan,nan,4.685593264572087,374.847461165767,nan,0,2.5301999994553626,11.995400011073798
21,0.7,SEARCH,0,0,0,0,-18.181228861697498,2.779387980495883,-18.330683572595326,-2.1584222615119635,-18.333565481941754,-2.1221778833246163,nan,nan,4.903932540649172,392.31460325193376,nan,0,2.698299998883158,11.631800036411732
22,0.7333333333333333,SEARCH,0,0,0,0,-18.33443705751067,2.777258142809053,-18.438361581492686,-2.4584304192834754,-18.421206909038453,-2.4378745486469553,nan,nan,5.215854483843212,417.2683587074569,nan,0,2.341600018553436,11.825499997939914
23,0.7666666666666666,SEARCH,0,0,0,0,-18.487643977872672,2.7750384522696963,-18.499012365459954,-2.778904162209488,-18.50206116947605,-2.790951185524574,nan,nan,5.566008309681807,445.28066477454456,nan,0,2.5356000405736268,13.007599976845086
24,0.7999999999999999,SEARCH,0,0,0,0,-18.640854544881247,2.7730866249693906,-18.5104199146429,-3.1107375341641115,-18.509634995939443,-3.135566950568804,nan,nan,5.910110459690646,472.8088367752517,nan,0,2.3962000268511474,11.966300022322685
25,0.8333333333333333,SEARCH,0,0,0,0,-18.794073983379473,2.772042048889015,-18.472129564846107,-3.44531242704724,-18.453187182483674,-3.43099580587799,nan,nan,6.21239747912973,496.99179833037834,nan,0,2.407899999525398,12.719299993477762
26,0.8666666666666666,SEARCH,0,0,0,0,-18.947296501507,2.7724259910181317,-18.38513682375081,-3.774675997687754,-18.396546067815017,-3.743869683691602,nan,nan,6.539528680298963,523.162294423917,nan,0,2.6566999731585383,12.464200030080974
27,0.8999999999999999,SEARCH,0,0,0,0,-19.10050760101635,2.7743355616599206,-18.251607997044804,-4.091652761417508,-18.273228648160295,-4.082919045500778,nan,nan,6.906976995275518,552.5581596220414,nan,0,2.8552000294439495,12.021399976219982
28,0.9333333333333332,SEARCH,0,0,0,0,-19.253697140526153,2.777537507579771,-18.074632855160004,-4.3899073385165135,-18.079464474873355,-4.380955605567726,nan,nan,7.254160599550179,580.3328479640144,nan,0,2.609899966046214,12.12410000152886
29,0.9666666666666666,SEARCH,0,0,0,0,-19.406841327367932,2.782451315621324,-17.858008118256603,-4.663970202931275,-17.82103805229391,-4.674897324312161,nan,nan,7.624094750509944,609.9275800407955,nan,0,2.6870000292547047,14.169799978844821
30,0.9999999999999999,SEARCH,0,0,0,0,-19.559901406189702,2.7895152907042573,-17.60604973291525,-4.909235995613096,-17.56355498650174,-4.9000375199698905,nan,nan,7.944471124974124,635.5576899979299,nan,0,2.8784999740310013,13.364500016905367
31,1.0333333333333332,SEARCH,0,0,0,0,-19.712851766762903,2.7986517382320253,-17.3234315232645,-5.121941809252389,-17.329187649526933,-5.10557735426792,nan,nan,8.255827770158534,660.4662216126827,nan,0,2.4972999817691743,12.978599988855422
32,1.0666666666666667,SEARCH,0,0,0,0,-19.865676829945578,2.8096874772698093,-17.015047665895114,-5.299131176531773,-17.03887420484143,-5.320597454986474,nan,nan,8.607691105108804,688.6152884087044,nan,0,2.8028999804519117,12.688400049228221
33,1.1,SEARCH,0,0,0,0,-20.018376407717064,2.822341584164789,-16.685896461555245,-5.438608188968361,-16.678350734184377,-5.462147141093994,nan,nan,8.932442271786444,714.5953817429155,nan,0,2.4759999942034483,13.164200005121529
34,1.1333333333333335,SEARCH,0,0,0,0,-20.17098859282879,2.836009372146848,-16.34098299244822,-5.5388851543078035,-16.30526711925348,-5.528493243781409,nan,nan,9.214592043228606,737.1673634582886,nan,0,2.632899966556579,12.908000033348799
35,1.166666666666667,SEARCH,0,0,0,0,-20.323470881599487,2.851057265160482,-15.985238420103464,-5.599126403635529,-15.984832960115211,-5.577816089033003,nan,nan,9.479962290788626,758.3969832630901,nan,0,2.469700004439801,12.26029999088496
36,1.2000000000000004,SEARCH,0,0,0,0,-20.475795166592473,2.867628314441518,-15.623453868419446,-5.619090236043426,-15.642343929611028,-5.637879476226017,nan,nan,9.78293992812915,782.635194250332,nan,0,2.577600011136383,12.459199992008507
37,1.2333333333333338,SEARCH,0,0,0,0,-20.62794633855686,2.885719979449553,-15.260227032636777,-5.599070501090625,-15.246532304157162,-5.63531433940421,nan,nan,10.078077340084151,806.2461872067322,nan,0,2.4277999764308333,13.385300000663847
38,1.2666666666666673,SEARCH,0,0,0,0,-20.779940046301654,2.905090066669003,-14.899919847273864,-5.539838938108945,-14.892578652713722,-5.5298272022199875,nan,nan,10.286343058235582,822.9074446588467,nan,0,2.703700040001422,12.849699996877462
39,1.3000000000000007,SEARCH,0,0,0,0,-20.931829235307095,2.9252633593146817,-14.546625728341278,-5.442589093764895,-14.549038965601243,-5.424741737548965,nan,nan,10.510118778810284,840.8095023048228,nan,0,2.41499999538064,12.176799995359033
40,1.3333333333333341,SEARCH,0,0,0,0,-21.083682513836195,2.9457052103283075,-14.204145074163206,-5.308882407317639,-14.213711574628451,-5.304071375804929,nan,nan,10.735702791465078,858.8562233172063,nan,0,2.478299953509122,13.404500030446798
41,1.3666666666666676,SEARCH,0,0,0,0,-21.235472528028264,2.966611646286426,-13.875967863425528,-5.14059687268345,-13.87192061489217,-5.165464056504338,nan,nan,10.97053107253109,877.6424858024872,nan,0,2.108599990606308,12.467199994716793
42,1.400000000000001,SEARCH,0,0,0,0,-21.38715477208306,2.9882861546176525,-13.565262328353356,-4.9398785467165185,-13.549800620854251,-4.92387536811282,nan,nan,11.136714957902086,890.9371966321669,nan,0,2.292599994689226,14.077800035011023
43,1.4333333333333345,SEARCH,0,0,0,0,-21.538717385727455,3.0107819679654653,-13.274868805624527,-4.709096065377336,-13.2830535327306,-4.683000449474799,nan,nan,11.284957843988247,902.7966275190596,nan,0,2.2336000110954046,12.737899960484356
44,1.466666666666668,SEARCH,0,0,0,0,-21.69016505671274,3.034039019068998,-13.007297978593732,-4.450798246858239,-13.036514233256858,-4.433409281038,nan,nan,11.430155584639675,914.412446771174,nan,0,2.2662999690510333,13.22490000165999
45,1.5000000000000013,SEARCH,0,0,0,0,-21.84158415208211,3.057481395877272,-12.764732822697441,-4.167674797890907,-12.781474163562974,-4.19109559065072,nan,nan,11.602907451741888,928.2325961393511,nan,0,2.5491000269539654,11.81729999370873
46,1.5333333333333348,SEARCH,0,0,0,0,-21.99286733132035,3.081785452173892,-12.549033652685052,-3.862520092129522,-12.571480426770297,-3.862746404673172,nan,nan,11.7042323078445,936.33858462756,nan,0,2.293099998496473,13.217899948358536
47,1.5666666666666682,SEARCH,0,0,0,0,-22.144000979591535,3.107002665206682,-12.36174574673682,-3.5381999543376157,-12.37605742041186,-3.501878637511944,nan,nan,11.793643773183229,943.4915018546584,nan,0,2.1148999803699553,12.018000008538365
48,1.6000000000000016,SEARCH,0,0,0,0,-22.294885582529755,3.1336695748340566,-12.204109089702351,-3.1976213584639472,-12.19941269002469,-3.1855030965820914,nan,nan,11.910101434264835,952.8081147411867,nan,0,2.2045999648980796,12.11970002623275
49,1.633333333333335,SEARCH,0,0,0,0,-22.445460630956347,3.1620322662477456,-12.07706983667139,-2.8437049294875805,-12.078037962057802,-2.8533789366722817,nan,nan,11.98618474477209,958.8947795817672,nan,0,2.218900015577674,12.316100008320063
50,1.6666666666666685,SEARCH,0,0,0,0,-22.595498536911062,3.1931114272663907,-11.981293149832435,-2.4793601264987215,-11.970385902172488,-2.4806848108635,nan,nan,12.045122757892432,963.6098206313944,nan,0,2.4989000521600246,11.841199942864478
51,1.700000000000002,SEARCH,0,0,0,0,-22.744874924243355,3.227228613264834,-11.917177106953908,-2.1074629765615307,-11.90289054765929,-2.0866574957014454,nan,nan,12.074187790537207,965.9350232429765,nan,0,2.336599980480969,13.153999985661358
52,1.7333333333333354,SEARCH,0,0,0,0,-22.89332775104498,3.2651633689317268,-11.884867419616068,-1.730836224454158,-11.88720407817046,-1.7050962911879468,nan,nan,12.076350416894245,966.1080333515396,nan,0,2.2645999561063945,11.948400002438575
53,1.7666666666666688,SEARCH,0,0,0,0,-23.040696327893805,3.30711322030752,-11.884272734221353,-1.3522317615929085,-11.897329148939777,-1.336763136390866,nan,nan,12.072291402268757,965.7833121815005,nan,0,2.36470001982525,12.757199991028756
54,1.8000000000000023,SEARCH,0,0,0,0,-23.187018119154466,3.3525799210364178,-11.915080319427107,-0.9743151976866097,-11.912184826526142,-0.9804189875183527,nan,nan,12.078772508748433,966.3018006998745,nan,0,2.605999994557351,13.329100038390607
55,1.8333333333333357,SEARCH,0,0,0,0,-23.33210556968261,3.4018436924322653,-11.976771970514818,-0.5996524404345045,-11.944515854667904,-0.5905733684378827,nan,nan,12.06717007029551,965.3736056236409,nan,0,2.4923000019043684,11.941400007344782
56,1.8666666666666691,SEARCH,0,0,0,0,-23.475754562644166,3.455156489151537,-12.068639984804062,-0.23069815148424305,-12.047795277384218,-0.2015467654951749,nan,nan,11.998738771975283,959.8991017580227,nan,0,2.219799964223057,11.485700029879808
57,1.9000000000000026,ACQUIRING,0,0,0,0,-23.617732911358654,3.5127710356585315,-12.189803082948208,0.130214049401506,-12.180278359482397,0.15896506425328502,-10.84037126476639,-0.007854132416675652,11.919034403846162,953.5227523076928,1060.2815391301058,1,2.5480000185780227,11.432699975557625
58,1.933333333333336,ACQUIRING,0,0,0,0,-23.75797655991164,3.5744881849239154,-12.222077292203466,0.4022373613983662,-12.21277981660936,0.3941581705899121,-10.84037126476639,-0.007854132416675652,11.975227214613978,958.0181771691183,1072.410975071848,0,2.7537999558262527,10.897600033786148
59,1.9666666666666694,ACQUIRING,0,0,0,0,-23.896420625664504,3.640142797333981,-12.165462612569835,0.5853717845063375,-12.164076229329302,0.5780983756619877,-10.84037126476639,-0.007854132416675652,12.125346224933562,970.027697994685,1084.4893552670496,0,2.6094000204466283,11.935499962419271
60,2.0000000000000027,ACQUIRING,0,0,0,0,-24.032635842376074,3.7103047685799435,-12.019959044047315,0.67961731872542,-11.995701534672248,0.6997440030740448,-10.84037126476639,-0.007854132416675652,12.407709847138626,992.6167877710901,1096.4978440068999,0,2.812199993059039,12.592500017490238
61,2.033333333333336,ACQUIRING,0,0,0,0,-24.16670622788736,3.7844830619126615,-11.827727472052896,0.6849739640556135,-11.823641199141937,0.6875017233415409,-10.84037126476639,-0.007854132416675652,12.725664922325121,1018.0531937860096,1108.434643831869,0,2.1665000240318477,11.113999993540347
62,2.066666666666669,SEARCH,0,0,0,0,-24.298605058612296,3.8624573264253463,-11.669322364338205,0.6014417204969181,-11.677743414027443,0.5665566266364361,nan,nan,13.04412166742637,1043.5297333941096,nan,0,2.469099999871105,11.547099973540753
63,2.1000000000000023,SEARCH,0,0,0,0,-24.428347152121784,3.9439697588800016,-11.599806145512403,0.6067983658271117,-11.592190470105153,0.6011176140922191,nan,nan,13.26429714787755,1061.1437718302038,nan,0,2.2214000346139073,13.612099981401116
64,2.1333333333333355,SEARCH,0,0,0,0,-24.55595718001778,4.028781127535874,-11.61917881557549,0.7010439000461941,-11.63151322613963,0.7316037575315943,nan,nan,13.3383893377801,1067.0711470224078,nan,0,2.087000000756234,13.826799986418337
65,2.1666666666666687,SEARCH,0,0,0,0,-24.68123411438454,4.117002310868254,-11.727440374527465,0.8841783231541654,-11.738047139610847,0.8906407996724415,nan,nan,13.339246517883877,1067.13972143071,nan,0,2.694699971470982,13.918399985413998
66,2.200000000000002,SEARCH,0,0,0,0,-24.804260489498375,4.208335757640231,-11.924590822368328,1.1562016351510256,-11.956321443598098,1.1605199666295691,nan,nan,13.204496159380822,1056.359692750466,nan,0,2.957399992737919,12.484400009270757
67,2.233333333333335,SEARCH,0,0,0,0,-24.924999104295264,4.302672783085324,-12.210630159098082,1.505670557387936,-12.202814297802483,1.4912373543014517,nan,nan,13.029127193360916,1042.3301754688732,nan,0,2.2960000205785036,15.928999986499548
68,2.2666666666666684,SEARCH,0,0,0,0,-25.043242447860692,4.40011917437493,-12.585558384716725,1.8241871774512717,-12.578264969900541,1.8559961239673828,nan,nan,12.721958403550484,1017.7566722840387,nan,0,2.0200000144541264,11.385900026652962
69,2.3000000000000016,SEARCH,0,0,0,0,-25.158870002972716,4.50065551592223,-13.049375499224256,2.1127791210040896,-13.049592525848219,2.126496143436637,nan,nan,12.339823083981221,987.1858467184976,nan,0,1.9203999545425177,11.856299999635667
70,2.333333333333335,SEARCH,0,0,0,0,-25.271523479111803,4.6045135044771754,-13.498495751179194,2.372151946021589,-13.525484119104693,2.3481033568729193,nan,nan,11.960803794103793,956.8643035283035,nan,0,2.7860000263899565,15.340299985837191
71,2.366666666666668,SEARCH,0,0,0,0,-25.38096895370914,4.711746780856585,-13.935435918629516,2.6027826464860855,-13.936212140273035,2.569538278434829,nan,nan,11.643518187667343,931.4814550133873,nan,0,2.56759999319911,13.698299997486174
72,2.4000000000000012,SEARCH,0,0,0,0,-25.487145396974306,4.822217819452491,-14.364027907145163,2.804993525992465,-14.35098275804331,2.79487566858584,nan,nan,11.319197609256726,905.5358087405381,nan,0,3.2303999760188162,17.10509997792542
73,2.4333333333333345,SEARCH,0,0,0,0,-25.589991273854867,4.935796043956871,-14.786951572048448,2.9790102943082575,-14.77531277531311,3.0111707825160643,nan,nan,10.984600740299918,878.7680592239934,nan,0,2.6322000194340944,15.670199994929135
74,2.4666666666666677,ACQUIRING,0,0,0,0,-25.689291130708472,5.052487200013156,-15.205970872643702,3.1250074797429086,-15.202995427076713,3.1184778801077524,-14.362220872643702,6.106363862721632,10.663151018038095,853.0520814430477,910.0792990550643,1,3.6917999968864024,16.816599993035197
75,2.500000000000001,ACQUIRING,0,0,0,0,-25.784337567384625,5.172668156691265,-15.536101284350067,3.3598935540664483,-15.548511594107364,3.3241760722943337,-14.362220872643702,6.106363862721632,10.401396845678734,832.1117476542986,916.817233554392,0,3.8528000004589558,17.713500012177974
76,2.533333333333334,ACQUIRING,0,0,0,0,-25.87475477989246,5.296369470973743,-15.777342807167543,3.683668517278877,-15.769716220948391,3.677476565113057,-14.362220872643702,6.106363862721632,10.233895569058367,818.7116455246693,923.2794693013478,0,2.731500018853694,12.63070001732558
77,2.5666666666666673,ACQUIRING,0,0,0,0,-25.960879503000626,5.423096814283863,-15.92969544109613,4.075790394490424,-15.938559878583277,4.114914294090726,-14.362220872643702,6.106363862721632,10.107335561863966,808.5868449491173,929.5013231036402,0,3.0291000148281455,13.128700025845319
78,2.6000000000000005,ACQUIRING,0,0,0,0,-26.042372468625636,5.552851136086799,-15.993159186135827,4.40026937617133,-15.985990499518758,4.428746256150509,-14.362220872643702,6.106363862721632,10.119013296249516,809.5210636999614,935.460759689824,0,2.6109000318683684,12.431100010871887
79,2.6333333333333337,SEARCH,0,0,0,0,-26.1105044915931,5.690092947934573,-15.967734042286637,4.674998502618923,-15.960887286496868,4.672684863873199,nan,nan,10.200482764041068,816.0386211232855,nan,0,3.0430000042542815,12.817599985282868
80,2.666666666666667,SEARCH,0,0,0,0,-26.164594819250983,5.833450975009314,-16.031197787326334,4.860838740177627,-16.01699453857041,4.853574984201313,nan,nan,10.19480006737898,815.5840053903183,nan,0,2.7886999887414277,14.164499996695668
81,2.7,SEARCH,0,0,0,0,-26.204102998925208,5.981492831292354,-16.18355042125492,4.957790088847442,-16.18105761814273,4.974583260119722,nan,nan,10.073495202249516,805.8796161799612,nan,0,3.1637000502087176,17.493499966803938
82,2.7333333333333334,SEARCH,0,0,0,0,-26.228634277944142,6.132739331491845,-16.424791944072396,4.9658525486283684,-16.418589795509543,4.974174671976705,nan,nan,9.878220731367716,790.2576585094173,nan,0,3.3481999998912215,20.85380000062287
83,2.7666666666666666,SEARCH,0,0,0,0,-26.23794354787679,6.2856792705732385,-16.75492235577876,4.885026119520406,-16.756949159732375,4.896447644706423,nan,nan,9.582234556633146,766.5787645306516,nan,0,3.169399977196008,19.195000000763685
84,2.8,SEARCH,0,0,0,0,-26.231937793575216,6.438784523220456,-17.173941656374012,4.715310801523555,-17.14875290671118,4.705513453502117,nan,nan,9.247079338368293,739.7663470694633,nan,0,3.382299968507141,21.425000042654574
85,2.833333333333333,SEARCH,0,0,0,0,-26.210677022551167,6.590525312358915,-17.592674873966644,4.456706594637814,-17.585804045931063,4.475221876921237,nan,nan,8.880480982852571,710.4384786282058,nan,0,3.6571999662555754,20.160500018391758
86,2.8666666666666663,SEARCH,0,0,0,0,-26.174373665400836,6.739385494182379,-18.002877558879504,4.206089055136088,-17.99670516266608,4.2282791931528685,nan,nan,8.554526111696092,684.3620889356873,nan,0,3.117399988695979,20.236599957570434
87,2.8999999999999995,SEARCH,0,0,0,0,-26.123390453268577,6.8838777069607024,-18.404205472928183,3.971192834020367,-18.413841489208814,3.981799190699589,nan,nan,8.237669873439897,659.0135898751917,nan,0,3.7856000126339495,17.454100016038865
88,2.9333333333333327,SEARCH,0,0,0,0,-26.058236793557207,7.022558232266579,-18.79610742209372,3.744333945478049,-18.805253742279014,3.7290998176062704,nan,nan,7.96571600493173,637.2572803945384,nan,0,3.4910000395029783,20.003999990876764
89,2.966666666666666,SEARCH,0,0,0,0,-25.979563680097623,7.154041420132841,-19.17788209577645,3.5195538906852954,-19.174361902063694,3.5143864084026655,nan,nan,7.7173738955792945,617.3899116463436,nan,0,3.6022000131197274,18.62970000365749
90,2.999999999999999,SEARCH,0,0,0,0,-25.888843701526813,7.277520863608307,-19.548723967552526,3.2922871448327458,-19.53761608441338,3.3253870394653187,nan,nan,7.480471509759226,598.437720780738,nan,0,3.689299977850169,17.944900027941912
91,3.0333333333333323,SEARCH,0,0,0,0,-25.787058458198995,7.392050561563011,-19.90776036272544,3.0590939172796725,-19.9153876420911,3.0781115439337294,nan,nan,7.2860543520177945,582.8843481614235,nan,0,2.990799956023693,16.253600013442338
92,3.0666666666666655,SEARCH,0,0,0,0,-25.675682825921903,7.497277725393351,-20.25408138095586,2.8174451498567876,-20.253920760598213,2.777301840574976,nan,nan,7.188440459950267,575.0752367960214,nan,0,3.9828000008128583,16.31380000617355
93,3.0999999999999988,SEARCH,0,0,0,0,-25.555227391134792,7.5919760659445314,-20.586764028617928,2.565549328538584,-20.593453365636925,2.5365195665054587,nan,nan,7.083561385195026,566.684910815602,nan,0,3.7320000119507313,18.557999981567264
94,3.133333333333332,SEARCH,0,0,0,0,-25.426467432556848,7.6750312315870435,-20.904891648582648,2.302212771537253,-20.901291001453494,2.28544610177624,nan,nan,7.037389402618774,562.9911522095019,nan,0,3.178599989041686,18.166800029575825
95,3.166666666666665,SEARCH,0,0,0,0,-25.290584261729173,7.745834136603124,-21.207569521520412,2.0267267268249967,-21.214534821051483,2.0415221430577555,nan,nan,7.010945325885407,560.8756260708326,nan,0,3.013900015503168,15.464199997950345
96,3.1999999999999984,SEARCH,0,0,0,0,-25.148745775414522,7.803792149620033,-21.493937341868236,1.7387759477636098,-21.50547910879244,1.715577915149905,nan,nan,7.095050709397662,567.604056751813,nan,0,3.0255000456236303,15.830799995455891
97,3.2333333333333316,SEARCH,0,0,0,0,-25.002125407333473,7.848286589010554,-21.763179134782114,1.438364483783511,-21.760294453386173,1.435977457522547,nan,nan,7.18520537853549,574.8164302828393,nan,0,2.8028000378981233,16.44310000119731
98,3.266666666666665,SEARCH,0,0,0,0,-24.85202134826384,7.879044659881772,-22.014531070859615,1.1257552774074788,-22.003113628108846,1.1424374988928439,nan,nan,7.3142430394023705,585.1394431521896,nan,0,3.201399988029152,16.796600015368313
99,3.299999999999998,SEARCH,0,0,0,0,-24.699720561456147,7.89583030287384,-22.247287547708165,0.8014208421551852,-22.235807315288515,0.83533119271192,nan,nan,7.478069013404301,598.245521072344,nan,0,3.075400018133223,14.932400023099035
100,3.3333333333333313,SEARCH,0,0,0,0,-24.546522718709188,7.898606712529721,-22.460805837180104,0.4660028422308587,-22.44728160111136,0.48057485102482694,nan,nan,7.709345625156206,616.7476500124965,nan,0,2.771099971141666,15.252000011969358
101,3.3666666666666645,SEARCH,0,0,0,0,-24.39370726672004,7.887438673030726,-22.65450954080055,0.12027883177748927,-22.659956992619907,0.12545482800176663,nan,nan,7.953256139684728,636.2604911747783,nan,0,2.6652999804355204,13.652800000272691
102,3.3999999999999977,SEARCH,0,0,0,0,-24.242398938467282,7.86329167996213,-22.827891050783162,-0.23486523921222846,-22.8329415197756,-0.22763723001845537,nan,nan,8.212776682795207,657.0221346236165,nan,0,2.5818999856710434,16.365399991627783
103,3.433333333333331,SEARCH,0,0,0,0,-24.093771134608033,7.826048379989174,-22.98051317782547,-0.598457865977452,-22.970390566830932,-0.55568296588705,nan,nan,8.4566780862525,676.5342469002001,nan,0,2.9616999672725797,13.699300005100667
104,3.466666666666664,SEARCH,0,0,0,0,-23.94884072545979,7.776324502656232,-23.11201007781198,-0.9694610674763771,-23.144506904766153,-0.9540197100830483,nan,nan,8.767317889070858,701.3854311256687,nan,0,2.8315999661572278,15.943000034894794
105,3.4999999999999973,SEARCH,0,0,0,0,-23.808665622726313,7.714451826566064,-23.222087586199443,-1.3467864142636576,-23.22564818169445,-1.350230016578609,nan,nan,9.083411597741458,726.6729278193167,nan,0,2.8758999542333186,10.581200011074543
106,3.5333333333333306,SEARCH,0,0,0,0,-23.674232647302677,7.6409326957792585,-23.31052305007095,-1.729308575148801,-23.311912102486538,-1.7351075471331459,nan,nan,9.383038250689847,750.6430600551877,nan,0,3.1003000331111252,12.330600002314895
107,3.5666666666666638,SEARCH,0,0,0,0,-23.546386169631635,7.556478177723641,-23.377164732710064,-2.115876838089328,-23.368958548939077,-2.090979198228243,nan,nan,9.649088785030068,771.9271028024054,nan,0,2.3790000122971833,9.82749997638166
108,3.599999999999997,SEARCH,0,0,0,0,-23.42587401311174,7.461852031211043,-23.421930853331197,-2.5053249697507454,-23.44321251464709,-2.4916233777834718,nan,nan,9.953490510423668,796.2792408338934,nan,0,2.667299995664507,10.090199997648597
109,3.63333333333333,SEARCH,0,0,0,0,-23.314067821884365,7.357082459883645,-23.44480831472421,-2.896479705466031,-23.44920424308824,-2.9114400485945984,nan,nan,10.269411685167759,821.5529348134207,nan,0,2.9638000414706767,13.45289999153465
110,3.6666666666666634,SEARCH,0,0,0,0,-23.21163263811547,7.243133696840194,-23.4458511635619,-3.288168103276504,-23.429890160846842,-3.2963588099580816,nan,nan,10.54175216209743,843.3401729677944,nan,0,2.8090000269003212,12.996999954339117
111,3.6999999999999966,SEARCH,0,0,0,0,-23.118808819717817,7.121227888073842,-23.425178821605602,-3.6792239493952574,-23.398179528189555,-3.660886703666833,nan,nan,10.785733311285757,862.8586649028606,nan,0,2.5010000099428,10.287599987350404
112,3.73333333333333,SEARCH,0,0,0,0,-23.03613251311317,6.992224338513711,-23.38297412072775,-4.068493365453165,-23.38929736800118,-4.050510260299715,nan,nan,11.048380552576887,883.870444206151,nan,0,2.2475000005215406,9.551800030749291
113,3.766666666666663,SEARCH,0,0,0,0,-22.963819227895826,6.857138897943773,-23.319481170312624,-4.454839738386102,-23.330146402437546,-4.4513302942617585,nan,nan,11.314401047773998,905.15208382192,nan,0,2.5257000233978033,11.612300004344434
114,3.7999999999999963,SEARCH,0,0,0,0,-22.901692528161274,6.71707619536742,-23.235003082006823,-4.837148070296909,-23.23456712265736,-4.860289946324572,nan,nan,11.582150589353304,926.5720471482643,nan,0,2.3216999834403396,9.77559998864308
115,3.8333333333333295,SEARCH,0,0,0,0,-22.84879465718645,6.573273891077015,-23.129899573817006,-5.2143288268743,-23.106517930498914,-5.2044953581565725,nan,nan,11.780588685367094,942.4470948293675,nan,0,2.523799950722605,10.35340002272278
116,3.8666666666666627,SEARCH,0,0,0,0,-22.805237820123285,6.426372259302715,-23.004584473072665,-5.585321348012,-22.986074740918664,-5.55160713473264,nan,nan,11.979344404259288,958.3475523407432,nan,0,2.4757999926805496,10.25270001264289
117,3.899999999999996,SEARCH,0,0,0,0,-22.770726768181124,6.277086376625401,-22.85952313568865,-5.949096872375832,-22.878130056924697,-5.956485525390524,nan,nan,12.234043360566712,978.723468845337,nan,0,2.714000002015382,10.704299958888441
118,3.933333333333329,SEARCH,0,0,0,0,-22.745171857007612,6.126009462479615,-22.69522979739847,-6.304661218199688,-22.720503408224875,-6.352089046022449,nan,nan,12.478122892496563,998.249831399725,nan,0,2.5049999821931124,9.614699985831976
119,3.9666666666666623,SEARCH,0,0,0,0,-22.727969167782266,5.9737552180188604,-22.512264871123094,-6.65105715506173,-22.500960268971824,-6.675833228168,nan,nan,12.651625227536709,1012.1300182029366,nan,0,2.614600001834333,11.710999999195337
120,3.9999999999999956,SEARCH,0,0,0,0,-22.718809705812046,5.820806233944708,-22.31123220334155,-6.987366495407034,-22.301960190649975,-6.9677167692181055,nan,nan,12.795314928547686,1023.625194283815,nan,0,2.2695999941788614,11.197399988304824
121,4.033333333333329,SEARCH,0,0,0,0,-22.71783311324563,5.667586347050551,-22.0927763011995,-7.312711929828151,-22.104330155014985,-7.294546024665923,nan,nan,12.97664292109704,1038.1314336877633,nan,0,2.802100032567978,10.295499989297241
122,4.066666666666662,SEARCH,0,0,0,0,-22.725479498979364,5.514554258068827,-21.857579541099017,-7.626258626339924,-21.86169394121847,-7.649783670524579,nan,nan,13.192646383042305,1055.4117106433844,nan,0,2.510800026357174,9.622799989301711
123,4.099999999999995,SEARCH,0,0,0,0,-22.741557649049668,5.362177158203998,-21.606359368631374,-7.927215610888875,-21.588430728731364,-7.9329849507385415,nan,nan,13.345075391222943,1067.6060312978357,nan,0,2.4263999657705426,9.666900034062564
124,4.133333333333328,SEARCH,0,0,0,0,-22.765640572770096,5.210858619161437,-21.339865498925143,-8.214836943960538,-21.311616335979203,-8.178476705525238,nan,nan,13.468054310778442,1077.4443448622753,nan,0,2.197400026489049,9.306899970397353
125,4.166666666666662,SEARCH,0,0,0,0,-22.79776708462281,5.061041481593411,-21.05887712576811,-8.488422706262487,-21.055958230689626,-8.4535902050797,nan,nan,13.626414337971266,1090.1131470377013,nan,0,2.808900026138872,13.304599968250841
126,4.199999999999995,SEARCH,0,0,0,0,-22.83737362617726,4.913025910321349,-20.764200147210648,-8.747319804964421,-20.77244440523168,-8.765925299422518,nan,nan,13.833930709891103,1106.7144567912883,nan,0,2.2643000120297074,11.318899982143193
127,4.233333333333328,SEARCH,0,0,0,0,-22.8842409070605,4.76714669502489,-20.456664414760258,-8.990922610788317,-20.461995653226303,-9.019535695126502,nan,nan,13.99785281379372,1119.8282251034975,nan,0,2.314099983777851,13.094699999783188
128,4.266666666666661,SEARCH,0,0,0,0,-22.938180906638117,4.62373203775979,-20.137121012723583,-9.218673435296278,-20.135544820764483,-9.211220331060984,nan,nan,14.115972374490559,1129.2777899592447,nan,0,2.347000001464039,12.160499987658113
129,4.2999999999999945,SEARCH,0,0,0,0,-22.999012496262385,4.48310200833263,-19.80643957373717,-9.430062856969887,-19.806692258071493,-9.41374684899351,nan,nan,14.258797868913424,1140.7038295130742,nan,0,2.266000024974346,10.8466999954544
130,4.333333333333328,SEARCH,0,0,0,0,-23.06718789515911,4.345881738480936,-19.46550563604604,-9.624629904071227,-19.467115987031328,-9.644349196480071,nan,nan,14.446005654063367,1155.6804523250694,nan,0,2.2351000225171447,13.322999991942197
131,4.366666666666661,SEARCH,0,0,0,0,-23.14272707353242,4.212573374138767,-19.115218047636,-9.801962101789753,-19.088662601046547,-9.829761366743613,nan,nan,14.615834007064542,1169.2667205651633,nan,0,2.236099971923977,11.344200000166893
132,4.399999999999994,SEARCH,0,0,0,0,-23.225005185971327,4.083315493580598,-18.75648642189775,-9.96169539078478,-18.72556709337475,-9.973048728615916,nan,nan,14.758940283643515,1180.7152226914814,nan,0,2.3352999705821276,11.339000018779188
133,4.433333333333327,SEARCH,0,0,0,0,-23.31340363783799,3.9581635811682174,-18.390228649096134,-10.103513923910038,-18.38992459402148,-10.067718990274281,nan,nan,14.864926094763968,1189.1940875811174,nan,0,2.987499989103526,12.935500009916723
134,4.466666666666661,SEARCH,0,0,0,0,-23.407396985571086,3.8371572257366773,-18.01736846753355,-10.227149747638,-18.041205760727674,-10.225628678820016,nan,nan,15.051842267941318,1204.1473814353055,nan,0,3.055799985304475,13.705799996387213
135,4.499999999999994,SEARCH,0,0,0,0,-23.50641777016738,3.720229163703505,-17.63883309793149,-10.332382374474884,-17.641784299009576,-10.352495936741082,nan,nan,15.245836070996814,1219.6668856797453,nan,0,2.3844000534154475,12.531599961221218
136,4.533333333333327,SEARCH,0,0,0,0,-23.61006954829565,3.6073859256972023,-17.255550944206302,-10.419038252462046,-17.242268559030755,-10.441600563360801,nan,nan,15.424749943147127,1233.97999545177,nan,0,2.1640000049956143,10.787099949084222
137,4.56666666666666,SEARCH,0,0,0,0,-23.718122375609855,3.498749495424912,-16.868449363484125,-10.48699013768799,-16.868434877427983,-10.490805049403185,nan,nan,15.576451944697467,1246.1161555757974,nan,0,2.556599967647344,12.870799982920289
138,4.599999999999993,SEARCH,0,0,0,0,-23.830039450344504,3.3940983804966005,-16.478452507883823,-10.536156375581177,-16.476740934896096,-10.547990150081683,nan,nan,15.762386610275053,1260.9909288220042,nan,0,2.1905999747104943,11.2943000276573
139,4.633333333333327,SEARCH,0,0,0,0,-23.945475691705276,3.29334242953887,-16.086479240295596,-10.56650009661244,-16.107355181868293,-10.602150346313993,nan,nan,15.953709681779541,1276.2967745423632,nan,0,2.446300000883639,11.43339998088777
140,4.66666666666666,SEARCH,0,0,0,0,-24.064284129443234,3.196585814286136,-15.693441126095308,-10.578028331903155,-15.688950448139957,-10.598333349080596,nan,nan,16.13833972244344,1291.0671777954751,nan,0,2.022499975282699,10.570299986284226
141,4.699999999999993,SEARCH,0,0,0,0,-24.18645692496795,3.104113680610226,-15.300240502460625,-10.570791054108769,-15.30848795900549,-10.564302685062817,nan,nan,16.298587021763304,1303.8869617410642,nan,0,2.2698999964632094,12.041600013617426
142,4.733333333333326,SEARCH,0,0,0,0,-24.31166729352949,3.015798047353238,-14.907768626693588,-10.544880148824367,-14.913732712860277,-10.516721170314744,nan,nan,16.475747350548062,1318.059788043845,nan,0,2.060699975118041,10.83929999731481
143,4.7666666666666595,SEARCH,0,0,0,0,-24.439858900269993,2.931868318209229,-14.51690390470545,-10.500428321638267,-14.529027015075673,-10.521820095549549,nan,nan,16.710066444843704,1336.8053155874964,nan,0,2.2713000071235,11.853199976030737
144,4.799999999999993,SEARCH,0,0,0,0,-24.57058283546095,2.851939973793186,-14.128510200582413,-10.437607945839744,-14.131762744833715,-10.46184051377309,nan,nan,16.91820663532584,1353.4565308260674,nan,0,2.1071999799460173,12.903499999083579
145,4.833333333333326,ACQUIRING,0,0,0,0,-24.703723306594355,2.7761052692096353,-13.743435227925675,-10.356629855667231,-13.726409380267782,-10.345406729815664,-10.531217279207725,-7.687065753103129,17.10776134325261,1368.6209074602084,1409.3127401702739,1,3.0854999786242843,11.696900008246303
146,4.866666666666659,ACQUIRING,0,0,0,0,-24.83911983940929,2.7043761511710454,-13.269471366380047,-10.18676287660583,-13.253362733572622,-10.157793502630291,-10.555404619008307,-7.715254478969738,17.310839838627494,1384.8671870901996,1414.424486136651,1,3.1351999496109784,11.009300011210144
147,4.899999999999992,ACQUIRING,0,0,0,0,-24.976661957353016,2.636852427455203,-12.862588492570026,-9.928007008655538,-12.87976030756917,-9.943973078684941,-10.515662729820345,-7.702566021722105,17.45314298172365,1396.2514385378922,1422.1652731541742,1,2.871899981983006,11.536900012288243
148,4.933333333333326,ACQUIRING,0,0,0,0,-25.11610541756821,2.5733480270083624,-12.470833315346617,-9.580362251816357,-12.480824450822796,-9.582759310039046,-10.501301025190136,-7.706034405574642,17.53343294105341,1402.6746352842727,1429.4238517618646,0,2.2997999913059175,10.661200038157403
149,4.966666666666659,ACQUIRING,0,0,0,0,-25.257285491111954,2.51380414145256,-12.14139549001499,-9.283864517589096,-12.132175517592408,-9.295566496110824,-10.50938119212334,-7.660269710433091,17.655870034419898,1412.4696027535917,1433.3456469800997,1,2.9379999614320695,12.919400003738701
150,4.999999999999992,ACQUIRING,0,0,0,0,-25.40012295165593,2.4583537371416155,-11.872482614594686,-9.007499777943783,-11.889904670421261,-8.979433057606721,-10.502191887320008,-7.648003251215344,17.701665593065723,1416.133247445258,1440.1928794687285,0,2.865999995265156,11.436800006777048
151,5.033333333333325,ACQUIRING,0,0,0,0,-25.544408113752414,2.4067874742201045,-11.642639340568554,-8.775064404588642,-11.65933673950288,-8.768849189395622,-10.512095183573656,-7.677530790278423,17.823862148960757,1425.9089719168603,1448.1191263495264,2,3.568299987819046,12.288899975828826
152,5.066666666666658,ACQUIRING,0,0,0,0,-25.69009697669195,2.359331782377243,-11.455159692157084,-8.59567831459953,-11.477054660889921,-8.616806537466932,-10.509038672775766,-7.6753696383209755,17.957900330693754,1436.6320264555004,1455.8236460878697,0,2.6784000219777226,11.233299970626831
153,5.099999999999992,ACQUIRING,0,0,0,0,-25.836913542507695,2.315489069471104,-11.295125438926021,-8.441081532965102,-11.291767584121025,-8.45382950158372,-10.508900731945628,-7.65977559273598,18.09805220004734,1447.8441760037872,1463.0464256241926,1,3.396800020709634,10.920399974565953
154,5.133333333333325,ACQUIRING,0,0,0,0,-25.98474737127996,2.275209464912074,-11.160737068131866,-8.304270719259174,-11.145467145641797,-8.27078630422447,-10.506503850949,-7.654578454986921,18.205006574502015,1456.4005259601613,1471.1665262289553,0,2.4398999521508813,10.526099998969585
155,5.166666666666658,ACQUIRING,0,0,0,0,-26.133516769988585,2.2385358574978524,-11.046588574942026,-8.188665125061277,-11.059910665501329,-8.151907962818559,-10.51910951531295,-7.683158319609939,18.30778314751371,1464.6226518010967,1479.9994146137692,1,2.9316999716684222,12.25279999198392
156,5.199999999999991,ACQUIRING,0,0,0,0,-26.27788168984065,2.1871933079993546,-10.95644942939446,-8.10517984078583,-10.960454191720318,-8.098478873124613,-10.520151199567168,-7.68570282995078,18.45043732212655,1476.0349857701242,1487.6131719876003,0,2.68470001174137,12.159199977759272
157,5.2333333333333245,ACQUIRING,0,0,0,0,-26.416399684277692,2.1216948141995786,-10.879486034520799,-8.032892029619068,-10.887332801283359,-8.058048343658044,-10.565607683337937,-7.702944225763413,18.568227944972573,1485.458235597806,1491.8898389843575,1,2.7067000046372414,10.72240003850311
158,5.266666666666658,ACQUIRING,0,0,0,0,-26.547686727287253,2.0426948153976485,-10.834667779914254,-7.978943647679372,-10.826905055150462,-7.985207272856691,-10.595320186420262,-7.719333598378564,18.64676370512073,1491.7410964096584,1496.1822284853874,1,3.6087000044062734,10.915599996224046
159,5.299999999999991,ACQUIRING,0,0,0,0,-26.67043104213331,1.9509826534676655,-10.804284463920306,-7.938197144334305,-10.802164882093749,-7.927558354111266,-10.611256694851333,-7.727887057095775,18.69190849978341,1495.3526799826725,1500.0322121137785,0,2.4923000019043684,11.4113999879919
160,5.333333333333324,ACQUIRING,0,0,0,0,-26.783406208195796,1.8474746860156237,-10.780103334351185,-7.904498572770969,-10.777762677155364,-7.920564600434215,-10.627193203282404,-7.736440515812986,18.750872415553467,1500.0697932442774,1502.7966446722703,0,3.1296000233851373,10.186899977270514
161,5.366666666666657,ACQUIRING,0,0,0,0,-26.88548341496004,1.733205130437119,-10.76221341838804,-7.8773962440781045,-10.744679035822848,-7.89668131426992,-10.686491948839715,-7.7382279205822755,18.795219576890467,1503.6175661512375,1501.1789895878649,1,3.1026999931782484,10.092000011354685
162,5.399999999999991,ACQUIRING,0,0,0,0,-26.975642740718293,1.6093157303589989,-10.768749779530944,-7.852842090429125,-10.75664915542467,-7.850489205778844,-10.705958595413424,-7.750719513908116,18.776146099494795,1502.0916879595836,1501.5999615597377,1,2.8719999827444553,11.40680001117289
163,5.433333333333324,ACQUIRING,0,0,0,0,-27.052983343290286,1.4770443477144528,-10.772724054167464,-7.83610299616066,-10.770317410764116,-7.803175485993348,-10.73017578905501,-7.759041324975526,18.741603187352784,1499.3282549882226,1500.3771792577904,0,2.5964999804273248,10.537400026805699
164,5.466666666666657,ACQUIRING,0,0,0,0,-27.11673246094053,1.337712594435759,-10.78041414239181,-7.82289866532668,-10.783375391932191,-7.802060559185459,-10.754392982696597,-7.7673631360429365,18.716677227632573,1497.3341782106058,1498.0062638246654,1,2.434799971524626,9.491100034210831
165,5.49999999999999,ACQUIRING,0,0,0,0,-27.166253133558115,1.1927126273447244,-10.790658501306476,-7.81307443356605,-10.800688530953709,-7.840170115812959,-10.778610176338184,-7.775684947110347,18.692904413537622,1495.4323530830097,1494.4954931948084,0,2.5101000210270286,10.250899998936802
166,5.5333333333333234,ACQUIRING,0,0,0,0,-27.201050566951608,1.0434932381819055,-10.803097258960575,-7.8060847653861725,-10.806150912034779,-7.8339510866922994,-10.80282736997977,-7.784006758177757,18.644080895448646,1491.5264716358915,1489.8622329940392,0,3.2966999569907784,11.09720004023984
167,5.566666666666657,SEARCH,0,0,0,0,-27.22077707666904,0.8915453777584454,-10.81738921940396,-7.801493016675578,-10.839524376536382,-7.774023617891732,nan,nan,18.532067505920033,1482.5654004736027,nan,0,2.439300005789846,11.11050002509728
168,5.59999999999999,SEARCH,0,0,0,0,-27.225235561946032,0.7383872588684106,-10.920570068736234,-7.885790156853873,-10.941417605460005,-7.865612999370168,nan,nan,18.417153626001664,1473.372290080133,nan,0,3.602299955673516,9.951599990017712
169,5.633333333333323,ACQUIRING,0,0,0,0,-27.214381475071477,0.5855491868084071,-11.03299133931377,-8.058976185921056,-11.046129334951535,-8.094523075435744,-10.66897206077702,-7.710530747284949,18.35091364876074,1468.0730919008593,1480.7036488577774,1,4.186100035440177,10.285699972882867
170,5.666666666666656,ACQUIRING,0,0,0,0,-27.18832326649354,0.43455826907290884,-11.056523721002419,-8.14327332609935,-11.054719274428807,-8.175049377921923,-10.66897206077702,-7.710530747284949,18.287113539538137,1462.969083163051,1473.4589277581128,0,4.060900013428181,10.1326999720186
171,5.6999999999999895,ACQUIRING,0,0,0,0,-27.147321301218636,0.2869231570009675,-10.991167213802179,-8.138681577388757,-10.997427902243404,-8.112448793937148,-10.66897206077702,-7.710530747284949,18.20353004140872,1456.2824033126974,1465.322381219676,0,3.700600005686283,9.884700004477054
172,5.733333333333323,ACQUIRING,0,0,0,0,-27.09178525733034,0.14411897183072606,-10.940139310273672,-8.06688083822501,-10.945463593882044,-8.042327592733054,-10.66897206077702,-7.710530747284949,18.10308290358297,1448.2466322866376,1456.361088189634,0,4.0902000037021935,10.415199969429523
173,5.766666666666656,ACQUIRING,0,0,0,0,-27.02227003262141,0.007572565775618045,-10.89674897867772,-8.010209366171802,-10.907937667325207,-8.00156731197349,-10.713472010699475,-7.768981928001744,17.99494454452649,1439.5955635621194,1445.4379382640461,1,4.586400056723505,10.83799998741597
174,5.799999999999989,ACQUIRING,0,0,0,0,-26.93947020023846,-0.12135173461129478,-10.880866369954097,-7.989360758528692,-10.859037154537853,-8.018326093242228,-10.727256663176293,-7.750922522983959,17.914868990816945,1433.1895192653556,1433.4210115632409,1,3.8275999831967056,10.047200019471347
175,5.833333333333322,ACQUIRING,0,0,0,0,-26.84421306873668,-0.24136576033725404,-10.867611523410359,-7.954902183715843,-10.85464563329822,-7.934295534961474,-10.739054415822189,-7.757200502081861,17.743940804954626,1419.51526439637,1421.8048408431007,0,3.778300015255809,9.749500022735447
176,5.866666666666656,ACQUIRING,0,0,0,0,-26.738456178989487,-0.35223851507844367,-10.858229956349026,-7.929020567851483,-10.848753164782991,-7.903375279740958,-10.735574533913173,-7.809670790735893,17.592678258818946,1407.414260705516,1412.4147087137553,1,3.9705000235699117,10.34899998921901
177,5.899999999999989,ACQUIRING,0,0,0,0,-26.623951043563707,-0.4540513896770088,-10.8449587626151,-7.92964523819737,-10.84648950518436,-7.930565186224513,-10.743524733297642,-7.8275819431923255,17.459282664101774,1396.742613128142,1400.7012931971803,0,3.6100000143051147,11.29120000405237
178,5.933333333333322,ACQUIRING,0,0,0,0,-26.50219623640485,-0.5470731850080424,-10.835934100894033,-7.930041015944064,-10.845211599653773,-7.959694792044495,-10.751474932682111,-7.845493095648758,17.32305189637677,1385.844151710142,1388.7598030578672,0,3.2706999918445945,10.481600009370595
179,5.966666666666655,ACQUIRING,0,0,0,0,-26.374461020914264,-0.631695889978239,-10.829479334329795,-7.933320496372176,-10.8340775364414,-7.948167660165305,-10.75942513206658,-7.86340424810519,17.17656187973662,1374.1249503789295,1376.6671675306372,0,3.414600039832294,10.722999984864146
180,5.9999999999999885,ACQUIRING,0,0,0,0,-26.241811893797692,-0.7083868056600233,-10.825257981664576,-7.93885556131079,-10.832418086050765,-7.9129514397263065,-10.765418650536114,-7.789172419904732,17.010442942165497,1360.8354353732398,1361.5432954936805,1,3.661800001282245,9.726400021463633
181,6.033333333333322,ACQUIRING,0,0,0,0,-26.10513926200139,-0.7776535306495307,-10.822123246920572,-7.908722675933571,-10.83062667525751,-7.9080174980037015,-10.761008157640338,-7.770663580003227,16.856833186264254,1348.5466549011403,1349.0015244425654,1,4.647599998861551,11.966599966399372
182,6.066666666666655,ACQUIRING,0,0,0,0,-25.965182655091628,-0.8400188708250237,-10.815605646878854,-7.880991803615584,-10.802027245360886,-7.915112967797807,-10.76602349058973,-7.766976174606434,16.732550267686804,1338.6040214149443,1336.2566862306603,0,3.635499975644052,9.701900009531528
183,6.099999999999988,ACQUIRING,0,0,0,0,-25.82190592457167,-0.894324174105741,-10.811623091250416,-7.857825804840619,-10.78409395427282,-7.876018492664802,-10.77103882353912,-7.763288769209641,16.579500728666808,1326.3600582933448,1323.5377443243176,0,4.243800009135157,11.233300028834492
184,6.133333333333321,ACQUIRING,0,0,0,0,-25.675477847348866,-0.9394474017577085,-10.808990884682222,-7.837625474042849,-10.81151417854101,-7.81465230579669,-10.785101136782291,-7.797570401607722,16.37699173902709,1310.1593391221672,1311.5051985590424,1,3.885999962221831,10.08540001930669
185,6.1666666666666545,ACQUIRING,0,0,0,0,-25.52653228536844,-0.9753988556814952,-10.811519260286673,-7.836654845235599,-10.799515106911608,-7.814064842974071,-10.79895191787008,-7.813794282918872,16.23737624926869,1298.9900999414951,1299.0218486239785,1,3.93070001155138,9.538199985399842
186,6.199999999999988,ACQUIRING,0,0,0,0,-25.37560385988938,-1.0018166121212673,-10.817276815745155,-7.839394745066698,-10.81253996249013,-7.8639140550505875,-10.807591553390816,-7.821250186558646,16.098795339900143,1287.9036271920115,1286.8110209996366,0,3.966699994634837,9.990299993660301
187,6.233333333333321,ACQUIRING,0,0,0,0,-25.223294356390156,-1.018522976678471,-10.823087320908316,-7.842286639906807,-10.820673135949594,-7.855891790782268,-10.820992142350873,-7.821571619730819,15.943183820039332,1275.4547056031465,1274.2565641923318,1,4.658799967728555,10.668300034012645
188,6.266666666666654,ACQUIRING,0,0,0,0,-25.070224687101145,-1.0253759918289074,-10.831573251662666,-7.842611749076227,-10.822918322146238,-7.838612041153535,-10.837468508495878,-7.8291706562215175,15.792590798241473,1263.407263859318,1262.031303002822,1,4.077000019606203,10.52519999211654
189,6.299999999999987,ACQUIRING,0,0,0,0,-24.91704234347782,-1.0218465336602078,-10.843123047229346,-7.84512285227013,-10.85044208574806,-7.831212374630586,-10.843104155288954,-7.831502531006867,15.628074288501997,1250.2459430801598,1250.784460222394,1,4.587700008414686,10.4439000133425
190,6.333333333333321,ACQUIRING,0,0,0,0,-24.76444500867575,-1.0080139314392345,-10.851396225303505,-7.846180551083525,-10.865042821111011,-7.851126165898878,-10.853033112767747,-7.836641503153488,15.49262941611561,1239.4103532892486,1239.7613588449333,0,4.641500010620803,10.201300028711557
191,6.366666666666654,ACQUIRING,0,0,0,0,-24.61309066717062,-0.9841570502422281,-10.860324772402606,-7.848126187735141,-10.878942474018988,-7.880755768609328,-10.862897546155319,-7.855579525926657,15.36847098684944,1229.4776789479554,1229.7232409404846,1,4.809200007002801,10.344100010115653
192,6.399999999999987,ACQUIRING,0,0,0,0,-24.463606231044793,-0.9505164374499157,-10.869358090134755,-7.857113283048324,-10.872650993627287,-7.872288911200716,-10.86339400770901,-7.881805872953823,15.252048991655535,1220.163919332443,1221.1693956427177,1,4.708799999207258,11.02899998659268
193,6.43333333333332,ACQUIRING,0,0,0,0,-24.316477378418377,-0.9077334011185175,-10.874044924727562,-7.873554242086223,-10.874320941393389,-7.85128792798604,-10.887467772626385,-7.927800832592626,15.12959084526197,1210.3672676209576,1212.2564632549258,1,5.115800013300031,10.83340001059696
194,6.4666666666666535,ACQUIRING,0,0,0,0,-24.172329837275903,-0.8557836768124307,-10.887851200296419,-7.904407851853652,-10.903557846137831,-7.918882461631596,-10.899418001212494,-7.9498952059086,15.03155596060914,1202.5244768487312,1203.9843374268085,0,4.498199967201799,11.180400033481419
195,6.499999999999987,ACQUIRING,0,0,0,0,-24.031580095211776,-0.7952295887441541,-10.90029241183663,-7.931911197778806,-10.91102716610436,-7.985017098656625,-10.905668567948206,-7.898538745533018,14.961348655893378,1196.9078924714702,1193.9756899326785,1,4.792899999301881,10.390100011136383
196,6.53333333333332,ACQUIRING,0,0,0,0,-23.89457940151133,-0.7266140118064391,-10.910025903345892,-7.923904448731806,-10.895531412080077,-7.95353197451727,-10.916156593775144,-7.901789893670671,14.87291470665011,1189.833176532009,1186.3830275577693,0,4.169799969531596,11.634000053163618
197,6.566666666666653,ACQUIRING,0,0,0,0,-23.76156107554154,-0.6505652614610595,-10.920235815470003,-7.922267615192594,-10.899711581876836,-7.903642664318156,-10.926644619602081,-7.905041041808324,14.765984701655329,1181.2787761324264,1179.4575004564513,0,4.0126999956555665,11.68240001425147
198,6.599999999999986,ACQUIRING,0,0,0,0,-23.63280797797702,-0.5674994601921809,-10.930471819293915,-7.921117379172257,-10.952685194707977,-7.899781768247285,-10.937132645429019,-7.908292189945977,14.647452940487522,1171.7962352390018,1173.2141425691702,0,3.4805999603122473,10.327300056815147
199,6.6333333333333195,SEARCH,0,0,0,0,-23.5088525085228,-0.4774309914293368,-10.940752222658972,-7.9206692521971815,-10.957001864942011,-7.9316628341795745,nan,nan,14.598442620506855,1167.8754096405485,nan,1,4.582200024742633,10.571599996183068
200,6.666666666666653,SEARCH,0,0,0,0,-23.390083017171083,-0.38062657315747533,-10.979693876402727,-8.009110014110995,-10.987839316324711,-8.032150528762518,nan,nan,14.57262734232854,1165.8101873862831,nan,0,3.5134999779984355,11.691000021528453
201,6.699999999999986,SEARCH,0,0,0,0,-23.27719731445606,-0.27702104436950553,-10.943322710074867,-8.186439664913697,-10.964701095979118,-8.180262743199991,nan,nan,14.63074818593164,1170.4598548745314,nan,0,3.5854000016115606,11.113099986687303
202,6.733333333333319,SEARCH,0,0,0,0,-23.17032151929568,-0.16722645487741866,-10.848750761745354,-8.353129684981967,-10.86051333990832,-8.332925679257437,nan,nan,14.771933564579568,1181.7546851663653,nan,0,4.0580999921076,11.837600031867623
203,6.766666666666652,SEARCH,0,0,0,0,-23.06978078186808,-0.05160272206095112,-10.70979273303846,-8.436853734700174,-10.735869013204594,-8.450583411194104,nan,nan,14.922072782747284,1193.7658226197827,nan,0,3.4738999675028026,10.491500026546419
204,6.799999999999986,SEARCH,0,0,0,0,-22.97527266352112,0.0690020168153315,-10.537619608541169,-8.451416016648892,-10.54528078453209,-8.478753093194275,nan,nan,15.085384169202605,1206.8307335362083,nan,0,3.1722999992780387,11.268699949141592
205,6.833333333333319,SEARCH,0,0,0,0,-22.886970622182417,0.19422197116892873,-10.34128142512323,-8.407975818843726,-10.332445489332232,-8.408476973665426,nan,nan,15.219150122356409,1217.5320097885128,nan,0,3.7469000089913607,10.9461999963969
206,6.866666666666652,SEARCH,0,0,0,0,-22.805286027087686,0.32385574144931883,-10.128125376418481,-8.315580478902753,-10.123574402226144,-8.303424102644508,nan,nan,15.338049655821825,1227.043972465746,nan,0,3.0131000094115734,10.27929998235777
207,6.899999999999985,SEARCH,0,0,0,0,-22.73017024420443,0.4574031361627129,-9.904130200367648,-8.181591443521864,-9.92904153723028,-8.190377351917943,nan,nan,15.448398089852105,1235.8718471881684,nan,0,3.5462999949231744,12.985099980141968
208,6.9333333333333185,SEARCH,0,0,0,0,-22.661267927762463,0.5942598432027044,-9.674173607826516,-8.012024805214441,-9.676606640699674,-8.047774637109375,nan,nan,15.597634073751376,1247.8107259001101,nan,1,3.517500008456409,11.08379999641329
209,6.966666666666652,SEARCH,0,0,0,0,-22.598618508902526,0.7340895174117621,-9.442246158310862,-7.8118234224496845,-9.431648066438676,-7.8088155967374995,nan,nan,15.69555154883301,1255.6441239066407,nan,0,4.25370002631098,12.582399998791516
210,6.999999999999985,SEARCH,0,0,0,0,-22.54213038715906,0.8765197795571166,-9.211622307389542,-7.585074308640038,-9.222951968581881,-7.565805487721507,nan,nan,15.769380763505684,1261.5504610804546,nan,0,4.122100013773888,12.40389997838065
211,7.033333333333318,SEARCH,0,0,0,0,-22.491123592898905,1.0210036693587186,-8.984997204976398,-7.3351822388551255,-8.991239867312574,-7.346047767997607,nan,nan,15.882519018081396,1270.6015214465117,nan,0,3.3508000196889043,13.144700031261891
212,7.066666666666651,ACQUIRING,0,0,0,0,-22.446096943535885,1.1674614732478896,-8.764596107551691,-7.065008333855396,-8.782593357933038,-7.084258868627173,-11.043518979892117,-8.00390461045114,15.961898973314439,1276.9519178651553,1170.6620077428308,2,4.316300037316978,12.661299959290773
213,7.0999999999999845,ACQUIRING,0,0,0,0,-22.406636390775386,1.315516031599651,-8.633083899015872,-6.883723317744557,-8.61953831881681,-6.899803054971229,-11.043518979892117,-8.00390461045114,16.04916013191904,1283.9328105535235,1175.6789722287313,0,3.5093000042252243,10.590199963189662
214,7.133333333333318,ACQUIRING,0,0,0,0,-22.372436934760536,1.464873604829761,-8.590460579368942,-6.791327190522606,-8.58735460453609,-6.785213296054258,-11.043518979892117,-8.00390461045114,16.06525532704676,1285.220426163741,1181.1916502740935,0,3.4910000395029783,11.285899963695556
215,7.166666666666651,ACQUIRING,0,0,0,0,-22.343552321725163,1.6153494055509934,-8.6367261486109,-6.787819952189543,-8.640458752653641,-6.772921938573711,-11.062363053986783,-8.012633089442797,16.06666952126025,1285.3335617008197,1186.4927225221534,1,5.204199987929314,11.790500022470951
216,7.199999999999984,ACQUIRING,0,0,0,0,-22.31976419270901,1.766714567959026,-8.77188060674175,-6.87320160274537,-8.791184271618864,-6.886079039943154,-11.068635705226802,-8.015538549498592,16.059057005387217,1284.7245604309774,1192.7256000830178,1,3.7607999984174967,11.361700017005205
217,7.233333333333317,ACQUIRING,0,0,0,0,-22.301392923547148,1.9188322327527034,-8.995923953761487,-7.047472142190085,-8.97935586145905,-7.059043475954666,-11.074908356466821,-8.018444009554386,16.064835004588335,1285.1868003670668,1199.4223005452282,0,3.5014000022783875,12.46910000918433
218,7.266666666666651,ACQUIRING,0,0,0,0,-22.289184865342285,2.0715681184762813,-9.308856189670113,-7.207310091137486,-9.301889504363128,-7.208015014710535,-11.08118100770684,-8.02134946961018,15.961845254200279,1276.9476203360223,1206.6120129690103,1,3.7721999688073993,11.003600026015192
219,7.299999999999984,ACQUIRING,0,0,0,0,-22.282169898507313,2.2246304512469646,-9.603914507781901,-7.3421664988936355,-9.596855278672798,-7.312303495522655,-11.06585293278435,-8.021339046848608,15.87042268212268,1269.6338145698144,1215.330492615653,1,3.9727999828755856,11.774900020100176
220,7.333333333333317,ACQUIRING,0,0,0,0,-22.280704508310137,2.377846442920384,-9.843796218426906,-7.455476105538724,-9.833051940171684,-7.4494177499511816,-11.068054194467692,-8.023694909878738,15.859356102111443,1268.7484881689154,1223.5439400678702,0,3.9110000361688435,10.75789995957166
221,7.36666666666665,ACQUIRING,0,0,0,0,-22.284867230890647,2.5310128857648166,-10.048379961435286,-7.55180475303998,-10.053314615909432,-7.561006311614016,-11.070255456151033,-8.026050772908869,15.857481857259579,1268.5985485807662,1232.153523814735,0,4.019899992272258,12.391399999614805
222,7.3999999999999835,ACQUIRING,0,0,0,0,-22.294306854266775,2.6839448346290617,-10.2215658978795,-7.6335837877642785,-10.216531172657952,-7.6173484095468895,-11.087363809817912,-8.030068746147059,15.874171093879724,1269.933687510378,1240.3500393952047,1,3.547400003299117,10.641400003805757
223,7.433333333333317,ACQUIRING,0,0,0,0,-22.30844687540132,2.836513990342836,-10.374437042736309,-7.703757056502698,-10.377160528842625,-7.700319499950716,-11.074151330867577,-8.069351160299705,15.917928693324068,1273.4342954659255,1252.5744140856275,1,3.788699978031218,11.573299998417497
224,7.46666666666665,ACQUIRING,0,0,0,0,-22.327819848037166,2.988507330342159,-10.495424874525193,-7.779504426167902,-10.49458862128913,-7.778937928232443,-11.075163350450401,-8.080206537198354,15.998851166945878,1279.9080933556702,1262.730260815293,0,3.6305999965406954,10.40369999827817
225,7.499999999999983,ACQUIRING,0,0,0,0,-22.35267101898942,3.139701598670033,-10.59904420512419,-7.842903463524658,-10.596980173008232,-7.861460923664973,-11.076175370033225,-8.091061914097002,16.100367825273874,1288.02942602191,1273.205474573533,0,3.2906000269576907,12.711799994576722
226,7.533333333333316,ACQUIRING,0,0,0,0,-22.382590399688254,3.289975076474659,-10.686695815149381,-7.898300506559693,-10.687698933325626,-7.894598888276225,-11.077187389616048,-8.101917290995651,16.182248953188946,1294.5799162551157,1283.9622397741841,1,3.7529999972321093,10.508700041100383
227,7.5666666666666496,ACQUIRING,0,0,0,0,-22.41718629638931,3.4392413198264262,-10.76092281922646,-7.94678715872388,-10.761000504239481,-7.927228872751129,-11.078199409198872,-8.1127726678943,16.280765088283463,1302.4612070626767,1294.9666270303574,0,4.068499954883009,11.373399989679456
228,7.599999999999983,SEARCH,0,0,0,0,-22.456899389118412,3.587228338644933,-10.823794820957442,-7.989439665392448,-10.826729734116775,-7.961993424872555,nan,nan,16.39040480119472,1311.2323840955776,nan,0,3.5454999888315797,10.681400017347187
229,7.633333333333316,SEARCH,0,0,0,0,-22.501234719964646,3.7338968966648927,-10.797777933799535,-7.943203283172126,-10.796253973244285,-7.953786619895433,nan,nan,16.54111605256339,1323.2892842050712,nan,1,3.9491999777965248,12.881500006187707
230,7.666666666666649,SEARCH,0,0,0,0,-22.549133459933856,3.8794406982583007,-10.68287215775274,-7.808078012062916,-10.67613502482602,-7.795125921808947,nan,nan,16.65123411661915,1332.0987293295318,nan,1,3.6171000101603568,11.421100003644824
231,7.699999999999982,SEARCH,0,0,0,0,-22.60141224122444,4.0234692249454485,-10.479077492817057,-7.584063852064817,-10.486462753968762,-7.550045177253963,nan,nan,16.754648211665735,1340.3718569332589,nan,0,4.171699983999133,10.99189999513328
232,7.733333333333316,SEARCH,0,0,0,0,-22.65786217092577,4.165914628204431,-10.186393938992483,-7.271160803177829,-10.201847004807403,-7.241045487238817,nan,nan,16.88996900215876,1351.197520172701,nan,0,3.878000017721206,13.105699967127293
233,7.766666666666649,SEARCH,0,0,0,0,-22.717919692071188,4.306876969369605,-9.80482149627902,-6.8693688654019525,-9.83175782290928,-6.879786515003693,nan,nan,17.06442520657679,1365.154016526143,nan,1,4.475900030229241,12.787899991963059
234,7.799999999999982,SEARCH,0,0,0,0,-22.78145233890372,4.446307562351748,-9.334360164676669,-6.378688038737187,-9.337773559412913,-6.387052649309648,nan,nan,17.26540450153832,1381.2323601230657,nan,0,3.862700017634779,13.68119998369366
235,7.833333333333315,SEARCH,0,0,0,0,-22.848007539209878,4.584320941359388,-8.859532080172137,-5.799118323183532,-8.840337757527962,-5.775434963542481,nan,nan,17.42238086834844,1393.7904694678753,nan,0,4.29660000372678,12.350099976174533
236,7.8666666666666485,SEARCH,0,0,0,0,-22.9170514379045,4.721106275097862,-8.466484773646672,-5.22739560791231,-8.472445853106525,-5.1819490559156085,nan,nan,17.51334163971831,1401.067331177465,nan,0,4.40330000128597,12.618999986443669
237,7.899999999999982,SEARCH,0,0,0,0,-22.988607346831348,4.856594427238748,-8.14222080219323,-4.690237175675266,-8.1534982981606,-4.681093647604206,nan,nan,17.636551655552008,1410.9241324441605,nan,0,4.121300007682294,14.293499989435077
238,7.933333333333315,SEARCH,0,0,0,0,-23.06311236380767,4.9904835228300515,-7.876348031125304,-4.18039001485442,-7.876130712718469,-4.205607627284068,nan,nan,17.754224965109778,1420.3379972087823,nan,0,3.9845999563112855,11.497400002554059
239,7.966666666666648,SEARCH,0,0,0,0,-23.140563263529412,5.122690351720211,-7.66055259103587,-3.6921939433879665,-7.653240621958236,-3.6955641890233606,nan,nan,17.821862297455553,1425.7489837964445,nan,0,3.951899998355657,12.102100008632988
240,7.999999999999981,SEARCH,0,0,0,0,-23.22121804169398,5.252967342137259,-7.488177344095268,-3.221261953174825,-7.4693733204365245,-3.2074621510010584,nan,nan,17.880142038892505,1430.4113631114005,nan,0,4.460099968127906,12.070800003129989
241,8.033333333333315,SEARCH,0,0,0,0,-23.30518696527166,5.381133278899353,-7.353884765601622,-2.7642242587048553,-7.355751964075705,-2.7628022058411457,nan,nan,17.908326611858243,1432.6661289486592,nan,0,4.659900034312159,11.438199959229678
242,8.066666666666649,SEARCH,0,0,0,0,-23.392592746969093,5.506980475128589,-7.253387365173795,-2.3185233165927297,-7.25664493185226,-2.3401968144084626,nan,nan,17.942881689004132,1435.4305351203307,nan,0,4.753299988806248,11.004400032106787
243,8.099999999999982,SEARCH,0,0,0,0,-23.48351326248954,5.630312333666419,-7.183232146680514,-1.8822496295111828,-7.182664621937276,-1.8947485278670493,nan,nan,17.953946846640086,1436.3157477312068,nan,0,4.96640003984794,12.330500001553446
244,8.133333333333315,SEARCH,0,0,0,0,-23.577638599703743,5.751216048941061,-7.140628305765236,-1.4540101854550773,-7.15182699647579,-1.4417200265739556,nan,nan,17.931693065942863,1434.5354452754293,nan,0,3.750500036403537,12.431199953425676
245,8.166666666666648,SEARCH,0,0,0,0,-23.674920277775566,5.869594943109024,-7.123309523642722,-1.0328230131981753,-7.132123548236958,-1.0222869508362387,nan,nan,17.920997731011624,1433.67981848093,nan,0,4.027599992696196,11.795800004620105
246,8.199999999999982,SEARCH,0,0,0,0,-23.775500202974,5.985184588492928,-7.129423943700574,-0.6180326387315386,-7.128229799781243,-0.63809897939343,nan,nan,17.916458832527454,1433.316706602196,nan,0,3.6934000090695918,11.504900001455098
247,8.233333333333315,SEARCH,0,0,0,0,-23.879218668200064,6.097966534938487,-7.157446299729471,-0.20924227059717365,-7.15197040352482,-0.23083524762255656,nan,nan,17.88447836843526,1430.7582694748207,nan,0,3.237399971112609,11.402599979192019
248,8.266666666666648,SEARCH,0,0,0,0,-23.985527073926374,6.208310589353889,-7.206107770443426,0.1937406234860522,-7.189179790968199,0.1974167838068918,nan,nan,17.83951026209239,1427.1608209673914,nan,0,3.9531999500468373,11.376700014807284
249,8.299999999999981,SEARCH,0,0,0,0,-24.094181414229258,6.316345406918619,-7.274340019627001,0.5909480187361922,-7.2822073402885525,0.6173410115555589,nan,nan,17.751651285478257,1420.1321028382606,nan,0,3.534900024533272,10.66749996971339
250,8.333333333333314,ACQUIRING,0,0,0,0,-24.204844731434445,6.4223214310846695,-7.361230588992933,0.9822864501520723,-7.388168003818188,0.9727798354137922,-5.4051232238477045,2.6776918789210904,17.677616348481415,1414.209307878513,1533.5225421143439,1,4.369599977508187,10.44980000006035
251,8.366666666666648,ACQUIRING,0,0,0,0,-24.316932447161467,6.526789758610277,-7.359232269469976,1.2847359926790636,-7.365200196448747,1.2559654801424527,-5.4073260028192225,2.690799934521697,17.752262246664216,1420.1809797331373,1543.5813604687942,1,4.697300028055906,11.5358000039123
252,8.39999999999998,ACQUIRING,0,0,0,0,-24.430452883428323,6.629699418131052,-7.268345061058129,1.5192592366928555,-7.261319974920701,1.5085821021937718,-5.4094977322695055,2.703723224035474,17.916611493069553,1433.3289194455642,1553.7516382001345,0,3.7979999906383455,11.921499972231686
253,8.433333333333314,ACQUIRING,0,0,0,0,-24.545531764596177,6.730863337499838,-7.088568963757394,1.720894267126487,-7.084382952127423,1.7457641417412122,-5.431960206128525,2.704217053841532,18.158825177932968,1452.7060142346372,1562.6490288263458,1,4.391000024043024,12.624999973922968
254,8.466666666666647,ACQUIRING,0,0,0,0,-24.662288546580935,6.830086023078606,-6.8284737898705945,1.8857683078125136,-6.83251872363837,1.8818367840447736,-5.439774497226114,2.744521224469478,18.503671594327226,1480.2937275461782,1572.1514147969897,1,3.885999962221831,13.528100040275604
255,8.49999999999998,ACQUIRING,0,0,0,0,-24.78057251260946,6.927483101337978,-6.614829308482707,2.044597079125228,-6.624854452635384,2.02478361611929,-5.432376786175867,2.7781478789677636,18.806024580320862,1504.481966425669,1583.0495343476482,1,4.0074000135064125,14.56270000198856
256,8.533333333333314,ACQUIRING,0,0,0,0,-24.90052886961172,7.02281284427084,-6.42685786246318,2.187419695757592,-6.4365024984050505,2.187219791179551,-5.425634696935416,2.7926144809759474,19.086729159594633,1526.9383327675705,1594.3220878701052,1,4.0976000018417835,16.72160002635792
257,8.566666666666647,ACQUIRING,0,0,0,0,-25.022266114454986,7.115857622151545,-6.264111733040083,2.306582723984762,-6.270913028816117,2.3459124511545695,-5.40498866029612,2.795039874710269,19.348530163209187,1547.8824130567348,1606.9987743020656,1,4.006799950730056,17.77200005017221
258,8.59999999999998,ACQUIRING,0,0,0,0,-25.145840585898814,7.206448115473293,-6.116443130101728,2.4020096987427406,-6.130961422564685,2.395774878464968,-5.402847378778237,2.8492151747894745,19.6139798763399,1569.118390107192,1617.4473907750607,1,3.884799953084439,18.80140003049746
259,8.633333333333313,ACQUIRING,0,0,0,0,-25.27134800749037,7.29434108787916,-5.993612998535037,2.505546167463096,-5.98044772519542,2.4902697055885596,-5.408571455948919,2.8975476189233587,19.88008892202424,1590.4071137619392,1627.487261064968,1,4.317600047215819,17.543399997521192
260,8.666666666666647,ACQUIRING,0,0,0,0,-25.39846781372312,7.3798854759840955,-5.893850974592908,2.6056320875394734,-5.879568983850878,2.5826138501979865,-5.411362226820958,2.955802533960035,20.09978175459526,1607.9825403676207,1637.6703445954122,1,4.2283000075258315,15.553700039163232
261,8.69999999999998,ACQUIRING,0,0,0,0,-25.527477858188586,7.462551647420286,-5.810800163471655,2.7069126732957787,-5.8012815530690816,2.7029835860993328,-5.399317389193433,2.977034358697579,20.292272144795835,1623.3817715836667,1649.7519022457643,1,4.647699999623001,15.74050000635907
262,8.733333333333313,ACQUIRING,0,0,0,0,-25.658326065372204,7.542276387305295,-5.734392088329097,2.787751781909269,-5.744483860551203,2.8110992624517954,-5.380394276264669,2.974229954239909,20.468149607261697,1637.451968580936,1662.8872545946615,1,3.4978999756276608,14.33139998698607
263,8.766666666666646,ACQUIRING,0,0,0,0,-25.790821086641632,7.619233237628792,-5.662305517611131,2.843887217921049,-5.675474226237269,2.83126613750344,-5.359454808482826,3.0012916309065307,20.677325945737334,1654.1860756589867,1675.739574373787,1,3.7382000009529293,13.098199968226254
264,8.79999999999998,ACQUIRING,0,0,0,0,-25.924984033767466,7.6932439874656255,-5.5945485067636005,2.8988955382259607,-5.598443759376666,2.8892196845878413,-5.347784685736867,3.0260981295468103,20.886524101177574,1670.921928094206,1687.9874567641637,0,2.764900040347129,14.000599971041083
265,8.833333333333313,ACQUIRING,0,0,0,0,-26.060288172011994,7.765147239456096,-5.5362492088462565,2.948884486577083,-5.530643351121941,2.9543819471353823,-5.336114562990908,3.05090462818709,21.085771960487843,1686.8617568390275,1700.2878912461863,0,3.1211000168696046,15.603700012434274
266,8.866666666666646,ACQUIRING,0,0,0,0,-26.187738005830425,7.850199149091055,-5.48513736856327,2.994984006430538,-5.469354663646887,3.017381516309795,-5.299308520531638,3.1075619566419803,21.274574839121694,1701.9659871297356,1713.6050306210022,1,4.15010005235672,13.386499951593578
267,8.899999999999979,ACQUIRING,0,0,0,0,-26.306060098612562,7.947549905803854,-5.428927282010735,3.05199544400386,-5.431195728693673,3.058267074334936,-5.274856056307601,3.1327851159234084,21.43980058369494,1715.1840466955953,1726.0238764530452,1,3.9453000063076615,12.852500018198043
268,8.933333333333312,ACQUIRING,0,0,0,0,-26.414072215119408,8.0562268130133,-5.377136045061481,3.100006837021786,-5.377779672004716,3.071640522164019,-5.273789580821797,3.179644671911199,21.61878128966629,1729.5025031733032,1735.6360968579122,1,3.6164000048302114,14.63530003093183
269,8.966666666666645,ACQUIRING,0,0,0,0,-26.510695133986886,8.175144006986367,-5.339325858907385,3.1536145201974035,-5.31675788836045,3.137046529017763,-5.274124644368188,3.217855371693393,21.784522078050394,1742.7617662440318,1744.5992305840764,1,3.973499988205731,15.844100038520992
270,8.999999999999979,ACQUIRING,0,0,0,0,-26.59496343094896,8.303113306429672,-5.311277770860116,3.2049475279623802,-5.281261146195057,3.2131551880261444,-5.263736035885752,3.253515274221373,21.91304585698268,1753.0436685586144,1753.6607698718053,0,4.500599985476583,15.854400000534952
271,9.033333333333312,ACQUIRING,0,0,0,0,-26.666035125037787,8.438856084404206,-5.285122228825217,3.253681527510267,-5.289737963575006,3.266296263439033,-5.293504960017042,3.2831507332262153,21.993213849654282,1759.4571079723428,1758.8475196180245,1,3.622799995355308,12.428100046236068
272,9.066666666666645,ACQUIRING,0,0,0,0,-26.723200091379205,8.581016043943043,-5.280666654228601,3.2975081275255946,-5.299204461519005,3.277291745657102,-5.293577668208906,3.3172412262964928,22.07072903599919,1765.6583228799352,1765.330187867248,0,2.8774000238627195,13.858599995728582
273,9.099999999999978,ACQUIRING,0,0,0,0,-26.765887156525757,8.728172769722306,-5.2744031570467245,3.340191127562631,-5.27840574787516,3.3371393261912514,-5.29365037640077,3.35133171936677,22.15344440208735,1772.2755521669878,1770.8165294417886,0,4.149099986534566,12.111400021240115
274,9.133333333333312,ACQUIRING,0,0,0,0,-26.793669805432966,8.878855920381556,-5.269296783122709,3.381505412321791,-5.2613594210289225,3.40283911033139,-5.274468219008044,3.399286263079701,22.21772154371969,1777.4177234975753,1776.4715059626094,1,5.01520000398159,12.686000030953437
275,9.166666666666645,ACQUIRING,0,0,0,0,-26.806270443056675,9.03155991968863,-5.256673933046258,3.427688047307539,-5.27759844133016,3.4525741414050573,-5.270388141381111,3.4363668800044906,22.239802168009803,1779.1841734407844,1780.0681544937815,0,4.432199988514185,12.209000007715076
276,9.199999999999978,ACQUIRING,0,0,0,0,-26.803563167990966,9.184758999759687,-5.2466134251786025,3.4715713870061116,-5.2615819355337,3.4668208071539888,-5.2663080637541775,3.47344749692928,22.287928853843734,1783.0343083074986,1782.53291516509,0,4.343700013123453,14.151900017168373
277,9.233333333333311,ACQUIRING,0,0,0,0,-26.785575030433385,9.336922446027536,-5.2374324800398355,3.5144369466233694,-5.228147446481688,3.4968144847405136,-5.262227986127244,3.5105281138540696,22.33449227174886,1786.7593817399088,1783.8409595541864,0,4.27139998646453,11.516099970322102
278,9.266666666666644,ACQUIRING,0,0,0,0,-26.75248576190832,9.48652989163562,-5.2290714766310895,3.556387066555521,-5.221460051193584,3.5611221997429645,-5.258147908500311,3.547608730778859,22.33149176545534,1786.5193412364274,1783.9772990686997,0,4.171300039160997,12.851200008299202
279,9.299999999999978,SEARCH,0,0,0,0,-26.704625979449023,9.632086508441066,-5.221399117339406,3.5975664977841584,-5.204488545756752,3.628183756899374,nan,nan,22.322696027084756,1785.8156821667806,nan,0,3.7267000298015773,11.534899997059256
280,9.33333333333331,SEARCH,0,0,0,0,-26.64247388218148,9.772137942843377,-5.30261564693661,3.5498570401239067,-5.294890450178388,3.5390616641784085,nan,nan,22.23894238227144,1779.115390581715,nan,0,3.17949999589473,10.5372000252828
281,9.366666666666644,SEARCH,0,0,0,0,-26.566650473316837,9.905284847204854,-5.472721065422704,3.4923527227790876,-5.4773423063305735,3.4720918620681087,nan,nan,22.048693633549497,1763.8954906839597,nan,0,3.6908999900333583,11.182399990502745
282,9.399999999999977,SEARCH,0,0,0,0,-26.477913355292586,10.030196861669632,-5.731715372797686,3.5154940264083843,-5.724309015665427,3.5166219693115406,nan,nan,21.751752825097775,1740.1402260078219,nan,0,3.694400016684085,11.495399987325072
283,9.43333333333331,SEARCH,0,0,0,0,-26.377149160059428,10.145625906679602,-6.079598569061558,3.6014599487964105,-6.076700140809515,3.632928597655419,nan,nan,21.319555732288034,1705.5644585830428,nan,0,3.545599989593029,11.087500024586916
284,9.466666666666644,ACQUIRING,0,0,0,0,-26.265364690147923,10.250418653372792,-6.516370654214318,3.7358917076203504,-6.5257489197600425,3.7353209742931774,-5.149284368789216,3.6454881145029416,20.786989405166263,1662.959152413301,1769.9969818032898,2,3.7569000269286335,11.165099975187331
285,9.499999999999977,ACQUIRING,0,0,0,0,-26.143676859030393,10.34352804726412,-6.864253850478189,3.7814345775554017,-6.8758868670393225,3.753698314795196,-5.159076239268196,3.679464818721028,20.363535721440975,1629.0828577152781,1761.3870931920794,1,4.994400020223111,11.296599986962974
286,9.53333333333331,ACQUIRING,0,0,0,0,-26.013301531290715,10.4240237700677,-7.123248157853172,3.79725221710334,-7.105025300139105,3.7795444353251226,-5.168730087324456,3.7129626004449614,20.041756800823478,1603.340544065878,1751.8620963170026,0,4.359200014732778,13.169599988032132
287,9.566666666666643,ACQUIRING,0,0,0,0,-25.875985367351543,10.492005816182314,-7.293353576339265,3.8174320348437822,-7.280751098414338,3.847889724213315,-5.178383935380716,3.7464603821688947,19.746569731480403,1579.725578518432,1741.5268486962768,0,3.8018000195734203,11.109099956229329
288,9.599999999999977,ACQUIRING,0,0,0,0,-25.733138811950596,10.5474327869004,-7.37457010593647,3.8395739756425837,-7.385871275356712,3.8501216661218445,-5.117864045669019,3.7538934679063756,19.53141577837756,1562.5132622702047,1736.463956745208,1,4.132100031711161,11.09579997137189
289,9.63333333333331,ACQUIRING,0,0,0,0,-25.586006297208538,10.590203227377176,-7.366897746644786,3.8504576004269677,-7.369431397003834,3.820147350188497,-5.118552044925809,3.8052915822351006,19.43392028580505,1554.713622864404,1725.019113358079,1,5.0953999743796885,11.69590000063181
290,9.666666666666643,ACQUIRING,0,0,0,0,-25.435721196846597,10.620064173144181,-7.2703364984642125,3.877437948595461,-7.275679397738922,3.849181718319156,-5.137346791385657,3.8457241129831514,19.38122718927765,1550.498175142212,1711.91716950086,1,4.0080000180751085,11.700799979735166
291,9.699999999999976,ACQUIRING,0,0,0,0,-25.28349353034639,10.63750048653897,-7.084886361394751,3.90733502752511,-7.081013829890234,3.911887146280408,-5.13697893159402,3.880517663709666,19.405260679727608,1552.4208543782086,1699.9555144217209,0,3.7748999893665314,11.366299993824214
292,9.73333333333331,ACQUIRING,0,0,0,1,-25.130387077619723,10.643475568660218,-6.8105473354364,3.9376055010129822,-6.816818279097968,3.94816232296412,-5.136611071802382,3.915311214436181,19.499077455002407,1559.9261964001926,1687.6383964311751,0,4.3049000087194145,11.558400001376867
293,9.766666666666643,ACQUIRING,0,0,0,1,-24.977259261768353,10.638075616300428,-6.535221080697083,3.968598765264619,-6.558916400207226,3.9596963303612176,-5.136243212010744,3.9501047651626955,19.591735595727133,1567.3388476581706,1675.0305014391247,0,4.11600002553314,11.482800007797778
294,9.799999999999976,ACQUIRING,0,0,0,1,-24.825015362456114,10.620781611700457,-6.304993376627712,4.000178996612712,-6.293038589891819,3.9808869473568973,-5.047500881965399,3.9358319130434087,19.685587729413633,1574.8470183530906,1670.139886835054,1,3.922700008843094,11.401999974623322
295,9.833333333333309,ACQUIRING,0,0,0,1,-24.67455659265181,10.591808416124623,-6.073393168827152,4.011837402352231,-6.04534835452272,4.020921594284224,-5.05915137631816,3.9388313670295347,19.75408700003654,1580.3269600029232,1657.0358604047274,1,4.23900003079325,10.53129998035729
296,9.866666666666642,SEARCH,0,0,0,1,-24.526715720266488,10.551554671885786,-5.8933006595699275,4.019077247031564,-5.8846312040281195,4.020617081824463,nan,nan,19.752986126554394,1580.2388901243514,nan,1,4.226799996104091,10.763300000689924
297,9.899999999999975,SEARCH,0,0,0,1,-24.382496175049685,10.49980517671571,-5.802097039201593,4.115205980599787,-5.813307411156882,4.1055610024071205,nan,nan,19.639275187994137,1571.1420150395309,nan,0,3.506300039589405,10.283999959938228
298,9.933333333333309,SEARCH,0,0,0,1,-24.24289106908607,10.436656923677427,-5.799782307722147,4.272435987759211,-5.809083483061269,4.231253953002558,nan,nan,19.450251621689784,1556.0201297351825,nan,1,3.943599993363023,11.234799982048571
299,9.966666666666642,SEARCH,0,0,0,1,-24.10861014970816,10.362860432135333,-5.886356465131589,4.4579236613790725,-5.878896368960568,4.4185720081297895,nan,nan,19.17438472013496,1533.9507776107966,nan,0,3.981499990914017,10.815999994520098
300,9.999999999999975,SEARCH,0,0,0,1,-23.979791385765875,10.279896503049969,-6.061819511429921,4.663854248698092,-6.053875573337222,4.668290923083016,nan,nan,18.783731655328655,1502.6985324262926,nan,1,3.603900026064366,11.576999968383461
301,10.033333333333308,SEARCH,0,0,0,1,-23.857089266645865,10.188127894929558,-6.326171446617142,4.883893674978627,-6.340115659891394,4.877469886884792,nan,nan,18.304301484026716,1464.3441187221374,nan,1,3.637799993157387,14.372300007380545
302,10.066666666666642,SEARCH,0,0,0,1,-23.741186013470728,10.087909516493669,-6.679412270693251,5.112896578235643,-6.6797651247362095,5.075634817584626,nan,nan,17.78243460271597,1422.5947682172775,nan,1,3.756999969482422,12.688199989497662
303,10.099999999999975,SEARCH,0,0,0,1,-23.632407512891596,9.979999714878359,-7.12154198365825,5.346672795069497,-7.1252972682966655,5.308432167237748,nan,nan,17.155414071930174,1372.4331257544138,nan,1,4.038400016725063,12.502500030677766
304,10.133333333333308,SEARCH,0,0,0,0,-23.53103202025532,9.865107169577753,-7.652560585512137,5.581800599797146,-7.637424753819417,5.605428393400791,nan,nan,16.454531753165043,1316.3625402532034,nan,1,3.9222000050358474,10.865400021430105
305,10.166666666666641,SEARCH,0,0,0,0,-23.43776093541946,9.743543226706354,-8.272468076254913,5.815477338758396,-8.2870283360636,5.849067863874685,nan,nan,15.643261701093133,1251.4609360874506,nan,0,3.781299979891628,11.532000033184886
306,10.199999999999974,SEARCH,0,0,0,0,-23.352837789810145,9.61600755792025,-8.953400074408597,6.045399973426853,-8.9696108272321,6.026979916567407,nan,nan,14.824248286757303,1185.9398629405844,nan,0,3.480500017758459,11.063800018746406
307,10.233333333333308,SEARCH,0,0,0,0,-23.276310081109642,9.483264206772443,-9.567606511881161,6.269669543364425,-9.575702468996974,6.262513940865844,nan,nan,14.074085448668308,1125.9268358934646,nan,0,3.716600011102855,11.646700033452362
308,10.26666666666664,SEARCH,0,0,0,0,-23.20901729353979,9.345608955459687,-10.129930551875848,6.486714757992195,-10.124617593053799,6.499047859488682,nan,nan,13.390460245830745,1071.2368196664595,nan,0,3.52930004009977,10.646499984432012
309,10.299999999999974,SEARCH,0,0,0,0,-23.151814945222064,9.203464033567146,-10.652137917719559,6.695230884503454,-10.641931804593758,6.727075409735316,nan,nan,12.752634112543966,1020.2107290035173,nan,0,4.02389996452257,11.858200014103204
310,10.333333333333307,SEARCH,0,0,0,0,-23.10436481059618,9.057773360575066,-11.143531265200837,6.894130865932795,-11.166077543559867,6.890240711211379,nan,nan,12.133462022701474,970.6769618161179,nan,0,3.62700002733618,11.08249998651445
311,10.36666666666664,SEARCH,0,0,0,0,-23.06639315588522,8.909329967622025,-11.611441856074297,7.082506216750675,-11.615990053640825,7.060573902405914,nan,nan,11.598690882705746,927.8952706164597,nan,0,3.9069000049494207,10.905699979048222
312,10.399999999999974,SEARCH,0,0,0,0,-23.03808878746116,8.758743945026916,-12.061623070447531,7.259595734042027,-12.070342892235706,7.2661152522256405,nan,nan,11.06884774657274,885.5078197258192,nan,0,4.014400008600205,10.497599956579506
313,10.433333333333307,SEARCH,0,0,0,0,-23.020088944783136,8.606581882946825,-12.498565388024355,7.424760454883171,-12.51510084020068,7.440924515426453,nan,nan,10.569462246295856,845.5569797036685,nan,0,3.2624999876134098,12.468200002331287
314,10.46666666666664,SEARCH,0,0,0,0,-23.013210223551983,8.453513366696345,-12.925748541993789,7.577463604579681,-12.938123991933267,7.583827365646537,nan,nan,10.112552413459968,809.0041930767974,nan,0,3.5358999739401042,11.731599981430918
315,10.499999999999973,SEARCH,0,0,0,0,-23.017303453930225,8.30034505098461,-13.345843408415707,7.717254531670199,-13.35206978767366,7.6919936037755,nan,nan,9.684360242507543,774.7488194006035,nan,0,4.169000021647662,12.081399967428297
316,10.533333333333307,SEARCH,0,0,0,0,-23.03232435632179,8.147860101024811,-13.760873681212423,7.843755826598167,-13.764378797530902,7.828538185068911,nan,nan,9.273444956795803,741.8755965436641,nan,0,3.652399987913668,10.887700016610324
317,10.56666666666664,SEARCH,0,0,0,0,-23.05802584617181,7.9968080540595725,-14.172345372691215,7.956652981753875,-14.18944751652826,7.973266580227845,nan,nan,8.868609574787547,709.4887659830036,nan,0,4.016699967905879,11.640399985481054
318,10.599999999999973,ACQUIRING,0,0,0,0,-23.09417377515679,7.847910053055543,-14.581350571384213,8.055686079232007,-14.590079101973899,8.069061640476988,-15.98282308447322,7.924436079232008,8.506969744572778,680.5575795658223,568.9409945001639,1,3.3669000258669257,10.882599977776408
319,10.633333333333306,ACQUIRING,0,0,0,0,-23.1403551538934,7.70181225111833,-14.901466881188323,8.06583028782125,-14.917139616247313,8.052476538969158,-15.98282308447322,7.924436079232008,8.230688866757019,658.4551093405614,572.8794732220581,0,3.9835000061430037,11.655100039206445
320,10.66666666666664,ACQUIRING,0,0,0,0,-23.196069756566388,7.5590776354083,-15.132694302103545,8.041605906955475,-15.123522255814478,8.041036600979902,-15.98282308447322,7.924436079232008,8.086922010035137,646.953760802811,577.7994910066928,0,3.9898999966681004,11.403399985283613
321,10.699999999999973,ACQUIRING,0,0,0,0,-23.260651216095514,7.420129722296993,-15.275032834129878,8.023072258024678,-15.28810977571769,8.034833308307448,-15.98282308447322,7.924436079232008,7.99620394419726,639.6963155357809,583.6223832038133,0,4.47450001956895,10.945999994874
322,10.733333333333306,ACQUIRING,0,0,0,0,-23.334361903097726,7.285801683174251,-15.388125809113054,8.007288216108492,-15.393091275727027,8.019219935685195,-15.98282308447322,7.924436079232008,7.975066238612493,638.0052990889994,590.338082897296,0,3.0368000152520835,10.237299953587353
323,10.766666666666639,SEARCH,0,0,0,0,-23.41600455685651,7.156141494372434,-15.484162620159728,7.9939513385293415,-15.50503401422818,7.963136279504266,nan,nan,7.952024617011894,636.1619693609515,nan,0,3.674300038255751,10.466400010045618
324,10.799999999999972,SEARCH,0,0,0,0,-23.504921473172775,7.031357402975712,-15.66908832009529,8.06950334983908,-15.671421917564857,8.02842510770776,nan,nan,7.8966992658660295,631.7359412692823,nan,0,3.5109000164084136,11.669600033201277
325,10.833333333333306,SEARCH,0,0,0,0,-23.600264926529388,6.9114119429743655,-15.939092881093618,8.15444269845535,-15.937260547742573,8.150216222718143,nan,nan,7.762491362495509,620.9993089996408,nan,0,2.541300025768578,10.779700009152293
326,10.866666666666639,SEARCH,0,0,0,0,-23.70150936078666,6.796403891061362,-16.235393671586518,8.222159411753854,-16.224817616151824,8.239352383034669,nan,nan,7.6146582191703605,609.1726575336288,nan,0,2.7723999810405076,11.337100004311651
327,10.899999999999972,SEARCH,0,0,0,0,-23.808415331110982,6.6866386826303,-16.552666179678454,8.273125721717866,-16.562657776421034,8.242058830667512,nan,nan,7.410825485616738,592.866038849339,nan,0,2.638000005390495,11.189499986357987
328,10.933333333333305,SEARCH,0,0,0,0,-23.920582286032825,6.582255438302198,-16.88654142505159,8.307731663451142,-16.89800814366609,8.269146246440823,nan,nan,7.222336753684397,577.7869402947517,nan,0,3.4268000163137913,10.442900005728006
329,10.966666666666638,SEARCH,0,0,0,0,-24.037535596746213,6.4832644761587925,-17.233415945945755,8.326305438537197,-17.243701498297643,8.338848389206241,nan,nan,7.042682260020182,563.4145808016145,nan,0,2.635299984831363,11.601899983361363
330,10.999999999999972,SEARCH,0,0,0,0,-24.158546557851697,6.389277058036861,-17.590299920842064,8.329129633054396,-17.58960909402565,8.35080452661736,nan,nan,6.855547346029577,548.4437876823662,nan,0,2.440700016450137,10.621899971738458
331,11.033333333333305,SEARCH,0,0,0,0,-24.283894733554693,6.301157126575073,-17.95469579388221,8.316454115450828,-17.984997406430985,8.333607197851771,nan,nan,6.618682711074678,529.4946168859742,nan,0,2.528499986510724,13.079199998173863
332,11.066666666666638,SEARCH,0,0,0,0,-24.41277277182992,6.218285305530597,-18.324501299170738,8.288506274633583,-18.320416555641376,8.268332252407328,nan,nan,6.42802432706425,514.24194616514,nan,0,2.461099997162819,11.003299965523183
333,11.099999999999971,SEARCH,0,0,0,0,-24.54471126738238,6.14037817579106,-18.697932000007356,8.245499126746893,-18.69981611466099,8.255116751310146,nan,nan,6.21569936443957,497.25594915516564,nan,0,2.211300015915185,10.22009999724105
334,11.133333333333304,SEARCH,0,0,0,0,-24.67953101029249,6.067570728407221,-19.073459435823754,8.187637713608897,-19.081012554262216,8.201484842047387,nan,nan,5.991410380445016,479.3128304356013,nan,0,2.134100010152906,10.47949999338016
335,11.166666666666638,SEARCH,0,0,0,0,-24.81689623262822,5.999687864843914,-19.449761750988568,8.115124131372026,-19.46380805945961,8.13875731656194,nan,nan,5.764648394220667,461.1718715376534,nan,0,1.9969000131823123,10.510799998883158
336,11.19999999999997,SEARCH,0,0,0,0,-24.956602466932086,5.936763659886422,-19.825684304762714,8.028161460447048,-19.832422964631427,8.013970483329805,nan,nan,5.529195579752807,442.3356463802246,nan,0,1.861100026872009,10.110999981407076
337,11.233333333333304,SEARCH,0,0,0,0,-25.09862080797959,5.879247764005243,-20.200208261789093,7.926956813709496,-20.191997369441417,7.9092138733513915,nan,nan,5.309963839114736,424.7971071291788,nan,0,2.5789999635890126,11.744200019165874
338,11.266666666666637,SEARCH,0,0,0,0,-25.242822661197135,5.82744898987376,-20.572425562589007,7.811723676788582,-20.570107834765572,7.829226405413912,nan,nan,5.0834414199949185,406.6753135995935,nan,0,2.1680000354535878,10.128599999006838
339,11.29999999999997,SEARCH,0,0,0,0,-25.388698081554313,5.780569898494818,-20.941518993614856,7.682683679662049,-20.93555490062515,7.718522181349238,nan,nan,4.856556726784582,388.5245381427665,nan,0,2.1297999774105847,10.346400027628988
340,11.333333333333304,SEARCH,0,0,0,0,-25.5360945733904,5.738718235835922,-21.306746332477,7.540067911117185,-21.29241009487184,7.520208354107338,nan,nan,4.602452063272147,368.1961650617718,nan,0,2.2338999551720917,11.380000039935112
341,11.366666666666637,SEARCH,0,0,0,0,-25.684813994566362,5.701842481769248,-21.667427748823677,7.384117865505486,-21.6478843970403,7.371632656630859,nan,nan,4.368638209264564,349.49105674116515,nan,0,2.1514000254683197,11.945199978072196
342,11.39999999999997,ACQUIRING,0,0,1,0,-25.834679989848492,5.669944661608688,-22.022935805247563,7.215086093510112,-22.01902638948078,7.2123926182230536,-25.819865801762635,5.603075072426299,4.115623658312666,329.24989266501325,5.479271266036519,1,2.6453000027686357,11.53129996964708
343,11.433333333333303,ACQUIRING,0,0,1,0,-25.98542932528262,5.642523404542896,-22.467332750560338,6.95716543262585,-22.472278464366852,6.991165195781612,-25.819865801762635,5.603075072426299,3.763118873039859,301.04950984318873,13.615861627295487,0,2.4895999813452363,10.629099968355149
344,11.466666666666637,ACQUIRING,0,0,1,0,-26.136987636989343,5.619998626508324,-23.000618584762005,6.742731904869425,-23.014034447279688,6.75556338055626,-26.162198291379724,5.542709317089838,3.323002247329011,265.84017978632085,6.503766020479006,1,2.6308000087738037,10.781000019051135
345,11.49999999999997,ACQUIRING,0,0,1,0,-26.285540062869636,5.582455794463055,-23.62279330785256,6.518037869437559,-23.6116648796135,6.492789292769667,-26.332776277439862,5.512630170983051,2.8245912224200143,225.96729779360115,6.744183941166808,1,2.633199968840927,10.372199991252273
346,11.533333333333303,ACQUIRING,0,0,1,0,-26.429602316189005,5.530270023974874,-24.229689188505684,6.327248444905988,-24.217833864174843,6.301812459638888,-26.5033542635,5.482551024876265,2.3424767694377424,187.39814155501938,7.027467302355571,0,2.336000034119934,11.103699973318726
347,11.566666666666636,ACQUIRING,0,0,1,0,-26.567734974532932,5.463962738012178,-24.765892509445735,6.161079559889071,-24.76335674660973,6.167465534877689,-26.67393224956014,5.452471878769478,1.9366716228108654,154.93372982486923,8.545371077008513,0,2.534200029913336,10.66739996895194
348,11.59999999999997,ACQUIRING,0,0,1,0,-26.698557862039834,5.384196457058031,-25.245752924635962,6.0159676001141555,-25.268050246547155,6.016124137850383,-26.670132850225357,5.378758035808273,1.5638684828764065,125.1094786301125,2.315247162398644,1,3.1540999771095812,10.575900028925389
349,11.633333333333303,ACQUIRING,0,0,1,0,-26.820763839662035,5.2917681794244995,-25.636724450937297,5.870377973940449,-25.63642221273213,5.857644551712098,-26.814749084771787,5.314757222755364,1.3125856764388188,105.00685411510551,1.901028588373135,1,3.7837999989278615,11.234399979002774
350,11.666666666666636,ACQUIRING,0,0,1,0,-26.93313186566706,5.187601417908972,-25.969176244948184,5.733172069832997,-25.964464171692185,5.722410690095936,-26.960001241044704,5.227327332559678,1.1064981061744992,88.51984849395994,3.836758321725158,1,2.9771000263281167,10.778999945614487
351,11.699999999999969,ACQUIRING,0,0,1,0,-27.034539195883003,5.072736972359558,-26.275880311065524,5.591668641944383,-26.283112606011553,5.61554736479235,-27.099374478535882,5.17232228897738,0.926976289933501,74.15810319468008,9.506494340203641,0,2.7099999715574086,10.899999993853271
352,11.733333333333302,ACQUIRING,0,0,1,0,-27.12397260178715,4.94832253034705,-26.556146842960466,5.46618475976379,-26.55858048836951,5.505468485411722,-27.23874771602706,5.117317245395082,0.7937756970075286,63.50205576060229,16.34283511520819,0,2.449000021442771,10.905399976763874
353,11.766666666666636,ACQUIRING,0,0,1,0,-27.200538494350454,4.815601199850089,-26.814632258539827,5.351452558111751,-26.828474290977912,5.346159008015575,-27.272048424497676,4.899711921518762,0.6480149375104006,51.84119500083205,8.832044785859438,1,3.107600030489266,10.903599963057786
354,11.799999999999969,ACQUIRING,0,0,1,0,-27.26347185248375,4.675899088531163,-27.00730854173949,5.17337897636262,-27.003377402381428,5.148155018373555,-27.343778758607915,4.7514160412439,0.5391426399806749,43.131411198453996,8.818892200090637,1,3.2512000179849565,11.560100014321506
355,11.833333333333302,ACQUIRING,0,0,1,0,-27.31214386687557,4.530612053707192,-27.174882375888707,4.993293472775802,-27.150421845870266,4.984479368469387,-27.40318097993936,4.595509040819424,0.4818190028293664,38.54552022634931,8.944048261492231,1,2.737300004810095,10.70030004484579
356,11.866666666666635,ACQUIRING,0,0,1,0,-27.346068222846938,4.381191755404628,-27.31342331611334,4.803683110823617,-27.29771238347196,4.835552237195259,-27.496122822284235,4.476800055530982,0.4569263995597899,36.554111964783196,14.234005449562249,1,2.8555000317282975,10.977800004184246
357,11.899999999999968,ACQUIRING,0,0,1,0,-27.36490595944689,4.229131151852327,-27.447594532163897,4.628044186959741,-27.44249579343896,4.624225253521806,-27.58906466462911,4.358091070242541,0.40264069778517186,32.21125582281375,20.688591740984936,1,3.4331000060774386,10.875699983444065
358,11.933333333333302,ACQUIRING,0,0,1,0,-27.36846885623825,4.075949582336431,-27.575191266656912,4.461045040333624,-27.568033292583333,4.433477900632148,-27.682006506973984,4.239382084954099,0.4094538589842513,32.7563087187401,28.28608605977243,0,2.6218999992124736,10.40520000969991
359,11.966666666666635,ACQUIRING,0,0,1,0,-27.35672131393401,3.9231775864644476,-27.697400251669958,4.301539118982243,-27.670045082982448,4.320971525272566,-27.77494834931886,4.120673099665657,0.5063712096902784,40.50969677522227,37.00104481650505,0,3.013300010934472,11.444900010246783
360,11.999999999999968,SEARCH,0,0,1,0,-27.329780710093658,3.772341611519422,-27.815043849322112,4.148357544589105,-27.804343462564297,4.205491261901825,nan,nan,0.6425172570903501,51.40138056722801,nan,0,2.8637999785132706,10.499300027731806
361,12.033333333333301,ACQUIRING,0,0,1,0,-27.287916226325382,3.624948760703261,-27.84379855808538,4.084064859084856,-27.836847207111493,4.096288804527752,-27.269841995691635,3.5961547094758797,0.7235237788623636,57.88190230898909,2.719735515478753,1,2.7168000233359635,11.88539998838678
362,12.066666666666634,ACQUIRING,0,0,1,0,-27.23154615871244,3.4824717346597205,-27.783664377959756,4.002475439622466,-27.775336268428653,3.9763867645235633,-27.231476291864855,3.508136831822015,0.7346153688499658,58.76922950799726,2.0532153807745264,1,2.841399982571602,11.003000021446496
363,12.099999999999968,ACQUIRING,0,0,1,0,-27.161233738336954,3.3463341167363843,-27.654270902486346,3.8324413433317135,-27.643081777325687,3.8143297647664487,-27.199534777843112,3.3940309034263323,0.6717123337057076,53.73698669645661,4.893720441740824,1,2.952400012873113,11.86309999320656
364,12.1333333333333,ACQUIRING,0,0,1,0,-27.078048320484573,3.2176582692372366,-27.54818610574493,3.658181953481047,-27.524518701283178,3.6918458237990786,-27.1652450042325,3.2908327669414286,0.6512984245580447,52.10387396464357,9.106575653545008,0,2.339300001040101,10.541399999056011
365,12.166666666666634,ACQUIRING,0,0,1,0,-26.98389247871129,3.0967783083964773,-27.45257155421954,3.4963186772501316,-27.45847395903497,3.5206998646346506,-26.999299149976764,3.0995075216548886,0.6363466565556926,50.907732524455405,1.251722971248236,1,3.567799984011799,10.40830003330484
366,12.199999999999967,ACQUIRING,0,0,1,0,-26.880436699956483,2.9837553491574984,-27.295799832205386,3.2961331247745536,-27.31375263054884,3.2884956816472486,-26.922932223961194,2.9681440488643265,0.5297446233338137,42.37956986670509,3.6217849807218654,0,3.460700041614473,10.38299995707348
367,12.2333333333333,ACQUIRING,0,0,1,0,-26.769128704676724,2.8784566423292546,-27.15975856578953,3.112149905196893,-27.151829428556148,3.0848086704115794,-26.846565297945624,2.8367805760737643,0.43478845839272634,34.78307667141811,7.035143995967659,0,3.422899986617267,10.770799999590963
368,12.266666666666634,ACQUIRING,0,0,1,0,-26.651210834546923,2.7806166536898935,-27.032452503733893,2.9359735438115626,-27.02830816846658,2.9526178141168735,-26.770198371930054,2.705417103283202,0.4144717100569606,33.15773680455685,11.260694524618394,0,3.56480001937598,10.457299998961389
369,12.299999999999967,ACQUIRING,0,0,1,0,-26.52774117392358,2.689883361131672,-26.91305384072703,2.766747567371006,-26.912683062419106,2.7992750104772606,-26.693831445914483,2.57405363049264,0.4001834460157614,32.01467568126091,16.199260220130636,0,3.98710003355518,10.255399974994361
370,12.3333333333333,SEARCH,0,0,1,0,-26.399615668723758,2.6058527572412453,-26.800309973713606,2.603377436771055,-26.789706832733522,2.5944145638040954,nan,nan,0.3902588224596572,31.220705796772574,nan,0,4.442900011781603,10.74449997395277
371,12.366666666666633,SEARCH,0,0,1,0,-26.26758960245401,2.5280941223623126,-26.598677217811293,2.5288961950599926,-26.58141472108962,2.5049251363772607,nan,nan,0.3146792128473532,25.174337027788255,nan,0,3.7199999787844718,11.556799989193678
372,12.399999999999967,SEARCH,0,0,1,0,-26.13229752088855,2.4561681872722176,-26.30815557302009,2.5433038422378194,-26.290038116279185,2.5460923814381493,nan,nan,0.18157217884517496,14.525774307613997,nan,0,3.3580000163055956,11.185200011823326
373,12.4333333333333,SEARCH,0,0,1,0,-25.99427117142042,2.3896398900942435,-25.986422965921808,2.646600378304535,-25.98138052474626,2.6776882413612477,nan,nan,0.2883366460221757,23.066931681774054,nan,0,4.106200009118766,11.119800037704408
374,12.466666666666633,SEARCH,0,0,1,0,-25.853638002964363,2.328815557768192,-25.753579247712413,2.8387858032601394,-25.760846092806016,2.8672232349230193,nan,nan,0.5463452803951832,43.70762243161466,nan,0,3.542100021149963,11.111499974504113
375,12.499999999999966,SEARCH,0,0,1,0,-25.710626753578705,2.27381492120776,-25.609624418391906,3.1198601171046327,-25.625122070909235,3.085057244485001,nan,nan,0.8157359608566134,65.25887686852907,nan,0,4.017499973997474,12.777200026903301
376,12.5333333333333,ACQUIRING,0,0,1,0,-25.565529636367575,2.224579628480708,-25.55455847796029,3.4316860923277885,-25.550305844872355,3.4197402127389926,-25.58949621742389,2.2342483528641868,1.1952575396089726,95.6206031687178,2.067471868705421,1,3.7938000168651342,11.518599989358336
377,12.566666666666633,ACQUIRING,0,0,1,0,-25.41863976583228,2.18098314459699,-25.560400844392813,3.6546231786620558,-25.57150404339052,3.6937748747000803,-25.36401799057318,2.137249991285742,1.5204954146664516,121.63963317331613,5.59778643736991,1,5.275500006973743,13.8575000455603
378,12.599999999999966,ACQUIRING,0,0,1,0,-25.270014976363388,2.1437278170822918,-25.47735432193645,3.788671376107434,-25.47563552663211,3.815260652606052,-25.141718017683996,2.041618881132208,1.684132367400768,134.7305893920614,13.117644765975966,0,4.0624000248499215,11.91659999312833
379,12.633333333333299,ACQUIRING,0,0,1,0,-25.11993354678068,2.1128595167191397,-25.305418910591197,3.833830684663923,-25.30382748304589,3.81833574133018,-24.91941804479481,1.9459877709786737,1.7153618080476905,137.22894464381523,20.869521671661314,1,4.550699959509075,12.633600039407611
380,12.666666666666632,ACQUIRING,0,0,1,0,-24.968732789492147,2.088047856793344,-25.044594610357056,3.7901011043315234,-25.014961671298746,3.786169949504896,-24.640638311741494,1.7498772418143742,1.6987512328967271,135.90009863173816,37.69395505197965,2,4.781800031196326,11.707299971021712
381,12.699999999999966,ACQUIRING,0,0,1,0,-24.81660682745921,2.06974542120535,-24.737411915305415,3.657482635110235,-24.705038227501127,3.679762051220699,-24.402394459535085,1.6258814267485495,1.6138776599924136,129.11021279939308,48.5691017049454,0,3.7254999624565244,11.986600002273917
382,12.733333333333299,ACQUIRING,0,0,1,0,-24.663859106662663,2.057686347262511,-24.445877620369107,3.4359752770000576,-24.441423836637796,3.4639563621279557,-24.164150607328676,1.5018856116827248,1.4237530699038696,113.90024559230959,59.79287138662105,0,4.17369999922812,11.795899947173893
383,12.766666666666632,ACQUIRING,0,0,1,0,-24.510793539048723,2.0507423222106036,-24.16228613087477,3.125579030000991,-24.188827365677966,3.1359671282580153,-23.925906755122266,1.3778897966169001,1.1319783992884542,90.55827194307633,71.32228021973093,0,4.280799999833107,12.893299979623407
384,12.799999999999965,ACQUIRING,0,0,1,0,-24.35758099469307,2.0489524269716965,-23.885724118780903,2.726293894113036,-23.90738151518233,2.719225723999746,-23.687662902915857,1.2538939815510755,0.8074316466801343,64.59453173441075,83.17338733321188,0,3.4306999878026545,11.52390002971515
385,12.833333333333298,SEARCH,0,0,1,0,-24.20441132791476,2.0529947841949068,-23.615086958789444,2.3620093873181895,-23.61757119520231,2.3800731768294128,nan,nan,0.6718345155544908,53.74676124435927,nan,1,3.9911000058054924,11.220799991860986
386,12.866666666666632,SEARCH,0,0,1,0,-24.051504829329332,2.062838064300849,-23.433338687686874,2.086613769412232,-23.44787208655978,2.1111039422185365,nan,nan,0.6055593142828017,48.444745142624136,nan,0,3.4798000124283135,11.139100010041147
387,12.899999999999965,SEARCH,0,0,1,0,-23.899098502941122,2.0786367715185308,-23.340479305473192,1.9001070403951632,-23.349647129356665,1.9046618907997592,nan,nan,0.5763367687862344,46.10694150289875,nan,0,4.9424999742768705,11.191400000825524
388,12.933333333333298,SEARCH,0,0,1,0,-23.747447041779726,2.1005256225736475,-23.3365088121484,1.8024892002669834,-23.343916142372972,1.7753270747621115,nan,nan,0.5182579302574687,41.46063442059749,nan,0,3.7975000450387597,11.624299979303032
389,12.966666666666631,SEARCH,0,0,1,0,-23.596776540048385,2.1283767873773902,-23.421427207712494,1.7937602490276925,-23.420970814374073,1.783616765719288,nan,nan,0.3869975784337243,30.959806274697943,nan,0,3.7449999945238233,11.980600014794618
390,12.999999999999964,SEARCH,0,0,1,0,-23.447290428086124,2.1620099526061556,-23.595234492165478,1.8739201866772903,-23.575688698203816,1.9053307572307594,nan,nan,0.28700230854084907,22.960184683267926,nan,0,4.124100029002875,11.490500008221716
391,13.033333333333298,SEARCH,0,0,1,0,-23.29920589170649,2.201357856719688,-23.85793066550735,2.042969013215777,-23.86578261764045,2.0511939682010794,nan,nan,0.5861385329297795,46.891082634382364,nan,0,4.0905000059865415,11.978099995758384
392,13.066666666666631,SEARCH,0,0,1,0,-23.15299104109771,2.247167298261268,-24.20951572773811,2.1231289508653752,-24.210328496349888,2.1059232721236065,nan,nan,1.0667297545295749,85.338380362366,nan,0,3.6760999937541783,10.675899975467473
393,13.099999999999964,SEARCH,0,0,1,0,-23.00894467080242,2.2993968940633787,-24.64998967885776,2.1143999996260843,-24.64169730665496,2.0936577167658283,nan,nan,1.6456639325690077,131.6531146055206,nan,0,4.127899999730289,11.205799994058907
394,13.133333333333297,SEARCH,0,0,1,0,-22.866958264388597,2.3569915801601624,-25.179352518866303,2.0199179441991357,-25.17897465023685,2.024134416450953,nan,nan,2.335853946603545,186.8683157282836,nan,0,4.085200023837388,12.207899999339134
395,13.16666666666663,SEARCH,0,0,1,0,-22.727123720460355,2.4196301289722153,-25.668070522381708,1.8702047469321847,-25.666907137863877,1.8745245439296498,nan,nan,2.989894085094876,239.1915268075901,nan,0,4.030200012493879,11.957100010477006
396,13.199999999999964,SEARCH,0,0,1,0,-22.589417734737722,2.486819034076088,-26.087246666191437,1.675299793959862,-26.099621731837182,1.6372899869363942,nan,nan,3.6115414580462866,288.92331664370295,nan,0,3.788999980315566,10.927200026344508
397,13.233333333333297,SEARCH,0,0,1,0,-22.454002898300516,2.5585135913700956,-26.4482100849564,1.4433243723283455,-26.441869492168138,1.4163214596397329,nan,nan,4.1482144154168425,331.85715323334745,nan,0,4.102300037629902,13.669900014065206
398,13.26666666666663,SEARCH,0,0,0,0,-22.321230213083084,2.6349903952589315,-26.760000163626678,1.1808657536052192,-26.75136020793456,1.1788856148701192,nan,nan,4.663292067065272,373.0633653652217,nan,0,4.204299999400973,12.272199965082109
399,13.299999999999963,SEARCH,0,0,0,0,-22.191322079059464,2.7162379440674993,-27.029827651210578,0.8932843514856896,-27.03115879052192,0.9051483259338128,nan,nan,5.167597604161082,413.40780833288653,nan,0,3.6013000062666833,9.681199968326837
400,13.333333333333297,SEARCH,0,0,0,0,-22.064279088999456,2.801896371262444,-27.26344354080498,0.5849593398719763,-27.263296120794404,0.5591401057970194,nan,nan,5.662131556505763,452.970524520461,nan,0,4.2202999466098845,9.708800003863871
401,13.36666666666663,SEARCH,0,0,0,0,-21.940394760403777,2.892062665415509,-27.465434159196676,0.259485040705627,-27.46325211321331,0.19583554108990273,nan,nan,6.145859910983285,491.66879287866277,nan,0,4.128599946852773,10.509900050237775
402,13.399999999999963,SEARCH,0,0,0,0,-21.81981234375504,2.9865992629217106,-27.639457220766413,-0.0801720709289126,-27.61241713431762,-0.09020049831611418,nan,nan,6.5590370505434485,524.7229640434759,nan,0,4.20329999178648,9.844499989412725
403,13.433333333333296,SEARCH,0,0,0,0,-21.702738777341914,3.0854479731824442,-27.78843064956662,-0.43154786632432846,-27.781709987894775,-0.41932015782001525,nan,nan,7.016928860322085,561.3543088257668,nan,0,3.9695999585092068,10.759900033008307
404,13.46666666666663,SEARCH,0,0,0,0,-21.589349557366365,3.18850219321363,-27.914683612757017,-0.7925802647233022,-27.912512182216542,-0.7727332939084942,nan,nan,7.461485922035759,596.9188737628608,nan,0,4.339099978096783,10.157199983950704
405,13.499999999999963,SEARCH,0,0,0,0,-21.480172571242985,3.296008812423401,-28.02007732003425,-1.161529094804888,-28.008974004542388,-1.1711931030009415,nan,nan,7.910824300199269,632.8659440159416,nan,0,3.7991999997757375,9.915100003127009
406,13.533333333333296,SEARCH,0,0,0,0,-21.375429209729685,3.4078395581590577,-28.106101632854706,-1.536912082294119,-28.109613355867765,-1.5623374161774612,nan,nan,8.36970102634033,669.5760821072264,nan,0,2.2616999922320247,9.301799989771098
407,13.56666666666663,SEARCH,0,0,0,0,-21.27606497381761,3.5244758993847203,-28.173952318581264,-1.9174537365875925,-28.165365537568025,-1.8929698859556792,nan,nan,8.76419882789033,701.1359062312263,nan,0,2.6627000188454986,9.789399977307767
408,13.599999999999962,SEARCH,0,0,0,0,-21.18204162477235,3.64545894492091,-28.224592817751127,-2.3020445546381674,-28.23542722189981,-2.269940545570812,nan,nan,9.205552645760863,736.444211660869,nan,0,2.5652999756857753,9.929199994076043
409,13.633333333333296,SEARCH,0,0,0,0,-21.093578951313244,3.7705654710391214,-28.258803619115938,-2.6897084766258987,-28.264283777164398,-2.717565348679016,nan,nan,9.670307607995795,773.6246086396636,nan,0,2.4224999942816794,10.875399981159717
410,13.666666666666629,SEARCH,0,0,0,0,-21.010849904400033,3.8995352049681746,-28.277221718269484,-3.079576940973417,-28.291829432324885,-3.1056194749614825,nan,nan,10.103705012311137,808.296400984891,nan,0,2.417300012893975,8.898699947167188
411,13.699999999999962,SEARCH,0,0,0,0,-20.934661890384735,4.032473814834924,-28.280372140610222,-3.470868216692502,-28.307636506226753,-3.461323993077307,nan,nan,10.512742756850894,841.0194205480715,nan,0,2.7362999971956015,10.767600033432245
412,13.733333333333295,SEARCH,0,0,0,0,-20.86517035628449,4.169032279095818,-28.268693113332105,-3.862870955395199,-28.278720247781575,-3.84595108675674,nan,nan,10.917906408676053,873.4325126940843,nan,0,2.280400018207729,10.137900011613965
413,13.766666666666628,SEARCH,0,0,0,0,-20.802528852330926,4.30886549923801,-28.242556154294473,-4.25493111678371,-28.240468907863118,-4.270296858144465,nan,nan,11.35451359698066,908.3610877584528,nan,0,2.554600010626018,10.118399979546666
414,13.799999999999962,SEARCH,0,0,0,0,-20.747326456741558,4.451798990744003,-28.202282092148142,-4.6464415906217384,-28.19943293185019,-4.668868947842525,nan,nan,11.777965637677681,942.2372510142146,nan,0,2.263600006699562,9.220300009474158
415,13.833333333333295,SEARCH,0,0,0,0,-20.70042892988007,4.597668485317664,-28.148153829315973,-5.036833973544199,-28.15804568923448,-5.0367963502040025,nan,nan,12.183552864263664,974.684229141093,nan,0,2.4078000569716096,9.568199981004
416,13.866666666666628,SEARCH,0,0,0,0,-20.661940197597506,4.745978650040722,-28.080426497203398,-5.425572067349202,-28.07268087319821,-5.396885167581522,nan,nan,12.561718185974133,1004.9374548779306,nan,0,2.5910999975167215,9.41259996034205
417,13.899999999999961,SEARCH,0,0,0,0,-20.631398893135177,4.896126964032716,-27.999335523236024,-5.812146752049254,-28.00847628603541,-5.80633965200166,nan,nan,12.998617716056195,1039.8894172844955,nan,0,2.630900009535253,9.25260002259165
418,13.933333333333294,SEARCH,0,0,0,0,-20.608761012519448,5.047668423159013,-27.905103025498786,-6.1960719562685656,-27.94045264419344,-6.1992396625135555,nan,nan,13.425596585236926,1074.0477268189543,nan,0,2.6162000140175223,9.529199975077063
419,13.966666666666628,SEARCH,0,0,0,0,-20.594315757087617,5.200208981924243,-27.7979428676927,-6.576881503024579,-27.802213058685947,-6.579111045020883,nan,nan,13.809640249028176,1104.7712199222542,nan,0,2.383599989116192,8.973899995908141
420,13.999999999999961,SEARCH,0,0,0,0,-20.58739545213724,5.353275623790761,-27.678064640678336,-6.954126653296272,-27.668007733681655,-6.935761862384424,nan,nan,14.182930325506662,1134.634426040533,nan,0,2.4062999873422086,9.814499993808568
421,14.033333333333294,SEARCH,0,0,0,0,-20.586889187957638,5.506497786578915,-27.54567678371715,-7.327374205276479,-27.559259151794965,-7.328870043846554,nan,nan,14.606868598537536,1168.549487883003,nan,0,2.506999997422099,11.097599985077977
422,14.066666666666627,SEARCH,0,0,0,0,-20.59244464609561,5.659620039559259,-27.400989015994977,-7.696205035604584,-27.41891521016172,-7.7210210315772585,nan,nan,15.021393272151771,1201.7114617721418,nan,0,2.5224999990314245,10.11050003580749
423,14.09999999999996,SEARCH,0,0,0,0,-20.603686369925715,5.812430088699448,-27.244214214990045,-8.060212991598194,-27.245665310916188,-8.070814875741803,nan,nan,15.39026884090217,1231.2215072721735,nan,0,2.139099990017712,10.424299980513752
424,14.133333333333294,SEARCH,0,0,0,0,-20.61979895637038,5.9648035510574395,-27.07556985102947,-8.41900406168347,-27.070867115242443,-8.412645236892374,nan,nan,15.758404552508878,1260.6723642007103,nan,0,2.330399991478771,9.093299973756075
425,14.166666666666627,SEARCH,0,0,0,0,-20.64113093875645,6.116534345560005,-26.89527906560301,-8.772195765771597,-26.90097152289319,-8.80128968913102,nan,nan,16.177981272977497,1294.2385018382,nan,0,1.9900999614037573,9.152700018603355
426,14.19999999999996,SEARCH,0,0,0,0,-20.66793483943985,6.267394672952775,-26.70357146358168,-9.11941671897005,-26.68893861639976,-9.160210757017918,nan,nan,16.56090262591465,1324.872210073172,nan,0,2.101199992466718,8.558799978345633
427,14.233333333333293,SEARCH,0,0,0,0,-20.699780225101552,6.417271818925591,-26.500683675551237,-9.46030633133316,-26.500855012151746,-9.494086263984347,nan,nan,16.935872718213634,1354.869817457091,nan,0,2.140500000678003,9.087299986276776
428,14.266666666666627,SEARCH,0,0,0,0,-20.737120267551557,6.565875347493155,-26.286859735319265,-9.794514613812062,-26.288464870548275,-9.781857731789184,nan,nan,17.26458235036929,1381.1665880295432,nan,0,2.3000999935902655,8.465200022328645
429,14.29999999999996,SEARCH,0,0,0,0,-20.78026708357841,6.712897929907029,-26.062351308732847,-10.121702066531238,-26.043440783248432,-10.090245543141846,nan,nan,17.60814095720395,1408.651276576316,nan,0,2.12760001886636,9.030899964272976
430,14.333333333333293,SEARCH,0,0,0,0,-20.828575921330927,6.858306126608246,-25.827417802805062,-10.441539630295253,-25.835593710387595,-10.444980965298722,nan,nan,18.01316105865054,1441.052884692043,nan,0,2.165400015655905,9.012800001073629
431,14.366666666666626,SEARCH,0,0,0,0,-20.881748618715005,7.002007037272725,-25.58232637843662,-10.753708686053123,-25.584270038932424,-10.782795868437539,nan,nan,18.396002883848542,1471.6802307078835,nan,0,2.0711999968625605,9.760199987795204
432,14.39999999999996,SEARCH,0,0,0,0,-20.940386490012923,7.1435658148972445,-25.32735188544803,-11.057901090109278,-25.325999132232816,-11.054145192408518,nan,nan,18.718714810398076,1497.4971848318462,nan,0,2.1061000297777355,10.030700010247529
433,14.433333333333293,SEARCH,0,0,0,0,-21.004190748335546,7.282872326205221,-25.062776734979938,-11.353819235321765,-25.06961536898991,-11.323198664776326,nan,nan,19.04504016975726,1523.603213580581,nan,0,2.3660000297240913,9.54739999724552
434,14.466666666666626,SEARCH,0,0,0,0,-21.072442418466434,7.420054675642908,-24.788890721391358,-11.641176130492207,-24.79643770100273,-11.624143414823541,nan,nan,19.404886543684775,1552.390923494782,nan,0,2.034100005403161,8.708500012289733
435,14.49999999999996,SEARCH,0,0,0,0,-21.144988923707395,7.555015010742604,-24.50599080344239,-11.919695491725331,-24.520227663611667,-11.950311732198763,nan,nan,19.7952016382823,1583.616131062584,nan,0,1.9037000020034611,9.055800037458539
436,14.533333333333292,SEARCH,0,0,0,0,-21.22217246429081,7.6873781042993325,-24.214380852671503,-12.189111840796874,-24.23205581144798,-12.191604570165207,nan,nan,20.105555200868125,1608.44441606945,nan,0,2.1484000026248395,8.507999998982996
437,14.566666666666626,SEARCH,0,0,0,0,-21.30383625370588,7.817024982284381,-23.914371375375218,-12.449170606579651,-23.926382863516633,-12.403997987950799,nan,nan,20.390378139784673,1631.2302511827738,nan,0,2.030499977990985,8.81400000071153
438,14.599999999999959,SEARCH,0,0,0,0,-21.38943905344385,7.944105461312123,-23.60627921339461,-12.69962822638839,-23.611315724868376,-12.676968206541996,nan,nan,20.740429483453013,1659.234358676241,nan,0,2.2394999978132546,11.19360001757741
439,14.633333333333292,SEARCH,0,0,0,0,-21.478953867091768,8.068461344206654,-23.290427227948683,-12.940252244754776,-23.300387194508275,-12.922832360467464,nan,nan,21.070169215317534,1685.613537225403,nan,0,2.3828999837860465,12.963300046976656
440,14.666666666666625,SEARCH,0,0,0,0,-21.57247493823786,8.189833073718047,-22.967143969981677,-13.170821407666706,-22.95931168629465,-13.18889671426561,nan,nan,21.423664567794663,1713.8931654235732,nan,0,2.0723999477922916,11.350100045092404
441,14.699999999999958,SEARCH,0,0,0,0,-21.669728793075162,8.30823482705044,-22.636763339871475,-13.391125750725687,-22.625082894484994,-13.36272090325181,nan,nan,21.692003681628872,1735.3602945303098,nan,0,2.188799961004406,10.961699998006225
442,14.733333333333292,SEARCH,0,0,0,0,-21.77048460735147,8.423671187710402,-22.29962423884844,-13.600966680014169,-22.297998831704856,-13.586442434015341,nan,nan,22.01643415492555,1761.3147323940439,nan,0,2.0841999794356525,10.516100039239973
443,14.766666666666625,SEARCH,0,0,0,0,-21.87416019723026,8.536492548880103,-21.95607021407437,-13.800157044736624,-21.965612986514575,-13.815743166142095,nan,nan,22.352422800953406,1788.1938240762727,nan,0,2.058400015812367,10.676099976990372
444,14.799999999999958,SEARCH,0,0,0,0,-21.980717605640894,8.646596164559645,-21.606449099009577,-13.98852120091741,-21.61040642857999,-14.026976338018486,nan,nan,22.676596314207373,1814.1277051365898,nan,0,1.866400009021163,10.808899998664856
445,14.833333333333291,SEARCH,0,0,0,0,-22.089616739883926,8.754384225280752,-21.25111265043736,-14.16589506561558,-21.244812692277392,-14.176646529708297,nan,nan,22.946587226973556,1835.7269781578846,nan,0,2.222999988589436,11.408700025640428
446,14.866666666666625,SEARCH,0,0,0,0,-22.200354713246487,8.860282236255708,-20.89041618330595,-14.33212616125997,-20.89638304253593,-14.310085520644684,nan,nan,23.207030919702436,1856.5624735761949,nan,0,2.140299999155104,10.929499985650182
447,14.899999999999958,SEARCH,0,0,0,0,-22.31221745917116,8.96499142184652,-20.524718204379266,-14.48707364982392,-20.538787309346127,-14.483669070300564,nan,nan,23.515627428845864,1881.2501943076693,nan,0,2.3311999975703657,11.173199978657067
448,14.933333333333291,SEARCH,0,0,0,0,-22.42528908340357,9.068394010142672,-20.154380045550997,-14.630608356653216,-20.16640100855129,-14.646288729098009,nan,nan,23.82202243214353,1905.7617945714826,nan,0,2.2337999544106424,11.779799999203533
449,14.966666666666624,SEARCH,0,0,0,0,-22.539154377874556,9.17092196822209,-19.779765497564963,-14.762612783837588,-19.766401880391204,-14.774983776562069,nan,nan,24.10590297728727,1928.4722381829813,nan,0,2.0201000152155757,11.241999978665262
450,14.999999999999957,SEARCH,0,0,0,0,-22.653636570979693,9.27276063933841,-19.401240444793977,-14.882981113078728,-19.39638675115401,-14.849877095542931,nan,nan,24.341555572252886,1947.324445780231,nan,0,1.9571000011637807,11.03510003304109
451,15.03333333333329,SEARCH,0,0,0,0,-22.768783522850505,9.373847072393296,-19.01917250165494,-14.991619198059123,-19.03655371162171,-14.981508712801539,nan,nan,24.639661012019797,1971.1728809615836,nan,0,2.4503999738954008,10.82030002726242
452,15.066666666666624,SEARCH,0,0,0,0,-22.884553138580053,9.474219795514331,-18.63393065117631,-15.088444546358183,-18.618022858502847,-15.102380515272358,nan,nan,24.94418897192242,1995.5351177537934,nan,0,1.9385000341571867,10.18899999326095
453,15.099999999999957,SEARCH,0,0,0,0,-23.000436085779278,9.574461653145367,-18.24588488618315,-15.173386290996993,-18.225774676409507,-15.19707429729511,nan,nan,25.22749264033368,2018.1994112266943,nan,0,2.276599989272654,11.103900033049285
454,15.13333333333329,SEARCH,0,0,0,0,-23.11647142260973,9.674527072144853,-17.855405853522225,-15.246385151721851,-17.85568409024029,-15.226075978825794,nan,nan,25.450263567563056,2036.0210854050445,nan,0,1.9786000484600663,10.420599952340126
455,15.166666666666623,SEARCH,0,0,0,0,-23.232566713080903,9.774522927075513,-17.462864501713767,-15.307393386160797,-17.471051333098423,-15.286207467527646,nan,nan,25.714495277659278,2057.1596222127423,nan,0,2.3135000374168158,10.60079998569563
456,15.199999999999957,ACQUIRING,0,0,0,0,-23.34870508976498,9.874468737063157,-17.068631732385686,-15.356374731007435,-17.09365121835095,-15.36989883111528,-14.912381732385686,-12.374324731007434,26.007764087894813,2080.621127031585,1903.5635845646957,1,2.141800010576844,10.251400002744049
457,15.23333333333329,ACQUIRING,0,0,0,0,-23.46467828031989,9.974606175343819,-16.70805881571902,-15.316467186965182,-16.690274879081418,-15.328130668094259,-14.912381732385686,-12.374324731007434,26.193912140247207,2095.512971219777,1914.3525090652154,0,3.096700005698949,10.642100009135902
458,15.266666666666623,ACQUIRING,0,0,0,0,-23.580128438665074,10.075346179368891,-16.424612432617167,-15.187670754034041,-16.42884138032209,-15.166939549186779,-14.912381732385686,-12.374324731007434,26.23573698970298,2098.8589591762384,1925.188916566333,0,2.3920999956317246,10.193000023718923
459,15.299999999999956,ACQUIRING,0,0,0,0,-23.695841381127785,10.175784232015888,-16.18371065852059,-14.969985432214012,-16.184742066420924,-14.93767357222262,-14.912381732385686,-12.374324731007434,26.212637711620285,2097.0110169296227,1936.0274008727133,0,2.1622999920509756,10.345000016968697
460,15.33333333333329,ACQUIRING,0,0,0,0,-23.81173316782238,10.27601586998332,-15.980125655808656,-14.663411221505093,-16.00006794844572,-14.647559924533116,-14.912381732385686,-12.374324731007434,26.119087730711897,2089.5270184569517,1946.8725859692809,0,3.073600004427135,12.187000014819205
461,15.366666666666623,SEARCH,0,0,0,0,-23.928270246787715,10.37549650477787,-15.808012457244246,-14.28965758047388,-15.799232319037266,-14.310432297822862,nan,nan,25.989927635102752,2079.19421080822,nan,0,2.5640999665483832,10.72690001456067
462,15.399999999999956,SEARCH,0,0,0,0,-24.045279253143672,10.47442162749445,-15.664582635706617,-14.004792828331556,-15.655335925998106,-14.000320314141677,nan,nan,25.872845652196762,2069.827652175741,nan,0,2.3129000328481197,12.419499980751425
463,15.43333333333329,SEARCH,0,0,0,0,-24.162905995606117,10.572611428036936,-15.469776914825896,-13.80881696507812,-15.457752479891454,-13.77552187992234,nan,nan,25.857519086608352,2068.601526928668,nan,0,2.3387999972328544,12.515500013250858
464,15.466666666666622,SEARCH,0,0,0,0,-24.280945086068588,10.670305136102971,-15.23404896099178,-13.701729990713574,-15.239634850286532,-13.683921451553175,nan,nan,25.97833026702361,2078.2664213618887,nan,0,2.2193999611772597,11.57420000527054
465,15.499999999999956,SEARCH,0,0,0,0,-24.39932511517465,10.767585433089291,-14.965834052684608,-13.683531905237915,-14.959137339257605,-13.691799562277863,nan,nan,26.217907231435643,2097.4325785148512,nan,0,2.5114999734796584,12.472399976104498
466,15.533333333333289,SEARCH,0,0,0,0,-24.51794811568322,10.864569304033088,-14.671952153511214,-13.754222708651147,-14.664916344292143,-13.753990329756196,nan,nan,26.51708342805598,2121.3666742444784,nan,0,2.2654999629594386,10.68669999949634
467,15.566666666666622,SEARCH,0,0,0,0,-24.636884978841152,10.96116801031351,-14.3579303110695,-13.913802400953267,-14.354874075645137,-13.889839168167562,nan,nan,26.894094258746836,2151.527540699747,nan,0,2.5067999958992004,10.53410000167787
468,15.599999999999955,SEARCH,0,0,0,0,-24.755842289471772,11.057741535259169,-14.028260517791889,-14.162270982144276,-14.048410430560796,-14.153506251649679,nan,nan,27.39080341987321,2191.264273589857,nan,0,2.315000048838556,11.465799994766712
469,15.633333333333288,SEARCH,0,0,0,0,-24.874801020987498,11.154313309961038,-13.686605942719748,-14.354991959669036,-13.698469964178267,-14.376606597312248,nan,nan,27.87002416940111,2229.6019335520887,nan,0,2.2036999580450356,11.004100029822439
470,15.666666666666622,SEARCH,0,0,0,0,-24.994086476722106,11.250481223129027,-13.335965861400497,-14.487879889621668,-13.34015071532055,-14.506705876470452,nan,nan,28.27095516629475,2261.6764133035804,nan,0,2.40759999724105,12.7269999939017
471,15.699999999999955,SEARCH,0,0,0,0,-25.113870228346258,11.346027757968042,-12.978807545689156,-14.570604397364782,-12.98005172978147,-14.571433986859562,nan,nan,28.617204172502866,2289.3763338002295,nan,0,2.4095000117085874,11.042699974495918
472,15.733333333333288,SEARCH,0,0,0,0,-25.23427328609594,11.44079268374454,-12.617171722906228,-14.610926061190384,-12.617371150134296,-14.606623416794674,nan,nan,28.942254663779448,2315.3803731023554,nan,0,2.4170000106096268,10.791399981826544
473,15.766666666666621,SEARCH,0,0,0,0,-25.35546639045832,11.534545117995117,-12.252756891938224,-14.615080105662518,-12.27720737777685,-14.642411455009128,nan,nan,29.262158400017835,2340.972672001427,nan,0,2.306999987922609,13.198499975260347
474,15.799999999999955,SEARCH,0,0,0,0,-25.476976645718462,11.62788613437867,-11.886986726372948,-14.588083316784276,-11.906154118097474,-14.620765768899918,nan,nan,29.549263117981063,2363.941049438485,nan,0,2.3355999728664756,10.754399991128594
475,15.833333333333288,SEARCH,0,0,0,0,-25.59924138887571,11.720236662550363,-11.521063948764448,-14.533979533468585,-11.505071252881235,-14.534727350212286,nan,nan,29.798804793713124,2383.9043834970503,nan,0,2.2733999649062753,10.455399984493852
476,15.866666666666621,SEARCH,0,0,0,0,-25.721986621676525,11.81194759590933,-11.156013383323263,-14.45603599894936,-11.156517115577966,-14.434075271483433,nan,nan,30.01677228298857,2401.3417826390855,nan,0,2.0078999805264175,12.310000020079315
477,15.899999999999954,SEARCH,0,0,0,0,-25.84507055346117,11.903203462621187,-10.792716352886288,-14.356900399095325,-10.809126399697615,-14.345638549871682,nan,nan,30.25031113215048,2420.024890572038,nan,0,1.79569999454543,10.394299984909594
478,15.933333333333287,SEARCH,0,0,0,0,-25.968070475344835,11.994572531181133,-10.431938152866051,-14.238726449249292,-10.447205253569775,-14.262471673578398,nan,nan,30.5013053426112,2440.104427408896,nan,0,1.954499981366098,10.22459997329861
479,15.96666666666662,SEARCH,0,0,0,0,-26.09098166507129,12.086060928876835,-10.074349988353728,-14.103274318944035,-10.087839923538674,-14.08990387986959,nan,nan,30.680314197679184,2454.4251358143347,nan,0,2.839399967342615,10.685099987313151
480,15.999999999999954,SEARCH,0,0,0,0,-26.20414521148288,12.18936290967319,-9.72054648332843,-13.951990926028351,-9.711387160239337,-13.908375063026236,nan,nan,30.872366210391718,2469.7892968313377,nan,0,1.838000025600195,10.219599993433803
481,16.03333333333329,SEARCH,0,0,0,0,-26.306430421830765,12.303446314325173,-9.371059649146105,-13.786074125482775,-9.373159728901532,-13.773125139158381,nan,nan,31.092173213345017,2487.3738570676014,nan,0,2.4218999897129834,11.965100013185292
482,16.066666666666624,SEARCH,0,0,0,0,-26.396815296104137,12.427171259164465,-9.026370022056547,-13.606524013200742,-9.03859950375119,-13.612561728614331,nan,nan,31.294973231634287,2503.597858530743,nan,0,2.6151000056415796,11.967999977059662
483,16.09999999999996,SEARCH,0,0,0,0,-26.474396738516525,12.55930152544026,-8.686915537555596,-13.414183921007979,-8.681797396321043,-13.412326044202974,nan,nan,31.48177298006177,2518.5418384049417,nan,0,2.25499999942258,10.360000014770776
484,16.133333333333294,SEARCH,0,0,0,0,-26.53839958094036,12.698516911208388,-8.353098595824845,-13.209773163989976,-8.339424300334441,-13.177084382293032,nan,nan,31.634624125542533,2530.7699300434024,nan,0,2.4074999964796007,12.083699984941632
485,16.16666666666663,SEARCH,0,0,0,0,-26.588184328130673,12.843426422352744,-8.025291681666024,-12.993913189034888,-8.010914572288037,-12.96163378495271,nan,nan,31.796479111436298,2543.718328914904,nan,0,2.0662000169977546,10.313300008419901
486,16.199999999999964,SEARCH,0,0,0,0,-26.623253547350185,12.992582170938688,-7.7038418296594955,-12.767148443768665,-7.69692200216786,-12.764445666275641,nan,nan,31.962955257065914,2557.036420565273,nan,0,2.2455999860540032,12.52549997298047
487,16.2333333333333,SEARCH,0,0,0,0,-26.643256838552798,13.144493842030684,-7.389074167132785,-12.52996302127452,-7.382890175590365,-12.559556208704343,nan,nan,32.1194631493499,2569.5570519479916,nan,0,1.9043000065721571,11.239700019359589
488,16.266666666666634,SEARCH,0,0,0,0,-26.647994335465025,13.297643584426504,-7.081294721008752,-12.28279392496052,-7.0568724081026435,-12.288568127004734,nan,nan,32.225243026468554,2578.0194421174842,nan,0,2.241399954073131,11.302700033411384
489,16.29999999999997,SEARCH,0,0,0,0,-26.637418702583727,13.450501176524703,-6.780792637388614,-12.026041629115957,-6.782385857872192,-11.991075584716796,nan,nan,32.27221959151117,2581.7775673208935,nan,0,2.1522000315599144,10.852299979887903
490,16.333333333333304,SEARCH,0,0,0,0,-26.61163560813681,13.601539315793037,-6.487841932952163,-11.760078475638185,-6.500862291436609,-11.776111883625322,nan,nan,32.38006151623312,2590.4049212986492,nan,0,2.359999984037131,11.911600013263524
491,16.36666666666664,SEARCH,0,0,0,0,-26.57090266828124,13.749248879070509,-6.202702873437909,-11.485255339363912,-6.18711474831795,-11.521101781366257,nan,nan,32.46674348417898,2597.339478734318,nan,0,1.9987999694421887,10.074099991470575
492,16.399999999999974,SEARCH,0,0,0,0,-26.515626873087523,13.892154001227139,-5.925623055408819,-11.20190690800004,-5.921121916222373,-11.199396725001598,nan,nan,32.46104669084553,2596.8837352676424,nan,0,2.00449995463714,11.947300052270293
493,16.43333333333331,SEARCH,0,0,0,0,-26.44636052002949,14.028826821520493,-5.6568382522625384,-10.910355853497684,-5.661816835226951,-10.902021030824477,nan,nan,32.458349169701144,2596.6679335760914,nan,0,2.015199977904558,11.105399986263365
494,16.466666666666644,SEARCH,0,0,0,0,-26.363795695610488,14.157901750308225,-5.396573073246202,-10.610916116390962,-5.415895639045507,-10.62890572016184,nan,nan,32.45304825987824,2596.243860790259,nan,0,2.2075000451877713,10.542199946939945
495,16.49999999999998,ACQUIRING,0,0,0,0,-26.268757360263805,14.27808911356839,-5.145041474475738,-10.30389548036398,-5.168004606496711,-10.345136757221008,-6.701291474475738,-13.285747890002535,32.42753489026759,2594.202791221407,2704.24949328382,1,2.4993999977596104,10.26900002034381
496,16.533333333333314,ACQUIRING,0,0,0,0,-26.16219510562073,14.38818803889595,-4.982398764594163,-10.085763733225889,-4.984286083080629,-10.111763009529076,-6.701291474475738,-13.285747890002535,32.38443193792671,2590.7545550341374,2706.5236743098963,0,2.4805000284686685,10.376299964264035
497,16.56666666666665,ACQUIRING,0,0,0,0,-26.04517366650486,14.4870984542229,-4.908644943601477,-9.956520874976686,-4.887935542807408,-9.93883874766887,-6.701291474475738,-13.285747890002535,32.31493668899255,2585.1949351194044,2707.638702419872,0,2.968599961604923,11.899600038304925
498,16.599999999999984,ACQUIRING,0,0,0,0,-25.91886228245369,14.573832079374728,-4.923780011497679,-9.916166905616372,-4.923622626517606,-9.908515294278102,-6.701291474475738,-13.285747890002535,32.25190569771648,2580.1524558173182,2707.5848707862415,0,2.2523999796248972,10.294599982444197
499,16.63333333333332,ACQUIRING,0,0,0,0,-25.78429496580758,14.647105026384962,-5.027803968282771,-9.964701825144946,-5.026076265919256,-10.001021831782374,-6.701291474475738,-13.285747890002535,32.224738962615405,2577.979117009232,2706.324792686904,0,3.0387999722734094,10.721600032411516
500,16.666666666666654,SEARCH,0,0,0,0,-25.642759335700752,14.7057987473708,-5.220716813956751,-10.102125633562409,-5.2092777887988815,-10.121082663571116,nan,nan,32.15433421361034,2572.3467370888275,nan,0,2.2070000413805246,10.70310000795871
501,16.69999999999999,SEARCH,0,0,0,0,-25.49580607990722,14.749181094985692,-5.324740770741843,-10.150660553090983,-5.327408404301579,-10.137522306508039,nan,nan,32.0329872318411,2562.6389785472875,nan,0,2.0674000261351466,9.958699985872954
502,16.733333333333324,SEARCH,0,0,0,0,-25.3452040297107,14.777400059344878,-5.339875838638045,-10.110306583730669,-5.337663751200563,-10.083713723094567,nan,nan,31.912014140439428,2552.9611312351544,nan,0,2.1600000327453017,9.94459999492392
503,16.76666666666666,SEARCH,0,0,0,0,-25.192562433271654,14.790735369968864,-5.266122017645359,-9.981063725481466,-5.273973773005327,-9.980460083822024,nan,nan,31.786196665011698,2542.8957332009354,nan,0,2.1775999921374023,10.404600005131215
504,16.799999999999994,SEARCH,0,0,0,0,-25.039347480138584,14.789165144083587,-5.103479307763784,-9.762931978343374,-5.098609233860856,-9.788074744260365,nan,nan,31.64923004333231,2531.938403466585,nan,0,2.1664000232703984,11.474400002043694
505,16.83333333333333,SEARCH,0,0,0,0,-24.88694314075764,14.773347280423884,-4.85194770899332,-9.455911342316393,-4.855721277819871,-9.450303269189387,nan,nan,31.433025550716803,2514.6420440573443,nan,0,2.481799980159849,10.817500005941838
506,16.866666666666664,SEARCH,0,0,0,0,-24.736575464762968,14.743904972619287,-4.511527221333967,-9.060001817400522,-4.51035946316005,-9.038580172966215,nan,nan,31.220288490715344,2497.623079257228,nan,0,2.0363000221550465,10.614599974360317
507,16.9,SEARCH,0,0,0,0,-24.58939779430376,14.701290177170984,-4.189980243255409,-8.575203403595763,-4.201896907972068,-8.576095173357626,nan,nan,30.94328458885998,2475.4627671087987,nan,0,2.768400008790195,10.644099966157228
508,16.933333333333334,SEARCH,0,0,0,0,-24.446746300370393,14.645363092931975,-3.905789215733674,-8.096883329115787,-3.904813862510909,-8.121281898691961,nan,nan,30.664166586689078,2453.133326935126,nan,0,2.346699999179691,10.142599989194423
509,16.96666666666667,SEARCH,0,0,0,0,-24.309783843288024,14.57667122425118,-3.653629873312476,-7.637987682726447,-3.6394034605142247,-7.6353255932418636,nan,nan,30.34200764268708,2427.360611414966,nan,0,2.507900004275143,10.524399986024946
510,17.000000000000004,SEARCH,0,0,0,0,-24.179821212866607,14.495510875762244,-3.4292593077456606,-7.193961841395708,-3.4276940602009396,-7.168227973284633,nan,nan,29.999472700034357,2399.9578160027486,nan,0,2.2027999511919916,10.331700032111257
511,17.03333333333334,SEARCH,0,0,0,0,-24.05759273560966,14.403112354018942,-3.2292978988375403,-6.761224360369414,-3.2444719190955875,-6.742138837219923,nan,nan,29.66997886860387,2373.5983094883095,nan,0,2.1422000136226416,10.247200028970838
512,17.066666666666674,SEARCH,0,0,0,0,-23.944757653073605,14.299451697924255,-3.0510548611010213,-6.3369725355512605,-3.0597334393067364,-6.352700369411434,nan,nan,29.371680602614248,2349.73444820914,nan,0,2.1495000110007823,10.072799981571734
513,17.10000000000001,SEARCH,0,0,0,0,-23.842304518320056,14.185519074624032,-2.892388684469563,-5.91902680249661,-2.875110907004497,-5.929904505735089,nan,nan,29.05604022835286,2324.483218268229,nan,0,2.5272000348195434,11.46319997496903
514,17.133333333333344,SEARCH,0,0,0,0,-23.75082139877894,14.062603956302791,-2.75159549163011,-5.505706205119149,-2.7229173536879916,-5.503320949975354,nan,nan,28.722781306267464,2297.8225045013974,nan,0,2.3139999830164015,11.695199995301664
515,17.16666666666668,SEARCH,0,0,0,0,-23.670982219815542,13.931825544570005,-2.627319730008329,-5.095728720623698,-2.621077712455593,-5.0881063860680875,nan,nan,28.369989256520334,2269.599140521627,nan,0,2.13939999230206,10.669300041627139
516,17.200000000000014,SEARCH,0,0,0,0,-23.603927098288256,13.794054364166191,-2.518482732808127,-4.688131469908841,-2.526875256484438,-4.702043338570784,nan,nan,28.0418926709892,2243.351413679136,nan,0,1.9271000055596232,10.420000005979091
517,17.23333333333335,SEARCH,0,0,0,0,-23.54974347131359,13.65073157448929,-2.4242255766032526,-4.282206836866421,-2.4287725752445533,-4.314455011463549,nan,nan,27.728024463720725,2218.241957097658,nan,0,2.137600036803633,10.576199973002076
518,17.266666666666683,SEARCH,0,0,0,0,-23.50847122801459,13.503171792007858,-2.3438633774548543,-3.877451315350838,-2.3349175754541913,-3.868459037842251,nan,nan,27.387824520513718,2191.0259616410976,nan,0,2.018700004555285,10.681300016585737
519,17.30000000000002,SEARCH,0,0,0,0,-23.47994754370929,13.35262715774097,-2.27684873910911,-3.4735245388666502,-2.276754325448994,-3.4479388774252877,nan,nan,27.052438369819114,2164.1950695855294,nan,0,2.1389000467024744,10.922799992840737
520,17.333333333333353,SEARCH,0,0,0,0,-23.46450954666605,13.200183870843214,-2.222742524092653,-3.070216457042716,-2.2340807117464765,-3.066362609484103,nan,nan,26.74568456613578,2139.6547652908625,nan,0,1.910500053782016,10.244699951726943
521,17.36666666666669,SEARCH,0,0,0,0,-23.462418581872146,13.046975139567447,-2.1811904843338987,-2.667421030175811,-2.19887948088262,-2.6924225066634917,nan,nan,26.454994488101683,2116.399559048135,nan,0,1.6904000076465309,10.444499959703535
522,17.400000000000023,SEARCH,0,0,0,0,-23.47267286457494,12.894095653830641,-2.151904580586149,-2.2651151388974253,-2.1526301724405763,-2.258821564020054,nan,nan,26.15635908542066,2092.508726833653,nan,0,2.0169999916106462,9.9904999951832
523,17.43333333333336,SEARCH,0,0,0,0,-23.49492841321864,12.742497573277268,-2.1346480540461004,-1.8633416666332927,-2.132484651148078,-1.8531206446627573,nan,nan,25.872496490510734,2069.799719240859,nan,0,1.9746000180020928,10.093500022776425
524,17.466666666666693,SEARCH,0,0,0,0,-23.528739522158066,12.593051608510113,-2.1292235008551463,-1.4621959210166953,-2.152945481470368,-1.4495143844179814,nan,nan,25.575735190520728,2046.058815241658,nan,0,1.8384000286459923,10.076000005938113
525,17.50000000000003,SEARCH,0,0,0,0,-23.57372337607981,12.44658065453204,-2.1354633500054208,-1.0618147272090481,-2.1325549749993233,-1.0960073155627346,nan,nan,25.35991702137939,2028.793361710351,nan,0,2.1206000237725675,10.001499962527305
526,17.533333333333363,SEARCH,0,0,0,0,-23.629270357595882,12.30378072344889,-2.153222265039845,-0.6623676595139895,-2.1327689102527057,-0.6864754200619136,nan,nan,25.116654417928505,2009.3323534342803,nan,0,1.9916000310331583,10.146399959921837
527,17.5666666666667,SEARCH,0,0,0,0,-23.694676725924694,12.165219204783225,-2.18237108582887,-0.26404998441681665,-2.1648325045359207,-0.24326329052719228,nan,nan,24.849640440732593,1987.9712352586073,nan,0,2.107800042722374,10.028099990449846
528,17.600000000000033,SEARCH,0,0,0,0,-23.769635448675082,12.03158359068081,-2.222792003421061,0.13292302642380338,-2.2366225617763966,0.1432378868071348,nan,nan,24.59681702095124,1967.745361676099,nan,0,1.8475999822840095,10.785400052554905
529,17.63333333333337,SEARCH,0,0,0,0,-23.853291104684974,11.90321296050999,-2.2743747223359216,0.5283206863894454,-2.274761970111738,0.5109303623180923,nan,nan,24.401168464003767,1952.0934771203015,nan,0,2.3053999757394195,10.167300002649426
530,17.666666666666703,SEARCH,0,0,0,0,-23.944823149830878,11.780334271615994,-2.3370134137640752,0.9219006058272368,-2.3358968480346625,0.9029242795608434,nan,nan,24.19222486774876,1935.3779894199008,nan,0,1.928500016219914,10.3817000053823
531,17.70000000000004,SEARCH,0,0,0,0,-24.044218682545484,11.663724599850402,-2.4106043024170285,1.3134117004730899,-2.395644894119192,1.3280799897165176,nan,nan,23.9892954581815,1919.14363665452,nan,0,1.8814000068232417,10.44690003618598
532,17.733333333333373,SEARCH,0,0,0,0,-24.150760270474514,11.553605675434753,-2.4950437611902734,1.702596636184082,-2.4769145706148743,1.7345167633033614,nan,nan,23.794329040459743,1903.5463232367795,nan,0,2.179900009650737,9.901100012939423
533,17.76666666666671,SEARCH,0,0,0,0,-24.264084350004488,11.450479827697228,-2.5902268129404296,2.089193821811936,-2.595104632785614,2.071912126393,nan,nan,23.61148479264254,1888.918783411403,nan,0,2.2979999775998294,10.364399990066886
534,17.800000000000043,SEARCH,0,0,0,0,-24.383407447277172,11.354358623324037,-2.696045958786578,2.472939039667232,-2.692368867781205,2.4327210155143892,nan,nan,23.45414189993456,1876.3313519947646,nan,0,2.0614999812096357,10.69570000981912
535,17.83333333333338,SEARCH,0,0,0,0,-24.508241580370676,11.26551197629843,-2.8123902684333193,2.853566785118985,-2.7979967347526773,2.84870079602012,nan,nan,23.28470402863521,1862.776322290817,nan,0,2.071900002192706,10.502700053621083
536,17.866666666666713,SEARCH,0,0,0,0,-24.638224036852087,11.18438338405157,-2.9391446808829054,3.230811372551194,-2.9280787314012584,3.241282304617697,nan,nan,23.117596413595688,1849.407713087655,nan,0,2.009499992709607,10.35490003414452
537,17.90000000000005,SEARCH,0,0,0,0,-24.7728244351392,11.111171224857557,-3.076189474199542,3.604407853440466,-3.064059666652974,3.624933853223337,nan,nan,22.96332331693132,1837.0658653545056,nan,0,1.8996000289916992,9.920399985276163
538,17.933333333333383,SEARCH,0,0,0,0,-24.91138799353063,11.045769177803944,-3.223399871225456,3.974092783153625,-3.2137679810565625,3.9607453950733533,nan,nan,22.82507998250112,1826.0063986000894,nan,0,1.877899980172515,9.797100035939366
539,17.96666666666672,SEARCH,0,0,0,0,-25.053458062895043,10.988381175018601,-3.3806457547375266,4.339604865733123,-3.372061561077987,4.342503260557317,nan,nan,22.677095217927032,1814.1676174341626,nan,0,2.0453999750316143,11.713400017470121
540,18.000000000000053,SEARCH,0,0,0,0,-25.198569136886935,10.939187032299994,-3.5477914708046323,4.700685500074071,-3.545291577820485,4.732443912997991,nan,nan,22.525276673083805,1802.0221338467045,nan,0,1.989399956073612,11.419800051953644
541,18.03333333333339,SEARCH,0,0,0,0,-25.34602775399371,10.897554788619688,-3.7246957033228343,5.05707924620619,-3.7318281992776403,5.058934719154539,nan,nan,22.388905884536868,1791.1124707629494,nan,0,2.2012999979779124,10.201500030234456
542,18.066666666666723,ACQUIRING,0,0,0,0,-25.49553646792764,10.864022238303301,-3.9112114060792957,5.408534226642793,-3.904104101398711,5.386939765261351,0.04779782408566913,8.387859639054419,22.275286396697492,1782.0229117357992,2053.0458277927837,1,2.2746000322513282,10.365900001488626
543,18.10000000000006,ACQUIRING,0,0,0,0,-25.646682664228802,10.838880344647707,-4.008838219946869,5.848878095968285,-4.001401817206623,5.823322231260981,-0.01582697422416822,8.49977423556353,22.21877598193079,1777.5020785544632,2058.989547585161,1,2.5477000162936747,10.492499975953251
544,18.133333333333393,ACQUIRING,0,0,0,0,-25.798976968186253,10.822035984908771,-4.0175761449255525,6.378110854182665,-4.0298089672019675,6.398465151046589,-0.07855494196147655,8.61011132716374,22.214064337200305,1777.125146976024,2065.2286574012464,0,2.210700011346489,10.840600007213652
545,18.16666666666673,ACQUIRING,0,0,0,0,-25.951927171596143,10.812896906740114,-3.9374251810153473,6.843871142407339,-3.9686379689155364,6.84893805665183,-0.14128290969878488,8.720448418763949,22.33781488717925,1787.0251909743401,2071.625754447437,0,2.1496000117622316,10.642100009135902
546,18.200000000000063,ACQUIRING,0,0,0,0,-26.10513779854904,10.810949790513583,-3.768385328216253,7.254610397625397,-3.778065155054175,7.220434421342048,-0.2040108774360932,8.830785510364159,22.613933170595374,1809.11465364763,2078.1367444669954,0,2.4637000169605017,10.84529998479411
547,18.2333333333334,ACQUIRING,0,0,0,0,-26.25738862326653,10.793716861402592,-3.5104565865282704,7.618909330064555,-3.5010324902926797,7.583374018583915,-0.2667388451734015,8.941122601964368,22.98168935520567,1838.5351484164537,2084.5273518993736,1,2.7834000065922737,10.811800020746887
548,18.266666666666733,SEARCH,0,0,0,0,-26.40715840583546,10.761370305138371,-3.1636389559513987,7.943937868098333,-3.15298971519219,7.949272648816897,nan,nan,23.423583302338315,1873.8866641870654,nan,0,2.3070000461302698,10.7164999935776
549,18.300000000000068,SEARCH,0,0,0,0,-26.552950696095714,10.714233317818762,-2.905710214263416,8.180077517243221,-2.9213642862330147,8.170158336584404,nan,nan,23.768133998211766,1901.4507198569413,nan,0,2.4139000452123582,11.414299951866269
550,18.333333333333403,SEARCH,0,0,0,0,-26.693308785675534,10.652776876639647,-2.7366703614643217,8.327328277499221,-2.744931994485721,8.305081083125277,nan,nan,24.063175735377985,1925.054058830239,nan,0,2.1281999652273953,10.692199983168393
551,18.366666666666738,SEARCH,0,0,0,0,-26.826830262940057,10.577615034046488,-2.6565193975541166,8.385690148866333,-2.648909671943312,8.35331890985901,nan,nan,24.280019302970494,1942.4015442376397,nan,0,2.178399998228997,10.870099999010563
552,18.400000000000073,ACQUIRING,0,0,0,0,-26.952181025424785,10.489498782325274,-2.6652573225328005,8.355163131344556,-2.644931497082048,8.335452064701007,0.2970096266197424,8.49293855507337,24.402505955225706,1952.2004764180565,2185.778973539662,1,2.7630000258795917,12.411599978804588
553,18.433333333333408,ACQUIRING,0,0,0,0,-27.068108609746428,10.389308549935844,-2.5851063586225953,8.378202243868095,-2.5846137355807213,8.410182054987008,0.2970096266197424,8.49293855507337,24.563356100832536,1965.0684880666026,2194.459809972691,0,2.6437999913468957,11.537900019902736
554,18.466666666666743,ACQUIRING,0,0,0,0,-27.173454705803003,10.278045404561745,-2.416066505823501,8.396313291073316,-2.4243245744066746,8.399884942355747,0.2970096266197424,8.49293855507337,24.820292685272335,1985.6234148217868,2202.2723059284026,0,2.5076999445445836,10.470000037457794
555,18.500000000000078,ACQUIRING,0,0,0,0,-27.267166730225508,10.156821050772848,-2.1581377641355184,8.411705914379139,-2.17528375108462,8.39186365642266,0.2970096266197424,8.49293855507337,25.153879741359415,2012.3103793087532,2209.1479960430165,0,2.521199989132583,10.87350002489984
556,18.533333333333413,ACQUIRING,0,0,0,0,-27.348308343442987,10.02684672224077,-1.8113201335586466,8.424714150907125,-1.7985337448047514,8.417459612507962,0.4443351256775373,8.530237125225206,25.600412280082402,2048.032982406592,2226.632788818168,1,3.0266999965533614,9.896200033836067
557,18.566666666666748,ACQUIRING,0,0,0,0,-27.41606880527802,9.8894210794924,-1.4011725525077336,8.45313237102284,-1.4103799730260895,8.464631716248748,0.5085406750417597,8.537393477413568,26.044689984131605,2083.575198730528,2236.58567394521,1,2.74979998357594,10.887900018133223
558,18.600000000000083,ACQUIRING,0,0,0,0,-27.469771075594586,9.745917234123207,-1.0479600867206669,8.475224942487678,-1.0671972301550297,8.499238538498252,0.5285297720850584,8.53812559317016,26.431990341894686,2114.559227351575,2241.9471694116396,1,2.893800032325089,11.078099953010678
559,18.633333333333418,ACQUIRING,0,0,0,0,-27.508878579059292,9.59776902912005,-0.7553146384527134,8.491579107989125,-0.7556601920538113,8.472632575337618,0.5657800429874766,8.544684865026039,26.776867369101232,2142.1493895280987,2247.552187426854,0,2.932000032160431,12.185399944428355
560,18.666666666666753,ACQUIRING,0,0,0,0,-27.53300056642474,9.446456712376037,-0.5006097020204152,8.5069085725178,-0.4906740595623355,8.498230501933131,0.6030303138898949,8.551244136881918,27.058945948612337,2164.715675888987,2252.021512157774,0,2.8374000103212893,10.721499973442405
561,18.700000000000088,ACQUIRING,0,0,0,0,-27.54189601876684,9.293492146542873,-0.2796370509091418,8.520852204185404,-0.27429132798775346,8.538040057381032,0.6131558364367666,8.51667760573647,27.27806762642135,2182.245410113708,2253.2612962370963,1,3.485799999907613,11.033300019335002
562,18.733333333333423,ACQUIRING,0,0,0,0,-27.535476055666237,9.140403702998999,-0.09917431731913665,8.515328645960288,-0.08182584328463881,8.530518371309128,0.6160627118737737,8.51077052231259,27.460423705791772,2196.8338964633417,2252.686322305924,1,2.9879999929107726,10.375999961979687
563,18.766666666666758,ACQUIRING,0,0,0,0,-27.51380482327208,8.988720990867993,0.04709865073669142,8.511417866332165,0.053400876497938794,8.501162217552514,0.6535249353609828,8.513352114121034,27.57151689064041,2205.7213512512326,2253.7072623398885,1,2.9909000149928033,11.763299989979714
564,18.800000000000093,ACQUIRING,0,0,0,0,-27.477098853374887,8.83995957366983,0.18238011943956836,8.510517976433755,0.19373244547004698,8.486170058943024,0.6812905295761874,8.511375399231477,27.67309292055854,2213.847433644683,2252.824517198384,0,2.3950000177137554,10.855400003492832
565,18.833333333333428,ACQUIRING,0,0,0,0,-27.425724899892494,8.69560582631117,0.3000841916819565,8.509060632228103,0.316846380672321,8.51084473405028,0.709056123791392,8.509398684341921,27.743186513420426,2219.454921073634,2250.8317770642757,0,3.9790000300854445,12.351599987596273
566,18.866666666666763,ACQUIRING,0,0,0,0,-27.361280662305518,8.556594216311384,0.4039045940384548,8.50754478676389,0.4156350969858976,8.526637481220371,0.7598876742320423,8.52943128434344,27.776931913095606,2222.1545530476483,2249.6945164166705,1,4.282000008970499,11.548199981916696
567,18.900000000000098,ACQUIRING,0,0,0,0,-27.285485498986706,8.423431230874836,0.5062083295003993,8.515764061417515,0.4998100715198202,8.506875096850496,0.8000042628775181,8.544478814737603,27.785420868131162,2222.833669450493,2246.8600493044887,1,4.559300024993718,10.697500023525208
568,18.933333333333433,ACQUIRING,0,0,0,0,-27.1998759035173,8.296355329790233,0.5995343852374199,8.52725326886988,0.5900466194071531,8.51056452555923,0.8347229553605561,8.550382209436302,27.790748090141363,2223.2598472113086,2242.8599782724245,0,4.250600002706051,12.120400031562895
569,18.966666666666768,ACQUIRING,0,0,0,0,-27.105806709551246,8.175407927091884,0.683402196593636,8.53720365351668,0.7018500706952127,8.545495729983454,0.8282380114591804,8.552482060778388,27.810119391865904,2224.809551349272,2234.927169287026,1,4.072599986102432,11.241899977903813
570,19.000000000000103,ACQUIRING,0,0,0,0,-27.004460812762535,8.060489274658995,0.7406089445730962,8.544808946752683,0.7365554877358316,8.568318799797447,0.8379265157592484,8.538717229657212,27.745664097496718,2219.6531277997374,2227.7195286708743,1,5.1933000213466585,11.7770999786444
571,19.033333333333438,ACQUIRING,0,0,0,0,-26.89686343711,7.9514017307981755,0.7882832523737308,8.543395218386648,0.7816104697459699,8.573543923311316,0.8488526520459027,8.532203941622711,27.68546511655912,2214.8372093247294,2220.1435521272306,1,3.907799953594804,12.536900001578033
572,19.066666666666773,ACQUIRING,0,0,0,0,-26.783898346260173,7.847882767693872,0.8277341469045759,8.540127390725258,0.8164833984719213,8.52565924804737,0.8533743906202519,8.543835568338178,27.608702494182175,2208.696199534574,2211.6827181252756,1,4.277199972420931,11.57440000679344
573,19.100000000000108,ACQUIRING,0,0,0,0,-26.666324364741474,7.749629796528928,0.8576396777097448,8.544069147250385,0.8512956993201599,8.5358642141484,0.8787758586205832,8.564396304586792,27.528849931471836,2202.307994517747,2204.5718180584104,1,4.397100012283772,12.557799986097962
574,19.133333333333443,ACQUIRING,0,0,0,0,-26.544791233209327,7.6563185677679195,0.8915024439450571,8.556162828731424,0.8878870164270083,8.582954088806964,0.9195701170222481,8.560010271226163,27.448323980471407,2195.865918437713,2198.3379948621086,1,4.020199994556606,11.384500015992671
575,19.166666666666778,ACQUIRING,0,0,0,0,-26.419854263004698,7.56761658949806,0.9338142408664943,8.560467934582878,0.9353151607159654,8.573739770438467,0.943766242427466,8.564012288473167,27.373665776722117,2189.893262137769,2190.5404360447583,0,3.89359996188432,12.066600029356778
576,19.200000000000113,ACQUIRING,0,0,0,0,-26.291987541787393,7.483192723926559,0.9718599299075226,8.565533326064278,0.9619813129897246,8.541922541396637,0.9657472618495584,8.578805359286715,27.274525241762895,2181.9620193410315,2182.379580068929,1,4.858500033151358,13.50319996709004
577,19.233333333333448,ACQUIRING,0,0,0,0,-26.161595622226535,7.402723880352578,1.0067516077296954,8.575533574182483,1.0042788984104847,8.556460914828127,0.9893676668042449,8.585612041533212,27.190363138724646,2175.229051097972,2174.137485145457,0,3.5846999962814152,12.171999958809465
578,19.266666666666783,ACQUIRING,0,0,0,0,-26.02902373392869,7.325899522847669,1.0399947521665678,8.584361098210405,1.0402428029847672,8.592528546076863,1.0476372896878439,8.586136297079998,27.098884477574888,2167.910758205991,2168.477835039076,1,5.523700034245849,14.255199988838285
579,19.300000000000118,ACQUIRING,0,0,0,0,-25.894566619236652,7.252424549002206,1.0875061402990345,8.590049313246748,1.0897432550764774,8.62415975608847,1.0838820143671855,8.570280374038267,27.01915314867054,2161.532251893643,2160.8493658212565,1,4.787300014868379,13.793799967970699
580,19.333333333333453,ACQUIRING,0,0,0,0,-25.758081406386093,7.182789255177615,1.1323992256406978,8.586234163834071,1.119053937960175,8.587230816306269,1.134299702862213,8.571430025857206,26.913804272472014,2153.104341797761,2154.256786795927,1,5.115400010254234,13.400700001511723
581,19.366666666666788,ACQUIRING,0,0,0,0,-25.619928640977736,7.116523872941318,1.1836716871637962,8.584850569096188,1.1787265266920957,8.585540883429605,1.1711634033059928,8.579829940557453,26.83888838556435,2147.111070845148,2146.4819627627794,1,5.253400013316423,12.742299993988127
582,19.400000000000123,ACQUIRING,0,0,0,0,-25.480401435429247,7.053203683548607,1.2313360757046672,8.587576838819805,1.2423529580360968,8.614764555949161,1.1856204966397914,8.577013555652329,26.76834090360633,2141.4672722885066,2136.761994731891,1,4.811299964785576,12.424200016539544
583,19.433333333333458,ACQUIRING,0,0,0,0,-25.339599272778567,6.992771585572526,1.2659488523793756,8.58706139728896,1.2639649573715706,8.632456417456774,1.2164583329581484,8.578061897303177,26.654046523851406,2132.323721908112,2128.266661384967,0,4.805399978067726,12.748699984513223
584,19.466666666666793,ACQUIRING,0,0,0,0,-25.197621998604237,6.935154391169063,1.3013765953375498,8.587156908456704,1.2908343681200172,8.585462858791137,1.2520770651176967,8.609100579794045,26.539816102041094,2123.1852881632876,2120.209312540801,1,4.745899990666658,13.825599977280945
585,19.500000000000128,ACQUIRING,0,0,0,0,-25.05463007950577,6.880103518828687,1.3382538701849223,8.601711847515803,1.329520160533586,8.581419244981657,1.2841616939417035,8.617969993780138,26.438945877039504,2115.1156701631603,2111.6850249520216,0,4.405100014992058,12.617800035513937
586,19.533333333333463,ACQUIRING,0,0,0,0,-24.910470289524163,6.828187794569477,1.3740531377248062,8.613496796546409,1.396244662991212,8.586643236299112,1.3162463227657104,8.62683940776623,26.365420860161603,2109.233668812928,2103.0656661352514,0,4.876099992543459,12.974000012036413
587,19.566666666666798,ACQUIRING,0,0,0,0,-24.76516130416843,6.7795813521180195,1.409255084280219,8.62494173513281,1.4139445413395746,8.633709741420047,1.324842289238678,8.619988172152343,26.24468279393613,2099.57462351489,2092.386786067585,1,4.729799984488636,13.081500015687197
588,19.600000000000133,SEARCH,0,0,0,0,-24.618811216433617,6.734205815835655,1.4337806946778997,8.629185266043262,1.4364704534106676,8.640886115849561,nan,nan,26.124952299695874,2089.9961839756697,nan,1,5.017099960241467,12.921500019729137
589,19.633333333333468,SEARCH,0,0,0,0,-24.471464863494294,6.6921779709185145,1.3694174161866917,8.544539908064825,1.3715232259616594,8.535532071011751,nan,nan,25.908646968340374,2072.6917574672298,nan,1,4.03589999768883,12.526200036518276
590,19.666666666666803,SEARCH,0,0,0,0,-24.32328624021758,6.653185880993545,1.2161652488065946,8.3710056611975,1.209134498687201,8.343158509363038,nan,nan,25.58828865463834,2047.0630923710673,nan,1,3.8997000083327293,13.311300019267946
591,19.700000000000138,SEARCH,0,0,0,0,-24.174293122903364,6.617432021539053,0.9740241925376087,8.108582525441287,0.9770004099168352,8.152361262154155,nan,nan,25.198086716014345,2015.8469372811476,nan,0,3.67450003977865,13.326499960385263
592,19.733333333333473,SEARCH,0,0,0,0,-24.024736496288423,6.584113814677671,0.6429942473797341,7.757270500796185,0.639232218655928,7.785753604586146,nan,nan,24.6932235837374,1975.4578866989918,nan,0,3.4259000094607472,13.03499995265156
593,19.766666666666808,SEARCH,0,0,0,0,-23.874590921550688,6.553559046480645,0.22307541333297054,7.317069587262194,0.2005777546801098,7.302313072584904,nan,nan,24.086809240340905,1926.9447392272725,nan,0,3.8237000117078424,14.194699993822724
594,19.800000000000143,SEARCH,0,0,0,0,-23.72393475301794,6.525630452603913,-0.2857323096026819,6.7879797848393135,-0.2726664770083912,6.76701532758879,nan,nan,23.452510535361522,1876.2008428289219,nan,0,4.43289999384433,12.83069996861741
595,19.833333333333478,ACQUIRING,0,0,0,0,-23.57288577504027,6.499910932297326,-0.8834289214272232,6.170001093527544,-0.8678635138509412,6.172249887618933,1.5250511255211334,8.529625506673085,22.707386411502814,1816.590912920225,2014.390115810532,3,4.338499973528087,12.632000027224422
596,19.866666666666813,ACQUIRING,0,0,0,0,-23.421556147234597,6.475897785458653,-1.3922366443628755,5.640911291104664,-1.387734312833511,5.66841823039023,1.5512778080214225,8.501130211698985,22.048612833055586,1763.8890266444469,2004.3855950583293,4,4.726799961645156,11.531800031661987
597,19.900000000000148,ACQUIRING,0,0,0,0,-23.270034893883885,6.453125054925658,-1.8121554784096392,5.2007103775706724,-1.8070570686452299,5.202948891780762,1.577134809339105,8.473036575392337,21.499357143077138,1719.948571446171,1994.3309812546584,0,3.50389996310696,11.840599996503443
598,19.933333333333483,ACQUIRING,0,0,0,0,-23.118287064846342,6.431914589223741,-2.143185423567514,4.84939835292557,-2.151639466410071,4.805018721348098,1.6029918106567878,8.444942939085688,21.02967193471939,1682.373754777551,1984.2482302417634,0,3.7736999802291393,11.173800041433424
599,19.966666666666818,ACQUIRING,0,0,0,0,-22.96639839818667,6.411737364111105,-2.3853264798364995,4.586975217169357,-2.3727733277159047,4.54267829198915,1.6288488119744704,8.41684930277904,20.678268190499015,1654.2614552399211,1974.1475676806383,0,4.003699985332787,11.020800040569156
600,20.000000000000153,ACQUIRING,0,0,0,0,-22.814280822068763,6.393365360711575,-2.5385786472165965,4.413440970302032,-2.540711637144182,4.425779967610274,1.654705813292153,8.388755666472392,20.368824211894736,1629.5059369515789,1964.0169277214213,0,3.4712000051513314,11.126200028229505
601,20.033333333333488,SEARCH,0,0,0,0,-22.66192353676656,6.3771005186206375,-2.6029419257078046,4.328795612323597,-2.599861999321514,4.340329791313086,nan,nan,20.165186538384635,1613.2149230707707,nan,0,3.659200039692223,10.550799954216927
602,20.066666666666823,SEARCH,0,0,0,0,-22.50937181003712,6.362773685587295,-2.7561940930879016,4.155261365456272,-2.750741203311891,4.134379602712166,nan,nan,19.883893573483338,1590.711485878667,nan,0,3.277099982369691,11.69429998844862
603,20.100000000000158,SEARCH,0,0,0,0,-22.35666046006859,6.350262448091042,-2.9983351493568873,3.8928382297000583,-3.004583754168045,3.8853080441950008,nan,nan,19.508430819631418,1560.6744655705133,nan,0,4.28619998274371,11.478500033263117
604,20.133333333333493,SEARCH,0,0,0,0,-22.203822036450337,6.33941331269755,-3.329365094514762,3.541526205054956,-3.333395162308314,3.55880659078791,nan,nan,19.074191572757954,1525.9353258206363,nan,0,3.276799980085343,11.45709998672828
605,20.166666666666828,SEARCH,0,0,0,0,-22.050868313639363,6.330333326400063,-3.7492839285615256,3.1013252915209644,-3.7621200239450796,3.1171433508470927,nan,nan,18.568869212280795,1485.5095369824637,nan,0,3.388000011909753,10.890099976677448
606,20.200000000000163,SEARCH,0,0,0,0,-21.897787480966993,6.323734376390151,-4.258091651497178,2.5722354890980843,-4.279509904070021,2.544005891917982,nan,nan,18.01915792130478,1441.5326337043828,nan,0,2.9838000191375613,13.268199982121587
607,20.233333333333498,SEARCH,0,0,0,0,-21.744604716397674,6.320223235293547,-4.8557882633217195,1.9542567977863152,-4.833907527046507,1.9363919156375407,nan,nan,17.469678201647746,1397.5742561318198,nan,0,3.445000038482249,12.6765999593772
608,20.266666666666833,SEARCH,0,0,0,0,-21.591382212907654,6.320612975141808,-5.542373764035149,1.3711208154289602,-5.507247475168065,1.3927317549911984,nan,nan,16.82211055669515,1345.768844535612,nan,0,3.6709000123664737,11.975599976722151
609,20.300000000000168,SEARCH,0,0,0,0,-21.43820405462011,6.32431963084943,-6.317848153637469,0.8768737219604941,-6.309422226754904,0.8863352435006798,nan,nan,16.076433491051215,1286.114679284097,nan,0,3.687300020828843,11.84389996342361
610,20.333333333333503,SEARCH,0,0,0,0,-21.285163197973528,6.331788477465919,-7.151181486970802,0.46382330347357037,-7.161354646865202,0.45266639502182315,nan,nan,15.298563476635396,1223.8850781308315,nan,0,3.3442999701946974,10.939600004348904
611,20.366666666666838,SEARCH,0,0,0,0,-21.1323178460069,6.342539563694592,-7.984514820304135,0.09109307770179453,-7.9769069801350945,0.06558919085633501,nan,nan,14.576177174862147,1166.0941739889718,nan,0,3.225299995392561,12.224200007040054
612,20.400000000000173,SEARCH,0,0,0,0,-20.979776547586027,6.356977006299616,-8.817848153637469,-0.26205823122114774,-8.803559172718217,-0.2593370901079031,nan,nan,13.857701172357325,1108.616093788586,nan,0,3.683700051624328,12.149699963629246
613,20.433333333333508,SEARCH,0,0,0,0,-20.827679424752365,6.37551757529361,-9.651181486970803,-0.6112371322269619,-9.62969760547461,-0.587974947134499,nan,nan,13.186547119499757,1054.9237695599807,nan,0,3.6218000459484756,9.836099983658642
614,20.466666666666843,SEARCH,0,0,0,0,-20.67616010800294,6.398303187523399,-10.484514820304137,-0.9673952143026475,-10.483828747643065,-0.9535668796712696,nan,nan,12.567164041433067,1005.3731233146455,nan,0,4.314100020565093,9.628599975258112
615,20.500000000000178,SEARCH,0,0,0,0,-20.525314232784723,6.425188302411562,-11.31784815363747,-1.3365487913636236,-11.325391264037835,-1.371089967085639,nan,nan,12.059043804809352,964.7235043847483,nan,0,2.904099994339049,8.483299985527992
616,20.533333333333513,SEARCH,0,0,0,0,-20.37524429092152,6.456112403402111,-12.151181486970804,-1.71709328414941,-12.135009872180746,-1.7390754102437678,nan,nan,11.621642163512435,929.7313730809948,nan,0,3.1000999733805656,8.924400026444346
617,20.566666666666848,SEARCH,0,0,0,0,-20.226115463649812,6.49129592723735,-12.984514820304138,-2.1053672373934327,-12.97042279221366,-2.080354388816034,nan,nan,11.230238879161492,898.4191103329194,nan,0,2.572299970779568,8.783700002823025
618,20.600000000000183,SEARCH,0,0,0,0,-20.07810795423224,6.530932584877806,-13.817848153637472,-2.496453616697454,-13.822254616837471,-2.4731189467077876,nan,nan,10.963970310176974,877.1176248141579,nan,0,1.9699999829754233,9.051300003193319
619,20.633333333333518,SEARCH,0,0,0,0,-19.931291176038055,6.574774586583681,-14.651181486970806,-2.884777097754484,-14.663200168967666,-2.8943984828687164,nan,nan,10.835959647304822,866.8767717843857,nan,0,1.990600023418665,9.385199984535575
620,20.666666666666853,SEARCH,0,0,0,0,-19.785776651989288,6.622762197107229,-15.39562593141525,-3.2645440779195383,-15.396057187315522,-3.3033298915869507,nan,nan,10.853429924764471,868.2743939811577,nan,0,2.115099981892854,9.674199973233044
621,20.700000000000188,SEARCH,0,0,0,0,-19.641540146046964,6.674464400410849,-16.051181486970805,-3.6300613183855925,-16.04473742289316,-3.6154247841666964,nan,nan,10.900404087013131,872.0323269610504,nan,0,2.6106000295840204,10.826599958818406
622,20.733333333333523,SEARCH,0,0,0,0,-19.498458965654752,6.729282857981916,-16.61784815363747,-3.9759610179757794,-16.623591147492398,-3.943959517486533,nan,nan,11.053640476214204,884.2912380971362,nan,0,2.27569998241961,11.636300012469292
623,20.766666666666858,SEARCH,0,0,0,0,-19.35660916624989,6.787213177174023,-17.09562593141525,-4.29735394376313,-17.118311659104187,-4.292517023890338,nan,nan,11.303556832204293,904.2845465763436,nan,0,2.3271000245586038,10.077399958390743
624,20.800000000000193,SEARCH,0,0,0,0,-19.2162983722666,6.84877752208793,-17.48451482030414,-4.589927487128568,-17.501398245734816,-4.616412131847634,nan,nan,11.592732906639824,927.418632531186,nan,0,2.1762000396847725,10.027799988165498
625,20.833333333333528,SEARCH,0,0,0,0,-19.077680801766718,6.914065014164201,-17.78451482030414,-4.85000182297093,-17.76503421122049,-4.8512802447120755,nan,nan,11.838344062082125,947.0675249665701,nan,0,2.4298999924212694,9.291700029280037
626,20.866666666666863,SEARCH,0,0,0,0,-18.940727445854485,6.9827750263696755,-17.99562593141525,-5.074554471138657,-17.970278590210302,-5.038898271040927,nan,nan,12.060779404793713,964.8623523834971,nan,0,2.234899962786585,9.19500004965812
627,20.900000000000198,SEARCH,0,0,0,0,-18.805876033673435,7.055523800281512,-18.117848153637475,-5.261221306040787,-18.117402973589765,-5.2704966377193925,nan,nan,12.34523288530747,987.6186308245975,nan,0,2.5670999893918633,10.284400021191686
628,20.933333333333533,SEARCH,0,0,0,0,-18.673179133869542,7.132132026049601,-18.15118148697081,-5.408280292575573,-18.143252618549543,-5.42414974042535,nan,nan,12.567459326003428,1005.3967460802742,nan,0,2.085199987050146,9.585099993273616
629,20.966666666666868,SEARCH,0,0,0,0,-18.542690870919913,7.212444545031934,-18.095625931415253,-5.514622837193572,-18.11054940829726,-5.537462887590595,nan,nan,12.75722876584726,1020.578301267781,nan,0,2.483899996150285,10.668300034012645
630,21.000000000000203,SEARCH,0,0,0,0,-18.414356902339943,7.296156431771001,-17.951181486970807,-5.579716549944144,-17.969455715347056,-5.559201893413863,nan,nan,12.863054642466828,1029.0443713973464,nan,0,2.691200003027916,9.655100002419204
631,21.033333333333537,SEARCH,0,0,0,0,-18.288697758369057,7.383832352122052,-17.717848153637473,-5.603562353090317,-17.727366206258406,-5.589204596859901,nan,nan,12.9851754239612,1038.814033916896,nan,0,2.4545000051148236,10.005099989939481
632,21.066666666666872,SEARCH,0,0,0,0,-18.1658348793464,7.475385617662733,-17.39562593141525,-5.586648194728139,-17.409842835844255,-5.6336532836382345,nan,nan,13.13081965779976,1050.4655726239807,nan,0,2.414099988527596,11.852399969939142
633,21.100000000000207,SEARCH,0,0,0,0,-18.045726576964086,7.570523849576816,-16.98451482030414,-5.529901093018956,-16.979979868875375,-5.568229491447715,nan,nan,13.181906364486329,1054.5525091589063,nan,0,2.459599985741079,9.986500022932887
634,21.133333333333542,SEARCH,0,0,0,0,-17.927918653328863,7.668496195683546,-16.48451482030414,-5.434638817692904,-16.480574411600045,-5.417990207217004,nan,nan,13.166280102115653,1053.3024081692522,nan,0,2.6871999725699425,10.286600037943572
635,21.166666666666877,SEARCH,0,0,0,0,-17.811987046825436,7.768681773919306,-15.89562593141525,-5.302522186460046,-15.901525861169564,-5.283498816262379,nan,nan,13.191257714888796,1055.3006171911036,nan,0,2.40019999910146,9.37859999248758
636,21.200000000000212,SEARCH,0,0,0,0,-17.697706257541306,7.870746403803981,-15.229152549227162,-5.135508695997377,-15.232892283166654,-5.132488903982275,nan,nan,13.234781312811016,1058.7825050248812,nan,0,2.5821999879553914,10.181999998167157
637,21.233333333333547,SEARCH,0,0,0,0,-17.585523501170965,7.975112665814518,-14.647810076994663,-4.93580800536766,-14.657838906337762,-4.962613704736009,nan,nan,13.264844542099324,1061.187563367946,nan,0,2.472299966029823,10.93729998683557
638,21.266666666666882,SEARCH,0,0,0,0,-17.47508298161566,8.081320853414407,-14.140907004537572,-4.705839632298249,-14.12649657108025,-4.68308174557331,nan,nan,13.19632542255104,1055.706033804083,nan,0,2.194400003645569,9.877899952698499
639,21.300000000000217,SEARCH,0,0,0,0,-17.36591591324517,8.188837543543393,-13.700128537724169,-4.4481931003949695,-13.694963608460359,-4.424135824625298,nan,nan,13.136323230270243,1050.9058584216193,nan,0,2.21210002200678,11.85279997298494
640,21.333333333333552,SEARCH,0,0,0,0,-17.257946159368167,8.297556537838954,-13.318997270001791,-4.165590680720291,-13.313803434215492,-4.171512349132267,nan,nan,13.077994523030224,1046.2395618424177,nan,0,2.2902999771758914,9.15769999846816
641,21.366666666666887,SEARCH,0,0,0,0,-17.151620197812782,8.40788367580701,-12.992445210528532,-3.8608527983930294,-12.982304513504229,-3.8900333914255247,nan,nan,12.985451762181807,1038.8361409745446,nan,0,2.2606999846175313,8.949399983976036
642,21.400000000000222,SEARCH,0,0,0,0,-17.04708426023305,8.519908339284413,-12.716474993011603,-3.536866119348421,-12.693538335938879,-3.5224684260771992,nan,nan,12.805163031912542,1024.4130425530034,nan,0,2.2531000431627035,10.653999983333051
643,21.433333333333557,SEARCH,0,0,0,0,-16.944184690759247,8.633437921662775,-12.487892486722176,-3.1965542904725917,-12.475677736906126,-3.1571138423889042,nan,nan,12.608912137746692,1008.7129710197354,nan,0,2.291400043759495,9.333699999842793
644,21.466666666666892,SEARCH,0,0,0,0,-16.84279667370895,8.748319414826417,-12.30409655428725,-2.842851275094496,-12.312790815524712,-2.8425762774596364,nan,nan,12.444670185450432,995.5736148360346,nan,0,2.189299964811653,8.533600019291043
645,21.500000000000227,SEARCH,0,0,0,0,-16.74306967067406,8.864645733166588,-12.162914523925124,-2.478677202984254,-12.154340376746283,-2.51523184641103,nan,nan,12.270209870215108,981.6167896172086,nan,0,2.320900035556406,10.392999975010753
646,21.533333333333562,SEARCH,0,0,0,0,-16.644941200920712,8.982323644844037,-12.062474206228059,-2.106916637749957,-12.04624826655245,-2.118553142222203,nan,nan,12.015716464124587,961.257317129967,nan,0,2.0352000137791038,9.692199993878603
647,21.566666666666897,SEARCH,0,0,0,0,-16.54847216883987,9.101365710191898,-12.001105099035389,-1.7303991534048988,-11.985782076945812,-1.727128328590033,nan,nan,11.750507394261916,940.0405915409533,nan,0,2.2252000053413212,8.839499962050468
648,21.600000000000232,SEARCH,0,0,0,0,-16.453831870056135,9.221866753004916,-11.97726287775681,-1.351882104753501,-11.966771454200414,-1.3637352006424024,nan,nan,11.497333599430837,919.786687954467,nan,0,2.354900003410876,8.740800025407225
649,21.633333333333567,SEARCH,0,0,0,0,-16.360422836946668,9.343324729303113,-11.989472434255473,-0.9740354722150837,-11.9917866168848,-0.9934856837690665,nan,nan,11.222060057718185,897.7648046174548,nan,0,2.2612999891862273,8.615400001872331
650,21.666666666666902,SEARCH,0,0,0,0,-16.26805684474791,9.465577790442858,-12.03628566237751,-0.5994286600572838,-12.01681562172654,-0.6171451767203898,nan,nan,10.942319423635809,875.3855538908647,nan,0,2.106200030539185,10.893900005612522
651,21.700000000000237,SEARCH,0,0,0,0,-16.176811911769818,9.588669827873078,-12.116250938294217,-0.23051912718246648,-12.106132755645621,-0.19455180718925102,nan,nan,10.596313243428378,847.7050594742703,nan,0,2.222800045274198,9.51040000654757
652,21.733333333333572,SEARCH,0,0,0,0,-16.08644654092362,9.712409018207945,-12.227891845740332,0.13035726884292725,-12.249199333954293,0.1790892550484529,nan,nan,10.276607019539146,822.1285615631317,nan,0,2.277499996125698,10.120199993252754
653,21.766666666666907,SEARCH,0,0,0,0,-15.99713218321512,9.83690894985458,-12.369693179404468,0.480994331254036,-12.384444405026791,0.4736407523164407,nan,nan,10.03605023511244,802.8840188089952,nan,0,2.5845999480225146,10.586800053715706
654,21.800000000000242,SEARCH,0,0,0,0,-15.909290836819201,9.96245250937179,-12.540092647714816,0.8193221004631763,-12.523249249523651,0.8129958128735573,nan,nan,9.755912846678742,780.4730277342994,nan,0,2.352000039536506,8.93559999531135
655,21.833333333333577,SEARCH,0,0,0,0,-15.822686590634094,10.088852636015748,-12.737477007934647,1.1434120569019177,-12.734512725397607,1.1462178476939937,nan,nan,9.460842181287674,756.867374503014,nan,0,2.2843999904580414,9.13570000557229
656,21.866666666666912,SEARCH,0,0,0,0,-15.737846261239778,10.216443411470571,-12.960181616951871,1.451481055660684,-12.950402203571176,1.4830553000009712,nan,nan,9.1674376071065,733.39500856852,nan,0,2.25349998800084,10.137600009329617
657,21.900000000000247,SEARCH,0,0,0,0,-15.654959892912023,10.345312094316075,-13.206492582523456,1.7418940937956628,-13.231254284510714,1.7361955213243732,nan,nan,8.94378203242657,715.5025625941256,nan,0,2.613400050904602,9.261599974706769
658,21.933333333333582,SEARCH,0,0,0,0,-15.574102669396428,10.475463532564941,-13.474650861719374,2.0131660065774533,-13.463177502573467,1.9839082127707108,nan,nan,8.750000960517218,700.0000768413774,nan,0,2.1153000416234136,11.278299964033067
659,21.966666666666917,SEARCH,0,0,0,0,-15.495274214133122,10.606853646780968,-13.762857783675514,2.2639621843050346,-13.731294901808798,2.262042769952684,nan,nan,8.529214007418258,682.3371205934607,nan,0,2.1921999868936837,11.58900000154972
660,22.000000000000252,SEARCH,0,0,0,0,-15.417548792976444,10.738899269120052,-14.069281578740199,2.493098396662345,-14.055562125551981,2.539307504470944,nan,nan,8.311937968316624,664.9550374653298,nan,0,2.4160000029951334,13.403700024355203
661,22.033333333333587,SEARCH,0,0,0,0,-15.341564890191423,10.871954648531995,-14.39206458067832,2.69953980699869,-14.408206806006142,2.7152795272060595,nan,nan,8.209902943894738,656.792235511579,nan,0,2.556100022047758,11.850299953948706
662,22.066666666666922,SEARCH,0,0,0,0,-15.266642602874537,11.005610693423744,-14.729330836784206,2.8823992544025487,-14.732272413914279,2.873046774742107,nan,nan,8.15010106626242,652.0080853009937,nan,0,2.1971999667584896,11.425200034864247
663,22.100000000000257,SEARCH,0,0,0,0,-15.19321035993451,11.140091149883766,-15.079193915759681,3.0409348770363245,-15.093316550226014,3.059156147225285,nan,nan,8.08155240596812,646.5241924774496,nan,0,2.84620001912117,10.87790000019595
664,22.133333333333592,SEARCH,0,0,0,0,-15.121051815162852,11.27525931140613,-15.439764747612688,3.174547145925362,-15.433116339861533,3.192222422943585,nan,nan,8.08905863545454,647.1246908363632,nan,0,2.162099990528077,11.192300007678568
665,22.166666666666927,SEARCH,0,0,0,0,-15.050758099714205,11.411406588431136,-15.809159365690832,3.2827753742608223,-15.814813957209552,3.3062742861737995,nan,nan,8.141065715891763,651.285257271341,nan,0,2.1525000338442624,11.521899956278503
666,22.200000000000262,SEARCH,0,0,0,0,-14.982119238376475,11.548395617872034,-16.18550644994169,3.3652937632910724,-16.199416681954432,3.3626879759218893,nan,nan,8.2757249027274,662.057992218192,nan,0,2.377500000875443,10.809600003995001
667,22.233333333333597,SEARCH,0,0,0,0,-14.915292177316347,11.686277565142028,-16.56695459391971,3.421907042045187,-16.5614983624227,3.415024865960664,nan,nan,8.433481844267966,674.6785475414372,nan,0,2.529699995648116,11.722899973392487
668,22.266666666666932,SEARCH,0,0,0,0,-14.850041984945944,11.824912697300238,-16.951679237007617,3.45254575445736,-16.937257587496852,3.459954379758975,nan,nan,8.621426600379701,689.7141280303762,nan,0,2.0755999721586704,11.6233000298962
669,22.300000000000267,SEARCH,0,0,0,0,-14.786998604058713,11.964565193157659,-17.33788921864872,3.45726124394296,-17.33897473937435,3.4844462045643705,nan,nan,8.855789081494715,708.4631265195771,nan,0,2.29639996541664,11.518500046804547
670,22.333333333333602,SEARCH,0,0,0,0,-14.725610314136206,12.104953103368224,-17.72383292378641,3.4362203821145796,-17.72938458443466,3.4227543752355833,nan,nan,9.187123305022908,734.9698644018326,nan,0,2.021899970714003,10.644200025126338
671,22.366666666666937,SEARCH,0,0,0,1,-14.665781006196966,12.246012457487016,-18.107803998735317,3.389700085117501,-18.110702522049777,3.3891132512898534,nan,nan,9.503270373882959,760.2616299106368,nan,0,2.420900040306151,12.828699953388423
672,22.400000000000272,SEARCH,0,0,0,1,-14.60692918622324,12.387482421644357,-18.48814662481283,3.318081658005497,-18.46716213452938,3.324425656484076,nan,nan,9.85090840195491,788.072672156393,nan,0,1.9440000178292394,10.34759997855872
673,22.433333333333607,SEARCH,0,0,0,1,-14.548194991626652,12.529001260877829,-18.86326034360144,3.2218450046661533,-18.862839208584933,3.2380185017133347,nan,nan,10.243950182913983,819.5160146331186,nan,0,2.1730000153183937,9.94590000482276
674,22.466666666666942,SEARCH,0,0,0,1,-14.489234223928204,12.670425853312485,-19.23160443298263,3.101562738035779,-19.246682977429685,3.099340138462905,nan,nan,10.688264611394617,855.0611689115693,nan,0,2.1773999906145036,11.309000023175031
675,22.500000000000277,SEARCH,0,0,0,1,-14.430322303454325,12.811870800549842,-19.59170183731747,2.957894222713133,-19.595871651391725,2.956143901814513,nan,nan,11.127365041573483,890.1892033258786,nan,0,2.0478999940678477,10.127799992915243
676,22.533333333333612,SEARCH,0,0,0,1,-14.371158132802197,12.953210421265142,-19.942142658537396,2.791579579583982,-19.937725617212262,2.7894757515089417,nan,nan,11.588277524968738,927.0622019974991,nan,0,2.215699991211295,11.473999998997897
677,22.566666666666947,SEARCH,0,0,0,1,-14.312075849990151,13.09458429201436,-20.281587217605423,2.6034336797002355,-20.255318539171437,2.6284974366630403,nan,nan,12.035826009305074,962.866080744406,nan,0,2.1388999884948134,8.926200040150434
678,22.600000000000282,SEARCH,0,0,0,1,-14.252576537673688,13.235783156410527,-20.60876869793758,2.3943401524133425,-20.605073109037285,2.4045392498403357,nan,nan,12.556673813267594,1004.5339050614075,nan,0,1.9574000034481287,8.601500012446195
679,22.633333333333617,SEARCH,0,0,0,1,-14.192642701284532,13.376798129830291,-20.92249538403837,2.16524543063706,-20.960830936668486,2.162464367749748,nan,nan,13.09845997500963,1047.8767980007703,nan,0,2.050300012342632,9.564700012560934
680,22.666666666666952,ACQUIRING,0,0,0,1,-14.132150888405755,13.517574647927374,-21.22165250988499,1.9171528541048422,-21.240365404650166,1.8867835402615607,-25.203109978764658,1.5484028541048422,13.630921296783498,1090.4737037426798,1304.3366647866642,1,2.6376000023446977,8.178999996744096
681,22.700000000000287,ACQUIRING,0,0,0,1,-14.07123739860375,13.658169221908876,-21.609698524620498,1.7579491664615134,-21.619667706043714,1.7628911742952815,-25.203109978764658,1.5484028541048422,14.088166663420619,1127.0533330736496,1315.9088810369472,0,2.989600005093962,9.635700029321015
682,22.733333333333622,ACQUIRING,0,0,0,1,-14.010078200333838,13.798657085939478,-22.086633428244895,1.6876343677070735,-22.111749944370054,1.6994462092013187,-25.203109978764658,1.5484028541048422,14.561180889196239,1164.8944711356992,1327.5003617627701,0,2.3554000072181225,9.20949998544529
683,22.766666666666957,ACQUIRING,0,0,0,1,-13.949156699106508,13.9392481886491,-22.588139077857825,1.6675462288077798,-22.612676768550624,1.644392536376862,-25.203109978764658,1.5484028541048422,15.040613534822029,1203.2490827857623,1339.097039113329,0,2.2628000006079674,7.936900015920401
684,22.800000000000292,ACQUIRING,0,0,0,1,-13.888134838991666,14.079795760883643,-23.006284676847457,1.6482285893018873,-23.011822881464887,1.626873248588435,-25.203109978764658,1.5484028541048422,15.437518019215318,1235.0014415372254,1350.7081889977496,0,2.6168000185862184,9.069500025361776
685,22.833333333333627,SEARCH,0,0,0,1,-13.827590416816642,14.220549661065457,-23.36012780370438,1.632036572668864,-23.341368549584104,1.653618719044755,nan,nan,15.761970931994565,1260.9576745595652,nan,0,2.174599969293922,9.277999983169138
686,22.866666666666962,SEARCH,0,0,0,1,-13.768350876305657,14.3618577086528,-23.625082041672414,1.5269556671469517,-23.611945434932228,1.5540891703100308,nan,nan,16.153491534847365,1292.2793227877892,nan,0,2.1429999615065753,7.985600037500262
687,22.900000000000297,SEARCH,0,0,0,1,-13.709909484993505,14.503497714492955,-23.80114739075156,1.3329858727361505,-23.813959457703813,1.3410481612043998,nan,nan,16.593429545874272,1327.4743636699418,nan,0,2.2879000171087682,8.86440003523603
688,22.933333333333632,SEARCH,0,0,0,1,-13.652416998821328,14.645525533974356,-23.888323850941816,1.0501271894364606,-23.899595301914072,1.0193258316980094,nan,nan,17.049280967292745,1363.9424773834198,nan,0,2.4736999766901135,9.070100029930472
689,22.966666666666967,SEARCH,0,0,0,1,-13.596551080240875,14.788200993020617,-23.886611422243185,0.7409183717783705,-23.86613485257063,0.7253051774429119,nan,nan,17.41348298235283,1393.0786385882263,nan,0,2.2175999474711716,8.672900032252073
690,23.000000000000302,SEARCH,0,0,0,1,-13.54222904548601,14.93147138079489,-23.796010104655664,0.41760086592940693,-23.7801949687718,0.4486052091224013,nan,nan,17.73610325840872,1418.8882606726972,nan,0,2.1026000031270087,8.182100020349026
691,23.033333333333637,SEARCH,0,0,0,1,-13.489208399416187,15.075228462579537,-23.722672954780997,0.08155725073632791,-23.71091895393518,0.07087389990313715,nan,nan,18.155275335363907,1452.4220268291126,nan,0,2.0768000395037234,8.876899955794215
692,23.066666666666972,SEARCH,0,0,0,1,-13.436642231133039,15.219152350190061,-23.68242178196752,-0.2658425040451576,-23.69585693134729,-0.2949907676789557,nan,nan,18.599465662938137,1487.9572530350508,nan,0,2.1073000389151275,8.509900013450533
693,23.100000000000307,SEARCH,0,0,0,1,-13.384077566506093,15.363076786980885,-23.664137762772953,-0.6232396778437953,-23.64599964067278,-0.6343820609145614,nan,nan,19.005939446561904,1520.4751557249524,nan,0,2.217800007201731,7.916799979284406
694,23.133333333333642,SEARCH,0,0,0,1,-13.332122172332175,15.50722228461828,-23.658909745769968,-0.9892865169694518,-23.62668631512387,-0.9662968028179111,nan,nan,19.42562436613498,1554.0499492907982,nan,0,2.4326000129804015,8.39039997663349
695,23.166666666666977,SEARCH,0,0,0,1,-13.28032857140678,15.651425995999368,-23.659607320565833,-1.3626467738581174,-23.662371336109718,-1.338680577502445,nan,nan,19.911065600491355,1592.8852480393082,nan,0,2.1635000011883676,9.096699999645352
696,23.200000000000312,SEARCH,0,0,0,1,-13.228650760875444,15.795671243309588,-23.66053883756406,-1.7419968628243687,-23.674891216579507,-1.7663503582215823,nan,nan,20.434004560805885,1634.7203648644709,nan,0,2.1889000199735165,9.21999994898215
697,23.233333333333647,SEARCH,0,0,0,1,-13.176813142074423,15.93985913721868,-23.65717736270455,-2.126027468229782,-23.66402872685829,-2.1266023341129894,nan,nan,20.889679768173693,1671.1743814538952,nan,0,2.2518999758176506,8.901700028218329
698,23.266666666666982,SEARCH,0,0,0,1,-13.123935266165468,16.083668795142813,-23.645940957326786,-2.5134454738631087,-23.6557741862304,-2.4992500994351454,nan,nan,21.35988075061883,1708.7904600495065,nan,0,2.4219999904744327,9.142499999143183
699,23.300000000000317,SEARCH,0,0,0,1,-13.056964549887626,16.221481024767517,-23.62401639792068,-2.902976108755922,-23.627060213188,-2.877313880492983,nan,nan,21.828671264291966,1746.2937011433573,nan,0,2.666699991095811,9.600499994121492
700,23.333333333333652,SEARCH,0,0,0,1,-12.976570142500368,16.351918851849046,-23.58921763011908,-3.2933652259084165,-23.607118949251888,-3.3281566178664814,nan,nan,22.367698550061537,1789.4158840049229,nan,0,2.2196000209078193,10.563399991951883
701,23.366666666666987,SEARCH,0,0,0,1,-12.883555318347451,16.473678984736214,-23.539871994851346,-3.6833816475007874,-23.533027877731524,-3.7074494310376394,nan,nan,22.818615425284445,1825.4892340227557,nan,0,2.6285999920219183,8.03630001610145
702,23.400000000000322,SEARCH,0,0,0,1,-12.778849450805197,16.585544836429765,-23.47472865932434,-4.071819523937589,-23.460973913244533,-4.053168864341412,nan,nan,23.239283256018133,1859.1426604814505,nan,0,2.109199995175004,9.365900012198836
703,23.433333333333657,SEARCH,0,0,0,1,-12.663498726290932,16.68639868031751,-23.3928848011899,-4.457500665173641,-23.39344893074366,-4.433598436928176,nan,nan,23.6893670160792,1895.149361286336,nan,0,2.2782000014558434,8.755799965001643
704,23.466666666666992,SEARCH,0,0,0,1,-12.538655691114121,16.77523281812917,-23.293725986708647,-4.83927681172694,-23.319892753437237,-4.834614996581741,nan,nan,24.14996056247247,1931.9968449977976,nan,0,2.2802999592386186,9.037300013005733
705,23.500000000000327,SEARCH,0,0,0,1,-12.40556773561463,16.85115964852439,-23.176877897578464,-5.216031820018325,-23.19129162152332,-5.244370758888944,nan,nan,24.587482663501536,1966.9986130801228,nan,0,2.1748000290244818,9.019599994644523
706,23.533333333333662,SEARCH,0,0,0,1,-12.26556463065078,16.91342053571194,-23.042167132081833,-5.58668374252722,-23.047763594240458,-5.603400550401599,nan,nan,24.965236756627835,1997.218940530227,nan,0,2.24910001270473,9.359899966511875
707,23.566666666666997,SEARCH,0,0,0,1,-12.120045240968498,16.96139338948775,-22.889589262895985,-5.950186787988008,-22.88775535685233,-5.929143565846013,nan,nan,25.296645296228665,2023.7316236982933,nan,0,2.3465999984182417,8.729799999855459
708,23.600000000000332,ACQUIRING,0,0,0,1,-11.970463548207173,16.99459888095461,-22.719282699164335,-6.3055331506894285,-22.7327188184387,-6.292973745093058,-26.70113510880289,-7.7742831506894285,25.654184401673557,2052.3347521338846,2305.4581520884976,1,2.55279999691993,8.776100003160536
709,23.633333333333667,ACQUIRING,0,0,0,1,-11.818314123195742,17.01270523181806,-22.637865024321574,-6.57199062450196,-22.664516611439804,-6.597062352294241,-26.70113510880289,-7.7742831506894285,25.98194053168069,2078.555242534455,2312.945347994806,0,2.2128000273369253,10.08089998504147
710,23.666666666667002,ACQUIRING,0,0,0,1,-11.665117192695009,17.015531529405436,-22.6453362383677,-6.760533751023793,-22.652479098043067,-6.777380166873939,-26.70113510880289,-7.7742831506894285,26.20734188402253,2096.5873507218025,2319.4713144465854,0,2.445799997076392,8.291899983305484
711,23.700000000000337,ACQUIRING,0,0,0,1,-11.512388921155216,17.00322858076023,-22.741696341302717,-6.922111934600781,-22.72611097335715,-6.904389944773251,-26.70113510880289,-7.7742831506894285,26.40685111531611,2112.5480892252885,2324.9920063241952,0,2.6901999954134226,8.334600017406046
712,23.733333333333672,ACQUIRING,0,0,0,1,-11.36137221510656,16.977320242968833,-22.92694533312662,-7.058582096515563,-22.93939318338362,-7.02042576509174,-26.70113510880289,-7.7742831506894285,26.64474400344748,2131.5795202757986,2329.5667527734377,0,2.7042999863624573,9.438900044187903
713,23.766666666667007,SEARCH,0,0,0,1,-11.212951231383155,16.939261090804393,-23.201083213839414,-7.173960244224421,-23.218606687002428,-7.164907552341409,nan,nan,26.928548213675654,2154.2838570940526,nan,0,2.1557000000029802,9.11769998492673
714,23.80000000000034,SEARCH,0,0,0,1,-11.067726032569897,16.89040488237037,-23.38633220566332,-7.346496375881517,-23.390791137562594,-7.339811592572179,nan,nan,27.18384306908179,2174.707445526543,nan,0,2.293800003826618,8.595799969043583
715,23.833333333333677,SEARCH,0,0,0,1,-10.926075403419299,16.83198924461695,-23.482692308598335,-7.543717872062864,-23.49120015104397,-7.512209254296436,nan,nan,27.395663169156293,2191.6530535325037,nan,0,2.0705999922938645,9.111699997447431
716,23.86666666666701,SEARCH,0,0,0,1,-10.788208518289762,16.765131115286415,-23.490163522644462,-7.757793031152815,-23.48904275652561,-7.738132184245175,nan,nan,27.59929532928904,2207.943626343123,nan,0,2.0437000202946365,8.178299991413951
717,23.900000000000347,SEARCH,0,0,0,1,-10.654206702554697,16.690829023440998,-23.4087458478017,-7.982323507399656,-23.412653569819938,-7.9828596717189555,nan,nan,27.777128726534972,2222.1702981227977,nan,0,2.276599989272654,9.472100005950779
718,23.93333333333368,SEARCH,0,0,0,1,-10.524056714625377,16.609969465472275,-23.23843928407005,-8.21206751573666,-23.227014573851474,-8.22725984253269,nan,nan,27.89718799577647,2231.7750396621177,nan,0,2.099099976476282,9.995700034778565
719,23.966666666667017,SEARCH,0,0,0,1,-10.397676954464572,16.523335501609385,-22.979243831449512,-8.442718467838766,-22.96334419704521,-8.441773289308145,nan,nan,27.94910821821712,2235.92865745737,nan,0,2.1560000022873282,8.171800000127405
720,24.00000000000035,SEARCH,0,0,0,1,-10.274937881076077,16.431616325115954,-22.631159489940085,-8.67072792536507,-22.623468451337555,-8.646230332797392,nan,nan,27.953257417383362,2236.260593390669,nan,0,2.2071999846957624,9.059900010470301
721,24.033333333333687,SEARCH,0,0,0,1,-10.155677755966671,16.335417000628784,-22.19418625954177,-8.893163980246488,-22.198345834441234,-8.879017711718033,nan,nan,27.942683699163727,2235.4146959330983,nan,0,2.168699982576072,8.850799989886582
722,24.06666666666702,SEARCH,0,0,0,1,-10.039714656209641,16.235267876979897,-21.668324140254565,-9.10759795101397,-21.68350260379169,-9.107310601625848,nan,nan,27.88949769559409,2231.159815647527,nan,0,2.246399992145598,8.318500011228025
723,24.100000000000357,SEARCH,0,0,0,1,-9.926855537440778,16.131633390520925,-21.10644879311903,-9.3120137074768,-21.1215662705868,-9.33260764271307,nan,nan,27.816346269728754,2225.3077015783006,nan,0,2.322100044693798,9.514299978036433
724,24.13333333333369,SEARCH,0,0,0,1,-9.81690298210235,16.024920115585473,-20.581901798053526,-9.504735074714304,-20.574538571291882,-9.49630476983556,nan,nan,27.695841621478685,2215.6673297182947,nan,0,2.16749997343868,9.121500013861805
725,24.166666666667027,SEARCH,0,0,0,1,-9.70966014414515,15.91548401011847,-20.085875415499125,-9.684367678266762,-20.077820966167796,-9.66901359740377,nan,nan,27.605529820321085,2208.4423856256867,nan,0,2.637099998537451,8.849199977703393
726,24.20000000000036,SEARCH,0,0,0,1,-9.60523187824901,15.803358969405773,-19.61151387119847,-9.84975232114618,-19.610190001906716,-9.85839773082199,nan,nan,27.543146951607195,2203.4517561285757,nan,0,2.3201999720185995,9.553100040648133
727,24.233333333333697,SEARCH,0,0,0,1,-9.504549871685825,15.68785822903018,-19.15352308074773,-9.999927566269921,-19.15329708149408,-10.01623896587196,nan,nan,27.45539901956915,2196.4319215655323,nan,0,2.565499977208674,8.791700005531311
728,24.26666666666703,SEARCH,0,0,0,1,-9.40725498795373,15.569490188273997,-18.707857976176115,-10.134099664298152,-18.686017798833007,-10.12546426006882,nan,nan,27.318970028223408,2185.5176022578726,nan,0,2.084100036881864,10.289099998772144
729,24.300000000000367,SEARCH,0,0,0,1,-9.312713212176817,15.448911831568296,-18.271471929197535,-10.251618339948491,-18.26523161449347,-10.211500928620255,nan,nan,27.17727669887227,2174.182135909781,nan,0,2.1351000177673995,8.129699970595539
730,24.3333333333337,SEARCH,0,0,0,1,-9.221536876096936,15.325768974642092,-17.842115867262677,-10.351957248323277,-17.852849519625973,-10.345199876947516,nan,nan,27.083171891963246,2166.6537513570597,nan,0,2.170699997805059,8.714600000530481
731,24.366666666667037,SEARCH,0,0,0,1,-9.134143752563721,15.199912987768174,-17.418177159671252,-10.434698151540761,-17.438974015592724,-10.46269307166091,nan,nan,26.972941171833092,2157.8352937466475,nan,0,2.0664999610744417,9.4571000081487
732,24.40000000000037,SEARCH,0,0,0,1,-9.050062447124807,15.071820749328106,-16.998550335856084,-10.499518056950961,-17.000936939625163,-10.48157140765837,nan,nan,26.761768550008625,2140.94148400069,nan,0,1.853699970524758,7.6228000107221305
733,24.433333333333707,SEARCH,0,0,0,1,-8.969135322599078,14.941712763451388,-16.58253328578139,-10.546178710991555,-16.56909901876276,-10.509241285579579,nan,nan,26.561447818010446,2124.9158254408358,nan,0,2.051000017672777,10.048999974969774
734,24.46666666666704,SEARCH,0,0,0,1,-8.891619381370568,14.809544059408573,-16.16974386261365,-10.574517964940743,-16.15019539892244,-10.570732934325225,nan,nan,26.39782919259143,2111.826335407314,nan,0,2.147699997294694,9.263399988412857
735,24.500000000000377,SEARCH,0,0,0,1,-8.817754011371381,14.675301016431357,-15.760052823949753,-10.584442626565798,-15.752509954320933,-10.612804287546995,nan,nan,26.221729726571667,2097.738378125733,nan,0,1.8551999819464982,8.428599976468831
736,24.53333333333371,SEARCH,0,0,0,1,-8.747890669723244,14.538932394796266,-15.35352986074418,-10.575922489838883,-15.335514257012397,-10.586117803772918,nan,nan,25.97431292659018,2077.9450341272145,nan,0,2.1935999975539744,10.653499979525805
737,24.566666666667047,SEARCH,0,0,0,1,-8.682515822041987,14.400356001555744,-14.950400113320432,-10.548985297408459,-14.956682196457137,-10.508453083574672,nan,nan,25.686843592261724,2054.947487380938,nan,0,2.161799988243729,9.729899989906698
738,24.60000000000038,SEARCH,0,0,0,1,-8.621743107274892,14.259700519569664,-14.551009094006925,-10.50371244050554,-14.570310284304737,-10.463149621419733,nan,nan,25.42842446069863,2034.2739568558902,nan,0,2.3342000204138458,10.515999980270863
739,24.633333333333717,SEARCH,0,0,0,1,-8.565715245127851,14.117088577095931,-14.155794352023594,-10.440235240933562,-14.158131925955162,-10.45392842908064,nan,nan,25.1994047757048,2015.952382056384,nan,0,2.061299979686737,11.858400015626103
740,24.66666666666705,SEARCH,0,0,0,1,-8.514106976342243,13.972818434426522,-13.76526254907862,-10.358731691742285,-13.771893527077058,-10.380577335331745,nan,nan,24.91449788640276,1993.159830912221,nan,0,2.460799994878471,12.87370000500232
741,24.700000000000387,SEARCH,0,0,0,1,-8.466680835141467,13.827119949178035,-13.379970880367207,-10.25942355872297,-13.381639281013506,-10.245845869045436,nan,nan,24.56958485221117,1965.5667881768939,nan,0,1.81200000224635,9.9222999997437
742,24.73333333333372,SEARCH,0,0,0,1,-8.423762737946905,13.680030437634562,-13.00051198861855,-10.142573765266448,-13.012047679485256,-10.120684859011648,nan,nan,24.238944022724183,1939.115521817935,nan,0,2.1186000085435808,10.778900003060699
743,24.766666666667057,SEARCH,0,0,0,1,-8.38530568123083,13.53171205623281,-12.62750168917039,-10.008483999423728,-12.628870269032191,-10.03978746922335,nan,nan,23.950436954039517,1916.0349563231614,nan,0,1.9811000092886388,10.402799991425127
744,24.80000000000039,SEARCH,0,0,0,1,-8.35171732022782,13.38221587073622,-12.261568960288997,-9.857492495021415,-12.252011735385267,-9.890747341661994,nan,nan,23.59752345502699,1887.8018764021592,nan,0,2.0040000090375543,9.947799961082637
745,24.833333333333727,ACQUIRING,0,0,0,1,-8.323061707361001,13.231696292859699,-11.903347761916658,-9.689971949068141,-11.879263326545237,-9.688870704758646,-13.562445044056433,-9.59263049091456,23.19480462191048,1855.5843697528385,1873.4371080024769,1,2.3974000359885395,10.652899974957108
746,24.86666666666706,ACQUIRING,0,0,0,1,-8.299761343609102,13.080255279518106,-11.634015452433207,-9.611340292003757,-11.62365535670135,-9.610809163498669,-13.559441419763404,-9.594562863550374,22.933222123535337,1834.6577698828269,1862.1477704194747,1,2.9688000213354826,11.148600024171174
747,24.900000000000396,ACQUIRING,0,0,0,1,-8.281396563897202,12.928136831133196,-11.453572031838647,-9.614413990689558,-11.468581093964922,-9.630194526644447,-13.556480133397818,-9.596467998208178,22.782371669253337,1822.5897335402672,1850.7241037098172,0,2.9283000039868057,10.06000000052154
748,24.93333333333373,ACQUIRING,0,0,0,1,-8.26829383672989,12.775475093904518,-11.362017500132975,-9.613196329021793,-11.352374327157673,-9.640481376384347,-13.553518847032231,-9.598373132865982,22.627122153498057,1810.1697722798444,1839.16970463798,0,2.4529999936930835,10.224800033029169
749,24.966666666667066,ACQUIRING,0,0,0,1,-8.260657044442775,12.622442525879073,-11.359351857316192,-9.612705466316994,-11.342876748029118,-9.616129710296022,-13.466098239226325,-9.593611516214754,22.45115082584306,1796.0920660674449,1825.419930179062,1,3.055899986065924,9.529600036330521
750,25.0000000000004,ACQUIRING,0,0,0,1,-8.258403432441172,12.469236100733633,-11.445575103388297,-9.609240544266415,-11.439887527856904,-9.605948469873788,-13.457731726444294,-9.598982202128928,22.303264668558437,1784.261173484675,1813.7947381493766,1,3.0242999782785773,11.512900004163384
751,25.033333333333736,ACQUIRING,0,0,0,1,-8.260750178623043,12.31603107387336,-11.62068723834929,-9.609296901181452,-11.605233249081065,-9.592764319303276,-13.435751750868457,-9.600404413650578,22.16260098879773,1773.0080791038183,1801.5296358400167,0,2.5200999807566404,9.616600000299513
752,25.06666666666707,ACQUIRING,0,0,0,1,-8.267079347581134,12.162938849729874,-11.884688262199173,-9.609202472592168,-11.89721308782913,-9.631400281773706,-13.461847584269679,-9.561254902033234,22.094594116006636,1767.567529280531,1786.9324977908734,1,2.848300035111606,10.928899981081486
753,25.100000000000406,ACQUIRING,0,0,0,0,-8.276775727886108,12.010022965395118,-12.13391852631376,-9.590681146553743,-12.12399424062078,-9.600960643696192,-13.492113487536649,-9.57537642334597,21.95075631583435,1756.060505266748,1776.5210311729172,1,2.6305000064894557,9.417499997653067
754,25.13333333333374,ACQUIRING,0,0,0,0,-8.289456459329656,11.857325596318386,-12.358533090769049,-9.586840837511513,-12.348536881627854,-9.572863788274661,-13.517354419479728,-9.595823522614117,21.81121617274491,1744.8972938195927,1766.476310309802,1,2.931600029114634,11.18899998255074
755,25.166666666667076,ACQUIRING,0,0,0,0,-8.30483994284833,11.704876798659205,-12.558307058997286,-9.592835469506879,-12.567247852035862,-9.569272742235826,-13.524011805755453,-9.599239671378907,21.696948169562205,1735.7558535649762,1754.7287124859122,0,2.357599965762347,10.61569998273626
756,25.20000000000041,ACQUIRING,0,0,0,0,-8.322799050187331,11.552709923366042,-12.726744285398512,-9.59706061761003,-12.74563865828021,-9.613781012515824,-13.5473084849703,-9.60614161521607,21.623640968571515,1729.8912774857213,1743.545807399888,1,2.7380999526940286,9.911400033161044
757,25.233333333333746,ACQUIRING,0,0,0,0,-8.342972926017705,11.400820811817914,-12.878124104762737,-9.60289591592318,-12.892321326432716,-9.635442393892264,-13.558243884668686,-9.610453972621624,21.522568167583405,1721.8054534066725,1731.90802386616,0,2.6615000097081065,9.864899970125407
758,25.26666666666708,ACQUIRING,0,0,0,0,-8.365456368670225,11.249256362558233,-13.006709171547518,-9.608271602840038,-13.007381140142549,-9.618238999770309,-13.558567319042606,-9.620980629110942,21.377554310089156,1710.2043448071327,1720.5305106159578,1,2.781999995931983,10.927699971944094
759,25.300000000000416,ACQUIRING,0,0,0,0,-8.390308920099066,11.098062321140008,-13.11228845821033,-9.616336623897654,-13.124940971788696,-9.586473177662926,-13.566958150131697,-9.626783069634358,21.219489849337222,1697.5591879469778,1708.9260510106085,0,2.3669999791309237,9.527700021862984
760,25.33333333333375,ACQUIRING,0,0,0,0,-8.417547498796463,10.947279870889837,-13.203475922059335,-9.623659674275203,-13.224152857029075,-9.600314595531481,-13.550984891210145,-9.647687958672869,21.10230066666425,1688.18405333314,1698.0080176254598,1,2.668800007086247,10.196999995969236
761,25.366666666667086,ACQUIRING,0,0,0,0,-8.447368652165519,10.79698686944054,-13.27080892998109,-9.63757821212433,-13.289590064425251,-9.646315427560728,-13.539083786228206,-9.655210153429627,21.008943738606277,1680.7154990885022,1686.118242247545,1,2.548700023908168,10.251600004266948
762,25.40000000000042,ACQUIRING,0,0,0,0,-8.480203947322662,10.647323477574517,-13.322881907659657,-9.648996266306192,-13.335301639771384,-9.651322170314813,-13.5433902136692,-9.647871287240248,20.871199983273538,1669.695998661883,1673.37892556967,1,2.749399980530143,9.978300018701702
763,25.433333333333756,ACQUIRING,0,0,0,0,-8.516044227252488,10.498351125081006,-13.370073504496538,-9.652355827231753,-13.377241297009514,-9.630602027801322,-13.543876373391662,-9.652441006522507,20.707631249902672,1656.6104999922138,1661.4856380882154,0,2.4246000102721155,10.596300009638071
764,25.46666666666709,ACQUIRING,0,0,0,0,-8.554593121779329,10.350056586396477,-13.409630474619895,-9.656915482474991,-13.406556469796605,-9.65466447158476,-13.579213167637835,-9.680132435867701,20.584713088555326,1646.7770470844262,1652.0634929646026,1,2.901199972257018,10.7922000461258
765,25.500000000000426,ACQUIRING,0,0,0,0,-8.595754796387446,10.202465922679714,-13.459693905524063,-9.672404736766142,-13.452639038664797,-9.680756739300472,-13.58869067511821,-9.69066747941951,20.467825189031796,1637.4260151225435,1640.8118288073529,0,2.501599956303835,9.977600013371557
766,25.53333333333376,ACQUIRING,0,0,0,0,-8.639808582105674,10.055712553257436,-13.501246393352263,-9.685674135993477,-13.490607381801023,-9.684623559398677,-13.598168182598585,-9.701202522971318,20.327595008651684,1626.2076006921347,1629.5688229852512,0,2.383099985308945,10.484199970960617
767,25.566666666667096,ACQUIRING,0,0,0,0,-8.687026325297426,9.909946397374881,-13.53793244371476,-9.698607428909735,-13.505333917231562,-9.682470246359424,-13.607645690078959,-9.711737566523126,20.17619582558038,1614.0956660464303,1618.3408323581882,0,2.264200011268258,10.033199971076101
768,25.60000000000043,ACQUIRING,0,0,0,0,-8.73733289704655,9.765217214720693,-13.570365788384837,-9.711165113435037,-13.554578780997515,-9.68418539493675,-13.632969888720309,-9.724183958913471,20.03709359610301,1602.9674876882407,1607.590036617241,1,3.497700032312423,10.041699977591634
769,25.633333333333766,ACQUIRING,0,0,0,0,-8.790253230349567,9.621423175219757,-13.605711895707513,-9.72419465490151,-13.596073654414097,-9.744477331752924,-13.643618982058697,-9.709081640930266,19.953295777748608,1596.2636622198886,1594.4374818816823,1,4.817300010472536,10.872099956031889
770,25.6666666666671,ACQUIRING,0,0,0,0,-8.845335795087845,9.478443461502208,-13.635678531201211,-9.725542826075193,-13.633819880011371,-9.751607160871092,-13.655749391038478,-9.71440220699243,19.81727596746348,1585.3820773970783,1582.9196392868669,0,3.480799961835146,11.653700028546154
771,25.700000000000436,ACQUIRING,0,0,0,0,-8.902540589399818,9.336299523957816,-13.66302665212713,-9.729152086547707,-13.648114230763795,-9.7215656197452,-13.667879800018259,-9.719722773054594,19.639824159629814,1571.185932770385,1571.4257344493083,0,3.380499954801053,10.243299999274313
772,25.73333333333377,ACQUIRING,0,0,0,0,-8.961899923478102,9.19504175627518,-13.687972109650353,-9.732928271646058,-13.69147973010201,-9.729342387836457,-13.607111880142972,-9.69407199953039,19.506440997299546,1560.5152797839635,1556.152409198236,1,4.258600005414337,10.101899970322847
773,25.766666666667106,ACQUIRING,0,0,0,0,-9.024070358478141,9.054998461238233,-13.678907550319867,-9.72335801139911,-13.672257543610113,-9.725554326989325,-13.612153639126008,-9.677520785264303,19.34721703861894,1547.7773630895153,1542.896570502634,1,4.5273000141605735,10.309699981007725
774,25.80000000000044,ACQUIRING,0,0,0,0,-9.089677156861214,8.91653173065351,-13.679293923020857,-9.710168565999783,-13.67522304942103,-9.737960826489319,-13.610275279474017,-9.672425371192983,19.209823624835014,1536.7858899868013,1530.4590339277106,0,3.804399981163442,10.730499983765185
775,25.833333333333776,ACQUIRING,0,0,0,0,-9.159039959821216,8.779907834359959,-13.6784459441055,-9.699060906647588,-13.671319932517425,-9.701625135683566,-13.608396919822026,-9.667329957121662,19.024398320966714,1521.9518656773373,1518.0985148385603,0,3.8850000128149986,11.182199988979846
776,25.86666666666711,ACQUIRING,0,0,0,0,-9.232172877313797,8.645264364960502,-13.677449036523585,-9.68883357056789,-13.672266561744332,-9.646262144951562,-13.592440064632841,-9.692367890653964,18.82270899709539,1505.8167197676312,1507.9112688737903,1,4.363899992313236,11.226799979340285
777,25.900000000000446,ACQUIRING,0,0,0,0,-9.308773110762067,8.512562851372413,-13.67007662032096,-9.692665934559868,-13.67702078651127,-9.685821776108416,-13.565130131055394,-9.686089853070902,18.71530899575048,1497.2247196600383,1495.1816699596443,1,3.885400015860796,10.46910003060475
778,25.93333333333378,ACQUIRING,0,0,0,0,-9.388922505785953,8.381974329862274,-13.653816127626172,-9.690677488479585,-13.670707923687635,-9.707464391643375,-13.554855318097871,-9.685848673203079,18.589283999768885,1487.1427199815107,1483.3502065619857,0,3.8937999634072185,10.933400015346706
779,25.966666666667116,ACQUIRING,0,0,0,0,-9.472995810218844,8.25387683982194,-13.639794429849015,-9.689570454148933,-13.643532794004448,-9.689974192641566,-13.561371190739797,-9.680335687891317,18.422138003184244,1473.7710402547393,1471.5451302436893,1,4.20340005075559,11.463999981060624
780,26.00000000000045,ACQUIRING,0,0,0,0,-9.561235190092194,8.128612721605805,-13.63400745709841,-9.686120298917592,-13.638514445740789,-9.655674513520863,-13.550983128446802,-9.681586712629557,18.245686574914952,1459.6549259931962,1460.1288545853038,1,3.5589999752119184,9.96980001218617
781,26.033333333333786,ACQUIRING,0,0,0,0,-9.65390064246911,8.00658648914458,-13.625065521522508,-9.684619869600265,-13.627066718905501,-9.675173858343662,-13.560395252784316,-9.67653278978614,18.122657025308197,1449.8125620246558,1448.7587129916435,1,3.6706000100821257,12.574599997606128
782,26.06666666666712,ACQUIRING,0,0,0,0,-9.750437680945563,7.887599566858578,-13.624799538557884,-9.680964999279354,-13.618646062765984,-9.686485340418363,-13.55766826651911,-9.674563997911454,17.99476302743009,1439.5810421944072,1437.6082221411234,0,4.292299970984459,10.252300009597093
783,26.100000000000456,ACQUIRING,0,0,0,0,-9.850875436839868,7.771886366817204,-13.623045340064664,-9.677849564519558,-13.606607950657972,-9.68697500213617,-13.578466882222182,-9.657003163579947,17.858257670211923,1428.660613616954,1425.8440380271045,1,3.6925000022165477,9.748100012075156
784,26.13333333333379,ACQUIRING,0,0,0,0,-9.955419690426645,7.659869464008374,-13.632346018741085,-9.667485300143914,-13.629470895652535,-9.642811060015793,-13.598902378878124,-9.656587657734335,17.68845401879619,1415.0763215036952,1415.6488905944425,1,3.6023000138811767,10.981100029312074
785,26.166666666667126,ACQUIRING,0,0,0,0,-10.06385548561398,7.551615291825545,-13.647355732340468,-9.661442255716379,-13.645049449968461,-9.65634325637791,-13.606688253888718,-9.65204519794097,17.57665461932439,1406.1323695459514,1405.1735227135237,0,3.6025000154040754,10.890200035646558
786,26.20000000000046,ACQUIRING,0,0,0,0,-10.175896627518119,7.447097015941775,-13.66022094696972,-9.655221679445425,-13.677671358451994,-9.671576464892224,-13.614474128899312,-9.647502738147605,17.473162507388757,1397.8530005911005,1394.9604289395857,0,4.016900027636439,11.523099965415895
787,26.233333333333796,ACQUIRING,0,0,0,0,-10.290976536951582,7.345934266287146,-13.67232141504544,-9.64928537754552,-13.670840927023574,-9.6558355446611,-13.622260003909906,-9.64296027835424,17.33446451436409,1386.7571611491273,1384.9938336583036,0,3.934499982278794,10.746899992227554
788,26.26666666666713,ACQUIRING,0,0,0,0,-10.409022808178984,7.248249235078642,-13.683713209709573,-9.643563655000824,-13.673042468171094,-9.619270555897977,-13.6300458789205,-9.638417818560875,17.1804263113522,1374.4341049081759,1375.2893834889549,0,4.245000018272549,12.751200003549457
789,26.300000000000466,SEARCH,0,0,0,0,-10.529589305784166,7.153692336186393,-13.694509636251592,-9.638024888482233,-13.703291854370413,-9.628010553465419,nan,nan,17.07916683399547,1366.3333467196373,nan,0,3.845999948680401,10.585900046862662
790,26.3333333333338,SEARCH,0,0,0,0,-10.652510859645522,7.06221786395939,-13.616417173904722,-9.543597233074754,-13.638658215643163,-9.561158711589437,nan,nan,16.889456024521248,1351.1564819617,nan,0,3.097500011790544,12.577999965287745
791,26.366666666667136,SEARCH,0,0,0,0,-10.777803355517237,6.97401878260853,-13.449435822668963,-9.360280688778387,-13.455422533282851,-9.386788239179452,nan,nan,16.57846949707135,1326.2775597657082,nan,0,3.6385999992489815,12.476200005039573
792,26.40000000000047,SEARCH,0,0,0,0,-10.90553250917431,6.889386928209924,-13.193565582544315,-9.135067556547321,-13.191746312010523,-9.13528126741011,nan,nan,16.18693189989984,1294.9545519919873,nan,0,3.2116000074893236,10.244400007650256
793,26.433333333333806,SEARCH,0,0,0,0,-11.035651335983289,6.80847723544846,-12.848806453530777,-8.89725386906563,-12.84590803038831,-8.867669301413956,nan,nan,15.780323176184375,1262.4258540947499,nan,0,3.0334999901242554,10.807099984958768
794,26.46666666666714,SEARCH,0,0,0,0,-11.168321828586926,6.731823286657758,-12.415158435628351,-8.646930155652166,-12.428196568753535,-8.626760494035768,nan,nan,15.410171319926722,1232.8137055941377,nan,0,3.7650999729521573,10.050500044599175
795,26.500000000000476,SEARCH,0,0,0,0,-11.303565018620711,6.659805462319718,-11.892621528837036,-8.384295774918684,-11.885717875101406,-8.40511960229237,nan,nan,15.076168914902954,1206.0935131922363,nan,1,2.9831999563612044,9.869700006674975
796,26.53333333333381,SEARCH,0,0,0,0,-11.441615423929349,6.593327096913972,-11.281195733156833,-8.109640198213079,-11.276917950461675,-8.124452344794076,nan,nan,14.71870092611881,1177.4960740895049,nan,1,3.1962000066414475,10.281099996063858
797,26.566666666667146,SEARCH,0,0,0,0,-11.58234954032926,6.532736702014815,-10.682781967266319,-7.823327729250753,-10.682773295908216,-7.800763819677471,nan,nan,14.361701661881147,1148.9361329504918,nan,0,3.3251999993808568,10.228600003756583
798,26.60000000000048,SEARCH,0,0,0,0,-11.725426805857815,6.477908027384013,-10.16192493287782,-7.525784975343698,-10.160834933775845,-7.512376023957941,nan,nan,14.077499620437502,1126.1999696350001,nan,0,3.185700043104589,11.119699978735298
799,26.633333333333816,SEARCH,0,0,0,0,-11.870570200430691,6.428809325927034,-9.706138289872829,-7.217490523046255,-9.714620767099762,-7.248845617917129,nan,nan,13.846528905178534,1107.7223124142827,nan,1,3.706199990119785,12.028800032567233
800,26.66666666666715,SEARCH,0,0,0,0,-12.017449730492674,6.3851780169658,-9.305495640214417,-6.898966380938628,-9.286026707641257,-6.918738142247305,nan,nan,13.581415865112678,1086.5132692090142,nan,0,3.9385000127367675,11.64550002431497
801,26.700000000000486,SEARCH,0,0,0,0,-12.165842225249715,6.3470079374180655,-8.95211207589927,-6.570770840165749,-8.933309490255164,-6.56180071373444,nan,nan,13.307389250896703,1064.5911400717362,nan,0,3.0427000019699335,10.452600021380931
802,26.73333333333382,SEARCH,0,0,0,0,-12.315491336428027,6.31410761832477,-8.63972942822336,-6.233492473641544,-8.646872288045868,-6.209138656090573,nan,nan,13.04953880303094,1043.963104242475,nan,0,3.132499987259507,10.54019998991862
803,26.766666666667156,SEARCH,0,0,0,0,-12.466059249979791,6.285707074640405,-8.36338448973929,-5.887745051038236,-8.37695773974014,-5.902092715289581,nan,nan,12.85547412118517,1028.4379296948134,nan,0,3.1630999874323606,10.492000030353665
804,26.80000000000049,SEARCH,0,0,0,0,-12.617355917729684,6.26148712830112,-8.119143625598316,-5.534163191623924,-8.11701424616097,-5.56684825933025,nan,nan,12.655536069371003,1012.4428855496801,nan,0,3.084199968725443,11.082200042437762
805,26.833333333333826,SEARCH,0,0,0,0,-12.769328661982101,6.241953248059638,-7.903890507217247,-5.173398612943036,-7.876484948487851,-5.1663163466561715,nan,nan,12.41324030019549,993.0592240156393,nan,0,3.292699984740466,8.670800016261637
806,26.86666666666716,SEARCH,0,0,0,0,-12.921774767685143,6.226543110848171,-7.7151563542046,-4.8061168620561325,-7.710443288973872,-4.7801114116865975,nan,nan,12.178030200300952,974.2424160240762,nan,0,3.5336000146344304,10.555599990766495
807,26.900000000000496,SEARCH,0,0,0,0,-13.07455259028802,6.214871590226459,-7.550984192872642,-4.432994439010391,-7.55873572131539,-4.428982899579644,nan,nan,11.988155576743594,959.0524461394875,nan,0,3.2260000007227063,8.80530005088076
808,26.93333333333383,SEARCH,0,0,0,0,-13.227551675232991,6.20659104200183,-7.409820337574005,-4.054716240553731,-7.422544885183454,-4.08963569382729,nan,nan,11.819914924741362,945.593193979309,nan,0,3.3428999595344067,9.248999995179474
809,26.966666666667166,SEARCH,0,0,0,0,-13.380689677543584,6.201488128988639,-7.290427659429925,-3.671973266757192,-7.288429363115814,-3.6682241817082035,nan,nan,11.59857132730891,927.8857061847127,nan,0,3.258099954109639,8.883100003004074
810,27.0000000000005,SEARCH,0,0,0,0,-13.533897292480585,6.199316908544991,-7.191816293679567,-3.285460544910184,-7.190825499127459,-3.2420996089536605,nan,nan,11.374309017805365,909.9447214244291,nan,0,3.567499981727451,9.897899988573045
811,27.033333333333836,SEARCH,0,0,0,0,-13.68711873596186,6.200007365215165,-7.113188306210225,-2.8958752343925993,-7.125344940469326,-2.8835922533847542,nan,nan,11.205742160796005,896.4593728636803,nan,0,3.753199998755008,9.453700040467083
812,27.06666666666717,SEARCH,0,0,0,0,-13.84029465983087,6.203805235641427,-7.053893535293588,-2.5039148836790748,-7.055466614124754,-2.514180187814395,nan,nan,11.047043109058118,883.7634487246495,nan,0,3.6102000158280134,9.710599959362298
813,27.100000000000506,SEARCH,0,0,0,0,-13.993365753183571,6.2106263684438145,-7.013394380927368,-2.110275816572105,-7.00796480986872,-2.130167084124185,nan,nan,10.879552461258012,870.3641969006409,nan,0,3.6231999984011054,9.43490001372993
814,27.13333333333384,SEARCH,0,0,0,0,-14.146274777507683,6.22043033463854,-6.991237759283372,-1.715651629494683,-6.9855027884975796,-1.6973450127036762,nan,nan,10.675571269471806,854.0457015577445,nan,0,4.178999981377274,9.622000041417778
815,27.166666666667176,SEARCH,0,0,0,0,-14.29898167553978,6.232995793894526,-6.987032795847522,-1.3207317854418774,-7.003572310573442,-1.3242177116281457,nan,nan,10.50402179027123,840.3217432216984,nan,0,3.1134000164456666,9.166200004983693
816,27.20000000000051,SEARCH,0,0,0,0,-14.451467775619388,6.248005016239832,-7.000433115708551,-0.9262002931876153,-7.016273275493403,-0.9597964962759296,nan,nan,10.355410175291377,828.4328140233101,nan,0,3.133899997919798,9.869800007436424
817,27.233333333333846,SEARCH,0,0,0,0,-14.603660575510945,6.265743086429895,-7.031122817353237,-0.5327344627230906,-7.0176389138337525,-0.5520420508201211,nan,nan,10.199505812986374,815.9604650389098,nan,0,3.5368999815545976,10.52539999363944
818,27.26666666666718,SEARCH,0,0,0,0,-14.75546556779364,6.286540485088145,-7.0788053986516015,-0.1410037297904152,-7.052573308198417,-0.12802257899320665,nan,nan,10.024029552331177,801.9223641864941,nan,0,3.5924999974668026,9.629399981349707
819,27.300000000000516,SEARCH,0,0,0,0,-14.906824670087653,6.310367142966454,-7.143195049581131,0.24833145613145896,-7.130294851348689,0.26202015271871715,nan,nan,9.851746917992521,788.1397534394016,nan,0,3.2281000167131424,8.777699957136065
820,27.33333333333385,SEARCH,0,0,0,0,-15.057684249135916,6.337175255214063,-7.224009842937164,0.6346206848525177,-7.225097132081633,0.6186204432885861,nan,nan,9.698004438194527,775.8403550555622,nan,0,2.5749999913387,9.224199980963022
821,27.366666666667186,SEARCH,0,0,0,0,-15.208098973829351,6.366376249517296,-7.320966447641063,1.0172245830451327,-7.30688873016294,0.989296836464117,nan,nan,9.557306436904666,764.5845149523732,nan,0,2.2144000395201147,9.6925999969244
822,27.40000000000052,SEARCH,0,0,0,0,-15.358005541378692,6.3980828494370945,-7.433776063955758,1.395515759173429,-7.414994212111405,1.3962374900216892,nan,nan,9.38668663461042,750.9349307688336,nan,0,2.0337000023573637,8.723200007807463
823,27.433333333333856,SEARCH,0,0,0,0,-15.507430146208101,6.431988231671689,-7.5621413396834045,1.7688796980187054,-7.5488847430395,1.7957450695564185,nan,nan,9.210493775718904,736.8395020575124,nan,0,2.2628000006079674,8.599900000263005
824,27.46666666666719,SEARCH,0,0,0,0,-15.656408313289766,6.467804334277735,-7.705754074239048,2.1367156066000788,-7.707657620555921,2.125650408976318,nan,nan,9.057424484159242,724.5939587327393,nan,0,2.0989999757148325,9.525100002065301
825,27.500000000000526,SEARCH,0,0,0,0,-15.805045732651761,6.505009240383053,-7.864293555756924,2.4984372129497663,-7.867599319180657,2.4602202725132245,nan,nan,8.908612314009785,712.6889851207828,nan,0,2.1097999997437,8.152500027790666
826,27.53333333333386,SEARCH,0,0,0,0,-15.953507399896106,6.542909383284218,-8.037425407003877,2.8534735189430354,-8.034403895004777,2.833145946701836,nan,nan,8.744972560081916,699.5978048065532,nan,0,2.2308999905362725,10.486199986189604
827,27.566666666667196,SEARCH,0,0,0,0,-16.101827842699997,6.581358488857128,-8.224800840376519,3.201269508187223,-8.24461910523475,3.2323967761511323,nan,nan,8.541151778142739,683.2921422514191,nan,0,2.190199971664697,10.304099996574223
828,27.60000000000053,SEARCH,0,0,0,0,-16.249883532129235,6.620814797611654,-8.426056241868677,3.5412868098291597,-8.441959091242186,3.5647653987660513,nan,nan,8.384695701263459,670.7756561010766,nan,0,2.159199968446046,9.836499986704439
829,27.633333333333866,SEARCH,0,0,0,0,-16.397689733248974,6.661195664163159,-8.6408130195919,3.8730043190350316,-8.645278572448477,3.859997776327815,nan,nan,8.242972061878975,659.437764950318,nan,0,2.0220999722369015,9.859899990260601
830,27.6666666666672,SEARCH,0,0,0,0,-16.545308141909754,6.70225772569638,-8.868677664997328,4.195918774822859,-8.85495680698355,4.1842354905532,nan,nan,8.092091177889477,647.3672942311582,nan,0,1.954799983650446,11.02309999987483
831,27.700000000000536,SEARCH,0,0,0,0,-16.692660911331824,6.74426306841067,-9.109241985008344,4.50954529587844,-9.11024693792501,4.513109868063007,nan,nan,7.9038627434651545,632.3090194772124,nan,0,2.4116000276990235,11.62909995764494
832,27.73333333333387,SEARCH,0,0,0,0,-16.839629424771037,6.787593698804973,-9.36208347133114,4.813417874955492,-9.377910981052791,4.831654137836416,nan,nan,7.713814989970067,617.1051991976054,nan,0,1.8969000084325671,11.559800012037158
833,27.766666666667206,SEARCH,0,0,0,0,-16.986184414955936,6.832303007956463,-9.626765779665483,5.107089832445377,-9.64665954285631,5.085191056181046,nan,nan,7.544602409683729,603.5681927746983,nan,0,2.426499966531992,11.591000016778708
834,27.80000000000054,SEARCH,0,0,0,0,-17.132222322429836,6.878673440923428,-9.902839296711106,5.390134229697849,-9.902565609018625,5.364367308689632,nan,nan,7.386545827102996,590.9236661682396,nan,0,2.113700029440224,11.262500018347055
835,27.833333333333876,SEARCH,0,0,0,0,-17.277933071728267,6.926061889007207,-10.189841777012838,5.662144242678959,-10.18071818760296,5.661655748966466,nan,nan,7.208965390291628,576.7172312233303,nan,0,2.074000018183142,10.336200008168817
836,27.86666666666721,SEARCH,0,0,0,0,-17.423496396471986,6.973901265701037,-10.487299035014937,5.9227334965633025,-10.484088783456965,5.943777025691165,nan,nan,7.015449662667871,561.2359730134297,nan,0,2.309400006197393,11.828700022306293
837,27.900000000000546,SEARCH,0,0,0,0,-17.56896795145036,7.022018977253783,-10.794725680366232,6.171536361873585,-10.794037380902974,6.182453817114768,nan,nan,6.826752807437574,546.1402245950057,nan,0,1.9459999748505652,10.175400006119162
838,27.93333333333388,SEARCH,0,0,0,0,-17.714562869916737,7.069762114872381,-11.111625886663905,6.408208212799523,-11.124442745997055,6.3957142010961565,nan,nan,6.624501780342221,529.9601424273776,nan,0,2.0955000072717667,11.390900006517768
839,27.966666666667216,SEARCH,0,0,0,0,-17.860169855833753,7.117468436519114,-11.437494185550005,6.632425648349316,-11.435049410134999,6.6344183220634045,nan,nan,6.443253072386016,515.4602457908812,nan,0,2.4397000088356435,11.852700030431151
840,28.00000000000055,SEARCH,0,0,0,0,-18.005690793480753,7.165436594491223,-11.771816279465193,6.843886677009485,-11.755835546002452,6.87631116641821,nan,nan,6.25653930920205,500.52314473616394,nan,0,2.276600047480315,10.369199968408793
841,28.033333333333886,SEARCH,0,0,0,0,-18.150938456159352,7.214225978165373,-12.114069867485783,7.042310865612027,-12.09951493833953,7.072099002714317,nan,nan,6.0530923228688405,484.2473858295072,nan,0,2.2471999982371926,10.434099996928126
842,28.06666666666722,SEARCH,0,0,0,0,-18.29594892379887,7.2637158937832735,-12.463725479576722,7.227439453131109,-12.46250523954816,7.225027986178575,nan,nan,5.833571973629823,466.68575789038584,nan,0,2.2299999836832285,12.022600043565035
843,28.100000000000556,SEARCH,0,0,0,0,-18.44056860965354,7.3143363830756165,-12.820247315327707,7.399035430154436,-12.825699934433654,7.388977340429913,nan,nan,5.615364771097267,449.2291816877814,nan,0,2.300299995113164,10.458400007337332
844,28.13333333333389,SEARCH,0,0,0,0,-18.584869719997005,7.365858000155658,-13.18309408383647,7.556883584796693,-13.18452395750009,7.589810786912413,nan,nan,5.4049874380255964,432.3989950420477,nan,0,2.1695999894291162,12.337099993601441
845,28.166666666667226,SEARCH,0,0,0,0,-18.729069989424314,7.417661183165886,-13.551719841889852,7.700790515843808,-13.552434854165515,7.735640071287607,nan,nan,5.186391992212602,414.91135937700824,nan,0,2.5210000458173454,11.11500000115484
846,28.20000000000056,SEARCH,0,0,0,0,-18.87304259113407,7.470093782088911,-13.92557482799174,7.830584613937054,-13.936692626020088,7.818910805001582,nan,nan,4.948658837862483,395.8927070289987,nan,0,2.7814999921247363,11.008000001311302
847,28.233333333333896,SEARCH,0,0,0,0,-19.016587083364254,7.523687309900377,-14.30410629011467,7.946116011624985,-14.290841510153564,7.93005415987391,nan,nan,4.743185136538298,379.45481092306386,nan,0,2.55580001976341,11.596700001973659
848,28.26666666666723,SEARCH,0,0,0,0,-19.15969626133709,7.578432635297514,-14.686759305322978,8.047256503128896,-14.685198922743213,8.073436870325963,nan,nan,4.5017947116433215,360.14357693146576,nan,0,2.0320999901741743,10.516899987123907
849,28.300000000000566,SEARCH,0,0,0,0,-19.302252604044696,7.634601813916493,-15.07297758964115,8.133899434683716,-15.081391039223412,8.160444256508018,nan,nan,4.253490639911671,340.2792511929337,nan,0,2.294599951710552,10.054400016088039
850,28.3333333333339,SEARCH,0,0,1,0,-19.44449057367844,7.691572398145283,-15.462204296730308,8.20595956633106,-15.481452298762267,8.203932022923155,nan,nan,3.996021115253656,319.6816892202925,nan,0,2.0352000137791038,10.414299962576479
851,28.366666666667236,ACQUIRING,0,0,1,0,-19.586400241604704,7.749355904632483,-15.853882804095871,8.263372906054421,-15.868692015448287,8.224326829518393,-19.569939341787666,7.774534513792913,3.7479263378991408,299.8341070319313,2.4065558221361614,1,2.5236000074073672,11.029399989638478
852,28.40000000000057,ACQUIRING,0,0,1,0,-19.728012297714518,7.807864989715487,-16.334450200350325,8.231897356888894,-16.307979685040824,8.224540642079136,-19.735398314091814,7.807715205210949,3.445321707914128,275.62573663313026,0.5910027997144591,1,3.245400032028556,10.446999978739768
853,28.433333333333906,ACQUIRING,0,0,1,0,-19.86955498039226,7.8665417010521645,-16.903906485493668,8.196638899215626,-16.899630479792755,8.216418378577712,-19.89852504065525,7.8404281944236835,2.9904623770810974,239.2369901664878,3.1201842202814776,0,2.4998000008054078,9.822799998801202
854,28.46666666666724,ACQUIRING,0,0,1,0,-20.011311057581395,7.924700982795042,-17.551437395103147,8.172676881502486,-17.543762872364773,8.175581534413094,-20.061651767218688,7.8731411836364185,2.4802691582862573,198.4215326629006,5.76477576240472,0,2.324800007045269,10.585599986370653
855,28.500000000000576,ACQUIRING,0,0,1,0,-20.153102398813914,7.982774238467358,-18.11572510652171,8.15742946755795,-18.10992809999888,8.129376967220823,-20.224778493782125,7.905854172849153,2.0484270979012833,163.87416783210267,8.411100887603586,0,2.8170999721623957,10.839900001883507
856,28.53333333333391,ACQUIRING,0,0,1,0,-20.29504557215369,8.04047539109998,-18.618486510033556,8.149599959898579,-18.608086030453624,8.145502011039765,-20.387905220345562,7.938567162061888,1.6902257500786315,135.21806000629053,11.02961871558532,0,2.329799986910075,10.817700007464737
857,28.566666666667246,ACQUIRING,0,0,1,0,-20.437124295395666,8.097841965643255,-19.068701459843954,8.148039399293724,-19.059303211868016,8.175418888129563,-20.45747566787567,8.029750361317083,1.3800033032988557,110.40026426390844,5.685431173253599,1,3.1831999658606946,11.323800019454211
858,28.60000000000058,ACQUIRING,0,0,1,0,-20.579416914611215,8.154675916673233,-19.43710742892395,8.175160829063657,-19.447427265269155,8.19360271401361,-20.58736419885334,8.098124323833506,1.1326587578652005,90.61270062921604,4.568582785615913,1,2.9480999801307917,10.707799985539168
859,28.633333333333916,ACQUIRING,0,0,1,0,-20.72187636410591,8.211090389307191,-19.7702375295309,8.211596100241563,-19.77576300859236,8.18146490049915,-20.730133298235927,8.146573441791528,0.9465770708548902,75.72616566839122,5.2034533013167765,0,2.93370004510507,11.675499961711466
860,28.66666666666725,ACQUIRING,0,0,1,0,-20.86470502052337,8.266563467271935,-20.07458189387141,8.248535621218696,-20.074178668182704,8.221596038527709,-20.872902397618514,8.19502255974955,0.7918042582563616,63.34434066050893,5.760721310595149,0,2.6526000001467764,12.159000034444034
861,28.700000000000585,ACQUIRING,0,0,1,0,-21.007705892172,8.321591080164287,-20.353879845589894,8.287338466390755,-20.34157639938539,8.299692387865377,-21.0156714970011,8.243471677707571,0.6664893501658917,53.31914801327134,6.281957351265727,0,3.1695999787189066,11.385499965399504
862,28.73333333333392,ACQUIRING,0,0,1,0,-21.150673412712745,8.376705284715666,-20.61204297124539,8.327631487045906,-20.613940418748573,8.363905111376294,-21.14101574053291,8.338212396399177,0.5368856035015858,42.950848280126856,3.174874443253522,2,2.7806999860331416,8.478800009470433
863,28.766666666667255,ACQUIRING,0,0,1,0,-21.29371708762795,8.431621534948654,-20.84511552057063,8.388366568914943,-20.83863020826753,8.393429781976474,-21.2784247286002,8.424755894756782,0.4566866297157082,36.53493037725666,1.3410282857637097,1,3.4326999448239803,8.88830004259944
864,28.80000000000059,ACQUIRING,0,0,1,0,-21.437046577831637,8.485787434838254,-21.063919452566758,8.458355150087383,-21.051410723767734,8.435461907548774,-21.435409302719595,8.512632412489825,0.38890573489800845,31.112458791840677,2.151588800723192,1,3.700900007970631,7.910899992566556
865,28.833333333333925,ACQUIRING,0,0,1,0,-21.580510321888354,8.539596742714567,-21.278909998970715,8.537041695538779,-21.23562149702472,8.54716596569266,-21.605305756897636,8.551714615993141,0.34497187516131045,27.597750012904836,2.207849922573661,1,3.207000030670315,9.217499988153577
866,28.86666666666726,ACQUIRING,0,0,1,0,-21.724229761691802,8.592719337676428,-21.4947600035973,8.597637327740651,-21.48795152131266,8.626817449370359,-21.744283712083913,8.582105645920564,0.23872596862879364,19.098077490303492,1.815156419076198,1,3.4611999872140586,9.033000038471073
867,28.900000000000595,ACQUIRING,0,0,1,0,-21.868228704757488,8.645079550327495,-21.692907106846647,8.644684011940706,-21.67341446401284,8.652807630298575,-21.891704333128622,8.634522681845867,0.19496746296998682,15.597397037598947,2.0592077693062047,0,2.455200010444969,8.306500036269426
868,28.93333333333393,ACQUIRING,0,0,1,0,-22.012692917881996,8.69614204732104,-21.884017517660496,8.694398857278234,-21.88160317679757,8.658916119862742,-22.014302412976825,8.715650813593715,0.1362728509010968,10.901828072087744,1.5660037005160166,1,2.5446999934501946,10.770500055514276
869,28.966666666667265,ACQUIRING,0,0,1,0,-22.1576663730789,8.745740280769123,-22.05637461138711,8.758201909326973,-22.035243327649027,8.744374744781684,-22.15520535070256,8.775606555118525,0.12243066095083235,9.794452876066588,2.3973998910828054,0,2.4180999607779086,8.730800007469952
870,29.0000000000006,ACQUIRING,0,0,1,0,-22.303196153629617,8.793681603714566,-22.225397160494765,8.819610382356007,-22.215659961103242,8.85609804742797,-22.30766602684768,8.791960991199925,0.10750998766553385,8.600799013242709,0.38316804886502615,1,2.953600022010505,9.794999961741269
871,29.033333333333935,ACQUIRING,0,0,1,0,-22.44944731614706,8.839374983269979,-22.395218447138543,8.860989178815307,-22.394633302890096,8.884636377830637,-22.46158892054527,8.837025405055117,0.07108565176539047,5.686852141231238,0.9893483112445135,1,2.7895999955944717,8.389800030272454
872,29.06666666666727,ACQUIRING,0,0,1,0,-22.59618568841026,8.883478697154937,-22.564999657792136,8.904304387052608,-22.55853983749715,8.88592031957033,-22.595491321927593,8.888639368662597,0.03772494679905236,3.017995743924189,0.41657402874188204,1,2.79880000744015,10.286999982781708
873,29.100000000000605,ACQUIRING,0,0,1,0,-22.743319264450648,8.926245486541873,-22.724561427459836,8.950072808863629,-22.7015709484436,8.937947971527944,-22.735726091342126,8.935147303894208,0.04335746814879258,3.468597451903406,0.9360295039121017,1,2.5674999924376607,8.650899981148541
874,29.13333333333394,ACQUIRING,0,0,1,0,-22.890721563928636,8.968076689985002,-22.880978943597835,8.994812861696962,-22.87922380932657,9.015092492966488,-22.881518990800426,8.951494776394538,0.04840128191363517,3.8721025530908135,1.5171493490130399,1,3.514499985612929,8.253600040916353
875,29.166666666667275,ACQUIRING,0,0,1,0,-23.038473090878128,9.008657150270626,-23.037088154062978,9.024159579800296,-23.037026217154413,9.03937197030842,-23.02474287509474,8.990806215985085,0.030748879874337488,2.459910389946999,1.8016431261713002,0,3.2341000041924417,8.386900008190423
876,29.20000000000061,ACQUIRING,0,0,1,0,-23.186507833297984,9.048191976811111,-23.190929916203444,9.057066420262611,-23.194565348736063,9.028461994529529,-23.18581283003344,9.032637559639658,0.02131186889661313,1.7049495117290503,1.2455949212004622,1,4.175800015218556,10.344200010877103
877,29.233333333333945,ACQUIRING,0,0,1,0,-23.334817295334535,9.086683416681927,-23.35163284439033,9.092052198698859,-23.35384163213963,9.077736851610847,-23.33369034845167,9.07260610250941,0.02102299734682907,1.6818397877463256,1.129788039840591,0,3.9719000342302024,8.727899985387921
878,29.26666666666728,ACQUIRING,0,0,1,0,-23.48333166258449,9.124376522062683,-23.509185556100796,9.127660547549313,-23.52214513549055,9.132210649891833,-23.50691449556691,9.096855629202441,0.039596202316294814,3.1676961853035848,2.899433936810842,1,4.018599982373416,9.033200039993972
879,29.300000000000615,ACQUIRING,0,0,1,0,-23.63212911674726,9.160936132393992,-23.67684250751492,9.15677795599561,-23.665227786020218,9.181732961957675,-23.660860767229625,9.133060561867344,0.03909002465516464,3.1272019724131708,3.202554152299649,0,4.029400006402284,10.585099982563406
880,29.33333333333395,ACQUIRING,0,0,1,0,-23.781187664149783,9.196416224264638,-23.84073636113473,9.187985759467072,-23.858139549235027,9.17391002780896,-23.81480703889234,9.169265494532247,0.08017556670878051,6.41404533670244,3.457096569626525,0,3.5752999829128385,9.309399989433587
881,29.366666666667285,ACQUIRING,0,0,1,0,-23.930476766645043,9.23091334514536,-24.00314603413905,9.219911497905663,-24.00654898612644,9.200712584851566,-23.94974490011244,9.197109845733932,0.08184783747386988,6.547826997909591,3.1127480229798916,1,4.2505000019446015,9.259100013878196
882,29.40000000000062,ACQUIRING,0,0,1,0,-24.07993293982059,9.264679300968046,-24.156049778273875,9.248921649109771,-24.14113601080175,9.24282470974191,-24.105873914326278,9.2394261571849,0.0649879916229616,5.199039329836928,2.896238033573321,1,4.2221000185236335,9.388999955262989
883,29.433333333333955,ACQUIRING,0,0,1,0,-24.229612681727307,9.297439983739286,-24.31241680389775,9.282815615302642,-24.304770473083128,9.307969371950593,-24.257962315601347,9.26438838300478,0.07589177569137182,6.071342055309746,3.4835476646938535,1,4.458499955944717,9.978100017178804
884,29.46666666666729,ACQUIRING,0,0,1,0,-24.379457762060365,9.329435911181367,-24.46785640277782,9.311205227132307,-24.462418485588344,9.320742234537105,-24.40949705487188,9.297732973975359,0.0834149966245921,6.673199729967369,3.493935628580768,0,3.6896999808959663,11.42330002039671
885,29.500000000000625,ACQUIRING,0,0,1,0,-24.529505666792204,9.36046676290162,-24.62263145809998,9.341107520209398,-24.639730500372032,9.317924282906995,-24.531558931779795,9.369288134954122,0.11814980550891227,9.45198444071298,0.7245743666365403,1,5.114100000355393,9.24069999018684
886,29.53333333333396,ACQUIRING,0,0,1,0,-24.67971714940712,9.390695854246346,-24.762863084525037,9.389655937565985,-24.731759728816396,9.384794553583703,-24.67549345034379,9.412486155218799,0.052376095893847896,4.190087671507832,1.7756699697818867,0,3.6148999934084713,9.414700034540147
887,29.566666666667295,ACQUIRING,0,0,1,0,-24.830247232600158,9.419296230586466,-24.90548412448192,9.434975142278493,-24.88025454749856,9.464032010951241,-24.819427968907785,9.455684175483476,0.06709710566181865,5.367768452945492,3.036986928570271,0,3.7208000430837274,10.209899977780879
888,29.60000000000063,ACQUIRING,0,0,1,0,-24.98111572517067,9.44605413451036,-25.04815679788808,9.480113781900346,-25.05444406311026,9.49421248101906,-24.947596484968766,9.460044929752415,0.08772839610658918,7.018271688527134,2.9057535369325094,1,4.543399962130934,10.122700012288988
889,29.633333333333965,ACQUIRING,0,0,1,0,-25.132236556756897,9.47134804155508,-25.184155013913344,9.508111221112047,-25.184637711646257,9.466628457296506,-25.088120654347524,9.494842048239983,0.05261326362536772,4.209061090029418,3.9985446916626084,0,3.7847000057809055,9.155099978670478
890,29.6666666666673,ACQUIRING,0,0,1,0,-25.28347627976907,9.495921068558292,-25.321805708610476,9.53961344667179,-25.319523052305087,9.50560240085736,-25.26387428237004,9.553345881273534,0.03732422812796514,2.985938250237211,4.8542582823164375,1,4.260699963197112,9.478399995714426
891,29.700000000000635,ACQUIRING,0,0,1,0,-25.434850509398625,9.519651430480465,-25.475239347628083,9.581872903566978,-25.469073094081,9.59093581449212,-25.4121842423088,9.593382237644013,0.07907369161904235,6.325895329523388,6.170895086465464,0,4.868400050327182,10.644099966157228
892,29.73333333333397,ACQUIRING,0,0,1,0,-25.586399354101367,9.5422398155968,-25.62562267889827,9.622307002382609,-25.6313420569279,9.645162107488623,-25.56049420224756,9.633418594014492,0.11230692189540135,8.984553751632108,7.582990028240361,0,3.776300000026822,8.880200039129704
893,29.766666666667305,ACQUIRING,0,0,1,0,-25.738195181089075,9.563104004582172,-25.77577678118023,9.662772251801155,-25.780951674159876,9.644285999495073,-25.723135745962622,9.64189810955973,0.09175311437630759,7.340249150104607,6.4176245153070575,1,4.794400010723621,11.421400005929172
894,29.80000000000064,ACQUIRING,0,0,1,0,-25.890232429798626,9.582129316083691,-25.931739923403473,9.68964595842727,-25.93322542108584,9.67439428693496,-25.87728913891849,9.644443050487148,0.10179008864328644,8.143207091462916,5.091502111785815,1,4.1680000140331686,9.409299993421882
895,29.833333333333975,ACQUIRING,0,0,1,0,-26.042448221593517,9.599668991142075,-26.087303987403768,9.705729885547758,-26.066023230592315,9.724947979714269,-26.058185846127056,9.620965819310827,0.12747786485098278,10.198229188078622,2.118456367842257,1,4.735000024084002,9.856799966655672
896,29.86666666666731,ACQUIRING,0,0,1,0,-26.192152522762573,9.632317263445277,-26.255903363569125,9.701552583502833,-26.237423878601085,9.723492054397816,-26.220478228560033,9.617649466577692,0.1017955704571494,8.143645636571952,2.551849367181997,1,4.318899998907,11.622799967881292
897,29.900000000000645,ACQUIRING,0,0,1,0,-26.337849537414176,9.679747922248525,-26.42264038627506,9.694825627277497,-26.433278361575876,9.703480890746617,-26.380727585933652,9.626396880938916,0.09833572227128956,7.866857781703165,5.475683353099638,0,4.1958000510931015,10.693199990782887
898,29.93333333333398,ACQUIRING,0,0,1,0,-26.478083509138955,9.741487056087552,-26.588263812956534,9.691370387910139,-26.58681484553164,9.649866972359812,-26.54097694330727,9.63514429530014,0.14218559440399617,11.374847552319695,9.883923701323623,0,4.02410002425313,10.943899978883564
899,29.966666666667315,ACQUIRING,0,0,1,0,-26.611453266446624,9.816917787945279,-26.753020970738113,9.689754101603196,-26.728131807073577,9.694433134633854,-26.70122630068089,9.643891709661364,0.1691637435730702,13.533099485845616,15.594300793187351,0,3.7743999855592847,11.62319997092709
900,30.00000000000065,ACQUIRING,0,0,1,0,-26.736626222808347,9.90528643888307,-26.917041367079996,9.68974767198129,-26.897341167523884,9.72501289066767,-26.787455493077186,9.793368933994202,0.2415115849003688,19.320926792029503,9.833540193964755,1,3.8400000194087625,10.281299997586757
901,30.033333333333985,ACQUIRING,0,0,1,0,-26.852351691420836,10.005710058551548,-27.049260023621457,9.750378131277651,-27.03822421926463,9.763439397771531,-26.93260447363708,9.830825729915787,0.3053582644727803,24.42866115782242,15.39351291022634,1,4.463399993255734,9.675499983131886
902,30.06666666666732,ACQUIRING,0,0,1,0,-26.95747338165547,10.11718524733862,-27.188105001925308,9.798558140588762,-27.183238195763245,9.779296421069336,-27.077753454196976,9.868282525837373,0.40637250178469636,32.50980014277571,22.11531387922032,1,4.129900014959276,11.258199985604733
903,30.100000000000655,ACQUIRING,0,0,1,0,-27.05094095233203,10.238598182006724,-27.32760802476831,9.84561220593713,-27.30441201748975,9.846466638726637,-27.22290243475687,9.905739321758958,0.46692047300092865,37.35363784007429,29.972336288858457,1,3.9418000378645957,9.5253000035882
904,30.13333333333399,ACQUIRING,0,0,1,0,-27.131820506380592,10.368735744646436,-27.46796096856494,9.891156427532405,-27.445709985984447,9.912900278548213,-27.368051415316767,9.943196117680543,0.5534551269605907,44.276410156847255,38.93699661392145,1,4.023600020445883,9.322399972006679
905,30.166666666667325,SEARCH,0,0,1,0,-27.19930392203233,10.506297643749619,-27.609015250467078,9.935457147975358,-27.607074039402683,9.953750099566903,nan,nan,0.6867206544167596,54.937652353340766,nan,1,4.214199958369136,9.27630002843216
906,30.20000000000066,SEARCH,0,0,1,0,-27.252716927305098,10.649909406292352,-27.661180643480325,9.890868979529422,-27.667956374505348,9.872236778189414,nan,nan,0.8815886313988509,70.52709051190807,nan,0,3.7463000044226646,10.359099949710071
907,30.233333333333995,SEARCH,0,0,1,0,-27.291525837106207,10.798136111015046,-27.62445714760468,9.757391922194598,-27.63704428433611,9.73427935869738,nan,nan,1.1185589778049496,89.48471822439598,nan,0,3.9183999761007726,9.89730004221201
908,30.26666666666733,SEARCH,0,0,1,0,-27.315342885637442,10.949496725681346,-27.498844762840147,9.535025975970884,-27.50454026751322,9.525469530014506,nan,nan,1.4365406723470844,114.92325378776675,nan,0,3.6097000120207667,9.59480000892654
909,30.300000000000665,SEARCH,0,0,1,0,-27.323930100822746,11.102478905062673,-27.284343489186725,9.296106063001345,-27.304756468458283,9.305868497564106,nan,nan,1.7967127161875982,143.73701729500786,nan,0,3.381800022907555,10.167300002649426
910,30.333333333334,SEARCH,0,0,1,0,-27.317201682046548,11.255554101791834,-26.980953326644414,9.090035259408387,-26.997452421534263,9.071762852910435,nan,nan,2.2070758501440615,176.56606801152492,nan,0,3.9456000085920095,11.65870000841096
911,30.366666666667335,SEARCH,0,0,1,0,-27.295224857445138,11.407192839103043,-26.588674275213215,8.90737118979963,-26.57940962803771,8.881080232442535,nan,nan,2.625573526713879,210.0458821371103,nan,0,3.695199964568019,12.040800007525831
912,30.40000000000067,SEARCH,0,0,1,0,-27.258219212185363,11.555879992858191,-26.107506334893127,8.74059105887973,-26.086674298175836,8.730526032422244,nan,nan,3.058617741283255,244.6894193026604,nan,0,3.417300002183765,10.115099954418838
913,30.433333333334005,SEARCH,0,0,0,0,-27.206554494442216,11.700129930166394,-25.53744950568415,8.583711259315166,-25.521052738962062,8.608377896841313,nan,nan,3.5213416197944287,281.7073295835543,nan,0,3.528099972754717,9.96070000110194
914,30.46666666666734,SEARCH,0,0,0,0,-27.1407469209973,11.838501353336756,-24.878503787586286,8.43198296793704,-24.88971290582663,8.417267296625806,nan,nan,4.095362817657827,327.6290254126262,nan,0,4.028800001833588,9.758100030012429
915,30.500000000000675,SEARCH,0,0,0,0,-27.061454019371393,11.969611700848473,-24.168677934040886,8.28164852969906,-24.162044843858755,8.238501366136086,nan,nan,4.725225697979352,378.0180558383481,nan,0,3.553299990016967,10.033899976406246
916,30.53333333333401,SEARCH,0,0,0,0,-26.969468058026784,12.092150961448526,-23.547740969384378,8.129746469111106,-23.548919559262213,8.116713259495853,nan,nan,5.244450109831088,419.55600878648704,nan,0,3.5883000236935914,11.032299953512847
917,30.566666666667345,SEARCH,0,0,0,0,-26.865708130282716,12.204894763351092,-23.01569289361676,7.973955401109871,-22.995631767749906,7.980019130849643,nan,nan,5.729490829204608,458.35926633636865,nan,0,3.4339999547228217,9.910300024785101
918,30.60000000000068,SEARCH,0,0,0,0,-26.751210971038734,12.306716607755709,-22.572533706738028,7.81246905911908,-22.57138618564071,7.822776813436079,nan,nan,6.12997971576667,490.39837726133356,nan,0,3.9271999849006534,10.543800017330796
919,30.633333333334015,SEARCH,0,0,0,0,-26.627120598062277,12.39659912445091,-22.218263408748186,7.643896214682809,-22.23615967172398,7.616520490889493,nan,nan,6.490738756078546,519.2591004862837,nan,0,3.8372999988496304,9.653899993281811
920,30.66666666666735,SEARCH,0,0,0,0,-26.494676881341302,12.47364423704109,-21.952881999647232,7.467180508357985,-21.9468634259799,7.451791290120767,nan,nan,6.775073006636796,542.0058405309437,nan,0,4.013800004031509,11.160199996083975
921,30.700000000000685,SEARCH,0,0,0,0,-26.35541399994601,12.537543668481279,-21.776389479435167,7.2815362077921115,-21.78035190263303,7.288936350324623,nan,nan,6.962691431801171,557.0153145440937,nan,0,3.5113999620079994,9.045400016475469
922,30.73333333333402,SEARCH,0,0,0,0,-26.211103898846513,12.58904009742108,-21.68878584811199,7.086396705901644,-21.685954416798403,7.109411436378063,nan,nan,7.106567954913565,568.5254363930852,nan,0,3.8215999957174063,11.192500009201467
923,30.766666666667355,SEARCH,0,0,0,0,-26.06317782128398,12.628979589779671,-21.690071105677703,6.881373209655531,-21.707415844177522,6.847779268908405,nan,nan,7.238434882711068,579.0747906168855,nan,0,3.445400041528046,10.338199965190142
924,30.80000000000069,SEARCH,0,0,0,0,-25.91277668780281,12.65825050572843,-21.780245252132303,6.666221580036921,-21.78466549600554,6.634035827412124,nan,nan,7.302907948364372,584.2326358691497,nan,0,3.321700030937791,10.392999975010753
925,30.833333333334025,SEARCH,0,0,0,0,-25.76066779377115,12.67669425343233,-21.959308287475793,6.440815691808044,-21.95338635468449,6.429638649702973,nan,nan,7.315811347519848,585.2649078015878,nan,0,3.564200014807284,10.4556999867782
926,30.86666666666736,SEARCH,0,0,0,0,-25.60763454752036,12.684317442715273,-22.22726021170817,6.205126008141948,-22.222534672950967,6.194824090475021,nan,nan,7.319318624679495,585.5454899743595,nan,0,2.362600003834814,9.230599971488118
927,30.900000000000695,SEARCH,0,0,0,0,-25.454425603163926,12.682242149462075,-22.584101024829437,5.959202326332617,-22.604288786927995,5.970703762640011,nan,nan,7.291640925679871,583.3312740543897,nan,0,2.662800019606948,10.088499984703958
928,30.93333333333403,SEARCH,0,0,0,0,-25.3016045183224,12.671151455130437,-23.029830726839595,5.703159859710176,-23.041764875858135,5.674898574873986,nan,nan,7.352171759021255,588.1737407217004,nan,0,2.253300044685602,11.904399958439171
929,30.966666666667365,SEARCH,0,0,0,0,-25.149837450550496,12.65007908903601,-23.564449317738642,5.437167988016703,-23.55605337203573,5.4258408934253035,nan,nan,7.397956825762624,591.8365460610099,nan,0,2.1788000012747943,11.693200038280338
930,31.0000000000007,SEARCH,0,0,0,0,-24.999839293937256,12.618808647952953,-24.06159881358214,5.1614411421979725,-24.044865447434635,5.186441055177979,nan,nan,7.493468027664873,599.4774422131899,nan,0,2.2778999991714954,13.071499997749925
931,31.033333333334035,SEARCH,0,0,0,0,-24.852250598489967,12.577639916504603,-24.506912404908682,4.876231396522766,-24.496544622041377,4.8692192541237915,nan,nan,7.7166233450843436,617.3298676067474,nan,0,2.557500032708049,11.715199972968549
932,31.06666666666737,SEARCH,0,0,0,0,-24.707755274116888,12.526665523843015,-24.908483436160594,4.581822426503034,-24.922594312006872,4.525909670076705,nan,nan,8.003639799727209,640.2911839781766,nan,0,2.3806000244803727,12.02309998916462
933,31.100000000000705,SEARCH,0,0,0,0,-24.567131013695853,12.465820599207218,-25.272737392596415,4.27852455953387,-25.26820383887382,4.276265778164497,nan,nan,8.219507970253883,657.5606376203106,nan,0,2.3113999632187188,12.379500025417656
934,31.13333333333404,SEARCH,0,0,0,0,-24.43092373150472,12.395643225709744,-25.60476859071466,3.966670699925247,-25.596246745492653,4.008644591543305,nan,nan,8.467568943707493,677.4055154965995,nan,0,2.1409000037238,11.936499970033765
935,31.166666666667375,SEARCH,0,0,0,0,-24.29947349137801,12.316915074178478,-25.908609549865112,3.6466129537960468,-25.90837609698303,3.682919674826683,nan,nan,8.782621712811647,702.6097370249317,nan,0,2.105099963955581,10.53410000167787
936,31.20000000000071,SEARCH,0,0,0,0,-24.17319944775994,12.230127094704118,-26.18744650478439,3.318719814336225,-26.208222580153276,3.309153883178915,nan,nan,9.150141102197619,732.0112881758096,nan,0,2.2197000216692686,10.980900027789176
937,31.233333333334045,SEARCH,0,0,0,0,-24.052962312852387,12.135151735467515,-26.443791826909067,2.9833737959672484,-26.440631853134,2.9576292733122997,nan,nan,9.483031391751908,758.6425113401527,nan,0,2.189100021496415,13.072400004602969
938,31.26666666666738,SEARCH,0,0,0,0,-23.939048722295585,12.032677439376464,-26.67962196881592,2.640969428346675,-26.66879242069892,2.6431455194003646,nan,nan,9.778282586181623,782.2626068945299,nan,0,1.9626999855972826,10.452400019858032
939,31.300000000000715,SEARCH,0,0,0,0,-23.831702640322984,11.923342604314483,-26.896487823338806,2.2919115390914544,-26.899675074342635,2.317012100643642,nan,nan,10.084346315040024,806.7477052032019,nan,0,2.4015000090003014,11.482000001706183
940,31.33333333333405,SEARCH,0,0,0,0,-23.73136866968919,11.807539401380556,-27.095603010674296,1.9366137684336195,-27.108320987133276,1.9528781089297438,nan,nan,10.41720481430692,833.3763851445538,nan,0,2.4136000429280102,10.485799983143806
941,31.366666666667385,SEARCH,0,0,0,0,-23.63858062276019,11.68560636311774,-27.277914504200993,1.5754972704894383,-27.28106456173132,1.5476606336533243,nan,nan,10.77244785827383,861.7958286619064,nan,0,2.2671999759040773,11.439800029620528
942,31.40000000000072,SEARCH,0,0,0,0,-23.5536781665451,11.55805692014936,-27.44415912367003,1.208989564993065,-27.444767019959105,1.2283929556883009,nan,nan,11.038230387333291,883.0584309866633,nan,0,2.1969000226818025,11.122199997771531
943,31.433333333334055,SEARCH,0,0,0,0,-23.477163497824,11.425306052192123,-27.59490871877254,0.8375235106778767,-27.6070719654765,0.8807440541258533,nan,nan,11.32448372696306,905.9586981570448,nan,0,2.201499999500811,9.899800003040582
944,31.46666666666739,SEARCH,0,0,0,0,-23.40896462874006,11.288097445579528,-27.730606301570727,0.4615363773503472,-27.754325251669524,0.4812536149201614,nan,nan,11.647747959308115,931.8198367446493,nan,0,2.141200006008148,11.853400035761297
945,31.500000000000725,SEARCH,0,0,0,0,-23.34846977684687,11.147322233388886,-27.851594934665656,0.08146899838686361,-27.88750127405471,0.0687097504295347,nan,nan,11.972404164587312,957.7923331669849,nan,0,1.9752000225707889,9.574000025168061
946,31.53333333333406,SEARCH,0,0,0,0,-23.296524901031205,11.003172944977898,-27.958140820686015,-0.30223501087170745,-27.954176664488678,-0.30426200273556,nan,nan,12.22913754303263,978.3310034426105,nan,0,2.2636999492533505,11.233800032641739
947,31.566666666667395,SEARCH,0,0,0,0,-23.25331112967456,10.856170028550927,-28.050451749652535,-0.6891299803612052,-28.04531000066784,-0.6683894550471402,nan,nan,12.481134742906633,998.4907794325306,nan,0,2.0738999592140317,9.985100012272596
948,31.60000000000073,SEARCH,0,0,0,0,-23.219562497420068,10.706709942595344,-28.128691829550664,-1.0787688673152103,-28.123146755599258,-1.0557855503567926,nan,nan,12.743682309237863,1019.4945847390292,nan,0,2.045300032477826,10.678899998310953
949,31.633333333334065,SEARCH,0,0,0,0,-23.19550506920648,10.555387348047645,-28.19299324046784,-1.4707039003023767,-28.210353591092638,-1.4879285385665642,nan,nan,13.045695199652565,1043.6556159722052,nan,0,2.0191999501548707,10.558800015132874
950,31.6666666666674,SEARCH,0,0,0,0,-23.18084577450846,10.402867209863025,-28.24346560467177,-1.8644871909941987,-28.225122485443055,-1.8913115875460818,nan,nan,13.288775708813088,1063.1020567050468,nan,0,1.8192999996244907,10.349599993787706
951,31.700000000000735,SEARCH,0,0,0,0,-23.175259746963217,10.249746069032756,-28.28020344662353,-2.2596713181634525,-28.26454407569053,-2.2535054109834887,nan,nan,13.499337485638243,1079.9469988510596,nan,0,2.3542999988421798,10.489399952348322
952,31.73333333333407,ACQUIRING,0,0,0,0,-23.17823064357851,10.096551874474997,-28.30329212221386,-2.655809887446127,-28.30630414909564,-2.64033742939576,-26.997042122213863,-5.637630426865214,13.730458368788861,1098.4366695031088,1295.2783516786862,1,2.4547000066377223,11.659000010695308
953,31.766666666667405,ACQUIRING,0,0,0,0,-23.190355508973838,9.943809362016793,-28.237491908915302,-3.14083734561769,-28.258072529362604,-3.148610977430082,-26.922111315835544,-5.25255320271747,14.038989498660515,1123.1191598928413,1251.828580216069,1,2.8241999680176377,10.213800007477403
954,31.80000000000074,ACQUIRING,0,0,0,0,-23.211324439777652,9.79202796851336,-28.082802806727855,-3.5369759149003643,-28.096427585660358,-3.5613884142188237,-26.848236705150875,-4.872903878328536,14.218929700808474,1137.514376064678,1208.7344969639341,0,3.1596000189892948,12.763799983076751
955,31.833333333334075,ACQUIRING,0,0,0,0,-23.24127072786037,9.641759850461106,-27.83922481565152,-3.8442255952941498,-27.844378491102958,-3.8543160726244103,-26.774362094466206,-4.493254553939602,14.259476371932903,1140.7581097546322,1165.5903000760436,0,2.377500000875443,10.338299965951592
956,31.86666666666741,ACQUIRING,0,0,0,0,-23.279982092777864,9.493507640699754,-27.593624331891192,-4.062586386799047,-27.61049300692923,-4.036436392168704,-26.700487483781536,-4.113605229550668,14.206080047294428,1136.4864037835541,1122.4355740438589,0,2.6623999583534896,9.95500001590699
957,31.900000000000745,ACQUIRING,0,0,0,0,-23.327333874481393,9.3477849717618,-27.37624976447317,-4.192058289415054,-27.38302086316301,-4.1945324951751175,-26.626612873096867,-3.7339559051617344,14.136582307101888,1130.926584568151,1079.3099611338416,0,2.340800012461841,9.69699997222051
958,31.93333333333408,SEARCH,0,0,0,0,-23.38305863935037,9.20505432314982,-27.180964095753936,-4.232641303142173,-27.179628953054866,-4.258938784959821,nan,nan,13.989033439166773,1119.1226751333418,nan,0,2.5345999747514725,11.379800038412213
959,31.966666666667415,SEARCH,0,0,0,0,-23.44677649904685,9.065708272511136,-27.07456731592359,-4.3139232021864355,-27.059308568552538,-4.310010457784698,nan,nan,13.854971652991349,1108.3977322393077,nan,0,2.048299997113645,10.681900021154433
960,32.000000000000746,SEARCH,0,0,0,0,-23.51793815362593,8.930012633706983,-27.057059424982135,-4.458345225662917,-27.053438210346478,-4.434733867513652,nan,nan,13.8244786409094,1105.958291272752,nan,0,1.990599965211004,9.773600031621754
961,32.03333333333408,SEARCH,0,0,0,0,-23.596270032732317,8.798325868280227,-27.12844042292957,-4.652852562571531,-27.139003387128593,-4.646797724308668,nan,nan,13.904039270670319,1112.3231416536255,nan,0,2.7061000000685453,10.858200024813414
962,32.06666666666741,SEARCH,0,0,0,0,-23.68147108794918,8.670975690962596,-27.288710309765897,-4.8869164025247755,-27.30511189546536,-4.907680187099364,nan,nan,14.053848873412688,1124.3079098730152,nan,0,2.653100003954023,11.081699980422854
963,32.10000000000074,SEARCH,0,0,0,0,-23.773055047994696,8.548135690411959,-27.439205416525283,-5.152029819214591,-27.42658626498821,-5.167140991101934,nan,nan,14.193558567322883,1135.4846853858307,nan,0,2.1666999673470855,9.5193000161089
964,32.13333333333407,SEARCH,0,0,0,0,-23.871600628001246,8.430806852805548,-27.537692488817687,-5.441304556418481,-27.519459525514534,-5.4197683264237995,nan,nan,14.322894516530202,1145.831561322416,nan,0,2.096499956678599,9.653300046920776
965,32.1666666666674,SEARCH,0,0,0,0,-23.977050477268875,8.319642034799429,-27.592057424804768,-5.749148533648627,-27.61624552987235,-5.7252459215024185,nan,nan,14.508708362082626,1160.6966689666099,nan,0,2.137000032234937,10.889999975915998
966,32.200000000000735,SEARCH,0,0,0,0,-24.089224259214994,8.21526612705821,-27.60864026531712,-6.071007925088796,-27.625499925384496,-6.073342929728607,nan,nan,14.71970089250569,1177.5760714004552,nan,0,2.2884999634698033,10.097299993503839
967,32.233333333334066,SEARCH,0,0,0,0,-24.20801234714222,8.118484529429875,-27.592546819163662,-6.403160894700199,-27.587448844468724,-6.4254021688432035,nan,nan,14.931350619808878,1194.5080495847103,nan,0,2.3932999465614557,11.150000034831464
968,32.2666666666674,ACQUIRING,0,0,0,0,-24.332765443955857,8.02952413201447,-27.5478979026246,-6.742552653769886,-27.53873118762235,-6.724096929248376,-27.1041479026246,-9.723910412390577,15.097932003055973,1207.8345602444779,1437.475562460115,1,2.2573000169359148,10.109399969223887
969,32.30000000000073,ACQUIRING,0,0,0,0,-24.46255704978688,7.94809056075112,-27.47369304151349,-7.170833301728462,-27.48774241577383,-7.144134673396372,-27.1041479026246,-9.723910412390577,15.392433498859754,1231.3946799087803,1429.4673035863773,0,2.5168000138364732,11.14469999447465
970,32.33333333333406,ACQUIRING,0,0,0,0,-24.596714081719057,7.87406908916315,-27.415360597454846,-7.578006807146043,-27.433612569928886,-7.591144542292786,-27.1041479026246,-9.723910412390577,15.723257477347932,1257.8605981878347,1422.0573420862067,0,2.745100005995482,10.186499974224716
971,32.36666666666739,ACQUIRING,0,0,0,0,-24.734933921084448,7.807943727321385,-27.365783710611783,-7.919565587457323,-27.376543856331235,-7.94978755062392,-27.1041479026246,-9.723910412390577,15.977615531672125,1278.20924253377,1415.2971916121887,0,2.965599996969104,11.584399966523051
972,32.40000000000072,ACQUIRING,0,0,0,0,-24.87668323407878,7.749767961417241,-27.323886507155123,-8.208481054430335,-27.305828202694208,-8.199365080307077,-27.1041479026246,-9.723910412390577,16.13305891829482,1290.6447134635857,1409.206380367955,0,2.4414999643340707,10.06749999942258
973,32.433333333334055,SEARCH,0,0,0,0,-25.02110637716372,7.698589418898266,-27.288466109769406,-8.452718014440292,-27.259890967014815,-8.426275615577698,nan,nan,16.27954019067554,1302.3632152540433,nan,0,2.73349997587502,11.471800040453672
974,32.466666666667386,SEARCH,0,0,0,0,-25.1679770004603,7.654928137591223,-27.2704832343397,-8.60806608556136,-27.268236111448253,-8.621252858831799,nan,nan,16.411129033726162,1312.890322698093,nan,0,2.383099985308945,11.009200010448694
975,32.50000000000072,SEARCH,0,0,0,0,-25.316802124817148,7.618481329321247,-27.219611658646237,-8.67452526779354,-27.236341046074223,-8.708583733727009,nan,nan,16.439515906596267,1315.1612725277014,nan,0,2.21800000872463,10.868499986827374
976,32.53333333333405,SEARCH,0,0,0,0,-25.467294363695117,7.589682483677792,-27.140136915938246,-8.773925885618233,-27.13070770636836,-8.757785611973166,nan,nan,16.43187929261012,1314.5503434088096,nan,0,2.6913000037893653,11.522599961608648
977,32.56666666666738,SEARCH,0,0,0,0,-25.619073232000837,7.568695282608215,-27.03553253494466,-8.922389671609112,-27.034067861180375,-8.885847376164627,nan,nan,16.51527123331561,1321.2216986652488,nan,0,2.0740999607369304,9.776799997780472
978,32.60000000000071,SEARCH,0,0,0,0,-25.77174259466185,7.555681705944616,-26.908624506993164,-9.108745405692204,-26.90773883935175,-9.086910788648767,nan,nan,16.68131806569989,1334.5054452559914,nan,0,2.58829997619614,10.007500008214265
979,32.63333333333404,SEARCH,0,0,0,0,-25.924879202297294,7.55053710928337,-26.761722790373966,-9.323988840978584,-26.790715510485455,-9.342046441147472,nan,nan,16.914758393806977,1353.1806715045582,nan,0,2.522599999792874,10.060500004328787
980,32.666666666667375,SEARCH,0,0,0,0,-26.078080835686062,7.553095819879051,-26.596726443398445,-9.560851179135641,-26.60709497480448,-9.566488430702913,nan,nan,17.12775586211344,1370.2204689690752,nan,0,1.9188000005669892,11.849000002257526
981,32.700000000000706,SEARCH,0,0,0,0,-26.230261654214306,7.57093639007657,-26.415207659404647,-9.813453899465632,-26.408694856422937,-9.786293895619012,nan,nan,17.358147412622074,1388.6517930097657,nan,0,1.9735000096261501,9.352100023534149
982,32.73333333333404,SEARCH,0,0,0,0,-26.379901117447584,7.603880562795822,-26.218478922401992,-10.07703266831804,-26.22675375569614,-10.045771642187034,nan,nan,17.65031662807406,1412.0253302459248,nan,0,2.472399966791272,11.301100021228194
983,32.76666666666737,SEARCH,0,0,0,0,-26.525504077333498,7.651599170752892,-26.00764665839903,-10.34771651013602,-26.001831196165064,-10.365169518383244,nan,nan,18.024377583825398,1441.9502067060318,nan,0,2.5024000206030905,11.613600014243275
984,32.8000000000007,SEARCH,0,0,0,0,-26.665615717226807,7.713615425390747,-25.783654082538007,-10.622351185179078,-25.764102673963617,-10.63289807943842,nan,nan,18.368649475398367,1469.4919580318694,nan,0,2.2341000149026513,11.107199999969453
985,32.83333333333403,SEARCH,0,0,0,0,-26.798836087936447,7.789309680792895,-25.547315402222974,-10.898357929960182,-25.522175770108863,-10.88750835294866,nan,nan,18.7204004613312,1497.6320369064958,nan,0,2.266300027258694,11.43640000373125
986,32.86666666666736,SEARCH,0,0,0,0,-26.923834095555087,7.877925624980551,-25.299343104477117,-11.173620485234924,-25.2683512263799,-11.131844915899329,nan,nan,19.08171898826301,1526.5375190610407,nan,0,2.1668000263161957,11.95499999448657
987,32.900000000000695,SEARCH,0,0,0,0,-27.03936080130945,7.978577836731929,-25.040369710203205,-11.446394751422282,-25.054684404582012,-11.43131838369089,nan,nan,19.51109970471452,1560.8879763771617,nan,0,2.221899980213493,12.354800011962652
988,32.933333333334026,SEARCH,0,0,0,0,-27.14426190054369,8.090260632418406,-24.77096510156997,-11.71523654337262,-24.773875411235537,-11.749724868977758,nan,nan,19.981084975653964,1598.4867980523175,nan,0,1.9465999794192612,10.491100023500621
989,32.96666666666736,SEARCH,0,0,0,0,-27.23748925614995,8.211858114462908,-24.49165030758528,-11.978943822029663,-24.50177284891002,-11.97714510566896,nan,nan,20.37351209986478,1629.8809679891824,nan,0,1.864599995315075,10.17259998479858
990,33.00000000000069,SEARCH,0,0,0,0,-27.31811137120788,8.342155321019629,-24.202908455985817,-12.23651050504034,-24.188383975271233,-12.199194741288586,nan,nan,20.778408407651586,1662.2726726121268,nan,0,2.1156000439077616,12.182299979031086
991,33.03333333333402,SEARCH,0,0,0,0,-27.385322696193953,8.479850365471185,-23.90519345802667,-12.487089537974423,-23.9220769426327,-12.472913999127577,nan,nan,21.237052659631466,1698.9642127705172,nan,0,2.6594000519253314,10.750699962954968
992,33.06666666666735,SEARCH,0,0,0,0,-27.438451677766015,8.623567444449346,-23.598936879515772,-12.729963371504208,-23.625490276426014,-12.74919403961274,nan,nan,21.71021897869104,1736.8175182952832,nan,0,2.224500000011176,10.775100032333285
993,33.10000000000068,SEARCH,0,0,0,0,-27.476967468702302,8.771870584407512,-23.284553360845614,-12.96452036084743,-23.29244989485911,-12.971685875223463,nan,nan,22.142548065635136,1771.403845250811,nan,0,1.9162000389769673,10.60679997317493
994,33.133333333334015,SEARCH,0,0,0,0,-27.50048523195141,8.923277989393723,-22.962444876299223,-13.19023590054083,-22.95371183737701,-13.17577831230411,nan,nan,22.561946674150715,1804.955733932057,nan,0,2.1186000085435808,11.401999974623322
995,33.166666666667346,ACQUIRING,0,0,0,0,-27.50876998579689,9.076276846665989,-22.63300406492551,-13.406657345024986,-22.63471432805894,-13.3990681854315,-26.61490406492551,-11.150407345024986,22.997772780566304,1839.8218224453046,1619.7140481947238,1,2.7265999815426767,11.807699978817254
996,33.20000000000068,ACQUIRING,0,0,0,0,-27.501738951716895,9.229338442217143,-22.39245214244069,-13.534189900620252,-22.381283905376055,-13.533146741799834,-26.61490406492551,-11.150407345024986,23.33130497066527,1866.5043976532213,1631.9225755537175,0,2.2071999846957624,12.246500002220273
997,33.23333333333401,ACQUIRING,0,0,0,0,-27.479462381479802,9.380933435179877,-22.240789108844755,-13.57283356732663,-22.249795533743168,-13.588965381838511,-26.61490406492551,-11.150407345024986,23.557709290217044,1884.6167432173636,1643.9628517761614,0,3.4043999621644616,14.41160001559183
998,33.26666666666734,ACQUIRING,0,0,0,0,-27.442162855211766,9.529547138495147,-22.17801496413771,-13.522588345144118,-22.173422312659607,-13.511439334473698,-26.61490406492551,-11.150407345024986,23.63570782845875,1890.8566262767001,1655.71954059196,0,2.6035000337287784,11.144999996758997
999,33.30000000000067,ACQUIRING,0,0,0,0,-27.39021305744967,9.673694653164588,-22.204129708319552,-13.383454234072719,-22.19346991761193,-13.37041758400091,-26.61490406492551,-11.150407345024986,23.62281202694826,1889.824962155861,1667.0823913698173,0,2.7110999799333513,12.051999976392835
1000,33.333333333334004,SEARCH,0,0,0,0,-27.324132053400437,9.811935704870455,-22.319133341390284,-13.15543123411243,-22.32879531949407,-13.166243511553724,nan,nan,23.514891222100573,1881.1912977680456,nan,0,2.611100033391267,12.440499966032803
1001,33.366666666667335,SEARCH,0,0,0,0,-27.244580102613046,9.94288903472052,-22.345248085572127,-13.016297123041031,-22.330367002130178,-13.047221489133598,nan,nan,23.509459208922383,1880.7567367137908,nan,0,2.2893999703228474,11.190399993211031
1002,33.40000000000067,SEARCH,0,0,0,0,-27.15235206188339,10.065246200330337,-22.28247394086508,-12.96605190085852,-22.25014036229045,-12.948852481669812,nan,nan,23.530414736941356,1882.4331789553084,nan,0,2.405900042504072,12.614100007340312
1003,33.433333333334,SEARCH,0,0,0,0,-27.0483694433079,10.177784649347034,-22.130810907269147,-13.004695567564898,-22.116040325767308,-12.968701731548855,nan,nan,23.666172109252006,1893.2937687401604,nan,0,2.411400026176125,11.441699985880405
1004,33.46666666666733,SEARCH,0,0,0,0,-26.933671206839303,10.2793799347883,-21.890258984784325,-13.132228123160164,-21.91426928710599,-13.138166015743645,nan,nan,23.949443709136492,1915.9554967309195,nan,0,2.6848999550566077,11.744900024496019
1005,33.50000000000066,SEARCH,0,0,0,0,-26.809403379342193,10.369016950144944,-21.560818173410613,-13.348649567644319,-21.548128652717185,-13.373528236955286,nan,nan,24.318500441238545,1945.4800352990837,nan,0,2.3301999899558723,12.247200007550418
1006,33.53333333333399,ACQUIRING,0,0,0,0,-26.67685415696141,10.445880407776963,-21.142488473148013,-13.653959901017364,-21.14055240075621,-13.661439196723512,-20.686238473148013,-16.635209901017365,24.73486397070527,1978.7891176564217,2218.8615871520788,1,2.5371999945491552,11.413700005505234
1007,33.566666666667324,ACQUIRING,0,0,0,0,-26.537941311889767,10.510537263152097,-20.813047661774302,-14.048159123279298,-20.82045476987595,-14.016758275133908,-20.686238473148013,-16.635209901017365,25.18487400763668,2014.7899206109346,2221.543989519293,0,2.5322000146843493,11.597000004258007
1008,33.600000000000655,ACQUIRING,0,0,0,0,-26.394237924191593,10.563703265794455,-20.57249573928948,-14.462717792221289,-20.57194902613658,-14.442512380115632,-20.686238473148013,-16.635209901017365,25.675082647231598,2054.006611778528,2223.3123184134192,0,2.6981999981217086,12.267099984455854
1009,33.63333333333399,ACQUIRING,0,0,0,0,-26.247018098918222,10.606172201728583,-20.420832705693545,-14.808372317399387,-20.419744849788714,-14.841831410653157,-20.686238473148013,-16.635209901017365,26.106665841807807,2088.5332673446246,2224.2520273230743,0,2.486800018232316,9.741799964103848
1010,33.66666666666732,ACQUIRING,0,0,0,0,-26.097301976165763,10.638766220518388,-20.3580585609865,-15.100877872004673,-20.340085605090376,-15.128192452534822,-20.686238473148013,-16.635209901017365,26.402304816099115,2112.184385287929,2224.4451090003267,0,2.2074999869801104,8.647400012705475
1011,33.70000000000065,SEARCH,0,0,0,0,-25.945897376960595,10.662302040292126,-20.384173305168343,-15.348142356053838,-20.38594179381467,-15.346076927818277,nan,nan,26.59603133242633,2127.682506594106,nan,0,2.766899997368455,10.295499989297241
1012,33.73333333333398,ACQUIRING,0,0,0,0,-25.7933936263896,10.677130847886787,-20.321399160461297,-15.506517951214114,-20.352279441383192,-15.509911849747345,-20.108854517604154,-12.557455451214114,26.746344214153662,2139.707537132293,1913.5892731633774,1,2.7227000100538135,8.324499998707324
1013,33.76666666666731,ACQUIRING,0,0,0,0,-25.64027827428569,10.682873358051783,-20.285856972961298,-15.576004657485502,-20.32494095968463,-15.59478015397236,-20.108854517604154,-12.557455451214114,26.809846789304583,2144.7877431443667,1911.1622130023818,0,2.8248000307939947,8.770699962042272
1014,33.800000000000644,ACQUIRING,0,0,0,0,-25.487079535629288,10.680146831509386,-20.257917258055542,-15.556602474868,-20.275109247408977,-15.566804543875957,-20.108854517604154,-12.557455451214114,26.759429941370833,2140.754395309667,1908.1492003627773,0,2.6583000435493886,9.136200009379536
1015,33.833333333333975,ACQUIRING,0,0,0,0,-25.33423863032921,10.66933271388696,-20.23417122603745,-15.44831140336161,-20.229635212840435,-15.441666559289148,-20.169030244737105,-12.535299867414698,26.60528629978714,2128.422903982971,1901.8043657954686,1,3.1088999821804464,9.22279997030273
1016,33.86666666666731,ACQUIRING,0,0,0,0,-25.182092407022996,10.651199479025118,-20.247205838532864,-15.25113144296633,-20.256898374796283,-15.204049437255634,-20.16626879952821,-12.57532279472764,26.32017159476584,2105.613727581267,1900.9552518998607,1,3.1792999943718314,8.950699993874878
1017,33.90000000000064,ACQUIRING,0,0,0,0,-25.030922539443115,10.626200306863211,-20.2455106089953,-14.96506259368216,-20.2375707166563,-14.952230008503907,-20.169860935131638,-12.575663747204803,26.023687653657106,2081.8950122925685,1896.449593115497,1,3.3377999789081514,9.661999996751547
1018,33.93333333333397,ACQUIRING,0,0,0,0,-24.88099854903825,10.594576193057744,-20.242860965602095,-14.590104855509104,-20.255634691459985,-14.63027065766889,-20.179977612199124,-12.5808630839004,25.64540679064391,2051.6325432515127,1891.7937875420973,0,2.622300002258271,11.66459999512881
1019,33.9666666666673,ACQUIRING,0,0,0,0,-24.73263156048769,10.556307090882006,-20.242678054855322,-14.268908295384351,-20.230740232562198,-14.276893368640193,-20.19009428926661,-12.586062420595997,25.237964866273675,2019.037189301894,1886.7180587951668,0,2.3148999898694456,10.749900015071034
1020,34.00000000000063,ACQUIRING,0,0,0,0,-24.586070700507367,10.51161702716839,-20.244059192242165,-13.998488078119026,-20.235405311475066,-13.97496957995502,-20.200210966334097,-12.591261757291594,24.87008671065461,1989.606936852369,1881.2400569620772,0,2.9304000199772418,10.985600005369633
1021,34.033333333333964,ACQUIRING,0,0,0,0,-24.44164889833701,10.460434700816753,-20.246793690376933,-13.770683843637089,-20.237141361646263,-13.762200923777293,-20.210327643401584,-12.596461093987191,24.584831913762233,1966.7865531009786,1875.355152719469,0,2.4682999937795103,10.001799964811653
1022,34.066666666667295,SEARCH,0,0,0,0,-24.299611588148192,10.402965665787233,-20.25067062471477,-13.578930392573545,-20.265869513498046,-13.626395516904703,nan,nan,24.36557559289468,1949.2460474315742,nan,0,2.4038999690674245,10.801099997479469
1023,34.10000000000063,SEARCH,0,0,0,0,-24.16034150001046,10.339081943110731,-20.165658670163715,-13.47606583039889,-20.165461056956637,-13.500783604002708,nan,nan,24.172262183311275,1933.780974664902,nan,0,2.0268000080250204,11.002599960193038
1024,34.13333333333396,SEARCH,0,0,0,0,-24.02427340834779,10.268635070190934,-19.991757826723774,-13.462090157113122,-19.963124548423508,-13.443062340987275,nan,nan,24.056964151399892,1924.5571321119915,nan,0,2.529499994125217,10.727599961683154
1025,34.16666666666729,SEARCH,0,0,0,0,-23.891593598049692,10.191997250466207,-19.728968094394943,-13.537003372716244,-19.739683241337016,-13.544319460700766,nan,nan,24.09670289942179,1927.736231953743,nan,0,2.1557000000029802,14.140799990855157
1026,34.20000000000062,SEARCH,0,0,0,0,-23.76259237490572,10.10931731396249,-19.377289473177225,-13.700805477208256,-19.39395923716088,-13.71611397648754,nan,nan,24.222636761264404,1937.8109409011522,nan,0,2.3984999861568213,11.461600020993501
1027,34.23333333333395,SEARCH,0,0,0,0,-23.637475185888135,10.02086972221892,-18.936721963070617,-13.953496470589156,-18.944744065378906,-13.962393333193654,nan,nan,24.438057045405913,1955.044563632473,nan,0,2.6120999827980995,11.493400030303746
1028,34.266666666667284,SEARCH,0,0,0,0,-23.517049586598777,9.92613344348317,-18.408075515032202,-14.270473295395583,-18.40872682145064,-14.243805626937776,nan,nan,24.703864396907452,1976.3091517525963,nan,0,1.9185999990440905,8.272400009445846
1029,34.300000000000615,SEARCH,0,0,0,0,-23.4019385083479,9.825006161621054,-17.90500023092175,-14.526663901099782,-17.91423505225021,-14.49711849274389,nan,nan,24.93352435827181,1994.6819486617446,nan,0,2.6206999900750816,9.364099998492748
1030,34.33333333333395,SEARCH,0,0,0,0,-23.292430087532054,9.717837167768732,-17.422340315752074,-14.731791142958622,-17.4445553091943,-14.750050663513157,nan,nan,25.157010441372226,2012.560835309778,nan,0,2.7615000144578516,9.581699967384338
1031,34.36666666666728,SEARCH,0,0,0,0,-23.18834992510421,9.60538892517734,-16.95604492251288,-14.89363746296418,-16.946645627312662,-14.924122180207483,nan,nan,25.311179103516036,2024.894328281283,nan,0,2.1886000176891685,8.686200017109513
1032,34.40000000000061,SEARCH,0,0,0,0,-23.08980836546151,9.48805671094747,-16.502946744270908,-15.018435176352515,-16.47111006351461,-15.014634518729562,nan,nan,25.38087951015659,2030.4703608125271,nan,0,2.275999984703958,9.791400050744414
1033,34.43333333333394,SEARCH,0,0,0,0,-22.99737422162273,9.365855170344698,-16.06058482454779,-15.111178675745398,-16.062017293278174,-15.095067534028825,nan,nan,25.425104036618475,2034.008322929478,nan,0,2.386300009675324,9.96080000186339
1034,34.46666666666727,SEARCH,0,0,0,0,-22.910956883199145,9.239327184931657,-15.627062743529414,-15.175874167722583,-15.650802023042049,-15.14142558170188,nan,nan,25.438768721405747,2035.1014977124598,nan,0,2.123699989169836,9.492400044109672
1035,34.500000000000604,SEARCH,0,0,0,0,-22.83078097650576,9.10875493880411,-15.200935106187059,-15.215739433713006,-15.226007545794683,-15.238434876395937,nan,nan,25.507219190453316,2040.5775352362652,nan,0,3.221099963411689,9.22750000609085
1036,34.533333333333935,SEARCH,0,0,0,0,-22.75734719540731,8.974275322257645,-14.781116673210176,-15.233363608766584,-14.77624107351881,-15.23658770030521,nan,nan,25.492429135454067,2039.3943308363253,nan,0,3.1691999756731093,8.927899994887412
1037,34.56666666666727,SEARCH,0,0,0,0,-22.691108174849347,8.836109915485832,-14.36680960750443,-15.230834973107237,-14.343320708257165,-15.181943744934049,nan,nan,25.4273958010293,2034.1916640823438,nan,0,3.723600006196648,8.861200010869652
1038,34.6000000000006,SEARCH,0,0,0,0,-22.632264309171408,8.694636642586051,-13.95744521448978,-15.209843152439404,-13.969744291372024,-15.192143713395145,nan,nan,25.409004876886936,2032.7203901509547,nan,0,2.060100028757006,8.843999996315688
1039,34.63333333333393,SEARCH,0,0,0,0,-22.581205351307347,8.550171178565286,-13.552637278816523,-15.171760843837964,-13.571543415988423,-15.20237104900834,nan,nan,25.40388297999743,2032.3106383997945,nan,0,2.2895000292919576,8.466199971735477
1040,34.66666666666726,SEARCH,0,0,0,0,-22.53826357952976,8.403088576910633,-13.152144679621976,-15.117709160737817,-13.162013572715816,-15.142990996654506,nan,nan,25.34426813847541,2027.5414510780329,nan,0,2.2197000216692686,8.541000017430633
1041,34.70000000000059,SEARCH,0,0,0,0,-22.503175853477853,8.253937180827977,-12.755841430052484,-15.04860987188881,-12.760448644517924,-15.018277296714945,nan,nan,25.229282592990366,2018.3426074392291,nan,0,2.2320999996736646,9.227999951690435
1042,34.733333333333924,SEARCH,0,0,0,0,-22.47638586573784,8.103074382133968,-12.363692657655228,-14.965227154221258,-12.356780415707716,-14.927639968477747,nan,nan,25.15591814988576,2012.473451990861,nan,0,1.9870999967679381,8.634600031655282
1043,34.766666666667255,SEARCH,0,0,0,0,-22.457406129647584,7.951031437243903,-11.975735338946551,-14.868200955631268,-12.003710604798512,-14.875741499918503,nan,nan,25.10659899012647,2008.5279192101177,nan,0,2.498699992429465,9.358800016343594
1044,34.80000000000059,SEARCH,0,0,0,0,-22.446672114921324,7.798184885432108,-11.592062838823331,-14.75807364454618,-11.593943414689829,-14.790729442412418,nan,nan,25.06074162413252,2004.8593299306015,nan,0,2.2250000038184226,9.388800011947751
1045,34.83333333333392,SEARCH,0,0,0,0,-22.444633721265866,7.644975445696155,-11.212812495370368,-14.635311287811437,-11.19279321365851,-14.63801988264304,nan,nan,24.96268806862394,1997.0150454899153,nan,0,2.3711000103503466,9.677599999122322
1046,34.86666666666725,SEARCH,0,0,0,0,-22.451381075997908,7.491901082470241,-10.838155642523972,-14.500320630184987,-10.855106011796096,-14.504512144782037,nan,nan,24.86595645111339,1989.2765160890713,nan,0,2.190799976233393,9.761399996932596
1047,34.90000000000058,SEARCH,0,0,0,0,-22.46700993096953,7.339477244553807,-10.468289584576198,-14.353462634121021,-10.48369100257226,-14.374673316517177,nan,nan,24.801295674390555,1984.1036539512443,nan,0,2.1295000333338976,8.116799988783896
1048,34.93333333333391,SEARCH,0,0,0,0,-22.492063060484558,7.188316309870263,-10.103431133721845,-14.195063266841418,-10.109930689006584,-14.223028760513353,nan,nan,24.73384118546579,1978.707294837263,nan,0,2.106000029016286,8.916899969335645
1049,34.966666666667244,SEARCH,0,0,0,0,-22.526134478155196,7.038929476545461,-9.743811399622924,-14.025422084346259,-9.751848077525906,-14.044765438124076,nan,nan,24.651664939718867,1972.1331951775094,nan,0,2.463500015437603,11.082599987275898
1050,35.000000000000576,SEARCH,0,0,0,0,-22.569008195571097,6.8918270230382515,-9.389671582181698,-13.844819052137101,-9.384490751726872,-13.825911508362216,nan,nan,24.557202407491538,1964.5761925993231,nan,0,2.042900014203042,9.42910002777353
1051,35.03333333333391,SEARCH,0,0,0,0,-22.62071867522969,6.747593484059353,-9.041259568485023,-13.653519954524203,-9.051827127970435,-13.634138630743607,nan,nan,24.4852980749852,1958.8238459988158,nan,0,2.0138000254519284,8.556000015232712
1052,35.06666666666724,SEARCH,0,0,0,0,-22.68103511776025,6.606741738477848,-8.698827174698376,-13.451780674066747,-8.69415261826795,-13.466034085406715,nan,nan,24.465265404865907,1957.2212323892725,nan,0,2.426600025501102,10.204099991824478
1053,35.10000000000057,SEARCH,0,0,0,0,-22.749958649210914,6.469895714475438,-8.36262790553907,-13.23985056643699,-8.360415315770359,-13.243798841016686,nan,nan,24.406734938786943,1952.5387951029556,nan,0,1.9255999941378832,9.124099975451827
1054,35.1333333333339,SEARCH,0,0,0,0,-22.826723047557824,6.337289098428817,-8.032915129437404,-13.0179751109925,-8.045950767012373,-12.994800060635605,nan,nan,24.33517825008391,1946.8142600067129,nan,0,2.744700002949685,9.313800022937357
1055,35.16666666666723,SEARCH,0,0,0,0,-22.911104420202264,6.209394331438375,-7.7099405878765985,-12.786397981334755,-7.7212441248647945,-12.764043489609016,nan,nan,24.3047978502398,1944.383828019184,nan,0,2.0881000091321766,11.399899958632886
1056,35.200000000000564,SEARCH,0,0,0,0,-23.003299615745963,6.087012415325094,-7.393953173706468,-12.545362651327391,-7.409577430168608,-12.539782410823857,nan,nan,24.2924197456,1943.393579648,nan,0,2.1169999963603914,11.724099982529879
1057,35.233333333333896,SEARCH,0,0,0,0,-23.10254776491724,5.970277277688756,-7.085197926267698,-12.295113629002817,-7.088960295082983,-12.309250093744287,nan,nan,24.301771634533203,1944.1417307626562,nan,0,2.5065999943763018,12.174499977845699
1058,35.26666666666723,SEARCH,0,0,0,0,-23.208093099409,5.8592031139965535,-6.783915201595771,-12.035897392349794,-6.7815369507188965,-12.02569633579358,nan,nan,24.28376773145329,1942.7014185162634,nan,0,2.137600036803633,11.455299973022193
1059,35.30000000000056,SEARCH,0,0,0,0,-23.319422189084698,5.753926709874456,-6.490339984317888,-11.767963086225254,-6.481811219399879,-11.768054772037887,nan,nan,24.300719705780928,1944.0575764624743,nan,0,2.3722000187262893,13.019700010772794
1060,35.33333333333389,SEARCH,0,0,0,0,-23.43593682243055,5.654419787054077,-6.204701314530489,-11.491563027833568,-6.217853519754223,-11.498521942281313,nan,nan,24.304028525902382,1944.3222820721905,nan,0,2.515500003937632,10.59339998755604
1061,35.36666666666722,SEARCH,0,0,0,0,-23.55736223242109,5.560968423866974,-5.927221808282882,-11.206953058775765,-5.9230688654918815,-11.239285640030348,nan,nan,24.35604317540971,1948.4834540327768,nan,0,2.6083000120706856,11.287899978924543
1062,35.40000000000055,SEARCH,0,0,0,0,-23.683416883568004,5.473862095755122,-5.658117254561788,-10.914392774118264,-5.633050889799433,-10.917271436032346,nan,nan,24.38206248384013,1950.5649987072104,nan,0,2.270700002554804,12.107999995350838
1063,35.433333333333884,SEARCH,0,0,0,0,-23.81418033893039,5.393998423071051,-5.397596275085602,-10.614145652887427,-5.397166243359218,-10.596264551314539,nan,nan,24.39005777333203,1951.204621866562,nan,0,2.1317999926395714,11.066000035498291
1064,35.466666666667216,SEARCH,0,0,0,0,-23.949411955643697,5.3219588692550746,-5.145860035947258,-10.306479109561153,-5.154441635983709,-10.305397133638476,nan,nan,24.44310055942316,1955.448044753853,nan,0,2.3604000452905893,10.465599945746362
1065,35.50000000000055,ACQUIRING,0,0,0,0,-24.08857646969541,5.257845489203404,-4.903102002327536,-9.99166448226002,-4.904996927053545,-10.022128730952403,-8.884809319400707,-9.36041448226002,24.52523876005071,1962.0191008040565,1687.3137186022905,1,2.2977000335231423,11.751299956813455
1066,35.53333333333388,ACQUIRING,0,0,0,0,-24.231172189125807,5.2017763508737795,-4.749232857596702,-9.765738743847777,-4.73967510309062,-9.773922709352478,-8.884809319400707,-9.36041448226002,24.580277073242684,1966.4221658594147,1692.4647214093573,0,2.7335999766364694,11.691700026858598
1067,35.56666666666721,ACQUIRING,0,0,0,0,-24.376790165018768,5.15410358538093,-4.684252601754757,-9.628701894324422,-4.683995899764194,-9.614511357212109,-8.884809319400707,-9.36041448226002,24.61540439026395,1969.2323512211162,1698.3242663413791,0,2.959400007966906,11.63189997896552
1068,35.60000000000054,ACQUIRING,0,0,0,0,-24.52486379006712,5.1147146397497005,-4.708161234801701,-9.580553933689957,-4.750149176613324,-9.579644831583614,-8.884809319400707,-9.36041448226002,24.636630011353137,1970.9304009082512,1704.846112833444,0,4.480100004002452,11.850200011394918
1069,35.63333333333387,ACQUIRING,0,0,0,0,-24.67483046867777,5.083293583443628,-4.820958756737534,-9.545424200302756,-4.8177836246435035,-9.563480764732747,-8.884809319400707,-9.36041448226002,24.67448698904536,1973.9589591236288,1711.9728419937312,0,2.6109000318683684,11.36379997478798
1070,35.666666666667204,SEARCH,0,0,0,0,-24.826305696245253,5.060216692269161,-5.022645167562255,-9.515395727941035,-4.991706163059076,-9.542428491674027,nan,nan,24.63023720977954,1970.4189767823632,nan,0,2.7407999732531607,10.902800015173852
1071,35.700000000000536,SEARCH,0,0,0,0,-24.97891525353489,5.046519594154569,-5.135442689498088,-9.396478366690426,-5.130003145476825,-9.380538989478588,nan,nan,24.53811996158217,1963.0495969265735,nan,0,2.5843000039458275,10.721800033934414
1072,35.73333333333387,SEARCH,0,0,0,0,-25.132059447901536,5.041606020639321,-5.1593513225450325,-9.188672116550928,-5.167485158674972,-9.16172917383674,nan,nan,24.501407249313022,1960.112579945042,nan,0,2.6765000075101852,12.024099996779114
1073,35.7666666666672,SEARCH,0,0,0,0,-25.285227556865955,5.045706980181145,-5.094371066703087,-8.89197697752254,-5.091033468801556,-8.920335547479569,nan,nan,24.553122382923988,1964.2497906339188,nan,0,2.9548999737016857,11.148300021886826
1074,35.80000000000053,SEARCH,0,0,0,0,-25.4379153925889,5.058501990737691,-4.9405019219722535,-8.574384037669795,-4.922572037326631,-8.60103348857528,nan,nan,24.64674872056989,1971.7398976455913,nan,0,2.2616999922320247,11.427799996454269
1075,35.83333333333386,SEARCH,0,0,0,0,-25.58964488925688,5.079843202366359,-4.697743888352531,-8.24645008136989,-4.662013625505144,-8.252904033601673,nan,nan,24.813865059070753,1985.1092047256602,nan,0,2.6568000321276486,11.607099964749068
1076,35.86666666666719,SEARCH,0,0,0,0,-25.740094459562542,5.108864130465595,-4.366096965843919,-7.909388516387762,-4.3436697112399205,-7.9007342098073785,nan,nan,25.04109903710031,2003.287922968025,nan,0,2.4092000094242394,11.473899998236448
1077,35.900000000000524,SEARCH,0,0,0,0,-25.8889882644963,5.1450293392337905,-4.046682593804482,-7.564231419349387,-4.067581731996508,-7.580168388501583,nan,nan,25.260729210903357,2020.8583368722686,nan,0,2.426000020932406,10.11339999968186
1078,35.933333333333856,SEARCH,0,0,0,0,-26.036180230825735,5.187594730351149,-3.7663445757691223,-7.211866154913326,-3.7550440784603025,-7.250989254505031,nan,nan,25.51798189098359,2041.4385512786873,nan,0,2.372700022533536,12.574599997606128
1079,35.96666666666719,SEARCH,0,0,0,0,-26.178387401992833,5.244642148711242,-3.5194310697109774,-6.853064619145211,-3.5285188117267543,-6.8663737283521264,nan,nan,25.68449440286499,2054.759552229199,nan,0,2.54979997407645,10.998999990988523
1080,36.00000000000052,SEARCH,0,0,0,0,-26.314188890950728,5.315601595367184,-3.301435308409794,-6.488506582569017,-3.3078146109802535,-6.461613077062758,nan,nan,25.84561941510758,2067.6495532086064,nan,0,2.4728000280447304,11.241999978665262
1081,36.03333333333385,SEARCH,0,0,0,0,-26.44222781411176,5.399764066984064,-3.1087647887588243,-6.118798313310943,-3.108487690346094,-6.118023877463754,nan,nan,26.02158464230607,2081.726771384486,nan,0,2.3856000043451786,11.82020001579076
1082,36.06666666666718,SEARCH,0,0,0,0,-26.561224848879746,5.4962886399659,-2.9385566265958056,-5.7444874247043565,-2.9473204700688744,-5.778277254852418,nan,nan,26.167390319407545,2093.3912255526034,nan,0,2.1453999797813594,10.683100030291826
1083,36.10000000000051,SEARCH,0,0,0,0,-26.669991016218475,5.604210872686239,-2.788529845331104,-5.366074702885346,-2.7713577954769395,-5.381047645357835,nan,nan,26.30248228832767,2104.198583066214,nan,0,2.2539999918080866,10.447300039231777
1084,36.133333333333844,SEARCH,0,0,0,0,-26.76743956053721,5.722452441870087,-2.656867212969124,-4.984023518836655,-2.636154475248397,-4.975034535989822,nan,nan,26.39611993284173,2111.6895946273385,nan,0,2.501600014511496,11.261400009971112
1085,36.166666666667176,SEARCH,0,0,0,0,-26.852596808193326,5.849831916843625,-2.5421207191767636,-4.598767308479207,-2.5414361350249126,-4.586040175480532,nan,nan,26.456378429482005,2116.5102743585603,nan,0,2.300199994351715,11.239100014790893
1086,36.20000000000051,SEARCH,0,0,0,0,-26.924611896117487,5.985076563998973,-2.4431359656981617,-4.210715507722714,-2.4446216951817963,-4.21308252924043,nan,nan,26.51928296785056,2121.542637428045,nan,0,1.933799998369068,9.192799974698573
1087,36.23333333333384,SEARCH,0,0,0,0,-26.982765273356176,6.126835063527692,-2.3589916887307814,-3.8202582520358725,-2.361512464793923,-3.8661490530997185,nan,nan,26.571899093183053,2125.7519274546444,nan,0,1.898899965453893,8.55470000533387
1088,36.26666666666717,SEARCH,0,0,0,0,-27.026475890586976,6.273691011361621,-2.2889513881298518,-3.427770088214678,-2.2672596777601415,-3.4234076442119417,nan,nan,26.590458999600475,2127.236719968038,nan,0,2.031099982559681,9.030100016389042
1089,36.3000000000005,SEARCH,0,0,0,0,-27.055307005771326,6.4241770714141255,-2.2324246433092467,-3.033612896521138,-2.222671210551796,-2.9941920495989893,nan,nan,26.558717541283347,2124.6974033026677,nan,0,2.133400004822761,9.818699967581779
1090,36.33333333333383,SEARCH,0,0,0,0,-27.0689705479366,6.576789636717239,-2.1889361797071736,-2.6381381817585483,-2.1892256518699953,-2.632910849645812,nan,nan,26.529611552788857,2122.3689242231085,nan,0,1.9480999908410013,8.70890001533553
1091,36.366666666667165,SEARCH,0,0,0,0,-27.067329995486055,6.730003852965458,-2.158101136884769,-2.2416888601636153,-2.1569613881644885,-2.2527680322296595,nan,nan,26.4804957448701,2118.4396595896083,nan,0,2.0585000165738165,8.018199994694442
1092,36.400000000000496,SEARCH,0,0,0,0,-27.05040174027748,6.882288854355918,-2.1396052990849967,-1.8446006436462448,-2.139573431656382,-1.8489120310509803,nan,nan,26.396651983214245,2111.7321586571393,nan,0,2.393400005530566,9.778000006917864
1093,36.43333333333383,SEARCH,0,0,0,0,-27.01835492384118,7.032123059493455,-2.133189296886264,-1.447203102627057,-2.131960451803744,-1.4113769004170607,nan,nan,26.27975116683688,2102.3800933469506,nan,0,2.2572000161744654,10.079200030304492
1094,36.46666666666716,ACQUIRING,0,0,0,0,-26.97150974737372,7.178009374528937,-2.138635986830315,-1.0498204724973377,-2.147580386388731,-1.0357861102541568,0.6863640131696851,-1.4560704724973377,26.14754109251988,2091.8032874015903,2317.9374497292793,1,2.56910000462085,10.976000048685819
1095,36.50000000000049,ACQUIRING,0,0,0,0,-26.910334272393406,7.318490151626134,-2.0551937878854774,-0.741326731256507,-2.0762335662986384,-0.7732615171344579,0.6863640131696851,-1.4560704724973377,26.1191309761513,2089.530478092104,2316.646777268654,0,2.5649999734014273,9.615799994207919
1096,36.53333333333382,ACQUIRING,0,0,0,0,-26.835439744024317,7.4521617532970605,-1.8828627000517506,-0.5217218789045652,-1.8963967896426,-0.5329297358612006,0.6863640131696851,-1.4560704724973377,26.1862091485332,2094.8967318826562,2314.2083341834955,0,3.1276000081561506,8.493299945257604
1097,36.56666666666715,ACQUIRING,0,0,0,0,-26.747574483637077,7.577688577083779,-1.621642723329135,-0.3910059154415123,-1.6306131418362,-0.38303572036223726,0.6863640131696851,-1.4560704724973377,26.34833729830911,2107.866983864729,2310.642901376103,0,2.7271999861113727,9.345499973278493
1098,36.600000000000485,ACQUIRING,0,0,0,0,-26.647616411869084,7.693816400456663,-1.2715338577176305,-0.3491788408673483,-1.287595845030761,-0.3498562678786877,0.6863640131696851,-1.4560704724973377,26.605099382370064,2128.407950589605,2305.9809756915283,0,2.1788000012747943,8.953200012911111
1099,36.633333333333816,SEARCH,0,0,0,0,-26.536564276731696,7.799384912591326,-0.9558331618938405,-0.39624065518207313,-0.9607533113821026,-0.4142693992436916,nan,nan,26.86235700175289,2148.988560140231,nan,0,2.486900018993765,8.90719995368272
1100,36.66666666666715,SEARCH,0,0,0,0,-26.41552767445025,7.8933393078108285,-0.7290213549589394,-0.3544135806079091,-0.6955103930340308,-0.37494011934019106,nan,nan,27.016360481045513,2161.3088384836415,nan,0,2.062199986539781,10.00250002834946
1101,36.70000000000048,SEARCH,0,0,0,0,-26.28612083460846,7.975382938124588,-0.5910984369129271,-0.2236976171448562,-0.59152587097584,-0.18578500198302858,nan,nan,26.95954139987873,2156.7633119902985,nan,0,2.44020001264289,10.33859996823594
1102,36.73333333333381,SEARCH,0,0,0,0,-26.150147854079098,8.046013215193705,-0.5420644077558037,-0.0040927647929143995,-0.5502212499900869,0.011778016766419212,nan,nan,26.831048756215107,2146.483900497208,nan,0,2.125700004398823,8.407199988141656
1103,36.76666666666714,SEARCH,0,0,0,0,-26.009099235947076,8.105867829017091,-0.5819192674875692,0.3044009764479163,-0.6029556815983563,0.28361929833377797,nan,nan,26.583071725817398,2126.6457380653915,nan,0,2.286599949002266,8.295200008433312
1104,36.80000000000047,SEARCH,0,0,0,0,-25.864192512911334,8.155660690874408,-0.7106630161082236,0.7017836065776358,-0.711840435898759,0.6807185339334102,nan,nan,26.239580317825446,2099.166425426036,nan,0,2.57060001604259,9.280600002966821
1105,36.833333333333805,SEARCH,0,0,0,0,-25.716111664891205,8.195022473386615,-0.9282956536177669,1.137318101073409,-0.9094384971554589,1.1480770929221533,nan,nan,25.788184752830315,2063.054780226425,nan,0,2.4062999873422086,9.153200022410601
1106,36.866666666667136,SEARCH,0,0,0,0,-25.565670859282317,8.224088802371336,-1.2348171800161991,1.5617217566643373,-1.2296753857928988,1.5899361519274415,nan,nan,25.2240491807935,2017.92393446348,nan,0,2.3022000095807016,10.540599992964417
1107,36.90000000000047,SEARCH,0,0,0,0,-25.4136231953009,8.243030696434316,-1.5820455480011701,1.9764939181961403,-1.6001350653555675,1.985136939764006,nan,nan,24.622011517843553,1969.7609214274844,nan,0,2.1758999791927636,8.7133000488393
1108,36.9333333333338,SEARCH,0,0,0,0,-25.260650640072853,8.251787683353404,-1.8895009468351702,2.382779116774595,-1.8856758861215586,2.371774471477629,nan,nan,24.10319481147041,1928.2555849176329,nan,0,2.5714999646879733,11.357200040947646
1109,36.96666666666713,SEARCH,0,0,0,0,-25.107429375527882,8.251058598900627,-2.167154258872193,2.7814388468048756,-2.1478217962196835,2.785663655136395,nan,nan,23.60114662653385,1888.091730122708,nan,0,2.175099973101169,9.158200002275407
1110,37.00000000000046,SEARCH,0,0,0,0,-24.95451963656235,8.241265785086815,-2.422955873234004,3.1731090218999065,-2.409247642321853,3.199821506910199,nan,nan,23.10206591853301,1848.165273482641,nan,0,2.458499977365136,10.125100030563772
1111,37.03333333333379,SEARCH,0,0,0,0,-24.802468972602068,8.222347987589833,-2.663238428080421,3.558245972919436,-2.666429718599198,3.5613342744602647,nan,nan,22.62143414305861,1809.7147314446888,nan,0,2.1889000199735165,8.841699978802353
1112,37.066666666667125,SEARCH,0,0,0,0,-24.651736238973584,8.19483561790302,-2.893039034330159,3.9371632787368007,-2.91926762332081,3.933031887081583,nan,nan,22.146402939763746,1771.7122351810997,nan,0,2.69210000988096,9.125699987635016
1113,37.100000000000456,SEARCH,0,0,0,0,-24.50268522027984,8.15932391139296,-3.1163570852212894,4.310061262199663,-3.1164712384321307,4.305304416578739,nan,nan,21.73070672444379,1738.456537955503,nan,0,2.778799971565604,14.489200024399906
1114,37.13333333333379,SEARCH,0,0,0,0,-24.35568526680624,8.11610006205421,-3.3363605351916426,4.677050617247303,-3.3458422126145324,4.699600027131937,nan,nan,21.28581634916527,1702.8653079332216,nan,0,2.2562999511137605,11.587900051381439
1115,37.16666666666712,SEARCH,0,0,0,0,-24.211066860917867,8.065475916123592,-3.5555509548324427,5.0381713399447765,-3.571992527670887,5.072963626574668,nan,nan,20.854891971343214,1668.3913577074572,nan,0,2.2029999527148902,11.073400033637881
1116,37.20000000000045,SEARCH,0,0,0,0,-24.068915318875977,8.008290021289186,-3.7758956072869827,5.393407901633662,-3.7717252413464797,5.375058134433902,nan,nan,20.46728695292352,1637.3829562338815,nan,0,2.17810005415231,11.626299994532019
1117,37.23333333333378,SEARCH,0,0,0,0,-23.92955970850587,7.944593072137173,-3.998933142360869,5.742701414751173,-3.981889671773312,5.727323450910519,nan,nan,20.07052128041453,1605.6417024331624,nan,0,2.301700005773455,10.884799994528294
1118,37.26666666666711,SEARCH,0,0,0,0,-23.793421691384733,7.874281424686524,-4.22585818532635,6.085959391752198,-4.199556761871324,6.102329488331722,nan,nan,19.673824146331263,1573.9059317065012,nan,0,2.1930999937467277,11.249700037296861
1119,37.300000000000445,SEARCH,0,0,0,0,-23.66096760789954,7.797254135749444,-4.457589041975996,6.423063577475693,-4.437226213557959,6.45652833597889,nan,nan,19.270437952124812,1541.635036169985,nan,0,2.216900000348687,10.048599971923977
1120,37.333333333333776,SEARCH,0,0,0,0,-23.532248571851223,7.714135562423796,-4.694821897139377,6.753876239223333,-4.686949405024684,6.749080699601779,nan,nan,18.869992887530444,1509.5994310024353,nan,0,2.558999985922128,12.199699995107949
1121,37.36666666666711,SEARCH,0,0,0,0,-23.4076718924336,7.624928284591894,-5.020943641191647,6.995800012082084,-5.0067263846433425,6.963408589632796,nan,nan,18.41283258728774,1473.026606983019,nan,0,2.043600019533187,12.275599990971386
1122,37.40000000000044,SEARCH,0,0,0,0,-23.28753415643339,7.529827223285285,-5.435954274132806,7.148834896051946,-5.4417667321090315,7.14789609462736,nan,nan,17.849853958789534,1427.9883167031628,nan,0,2.4231999996118248,14.500899997074157
1123,37.43333333333377,SEARCH,0,0,0,0,-23.17206131285599,7.429113222922633,-5.939853795962854,7.212980891132919,-5.957809395391752,7.229969498559353,nan,nan,17.21540377978032,1377.2323023824256,nan,0,2.2413000115193427,12.52529997145757
1124,37.4666666666671,SEARCH,0,0,0,0,-23.061404644347668,7.323130256425471,-6.532642206681791,7.188237997325004,-6.537576291488469,7.176793326101822,nan,nan,16.524476328523395,1321.9581062818718,nan,0,2.677599957678467,13.743099989369512
1125,37.50000000000043,SEARCH,0,0,0,0,-22.956030292740312,7.2118938707586,-7.214319506289616,7.0746062146282,-7.203558949866276,7.0381062202006595,nan,nan,15.753429961616428,1260.2743969293142,nan,0,2.104200015310198,13.077799987513572
1126,37.533333333333765,SEARCH,0,0,0,0,-22.85623898534658,7.0956227116453086,-7.984885694786331,6.872085543042506,-7.960170548514128,6.850606529176526,nan,nan,14.898083360099296,1191.8466688079438,nan,0,2.372400020249188,13.839199964422733
1127,37.566666666667096,SEARCH,0,0,0,0,-22.7618217586299,6.974946803643627,-8.818219028119664,6.580675982567924,-8.797676399976842,6.606349171275567,nan,nan,13.969009263801748,1117.52074110414,nan,0,2.6064999983645976,12.714599957689643
1128,37.60000000000043,SEARCH,0,0,0,0,-22.673080081091133,6.85003802836941,-9.651552361452998,6.2003775332044535,-9.628232938986574,6.2141209788381975,nan,nan,13.06033795331338,1044.8270362650705,nan,0,2.0112000056542456,14.155399985611439
1129,37.63333333333376,SEARCH,0,0,0,0,-22.590593128441867,6.720913320758755,-10.484885694786332,5.731190194952093,-10.476295066593508,5.694447455180138,nan,nan,12.157707419760559,972.6165935808448,nan,0,2.3710000095888972,10.892599995713681
1130,37.66666666666709,SEARCH,0,0,0,0,-22.515620928967024,6.587285266897286,-11.318219028119666,5.173113967810845,-11.30506423740662,5.155123523277779,nan,nan,11.301666629067459,904.1333303253967,nan,0,1.9336999976076186,10.305400006473064
1131,37.70000000000042,SEARCH,0,0,0,0,-22.448509845382013,6.4495413380548685,-12.151552361453,4.526148851780707,-12.145288704957588,4.53351400668947,nan,nan,10.479862909553159,838.3890327642528,nan,0,2.0400999928824604,11.49880001321435
1132,37.73333333333375,SEARCH,0,0,0,0,-22.389795270498663,6.308014357697175,-12.984885694786334,3.7902948468616806,-12.996811565207429,3.7938925518576925,nan,nan,9.723628507016516,777.8902805613212,nan,0,1.9301999709568918,9.885600011330098
1133,37.766666666667085,SEARCH,0,0,0,0,-22.340070404013872,6.163084287918785,-13.800293419193501,2.9655519530537653,-13.81820167316945,2.9480443041247826,nan,nan,9.10816824411682,728.6534595293456,nan,0,2.7689000125974417,14.800400007516146
1134,37.800000000000416,SEARCH,0,0,0,0,-22.2990084042489,6.015465862076343,-14.52681225471178,2.18015693964292,-14.524086319010086,2.1552088486562275,nan,nan,8.680495241700987,694.439619336079,nan,0,3.0912000220268965,13.0557999946177
1135,37.83333333333375,SEARCH,0,0,0,0,-22.26665303470738,5.865697983228003,-15.16444220134117,1.483650815120964,-15.12578175258019,1.4914446167179074,nan,nan,8.374134891577382,669.9307913261906,nan,0,2.9126000008545816,13.452200044412166
1136,37.86666666666708,SEARCH,0,0,0,0,-22.24292381689462,5.714323574245197,-15.722787838045328,0.876033579487897,-15.717328952256771,0.89007584174081,nan,nan,8.115217466091812,649.217397287345,nan,0,2.3818000336177647,10.399599967058748
1137,37.90000000000041,SEARCH,0,0,0,0,-22.22744220932794,5.561884710105994,-16.2257942692571,0.3573052327437187,-16.24159930542195,0.3628793430678042,nan,nan,7.92842809620757,634.2742476966056,nan,0,2.0278000156395137,13.16400000359863
1138,37.93333333333374,SEARCH,0,0,0,0,-22.22045089590176,5.408821295112482,-16.678351001444774,-0.0725342251115706,-16.67642025283686,-0.0941480567777867,nan,nan,7.811462568500614,624.9170054800492,nan,0,2.272100013215095,12.804600002709776
1139,37.966666666667074,SEARCH,0,0,0,0,-22.221219338093466,5.255600222901453,-17.08167969286887,-0.4596179273393002,-17.047990606393938,-0.4625544933100255,nan,nan,7.71100440079067,616.8803520632536,nan,0,2.08020000718534,12.756199983414263
1140,38.000000000000405,SEARCH,0,0,0,0,-22.230001068726505,5.102629086146875,-17.434242452770558,-0.8460998503925181,-17.4260126647836,-0.8160028848337401,nan,nan,7.622893741429943,609.8314993143954,nan,0,3.5099000087939203,12.516400020103902
1141,38.03333333333374,SEARCH,0,0,0,0,-22.247340445381816,4.950390347679609,-17.73250584345179,-1.23951250023552,-17.73146208170069,-1.220854505069435,nan,nan,7.647053055141234,611.7642444112988,nan,0,2.2805999615229666,12.814100016839802
1142,38.06666666666707,SEARCH,0,0,0,0,-22.272591294203604,4.799262315512581,-17.972451517108485,-1.639464251246927,-17.98483038689904,-1.660548282233461,nan,nan,7.753324871109253,620.2659896887403,nan,0,1.869100029580295,11.276300007011741
1143,38.1000000000004,SEARCH,0,0,0,0,-22.305537933972097,4.649623395438743,-18.151775937103213,-2.0432640110714466,-18.176989260041008,-2.0620090044418316,nan,nan,7.879779414688259,630.3823531750606,nan,0,2.1437000250443816,12.320199981331825
1144,38.13333333333373,SEARCH,0,0,0,0,-22.34521875350251,4.501627719710383,-18.269743849948377,-2.446771035639865,-18.268097337638952,-2.4185006974298435,nan,nan,8.031880000934088,642.550400074727,nan,0,2.2341999574564397,14.539499999955297
1145,38.16666666666706,SEARCH,0,0,0,0,-22.391565558450363,4.355582311894783,-18.327005102233638,-2.8450310329084134,-18.350213193834595,-2.840090116122587,nan,nan,8.252892258251944,660.2313806601554,nan,0,2.6368999970145524,12.63380004093051
1146,38.200000000000394,SEARCH,0,0,0,0,-22.44468384874774,4.2118612810441,-18.325397714918697,-3.2327472260426817,-18.345315006049297,-3.237451842508345,nan,nan,8.50276960297158,680.2215682377263,nan,0,2.622600004542619,10.943699977360666
1147,38.233333333333725,ACQUIRING,0,0,0,0,-22.503985238184942,4.07057917784728,-18.26775134380888,-3.6046238368841075,-18.27192439952439,-3.6317158412918364,-18.96150134380888,-6.58618504020361,8.788383668455735,703.0706934764588,898.4103854824247,1,4.161899967584759,14.476299984380603
1148,38.26666666666706,ACQUIRING,0,0,0,0,-22.569196510593308,3.9319257342413567,-18.29899386158795,-4.065389336614422,-18.280966249463027,-4.0563718086910034,-18.96150134380888,-6.58618504020361,9.066521736966864,725.3217389573491,889.570210580134,1,4.30849997792393,13.776400010101497
1149,38.30000000000039,ACQUIRING,0,0,0,0,-22.639556628408055,3.7958127617001844,-18.408603125781497,-4.465540543841054,-18.418443545605584,-4.423840305060435,-18.96150134380888,-6.58618504020361,9.240156502771663,739.212520221733,881.1409659219913,0,2.9773999704048038,10.866900032851845
1150,38.33333333333372,ACQUIRING,0,0,0,0,-22.714438298681017,3.6621339566111555,-18.496333007632078,-4.803208733653077,-18.501072301789858,-4.8195755871506485,-18.96150134380888,-6.58618504020361,9.470578113742514,757.6462490994011,873.1096720947511,0,2.3347000242210925,11.906399973668158
1151,38.36666666666705,ACQUIRING,0,0,0,0,-22.79304912119451,3.530613516919633,-18.57079363847814,-5.0887135850930205,-18.589114636401312,-5.127644152686687,-18.96150134380888,-6.58618504020361,9.624889143555375,769.9911314844301,865.4446123589413,0,2.2212000330910087,9.045899962075055
1152,38.40000000000038,SEARCH,0,0,0,0,-22.875380955787318,3.40138984847812,-18.633724686569714,-5.330074390131084,-18.638193548742336,-5.336182197974834,nan,nan,9.710763223834501,776.86105790676,nan,0,2.246699994429946,12.657600047532469
1153,38.433333333333714,SEARCH,0,0,0,0,-22.9618157611263,3.274873794560399,-18.6077668457724,-5.482546306280258,-18.606386136079305,-5.448951529902815,nan,nan,9.750635646483909,780.0508517187128,nan,0,2.7128999936394393,10.899400047492236
1154,38.466666666667045,SEARCH,0,0,0,0,-23.052531771818103,3.15139143599423,-18.492920116086196,-5.546129333540544,-18.507858204453616,-5.523271927478095,nan,nan,9.793050714842154,783.4440571873724,nan,0,2.444599987939,12.679699982982129
1155,38.50000000000038,SEARCH,0,0,0,0,-23.14726847571201,3.0309661711690397,-18.289184497511105,-5.5889477989505,-18.29712695369379,-5.608379392471436,nan,nan,9.907682097826896,792.6145678261518,nan,0,1.9357000128366053,9.728699980769306
1156,38.53333333333371,SEARCH,0,0,0,0,-23.24589297748676,2.913703665982678,-17.996559990047125,-5.649218072428475,-18.01186145193826,-5.65171253285404,nan,nan,10.037999834116857,803.0399867293485,nan,0,3.082800016272813,11.067999992519617
1157,38.56666666666704,SEARCH,0,0,0,0,-23.347861585605052,2.7993371917373033,-17.635839728969998,-5.713927470704693,-17.62516376530857,-5.702232343411875,nan,nan,10.24821715731096,819.8573725848768,nan,0,3.1968000112101436,13.934799993876368
1158,38.60000000000037,SEARCH,0,0,0,0,-23.453205787707706,2.6880722531616024,-17.26497423045951,-5.772719705693616,-17.273657726106116,-5.772874897833796,nan,nan,10.477329857248035,838.1863885798427,nan,0,3.5868000122718513,12.600900023244321
1159,38.6333333333337,SEARCH,0,0,0,0,-23.562108281755325,2.580287586983583,-16.885837713206765,-5.817479012297835,-16.905350982304807,-5.837152496235017,nan,nan,10.731529028911162,858.5223223128929,nan,0,2.9215999529697,11.435799999162555
1160,38.666666666667034,SEARCH,0,0,0,0,-23.67442368245552,2.4760640856105534,-16.50093599376944,-5.841981812971382,-16.503932991192414,-5.8567400549660595,nan,nan,10.993250729365794,879.4600583492636,nan,0,3.4577000187709928,10.823499993421137
1161,38.700000000000365,SEARCH,0,0,0,0,-23.790475283531226,2.3760175296445225,-16.113200821160437,-5.8416037305663915,-16.103554952532413,-5.82024839952998,nan,nan,11.236882101226731,898.9505680981385,nan,0,3.014800022356212,12.17719999840483
1162,38.7333333333337,SEARCH,0,0,0,0,-23.909829045576195,2.279934404390336,-15.725823789265023,-5.813072097588115,-15.732883021939074,-5.789147919392013,nan,nan,11.487930005943268,919.0344004754613,nan,0,3.431799996178597,11.639099975582212
1163,38.76666666666703,SEARCH,0,0,0,0,-24.032225280152105,2.187758218558321,-15.34212296931324,-5.754255990326377,-15.356591732195172,-5.773080516297226,nan,nan,11.774615527515634,941.9692422012506,nan,0,3.2180999987758696,12.521800003014505
1164,38.80000000000036,SEARCH,0,0,0,0,-24.15787164270509,2.1000639824301515,-14.965436596615033,-5.663987329497546,-14.966976906935043,-5.674003533673278,nan,nan,12.03780178391969,963.0241427135752,nan,0,3.118299995549023,13.737000001128763
1165,38.83333333333369,SEARCH,0,0,0,0,-24.28688180201439,2.017397990221213,-14.599039127814212,-5.541907806875777,-14.5914583281884,-5.536822093308005,nan,nan,12.290951037540268,983.2760830032214,nan,0,3.2008999842219055,11.704100004862994
1166,38.86666666666702,SEARCH,0,0,0,0,-24.418818561107177,1.939487919800308,-14.246075793741554,-5.388337377806344,-14.248035755389155,-5.365615155052162,nan,nan,12.522354164265932,1001.7883331412746,nan,0,2.4400000111199915,13.088300009258091
1167,38.900000000000354,SEARCH,0,0,0,0,-24.55316416111848,1.8658092442523455,-13.909512439088205,-5.204160849074415,-13.919586744635417,-5.193574123246508,nan,nan,12.763536430067417,1021.0829144053932,nan,0,2.4580000317655504,13.66479997523129
1168,38.933333333333685,SEARCH,0,0,0,0,-24.68998611921647,1.796837951273808,-13.592097988883497,-4.99072972782929,-13.617026293062626,-5.024151621321477,nan,nan,13.005242714423694,1040.4194171538957,nan,0,3.224999993108213,15.60270000481978
1169,38.96666666666702,SEARCH,0,0,0,0,-24.829102088234116,1.7326193041595908,-13.29633733404864,-4.749777010267554,-13.29035844894519,-4.775716692987405,nan,nan,13.247680635680723,1059.8144508544578,nan,0,3.031899977941066,11.517199978698045
1170,39.00000000000035,SEARCH,0,0,0,0,-24.970167571345858,1.6728044485854978,-13.024472801333022,-4.483343002770413,-13.023317121960574,-4.448684099805457,nan,nan,13.423854055674882,1073.9083244539904,nan,0,2.466199977789074,12.101900007110089
1171,39.03333333333368,SEARCH,0,0,0,0,-25.11294768750087,1.617206553808264,-12.778472680888873,-4.193710602620645,-12.78905765840646,-4.180319148458387,nan,nan,13.61945555878263,1089.5564447026104,nan,0,1.650799997150898,9.545399982016534
1172,39.06666666666701,SEARCH,0,0,0,0,-25.257321285867857,1.565888413083294,-12.560025539238197,-3.8833487359133128,-12.573841034313034,-3.8924658894742215,nan,nan,13.808124528111314,1104.6499622489052,nan,0,1.576900016516447,10.937599989119917
1173,39.10000000000034,SEARCH,0,0,0,0,-25.40329149747588,1.51930531747976,-12.370539255979336,-3.5548628693646482,-12.359366064829638,-3.5809243679595664,nan,nan,14.00558222769307,1120.4465782154457,nan,0,1.6485000378452241,10.176299954764545
1174,39.133333333333674,SEARCH,0,0,0,0,-25.55067061483564,1.4773925122866296,-12.211143897096363,-3.2109516904855733,-12.17812991065557,-3.2012422169464,nan,nan,14.167373356220205,1133.3898684976164,nan,0,1.8359000096097589,10.287999990396202
1175,39.166666666667005,SEARCH,0,0,0,0,-25.699369154518735,1.4404326452818048,-12.0826976825866,-2.8543691951048813,-12.063327220008059,-2.831616064146157,nan,nan,14.289578013904356,1143.1662411123484,nan,0,2.388999972026795,11.241900036111474
1176,39.20000000000034,SEARCH,0,0,0,0,-25.849254054255088,1.408623773816088,-11.985795426564604,-2.4878915389925624,-12.00933135549568,-2.500395018755985,nan,nan,14.381372960476252,1150.5098368381002,nan,0,2.807399956509471,13.802900037262589
1177,39.23333333333367,SEARCH,0,0,0,0,-26.000177187537957,1.3821758001133566,-11.920778928339642,-2.1142881065566037,-11.917791001626405,-2.1257019850992087,nan,nan,14.51271191904326,1161.016953523461,nan,0,2.365300024393946,11.947499995585531
1178,39.266666666667,SEARCH,0,0,0,0,-26.147705942213094,1.3407927840693015,-11.887748876724656,-1.7362963284502162,-11.866555006999377,-1.7371254279255237,nan,nan,14.609067477224036,1168.725398177923,nan,0,2.0937000517733395,11.258999991696328
1179,39.30000000000033,SEARCH,0,0,0,0,-26.290366259730305,1.2848882111008284,-11.886577899908223,-1.356599844789755,-11.897353321323651,-1.3290274348804125,nan,nan,14.628444088468427,1170.2755270774742,nan,0,2.645100001245737,12.645900016650558
1180,39.33333333333366,SEARCH,0,0,0,0,-26.426732725354192,1.2150206612214434,-11.916924451976604,-0.9778096642440868,-11.911630413050096,-0.9928353133412781,nan,nan,14.682057864654668,1174.5646291723735,nan,0,1.9480999908410013,9.671600011643022
1181,39.366666666666994,SEARCH,0,0,0,0,-26.555442810437,1.1318882278944,-11.978247276554415,-0.6024480136804862,-11.95709723501387,-0.6380840227588713,nan,nan,14.705254003503601,1176.420320280288,nan,0,1.8927999772131443,10.26439998531714
1182,39.400000000000325,SEARCH,0,0,0,0,-26.67521048635448,1.0363215429135733,-12.06982022963574,-0.2329346100810284,-12.053227577602371,-0.24081752858688266,nan,nan,14.677652005405763,1174.212160432461,nan,0,2.084400039166212,9.747300005983561
1183,39.43333333333366,SEARCH,0,0,0,0,-26.784839074078796,0.9292754770051453,-12.19074727881355,0.12842488252407774,-12.178165938880712,0.1465349725985413,nan,nan,14.627630798449767,1170.2104638759813,nan,0,1.7324999789707363,11.789000011049211
1184,39.46666666666699,SEARCH,0,0,0,0,-26.883233200999797,0.8118195990749485,-12.339977525863041,0.4794484221989564,-12.340795351505607,0.46936496855312776,nan,nan,14.546469461019297,1163.7175568815437,nan,0,1.8070000223815441,13.055699993856251
1185,39.50000000000032,SEARCH,0,0,0,0,-26.96940974552606,0.6851274894295101,-12.516320124881675,0.8180853732191127,-12.498048244161195,0.7919673365897544,nan,nan,14.471755887110811,1157.7404709688649,nan,0,2.098300028592348,11.245700006838888
1186,39.53333333333365,SEARCH,0,0,0,0,-27.042507660110864,0.5504650137495638,-12.718458989668134,1.1424226751066668,-12.722651071557083,1.1376029215056995,nan,nan,14.331888348695415,1146.5510678956332,nan,0,1.6590000013820827,9.797499980777502
1187,39.56666666666698,SEARCH,0,0,0,0,-27.10179657455463,0.40917767497860746,-12.94496720233866,1.4506895502244834,-12.951813204376396,1.4694971171681253,nan,nan,14.189654918136863,1135.172393450949,nan,0,1.7414000467397273,10.910599958151579
1188,39.600000000000314,SEARCH,0,0,0,0,-27.146684093622547,0.26267716950225567,-13.194321050832887,1.7412608894467023,-13.193876778229242,1.7536927962925484,nan,nan,14.032247132224608,1122.5797705779687,nan,0,2.2746000322513282,12.786699982825667
1189,39.633333333333645,SEARCH,0,0,0,0,-27.17672171606193,0.11242728194459958,-13.464913636366918,2.0126594430982845,-13.478175645255797,1.9980532782850318,nan,nan,13.827716725912236,1106.217338072979,nan,0,1.7989999614655972,10.370300034992397
1190,39.66666666666698,SEARCH,0,0,0,0,-27.19160931587848,-0.04007074048389431,-13.75506800339355,2.2635569335217,-13.770918767344284,2.2359357371376802,nan,nan,13.61231575763986,1088.985260611189,nan,0,2.2900000330992043,13.06620001560077
1191,39.70000000000031,SEARCH,0,0,0,0,-27.19119814109602,-0.19329318795226458,-14.063049754514628,2.4927741960356773,-14.07101647862808,2.4967034414616025,nan,nan,13.393104521447519,1071.4483617158014,nan,0,2.56170000648126,10.083600005600601
1192,39.73333333333364,SEARCH,0,0,0,0,-27.175492300037057,-0.3457091124140145,-14.387079121297862,2.699280446497356,-14.394128991117974,2.729713876010415,nan,nan,13.146158168541577,1051.6926534833262,nan,0,2.6639000279828906,12.280499970074743
1193,39.76666666666697,SEARCH,0,0,0,0,-27.144648720273793,-0.4957956243339283,-14.725342469279841,2.8821917660014815,-14.74543862077842,2.8719030802593832,nan,nan,12.848416464932459,1027.8733171945967,nan,0,2.4938000133261085,14.732300012838095
1194,39.8000000000003,SEARCH,0,0,0,0,-27.09897558065969,-0.642053108896907,-15.07600322175619,3.0407688863154707,-15.076419550207138,3.00685543417579,nan,nan,12.564091175293179,1005.1272940234543,nan,0,2.558100037276745,12.37439998658374
1195,39.833333333333634,SEARCH,0,0,0,0,-27.03892923210824,-0.783020209663494,-15.437212192409895,3.174414353348679,-15.422064115380618,3.1803239408238175,nan,nan,12.274349351205753,981.9479480964603,nan,0,1.7807999975048006,10.952599986921996
1196,39.866666666666966,SEARCH,0,0,0,0,-26.965109637885487,-0.9172884299603574,-15.807117321528597,3.282669140199476,-15.78829565862248,3.298845821441533,nan,nan,11.945583232010613,955.646658560849,nan,0,1.956899999640882,13.038599980063736
1197,39.9000000000003,SEARCH,0,0,0,0,-26.878254378975388,-1.043516206113464,-16.183872814611906,3.365208776041995,-16.20320488840437,3.3716397277548382,nan,nan,11.55206836659622,924.1654693276977,nan,0,2.577300008852035,14.367199968546629
1198,39.93333333333363,SEARCH,0,0,0,0,-26.779231284414443,-1.160442311908847,-16.565647685655883,3.421839052245925,-16.567532982490018,3.376291733390108,nan,nan,11.174110166241462,893.9288132993171,nan,0,1.747499976772815,11.172600032296032
1199,39.96666666666696,SEARCH,0,0,0,0,-26.66997706639893,-1.2678704428556236,-16.950633710396556,3.4524913626179505,-16.936864993658176,3.434246603560972,nan,nan,10.809411424251245,864.7529139400996,nan,0,2.6095000212080777,12.671799981035292
1200,40.00000000000029,SEARCH,0,0,0,0,-26.55224682746044,-1.365936126519105,-17.337052797359867,3.457217730471432,-17.333103762092655,3.469380541525276,nan,nan,10.410229879305582,832.8183903444467,nan,0,2.924000029452145,12.667200004216284
1201,40.03333333333362,ACQUIRING,0,0,0,0,-26.427535813116105,-1.454955508532836,-17.72316378675533,3.4361855713373575,-17.74380197761993,3.465197445937683,-21.70446630776373,3.5049355713373576,9.980738370537827,798.459069643026,547.9147675414661,1,3.2599999685771763,17.33470003819093
1202,40.066666666666954,ACQUIRING,0,0,0,0,-26.29710511222214,-1.535361476826296,-18.19816366503968,3.447682099115135,-18.21014875390746,3.4365009974795777,-21.70446630776373,3.5049355713373576,9.493064816206468,759.4451852965175,545.5092330478415,0,3.1113000004552305,14.178699988406152
1203,40.100000000000286,ACQUIRING,0,0,0,0,-26.162009804636845,-1.607656326859573,-18.76205243221292,3.456719520025629,-18.757381927349822,3.4600515372926406,-21.70446630776373,3.5049355713373576,8.972746346436319,717.8197077149056,542.6352878700002,0,2.9189999913796782,12.461500009521842
1204,40.13333333333362,ACQUIRING,0,0,0,0,-26.023126855829986,-1.6723773744686077,-19.23705231049727,3.4644004461562443,-19.237221801244804,3.485767749535836,-21.70446630776373,3.5049355713373576,8.523788390741263,681.9030712593011,539.3649496553307,0,2.410799963399768,15.079600038006902
1205,40.16666666666695,ACQUIRING,0,0,0,0,-25.881181236812758,-1.7300725104396342,-19.63170322336999,3.470891562184741,-19.639905338303855,3.4968692125069625,-21.70446630776373,3.5049355713373576,8.14091178040814,651.2729424326513,535.7626771013386,0,3.205499961040914,13.65020003868267
1206,40.20000000000028,SEARCH,0,0,0,0,-25.73643782126659,-1.7803381162643859,-19.965747967414725,3.4763792293853455,-19.979481834052265,3.4446521283473515,nan,nan,7.774513830138235,621.9611064110588,nan,0,2.9364999500103295,11.733599996659905
1207,40.23333333333361,SEARCH,0,0,0,0,-25.589185321332963,-1.8226936204662652,-20.210903822570568,3.4218271629341137,-20.202293139334,3.3954222571474335,nan,nan,7.4998227107502835,599.9858168600226,nan,0,2.265700022689998,10.293999977875501
1208,40.26666666666694,SEARCH,0,0,0,0,-25.439788984738364,-1.8567233440180748,-20.367170788837523,3.343783320258787,-20.359917791673322,3.350723202970009,nan,nan,7.274791466280678,581.9833173024542,nan,0,2.237299981061369,12.89160002488643
1209,40.300000000000274,SEARCH,0,0,0,0,-25.288754137713163,-1.8825257171061,-20.43454886621559,3.2424063344687855,-20.42274654670831,3.283862614538729,nan,nan,7.097154237373785,567.7723389899028,nan,0,2.2009999956935644,12.991500028874725
1210,40.333333333333606,SEARCH,0,0,0,0,-25.13656355600841,-1.9002828090208368,-20.488635251073948,3.118011801877885,-20.475325144830396,3.111436204843994,nan,nan,6.8443020827382846,547.5441666190627,nan,0,2.2625999990850687,10.954400000628084
1211,40.36666666666694,SEARCH,0,0,0,0,-24.98369294922584,-1.9106686192842763,-20.597326491790522,2.9710534737868177,-20.585637032191446,2.947477158675772,nan,nan,6.553203510442224,524.256280835378,nan,0,1.9394999835640192,9.696899971459061
1212,40.40000000000027,SEARCH,0,0,0,0,-24.83050079605166,-1.9137429775517902,-20.746642382115837,2.80210698044293,-20.7084119582264,2.8057978189567567,nan,nan,6.266233455340786,501.2986764272629,nan,0,2.8031999827362597,12.690900010056794
1213,40.4333333333336,SEARCH,0,0,0,1,-24.677331757893494,-1.9096768709863172,-20.925186996468177,2.611855600387394,-20.92285709231689,2.6367571258333595,nan,nan,5.8962820575252595,471.70256460202074,nan,0,5.446999974083155,13.75520002329722
1214,40.46666666666693,ACQUIRING,0,0,0,1,-24.52449972151689,-1.8987381265483265,-21.123648521027782,2.401077688963069,-21.113008545219397,2.3978702016097477,-25.105157857127367,-0.09267231103693074,5.4862660500155265,438.90128400124206,151.76903716707392,1,3.8152000051923096,13.527799979783595
1215,40.50000000000026,ACQUIRING,0,0,0,1,-24.372362171897358,-1.8805322629691337,-21.410998934476275,2.1014108886498555,-21.43585722505526,2.0662521714291486,-25.105157857127367,-0.09267231103693074,4.919366694447232,393.5493355557786,154.57674286157774,0,3.0430000042542815,12.751700007356703
1216,40.533333333333594,ACQUIRING,0,0,0,1,-24.221329567909756,-1.8547167636397845,-21.787238236813657,1.7481093436067814,-21.78822577493191,1.7245218554431487,-25.105157857127367,-0.09267231103693074,4.327925965140564,346.23407721124516,157.70256759395787,1,2.816899970639497,12.85310002276674
1217,40.566666666666926,ACQUIRING,0,0,0,1,-24.07183650715634,-1.8211144979501794,-22.252366428039927,1.4553504701659106,-22.239810239549453,1.475065483586999,-25.105157857127367,-0.09267231103693074,3.771090388188549,301.6872310550839,161.10151643348158,0,2.62379995547235,11.220600048545748
1218,40.60000000000026,ACQUIRING,0,0,0,1,-23.924321114168826,-1.7796838775754074,-22.712267689608826,1.2074975960621843,-22.711585800353124,1.230950560645156,-25.243393454605975,0.40024337871642995,3.2457120423684103,259.6569633894728,203.8357720445421,1,3.133099991828203,10.589700017590076
1219,40.63333333333359,ACQUIRING,0,0,1,1,-23.77928706902155,-1.7302631003545206,-23.1616746452928,1.0485336108473469,-23.156049017994704,1.021869986412881,-25.277930785398745,0.523395392672833,2.8218189515855916,225.74551612684732,216.51656146290406,0,2.8467000229284167,14.396000013221055
1220,40.66666666666692,ACQUIRING,0,0,1,1,-23.6371272583031,-1.6730977639224325,-23.53845216331047,0.9784585145213983,-23.53559444532897,0.9884225646862933,-25.312468116191514,0.6465474066292359,2.6634562830480135,213.07650264384108,228.91075231887513,0,3.4287000307813287,12.519799987785518
1221,40.70000000000025,ACQUIRING,0,0,1,1,-23.49823243499967,-1.608402203546091,-23.862806686425575,0.9972723070843387,-23.838680276870914,1.0428881665426657,-25.347005446984284,0.7696994205856389,2.673059176217422,213.84473409739374,240.9757363326441,0,2.679999975953251,10.67049999255687
1222,40.73333333333358,ACQUIRING,0,0,1,1,-23.363174916283608,-1.5360367828594177,-24.14230404876573,1.0821743543242734,-24.132313800580242,1.1234982805533813,-25.381542777777053,0.8928514345420419,2.7685197085914326,221.4815766873146,252.64434191254725,0,3.3133000251837075,12.027299962937832
1223,40.766666666666914,SEARCH,0,0,1,1,-23.232234682878012,-1.4564632775414594,-24.383906063180632,1.170041803883224,-24.393043816892025,1.1652963662723446,nan,nan,2.8672463227879543,229.37970582303635,nan,0,3.078300040215254,13.887699984479696
1224,40.800000000000246,SEARCH,0,0,1,1,-23.105828466480837,-1.3698679201078778,-24.536619188706645,1.185806751812965,-24.525401997677424,1.178452809933656,nan,nan,2.917040889948813,233.36327119590504,nan,0,3.097600012551993,12.229799991473556
1225,40.83333333333358,SEARCH,0,0,1,1,-22.984402266335238,-1.2764175836124951,-24.600443425343766,1.1336019110455662,-24.5762641502395,1.1417405764814246,nan,nan,2.8950843070031715,231.60674456025373,nan,0,3.459199971985072,11.762699985411018
1226,40.86666666666691,SEARCH,0,0,1,1,-22.868096698885203,-1.1766663808476945,-24.575378773091998,1.0242760951400656,-24.564028525217747,1.069164196503362,nan,nan,2.814238749952217,225.13909999617738,nan,0,4.143800004385412,13.489599979948252
1227,40.90000000000024,SEARCH,0,0,1,1,-22.757551567656847,-1.0705670809696812,-24.461425231951342,0.8667646016846757,-24.470343144665016,0.8830894797707654,nan,nan,2.598158760275114,207.85270082200915,nan,0,2.9931000317446887,11.963400000240654
1228,40.93333333333357,SEARCH,0,0,1,1,-22.65277039292064,-0.9587717640114126,-24.258582801921797,0.6684753717284105,-24.2514036802068,0.6328802577058287,nan,nan,2.255877777153703,180.47022217229622,nan,0,2.812199993059039,14.081500004976988
1229,40.9666666666669,SEARCH,0,0,1,1,-22.5537682948983,-0.8418278797759637,-24.04252893255791,0.4355969176119305,-24.011170987239577,0.44278995409255917,nan,nan,1.9427469178296632,155.41975342637306,nan,0,3.351300023496151,14.294099994003773
1230,41.000000000000234,SEARCH,0,0,1,1,-22.46079795847185,-0.7200337747558456,-23.8969989450599,0.17334370259625492,-23.903445199719034,0.21809796948158683,nan,nan,1.7208492764400012,137.6679421152001,nan,0,2.735600050073117,12.210899963974953
1231,41.033333333333566,SEARCH,0,0,1,1,-22.37402084289026,-0.5937522650870157,-23.803464027104386,-0.11384847993019376,-23.813952112862104,-0.09948841249643725,nan,nan,1.5223990338345619,121.79192270676495,nan,0,3.2495000050403178,17.81779999146238
1232,41.0666666666669,SEARCH,0,0,1,1,-22.294282328964993,-0.46291245130738246,-23.74705463982623,-0.4221670885783749,-23.741904217403757,-0.41856239916366994,nan,nan,1.4483010940450758,115.86408752360607,nan,0,3.1005999771878123,10.321100009605289
1233,41.10000000000023,SEARCH,0,0,1,0,-22.222096604196096,-0.32775880314171724,-23.71584404905992,-0.7482993454703692,-23.698847323935013,-0.7566868987990483,nan,nan,1.5377815187774992,123.02252150219994,nan,0,2.749699982814491,11.28089998383075
1234,41.13333333333356,SEARCH,0,0,1,0,-22.157473819200867,-0.18883010512593787,-23.700274774799546,-1.089334251070711,-23.691996929517078,-1.0801761922247037,nan,nan,1.7746151760539015,141.9692140843121,nan,0,1.9093999871984124,9.275800024624914
1235,41.16666666666689,SEARCH,0,0,1,0,-22.1002011126518,-0.046713517222050194,-23.692699343789496,-1.4426849611391248,-23.720075496599332,-1.4248699348694027,nan,nan,2.1268070272763304,170.14456218210643,nan,0,1.8265999970026314,8.855000021867454
1236,41.20000000000022,SEARCH,0,0,1,0,-22.05095528137484,0.09838002355334224,-23.687012456142995,-1.8060274126491747,-23.708709775488362,-1.834691135265915,nan,nan,2.5465494434258305,203.72395547406643,nan,0,1.774100004695356,9.296700009144843
1237,41.233333333333555,SEARCH,0,0,1,0,-22.00965019474265,0.24593061586393414,-23.6783562575677,-2.1772519080896267,-23.697238371759994,-2.1907597246706687,nan,nan,2.9640198499442203,237.12158799553762,nan,0,2.6039000367745757,9.083799959626049
1238,41.266666666666886,SEARCH,0,0,1,0,-21.976214892834545,0.3954611079356618,-23.662884073217306,-2.5544250257509846,-23.666439135284513,-2.528969923807276,nan,nan,3.3777440473171785,270.2195237853743,nan,0,3.0334999901242554,10.1344000431709
1239,41.30000000000022,SEARCH,0,0,0,0,-21.949859653658578,0.5464004627801715,-23.637570890633096,-2.9357597502662225,-23.649831429723204,-2.9098894941834175,nan,nan,3.8517326368822236,308.13861095057786,nan,0,1.8002999713644385,10.256000037770718
1240,41.33333333333355,SEARCH,0,0,0,0,-21.9297045785064,0.698292070245855,-23.60006122428901,-3.319592139116657,-23.610469469564087,-3.3282713797506536,nan,nan,4.363276731524136,349.0621385219309,nan,0,1.872599998023361,10.595400002785027
1241,41.36666666666688,SEARCH,0,0,0,0,-21.917324304348647,0.8510140931655312,-23.54854687018729,-3.70436317806738,-23.54061910551601,-3.729080044706398,nan,nan,4.859253885450502,388.7403108360402,nan,0,1.864299993030727,10.50159998703748
