frame,t,state,locked,false_lock,beacon_in_fov,beacon_occluded,beacon_az,beacon_el,cam_az,cam_el,los_az,los_el,err_deg,err_px,est_err_px,num_detections,proc_ms,render_ms
0,0.0,SEARCH,0,0,0,0,11.184469031606715,2.3641616532907164,0.0,0.0,-0.014842301281217708,-0.006021799349472222,11.447372795979062,915.7898236783249,nan,0,11.918200005311519,73.85839999187738
1,0.03333333333333333,SEARCH,0,0,0,0,11.211569211024436,2.439277936084639,0.025111931183976817,0.004224510329277758,0.01147494081039957,-0.0026808585578667245,11.463213965394399,917.0571172315518,nan,0,3.54920000245329,18.194399992353283
2,0.06666666666666667,SEARCH,0,0,0,0,11.238226776886984,2.514157860651418,0.06821580703198571,0.020043497334961902,0.06293976812199081,0.03120496013881132,11.447798689461463,915.8238951569172,nan,0,3.5481000086292624,15.94420000037644
3,0.1,SEARCH,0,0,0,0,11.264440676799307,2.588794171365955,0.12161501491971753,0.05266021113837907,0.13604966964926257,0.07013788814666042,11.409851702849517,912.7881362279613,nan,0,3.798999998252839,18.504799998481758
4,0.13333333333333333,SEARCH,0,0,0,0,11.290209875881523,2.6631796362085507,0.17734183098575845,0.10511479983378198,0.18432534973764747,0.09824593672940697,11.398226001916514,911.8580801533211,nan,0,3.5377000021981075,18.296800000825897
5,0.16666666666666666,SEARCH,0,0,0,0,11.315533356809773,2.7373070474656713,0.2274876507416728,0.17833408382570837,0.22237503525416244,0.1710441195764924,11.386126073522849,910.890085881828,nan,0,4.5452000049408525,17.359399993438274
6,0.19999999999999998,SEARCH,0,0,0,0,11.340410119856395,2.811169222428348,0.2645422320264873,0.27123456309312527,0.25646949737144886,0.27533078537258093,11.370321732546596,909.6257386037277,nan,0,3.6385999992489815,15.141099996981211
7,0.2333333333333333,SEARCH,0,0,0,0,11.364839182929375,2.8847590040881617,0.2817264058159635,0.3808819694256717,0.2921028247742658,0.3956959002775319,11.349049545753223,907.923963660258,nan,0,3.360600006999448,13.870399998268113
8,0.26666666666666666,SEARCH,0,0,0,0,11.388819581611138,2.9580692618307314,0.2733033295706752,0.5027071389073652,0.27991860947104996,0.5018616325384908,11.377198105289738,910.1758484231791,nan,0,3.2900000078370795,17.547899988130666
9,0.3,SEARCH,0,0,0,0,11.412350369196599,3.0310928921266496,0.23485443609704076,0.6307747223973759,0.2227035902459079,0.6205637625268499,11.446346391854945,915.7077113483956,nan,0,3.2549000025028363,15.546800001175143
10,0.3333333333333333,SEARCH,0,0,0,0,11.435430616730558,3.103822819219792,0.16350774753878097,0.7580983329086238,0.1450513228207,0.7702329503795304,11.52902017850183,922.3216142801464,nan,0,3.267199994297698,19.209999998565763
11,0.36666666666666664,SEARCH,0,0,0,0,11.458059413044364,3.176251995812935,0.0581081401833269,0.8769932075216363,0.05824595230076223,0.8886645505434415,11.627071998551726,930.1657598841381,nan,0,3.174199999193661,15.191900005447678
12,0.39999999999999997,SEARCH,0,0,0,0,11.48023586479188,3.248373403750614,-0.08067859394332132,0.9794553920398017,-0.07361746507401123,0.9689444629746401,11.776558201108685,942.1246560886947,nan,0,3.7056000001030043,14.557000002241693
13,0.4333333333333333,SEARCH,0,0,0,0,11.501959096484768,3.3201800546991644,-0.2503335073742165,1.057554885015254,-0.24341074685043004,1.034284409579957,11.965744091242417,957.2595272993934,nan,0,2.9276999994181097,15.252099998178892
14,0.4666666666666666,SEARCH,0,0,0,0,11.523228250527035,3.3916649908238674,-0.4465269681250005,1.1038291388955033,-0.45536064331352005,1.0853490003806083,12.198593580221228,975.8874864176983,nan,0,4.2778999923029914,14.75889999710489
15,0.49999999999999994,SEARCH,0,0,0,0,11.544042487248898,3.462821285463139,-0.6632358941979383,1.1116628312050822,-0.663010399340438,1.114253515215196,12.430925578871287,994.474046309703,nan,0,4.278699998394586,15.150399995036423
16,0.5333333333333333,SEARCH,0,0,0,0,11.564400984939933,3.5336420437997047,-0.8929329569047368,1.0756398940705085,-0.8823622664568307,1.0822194666856804,12.685873564240868,1014.8698851392694,nan,0,4.593399993609637,15.185399999609217
17,0.5666666666666667,SEARCH,0,0,0,0,11.584302939881507,3.604120403528685,-1.1268421942884304,0.9918544160573279,-1.1159018834520817,0.9720692649463996,12.970076936962943,1037.6061549570356,nan,0,3.05579999985639,18.35189999837894
18,0.6,SEARCH,0,0,0,0,11.60374756637852,3.6742495355225286,-1.3552528898693443,0.8581681797793231,-1.3662665614392613,0.8450676046963904,13.274996680734272,1061.9997344587416,nan,0,2.510599995730445,14.259599993238226
19,0.6333333333333333,SEARCH,0,0,0,0,11.622734096790408,3.744022644492735,-1.567881253096484,0.6744042294858851,-1.5750518156100732,0.6780827022967717,13.549226572712895,1083.9381258170315,nan,0,3.2473000028403476,15.231800003675744
20,0.6666666666666666,SEARCH,0,0,0,0,11.641261781561465,3.8134329696482943,-1.7541971264380798,0.44316595785070717,-1.7466079749876489,0.4536267105013878,13.803019768055291,1104.2415814444232,nan,0,2.9423999949358404,15.348300003097393
21,0.7,SEARCH,0,0,0,0,11.659329889250419,3.8824737853507894,-1.904584786223066,0.17295370940555915,-1.8992202293441462,0.1683336552682564,14.058062392247738,1124.644991379819,nan,0,2.987799991387874,12.578399997437373
22,0.7333333333333333,SEARCH,0,0,0,0,11.676937706559315,3.9511384017660856,-2.012262795120425,-0.12705444836595287,-2.024788084373839,-0.13990575122727522,14.2994381676926,1143.955053415408,nan,0,3.22250000317581,12.89070000348147
23,0.7666666666666666,SEARCH,0,0,0,0,11.694084538361675,4.019420165512556,-2.0729135790876945,-0.44752819129196525,-2.081003543552773,-0.44264693162845603,14.479747734124718,1158.3798187299776,nan,0,3.483000007690862,12.50389999768231
24,0.7999999999999999,SEARCH,0,0,0,0,11.710769707729941,4.087312460305772,-2.0843211282706386,-0.779361563246589,-2.076411805090978,-0.7615843104809173,14.614998253890299,1169.199860311224,nan,0,3.1977000035112724,15.329899993957952
25,0.8333333333333333,SEARCH,0,0,0,0,11.726992555962198,4.1548087075996,-2.0460307784738467,-1.1139364561297176,-2.040270086054386,-1.1179011537379013,14.74242144073053,1179.3937152584424,nan,0,2.765099998214282,14.129800008959137
26,0.8666666666666666,SEARCH,0,0,0,0,11.74275244260817,4.221902367223644,-1.9590380373785472,-1.4433000267702316,-1.958529041306185,-1.4462310213945064,14.827435732877827,1186.1948586302262,nan,0,3.2454000029247254,16.254400004982017
27,0.8999999999999999,SEARCH,0,0,0,0,11.758048745494522,4.288586938016963,-1.8255092106725428,-1.7602767904999859,-1.8355042252104838,-1.753936696938,14.876046996643705,1190.0837597314965,nan,0,3.000400000018999,15.084700004081242
28,0.9333333333333332,SEARCH,0,0,0,0,11.772880860749405,4.354855958458012,-1.6485340687877417,-2.0585313675989907,-1.6460922864534924,-2.049626224806544,14.86896877261855,1189.5175018094842,nan,0,2.918199999839999,15.352899994468316
29,0.9666666666666666,SEARCH,0,0,0,0,11.787248202826309,4.420703007290753,-1.4319093318843414,-2.332594232013752,-1.429770501264377,-2.3232403934024837,14.838138563042094,1187.0510850433675,nan,0,3.734400001121685,16.97009999770671
30,0.9999999999999999,SEARCH,0,0,0,0,11.801150204527165,4.48612170414684,-1.1799509465429887,-2.577860024695573,-1.1852001922907167,-2.5849724277437556,14.786672000520927,1182.933760041674,nan,0,3.088799989200197,18.82830000249669
31,1.0333333333333332,ACQUIRING,0,0,0,0,11.814586317024752,4.551105710163867,-0.897332736892238,-2.7905658383348664,-0.9015271195875549,-2.790245973376993,14.68315311757731,1174.6522494061849,1554.0435068473485,1,12.723700012429617,16.260799995507114
32,1.0666666666666667,ACQUIRING,0,0,0,0,11.827556009884354,4.6156487285995755,-0.7036034161303761,-3.092160540863049,-0.6994903464217938,-3.0830454245514582,14.703631594840951,1176.290527587276,1557.671045736987,0,6.782199998269789,18.233900002087466
33,1.1,ACQUIRING,0,0,0,0,11.840058771084706,4.679744505441996,-0.5987629842574032,-3.4826441322801203,-0.5794308535332845,-3.4717728677635242,14.855670904461547,1188.4536723569238,1561.2572144792944,0,3.809200003161095,17.52009999472648
34,1.1333333333333335,ACQUIRING,0,0,0,0,11.852094107038205,4.743386830015439,-0.5828114412733191,-3.8490652798314615,-0.5814375583025705,-3.8647494018335253,15.122589694199291,1209.8071755359433,1564.8015737449034,0,3.575000009732321,15.530599994235672
35,1.166666666666667,ACQUIRING,0,0,0,0,11.863661542610394,4.806569535582285,-0.6557487871781239,-4.156687553072256,-0.6642182759071986,-4.175657164476116,15.415192805750516,1233.2154244600413,1568.303686613542,0,3.471399992122315,17.72730000084266
36,1.2000000000000004,SEARCH,0,0,0,0,11.874760621138723,4.869286499940527,-0.8175750219718176,-4.416876684646925,-0.8186523345763187,-4.41485425683953,15.726347384437972,1258.1077907550377,nan,0,3.6625999928219244,18.786200002068654
37,1.2333333333333338,SEARCH,0,0,0,0,11.885390904450574,4.931531646016994,-0.8905123678766225,-4.5881769273327055,-0.8824143001311616,-4.577481387323055,15.919741788432857,1273.5793430746287,nan,0,3.602099997806363,16.854600005899556
38,1.2666666666666673,SEARCH,0,0,0,0,11.895551972880568,4.993298942456194,-0.8745608248925384,-4.6705882811295965,-0.882063266595357,-4.679275382562156,16.02579624483887,1282.0636995871096,nan,0,3.6217000015312806,17.287700000451878
39,1.3000000000000007,SEARCH,0,0,0,0,11.90524342528712,5.054582404204735,-0.7697203930195654,-4.664110746037599,-0.7824384777411634,-4.693692127984734,16.00019151220901,1280.0153209767207,nan,0,3.40249999135267,17.920300000696443
40,1.3333333333333341,SEARCH,0,0,0,0,11.914464879068282,5.115376093091262,-0.5759910722577035,-4.5687443220567125,-0.5987207684804252,-4.583576028320146,15.831913570489506,1266.5530856391606,nan,0,3.577600000426173,19.451600004686043
41,1.3666666666666676,SEARCH,0,0,0,0,11.923215970176852,5.17567411840184,-0.29337286260695283,-4.384489009186937,-0.2891955871933887,-4.3790128844260785,15.505967875905037,1240.477430072403,nan,0,3.6739000061061233,18.512800001190044
42,1.400000000000001,SEARCH,0,0,0,0,11.931496353134735,5.23547063745075,0.07813423593268676,-4.14511432542193,0.08291945783938746,-4.156113463849535,15.119213814730017,1209.5371051784014,nan,0,4.102200007764623,18.015199995716102
43,1.4333333333333345,SEARCH,0,0,0,0,11.939305701046589,5.294759856146625,0.5385302233612153,-3.910398803390484,0.5371119572965994,-3.9261759349614067,14.664094893096829,1173.1275914477465,nan,0,3.812299997662194,22.099500012700446
44,1.466666666666668,SEARCH,0,0,0,0,11.946643705612733,5.353536029553878,1.0878150996786324,-3.6727617918066224,1.0800431830955344,-3.671979920875375,14.125967049636774,1130.0773639709419,nan,0,3.478500002529472,16.666800001985393
45,1.5000000000000013,SEARCH,0,0,0,0,11.953510077141306,5.411793462449371,1.5886273455271742,-3.4267453715675162,1.596792980269634,-3.4200572524765636,13.61114161543299,1088.8913292346392,nan,0,3.6475999950198457,17.5844000041252
46,1.5333333333333348,SEARCH,0,0,0,0,11.959904544559725,5.469526509874258,2.0434698296012286,-3.168612049899848,2.056697655282604,-3.1571927825263173,13.13368921673199,1050.695137338559,nan,0,4.1834999865386635,18.032899999525398
47,1.5666666666666682,SEARCH,0,0,0,0,11.965826855425362,5.526729577680972,2.455507583342502,-2.896015494306132,2.4539338564864543,-2.897143172704836,12.70581522524059,1016.4652180192471,nan,0,3.5982999979751185,18.557199990027584
48,1.6000000000000016,SEARCH,0,0,0,0,11.971276775935522,5.583397123075273,2.8269668810066113,-2.6077304292655223,2.8063356095234537,-2.617836128148229,12.298632990083435,983.8906392066747,nan,0,3.418499996769242,17.50670000910759
49,1.633333333333335,SEARCH,0,0,0,0,11.976254090936678,5.639523655153328,3.1593903279856312,-2.3034305437852836,3.1513212577319103,-2.2903749250317142,11.864347053361017,949.1477642688815,nan,0,3.749800001969561,20.169499999610707
50,1.6666666666666685,SEARCH,0,0,0,0,11.980758603932955,5.695103735433765,3.4538375798405014,-1.9835054412490374,3.46133857517374,-1.9847086004579344,11.469962299019905,917.5969839215924,nan,0,3.6368999863043427,19.581800006562844
51,1.700000000000002,SEARCH,0,0,0,0,11.984790137093894,5.750131978384643,3.711042426619754,-1.6489094126325219,3.7161479659828904,-1.6557109608063605,11.10031319350227,888.0250554801815,nan,0,3.5846999962814152,17.71240000380203
52,1.7333333333333354,SEARCH,0,0,0,0,11.988348531261467,5.804603051945292,3.9315348739814775,-1.3010362165565108,3.9160597265037596,-1.3111929837089469,10.760873559727816,860.8698847782252,nan,0,3.549500004737638,17.620099999476224
53,1.7666666666666688,SEARCH,0,0,0,0,11.991433645956368,5.858511678042969,4.115735164146741,-0.9416151740555586,4.109831452517417,-0.9392033103706279,10.40810175773299,832.6481406186392,nan,0,3.1888999947113916,17.164999997476116
54,1.8000000000000023,SEARCH,0,0,0,0,11.994045359383549,5.911852633104301,4.264025323682335,-0.5726247877773649,4.274259066200144,-0.5564365691122083,10.071438110614247,805.7150488491397,nan,0,3.3546000049682334,16.325000004144385
55,1.8333333333333357,SEARCH,0,0,0,0,11.996183568437036,5.964620748561411,4.376802735724996,-0.19622081894704468,4.3791271873541495,-0.20143087406427676,9.79998676149516,783.9989409196129,nan,0,3.1703999993624166,15.956800009007566
56,1.8666666666666691,SEARCH,0,0,0,0,11.997848188704,6.016810911352752,4.45451935876649,0.18532366366331526,4.444178910781345,0.16456530216032297,9.55545384743941,764.4363077951527,nan,0,3.8043000095058233,20.88979999825824
57,1.9000000000000026,SEARCH,0,0,0,0,11.999039154468077,6.068418064418542,4.497709510234702,0.5696682819092234,4.490576427881344,0.5713541000024683,9.305628659334308,744.4502927467447,nan,0,3.7816999974893406,19.44970000477042
58,1.933333333333336,SEARCH,0,0,0,0,11.999756418711984,6.119437207190773,4.507008566933715,0.9544470376813012,4.512257168757193,0.9691152654055689,9.087819382123946,727.0255505699158,nan,0,3.3671999990474433,19.94520000880584
59,1.9666666666666694,SEARCH,0,0,0,0,11.999999953119353,6.169863396077754,4.4831644787714,1.3373030359162628,4.49589486607642,1.3358535929031015,8.926323091540674,714.105847323254,nan,0,3.68920000619255,21.961499995086342
60,2.0000000000000027,SEARCH,0,0,0,0,11.999769748075865,6.2196917449431295,4.42704362531844,1.715917340631298,4.423296093803135,1.7040819955160187,8.82007281392903,705.6058251143224,nan,0,3.321600001072511,18.725500005530193
61,2.033333333333336,SEARCH,0,0,0,0,11.99906581266962,6.268917425579327,4.339632249136997,2.0880328675519033,4.327074002724301,2.078792326711785,8.741659263322255,699.3327410657804,nan,0,3.623099997639656,16.05560000461992
62,2.066666666666669,SEARCH,0,0,0,0,11.99788817469078,6.317535668175401,4.222034461479091,2.4514740588139277,4.217781084471114,2.467973629540608,8.680391363561,694.43130908488,nan,0,4.210300001432188,18.064500007312745
63,2.1000000000000023,SEARCH,0,0,0,0,11.99623688063048,6.365541761779203,4.075467623645523,2.804162957414341,4.0782490802410205,2.814326194989932,8.677883544328234,694.2306835462588,nan,0,3.511400005663745,18.894699998782016
64,2.1333333333333355,SEARCH,0,0,0,0,11.994111995678981,6.412931054753867,3.901255751999629,3.144132195574925,3.901649184180843,3.135157645296596,8.731079708674379,698.4863766939503,nan,0,3.108900011284277,21.17889998771716
65,2.1666666666666687,SEARCH,0,0,0,0,11.9915136037231,6.459698955228535,3.700821469111362,3.469535327174821,3.695376164198864,3.4520785743979316,8.82449300360442,705.9594402883537,nan,0,3.3881000126712024,16.610699996817857
66,2.200000000000002,SEARCH,0,0,0,0,11.988441807342905,6.50584093154329,3.475676921959389,3.7786548660625114,3.475228721646318,3.7835710481184703,8.937871690770539,715.029735261643,nan,0,3.3919000125024468,16.692899996996857
67,2.233333333333335,SEARCH,0,0,0,0,11.984896727807657,6.551352512688268,3.2274140058800054,4.069908336300629,3.232566252537113,4.0833744604453726,9.093635379467452,727.490830357396,nan,0,3.4432999964337796,14.853400003630668
68,2.2666666666666684,SEARCH,0,0,0,0,11.980878505071026,6.596229288736875,2.957694166277848,4.341852594764931,2.9544337522731725,4.340645869510889,9.303997067733798,744.3197654187038,nan,0,3.901100004441105,15.70559998799581
69,2.3000000000000016,SEARCH,0,0,0,0,11.976387297765562,6.640466911273106,2.6682379959967144,4.593186649038522,2.6557793999844694,4.575789698796088,9.54655034951899,763.7240279615193,nan,0,3.2256999984383583,14.9472000048263
70,2.333333333333335,SEARCH,0,0,0,0,11.971423283196444,6.68406109381288,2.3608148022720354,4.822753162632639,2.3443808214011623,4.811660933809542,9.807437428828688,784.5949943062951,nan,0,3.127499992842786,14.374999998835847
71,2.366666666666668,SEARCH,0,0,0,0,11.965986657334465,6.727007612219396,2.03723228140592,5.02953881395843,2.0406640551322996,5.03281083775624,10.068879355141092,805.5103484112875,nan,0,3.668000004836358,18.452699994668365
72,2.4000000000000012,SEARCH,0,0,0,0,11.960077634808306,6.7693023051124355,1.6993264101576373,5.212673654153845,1.7081719723364637,5.214851721025002,10.369083196242181,829.5266556993745,nan,0,3.8154999929247424,17.630700007430278
73,2.4333333333333345,SEARCH,0,0,0,0,11.953696448896057,6.810941074271584,1.3489516390682446,5.371429591020866,1.3536155586354444,5.363089786222474,10.698504018430505,855.8803214744405,nan,0,3.4139999916078523,18.078600012813695
74,2.4666666666666677,SEARCH,0,0,0,0,11.94684335151601,6.851919885033342,0.9879714535241042,5.5052181112965,0.982485356578262,5.516451657750456,11.045389156894265,883.6311325515412,nan,0,3.2158999965758994,17.870900002890266
75,2.500000000000001,SEARCH,0,0,0,0,11.93951861321672,6.892234766682065,0.6182493524930546,5.613587340741238,0.6234523060562781,5.627125452213625,11.386564813217662,910.9251850574129,nan,0,3.3599000016693026,16.869600003701635
76,2.533333333333334,SEARCH,0,0,0,0,11.931722523166313,6.931881812834713,0.24164028187986858,5.69621853065891,0.25788185457867113,5.708135114715979,11.737806947497786,939.0245557998229,nan,0,3.5779999889200553,19.458100010524504
77,2.5666666666666673,SEARCH,0,0,0,0,11.923455389141068,6.970857181819374,-0.1400174511880115,5.752922050122962,-0.13898940505846014,5.742425207561777,12.124834824792035,969.9867859833629,nan,0,3.49879999703262,17.395100003341213
78,2.6000000000000005,SEARCH,0,0,0,0,11.914717537513289,7.009157097047499,-0.5249097655478054,5.7836329551030845,-0.54023573294189,5.776532038535184,12.515799035782518,1001.2639228626015,nan,0,3.639100003056228,17.03780000389088
79,2.6333333333333337,SEARCH,0,0,0,0,11.905509313238392,7.0467778473798495,-0.911253884206416,5.788406198643044,-0.9116713420339698,5.798186283703234,12.877853114660551,1030.228249172844,nan,0,3.53509999695234,18.44510000955779
80,2.666666666666667,SEARCH,0,0,0,0,11.895831079841305,7.083715787486094,-1.2973048989581144,5.767411540058152,-1.2909802649300102,5.779942138858377,13.251106337564629,1060.0885070051702,nan,0,3.391999998711981,16.60719999927096
81,2.7,SEARCH,0,0,0,0,11.885683219402111,7.1199673381980215,-1.681361821598229,5.720928205655864,-1.6749278221851844,5.720681334424526,13.63261431793534,1090.6091454348273,nan,0,3.8043999957153574,16.935299994656816
82,2.7333333333333334,SEARCH,0,0,0,0,11.875066132540965,7.155528986856364,-2.0617731258287093,5.649339348619692,-2.0730171491733915,5.63898908909534,14.030285830842526,1122.4228664674022,nan,0,3.60920000821352,15.525599999818951
83,2.7666666666666666,SEARCH,0,0,0,0,11.863980238402277,7.19039728765115,-2.4369417871396886,5.553126351341014,-2.441145358036782,5.570351661314513,14.39656786047662,1151.7254288381296,nan,0,3.508599998895079,16.313999993144535
84,2.8,SEARCH,0,0,0,0,11.852425974638162,7.2245688619556,-2.8053298305387746,5.432863009559172,-2.7988947217271574,5.4550101894550584,14.757795771834106,1180.6236617467287,nan,0,3.9893999928608537,15.767699995194562
85,2.833333333333333,SEARCH,0,0,0,0,11.840403797391176,7.258040398653501,-3.165462398087932,5.289209634115352,-3.162056682918263,5.286082382278578,15.13150484524232,1210.5203876193857,nan,0,3.176700003677979,14.501600002404302
86,2.8666666666666663,SEARCH,0,0,0,0,11.827914181276286,7.290808654460045,-3.515931349879314,5.122907102889262,-3.531408784027677,5.113699767928806,15.512852898687818,1241.0282318950253,nan,0,3.501599989249371,18.79870000993833
87,2.8999999999999995,SEARCH,0,0,0,0,11.814957619362152,7.3228704542360905,-3.855398413404507,4.934770892527964,-3.8708606223347464,4.94247887310127,15.865407589819075,1269.232607185526,nan,0,3.5730999952647835,19.40659999672789
88,2.9333333333333327,SEARCH,0,0,0,0,11.801534623151653,7.354222691295827,-4.1825978973023945,4.7256851168590295,-4.170577887555669,4.744119686362254,16.183974040731055,1294.7179232584842,nan,0,3.5382000060053542,17.67159999872092
89,2.966666666666666,SEARCH,0,0,0,0,11.787645722561697,7.3848623277078,-4.496338986255769,4.496596596377114,-4.483829548987536,4.498875661296869,16.525429693394962,1322.034375471597,nan,0,3.925100012565963,18.946899988804944
90,2.999999999999999,SEARCH,0,0,0,0,11.773291465902297,7.414786394589278,-4.795507634384456,4.24850898088039,-4.801761260797639,4.23082931213132,16.878090993824426,1350.247279505954,nan,0,3.409600001759827,16.542400000616908
91,3.0333333333333323,SEARCH,0,0,0,0,11.758472419854925,7.443991992393926,-5.079068074885018,3.9824769451914293,-5.092466458427025,3.9684998212627556,17.205614982068738,1376.449198565499,nan,0,3.785200009588152,16.344599993317388
92,3.0666666666666655,SEARCH,0,0,0,0,11.74318916945015,7.472476291192766,-5.346063963921089,3.6996004759092713,-5.347630228241503,3.708101326839573,17.500475038031464,1400.0380030425174,nan,0,3.4744000004138798,17.150400002719834
93,3.0999999999999988,SEARCH,0,0,0,0,11.727442318044522,7.500236530948383,-5.595619176896342,3.4010192652915916,-5.588049574129989,3.409427813227456,17.792160504923025,1423.372840393842,nan,0,3.6065999884158373,15.502800000831485
94,3.133333333333332,SEARCH,0,0,0,0,11.711232487296778,7.527270021782369,-5.826938275263096,3.0879072266459797,-5.835019806798694,3.074933723258777,18.102327697928832,1448.1862158343065,nan,0,3.666400007205084,15.570499992463738
95,3.166666666666665,SEARCH,0,0,0,0,11.694560317143276,7.553574144235961,-6.0393066619495945,2.761467144006999,-6.055716248666946,2.7564095512501705,18.387090751256654,1470.9672601005325,nan,0,3.19510001281742,15.744899996207096
96,3.1999999999999984,SEARCH,0,0,0,0,11.677426465772749,7.579146349523856,-6.232090443341689,2.422925467381906,-6.236219352692343,2.422143161307982,18.641174544343514,1491.2939635474809,nan,0,3.432299999985844,18.201199985924177
97,3.2333333333333316,SEARCH,0,0,0,0,11.65983160960031,7.603984159781184,-6.40473601554162,2.0735272634548094,-6.388443759997756,2.08287168107997,18.8738688884741,1509.9095110779276,nan,0,3.523399995174259,17.43910000368487
98,3.266666666666665,SEARCH,0,0,0,0,11.641776443240753,7.628085168303605,-6.556769392357782,1.7145313303396827,-6.549719112000915,1.7122292308360159,19.12924102020903,1530.3392816167222,nan,0,3.6942000006092712,16.64380000147503
99,3.299999999999998,SEARCH,0,0,0,0,11.623261679481129,7.651447039780508,-6.68779529216338,1.3472054837608352,-6.684390115203898,1.3294265844085122,19.36848101616582,1549.4784812932658,nan,0,3.2119999959832057,14.673199999378994
100,3.3333333333333313,SEARCH,0,0,0,0,11.604288049252613,7.674067510521295,-6.797496000406111,0.9728220209096167,-6.811801432150656,0.9709762061785957,19.59805563879761,1567.844451103809,nan,0,3.337000001920387,17.329599999357015
101,3.3666666666666645,SEARCH,0,0,0,0,11.584856301601636,7.695944388674732,-6.885630024161834,0.592653367173323,-6.879335955124361,0.6028225173426778,19.77975666116521,1582.3805328932167,nan,0,3.0839999963063747,15.405600002850406
102,3.3999999999999977,SEARCH,0,0,0,0,11.564967203660323,7.717075554441323,-6.952030554708319,0.20796790995187592,-6.9473883259332885,0.21444139323968725,19.974904921198124,1597.9923936958498,nan,0,3.3223000064026564,19.225800002459437
103,3.433333333333331,SEARCH,0,0,0,0,11.544621540616205,7.737458960278717,-6.99660375365535,-0.17997397713427787,-6.999418630427489,-0.19219763195098505,20.16831375043472,1613.4651000347776,nan,0,3.2952000037766993,18.08080000046175
104,3.466666666666664,SEARCH,0,0,0,0,11.523820115681222,7.75709263110011,-7.019326877709081,-0.5699237171893528,-7.031312986360775,-0.5787443818775422,20.34156196415169,1627.3249571321353,nan,0,3.8321000029100105,18.08760000858456
105,3.4999999999999973,SEARCH,0,0,0,0,11.502563750060013,7.77597466446562,-7.020246256675346,-0.9606481184716567,-7.017130102724573,-0.9458597192529036,20.470697482447484,1637.6557985957988,nan,0,3.684900002554059,17.58200000040233
106,3.5333333333333306,SEARCH,0,0,0,0,11.480853282917494,7.794103230766629,-6.999475138821906,-1.3509327673678753,-6.991920317843007,-1.3473408714966135,20.61090402626138,1648.8723221009104,nan,0,3.774799988605082,16.318599999067374
107,3.5666666666666638,SEARCH,0,0,0,0,11.458689571345737,7.811476573403069,-6.957191417226339,-1.7395852256477542,-6.959082591566857,-1.7420202414222348,20.74809949937187,1659.8479599497498,nan,0,4.065200002514757,21.93970000371337
108,3.599999999999997,SEARCH,0,0,0,0,11.43607349033012,7.828093008953626,-6.893635250237045,-2.125438032358269,-6.902968751666076,-2.1416651037515924,20.873824450243237,1669.905956019459,nan,0,3.400000001420267,17.1589999954449
109,3.63333333333333,SEARCH,0,0,0,0,11.4130059327148,7.843950927338864,-6.809106588671909,-2.5073515112911378,-6.805063351922344,-2.5171460549825646,20.958300960166348,1676.6640768133077,nan,0,3.274800008512102,16.06069999979809
110,3.6666666666666634,SEARCH,0,0,0,0,11.389487809167454,7.859048791977229,-6.703962621874623,-2.884216385486179,-6.687525488967543,-2.872861610400139,21.022661835876185,1681.812946870095,nan,0,3.3496999967610464,16.42359999823384
111,3.6999999999999966,SEARCH,0,0,0,0,11.365520048143328,7.873385139933948,-6.578615154244306,-3.2549562007179986,-6.559702981232454,-3.267512167062293,21.105288755615263,1688.423100449221,nan,0,3.478700004052371,16.55179999943357
112,3.73333333333333,SEARCH,0,0,0,0,11.341103595848589,7.886958582062775,-6.433527923351511,-3.618529560357126,-6.444431891304542,-3.625845654573553,21.186550780056074,1694.924062404486,nan,0,3.097099994192831,14.746100001502782
113,3.766666666666663,SEARCH,0,0,0,0,11.316239416202965,7.8997678031405965,-6.269213870254303,-3.9739321744012184,-6.278545771446219,-3.970828422167355,21.2246912944291,1697.975303554328,nan,0,3.389500008779578,16.658099993946962
114,3.7999999999999963,SEARCH,0,0,0,0,11.290928490801694,7.911811561994877,-6.086232372133309,-4.32019872583945,-6.079855551251387,-4.307585061974393,21.238121199614564,1699.0496959691652,nan,0,3.4943000064231455,19.486499993945472
115,3.8333333333333295,SEARCH,0,0,0,0,11.265171818876773,7.923088691623917,-5.885186446875268,-4.656404557845706,-5.882046919086846,-4.653457954077135,21.264915611849133,1701.1932489479307,nan,0,3.367400000570342,16.707999995560385
116,3.8666666666666627,SEARCH,0,0,0,0,11.238970417257507,7.9335980993099415,-5.666719938752022,-4.981667185595584,-5.692163944139839,-4.991982729121331,21.301031677268593,1704.0825341814873,nan,0,3.787299996474758,21.645100001478568
117,3.899999999999996,SEARCH,0,0,0,0,11.212325320330368,7.943338766724971,-5.431514693866584,-5.295147636770366,-5.443996804507975,-5.292221443801477,21.27470612753206,1701.9764902025647,nan,0,3.413899990846403,17.37380000122357
118,3.933333333333329,SEARCH,0,0,0,0,11.185237579998159,7.9523097500295,-5.180287733570975,-5.596051625049725,-5.1808950422183,-5.579075742674108,21.235552508944227,1698.8442007155381,nan,0,3.304400001070462,15.978800001903437
119,3.9666666666666623,SEARCH,0,0,0,0,11.157708265638485,7.96051017996395,-4.913788433602373,-5.883630561105714,-4.9028634190180505,-5.8719722437640804,21.1962150593151,1695.697204745208,nan,0,3.309000006993301,15.829299998586066
120,3.9999999999999956,SEARCH,0,0,0,0,11.129738464061539,7.967939261932899,-4.6327957162354405,-6.1571824057951225,-4.651171707221348,-6.163799987116873,21.18355919191186,1694.6847353529488,nan,0,4.8645999922882766,22.943000003579073
121,4.033333333333329,SEARCH,0,0,0,0,11.101329279467198,7.9745962760820746,-4.338115262310059,-6.416052370407026,-4.353912050128006,-6.419678295613534,21.120123697587342,1689.6098958069874,nan,0,5.55599998915568,26.392100000521168
122,4.066666666666662,SEARCH,0,0,0,0,11.072481833401422,7.980480577368107,-4.030576749565333,-6.659633468958895,-4.033822622068207,-6.655301864369676,21.033462909925735,1682.6770327940587,nan,0,4.405200001201592,37.398500004201196
123,4.099999999999995,SEARCH,0,0,0,0,11.043197264711992,7.985591595621028,-3.711031123293192,-6.887366927649235,-3.7004362535523567,-6.878491988795918,20.93599078442244,1674.879262753795,nan,0,5.890300002647564,24.5606999960728
124,4.133333333333328,SEARCH,0,0,0,0,11.013476729503532,7.989928835599524,-3.3803479049184033,-7.098742456668748,-3.376204063121501,-7.102658821333535,20.85303612177013,1668.2428897416105,nan,0,8.679300008225255,27.08429998892825
125,4.166666666666662,SEARCH,0,0,0,0,10.983321401091885,7.993491877038917,-3.0394125437165753,-7.293298389646813,-3.0524101815235882,-7.299642098657349,20.75769033052148,1660.6152264417183,nan,0,6.872700003441423,29.80859999661334
126,4.199999999999995,SEARCH,0,0,0,0,10.95273246995778,7.996280374691892,-2.689123816497976,-7.470621696066717,-2.6978246433903386,-7.46688920946706,20.626374453433098,1650.1099562746476,nan,0,5.9382000035839155,28.19860000454355
127,4.233333333333328,SEARCH,0,0,0,0,10.921711143699842,7.99829405836195,-2.3303912797128805,-7.630347872022846,-2.3182311818304524,-7.617924204259173,20.473454657414074,1637.8763725931258,nan,0,6.971800001338124,33.17179999430664
128,4.266666666666661,SEARCH,0,0,0,0,10.890258646986917,7.999532732929587,-1.9641327780737852,-7.772160714716987,-1.9566858251819734,-7.785899173282271,20.35248984121211,1628.1991872969686,nan,0,7.358200004091486,32.956900002318434
129,4.2999999999999945,SEARCH,0,0,0,0,10.85837622150972,7.999996278371198,-1.5912720134412206,-7.895791986100055,-1.6079638641250045,-7.908609990404673,20.211219373052142,1616.8975498441714,nan,0,5.88120000611525,26.772600002004765
130,4.333333333333328,SEARCH,0,0,0,0,10.826065125931812,7.999684649770717,-1.2127361773831729,-8.001020971061022,-1.2364564704550034,-7.9967116100277575,20.03469791546139,1602.775833236911,nan,0,6.065299996407703,29.25140000297688
131,4.366666666666661,SEARCH,0,0,0,0,10.79332663583993,7.998597877323954,-0.8294536504931963,-8.087673935547452,-0.8349554264341744,-8.078291218429465,19.841454249045377,1587.3163399236303,nan,0,5.832100010593422,26.944800003548153
132,4.399999999999994,ACQUIRING,0,0,0,0,10.760162043693597,7.996736066335685,-0.4423517712391868,-8.15562348997281,-0.4262621115298933,-8.158148238411101,19.649844077761067,1571.9875262208855,1468.1274903676644,1,9.47630000882782,32.5540999911027
133,4.433333333333327,ACQUIRING,0,0,0,0,10.726572658774128,7.9940993972094345,0.03363899690371158,-8.275814462195031,0.028945007640813696,-8.291907083270845,19.485205783992573,1558.816462719406,1466.878135377239,1,13.714200002141297,29.969999988679774
134,4.466666666666661,ACQUIRING,0,0,0,0,10.692559807132923,7.990688125430007,0.5982085022682266,-8.370296589895649,0.5899551456593211,-8.37582059689873,19.233440376180514,1538.6752300944413,1465.5623953018683,0,8.203000004868954,33.787399996072054
135,4.499999999999994,ACQUIRING,0,0,0,0,10.65812483153913,7.986502581538723,1.0738891187438528,-8.450597181261175,1.0770642607140797,-8.439970049566067,19.01645931192905,1521.3167449543241,1464.1803808450964,0,10.088099996210076,35.19040001265239
136,4.533333333333327,ACQUIRING,0,0,0,0,10.623269091426621,7.981543171101392,1.4681022774053243,-8.51845884883182,1.4716125357230996,-8.517827791046031,18.867486845367214,1509.398947629377,1462.7322095418388,0,7.1743000007700175,28.729400000884198
137,4.56666666666666,SEARCH,0,0,0,0,10.587993962840333,7.975810374669017,1.8018370580424556,-8.575829915019957,1.8118375037854944,-8.591592407222697,18.74832678217561,1499.8661425740488,nan,0,6.777500006137416,27.890600002137944
138,4.599999999999993,SEARCH,0,0,0,0,10.55230083838194,7.96930474773123,2.046682949790698,-8.544312092319204,2.0385144260011767,-8.560487220951066,18.593509125594153,1487.4807300475325,nan,0,8.515400011674501,32.401299991761334
139,4.633333333333327,SEARCH,0,0,0,0,10.516191127154881,7.962026920662465,2.2026399526500517,-8.506749475819358,2.2008434740487326,-8.495044458638981,18.438552138805278,1475.0841711044225,nan,0,6.172800000058487,33.95520000776742
140,4.66666666666666,SEARCH,0,0,0,0,10.479666254708725,7.953977598660878,2.2697080666205163,-8.463952641085186,2.278128266986162,-8.454008741852858,18.343588556074344,1467.4870844859474,nan,0,5.8508000074652955,34.159899994847365
141,4.699999999999993,SEARCH,0,0,0,0,10.442727662982898,7.945157561680017,2.3554986089864878,-8.413255307270889,2.3520595926804253,-8.416610922519652,18.25284574400281,1460.2276595202247,nan,0,6.747100007487461,20.385799987707287
142,4.733333333333326,SEARCH,0,0,0,0,10.405376810249749,7.935567664353244,2.5020424197385536,-8.352576357170559,2.495000826190279,-8.359445875777237,18.113572659258043,1449.0858127406434,nan,0,4.977300006430596,24.488499999279156
143,4.7666666666666595,SEARCH,0,0,0,0,10.367615171056988,7.925208835910925,2.6961646897147165,-8.280310094131716,2.692955671549373,-8.272875085251297,17.924238370162247,1433.93906961298,nan,0,5.377499997848645,19.702999998116866
144,4.799999999999993,SEARCH,0,0,0,0,10.329444236169476,7.914082080090391,2.927164432228172,-8.195238169650999,2.933441992657612,-8.181640523750136,17.71364263289218,1417.0914106313744,nan,0,5.4456999932881445,16.65520000096876
145,4.833333333333326,SEARCH,0,0,0,0,10.290865512510361,7.90218847503868,3.1863242355972456,-8.09645884053273,3.1878551888926845,-8.100839969210286,17.50856005058271,1400.6848040466166,nan,0,7.600500000989996,20.521399987046607
146,4.866666666666659,SEARCH,0,0,0,0,10.251880523101597,7.889529173208066,3.4665183046479378,-7.983330083571822,3.4512679946677705,-7.998100935809702,17.28193048368321,1382.554438694657,nan,0,4.453300003660843,26.749699987703934
147,4.899999999999992,SEARCH,0,0,0,0,10.21249080700381,7.87610540124439,3.761899116668018,-7.855423790962025,3.7562307455683928,-7.872775742004908,17.020885736208893,1361.6708588967115,nan,0,4.007800002000295,33.86710000631865
148,4.933333333333326,SEARCH,0,0,0,0,10.172697919255551,7.861918459868205,4.067646952333317,-7.712488825796684,4.0808249289774885,-7.7056538057558015,16.717063820393374,1337.36510563147,nan,0,3.9315000030910596,18.35870000650175
149,4.966666666666659,SEARCH,0,0,0,0,10.132503430811887,7.846969723748735,4.3797697101884205,-7.554421161936275,4.394972697522096,-7.549383865601392,16.430671403315795,1314.4537122652637,nan,0,3.5435999889159575,16.304000004311092
150,4.999999999999992,SEARCH,0,0,0,0,10.0919089284824,7.831260641370682,4.694942931739728,-7.381239688416525,4.694719727749634,-7.396278062983365,16.155729208584393,1292.4583366867514,nan,0,3.8545999996131286,17.664699989836663
151,5.033333333333325,SEARCH,0,0,0,0,10.050916014868532,7.814792734893862,5.010381979024057,-7.193066543264314,5.0028280922560455,-7.196233559363489,15.837111544764458,1266.9689235811566,nan,0,3.2256999984383583,16.245799997705035
152,5.066666666666658,SEARCH,0,0,0,0,10.009526308300321,7.797567600005722,5.323739918383297,-6.990111069316701,5.331778057917116,-6.977181176213927,15.497565295696198,1239.8052236556957,nan,0,3.606700003729202,14.72789999388624
153,5.099999999999992,SEARCH,0,0,0,0,9.967741442772516,7.779586905766719,5.633025953690795,-6.772656666794468,5.636616964722769,-6.760717007161667,15.171653737305048,1213.7322989844038,nan,0,3.5690999939106405,16.39489999797661
154,5.133333333333325,SEARCH,0,0,0,0,9.925563067880052,7.760852394448591,5.936540283907191,-6.541049963079841,5.93662657056451,-6.547297125092506,14.853779217867757,1188.3023374294207,nan,0,3.716000006534159,17.63050000590738
155,5.166666666666658,SEARCH,0,0,0,0,9.882992848752957,7.741365881365541,6.232822085167341,-6.295691836680031,6.219254199742772,-6.309629914473342,14.520794184304554,1161.6635347443644,nan,0,3.6155000125290826,16.01749999099411
156,5.199999999999991,SEARCH,0,0,0,0,9.840032465990587,7.7211292546983366,6.520607977875927,-6.037029925557471,6.518424454523374,-6.028587187403882,14.145238846341877,1131.6191077073504,nan,0,4.034999990835786,19.60240000335034
157,5.2333333333333245,SEARCH,0,0,0,0,9.796683615595295,7.700144475311352,6.798798867525544,-5.765552324540604,6.8115788588587165,-5.754997286300497,13.782296261282536,1102.583700902603,nan,0,3.426499999477528,16.919800007599406
158,5.266666666666658,SEARCH,0,0,0,0,9.75294800890547,7.678413576562566,7.066433470554037,-5.481782236129269,7.0810030582070045,-5.488243496747871,13.435034361910608,1074.8027489528486,nan,0,3.4801000001607463,14.276600006269291
159,5.299999999999991,SEARCH,0,0,0,0,9.708827372527969,7.655938664106533,7.322667174652916,-5.186273386663006,7.314660319532507,-5.199315335175916,13.076298836586613,1046.103906926929,nan,0,2.963199993246235,14.230400003725663
160,5.333333333333324,SEARCH,0,0,0,0,9.664323448269982,7.632721915690362,7.566755153426213,-4.879606057918197,7.559993494014879,-4.88116118636672,12.68958135039628,1015.1665080317024,nan,0,4.917700003716163,17.19790000061039
161,5.366666666666657,SEARCH,0,0,0,0,9.619437993070227,7.608765580942686,7.7980388716992675,-4.562383614652677,7.813593484494058,-4.559805231342538,12.301836854825973,984.1469483860778,nan,0,2.901100000599399,17.22590001008939
162,5.399999999999991,SEARCH,0,0,0,0,9.574172778929622,7.584071981155691,8.015935290906128,-4.235229432953483,8.02813411040672,-4.223030294788991,11.907892329005422,952.6313863204338,nan,0,3.793200012296438,24.80059998924844
163,5.433333333333324,SEARCH,0,0,0,0,9.528529592841315,7.558643509060185,8.219928222495412,-3.898784153688227,8.2212103803098,-3.9116207657436903,11.544524505465615,923.5619604372491,nan,0,3.0364999984158203,14.859300004900433
164,5.466666666666657,SEARCH,0,0,0,0,9.482510236720138,7.53248262859375,8.409561388110179,-3.5537032008920773,8.403367465649524,-3.5573384321337995,11.142202667305522,891.3762133844417,nan,0,3.040100011276081,23.765299993101507
165,5.49999999999999,SEARCH,0,0,0,0,9.436116527331475,7.5055918746620005,8.584432833955711,-3.2006545173234926,8.584802846180553,-3.1865448667120413,10.725974225214019,858.0779380171215,nan,0,3.0116999987512827,18.367299999226816
166,5.5333333333333234,SEARCH,0,0,0,0,9.389350296219531,7.477973852892948,8.744190417700427,-2.840316479319186,8.759972837956335,-2.832989677027057,10.3301541566576,826.4123325326078,nan,0,3.0245999951148406,14.565999998012558
167,5.566666666666657,SEARCH,0,0,0,0,9.342213389635035,7.449631239384535,8.888528143003992,-2.4733759609735486,8.891537174872768,-2.481152295994001,9.941004510465623,795.2803608372499,nan,0,3.8631999923381954,18.88400000461843
168,5.59999999999999,SEARCH,0,0,0,0,9.294707668462348,7.420566780445325,9.017183162168683,-2.100526523960819,9.004244658755061,-2.1045908005692664,9.529585284951699,762.3668227961359,nan,0,3.1024000054458156,12.991399999009445
169,5.633333333333323,SEARCH,0,0,0,0,9.246835008145997,7.39078329232839,9.129933303733507,-1.7224667143305687,9.120351787414108,-1.7121187311118424,9.103780712071167,728.3024569656934,nan,0,3.606099999160506,17.269399992073886
170,5.666666666666656,SEARCH,0,0,0,0,9.198597298616647,7.360283660958434,9.226595010890538,-1.339898451595158,9.220421355872034,-1.3353290962358784,8.695640143920144,695.6512115136115,nan,0,3.052699990803376,14.376800012541935
171,5.6999999999999895,SEARCH,0,0,0,0,9.14999644421646,7.329070841652146,9.307021599851256,-0.9535254985970523,9.311500682681224,-0.9677965637313262,8.298439152127148,663.8751321701719,nan,0,3.1095000013010576,18.899800008512102
172,5.733333333333323,SEARCH,0,0,0,0,9.101034363623969,7.297147858831848,9.371101765888884,-0.5640520031585893,9.362330386336613,-0.5884112763875521,7.889887102267534,631.1909681814027,nan,0,3.301500008092262,14.386900002136827
173,5.766666666666656,ACQUIRING,0,0,0,0,9.051712989778263,7.264517805732432,9.418758279660151,-0.1721811045083621,9.405993767979377,-0.17768149301824565,7.450627173072604,596.0501738458083,838.0545549408167,1,3.787099994951859,29.838500006007962
174,5.799999999999989,ACQUIRING,0,0,0,0,9.002034269802737,7.231183844101638,9.541039529660152,0.13080090525297622,9.544564079960372,0.13822917694374687,7.113673067077696,569.0938453662158,835.8299232095578,0,3.167799994116649,15.436400004546158
175,5.833333333333322,ACQUIRING,0,0,0,0,8.952000164928192,7.197149203893692,9.63716482479904,0.34489402612542563,9.645835118054874,0.34688336636911804,6.8853140078675095,550.8251206294008,833.5744186617783,0,2.9578999965451658,14.303700008895248
176,5.866666666666656,ACQUIRING,0,0,0,0,8.901612650415412,7.162417182956328,9.718861948188314,0.4700982581089862,9.70902207432923,0.4541629467370386,6.756669658609845,540.5335726887877,831.288994416187,0,3.1076000013854355,12.427199995727278
177,5.899999999999989,ACQUIRING,0,0,0,0,8.8508737154772,7.126991146711246,9.78790381867323,0.5064136012036579,9.77073035528338,0.5012904136733008,6.689248570771988,535.139885661759,828.9746236086161,0,4.417599993757904,11.555700009921566
178,5.933333333333322,SEARCH,0,0,0,0,8.79978536319982,7.090874527828008,9.846272642534204,0.45384005540944067,9.85519398096208,0.47235539495400575,6.702140170323662,536.1712136258928,nan,0,4.471100008231588,15.83619999291841
179,5.966666666666655,SEARCH,0,0,0,0,8.748349610463949,7.0540708258914195,9.81575257750629,0.4901553985041123,9.832745618877725,0.49903669305031334,6.644124260260014,531.5299408208011,nan,0,2.63950000226032,12.634600003366359
180,5.9999999999999885,SEARCH,0,0,0,0,8.69656848786503,7.016583607062441,9.757299564738005,0.615359630487673,9.761958789717387,0.6053604697208627,6.49914137498678,519.9313099989423,nan,0,3.067199999350123,11.557499994523823
181,6.033333333333322,ACQUIRING,0,0,0,0,8.644444039633122,6.978416503732631,9.697016820644032,0.8294527513601224,9.687163856004606,0.8197959556754667,6.246268619776587,499.70148958212695,397.094600979619,1,5.16790000256151,17.852499993750826
182,6.066666666666655,ACQUIRING,0,0,0,0,8.591978323552189,6.939573214172181,9.54784518766117,1.0345012800174076,9.542627424213466,1.0437204813868253,5.9720024413324415,477.76019530659534,393.4929117440168,0,6.048900002497248,25.939499988453463
183,6.099999999999988,ACQUIRING,0,0,0,0,8.53917341087886,6.90005750217156,9.309784665789419,1.195689935964059,9.32084477984775,1.2131286811093527,5.740398030179935,459.2318424143948,389.87147070234147,0,4.310799995437264,18.268100000568666
184,6.133333333333321,ACQUIRING,0,0,0,0,8.486031386260683,6.859873196676827,9.102270346225662,1.3326845688002744,9.110992480304564,1.323379228815053,5.5716552141386435,445.7324171310915,386.2322548441101,0,4.340899991802871,11.76310000300873
185,6.1666666666666545,ACQUIRING,0,0,0,0,8.432554347653786,6.8190241914186105,8.92720671903581,1.4484581151017633,8.917003026464334,1.4431428409560292,5.397665311655834,431.8132249324667,382.5773295057505,0,2.9921999957878143,12.393800003337674
186,6.199999999999988,SEARCH,0,0,0,0,8.378744406240088,6.7775144445348126,8.779187368558246,1.5463344571586934,8.774102765892728,1.5551159302421074,5.237342310240365,418.9873848192292,nan,1,4.869399999734014,12.769000008120202
187,6.233333333333321,SEARCH,0,0,0,0,8.324603686343945,6.73534797818709,8.72005690696957,1.7330996881045126,8.733412577836093,1.7414113004484788,5.010641500948356,400.8513200758685,nan,0,3.9314999885391444,13.058700002147816
188,6.266666666666654,SEARCH,0,0,0,0,8.270134325348263,6.692528878171117,8.749815334269782,2.0087538079392204,8.752434486953309,1.9990349456061771,4.718209272691087,377.456741815287,nan,0,4.004200003691949,15.899500009254552
189,6.299999999999987,SEARCH,0,0,0,0,8.215338473610162,6.649061293520674,8.831164879921266,2.358462080922938,8.817850945130104,2.350082763143717,4.340995010706542,347.2796008565233,nan,0,3.3904000010807067,11.895699994056486
190,6.333333333333321,SEARCH,0,0,0,0,8.16021829437603,6.604949436105635,8.870000930551615,2.714179298885646,8.853339519987312,2.7157227575051492,3.9505064473976814,316.0405157918145,nan,0,4.204400000162423,20.581499993568286
191,6.366666666666654,SEARCH,0,0,0,0,8.10477596369617,6.560197580223838,8.871766698443485,3.073574153239372,8.872030924396455,3.0876917533923374,3.556258833675907,284.50070669407256,nan,0,3.86850000359118,17.162899996037595
192,6.399999999999987,SEARCH,0,0,0,0,8.04901367033886,6.514810062186931,8.84087454273791,3.434662551938121,8.851080015228336,3.4340255561803295,3.1834797932537127,254.67838346029703,nan,0,2.666600004886277,15.633299990440719
193,6.43333333333332,SEARCH,0,0,1,0,7.992933615703967,6.468791279900183,8.780916485621873,3.7957413284713244,8.77773754675796,3.7795167913855394,2.8014486403954475,224.1158912316358,nan,0,2.798900008201599,13.806000002659857
194,6.4666666666666535,SEARCH,0,0,1,0,7.936538013736023,6.422145692436356,8.694832457253153,4.155335347640526,8.672812988049579,4.151474126158973,2.3870589015985777,190.96471212788623,nan,0,2.4585000064689666,12.147699992056005
195,6.499999999999987,SEARCH,0,0,1,1,7.879829090836818,6.374877819603625,8.58504472058465,4.51215532048104,8.595795766770573,4.523016372064649,1.9854468267694259,158.83574614155407,nan,0,2.5236999936169013,12.673500008531846
196,6.53333333333332,SEARCH,0,0,1,1,7.822809085777543,6.3269922415076225,8.453565237376486,4.86506417823804,8.46524113227898,4.871733169842377,1.5907538778943824,127.26031023155059,nan,0,4.161700009717606,13.847700000042096
197,6.566666666666653,SEARCH,0,0,1,1,7.765480249610353,6.2784935981076515,8.302081384777303,5.213050285357158,8.303207151812693,5.20207095381088,1.2032605414069633,96.26084331255706,nan,0,4.568000003928319,12.640899993130006
198,6.599999999999986,SEARCH,0,0,1,1,7.7078448455795385,6.229386588767081,8.132024350322878,5.555206115502026,8.118228938568501,5.553826947725837,0.790440340811467,63.235227264917356,nan,0,4.769000006490387,24.89620000415016
199,6.6333333333333195,SEARCH,0,0,1,1,7.649905149032172,6.179675971797984,7.944623667965293,5.890711289864506,7.946417938033618,5.905464517915232,0.4038709639004875,32.309677112039,nan,0,3.0727999983355403,15.543000001343898
200,6.666666666666653,SEARCH,0,0,1,1,7.591663447328246,6.129366564000091,7.740950665549729,6.218819097246813,7.742543567102544,6.227840922916054,0.18017216740389294,14.413773392311434,nan,0,2.638299993122928,15.857200007303618
201,6.699999999999986,SEARCH,0,0,1,1,7.53312203975044,6.078463240194045,7.521953040390427,6.538845791575789,7.518020265522581,6.539156082604322,0.46094029833904643,36.875223867123715,nan,0,2.2443000052589923,10.995000004186295
202,6.733333333333319,SEARCH,0,0,1,1,7.474283237413271,6.026970932749051,7.288482336576312,6.850162103464289,7.276334519136276,6.8388821690445285,0.8356934549763785,66.85547639811028,nan,0,3.4862999891629443,18.242000005557202
203,6.766666666666652,SEARCH,0,0,1,1,7.415149363171911,5.974894631104937,7.041315743211037,7.152186515207676,7.031716677163565,7.15623096512207,1.2420048948247402,99.36039158597923,nan,0,3.3181000035256147,17.95259999926202
204,6.799999999999986,SEARCH,0,0,1,1,7.355722751530466,5.922239381288712,6.781173349242711,7.444379938830629,6.7913047676290725,7.446675501066008,1.625568560176092,130.04548481408736,nan,0,3.229299996746704,16.68860000791028
205,6.833333333333319,SEARCH,0,0,1,1,7.296005748549799,5.869010285425599,6.5087317636899025,7.726241508989555,6.528238652187614,7.725373382482131,2.008867905654759,160.70943245238075,nan,0,2.4575999996159226,11.254800003371201
206,6.866666666666652,SEARCH,0,0,1,1,7.236000711754949,5.815212501244674,6.224634828582421,7.997305260295828,6.220547420214987,7.987022255550013,2.3974784662630775,191.79827730104623,nan,0,4.037100006826222,22.37720000266563
207,6.899999999999985,SEARCH,0,0,1,1,7.175710010042013,5.7608512415790925,5.9295020067357225,8.257137504840303,5.927163374754998,8.252189056553098,2.786688502291919,222.93508018335353,nan,0,3.325900004711002,16.70860000012908
208,6.9333333333333185,SEARCH,0,0,1,1,7.115136023584664,5.705931773860972,5.623934910308747,8.50533476267869,5.623903270913674,8.507025578987012,3.173310830623778,253.86486644990225,nan,0,2.7640999905997887,18.884500008425675
209,6.966666666666652,SEARCH,0,0,0,1,7.054281143740168,5.650459419611016,5.308522343150531,8.74152212762711,5.311918998382373,8.74161252709004,3.548387433673647,283.87099469389176,nan,0,2.5671000039437786,11.948100000154227
210,6.999999999999985,SEARCH,0,0,0,1,6.993147772954982,5.594439553922856,4.983844155575997,8.96535197439489,4.989643941674574,8.94671221476417,3.905350124454833,312.42800995638663,nan,0,2.3299000022234395,11.444499992649071
211,7.033333333333318,SEARCH,0,0,0,1,6.93173832466991,5.537877604942237,4.65047415071006,9.176502932029448,4.632176064608926,9.175047534039345,4.30313742297699,344.25099383815916,nan,0,3.3866000012494624,12.928500000271015
212,7.066666666666651,SEARCH,0,0,0,1,6.870055223224809,5.480779053341029,4.308982233928873,9.374679063811502,4.293955487244093,9.379013568842973,4.672528457652301,373.8022766121841,nan,0,2.6323000056436285,15.843800007132813
213,7.0999999999999845,SEARCH,0,0,0,1,6.808100903762922,5.42314943178619,3.9599359588294565,9.559609205874194,3.965128778614928,9.568858069621886,5.026866878503348,402.14935028026787,nan,0,4.440100005012937,11.585300002479926
214,7.133333333333318,SEARCH,0,0,0,1,6.745877812134685,5.364994324403657,3.603901592671687,9.731046426532409,3.5974064921992173,9.717539236260107,5.371919476517091,429.75355812136723,nan,0,2.789999998640269,13.95980000961572
215,7.166666666666651,SEARCH,0,0,0,1,6.683388404801219,5.3063193662372505,3.241444799837496,9.888767576082575,3.2206114670303334,9.873891758555965,5.731800910693778,458.54407285550224,nan,0,4.566900010104291,16.072699989308603
216,7.199999999999984,SEARCH,0,0,0,1,6.620635148737331,5.247130242702682,2.873131022323774,10.03257290305602,2.8673436151698897,10.038387679382504,6.086324437662581,486.90595501300646,nan,0,2.7840000111609697,15.54579999356065
217,7.233333333333317,SEARCH,0,0,0,1,6.557620521334104,5.18743268903664,2.4995256206536136,10.162285717890327,2.506761924869939,10.17157546547046,6.422704616002907,513.8163692802326,nan,0,2.082099992549047,10.069900003145449
218,7.266666666666651,SEARCH,0,0,0,1,6.494347010301149,5.127232489741054,2.1211938260760665,10.277752088971107,2.1318452344988468,10.273185730737483,6.746277232844785,539.7021786275827,nan,0,2.1145999926375225,10.442800004966557
219,7.299999999999984,SEARCH,0,0,0,1,6.430817113568326,5.0665354780226215,1.7387005449040633,10.378840559189298,1.7436450978726201,10.378996127663484,7.084618525983143,566.7694820786514,nan,0,2.282100002048537,13.003900006879121
220,7.333333333333317,SEARCH,0,0,0,1,6.36703333918718,5.005347535227566,1.3526100478149359,10.465441873715541,1.348246782672825,10.47945252778528,7.426576867534228,594.1261494027383,nan,0,2.762899996014312,12.46979999996256
221,7.36666666666665,SEARCH,0,0,0,1,6.302998205231912,4.943674590271768,0.9634855705090135,10.537468711740024,0.9700126900713271,10.561751670187313,7.746194199785143,619.6955359828114,nan,0,2.9910999874118716,11.848800000734627
222,7.3999999999999835,SEARCH,0,0,0,1,6.238714239699963,4.881522619066255,0.5718888469700383,10.594855416565096,0.5797430082657792,10.607281411020832,8.050358323816702,644.0286659053362,nan,0,2.4211999989347532,12.624399998458102
223,7.433333333333317,SEARCH,0,0,0,1,6.1741839804122245,4.818897643938174,0.17837959244124302,10.637557719750365,0.17446677146230538,10.627831677479957,8.3510670691481,668.0853655318479,nan,0,2.3748999956296757,11.488999996799976
224,7.46666666666665,SEARCH,0,0,0,1,6.109409974912826,4.755805733047239,-0.21648505008137892,10.665552456060645,-0.2331637130406436,10.660087634220318,8.665378569666744,693.2302855733395,nan,0,2.6816000026883557,12.153400006354786
225,7.499999999999983,SEARCH,0,0,0,1,6.044394780368613,4.692252999797738,-0.6121510886951351,10.678837266808305,-0.6170221313275108,10.68743904604374,8.961960220874332,716.9568176699465,nan,0,2.829399993061088,15.248100011376664
226,7.533333333333316,SEARCH,0,0,0,1,5.979140963468129,4.628245602246177,-1.0080682777671148,10.677430289854787,-0.988070977122864,10.680442502537366,9.228820593391552,738.3056474713242,nan,0,2.5504000077489763,22.231199996895157
227,7.5666666666666496,SEARCH,0,0,0,1,5.913651100320336,4.563789742504581,-1.4036907221477963,10.661369835074645,-1.4084894907310521,10.646506094401632,9.519095600568267,761.5276480454613,nan,0,2.5025999930221587,17.89140001346823
228,7.599999999999983,SEARCH,0,0,0,1,5.847927776352899,4.4988916661395155,-1.798477484508754,10.630714044516141,-1.812649643117386,10.621656225468968,9.806767675879692,784.5414140703754,nan,0,2.5387999921804294,13.09150000452064
229,7.633333333333316,ACQUIRING,0,0,0,1,5.7819735862101,4.4335576615669305,-2.1918931910033175,10.585540536836444,-2.2011885135946336,10.592988744023199,10.083127906125515,806.6502324900412,1055.7560147866186,1,2.8907000087201595,14.390999989700504
230,7.666666666666649,ACQUIRING,0,0,0,1,5.715791133650448,4.367794059442824,-2.5055548736189475,10.629255918045635,-2.5049383713818547,10.634136698678534,10.336703713815744,826.9362971052595,1055.3321945956811,0,3.0155999993439764,14.05440000235103
231,7.699999999999982,ACQUIRING,0,0,0,1,5.64938303144384,4.301607232049823,-2.7521243339015986,10.761860188143714,-2.750013912448836,10.759305431909688,10.594891932509126,847.59135460073,1054.970602242655,0,3.1518999894615263,14.290500010247342
232,7.733333333333316,ACQUIRING,0,0,0,1,5.582751901268443,4.235003592679719,-2.9616843211207073,10.983353347130683,-2.9761935948839304,10.9784045261348,10.896283960847837,871.702716867827,1054.6718884576937,0,3.3211999980267137,15.154399996390566
233,7.766666666666649,ACQUIRING,0,0,0,1,5.515900373607186,4.167989595012063,-3.1387825211082703,11.29373539500654,-3.1510756102034034,11.295324698561336,11.221202180793075,897.6961744634459,1054.4366813281836,0,3.0568999936804175,15.41400000860449
234,7.799999999999982,SEARCH,0,0,0,1,5.448831087643913,4.10057173248881,-3.2885034595557303,11.605297820306074,-3.288499006709182,11.612842589778968,11.522810013663301,921.8248010930643,nan,0,3.195500001311302,15.258300001733005
235,7.833333333333315,SEARCH,0,0,0,1,5.381546691159198,4.032756537685116,-3.460696846188002,11.82797135671672,-3.44890794762729,11.822823290868353,11.775485941001188,942.038875280095,nan,0,3.1718000100227073,15.305299995816313
236,7.8666666666666485,SEARCH,0,0,0,1,5.31404984042579,3.964550581676376,-3.6743319220055155,11.961756004238477,-3.6792251879932167,11.94112724057153,12.021013723143978,961.6810978515183,nan,0,2.947200002381578,17.056400000001304
237,7.899999999999982,SEARCH,0,0,0,1,5.246343200103802,3.8959604734014945,-3.9201206843018186,12.006651762871346,-3.928012853266619,12.0019540249774,12.242382956442942,979.3906365154353,nan,0,3.016399990883656,16.186200009542517
238,7.933333333333315,SEARCH,0,0,0,1,5.178429443135449,3.826992859022492,-4.1905376081459265,11.962658632615327,-4.185205235672313,11.971389862450241,12.410030497448998,992.8024397959198,nan,0,3.0076999973971397,15.786000003572553
239,7.966666666666648,SEARCH,0,0,0,1,5.110311250639572,3.7576544212805314,-4.479469282400023,11.829776613470417,-4.47050808710099,11.822821877759853,12.523538848243998,1001.8831078595199,nan,0,3.0274000018835068,15.522399990004487
240,7.999999999999981,SEARCH,0,0,0,1,5.041991311805778,3.6879518788483714,-4.781934212189216,11.608005705436618,-4.778106662099765,11.58919221585362,12.60412325710212,1008.3298605681697,nan,0,3.0992999963928014,15.696700007538311
241,8.033333333333315,SEARCH,0,0,0,1,4.973472323788257,3.617891985679348,-5.093858750062037,11.29734590851393,-5.104471675616457,11.290905653831153,12.666494937700085,1013.3195950160067,nan,0,3.9623000047868118,14.43289998860564
242,8.066666666666649,SEARCH,0,0,0,1,4.904756991599351,3.547481530352942,-5.411897925617253,10.897797222702355,-5.400711019309243,10.90377148374114,12.661661534023901,1012.9329227219122,nan,0,3.377500004717149,22.243200000957586
243,8.099999999999982,SEARCH,0,0,0,1,4.835848028002696,3.476727335416988,-5.733292189407973,10.492304773451112,-5.72774223786073,10.50076507962942,12.685682698899788,1014.8546159119829,nan,0,3.4029999951599166,16.719000006560236
244,8.133333333333315,SEARCH,0,0,0,1,4.766748153406204,3.405636256726579,-6.05575288376852,10.121286752612349,-6.059286264847832,10.113841996306054,12.735895942953837,1018.871675436307,nan,0,3.4085999941453338,16.13639999413863
245,8.166666666666648,SEARCH,0,0,0,1,4.69746009575459,3.3342151827797766,-6.3773706906826435,9.775560441207599,-6.385757751216578,9.769237590537161,12.81589759758402,1025.2718078067214,nan,0,3.40400000277441,15.324100008001551
246,8.199999999999982,SEARCH,0,0,0,1,4.627986590421735,3.262471034050126,-6.696542456795948,9.44784655946208,-6.692337766361788,9.458943853073125,12.905270975058103,1032.4216780046481,nan,0,3.3377999934600666,15.73400000052061
247,8.233333333333315,SEARCH,0,0,0,0,4.5583303801026736,3.1904107623160756,-7.011912715668041,9.132390869531676,-6.99574111734952,9.14860493781208,12.999870999404251,1039.98967995234,nan,0,3.6013999924762174,14.542599994456396
248,8.266666666666648,SEARCH,0,0,0,0,4.488494214705318,3.1180413499873905,-7.322326963359344,8.824661344504358,-7.316162994124061,8.822555025963478,13.110736367472487,1048.858909397799,nan,0,3.4425000048941,15.197799992165528
249,8.299999999999981,SEARCH,0,0,0,0,4.4184808512419025,3.045369809428572,-7.626794332252016,8.52110578960605,-7.639993654981455,8.509490644455822,13.23870929951321,1059.096743961057,nan,0,3.4404999896651134,14.269000006606802
250,8.333333333333314,SEARCH,0,0,0,0,4.348293053720126,2.9724031822793693,-7.924457779052931,8.218957824512428,-7.921850617371635,8.218475998753862,13.344575890787455,1067.5660712629965,nan,0,3.152699995553121,18.261599994730204
251,8.366666666666648,SEARCH,0,0,0,0,4.27793359303406,2.8991485387724873,-8.214570279770053,7.916081554042009,-8.207963642600282,7.925366437849642,13.459587517744549,1076.767001419564,nan,0,3.312000000732951,17.59920000040438
252,8.39999999999998,SEARCH,0,0,0,0,4.207405246854736,2.8256129770484923,-8.496475825932816,7.610847189201722,-8.483328256473529,7.617063451055225,13.5651286207451,1085.210289659608,nan,0,3.0549999937647954,17.698900002869777
253,8.433333333333314,SEARCH,0,0,0,0,4.136710799520498,2.75180362246803,-8.76959425751477,7.302031428309271,-8.779030394017223,7.289548351458736,13.689685818306062,1095.1748654644848,nan,0,3.1636000057915226,15.958499992848374
254,8.466666666666647,SEARCH,0,0,0,0,4.065853041927083,2.6777276269213863,-9.033409160971013,6.988737646115742,-9.048347711254225,6.974301071618732,13.80010162138017,1104.0081297104136,nan,0,3.2858000049600378,12.964800000190735
255,8.49999999999998,SEARCH,0,0,0,0,3.994834771417419,2.603392168135516,-9.2874582151703,6.670331929407541,-9.286282170133425,6.672145331367658,13.890385866435116,1111.2308693148093,nan,0,2.8916000010212883,17.533099991851486
256,8.533333333333314,SEARCH,0,0,0,0,3.9236587916712415,2.528804448978531,-9.531325491499317,6.346391790007688,-9.521214729386559,6.346193321411921,13.976304296938425,1118.1043437550738,nan,0,3.010600004927255,15.993399996659718
257,8.566666666666647,SEARCH,0,0,0,0,3.852327912594344,2.453971696761754,-9.764635313218387,6.0166650200455045,-9.763760865863876,5.997806379679033,14.069706389356648,1125.5765111485318,nan,0,3.0039999983273447,11.882000006153248
258,8.59999999999998,SEARCH,0,0,0,0,3.7808449502076993,2.3789011625394396,-9.987047358192557,5.681036661519296,-10.004515847094583,5.671646124562486,14.173155671787661,1133.8524537430128,nan,0,3.74770000053104,21.95890000439249
259,8.633333333333313,SEARCH,0,0,0,0,3.7092127265362684,2.3036001204061574,-10.198252752361146,5.33950246789721,-10.201876809584752,5.346568646977323,14.24001648649602,1139.2013189196814,nan,0,2.9454000032274053,17.22910000535194
260,8.666666666666647,SEARCH,0,0,0,0,3.637434069497574,2.2280758667919445,-10.397970951903131,4.992147560074149,-10.39012978956096,5.000565266733327,14.298924620150723,1143.9139696120578,nan,0,3.180300001986325,15.967699990142137
261,8.69999999999998,SEARCH,0,0,0,0,3.5655118127901106,2.152335719755328,-10.585947252534124,4.639129238656938,-10.590970018911198,4.634132709180242,14.37237955761007,1149.7903646088057,nan,0,3.30250000115484,13.567499991040677
262,8.733333333333313,SEARCH,0,0,0,0,3.493448795781407,2.076387018274213,-10.761950796756098,4.2806631222695115,-10.775696193763745,4.272327539712562,14.437127605807063,1154.970208464565,nan,0,2.849299999070354,15.522100002272055
263,8.766666666666646,SEARCH,0,0,0,0,3.421247863395988,2.000237121534766,-10.925772975791983,3.9170119477416567,-10.94040413802707,3.923356287806797,14.48983904457402,1159.1871235659216,nan,0,3.125300005194731,13.906899999710731
264,8.79999999999998,SEARCH,0,0,0,0,3.3489118660030375,1.9238934082183208,-11.07722614366837,3.548476500978344,-11.072978554774613,3.557394572468003,14.514105186422043,1161.1284149137634,nan,0,3.0629000102635473,16.07220000005327
265,8.833333333333313,SEARCH,0,0,0,0,3.2764436593038724,1.8473632757864265,-11.21614257749676,3.1753882536496043,-11.209373405183863,3.1790527399248827,14.546899767809684,1163.7519814247748,nan,0,3.1790999928489327,14.710500006913207
266,8.866666666666646,SEARCH,0,0,0,0,3.2038461042192132,1.7706541397640492,-11.342373631275649,2.798103365911234,-11.350856280191822,2.7913218387129506,14.59044632800717,1167.2357062405736,nan,0,3.034900000784546,16.860299991094507
267,8.899999999999979,SEARCH,0,0,0,0,3.1311220667762125,1.693773433021019,-11.455789041155139,2.4169977834190775,-11.468140649005328,2.417417363054307,14.617186199193162,1169.374895935453,nan,0,2.973099995870143,14.880100003210828
268,8.933333333333312,SEARCH,0,0,0,0,3.0582744179953654,1.6167286050518308,-11.556276348603149,2.0324632113375682,-11.552279316112555,2.036346155842073,14.616578235215863,1169.3262588172693,nan,0,2.819899993482977,14.543700002832338
269,8.966666666666645,SEARCH,0,0,0,0,2.9853060337770954,1.5395271212538006,-11.643740414711788,1.6449037915897198,-11.639607957150675,1.6502307658072204,14.625332971900237,1170.0266377520188,nan,0,2.7571999962674454,12.839100003475323
270,8.999999999999979,SEARCH,0,0,0,0,2.9122197947882746,1.4621764622036832,-11.718103004323615,1.2547333444290343,-11.726121781369729,1.243430636390503,14.63997588237722,1171.1980705901776,nan,0,3.3598000009078532,13.429600003291853
271,9.033333333333312,SEARCH,0,0,0,0,2.8390185863484803,1.384684122932848,-11.779302423011746,0.8623730632765235,-11.795887347966787,0.8584049849980698,14.644365518426586,1171.549241474127,nan,0,2.7925000031245872,15.683999998145737
272,9.066666666666645,SEARCH,0,0,0,0,2.765705298316064,1.3070576122010207,-11.827293193432444,0.468249574052426,-11.833275967964353,0.48487918973429256,14.622114463085579,1169.7691570468462,nan,0,2.7977999998256564,15.663700003642589
273,9.099999999999978,SEARCH,0,0,0,0,2.692282824974127,1.2293044517687168,-11.862045760357619,0.07279328805735191,-11.846987259624598,0.07376496783591614,14.585117280702102,1166.8093824561681,nan,0,2.924799991887994,15.036500000860542
274,9.133333333333312,SEARCH,0,0,0,0,2.6187540649161813,1.151432175668391,-11.88354621592668,-0.32356300828597867,-11.883459628348497,-0.34116453852522205,14.57882186448326,1166.3057491586608,nan,0,2.7548000070964918,15.43909999600146
275,9.166666666666645,SEARCH,0,0,0,0,2.545121920931778,1.073448329474436,-11.891796038443626,-0.720385372117976,-11.904587205550888,-0.7277636970550083,14.561540392570793,1164.9232314056635,nan,0,3.174899989971891,14.385800008312799
276,9.199999999999978,SEARCH,0,0,0,0,2.471389299891883,0.9953604695720297,-11.886811839475085,-1.1172397674246448,-11.892710567170145,-1.1008268758662778,14.516244913134631,1161.2995930507705,nan,0,3.639600006863475,12.628500000573695
277,9.233333333333311,SEARCH,0,0,0,0,2.3975591126341245,0.9171761624249349,-11.868625115149543,-1.5136930017974084,-11.863728712057283,-1.4881482738312706,14.462707770757959,1157.0166216606367,nan,0,4.291799996281043,21.34249999653548
278,9.266666666666644,SEARCH,0,0,0,0,2.3236342738478832,0.8389029838423545,-11.837281998473973,-1.9093135597219728,-11.833408092129131,-1.9010753431070915,14.419754844803041,1153.5803875842432,nan,0,3.0070999928284436,21.993700007442385
279,9.299999999999978,SEARCH,0,0,0,0,2.249617701959199,0.7605485182448452,-11.79284301021729,-2.303672350788844,-11.795148962608513,-2.304100690114009,14.375240708678481,1150.0192566942785,nan,0,2.8249999886611477,14.026700009708293
280,9.33333333333331,SEARCH,0,0,0,0,2.1755123190156147,0.6821203579294193,-11.73538280649684,-2.696343387494379,-11.744572413556055,-2.6841567959160386,14.32133306778656,1145.7066454229248,nan,0,2.6280000020051375,13.278600003104657
281,9.366666666666644,SEARCH,0,0,0,0,2.101321050570744,0.6036261023338607,-11.664989921673639,-3.086904404325841,-11.654673706065472,-3.06682890059669,14.237262084865229,1138.9809667892182,nan,0,2.635900003951974,14.517600007820874
282,9.399999999999977,SEARCH,0,0,0,0,2.0270468255688345,0.5250733573003852,-11.581766505537765,-3.4749374274470615,-11.564243022173926,-3.4681509811175264,14.165768611066913,1133.261488885353,nan,0,2.976700008730404,14.857999995001592
283,9.43333333333331,SEARCH,0,0,0,0,1.9526925762291174,0.44646973433864773,-11.485828054065726,-3.860029302403307,-11.491134952746174,-3.8695971366010826,14.119664722055456,1129.5731777644364,nan,0,3.561499994248152,16.248200001427904
284,9.466666666666644,SEARCH,0,0,0,0,1.8782612379300252,0.36782284988820135,-11.3773031332718,-4.241772185748868,-11.38324787790808,-4.243348168586801,14.040317738252256,1123.2254190601805,nan,0,3.615699999500066,15.562700005830266
285,9.499999999999977,SEARCH,0,0,0,0,1.8037557490933682,0.2891403245805094,-11.256333095867165,-4.619764005292199,-11.255094695467172,-4.611599320630524,13.948147690770346,1115.8518152616277,nan,0,3.523999999742955,17.533499994897284
286,9.53333333333331,SEARCH,0,0,0,0,1.7291790510682568,0.21042978250052033,-11.123071790593757,-4.993608892689716,-11.103626447159503,-4.988262989623965,13.84584065682846,1107.6672525462768,nan,0,3.7092999991727993,15.138900009333156
287,9.566666666666643,SEARCH,0,0,0,0,1.6545340880150377,0.13169885044790744,-10.977685264221812,-5.362917591351669,-10.96616725587531,-5.378069071766167,13.770971097505608,1101.6776878004487,nan,0,3.6636000004364178,18.21199999540113
288,9.599999999999977,SEARCH,0,0,0,0,1.579823806789045,0.05295515719807789,-10.820351456297061,-5.727307842012357,-10.825045088306256,-5.733109599899132,13.687925981602374,1095.0340785281899,nan,0,3.2158999965758994,16.2488000059966
289,9.63333333333331,SEARCH,0,0,0,0,1.5050511568242415,-0.025793667237045573,-10.651259886800633,-6.086404747831296,-10.65335650561598,-6.078706330622682,13.58177560544494,1086.5420484355955,nan,0,3.328999999212101,16.097400002763607
290,9.666666666666643,SEARCH,0,0,0,0,1.4302190900168374,-0.10453999234834122,-10.470611336945488,-6.439841120506354,-10.445984409092661,-6.418182794374123,13.450141076726023,1076.011286138082,nan,0,3.230499991332181,15.706100006354973
291,9.699999999999976,SEARCH,0,0,0,0,1.3553305606086818,-0.18327618786887445,-10.278617523381211,-6.787257808574352,-10.267151532207784,-6.798044314897166,13.37300442578962,1069.8403540631698,nan,0,2.9494000045815483,17.039500002283603
292,9.73333333333331,SEARCH,0,0,0,0,1.2803885250706908,-0.2619946245132249,-10.075500766116408,-7.128304008833096,-10.085611710841276,-7.13895665977855,13.284523634561817,1062.7618907649453,nan,0,3.0201999907149,16.336800006683916
293,9.766666666666643,SEARCH,0,0,0,0,1.2053959419861064,-0.34068767471675065,-9.861493650496948,-7.462637561628507,-9.869171916002974,-7.46340517771305,13.167351968740514,1053.388157499241,nan,0,3.53729999915231,16.895199994905852
294,9.799999999999976,SEARCH,0,0,0,0,1.1303557719337007,-0.41934771337468507,-9.63683868360054,-7.789925230600891,-9.633984516128253,-7.776375906459998,13.038285380794742,1043.0628304635793,nan,0,3.3183999912580475,16.557499999180436
295,9.833333333333309,SEARCH,0,0,0,0,1.0552709773709035,-0.4979671185809642,-9.401787945424765,-8.10984296736747,-9.394599372816334,-8.103033639770523,12.924272789114308,1033.9418231291447,nan,0,3.646799988928251,17.59920000040438
296,9.866666666666642,SEARCH,0,0,0,0,0.9801445225168224,-0.5765382723667756,-9.156602735257929,-8.422076161527391,-9.164910828635819,-8.433028450156534,12.83146858281069,1026.5174866248553,nan,0,3.090300000621937,15.991599997505546
297,9.899999999999975,SEARCH,0,0,0,0,0.9049793732352793,-0.6550535614387253,-8.90155321363063,-8.726319876305187,-8.90912708007826,-8.725024469967634,12.705948053627221,1016.4758442901777,nan,0,3.180400002747774,16.039499998441897
298,9.933333333333309,SEARCH,0,0,0,0,0.8297784969176483,-0.7335053779165214,-8.636918040251562,-9.022279070094989,-8.622485691009896,-9.012622558420917,12.565392137410617,1005.2313709928494,nan,0,3.0700000061187893,14.691399992443621
299,9.966666666666642,SEARCH,0,0,0,0,0.7545448623657675,-0.8118861200701661,-8.362984008334205,-9.30966880412728,-8.346780469955853,-9.299190975234092,12.444615964715359,995.5692771772287,nan,0,3.3010999904945493,14.454000003752299
300,9.999999999999975,SEARCH,0,0,0,0,0.6792814396747134,-0.8901881930565333,-8.080045675722216,-9.588214436449885,-8.068164984218662,-9.600059305492737,12.344216205743306,987.5372964594646,nan,0,3.299699994386174,14.058700005989522
301,10.033333333333308,SEARCH,0,0,0,0,0.6039912001155265,-0.9684040096552977,-7.7884049932209125,-9.857651802393013,-7.800833925247734,-9.86607994107866,12.239678197100123,979.1742557680099,nan,0,3.7452999968081713,13.876800003345124
302,10.066666666666642,SEARCH,0,0,0,0,0.5286771160179683,-1.0465259910040916,-7.488370930540294,-10.117727381673058,-7.490588780096095,-10.106071883896217,12.098925460469482,967.9140368375586,nan,0,3.384299998288043,15.799400003743358
303,10.099999999999975,SEARCH,0,0,0,0,0.4533421606531046,-1.1245465673328825,-7.18025910025222,-10.36819845227961,-7.176752142205329,-10.359024116286387,11.978894551361533,958.3115641089227,nan,0,3.464900000835769,15.602899991790764
304,10.133333333333308,SEARCH,0,0,0,0,0.3779893081159844,-1.2024581786974706,-6.864391380160319,-10.608833231284247,-6.859586643149907,-10.62045720743676,11.877761209743044,950.2208967794436,nan,0,3.2248000061372295,16.632900005788542
305,10.166666666666641,SEARCH,0,0,0,0,0.30262153320820123,-1.280253275712002,-6.541095534476534,-10.839411002706779,-6.542539751200656,-10.85029693267072,11.766136519931498,941.2909215945198,nan,0,3.2266999915009364,13.47600000735838
306,10.199999999999974,SEARCH,0,0,0,0,0.22724181132045795,-1.3579243202804905,-6.210704834192907,-11.05972223257424,-6.213368801965619,-11.05384748666168,11.640119892867972,931.2095914294378,nan,0,3.0854999931761995,15.700700008892454
307,10.233333333333308,SEARCH,0,0,0,0,0.15185311831510945,-1.4354637863272455,-5.873557677031136,-11.269568671309507,-5.857673525390253,-11.262154540952029,11.518605022676697,921.4884018141358,nan,0,3.2044999970821664,15.472800005227327
308,10.26666666666664,SEARCH,0,0,0,0,0.07645843040865336,-1.5128641605261035,-5.529997207346072,-11.46876344358939,-5.5178291786995715,-11.461776260412545,11.41389091522644,913.1112732181152,nan,0,3.912300002411939,15.85019999765791
309,10.299999999999974,SEARCH,0,0,0,0,0.0010607240542931868,-1.5901179430284595,-5.180370936352485,-11.657131125816118,-5.191579995288256,-11.657256003415563,11.327435118643095,906.1948094914476,nan,0,3.260299999965355,15.067400003317744
310,10.333333333333307,SEARCH,0,0,0,0,-0.07433702417564171,-1.6672176481899719,-4.825030363037236,-11.834507811351042,-4.842938606046958,-11.84082434003908,11.235739146449713,898.8591317159771,nan,0,3.269599998020567,13.937099996837787
311,10.36666666666664,SEARCH,0,0,0,0,-0.14973183770714754,-1.7441558052959103,-4.464330596111396,-12.000741163664834,-4.4626166802502745,-11.991500695838424,11.11796082790212,889.4368662321697,nan,0,3.052700005355291,13.668400002643466
312,10.399999999999974,SEARCH,0,0,0,0,-0.22512074008207733,-1.8209249592850234,-4.09862997734917,-12.155690457564306,-4.087467899901705,-12.154986108683282,11.032250242922757,882.5800194338206,nan,0,3.318500006571412,14.64569999370724
313,10.433333333333307,SEARCH,0,0,0,0,-0.30050075507566776,-1.897517671471922,-3.7282897066524705,-12.299226608662021,-3.7295755960057266,-12.309417491842215,10.962035036165796,876.9628028932636,nan,0,3.5146000009262934,19.22379998723045
314,10.46666666666664,SEARCH,0,0,0,0,-0.3758689068139769,-1.9739265202678724,-3.353673469171689,-12.431232191261127,-3.357793817349235,-12.434833246013909,10.877612132119319,870.2089705695454,nan,0,3.276999996160157,16.402399996877648
315,10.499999999999973,SEARCH,0,0,0,0,-0.45122221989144096,-2.0501441018999054,-2.975147064804907,-12.551601444834056,-2.976087875673295,-12.5398749202313,10.789318756103102,863.1455004882481,nan,0,3.3675000013317913,16.133600001921877
316,10.533333333333307,SEARCH,0,0,0,0,-0.52655771948828,-2.126163031128228,-2.59307804038923,-12.66024026927988,-2.593349709487139,-12.654813344946115,10.729590232650125,858.36721861201,nan,0,3.328000006149523,17.11529999738559
317,10.56666666666664,SEARCH,0,0,0,0,-0.6018724314879648,-2.2019759419618397,-2.2078353248892904,-12.757066209151283,-2.214827822775583,-12.762949147348358,10.683434847425046,854.6747877940036,nan,0,3.2208000047830865,13.978799994220026
318,10.599999999999973,SEARCH,0,0,0,0,-0.677163382594625,-2.277575488372253,-1.819788867879081,-12.842008427047968,-1.827097329461333,-12.848329450052422,10.633117482682744,850.6493986146195,nan,0,3.3371000026818365,22.87060000526253
319,10.633333333333306,SEARCH,0,0,0,0,-0.7524276004504247,-2.352954345005313,-1.42930928160452,-12.915007666379127,-1.431976388143656,-12.910049762290575,10.578943718751924,846.3154975001539,nan,0,3.191199997672811,13.56260001193732
320,10.66666666666664,SEARCH,0,0,0,0,-0.8276621137529315,-2.4281052078909964,-1.0367674869051529,-12.976016203703114,-1.0237917380286752,-12.965428281767421,10.539148181554667,843.1318545243734,nan,0,3.496300007100217,13.608099994598888
321,10.699999999999973,SEARCH,0,0,0,0,-0.9028639523723613,-2.503020795151153,-0.6425343632643441,-13.024997790857784,-0.6382125231835855,-13.024032849329528,10.524340122931143,841.9472098344914,nan,0,3.2887999986996874,15.38060000166297
322,10.733333333333306,SEARCH,0,0,0,0,-0.9780301474689022,-2.577693847705079,-0.2469804032482435,-13.061927587100005,-0.251279485914012,-13.071897281858563,10.519338013462123,841.5470410769698,nan,0,3.050500003155321,15.754000007291324
323,10.766666666666639,SEARCH,0,0,0,0,-1.0531577316098875,-2.6521171299729063,0.14952462841525538,-13.08679208147767,0.1471184910982052,-13.090035666780732,10.506702926790823,840.5362341432658,nan,0,3.0798999941907823,17.227400006959215
324,10.799999999999972,SEARCH,0,0,0,0,-1.1282437388869129,-2.7262834305767196,0.5466120308755937,-13.099589005662018,0.5611488679770681,-13.085505571893657,10.496072158349415,839.6857726679532,nan,0,3.5290999949211255,15.021800005342811
325,10.833333333333306,SEARCH,0,0,0,0,-1.2032852050330005,-2.8001855630392942,0.9439144980837431,-13.100327237472374,0.9738278501190945,-13.103725569367167,10.531037836648043,842.4830269318434,nan,0,3.3383999980287626,14.394800004083663
326,10.866666666666639,SEARCH,0,0,0,0,-1.278279167539537,-2.873816366480453,1.3410664443779197,-13.089026695329334,1.3387892047698744,-13.092495835237614,10.548481262747798,843.8785010198237,nan,0,3.245300002163276,14.52499999140855
327,10.899999999999972,SEARCH,0,0,0,0,-1.3532226657733144,-2.947168706310942,1.7377043245162587,-13.065718223876143,1.7399451033459812,-13.067047186048667,10.58204268053088,846.5634144424704,nan,0,3.275399998528883,15.08060000196565
328,10.933333333333305,SEARCH,0,0,0,0,-1.4281127410933245,-3.020235474923732,2.1334669479511703,-13.03044347101138,2.1321011297604553,-13.008369877119982,10.603676326753655,848.2941061402925,nan,0,3.5591999912867323,17.73490000050515
329,10.966666666666638,SEARCH,0,0,0,0,-1.5029464369676373,-3.093009592382733,2.527995787149152,-12.983254756579214,2.524104344827167,-12.975400759471713,10.671400713051328,853.7120570441064,nan,0,3.4657000069273636,16.209099994739518
330,10.999999999999972,SEARCH,0,0,0,0,-1.5777207990900854,-3.1654840071088124,2.9209352797690746,-12.924214932966306,2.9029087590372935,-12.939511888997501,10.752100365654249,860.1680292523399,nan,0,3.435699996771291,17.835899998317473
331,11.033333333333305,SEARCH,0,0,0,0,-1.6524328754968658,-3.2376516965630833,3.3119331245209542,-12.853397237856987,3.2876696775937835,-12.864230895686173,10.820149736119278,865.6119788895422,nan,0,3.2555999932810664,17.45159999700263
332,11.066666666666638,SEARCH,0,0,0,0,-1.7270797166831502,-3.3095056679273465,3.7006405705363123,-12.770885139400642,3.690088253684917,-12.76013650509801,10.893123153607636,871.4498522886108,nan,0,3.257500007748604,15.682400000514463
333,11.099999999999971,SEARCH,0,0,0,0,-1.8016583757194433,-3.3810389587816823,4.086712700090261,-12.676772174047219,4.107942679449417,-12.663666269108642,11.004115339893564,880.3292271914851,nan,0,3.0353999900398776,14.382000008481555
334,11.133333333333304,SEARCH,0,0,0,1,-1.8761659083679967,-3.452244637779095,4.469808704524293,-12.571161777308532,4.460519694512644,-12.579885585106107,11.111589161460008,888.9271329168006,nan,0,3.118900000117719,16.86090001021512
335,11.166666666666638,SEARCH,0,0,0,1,-1.950599373199009,-3.5231158053171217,4.849592153227797,-12.454167107704485,4.850911822189594,-12.461882683715821,11.232190696714248,898.5752557371399,nan,0,3.0297000048449263,17.047599991201423
336,11.19999999999997,SEARCH,0,0,0,1,-2.024955831706717,-3.5936455942063876,5.225731255544987,-12.325910864154576,5.220451220942474,-12.31647763759232,11.339476276076379,907.1581020861104,nan,0,3.571099994587712,16.6120000067167
337,11.233333333333304,SEARCH,0,0,0,1,-2.0992323484254807,-3.663827170336027,5.597899115482763,-12.186525097075993,5.611217220549838,-12.180590698879337,11.488528781216383,919.0823024973106,nan,0,3.4333000076003373,18.029599988949485
338,11.266666666666637,SEARCH,0,0,0,1,-2.173425991045579,-3.733653733335868,5.965773979103642,-12.036151013450322,5.978635099747312,-12.037944445527806,11.636895817210734,930.9516653768588,nan,0,3.86399999842979,16.85080000606831
339,11.29999999999997,SEARCH,0,0,0,1,-2.2475338305290626,-3.8031185172353763,6.329039474496478,-11.874938776121354,6.327158088613511,-11.874952156725618,11.776240478684835,942.0992382947868,nan,0,3.449800002272241,20.528599998215213
340,11.333333333333304,SEARCH,0,0,0,1,-2.321552941225301,-3.8722147911192533,6.687384844226187,-11.703047297586703,6.6759079226638764,-11.69539071564879,11.922935189933558,953.8348151946846,nan,0,3.4659000084502622,15.761699993163347
341,11.366666666666637,SEARCH,0,0,0,1,-2.395480400986555,-3.9409358597796507,7.040505170172042,-11.520644028545952,7.046728429724002,-11.51664352732291,12.105645553493716,968.4516442794973,nan,0,3.083500007051043,15.178500005276874
342,11.39999999999997,SEARCH,0,0,0,1,-2.4693132912833082,-4.009275064364895,7.388101590672423,-11.32790474146778,7.3973525929577075,-11.327240966575786,12.284287550247544,982.7430040198035,nan,0,3.0009000038262457,14.225199993234128
343,11.433333333333303,SEARCH,0,0,0,1,-2.543048697319452,-4.077225783024724,7.729881509902032,-11.125013309438103,7.7175863689476385,-11.137387897668109,12.454979769078536,996.398381526283,nan,0,3.038199996808544,16.644500006805174
344,11.466666666666637,SEARCH,0,0,0,1,-2.616683708147434,-4.144781431551921,8.06555879941571,-10.912161480550571,8.056972465326222,-10.916768085200536,12.640677962305947,1011.2542369844758,nan,0,3.1033000122988597,16.594399989116937
345,11.49999999999997,SEARCH,0,0,0,1,-2.6902154167830874,-4.2119354640203,8.394853991800872,-10.68954864809986,8.396773007565452,-10.672470035894838,12.831984229885284,1026.5587383908228,nan,0,3.7198999925749376,15.752999999676831
346,11.533333333333303,SEARCH,0,0,0,1,-2.763640920320473,-4.278681373418979,8.717494466388475,-10.457381616837138,8.731226896820736,-10.453024508985473,13.048160762700075,1043.852861016006,nan,0,3.278199990745634,21.13340000505559
347,11.566666666666636,SEARCH,0,0,0,1,-2.8369573200464457,-4.345012692282909,9.033214626980044,-10.215874365545794,9.043971007472315,-10.227149948699289,13.257299748702952,1060.583979896236,nan,0,3.00319999223575,15.94350000959821
348,11.59999999999997,SEARCH,0,0,0,1,-2.9101617215550615,-4.4109229933195255,9.341756071555963,-9.965247806194036,9.332653611125846,-9.977663345617195,13.448982319120875,1075.9185855296698,nan,0,3.424299997277558,21.088100009365007
349,11.633333333333303,SEARCH,0,0,0,1,-2.983251234861916,-4.47640589003155,9.64286775393761,-9.705729539919265,9.643769760936562,-9.709012225633554,13.668278175824408,1093.4622540659527,nan,0,3.4010999952442944,17.800900008296594
350,11.666666666666636,SEARCH,0,0,0,1,-3.0562229745181515,-4.541455037335812,9.93630613738327,-9.437553610097327,9.95509950169027,-9.424586682473539,13.897463338452523,1111.797067076202,nan,0,2.9073999903630465,17.355700008920394
351,11.699999999999969,SEARCH,0,0,0,1,-3.129074059724446,-4.606064132178077,10.221835340104889,-9.16096025274772,10.224473799198776,-9.165279652636213,14.110410574555912,1128.8328459644729,nan,0,3.0306999979075044,16.870299994479865
352,11.733333333333302,SEARCH,0,0,0,1,-3.201801614444705,-4.67022691414378,10.499227272699873,-8.876195644523584,10.484846945472295,-8.885519721535005,14.321069871162639,1145.6855896930113,nan,0,3.165600006468594,14.620399990235455
353,11.766666666666636,SEARCH,0,0,0,1,-3.274402767519579,-4.733937166064645,10.768261767498867,-8.583511648533015,10.768523036579813,-8.5767023627037,14.5592104695255,1164.73683756204,nan,0,3.0661000055260956,15.41690000158269
354,11.799999999999969,SEARCH,0,0,0,1,-3.3468746527798756,-4.797188714621116,11.028726699837375,-8.283165558235723,11.044877510714434,-8.28403570213386,14.8081272364121,1184.6501789129682,nan,0,3.03949999215547,16.377700012526475
355,11.833333333333302,SEARCH,0,0,0,1,-3.419214409159639,-4.859975430940522,11.280418101265575,-7.9754198396562845,11.29550567214364,-7.979605546899428,15.041777791587927,1203.3422233270342,nan,0,3.2749000092735514,14.244899997720495
356,11.866666666666635,SEARCH,0,0,0,1,-3.491419180809171,-4.9222912311909415,11.523140264717183,-7.6605418721526215,11.516949765440307,-7.6753616363304085,15.258785504829683,1220.7028403863746,nan,0,3.32620000699535,18.3785999979591
357,11.899999999999968,SEARCH,0,0,0,1,-3.5634861172077015,-4.984130077170728,11.756705841664518,-7.338803687975173,11.73947476283903,-7.348520629700199,15.484539204675459,1238.7631363740365,nan,0,3.184400004101917,16.8615000002319
358,11.933333333333302,SEARCH,0,0,0,1,-3.63541237327599,-5.045485976893565,11.980935931293075,-7.010481710849321,11.988398138218882,-7.006593725770384,15.746409066888944,1259.7127253511155,nan,0,3.0563000036636367,16.968800002359785
359,11.966666666666635,SEARCH,0,0,0,1,-3.7071951094886155,-5.106352985169089,12.195660161734937,-6.6758564938102944,12.210992834108213,-6.67284835706356,15.995080967529931,1279.6064774023944,nan,0,3.099199995631352,17.325499997241423
360,11.999999999999968,SEARCH,0,0,0,1,-3.7788314919860433,-5.166725204178947,12.400716763406164,-6.3352124565164925,12.403303537368704,-6.348373178192584,16.225220677783106,1298.0176542226486,nan,0,3.226200002245605,15.577799989841878
361,12.033333333333301,SEARCH,0,0,0,1,-3.8503186926865727,-5.226596784048295,12.59595263449902,-5.988837622263745,12.58525966033783,-5.9955713381418665,16.453557598988972,1316.2846079191177,nan,0,3.223100007744506,15.815799997653812
362,12.066666666666634,SEARCH,0,0,0,1,-3.9216538893979065,-5.285961923412609,12.781223398685432,-5.637023354919341,12.777301650942649,-5.6275667501088105,16.70244922147326,1336.195937717861,nan,0,3.253800008678809,14.54649999504909
363,12.099999999999968,SEARCH,0,0,0,1,-3.992834265928634,-5.34481486997983,12.956393455093451,-5.280064095991145,12.966413115733815,-5.271894053700282,16.95940415220628,1356.7523321765023,nan,0,3.2906999986153096,15.608800007612444
364,12.1333333333333,SEARCH,0,0,0,1,-4.06385701219938,-5.403149921087751,13.121336020623676,-4.918257102043229,13.123532655624665,-4.93558987284734,17.19374816589842,1375.4998532718737,nan,0,3.396699990844354,15.684300000430085
365,12.166666666666634,SEARCH,0,0,0,1,-4.134719324353712,-5.46096142425657,13.275933164677713,-4.5519021826656285,13.273974154371189,-4.571634383462219,17.431394414150777,1394.511553132062,nan,0,3.1306000018958002,16.958500011241995
366,12.199999999999967,SEARCH,0,0,0,1,-4.205418404868902,-5.518243777736602,13.420075836375611,-4.181301439201846,13.418942269183303,-4.1786247905666105,17.675199240740238,1414.015939259219,nan,0,3.1691000040154904,18.924199990578927
367,12.2333333333333,SEARCH,0,0,0,1,-4.275951462666288,-5.574991431051087,13.553663884343951,-3.806759004433702,13.561441867267146,-3.798364330818466,17.92565214043926,1434.052171235141,nan,0,3.5268999927211553,17.505100011476316
368,12.266666666666634,SEARCH,0,0,0,1,-4.346315713221539,-5.631198885533989,13.676606069160867,-3.4285807834190583,13.689664890095504,-3.429607238463683,18.1698542125048,1453.5883370003837,nan,0,3.1037000007927418,15.860699990298599
369,12.299999999999967,SEARCH,0,0,0,1,-4.416508378674507,-5.686860694862811,13.788820068548686,-3.0470741956736025,13.779306382865391,-3.0591475826272103,18.3845737246336,1470.7658979706882,nan,0,3.5736999998334795,16.16489999287296
370,12.3333333333333,SEARCH,0,0,0,1,-4.486526687938958,-5.741971465586329,13.89023247540916,-2.6625479188837557,13.883089570126753,-2.664985812428447,18.62553736616293,1490.0429892930345,nan,0,3.0052000074647367,14.12720000371337
371,12.366666666666633,SEARCH,0,0,0,1,-4.556367876811943,-5.7965258576471985,13.980778788800317,-2.2753116343333835,13.983838518221125,-2.267475826158073,18.873087910969378,1509.8470328775502,nan,0,3.1858999864198267,14.564600001904182
372,12.399999999999967,SEARCH,0,0,0,1,-4.626029188082893,-5.8505185848993815,14.060403397957955,-1.88567577422255,14.06650232513817,-1.8886975184719232,19.107767021165788,1528.6213616932632,nan,0,2.8901000041514635,21.203799988143146
373,12.4333333333333,SEARCH,0,0,0,1,-4.695507871642539,-5.903944415620366,14.129059559468564,-1.4939512710522367,14.115651588540338,-1.509578985145423,19.317612890131663,1545.4090312105332,nan,0,3.426400013267994,15.948299987940118
374,12.466666666666633,SEARCH,0,0,0,1,-4.7648011845914,-5.956798173018101,14.186709367704077,-1.1004493092442644,14.173315806026627,-1.0992306136950165,19.55116972827261,1564.0935782618087,nan,0,3.323700002511032,19.937200006097555
375,12.499999999999966,SEARCH,0,0,0,1,-4.8339063913481395,-6.009074735732608,14.233323718632349,-0.7054810791613026,14.236852969721959,-0.694530520636834,19.797430207530745,1583.7944166024595,nan,0,3.3178000012412667,15.063900005770847
376,12.5333333333333,SEARCH,0,0,0,1,-4.902820763757531,-6.060769038332226,14.268882267120555,-0.30935753368717567,14.28207926954049,-0.30226859368275066,20.030494668346726,1602.439573467738,nan,0,3.6330000002635643,14.398800005437806
377,12.566666666666633,SEARCH,0,0,0,0,-4.971541581198134,-6.111876071804441,14.293373377851866,0.08761085247698736,14.29676212688859,0.07707782712492248,20.237852607184923,1619.0282085747938,nan,0,3.3774000039556995,13.912399997934699
378,12.599999999999966,SEARCH,0,0,0,0,-5.040066130689764,-6.162390884041232,14.306794069978764,0.48511432064974186,14.294432613672841,0.47766688154052855,20.442925642530273,1635.4340514024218,nan,0,3.0131000094115734,16.357199987396598
379,12.633333333333299,SEARCH,0,0,0,0,-5.10839170700052,-6.212308580318925,14.309149955639198,0.8828440629932368,14.301225440219083,0.8895636852965171,20.668087175129656,1653.4469740103727,nan,0,3.208099995390512,18.074899999191985
380,12.666666666666632,SEARCH,0,0,0,0,-5.1765156127536605,-6.261624323772468,14.300455172464506,1.280492454182402,14.308267392271071,1.293011027400303,20.898068907008845,1671.8455125607077,nan,0,3.4174000029452145,18.286399994394742
381,12.699999999999966,SEARCH,0,0,0,0,-5.2444351585340145,-6.310333335864116,14.28073231021055,1.6777532797826753,14.285789140878128,1.6655160542781724,21.096062065693246,1687.6849652554597,nan,0,3.470799987553619,17.07130001159385
382,12.733333333333299,SEARCH,0,0,0,0,-5.312147662994221,-6.35843089684645,14.250012331645898,2.07432196120402,14.244340490309254,2.0625058856060274,21.292449487655485,1703.3959590124387,nan,0,3.062200004933402,19.045699998969212
383,12.766666666666632,SEARCH,0,0,0,0,-5.379650452960556,-6.405912346219701,14.208334487833206,2.469895777103977,14.205508169348912,2.476634967642146,21.505303649193547,1720.4242919354836,nan,0,3.1768000044394284,15.47299999219831
384,12.799999999999965,SEARCH,0,0,0,0,-5.446940863538435,-6.452773083183358,14.155746227941943,2.864174081117089,14.163127386976786,2.8770512615702377,21.71636247380813,1737.3089979046501,nan,0,3.370199992787093,16.970700002275407
385,12.833333333333298,SEARCH,0,0,0,0,-5.514016238217688,-6.499008567081944,14.09230310373267,3.256858515792856,14.103862405421253,3.265374687888171,21.91356526963346,1753.0852215706766,nan,0,3.226899993023835,17.249600001377985
386,12.866666666666632,SEARCH,0,0,0,0,-5.580873928977355,-6.544614317845007,14.01806866885482,3.6476532226290894,14.01431304598019,3.6314125820970347,22.0799202003062,1766.3936160244962,nan,0,3.4297999955015257,23.98919999541249
387,12.899999999999965,SEARCH,0,0,0,0,-5.6475112963902925,-6.589585916421222,13.933114373101658,4.036265048092386,13.935736857476055,4.036679227457118,22.280509849729953,1782.4407879783962,nan,0,3.632200008723885,16.534199996385723
388,12.933333333333298,SEARCH,0,0,0,0,-5.713925709727346,-6.633919005206579,13.837519451767568,4.422403745522084,13.837045372845006,4.433552873373236,22.466183566746164,1797.294685339693,nan,0,3.509899994242005,15.66070000990294
389,12.966666666666631,SEARCH,0,0,0,0,-5.780114547061179,-6.677609288466627,13.731370810254273,4.805782172818855,13.734268728948837,4.803806189290063,22.641423453835458,1811.3138763068366,nan,0,3.259799996158108,16.148399998201057
390,12.999999999999964,ACQUIRING,0,0,0,0,-5.846075195369843,-6.720652532752707,13.614762904073814,5.1861164858237885,13.608752571192236,5.174735363953942,22.803301880203882,1824.2641504163105,2113.710729615198,1,3.9975000108825043,15.93239999783691
391,13.033333333333298,ACQUIRING,0,0,0,0,-5.911805050639869,-6.76304456731218,13.587043886782244,5.4775619099398325,13.56955299032792,5.473187759241855,23.005405727128274,1840.432458170262,2119.9407161386225,0,3.617800000938587,17.252599995117635
392,13.066666666666631,ACQUIRING,0,0,0,0,-5.977301517969128,-6.804781284492535,13.648213758379562,5.680118445166988,13.645306218012033,5.684034223768131,23.259777452924176,1860.782196233934,2126.130092438809,0,3.4648000000743195,17.97420000366401
393,13.099999999999964,ACQUIRING,0,0,0,0,-6.042562011669246,-6.845858640139418,13.798272518865769,5.793786091505255,13.817392918914916,5.798011400683842,23.543263568461832,1883.4610854769467,2132.278495310507,0,3.817500008153729,15.606899993144907
394,13.133333333333297,ACQUIRING,0,0,0,0,-6.107583955367659,-6.8862726539885015,14.037220168240864,5.818564848954632,14.040036180160389,5.815829563374125,23.817430547098564,1905.394443767885,2138.3855667825032,0,3.4712000051513314,14.818399999057874
395,13.16666666666663,SEARCH,0,0,0,0,-6.17236478210938,-6.926019410051155,14.36505670650485,5.7584487864757605,14.358310418446186,5.742250809764592,24.12454547868162,1929.9636382945296,nan,0,3.417300002183765,14.874000000418164
396,13.199999999999964,SEARCH,0,0,0,0,-6.236901934458276,-6.965095056993888,14.604004355879947,5.787221612885778,14.595271978772692,5.798625237813374,24.431373799178292,1954.5099039342635,nan,0,3.220400001737289,14.876100001856685
397,13.233333333333297,SEARCH,0,0,0,0,-6.301192864598097,-7.003495808511548,14.754063116366154,5.904883328184685,14.759959183805458,5.924849655184096,24.71263324768595,1977.0106598148761,nan,0,3.595700007281266,18.76079999783542
398,13.26666666666663,SEARCH,0,0,0,0,-6.365235034432983,-7.041217943694179,14.815232987963473,6.11143393237248,14.817918866514367,6.11174255048093,24.934441621029976,1994.755329682398,nan,0,3.384299998288043,17.05019999644719
399,13.299999999999963,SEARCH,0,0,0,0,-6.429025915687738,-7.078257807387581,14.787513970671903,6.406873425449164,14.781353280932523,6.392358888124177,25.12643428387366,2010.1147427098927,nan,0,3.541199999745004,17.67380000092089
400,13.333333333333297,SEARCH,0,0,0,0,-6.492562990007606,-7.1146118105474745,14.670906064491444,6.791201807414737,14.666225232628047,6.785063183027191,25.315909700766237,2025.272776061299,nan,0,3.2442999945487827,16.816600007587112
401,13.36666666666663,SEARCH,0,0,0,0,-6.555843749057669,-7.150276430587275,14.465409269422096,7.195767486262228,14.474253628771587,7.205791059407999,25.46294699162452,2037.0357593299618,nan,0,3.498499994748272,15.374000009614974
402,13.399999999999963,SEARCH,0,0,0,0,-6.61886569462193,-7.185248211719416,14.171023585463859,7.585760012871128,14.182389509318135,7.585044835016675,25.511835973639847,2040.9468778911876,nan,0,3.4045999927911907,15.206700001726858
403,13.433333333333296,SEARCH,0,0,0,0,-6.6816263387018715,-7.219523765290201,13.787749012616732,7.96285829792465,13.781912839337302,7.948964247686598,25.472327421948805,2037.7861937559042,nan,0,3.477899997960776,18.470800001523457
404,13.46666666666663,SEARCH,0,0,0,0,-6.744123203614738,-7.253099770108163,13.315585550880717,8.328360092474483,13.29685209418962,8.32650916029836,25.384343704567332,2030.7474963653865,nan,0,3.291799992439337,19.274100006441586
405,13.499999999999963,SEARCH,0,0,0,0,-6.806353822091324,-7.285972972765865,12.86078570426411,8.683259332237025,12.870551094475482,8.694857061515215,25.348915473451544,2027.9132378761235,nan,0,3.046600002562627,19.94149999518413
406,13.533333333333296,SEARCH,0,0,0,0,-6.868315737373348,-7.318140187955154,12.44509765712716,9.028308037215904,12.455528729118186,9.033068512963034,25.313494246076303,2025.0795396861045,nan,0,3.133099991828203,19.43470000696834
407,13.56666666666663,SEARCH,0,0,0,0,-6.930006503310512,-7.349598298775802,11.940520721101322,9.284467853305893,11.938982978593582,9.275562334459632,25.14825501201005,2011.860400960804,nan,0,3.340700000990182,15.837300001294352
408,13.599999999999962,SEARCH,0,0,0,0,-6.991423684456986,-7.380344257037521,11.347054896186595,9.451738780506993,11.335921703161839,9.447464497066415,24.881051754734365,1990.4841403787493,nan,0,3.4192000020993873,15.130699990550056
409,13.633333333333296,SEARCH,0,0,0,0,-7.052564856167642,-7.41037508355534,10.664700182382978,9.530120818819205,10.668439267329385,9.5406054308665,24.522840935448475,1961.8272748358781,nan,0,3.222200000891462,16.55190000019502
410,13.666666666666629,SEARCH,0,0,0,0,-7.113427604693692,-7.439687868438253,9.893456579690472,9.519613968242528,9.904983236675823,9.531897268025864,24.034579455648757,1922.7663564519005,nan,0,3.1352999940281734,14.463900006376207
411,13.699999999999962,SEARCH,0,0,0,0,-7.174009527278049,-7.468279771371197,9.060123246357138,9.420218228776962,9.06145978720678,9.418489255173327,23.42548680427884,1874.0389443423073,nan,0,3.362400006153621,14.881299997796305
412,13.733333333333295,SEARCH,0,0,0,0,-7.23430823225015,-7.496148021890262,8.226789913023804,9.231933600422508,8.215352778020739,9.225926620041266,22.766637996476643,1821.3310397181313,nan,0,3.3666000090306625,14.451399998506531
413,13.766666666666628,SEARCH,0,0,0,0,-7.294321339120351,-7.523289919651142,7.393456579690471,8.954760083179163,7.379232615960579,8.960770534619371,22.06892463924593,1765.5139711396746,nan,0,3.3965999900829047,17.406400002073497
414,13.799999999999962,SEARCH,0,0,0,0,-7.354046478673972,-7.549702834690789,6.560123246357138,8.58869767704693,6.566490458055552,8.591863340094742,21.315053534575778,1705.2042827660623,nan,0,3.110799996647984,17.03839999390766
415,13.833333333333295,SEARCH,0,0,0,0,-7.413481293064752,-7.575384207682245,5.726789913023805,8.133746382025809,5.739987483620185,8.128887334104636,20.485064938081177,1638.8051950464942,nan,0,3.3863999997265637,15.790799996466376
416,13.866666666666628,SEARCH,0,0,0,0,-7.472623435907993,-7.600331550182644,4.893456579690472,7.5899061981157985,4.885758473074782,7.567478856038261,19.565072857705793,1565.2058286164636,nan,0,3.530200003297068,18.846999999368563
417,13.899999999999961,SEARCH,0,0,0,0,-7.531470572373175,-7.624542444874319,4.060123246357139,6.957177125316899,4.051998670177273,6.96050107252687,18.625258497470544,1490.0206797976437,nan,0,3.117300002486445,15.64059998781886
418,13.933333333333294,SEARCH,0,0,0,0,-7.590020379276094,-7.648014545799039,3.2267899130238056,6.235559163629111,3.228492230368195,6.247649492667415,17.61049954302723,1408.8399634421785,nan,0,3.1970999989425763,16.82980000623502
419,13.966666666666628,SEARCH,0,0,0,0,-7.648270545170643,-7.670745578585328,2.4542668243290615,5.425052313052433,2.467404419213652,5.429548857275185,16.551271681998006,1324.1017345598407,nan,0,3.3660999906715006,16.90450000751298
420,13.999999999999961,SEARCH,0,0,0,0,-7.70621877044,-7.692733340668843,1.7706326245232065,4.6140324218253586,1.7609364404616246,4.602077641451785,15.517390401526146,1241.3912321220917,nan,0,3.3820000098785385,15.28859999962151
421,14.033333333333294,SEARCH,0,0,0,0,-7.763862767387457,-7.713975701505786,1.170245937392938,3.8919014194871737,1.1623260221431266,3.8974441706134613,14.645883986737955,1171.6707189390363,nan,0,3.4521000052336603,24.166500006685965
422,14.066666666666627,SEARCH,0,0,0,0,-7.82120026032673,-7.734470602779367,0.6301824302164124,3.2586593060378775,0.6307839582840027,3.2748474523079687,13.87952165132923,1110.3617321063384,nan,0,3.3069999917643145,14.400600004591979
423,14.09999999999996,SEARCH,0,0,0,0,-7.878228985671756,-7.7542160585992255,0.14180170262674363,2.71430608147747,0.16026548509624042,2.7161951611274113,13.200261530240418,1056.0209224192336,nan,0,3.2455000036861748,15.994499990483746
424,14.133333333333294,SEARCH,0,0,0,0,-7.934946692026125,-7.773210155693872,-0.2990544666632459,2.258841745805952,-0.29100007306718,2.2613954102803357,12.614405605424873,1009.1524484339897,nan,0,3.4688000014284626,18.546100007370114
425,14.166666666666627,SEARCH,0,0,0,0,-7.991351140271889,-7.791451053596073,-0.6930227077691967,1.8717580435782224,-0.706899582797915,1.8625137129391216,12.093893922417541,967.5115137934033,nan,0,3.4100000048056245,18.48450000397861
426,14.19999999999996,SEARCH,0,0,0,0,-8.04744010365803,-7.8089369848211865,-1.038097107416366,1.4852761205250045,-1.0327970848856822,1.4849941595012852,11.643984403812075,931.518752304966,nan,0,3.547700005583465,17.44739999412559
427,14.233333333333293,SEARCH,0,0,0,0,-8.103211367888292,-7.825666255038425,-1.3303698098939853,1.0918634706820027,-1.3201376369750393,1.1073021353627175,11.216417141980385,897.3133713584308,nan,0,3.0193000129656866,14.738599988049828
428,14.266666666666627,SEARCH,0,0,0,0,-8.158662731208672,-7.841637243235032,-1.5655229329877904,0.6919117196705955,-1.5625106760098717,0.6937865684140799,10.787153543904434,862.9722835123548,nan,0,2.9633999947691336,14.840000003459863
429,14.29999999999996,SEARCH,0,0,0,0,-8.2137920044943,-7.856848401873354,-1.7410133125322045,0.28811195984607624,-1.7457178697962066,0.2748390526607819,10.39039575137436,831.2316601099488,nan,0,2.9307999939192086,15.032200011773966
430,14.333333333333293,SEARCH,0,0,0,0,-8.268597011335848,-7.871298257040792,-1.855913993017118,-0.11539506472234201,-1.8636865950791874,-0.11960896306350766,10.055424623089525,804.4339698471621,nan,0,3.154899997753091,17.811899990192614
431,14.366666666666626,SEARCH,0,0,0,0,-8.3230755881255,-7.884985408592611,-1.9107214594141775,-0.5136550619908904,-1.9052979650186423,-0.48465612439690464,9.795547107445078,783.6437685956063,nan,0,3.014500005519949,15.81159999477677
432,14.39999999999996,SEARCH,0,0,0,0,-8.377225584142314,-7.897908530287621,-1.9071510433886778,-0.9013712551251587,-1.8919161254995462,-0.890370968617647,9.548027097394357,763.8421677915486,nan,0,2.6747999945655465,16.6148999996949
433,14.433333333333293,SEARCH,0,0,0,0,-8.431044861637174,-7.91006636991668,-1.847934249310412,-1.2732478659665845,-1.8585486951402954,-1.2791168281363297,9.336337487701117,746.9069990160893,nan,0,2.920400002039969,16.07460000377614
434,14.466666666666626,SEARCH,0,0,0,0,-8.484531295917165,-7.921457749424029,-1.7366261802180347,-1.6242350618570682,-1.7448708804785773,-1.6235754192034932,9.22422594913708,737.9380759309664,nan,0,3.021300013642758,15.813099991646595
435,14.49999999999996,SEARCH,0,0,0,0,-8.537682775429431,-7.9320815650214405,-1.5774276444241353,-1.9496979846846567,-1.5723487429060254,-1.9364020793740173,9.190432562139941,735.2346049711953,nan,0,3.054599990718998,18.97879999887664
436,14.533333333333292,SEARCH,0,0,0,0,-8.590497201844585,-7.9419367872951785,-1.3750241923934565,-2.245527525682285,-1.3591372414127865,-2.2311501906907387,9.214426212700012,737.1540970160011,nan,0,3.1893999985186383,17.103700010920875
437,14.566666666666626,SEARCH,0,0,0,0,-8.642972490139488,-7.951022461305736,-1.1344428349502806,-2.508206659630399,-1.1399476903492995,-2.5165877293801318,9.264365169930745,741.1492135944595,nan,0,3.0692000000271946,17.425900005036965
438,14.599999999999959,SEARCH,0,0,0,0,-8.695106568679629,-7.959337706680373,-0.8609262476180716,-2.7348431462827274,-0.8671058485250792,-2.7412835724433458,9.407745969283411,752.619677542673,nan,0,3.0157000001054257,15.650999994250014
439,14.633333333333292,SEARCH,0,0,0,0,-8.746897379300838,-7.96688171769842,-0.5598236881035187,-2.9231770519725386,-0.5762892916621647,-2.912908098022566,9.607366229626408,768.5892983701126,nan,0,3.0501000001095235,14.97899999958463
440,14.666666666666625,SEARCH,0,0,0,0,-8.7983428773906,-7.973653763369345,-0.23649752204751762,-3.071569695137469,-0.23342467583365198,-3.0677518203530165,9.87044566743837,789.6356533950695,nan,0,2.948699999251403,14.058400003705174
441,14.699999999999958,SEARCH,0,0,0,0,-8.849441031968745,-7.979653187503593,0.10375591643241128,-3.178979165059585,0.10180885876389346,-3.1902881578594275,10.151989558383102,812.1591646706482,nan,0,2.9672999953618273,13.563500004238449
442,14.733333333333292,SEARCH,0,0,0,0,-8.90018982576761,-7.984879408776161,0.4557724642754952,-3.2449264180534496,0.4451209403989739,-3.272411495384845,10.466240354156394,837.2992283325116,nan,0,2.936199991381727,17.46879999700468
443,14.766666666666625,SEARCH,0,0,0,0,-8.950587255311728,-7.989331920782929,0.8145745963581739,-3.2694550533942577,0.814944000082743,-3.281354441444926,10.841155503268096,867.2924402614477,nan,0,2.997699994011782,16.399500003899448
444,14.799999999999958,SEARCH,0,0,0,0,-9.00063133099686,-7.99301029208973,1.1754154964597712,-3.2530871607877865,1.1812432784561588,-3.2428443664002,11.235419301664088,898.833544133127,nan,0,2.861400003894232,17.518499997095205
445,14.833333333333291,SEARCH,0,0,0,0,-9.050320077168593,-7.995914166274155,1.5338139332778278,-3.1967770716831696,1.5405301080102851,-3.2024349192223522,11.625125846063765,930.0100676851013,nan,0,2.9193999944254756,16.48580000619404
446,14.866666666666625,SEARCH,0,0,0,0,-9.099651532200316,-7.998043261960087,1.8855810533745285,-3.1018644064407708,1.876279462502278,-3.120475698707144,12.010900321565005,960.8720257252004,nan,0,3.0441999988397583,18.955799998366274
447,14.899999999999958,SEARCH,0,0,0,0,-9.14862374857064,-7.999397372844966,2.226840108483891,-2.970027463274835,2.222062323262729,-2.962976844707017,12.43615830875575,994.89266470046,nan,0,3.2402999931946397,17.186199998832308
448,14.933333333333291,SEARCH,0,0,0,0,-9.197234792940332,-7.999976367719778,2.554040039966602,-2.8032377232657026,2.565517217492911,-2.7877236647670363,12.865842883324413,1029.267430665953,nan,0,3.218899990315549,16.085100010968745
449,14.966666666666624,SEARCH,0,0,0,0,-9.245482746228577,-7.9997801904817765,2.863963751634801,-2.603716032998816,2.8886542961082706,-2.589834559606947,13.285510659783947,1062.8408527827157,nan,0,2.9645000031450763,17.005799993057735
450,14.999999999999957,SEARCH,0,0,0,0,-9.293365703688812,-7.998808860139904,3.1537318156404504,-2.3738908602196696,3.1399809383719175,-2.384853882675478,13.642015951121023,1091.3612760896817,nan,0,3.00319999223575,16.04869999573566
451,15.03333333333329,SEARCH,0,0,0,0,-9.340881774983849,-7.997062470812965,3.4208022756927026,-2.1163588885486013,3.3993399207786132,-2.119540658451746,14.03062762359398,1122.4502098875184,nan,0,3.0697000038344413,17.694599999231286
452,15.066666666666624,SEARCH,0,0,0,0,-9.388029084260559,-7.994541191720496,3.6629671380061586,-1.8338481170596916,3.6547513035752,-1.811080186419073,14.434310175737405,1154.7448140589925,nan,0,3.166599999531172,18.217799995909445
453,15.099999999999957,SEARCH,0,0,0,0,-9.434805770223914,-7.991245267166376,3.87834607315228,-1.5291835532810454,3.880945421151314,-1.5147515813664707,14.807234726741413,1184.578778139313,nan,0,3.2540999964112416,18.373900005826727
454,15.13333333333329,SEARCH,0,0,0,0,-9.481209986210425,-7.987175016515146,4.0653777912074975,-1.2052555290753295,4.055500924074746,-1.2098978988487872,15.138494885498941,1211.0795908399155,nan,0,3.750499992747791,17.123500001616776
455,15.166666666666623,SEARCH,0,0,0,0,-9.52723990026112,-7.982330834161073,4.222809497927557,-0.8649906240706136,4.21517633533147,-0.8697071405528902,15.47395940925125,1237.9167527401,nan,0,3.55590000981465,18.12939999217633
456,15.199999999999957,SEARCH,0,0,0,0,-9.572893695193795,-7.976713189489925,4.349684790706989,-0.511325147789409,4.347011440091904,-0.501790503116412,15.799943928464259,1263.9955142771407,nan,0,3.152300007059239,15.34499999252148
457,15.23333333333329,SEARCH,0,0,0,0,-9.618169568674803,-7.9703226268334975,4.445330309344719,-0.1471811069566799,4.4593636680048245,-0.12524538350174289,16.11589833002372,1289.2718664018978,nan,0,3.5197999968659133,19.166300000506453
458,15.266666666666623,SEARCH,0,0,0,0,-9.663065733290189,-7.963159765416864,4.509341417662268,0.22455543325560712,4.5184128781104675,0.22434093983888115,16.375271094066736,1310.0216875253388,nan,0,2.8597000055015087,16.57770000747405
459,15.299999999999956,SEARCH,0,0,0,0,-9.707580416616238,-7.955225299298378,4.5415671573513245,0.6010536975830569,4.532082668693885,0.5953874590424698,16.60966535864721,1328.7732286917767,nan,0,3.2879999926080927,17.452200001571327
460,15.33333333333329,SEARCH,0,0,0,0,-9.751711861289486,-7.946519997302416,4.5420946846270125,0.9795553702203681,4.535119362800481,0.9839742774750753,16.848361178983122,1347.8688943186498,nan,0,3.8142999983392656,16.30630000727251
461,15.366666666666623,SEARCH,0,0,0,0,-9.795458325076048,-7.937044702944891,4.511233372926037,1.357389701947516,4.51873418743162,1.3615088886606714,17.06924738180015,1365.539790544012,nan,0,2.8695999935735017,14.885399999911897
462,15.399999999999956,SEARCH,0,0,0,0,-9.838818080940447,-7.926800334351506,4.44949874064215,1.7319866734563005,4.454903359993215,1.7293422037414292,17.24968293467954,1379.9746347743633,nan,0,2.942899998743087,13.741000002482906
463,15.43333333333329,SEARCH,0,0,0,0,-9.881789417113772,-7.915787884168799,4.357596341395965,2.1008883338119055,4.348914436691649,2.0931417126197682,17.39803448232537,1391.8427585860295,nan,0,3.0965000041760504,15.167399993515573
464,15.466666666666622,SEARCH,0,0,0,0,-9.924370637161237,-7.904008419467958,4.236405735286265,2.4617584318219294,4.231889311918611,2.453524019649468,17.540757508536853,1403.260600682948,nan,0,3.263699996750802,16.35859999805689
465,15.499999999999956,SEARCH,0,0,0,0,-9.966560060049199,-7.891463081641422,4.086964642691263,2.812390455820742,4.080319939640828,2.821716010057264,17.66598550821611,1413.2788406572886,nan,0,3.3346999989589676,16.37690000643488
466,15.533333333333289,SEARCH,0,0,0,0,-10.008356020211467,-7.8781530862922855,3.910453367236221,3.150714194300046,3.9117014520869677,3.1526458218027016,17.76081429954497,1420.8651439635976,nan,0,3.0046000028960407,15.406799997435883
467,15.566666666666622,SEARCH,0,0,0,0,-10.049756867615113,-7.864079723116509,3.7081795613006356,3.474800926154918,3.7062990441038854,3.4622028270587095,17.818915529648343,1425.5132423718674,nan,0,3.0089000065345317,18.192200004705228
468,15.599999999999955,SEARCH,0,0,0,0,-10.09076096782556,-7.849244355777958,3.4815633957108076,3.782867345246589,3.4690928774756973,3.77429235711789,17.85990599140905,1428.792479312724,nan,0,3.125600007479079,14.973399986047298
469,15.633333333333288,SEARCH,0,0,0,0,-10.131366702071148,-7.833648421776254,3.2321231848811403,4.073278319647891,3.2274462748674475,4.07339603542735,17.89512760107192,1431.6102080857536,nan,0,3.240300007746555,17.737499991199
470,15.666666666666622,SEARCH,0,0,0,0,-10.171572467307021,-7.817293432307504,2.961461509478756,4.344548581442741,2.9655032744676,4.346008981272437,17.903314906723917,1432.2651925379134,nan,0,3.147499999613501,16.352499995264225
471,15.699999999999955,SEARCH,0,0,0,0,-10.211376676278402,-7.800180972117856,2.671251870557441,4.59534343838077,2.6671401382545548,4.5876202695450115,17.869354071850278,1429.5483257480223,nan,0,3.0291000002762303,15.304000000469387
472,15.733333333333288,SEARCH,0,0,0,0,-10.250777757583286,-7.782312699349947,2.3632259019206163,4.824478594106438,2.3466802648340237,4.815777645641777,17.815943111919164,1425.2754489535332,nan,0,3.0287999979918823,16.44530000339728
473,15.766666666666621,SEARCH,0,0,0,0,-10.289774155734438,-7.763690345382238,2.0391611611247846,5.0309191591374685,2.027907130856597,5.035350489410161,17.763465837744565,1421.0772670195654,nan,0,3.083500007051043,14.552399996318854
474,15.799999999999955,SEARCH,0,0,0,0,-10.328364331220838,-7.744315714661242,1.7008695139327292,5.213777930297076,1.715824638580475,5.2241842564491705,17.69871406178919,1415.8971249431352,nan,0,3.161300002830103,13.73289999901317
475,15.833333333333288,SEARCH,0,0,0,0,-10.366546760568438,-7.724190684526685,1.3501861220883182,5.372313011935451,1.3495777085814578,5.361747394939357,17.56443417808363,1405.1547342466904,nan,0,3.228100002161227,13.894899995648302
476,15.866666666666621,SEARCH,0,0,0,0,-10.404319936400299,-7.703317205029592,0.9889590399401632,5.505924848028168,0.9850947604969877,5.490546251143671,17.429767641539122,1394.3814113231297,nan,0,2.913000003900379,15.406099992105737
477,15.899999999999954,ACQUIRING,0,0,0,0,-10.441682367496123,-7.681697298743338,0.6190394216259019,5.6141527301265715,0.6020279375741932,5.614597534062644,17.284530470429893,1382.7624376343913,1505.3925821343225,1,3.680599998915568,16.45250000001397
478,15.933333333333287,ACQUIRING,0,0,0,0,-10.478632578851096,-7.659333060567667,0.3380086922005294,5.811269501113864,0.3350536903325186,5.836516991224912,17.293749719155763,1383.4999775324611,1505.332171537226,0,3.3248999970965087,15.991499996744096
479,15.96666666666662,ACQUIRING,0,0,0,0,-10.515169111734156,-7.636226657525699,0.12746453398126312,6.097275160990046,0.1338725589416344,6.108969544695908,17.387711383081925,1391.016910646554,1505.2117324617248,0,3.22839998989366,16.0500000056345
480,15.999999999999954,ACQUIRING,0,0,0,0,-10.551290523745532,-7.612380328553958,-0.052139468157517105,6.472169709755116,-0.04389298797823463,6.467883868082693,17.568700658322363,1405.496052665789,1505.0313721755006,0,3.2129000028362498,15.694899993832223
481,16.03333333333329,ACQUIRING,0,0,0,0,-10.586995388873738,-7.5877963842854195,-0.203882906138423,6.813067565611283,-0.20662866322632378,6.819454670219525,17.757277277399872,1420.5821821919897,1504.7912038325417,0,3.2869999995455146,14.038100009202026
482,16.066666666666624,SEARCH,0,0,0,0,-10.622282297551834,-7.562477206825622,-0.3321709258149803,7.099839133006043,-0.31882412245891245,7.1153108857908105,17.933173552320344,1434.6538841856275,nan,0,3.2534000056330115,13.55160000093747
483,16.09999999999996,SEARCH,0,0,0,0,-10.657149856713076,-7.536425249521851,-0.5186959407665593,7.297721811511914,-0.5055948982189549,7.306477279253488,17.982375359057876,1438.59002872463,nan,0,3.0186999938450754,16.021900009945966
484,16.133333333333294,SEARCH,0,0,0,0,-10.691596689845943,-7.509643036725411,-0.7482864293051539,7.406715601128896,-0.7458493242954717,7.3913639995299,17.91529796999995,1433.2238375999962,nan,0,3.002600002218969,13.74920000671409
485,16.16666666666663,SEARCH,0,0,0,0,-10.72562143704844,-7.482133163547026,-1.0115249480415192,7.426820501856989,-1.0179231132275461,7.415847761942834,17.78171089638381,1422.5368717107046,nan,0,3.1879000016488135,16.794800001662225
486,16.199999999999964,SEARCH,0,0,0,0,-10.75922275508181,-7.453898295605388,-1.300546030201387,7.358036513696193,-1.301339446415565,7.372423455425424,17.586113082356682,1406.8890465885347,nan,0,3.247700005886145,17.020400002365932
487,16.2333333333333,SEARCH,0,0,0,0,-10.792399317423545,-7.4249411687688545,-1.6087386157540913,7.200363636646509,-1.5990553749142207,7.216158538757137,17.288128108357785,1383.050248668623,nan,0,3.3251999993808568,17.62280000548344
488,16.266666666666634,SEARCH,0,0,0,0,-10.825149814319778,-7.395264588890368,-1.9305087950350104,6.953801870707935,-1.9272731061379087,6.947953629713286,16.878984530489063,1350.318762439125,nan,0,3.427799994824454,14.177999997627921
489,16.29999999999997,SEARCH,0,0,0,0,-10.857472952836968,-7.364871431535558,-2.2610907045781343,6.635638280661349,-2.2674567106750967,6.622716890927824,16.41465826995246,1313.1726615961968,nan,0,3.535399999236688,15.975399990566075
490,16.333333333333304,SEARCH,0,0,0,0,-10.889367456912952,-7.33376464170413,-2.5963958501392286,6.3421654969743395,-2.6063079325796603,6.33840253665279,15.985531909717258,1278.8425527773807,nan,0,3.539400000590831,17.286199989030138
491,16.36666666666664,SEARCH,0,0,0,0,-10.92083206740732,-7.301947233544486,-2.9328930809384066,6.064094326065833,-2.926842002000198,6.087063184031166,15.59389230204496,1247.5113841635969,nan,0,3.5281999880680814,16.38350001303479
492,16.399999999999974,SEARCH,0,0,0,0,-10.951865542151122,-7.269422290061668,-3.267512998407638,5.79419468732068,-3.2665757885191855,5.79416830412712,15.15655230617629,1212.524184494103,nan,0,3.773599994019605,17.072400005417876
493,16.43333333333331,SEARCH,0,0,0,0,-10.982466655995921,-7.2361929628186346,-3.5975718301350788,5.5268951454535244,-3.60748334823242,5.507430243310261,14.723800841140754,1177.9040672912604,nan,0,3.242199993110262,15.444400007254444
494,16.466666666666644,SEARCH,0,0,0,0,-11.012634200862138,-7.20226247163087,-3.920710797609119,5.257961326579374,-3.931961642707543,5.253259524066089,14.327454486442953,1146.1963589154361,nan,0,3.3857000089483336,18.246999999973923
495,16.49999999999998,SEARCH,0,0,0,0,-11.042366985786753,-7.167634104254408,-4.234847804666084,4.984237464100158,-4.231105524500211,4.995025266615182,13.939998768500992,1115.1999014800792,nan,0,3.6284999951021746,17.57779999752529
496,16.533333333333314,SEARCH,0,0,0,0,-11.07166383697033,-7.132311216067245,-4.538138912146722,4.703438474170016,-4.518988872920523,4.714879720159629,13.538592329481721,1083.0873863585377,nan,0,3.909799997927621,17.551800003275275
497,16.56666666666665,SEARCH,0,0,0,0,-11.100523597823345,-7.096297229744228,-4.828947575097217,4.413982483114712,-4.8294796315730535,4.412009231828319,13.105995194570943,1048.4796155656754,nan,0,3.762699998333119,15.240099994116463
498,16.599999999999984,SEARCH,0,0,0,0,-11.128945129011864,-7.059595634925394,-5.105820027455227,4.114855746978886,-5.127647006984575,4.106225529001528,12.676400964557985,1014.1120771646388,nan,0,3.319399998872541,14.539999989210628
499,16.63333333333332,SEARCH,0,0,0,0,-11.156927308502494,-7.022209987877856,-5.367465525977256,3.8055035173392366,-5.3826247226876855,3.817764519217879,12.282003813182644,982.5603050546115,nan,0,3.1326000025728717,14.467799992416985
500,16.666666666666654,SEARCH,0,0,0,0,-11.184469031606705,-6.984143911151187,-5.612740426541276,3.485741698435564,-5.597832220005119,3.492146791162354,11.872791489120116,949.8233191296093,nan,0,2.9848999984096736,14.73690000420902
501,16.69999999999999,SEARCH,0,0,0,0,-11.211569211024425,-6.94540109322642,-5.840635274979043,3.155685173161158,-5.837389425824787,3.158377505659296,11.444131698776864,915.5305359021492,nan,0,2.9168999899411574,15.482800008612685
502,16.733333333333324,SEARCH,0,0,0,0,-11.238226776886973,-6.9059852881586545,-6.050264261722352,2.8156895012191416,-6.055322393248095,2.810537057186294,11.012415917387555,880.9932733910044,nan,0,3.3204999926965684,17.64220000768546
503,16.76666666666666,SEARCH,0,0,0,0,-11.2644406767993,-6.8659003152132785,-6.240856523159895,2.4663033531516203,-6.2469155625256665,2.479763225504601,10.607402381764825,848.592190541186,nan,0,3.230899994377978,15.635000003385358
504,16.799999999999994,SEARCH,0,0,0,0,-11.290209875881516,-6.825150058495918,-6.4117488793961845,2.108229572070581,-6.402574343837283,2.1166992799500437,10.190468619527161,815.2374895621729,nan,0,3.1373999954666942,19.504299998516217
505,16.83333333333333,SEARCH,0,0,0,0,-11.31553335680977,-6.783738466576056,-6.562379683441433,1.7422931772323,-6.553438198261542,1.75153763433889,9.773867628422144,781.9094102737714,nan,0,3.0894999945303425,14.90360000752844
506,16.866666666666664,SEARCH,0,0,0,0,-11.340410119856392,-6.741669552104452,-6.692283525030302,1.3694149612749291,-6.70592216167394,1.363065040201515,9.336230580178443,746.8984464142754,nan,0,3.073300002142787,13.785300005110912
507,16.9,ACQUIRING,0,0,0,0,-11.364839182929373,-6.698947391424306,-6.801086586699649,0.9905896029208918,-6.8184246252271725,0.9907606368559202,8.9331682448437,714.6534595874958,869.767829773404,1,3.5383999929763377,15.216700005112216
508,16.933333333333334,ACQUIRING,0,0,0,0,-11.388819581611136,-6.6555761241762985,-6.998778537257884,0.7006531334557434,-6.996503100205404,0.7144785179055747,8.579635744022061,686.370859521765,866.7335854368315,0,3.398299988475628,16.03740001155529
509,16.96666666666667,ACQUIRING,0,0,0,0,-11.412350369196599,-6.611559952897449,-7.285359376705008,0.49960555287948394,-7.269569801844712,0.5076481103944294,8.236853420916782,658.9482736733426,863.6492060895014,0,3.4078000026056543,16.38579998689238
510,17.000000000000004,ACQUIRING,0,0,0,0,-11.43543061673056,-6.566903142613913,-7.607616417098113,0.3874468611921133,-7.608114145066613,0.37710578914761694,7.92890985058186,634.3127880465488,860.5148693519423,0,3.4023000043816864,17.090499997721054
511,17.03333333333334,ACQUIRING,0,0,0,0,-11.458059413044364,-6.521610020427728,-7.875310540805957,0.36417705839363157,-7.886968753863667,0.3517407146055506,7.745685174525887,619.654813962071,857.3307592842623,0,3.445299997110851,15.74810000602156
512,17.066666666666674,SEARCH,0,0,0,0,-11.480235864791883,-6.475684975097504,-8.101898804200031,0.4297961444840387,-8.102228777159073,0.43036260615177807,7.687940236407705,615.0352189126164,nan,1,3.73290000425186,15.755000000353903
513,17.10000000000001,SEARCH,0,0,0,0,-11.501959096484772,-6.429132456613197,-8.239598178705217,0.40652634168555696,-8.223804082211755,0.42736850056398157,7.5998622141046015,607.9889771283681,nan,0,3.2781000045360997,14.730999988387339
514,17.133333333333344,SEARCH,0,0,0,0,-11.52322825052704,-6.381956975764887,-8.288408664321514,0.2943676499981863,-8.285644684528052,0.28464216503371326,7.411173419298955,592.8938735439165,nan,0,3.4417999995639548,15.599999998812564
515,17.16666666666668,SEARCH,0,0,0,0,-11.544042487248907,-6.334163103705732,-8.24833026104892,0.0933200694219268,-8.259240016855019,0.07872967837389348,7.205214854808617,576.4171883846893,nan,0,3.3466000022599474,16.75789999717381
516,17.200000000000014,SEARCH,0,0,0,0,-11.564400984939939,-6.285755471509001,-8.119362968887438,-0.1966164000432216,-8.128712792289265,-0.19411111249412688,6.993717491709039,559.4973993367231,nan,0,3.3785999985411763,16.363500006264076
517,17.23333333333335,SEARCH,0,0,0,0,-11.584302939881516,-6.2367387697193735,-7.901506787837068,-0.5754417583972589,-7.905094023111413,-0.554770832269984,6.769146024089265,541.5316819271411,nan,0,3.130199998850003,16.194800002267584
518,17.266666666666683,SEARCH,0,0,0,0,-11.603747566378528,-6.187117747898414,-7.704483563751284,-1.042767679308357,-7.698540681330696,-1.051977757087385,6.451379971777487,516.110397742199,nan,0,3.2455000036861748,15.093499998329207
519,17.30000000000002,SEARCH,0,0,0,0,-11.622734096790419,-6.13689721416436,-7.521198157169841,-1.4930531552001396,-7.531510109231077,-1.5032046421755458,6.181360737579167,494.5088590063334,nan,0,3.303699995740317,15.87689999723807
520,17.333333333333353,SEARCH,0,0,0,0,-11.641261781561475,-6.086082034726252,-7.344840642191847,-1.928212376000177,-7.356051827192131,-1.9264307108958911,5.972078657290926,477.7662925832741,nan,0,3.487000009045005,15.291199990315363
521,17.36666666666669,SEARCH,0,0,0,0,-11.65932988925043,-6.0346771334123765,-7.170070902235751,-2.3495709862046645,-7.1699976971878066,-2.3315928081323696,5.819530655544678,465.5624524435743,nan,0,3.264600003603846,16.521500001545064
522,17.400000000000023,SEARCH,0,0,0,0,-11.676937706559325,-5.982687491193202,-6.992734072725696,-2.757991965417,-6.991409689472571,-2.762070068333216,5.685644148496653,454.85153187973225,nan,0,3.519699996104464,15.79840001068078
523,17.43333333333336,SEARCH,0,0,0,0,-11.694084538361688,-5.9301181456987,-6.809632314925165,-3.1539766646626557,-6.813420669514197,-3.1701669854593577,5.6069787058254335,448.5582964660347,nan,0,3.043700009584427,15.287899994291365
524,17.466666666666693,SEARCH,0,0,0,0,-11.710769707729956,-5.876974190730256,-6.618341651896197,-3.537745931512852,-6.6331517891367735,-3.5384460606640213,5.590252010627932,447.2201608502346,nan,0,3.202299994882196,14.989900009823032
525,17.50000000000003,SEARCH,0,0,0,0,-11.72699255596221,-5.823260775767058,-6.417064853090052,-3.909305271325799,-6.417650812876194,-3.8995473442159536,5.647103957924432,451.76831663395456,nan,0,2.993399990373291,14.272800006438047
526,17.533333333333363,SEARCH,0,0,0,0,-11.742752442608182,-5.768983105467146,-6.204513158401908,-4.268497203379115,-6.191469245121105,-4.25815221472024,5.753203900361731,460.2563120289385,nan,0,3.3481999998912215,15.927099986583926
527,17.5666666666667,SEARCH,0,0,0,0,-11.758048745494536,-5.714146439163112,-5.979811075890148,-4.615043339877438,-5.974038486790675,-4.628161828211176,5.885077505693187,470.8062004554549,nan,0,3.1109999981708825,13.935100010712631
528,17.600000000000033,SEARCH,0,0,0,0,-11.77288086074942,-5.658756090352451,-5.742419641963926,-4.94857821122097,-5.757163246362675,-4.957638184899661,6.0564366366197095,484.5149309295768,nan,0,3.0692000000271946,14.689200004795566
529,17.63333333333337,SEARCH,0,0,0,0,-11.787248202826323,-5.602817426182745,-5.492074456436106,-5.268676457270675,-5.494970224109836,-5.26155385693876,6.301525449058631,504.1220359246905,nan,0,3.4838999999919906,15.320000005885959
530,17.666666666666703,SEARCH,0,0,0,0,-11.801150204527179,-5.546335866931555,-5.228735543626593,-5.5748746814499714,-5.2266685840360685,-5.5561156813254895,6.57448889442708,525.9591115541663,nan,0,3.373800005647354,15.914999996311963
531,17.70000000000004,SEARCH,0,0,0,0,-11.814586317024766,-5.489316885481262,-4.952546681646867,-5.866689006225911,-4.951797203220778,-5.867899323213061,6.8732233400861835,549.8578672068946,nan,0,4.336500001954846,17.60869999998249
532,17.733333333333373,SEARCH,0,0,0,0,-11.827556009884368,-5.431766006788717,-4.6638023146710355,-6.143629161891281,-4.6873130893829575,-6.158757459663551,7.177157204375809,574.1725763500647,nan,0,3.165699992678128,15.542199995252304
533,17.76666666666671,SEARCH,0,0,0,0,-11.840058771084722,-5.3736888073499305,-4.362920541058536,-6.405209775283952,-4.372382010084994,-6.399108777138385,7.537750481490903,603.0200385192722,nan,0,3.278499993029982,14.715800003614277
534,17.800000000000043,SEARCH,0,0,0,0,-11.852094107038221,-5.315090914659698,-4.0504209725641145,-6.650959392860436,-4.041507711045417,-6.632175347818401,7.920856724707046,633.6685379765637,nan,0,2.9150000045774505,13.3196999959182
535,17.83333333333338,SEARCH,0,0,0,0,-11.863661542610407,-5.25597800666632,-3.7269065016922167,-6.880427666770467,-3.723856803827037,-6.883839659263227,8.300985167166349,664.078813373308,nan,0,2.926899993326515,13.266900001326576
536,17.866666666666713,SEARCH,0,0,0,0,-11.874760621138735,-5.196355811221452,-3.393048207637623,-7.093191047965734,-3.398613543189837,-7.097035169542017,8.686636363412912,694.930909073033,nan,0,3.049399994779378,18.38510000379756
537,17.90000000000005,SEARCH,0,0,0,0,-11.885390904450588,-5.13623010552505,-3.049572785891951,-7.2888572626844015,-3.0678408489578626,-7.289433574174274,9.076644432747315,726.1315546197851,nan,0,3.0562999891117215,15.570200004731305
538,17.933333333333383,SEARCH,0,0,0,0,-11.895551972880583,-5.075606715565627,-2.697252010238276,-7.467068794496788,-2.6967958905472185,-7.455962559906574,9.501747597571363,760.139807805709,nan,0,2.67869999515824,16.53380000789184
539,17.96666666666672,SEARCH,0,0,0,0,-11.905243425287134,-5.014491515555682,-2.336893834705121,-7.627505550766903,-2.326031211798448,-7.626607159395951,9.928970478747829,794.3176382998263,nan,0,3.0353000038303435,16.457999998237938
540,18.000000000000053,SEARCH,0,0,0,0,-11.914464879068294,-4.952890427362561,-1.9693348220675775,-7.769886857712233,-1.9702755786290445,-7.797369038719308,10.343015005956264,827.4412004765012,nan,0,3.0131000094115734,15.376600000308827
541,18.03333333333339,SEARCH,0,0,0,0,-11.923215970176864,-4.8908094199345955,-1.5954336486362546,-7.8939729004962516,-1.6080893946047912,-7.9183272261691,10.750241873424999,860.0193498739999,nan,0,3.4137000038754195,16.031199993449263
542,18.066666666666723,SEARCH,0,0,0,0,-11.931496353134747,-4.828254508722779,-1.2160654855392,-7.99956570257798,-1.218333388184043,-7.978106682238513,11.166621218103225,893.3296974482581,nan,0,3.419400003622286,15.403999990667216
543,18.10000000000006,SEARCH,0,0,0,0,-11.939305701046601,-4.765231755097846,-0.832117097018018,-8.086509720761018,-0.8236043812958959,-8.080277353503458,11.599497538661577,927.9598030929262,nan,0,3.061600000364706,16.908999998122454
544,18.133333333333393,SEARCH,0,0,0,0,-11.946643705612743,-4.701747265762967,-0.4444825284590441,-8.154692118143663,-0.4456166165614851,-8.165685121454553,12.011348366073813,960.907869285905,nan,0,3.3387000003131106,13.434000007691793
545,18.16666666666673,SEARCH,0,0,0,0,-11.953510077141319,-4.637807192162041,-0.054059282589307145,-8.204042765762212,-0.07634264642941752,-8.215472533688322,12.404305521597005,992.3444417277602,nan,0,3.337500005727634,17.142500000772998
546,18.200000000000063,SEARCH,0,0,0,0,-11.959904544559736,-4.573417729883602,0.33825509721446867,-8.234534014573764,0.32972391787539607,-8.221464430951935,12.819641667295981,1025.5713333836784,nan,0,3.119200002402067,16.28579999669455
547,18.2333333333334,SEARCH,0,0,0,0,-11.965826855425373,-4.50858511806053,0.7315661011871948,-8.246180272088711,0.7441725567589141,-8.233697539717465,13.244642222865354,1059.5713778292284,nan,0,3.0306999979075044,15.427400008775294
548,18.266666666666733,SEARCH,0,0,0,0,-11.971276775935532,-4.443315638765459,1.1249850366398306,-8.23903741207371,1.1333653800500956,-8.24170704636062,13.644025187668351,1091.522015013468,nan,0,3.4485999931348488,14.922000002115965
549,18.300000000000068,SEARCH,0,0,0,0,-11.976254090936687,-4.377615616402104,1.5176315618612277,-8.213202041012815,1.5110753672855985,-8.23182552459104,14.02722317249613,1122.1778537996904,nan,0,3.3210999972652644,15.27679999708198
550,18.333333333333403,SEARCH,0,0,0,0,-11.980758603932964,-4.311491417092401,1.9086360034128556,-8.168810641205521,1.9081445260463317,-8.17419779756196,14.416037275744987,1153.282982059599,nan,0,3.3014999935403466,16.350599995348603
551,18.366666666666738,SEARCH,0,0,0,0,-11.984790137093903,-4.2449494480597005,2.297141483186683,-8.106038607310044,2.314248773474575,-8.092928660468134,14.807749923100362,1184.6199938480288,nan,0,3.4746000019367784,17.140900003141724
552,18.400000000000073,SEARCH,0,0,0,0,-11.988348531261474,-4.177996157007884,2.6823058763640546,-8.025099190659967,2.6871438579961935,-8.034388654943061,15.17372202082569,1213.8977616660552,nan,0,3.2439000060549006,18.796399992424995
553,18.433333333333408,SEARCH,0,0,0,0,-11.991433645956374,-4.110638031496621,3.0633036172613846,-7.9262423636736115,3.055900568031018,-7.944000458478351,15.52794044437416,1242.235235549933,nan,0,3.1581000075675547,15.257299994118512
554,18.466666666666743,SEARCH,0,0,0,0,-11.994045359383554,-4.042881598312762,3.4393273667587754,-7.809753615043456,3.4296171560585904,-7.815392801344667,15.878325042877046,1270.2660034301634,nan,0,3.272300004027784,14.899800007697195
555,18.500000000000078,SEARCH,0,0,0,0,-11.99618356843704,-3.9747334228378732,3.8095895524059227,-7.675952685061829,3.808350979623406,-7.6646049946811,16.229555277256768,1298.3644221805414,nan,0,3.1618000066373497,14.590799997677095
556,18.533333333333413,SEARCH,0,0,0,0,-11.997848188704001,-3.9062001084121185,4.173323790246505,-7.525192249348391,4.186114008345111,-7.511307618057863,16.58063426264565,1326.450741011652,nan,0,3.0860999977448955,13.846899993950501
557,18.566666666666748,SEARCH,0,0,0,0,-11.999039154468079,-3.8372882956943704,4.529786195786196,-7.357856558346218,4.536202409199592,-7.364712575245947,16.907304209033825,1352.584336722706,nan,0,3.428299998631701,17.00199999322649
558,18.600000000000083,SEARCH,0,0,0,0,-11.999756418711984,-3.7680046620187992,4.878256590261231,-7.17436003920807,4.861640465505745,-7.179079694984939,17.20296886492655,1376.237509194124,nan,0,3.490200004307553,16.468499990878627
559,18.633333333333418,SEARCH,0,0,0,0,-11.999999953119353,-3.698355920747818,5.218039607373036,-6.9751458660717045,5.216117491744106,-6.966093109663836,17.523492979744557,1401.8794383795644,nan,0,3.538100005243905,16.15450000099372
560,18.666666666666753,SEARCH,0,0,0,0,-11.999769748075863,-3.6283488206215964,5.548465704882586,-6.760684504198472,5.569482779495741,-6.742464768580143,17.843103780309942,1427.4483024247954,nan,0,3.114500010269694,16.195099990000017
561,18.700000000000088,SEARCH,0,0,0,0,-11.999065812669617,-3.5579901451041507,5.868892084860625,-6.531472233003044,5.87348619168696,-6.538938140215286,18.11944166076834,1449.5553328614674,nan,0,3.249800007324666,14.997999998740852
562,18.733333333333423,SEARCH,0,0,0,0,-11.997888174690777,-3.4872867117260022,6.178703525930088,-6.288029652618593,6.1639789946492325,-6.29727088180136,18.377960444859614,1470.2368355887693,nan,0,3.0867999885231256,14.540100004523993
563,18.766666666666758,SEARCH,0,0,0,0,-11.996236880630475,-3.4162453714236305,6.477313130486125,-6.03090017830832,6.475249950761547,-6.039867049187674,18.656881209632072,1492.5504967705656,nan,0,3.4779000125126913,16.938799992203712
564,18.800000000000093,SEARCH,0,0,0,0,-11.994111995678974,-3.34487300787559,6.764162989613702,-5.760648526741283,6.764771912234635,-5.762856717487748,18.914078637103366,1513.1262909682694,nan,0,3.189900002325885,15.046100001200102
565,18.833333333333428,SEARCH,0,0,0,0,-11.991513603723092,-3.2731765368355545,7.038724768224562,-5.477859197889813,7.0379061534340694,-5.478435380135872,19.156773811371202,1532.541904909696,nan,0,3.148100004182197,16.40439999755472
566,18.866666666666763,SEARCH,0,0,0,0,-11.988441807342896,-3.2011629054621498,7.300500212789337,-5.183134956071441,7.293012283623157,-5.2006074640439275,19.384845895824757,1550.7876716659805,nan,0,3.082899987930432,16.112000012071803
567,18.900000000000098,SEARCH,0,0,0,0,-11.984896727807646,-3.1288390916458497,7.54902158393535,-4.877095313444944,7.5408415538763265,-4.8712102249300155,19.603324019434073,1568.2659215547258,nan,0,3.020799995283596,15.58570000634063
568,18.933333333333433,SEARCH,0,0,0,0,-11.980878505071013,-3.056212103332795,7.783852016106577,-4.560375019074074,7.791788817452454,-4.550674482466844,19.829064295872218,1586.3251436697774,nan,0,3.1407999922521412,15.910900008748285
569,18.966666666666768,SEARCH,0,0,0,0,-11.976387297765548,-2.983288977845765,8.004585806431976,-4.233622556490602,8.018352458943138,-4.226283439437646,20.033338542790492,1602.667083423239,nan,0,2.955500007374212,14.527799998177215
570,19.000000000000103,SEARCH,0,0,0,0,-11.97142328319643,-2.910076781202303,8.21084863491609,-3.8974986525179216,8.225541441648575,-3.9049342672591063,20.221452111908203,1617.716168952656,nan,0,3.130899989628233,15.54049999685958
571,19.033333333333438,SEARCH,0,0,0,0,-11.965986657334447,-2.8365826074299965,8.402297718046722,-3.552674799955833,8.395664529456758,-3.5542904903173413,20.374296151222364,1629.943692097789,nan,0,3.0240000050980598,15.117500006454065
572,19.066666666666773,SEARCH,0,0,0,0,-11.960077634808286,-2.7628135778791405,8.578621897904947,-3.199831796574497,8.583428867218087,-3.1925805692720233,20.548001339928195,1643.8401071942556,nan,0,3.362499992363155,16.21549999981653
573,19.100000000000108,SEARCH,0,0,0,0,-11.953696448896036,-2.688776840532649,8.739541668859815,-2.83965830271999,8.757548838707978,-2.825101129768917,20.711693935435008,1656.9355148348006,nan,0,2.921699997386895,17.11570000043139
574,19.133333333333443,SEARCH,0,0,0,0,-11.946843351515989,-2.614479569313493,8.884809143931502,-2.4728494196941915,8.889439019312357,-2.4817765967569034,20.836704948619335,1666.9363958895467,nan,0,2.9423999949358404,17.942099992069416
575,19.166666666666778,SEARCH,0,0,0,0,-11.939518613216697,-2.539928963389513,9.014207962910692,-2.1001052909373334,9.012032496086025,-2.115422193925695,20.95585120874465,1676.4680966995722,nan,0,3.153600002406165,17.427700004191138
576,19.200000000000113,SEARCH,0,0,0,0,-11.931722523166286,-2.4651322464759,9.127553144327115,-1.7221297279117802,9.128339439317855,-1.7212288524668304,21.07319629584676,1685.8557036677407,nan,0,3.1685000139987096,16.766299988375977
577,19.233333333333448,SEARCH,0,0,0,0,-11.92345538914104,-2.390096666135192,9.224690883365422,-1.3396288624601271,9.234178234949287,-1.317313801377274,21.184813514547532,1694.7850811638025,nan,0,3.2592999923508614,18.813100003171712
578,19.266666666666783,ACQUIRING,0,0,0,0,-11.914717537513257,-2.3148294930750293,9.305498297831164,-0.9533098272890277,9.312715753020681,-0.9545820020724268,21.270970766301367,1701.6776613041093,1389.8538177047067,1,3.849599990644492,15.940099998260848
579,19.300000000000118,ACQUIRING,0,0,0,0,-11.905509313238358,-2.239338020443665,9.297416823408016,-0.655879681006817,9.284507096394421,-0.6562056689689194,21.24907300290515,1699.9258402324117,1388.3861703003058,0,3.2499999942956492,17.345800006296486
580,19.333333333333453,ACQUIRING,0,0,0,0,-11.895831079841269,-2.1636295631232363,9.200446460095979,-0.4473384236134953,9.199624969753078,-0.4415627992272086,21.16562732072173,1693.2501856577383,1386.904303615908,0,3.373900006408803,15.25989999936428
581,19.366666666666788,ACQUIRING,0,0,0,0,-11.885683219402074,-2.08771145702103,9.014587207895053,-0.3276860551090624,9.024509657882618,-0.30336993228714804,20.98618690572771,1678.8949524582165,1385.408558449317,0,3.5961999965365976,18.63690000027418
582,19.400000000000123,ACQUIRING,0,0,0,0,-11.875066132540926,-2.011591058358601,8.739839066805239,-0.2969225754935184,8.748531177211866,-0.30001064864915256,20.69449862871154,1655.5598902969232,1383.8992716076705,0,3.9986000047065318,16.836599999805912
583,19.433333333333458,SEARCH,0,0,0,0,-11.863980238402235,-1.9352757429590348,8.376202036826536,-0.2745206595368434,8.361845022110648,-0.28891638798677,20.292720532114608,1623.4176425691687,nan,0,3.67289999849163,17.994399997405708
584,19.466666666666793,SEARCH,0,0,0,0,-11.85242597463812,-1.8587729055322029,8.101453895736721,-0.1632298546912795,8.086343414169432,-0.16856436430021418,20.010280599054642,1600.8224479243713,nan,0,3.7136000028112903,16.84229999955278
585,19.500000000000128,SEARCH,0,0,0,0,-11.84040379739113,-1.782089958958262,7.915594643535796,0.03694983904317328,7.911524117576734,0.05883561034821873,19.837531683901936,1587.002534712155,nan,0,3.52769999881275,18.58580000407528
586,19.533333333333463,SEARCH,0,0,0,0,-11.827914181276237,-1.7052343335693896,7.818624280223759,0.32601842166651496,7.83021380281881,0.33518956923408394,19.763737640997782,1581.0990112798224,nan,0,3.6192999978084117,18.457700003637
587,19.566666666666798,SEARCH,0,0,0,0,-11.8149576193621,-1.6282134764297598,7.810542805800611,0.6996589552797174,7.818743693034912,0.6983064294885712,19.771062745766965,1581.6850196613573,nan,0,3.611300009652041,17.351799993775785
588,19.600000000000133,SEARCH,0,0,0,0,-11.8015346231516,-1.5510348506140028,7.891350220266352,1.0777918765611476,7.871987507399156,1.071740377609236,19.84757977485043,1587.8063819880347,nan,0,3.724299996974878,17.467099998611957
589,19.633333333333468,SEARCH,0,0,0,0,-11.787645722561642,-1.473705934484001,8.061046523620982,1.4588938305983092,8.05428218561343,1.47134500926073,20.059297798638628,1604.7438238910904,nan,0,3.294899986940436,14.701500011142343
590,19.666666666666803,SEARCH,0,0,0,1,-11.773291465902236,-1.3962342209643144,8.303280651384842,1.8416160304891536,8.311673346872738,1.8539349936327751,20.346238262979313,1627.699061038345,nan,0,3.036400012206286,14.862299998640083
591,19.700000000000138,SEARCH,0,0,0,1,-11.758472419854863,-1.3186272168160864,8.473937133613314,2.2247518589628847,8.479058722366474,2.214910358433394,20.54369865744916,1643.495892595933,nan,0,2.9740999889327213,16.900200003874488
592,19.733333333333473,SEARCH,0,0,0,1,-11.743189169450083,-1.2408924419097167,8.584218733505253,2.6072111213176035,8.575535690836432,2.6010726142696012,20.678763876037856,1654.3011100830288,nan,0,3.7321999989217147,17.955300005269237
593,19.766666666666808,SEARCH,0,0,0,1,-11.727442318044456,-1.1630374284961615,8.643140940806395,2.9879996111849376,8.635605142296837,2.994079602791007,20.783053767046116,1662.6443013636892,nan,0,3.056699992157519,18.221400008769706
594,19.800000000000143,SEARCH,0,0,0,1,-11.711232487296709,-1.085069720477104,8.657973936628236,3.366202918294573,8.659909152163753,3.3852228256588783,20.85586073848305,1668.468859078644,nan,0,3.4038000012515113,19.31589999003336
595,19.833333333333478,SEARCH,0,0,0,1,-11.694560317143203,-1.006996872673995,8.634596000734135,3.740973621556486,8.632308616709308,3.743371208450883,20.874568200568564,1669.965456045485,nan,0,3.9715999882901087,20.367600009194575
596,19.866666666666813,SEARCH,0,0,0,1,-11.677426465772673,-0.9288264500959662,8.577776069342962,4.111521182108656,8.563363481910775,4.10340280775015,20.856963082140357,1668.5570465712285,nan,0,3.095499996561557,19.792999999481253
597,19.900000000000148,SEARCH,0,0,0,1,-11.659831609600229,-0.8505660272068601,8.491399610256497,4.477103988055544,8.47825196089151,4.4810181046273785,20.831903399520073,1666.5522719616058,nan,0,3.1689000024925917,14.757299999473616
598,19.933333333333483,SEARCH,0,0,0,1,-11.641776443240671,-0.7722231871912341,8.378649149113965,4.837023112297643,8.385419993048513,4.854946038389304,20.802731325261952,1664.2185060209563,nan,0,2.885699999751523,12.306300006457604
599,19.966666666666818,SEARCH,0,0,0,1,-11.623261679481043,-0.693805521219629,8.242148514167287,5.19061743260484,8.25544372810445,5.195616392364619,20.732781269230983,1658.6225015384787,nan,0,2.645400003530085,14.599500005715527
600,20.000000000000153,SEARCH,0,0,0,1,-11.604288049252524,-0.6153206277129535,8.084078053834865,5.537259833300172,8.084185153859531,5.522473735786857,20.62300891524492,1649.8407132195937,nan,0,2.6010000001406297,13.960199998109601
601,20.033333333333488,SEARCH,0,0,0,1,-11.584856301601544,-0.5367761116062773,7.906266630774883,5.876354264103023,7.893623947888931,5.865064300008181,20.503530268848106,1640.2824215078483,nan,0,2.597700004116632,15.435199995408766
602,20.066666666666823,SEARCH,0,0,0,1,-11.564967203660228,-0.45817958361188826,7.7102650357974,6.2073334766376265,7.7172150453284525,6.210890486885872,20.40291763176098,1632.2334105408784,nan,0,2.8021000034641474,19.693299997015856
603,20.100000000000158,SEARCH,0,0,0,1,-11.544621540616108,-0.3795386594818598,7.497404536588564,6.529657295088439,7.507302554971391,6.537547882881322,20.268741894320165,1621.499351545613,nan,0,2.778900001430884,15.015000011771917
604,20.133333333333493,SEARCH,0,0,0,1,-11.523820115681122,-0.3008609592701298,7.268843533534821,6.84281130627441,7.258493404649321,6.825213149145831,20.088709101747284,1607.0967281397827,nan,0,2.6436000043759122,13.8810999924317
605,20.166666666666828,SEARCH,0,0,0,1,-11.502563750059908,-0.22215410659409263,7.025604700777844,7.146305877455773,7.008030619547352,7.145599455173178,19.92299918343296,1593.8399346746367,nan,0,2.839200009475462,21.636199991917238
606,20.200000000000163,SEARCH,0,0,0,1,-11.480853282917385,-0.14342572789595154,6.768604515296157,7.439675428629106,6.765683326203306,7.443856559247193,19.761147505465814,1580.8918004372651,nan,0,2.6636000111466274,16.777999990154058
607,20.233333333333498,SEARCH,0,0,0,1,-11.458689571345626,-0.06468345170368399,6.498676696532659,7.722477900828337,6.508878930533924,7.729640902045782,19.585326395063888,1566.826111605111,nan,0,2.682899998035282,17.87690000492148
608,20.266666666666833,SEARCH,0,0,0,1,-11.436073490330006,0.014065092108081392,6.216590774856627,7.994294373766854,6.220562750358322,7.983893942270219,19.372015260082396,1549.7612208065916,nan,0,3.3583000040380284,17.49339999514632
609,20.300000000000168,SEARCH,0,0,0,1,-11.413005932714682,0.09281227305743213,5.923066763755087,8.254728795617122,5.9155181530681835,8.238409422655705,19.147545532393973,1531.803642591518,nan,0,2.704099999391474,14.693599994643591
610,20.333333333333503,SEARCH,0,0,0,1,-11.389487809167331,0.17155046079448436,5.618786715924238,8.503407795300145,5.607802303148515,8.50120440520436,18.92857643870381,1514.286115096305,nan,0,2.719199997955002,16.4840999932494
611,20.366666666666838,SEARCH,0,0,0,1,-11.3655200481432,0.250272025840789,5.304403787642924,8.739980553724276,5.308626316698551,8.753215239269007,18.71702968654349,1497.3623749234791,nan,0,2.8186999988975003,13.209800003096461
612,20.400000000000173,SEARCH,0,0,0,1,-11.34110359584846,0.3289693403285825,4.980549311169911,8.964118715272624,4.992417376660643,8.960598900652702,18.474007043033623,1477.9205634426899,nan,0,2.7229999977862462,14.747499997611158
613,20.433333333333508,SEARCH,0,0,0,1,-11.316239416202833,0.40763477873988163,4.647838275185191,9.175516324731635,4.642969446315084,9.159024763523787,18.201186065288343,1456.0948852230674,nan,0,3.0808000010438263,16.69600000604987
614,20.466666666666843,SEARCH,0,0,0,1,-11.290928490801559,0.4862607186454212,4.306873533508977,9.373889777973252,4.30035085945032,9.368961409436485,17.944089927877943,1435.5271942302354,nan,0,2.958600001875311,17.096499999752268
615,20.500000000000178,SEARCH,0,0,0,1,-11.265171818876633,0.5648395414431866,3.9582489984935396,9.558977777203594,3.9553442098035516,9.56084305724163,17.68027679182564,1414.4221433460511,nan,0,2.85279999661725,15.095499999006279
616,20.533333333333513,SEARCH,0,0,0,1,-11.238970417257361,0.6433636330966886,3.6025520244029536,9.73054128359593,3.6012318709940594,9.729223963984248,17.400702914210648,1392.0562331368517,nan,0,3.3312999876216054,16.497300006449223
617,20.566666666666848,SEARCH,0,0,0,1,-11.212325320330221,0.7218253848726822,3.2403651452225093,9.888363461733393,3.2438118143595203,9.876389100371679,17.110988798958594,1368.8791039166877,nan,0,3.191199997672811,18.536999996285886
618,20.600000000000183,SEARCH,0,0,0,1,-11.185237579998008,0.8002171940784786,2.8722672986317845,10.032249611576674,2.863399627048233,10.023979013674682,16.806010516474295,1344.4808413179437,nan,0,3.1190000008791685,14.285400000517257
619,20.633333333333518,SEARCH,0,0,0,1,-11.157708265638327,0.8785314647985999,2.498834641700022,10.162027084706851,2.4947810729292015,10.163793507733276,16.510801202414843,1320.8640961931876,nan,0,3.1930999975884333,17.352400012896396
620,20.666666666666853,SEARCH,0,0,0,1,-11.129738464061377,0.9567606086307785,2.1206410429131934,10.277545182424328,2.12851259944925,10.27728172723251,16.206583081741243,1296.5266465392997,nan,0,3.228600005968474,21.654900003341027
621,20.700000000000188,SEARCH,0,0,0,1,-11.101329279467032,1.0348970454212978,1.7382583183737648,10.378675033951874,1.7382990849663282,10.355050394084813,15.865727685150954,1269.2582148120764,nan,0,3.2971000036923215,19.407700005103834
622,20.733333333333523,SEARCH,0,0,0,1,-11.072481833401255,1.1129332039994289,1.3522562665906972,10.465309453525602,1.3417915303340398,10.441975680087875,15.528851105932148,1242.3080884745718,nan,0,3.525899999658577,21.239199995761737
623,20.766666666666858,SEARCH,0,0,0,1,-11.04319726471182,1.190861522911109,0.9632025455296226,10.537362775588074,0.9449612338125776,10.533310572895905,15.198595278423088,1215.887622273847,nan,0,3.333599990583025,20.77060000738129
624,20.800000000000193,SEARCH,0,0,0,1,-11.013476729503356,1.2686744511515655,0.5716624269865255,10.594770667643536,0.5815557801293205,10.603153512827738,14.885472053391842,1190.8377642713474,nan,0,3.4222999966004863,21.791699997265823
625,20.833333333333528,SEARCH,0,0,0,1,-10.983321401091702,1.3463644488970414,0.17819845645443277,10.637489920613117,0.1786673720908265,10.638519043220747,14.523571543441507,1161.8857234753207,nan,0,3.8788999954704195,24.562399994465522
626,20.866666666666863,SEARCH,0,0,0,1,-10.952732469957597,1.4239239882353225,-0.2166299588708271,10.665498216750846,-0.2391929050545161,10.646797083856823,14.136524259756449,1130.921940780516,nan,0,3.8369999965652823,24.359800008824095
627,20.900000000000198,SEARCH,0,0,0,1,-10.921711143699657,1.5013455538952185,-0.6122670157266936,10.678793875360466,-0.6252275010533495,10.683106166650745,13.795734969664782,1103.6587975731825,nan,0,3.391999998711981,23.143500002333894
628,20.933333333333533,SEARCH,0,0,0,1,-10.890258646986725,1.5786216439747462,-1.0081610193923616,10.677395576696515,-1.000592359954368,10.685962046204258,13.444297991005197,1075.5438392804158,nan,0,3.1221000099321827,18.34209999651648
629,20.966666666666868,SEARCH,0,0,0,1,-10.858376221509522,1.6557447706680208,-1.4037649154479939,10.661342064548027,-1.3930394256693317,10.672812863163212,13.072877175410971,1045.8301740328777,nan,0,3.409900004044175,17.36120000714436
630,21.000000000000203,SEARCH,0,0,0,1,-10.82606512593161,1.7327074609908475,-1.798536839148912,10.630691828094847,-1.8048274442647725,10.62926473723389,12.670101052422538,1013.608084193803,nan,0,4.186699996353127,32.823500005179085
631,21.033333333333537,SEARCH,0,0,0,1,-10.793326635839724,1.8095022575047743,-2.191940674715444,10.585522763699407,-2.2056243324322935,10.577032722608275,12.27266154134739,981.8129233077912,nan,0,5.242999992333353,38.01610000664368
632,21.066666666666872,SEARCH,0,0,0,1,-10.760162043693388,1.8861217190397503,-2.583446618315773,10.525931817354412,-2.5823802779799814,10.533131809855147,11.9015502401283,952.124019210264,nan,0,3.523399995174259,22.15720000094734
633,21.100000000000207,SEARCH,0,0,0,1,-10.726572658773913,1.9625584214150957,-2.9725317397077324,10.452034608551942,-2.955063716712545,10.464961297734739,11.518993267980859,921.5194614384686,nan,0,3.593200002796948,21.774299995740876
634,21.133333333333542,SEARCH,0,0,0,1,-10.692559807132707,2.038804958158935,-3.358680538463592,10.363965036374486,-3.3538081681236385,10.35953514002208,11.094675586894217,887.5740469515374,nan,0,3.6874000070383772,22.96109999588225
635,21.166666666666877,SEARCH,0,0,0,1,-10.658124831538906,2.114853941225808,-3.741385491475345,10.261874868634951,-3.7491224678487294,10.25868148739787,10.679711642327582,854.3769313862066,nan,0,3.638700000010431,23.469100007787347
636,21.200000000000212,SEARCH,0,0,0,1,-10.623269091426396,2.1906980017125925,-4.120147589063558,10.145933314912451,-4.132456102355373,10.15193785063302,10.271903094905621,821.7522475924496,nan,0,3.8742000033380464,25.319499996840023
637,21.233333333333547,SEARCH,0,0,0,1,-10.587993962840102,2.26632979057251,-4.494476857520044,10.016326584344649,-4.487867667664553,10.02947237380338,9.873090883034788,789.8472706427831,nan,0,3.599399991799146,24.813500000163913
638,21.266666666666882,SEARCH,0,0,0,1,-10.5523008383817,2.3417419793272023,-4.8638928663267,9.873257429046769,-4.854007635274753,9.866390001093743,9.438796177482061,755.1036941985649,nan,0,3.883900004439056,19.98979999916628
639,21.300000000000217,SEARCH,0,0,0,1,-10.516191127154638,2.4169272607768857,-5.227925218628983,9.716944674032657,-5.234178000065704,9.70435981779507,9.000351990218405,720.0281592174724,nan,0,3.454799996688962,20.538099997793324
640,21.333333333333552,SEARCH,0,0,0,1,-10.479666254708476,2.4918783497083425,-5.586114023817358,9.547622734515354,-5.596421711243861,9.55972936055842,8.590727279040546,687.2581823232438,nan,0,3.3867000020109117,18.942800001241267
641,21.366666666666887,SEARCH,0,0,0,1,-10.442727662982643,2.5665879836008862,-5.938010351296027,9.365541121463743,-5.932915321661112,9.38264192073862,8.17294308238512,653.8354465908095,nan,0,3.6850000033155084,20.25590000266675
642,21.400000000000222,SEARCH,0,0,0,1,-10.405376810249493,2.641048923330025,-6.283176664704649,9.170963936288715,-6.263838127373835,9.174557611441035,7.735572276139464,618.8457820911572,nan,0,3.1218000076478347,19.58310000190977
643,21.433333333333557,SEARCH,0,0,0,1,-10.367615171056727,2.7152539538689555,-6.621187236013552,8.964169355526971,-6.618367956562178,8.941661377468913,7.268081182819561,581.4464946255649,nan,0,3.384299998288043,18.22100000572391
644,21.466666666666892,SEARCH,0,0,0,1,-10.329444236169207,2.7891958849876564,-6.951628539042124,8.745449106383589,-6.953939595473232,8.728446695279576,6.831451658828692,546.5161327062954,nan,0,3.926399993360974,14.855900008114986
645,21.500000000000227,SEARCH,0,0,0,1,-10.290865512510088,2.8628675519495776,-7.2740996220586105,8.515107933985888,-7.268046853246699,8.521108718632048,6.41507020593938,513.2056164751505,nan,0,3.159499989124015,27.47790000285022
646,21.533333333333562,SEARCH,0,0,0,1,-10.251880523101317,2.9362618162059286,-7.58821245921143,8.273463061191274,-7.581555531250613,8.274178331080634,5.9685834401367455,477.4866752109396,nan,0,3.4958000032929704,18.293100001756102
647,21.566666666666897,SEARCH,0,0,0,1,-10.212490807003533,3.009371566087326,-7.893592280620462,8.020843641780607,-7.910021682025285,8.01615403830378,5.510828866474807,440.8663093179846,nan,0,3.671400001621805,21.016800004872493
648,21.600000000000232,SEARCH,0,0,0,1,-10.172697919255265,3.082189717492947,-8.189877881024078,7.757590207856552,-8.199407688777589,7.756003183312235,5.073303326923431,405.8642661538744,nan,0,3.5158000100636855,21.803700001328252
649,21.633333333333567,SEARCH,0,0,0,1,-10.132503430811594,3.1547092145768993,-8.476721906936035,7.484054112253356,-8.466568117923963,7.501307006701482,4.65491705975824,372.3933647806593,nan,0,5.7954999938374385,19.42290000442881
650,21.666666666666902,SEARCH,0,0,0,1,-10.0919089284821,3.226923030431968,-8.753791122317345,7.200596966750578,-8.745989052468266,7.2215358525952595,4.215261784473234,337.2209427578587,nan,0,3.4866000059992075,23.172500004875474
651,21.700000000000237,SEARCH,0,0,0,1,-10.050916014868227,3.2988241677704417,-9.020766652813075,6.907590076868788,-9.021969195761349,6.901227528399273,3.7464705429537357,299.7176434362989,nan,0,3.92180000199005,23.279200002434663
652,21.733333333333572,SEARCH,0,0,0,1,-10.009526308300016,3.3704056596021794,-9.27734420864395,6.605413874009978,-9.28924466671876,6.593844698550364,3.302932769678212,264.23462157425695,nan,0,3.7650000012945384,19.373899995116517
653,21.766666666666907,SEARCH,0,0,1,1,-9.967741442772201,3.441660569909665,-9.523234286278235,6.294457345689637,-9.52505723334984,6.299243039986363,2.891668529164701,231.33348233317608,nan,0,3.4485999931348488,14.166100008878857
654,21.800000000000242,SEARCH,0,0,1,1,-9.925563067879732,3.5125819943200685,-9.758162349041521,5.975117464591063,-9.757339177593792,5.986228634575672,2.4793601953146642,198.34881562517313,nan,0,3.363700001500547,14.65019999886863
655,21.833333333333577,SEARCH,0,0,1,1,-9.882992848752632,3.5831630607743024,-9.981868986851065,5.647798617155743,-9.983893628142027,5.649878759262144,2.069177311314203,165.53418490513624,nan,0,3.2075000053737313,15.127699996810406
656,21.866666666666912,SEARCH,0,0,1,1,-9.840032465990262,3.6533969301928493,-10.194110055287954,5.312912032406368,-10.195877970300096,5.298811861010193,1.6834536873624302,134.6762949889944,nan,0,3.7878000002820045,14.33609999367036
657,21.900000000000247,SEARCH,0,0,1,1,-9.796683615594963,3.7232767971385003,-10.394656794244579,4.970875211681475,-10.402980660763008,4.970284143278465,1.386586971057546,110.92695768460368,nan,0,2.7418000099714845,14.872200001263991
658,21.933333333333582,SEARCH,0,0,1,1,-9.752948008905129,3.7927958904757273,-10.583295926407281,4.622111359942799,-10.576013423818429,4.635589281848249,1.1780226558804374,94.241812470435,nan,0,2.670300003956072,18.501899990951642
659,21.966666666666917,SEARCH,0,0,1,1,-9.708827372527626,3.8619474740268362,-10.759829735854623,4.2670488192982,-10.745969378446759,4.270611863965675,1.1147511489323731,89.18009191458985,nan,0,4.018599996925332,25.373700002091937
660,22.000000000000252,SEARCH,0,0,1,1,-9.664323448269629,3.9307248472246306,-10.924076127070803,3.906120505364607,-10.929724873781986,3.894560634399385,1.265918092918327,101.27344743346616,nan,0,2.798600005917251,15.776999993249774
661,22.033333333333587,SEARCH,0,0,1,1,-9.619437993069875,3.9991213457617176,-11.075868664691425,3.5397633470767045,-11.08844325887959,3.5361050139932346,1.5402469264572525,123.21975411658019,nan,0,2.5745000020833686,12.964299996383488
662,22.066666666666922,SEARCH,0,0,1,1,-9.574172778929263,4.067130342236241,-11.215056594315206,3.168417730528293,-11.222921028891214,3.1882292681951747,1.8683784118061137,149.4702729444891,nan,0,2.7024000009987503,14.842699994915165
663,22.100000000000257,SEARCH,0,0,1,1,-9.52852959284095,4.134745246794035,-11.341504844730407,2.7925269474141845,-11.333752283061498,2.8042973311827892,2.2425254998419573,179.40203998735657,nan,0,2.882599990698509,16.237900010310113
664,22.133333333333592,SEARCH,0,0,1,1,-9.482510236719765,4.2019595077672065,-11.455094011918947,2.412536648621438,-11.451427432074412,2.405108985974517,2.6655781211267984,213.24624969014386,nan,0,2.3963999992702156,19.59930000884924
665,22.166666666666927,SEARCH,0,0,1,1,-9.436116527331095,4.268766612308917,-11.555720325214194,2.028894303499457,-11.572807876241859,2.017344199718566,3.1039253857694864,248.31403086155893,nan,0,2.486999990651384,13.543599998229183
666,22.200000000000262,SEARCH,0,0,1,1,-9.389350296219149,4.335160087024509,-11.643295596000625,1.6420486653192308,-11.657678656465542,1.6437368282967608,3.519811459086805,281.58491672694436,nan,0,2.906299996539019,15.665200000512414
667,22.233333333333597,SEARCH,0,0,0,1,-9.342213389634647,4.401133498598706,-11.717747149354684,1.252449243412643,-11.707492409569882,1.2650218663604085,3.9280709021103664,314.2456721688293,nan,0,2.5055000005522743,15.080799988936633
668,22.266666666666932,SEARCH,0,0,0,1,-9.294707668461953,4.466680454419032,-11.779017739036602,0.8605457824634106,-11.772463106548903,0.8579250908440934,4.377486411755077,350.19891294040616,nan,0,2.5289999903179705,13.700700001209043
669,22.300000000000267,SEARCH,0,0,0,1,-9.246835008145597,4.531794603195185,-11.827065446252329,0.46678774940193574,-11.830364666123213,0.45810219263193486,4.823856895631395,385.90855165051164,nan,0,2.361399994697422,11.911800000234507
670,22.333333333333602,SEARCH,0,0,0,1,-9.198597298616235,4.596469635574497,-11.861863562613527,0.07162382833695974,-11.867972297682694,0.06500746516073908,5.25925016399981,420.7400131199848,nan,0,2.4932000087574124,14.1136999882292
671,22.366666666666937,SEARCH,0,0,0,1,-9.149996444216054,4.6606992847532736,-11.883400457731407,-0.32449857606229243,-11.875550915601085,-0.31326148097692463,5.671766292391664,453.7413033913331,nan,0,2.7209999971091747,12.295799999265
672,22.400000000000272,SEARCH,0,0,0,1,-9.101034363623553,4.724477327084013,-11.891679431887408,-0.721133826339027,-11.890028875394519,-0.723813633312495,6.120650682388831,489.65205459110643,nan,0,3.0049000051803887,18.965399998705834
673,22.433333333333607,SEARCH,0,0,0,1,-9.05171298977784,4.78779758267849,-11.88671855423011,-1.1178385308014858,-11.883735485493988,-1.1417881796373797,6.5711748362755795,525.6939869020464,nan,0,2.744700002949685,16.82940000318922
674,22.466666666666942,SEARCH,0,0,0,1,-9.002034269802309,4.850653916006532,-11.868550486953563,-1.5141720124988813,-11.877677697464078,-1.5103954445265622,6.9808505277074095,558.4680422165927,nan,0,2.8637000068556517,14.35519999358803
675,22.500000000000277,SEARCH,0,0,0,1,-8.952000164927753,4.913040236490569,-11.837222295917188,-1.9096967682831512,-11.829919455683237,-1.898123682633173,7.394212153926586,591.5369723141268,nan,0,2.542000001994893,16.747000001487322
676,22.533333333333612,SEARCH,0,0,0,1,-8.901612650414975,4.974950499095749,-11.792795248171862,-2.303978917637787,-11.784622646020695,-2.293234599554274,7.8190959364239,625.527674913912,nan,0,2.596200007246807,14.250499996705912
677,22.566666666666947,SEARCH,0,0,0,1,-8.850873715476755,5.036378704915725,-11.735344596860498,-2.696588640973533,-11.741122967536748,-2.7061525579144385,8.264401435974404,661.1521148779524,nan,0,2.6861000078497455,14.138699989416637
678,22.600000000000282,SEARCH,0,0,0,1,-8.79978536319937,5.097318901753907,-11.664959353964566,-3.0871006071091642,-11.674974785415909,-3.0927874818209213,8.680124238045158,694.4099390436127,nan,0,2.8500999906100333,14.970300006098114
679,22.633333333333617,SEARCH,0,0,0,1,-8.74834961046349,5.157765184700198,-11.581742051370506,-3.4750943896737203,-11.578307830692655,-3.4610359894769887,9.071515706222453,725.7212564977963,nan,0,2.905300003476441,13.470699996105395
680,22.666666666666952,SEARCH,0,0,0,1,-8.696568487864573,5.2177116967032,-11.48580849073192,-3.8601548721846344,-11.46533832055955,-3.842635825787374,9.473963458592335,757.9170766873868,nan,0,2.8673999913735315,12.605199997778982
681,22.700000000000287,SEARCH,0,0,0,1,-8.644444039632656,5.277152629137696,-11.377287482604755,-4.24187264157393,-11.367233393930318,-4.2436640989674554,9.902501352589837,792.200108207187,nan,0,2.8482000052463263,14.235399998142384
682,22.733333333333622,SEARCH,0,0,0,1,-8.591978323551714,5.336082222367536,-11.256320575333529,-4.619844369952248,-11.263639701399484,-4.636630676718546,10.324377806215802,825.9502244972641,nan,0,3.5820000048261136,17.610099996090867
683,22.766666666666957,SEARCH,0,0,0,1,-8.53917341087838,5.39449476630368,-11.12306177416685,-4.993673184417756,-11.130006611586577,-4.989841618764896,10.702656624976388,856.2125299981111,nan,0,2.743199991527945,16.342300004907884
684,22.800000000000292,SEARCH,0,0,0,1,-8.486031386260194,5.452384600957532,-10.977677251080285,-5.3629690247341015,-10.959279795744289,-5.338762221415316,11.070944288407526,885.6755430726022,nan,0,2.904099994339049,16.50820000213571
685,22.833333333333627,SEARCH,0,0,0,1,-8.432554347653298,5.50974611698933,-10.82034504578384,-5.727348988718303,-10.794499095327044,-5.718888815551762,11.474363835932067,917.9491068745654,nan,0,3.085899996221997,15.453500003786758
686,22.866666666666962,SEARCH,0,0,0,1,-8.378744406239594,5.566573756251715,-10.651254758390056,-6.086437665196053,-10.65782563944411,-6.101269167980034,11.888345964518779,951.0676771615023,nan,0,2.9396000027190894,13.577899997471832
687,22.900000000000297,SEARCH,0,0,0,1,-8.32460368634344,5.622862012328275,-10.470607234217027,-6.4398674543981596,-10.475004956057772,-6.445613265408965,12.258561137023543,980.6848909618834,nan,0,3.024700010428205,15.05979998910334
688,22.933333333333632,SEARCH,0,0,0,1,-8.270134325347755,5.678605431067091,-10.278614241198442,-6.787278875687797,-10.26584863546773,-6.783813228714082,12.621202575796,1009.6962060636799,nan,0,2.808100005495362,13.136299996403977
689,22.966666666666967,SEARCH,0,0,0,1,-8.215338473609643,5.733798611109255,-10.075498140370192,-7.128320862523852,-10.052910603391236,-7.122719689490202,12.987175757099726,1038.974060567978,nan,0,2.940799997304566,16.850300002261065
690,23.000000000000302,SEARCH,0,0,0,1,-8.160218294375513,5.788436204412213,-9.861491549899975,-7.462651044581112,-9.86110558949513,-7.469667124809843,13.366761817247598,1069.3409453798076,nan,0,3.081000002566725,17.10610000009183
691,23.033333333333637,SEARCH,0,0,0,1,-8.104775963695644,5.842512916768005,-9.636837003122961,-7.789936016962975,-9.641266676490252,-7.798465049078671,13.727238745473127,1098.1790996378502,nan,0,3.6213999992469326,15.606500004651025
692,23.066666666666972,SEARCH,0,0,0,1,-8.04901367033833,5.89602350831622,-9.401786601042701,-8.109851596457137,-9.407129201479078,-8.101452631559622,14.063207887332082,1125.0566309865665,nan,0,2.941099999588914,15.499400004046038
693,23.100000000000307,SEARCH,0,0,0,1,-7.992933615703427,5.948962794051763,-9.156601659752278,-8.422083064799125,-9.153270648006218,-8.418316548271406,14.414059030296752,1153.1247224237402,nan,0,2.875799997127615,14.498499993351288
694,23.133333333333642,SEARCH,0,0,0,1,-7.936538013735472,6.001325644327225,-8.901552353226108,-8.726325398922574,-8.904850445943906,-8.736880317295928,14.76998117580363,1181.5984940642904,nan,0,2.8581999940797687,14.154300006339327
695,23.166666666666977,SEARCH,0,0,0,1,-7.879829090836271,6.053106985349961,-8.636917351927945,-9.022283488188899,-8.644604999069147,-9.019207180618912,15.091704228067796,1207.3363382454238,nan,0,3.1633999897167087,14.669100011815317
696,23.200000000000312,SEARCH,0,0,0,1,-7.822809085776986,6.104301799673715,-8.36298345767531,-9.30967233860241,-8.369156580736588,-9.296451808232222,15.41044150167919,1232.8353201343352,nan,0,3.2092000037664548,15.573199998470955
697,23.233333333333647,SEARCH,0,0,0,1,-7.765480249609789,6.154905126684776,-8.0800452351951,-9.58821726402999,-8.06785704462231,-9.58164930614967,15.739459239240828,1259.1567391392664,nan,0,3.6038000107510015,17.609899994567968
698,23.266666666666982,SEARCH,0,0,0,1,-7.707844845578968,6.204912063082677,-7.788404640799221,-9.857654064457096,-7.782156909941118,-9.858131672515919,16.063215628717156,1285.0572502973725,nan,0,3.40919999871403,16.182400009711273
699,23.300000000000317,SEARCH,0,0,0,1,-7.649905149031589,6.25431776335528,-7.488370648602941,-10.117729191324324,-7.500903960933803,-10.140926377242481,16.395921193512116,1311.6736954809692,nan,0,2.882899992982857,25.648499999078922
700,23.333333333333652,SEARCH,0,0,0,1,-7.5916634473276705,6.303117440248317,-7.1802588747023375,-10.368199900000624,-7.187508223859593,-10.369022488589302,16.677037844035677,1334.1630275228545,nan,0,3.1798999989405274,16.89759999862872
701,23.366666666666987,SEARCH,0,0,0,1,-7.533122039749853,6.351306365229232,-6.864391199720412,-10.608834389461059,-6.85780717310688,-10.594788660172277,16.959545594709983,1356.7636475767986,nan,0,3.351699997438118,17.143300006864592
702,23.400000000000322,SEARCH,0,0,0,1,-7.474283237412676,6.39887986894539,-6.5410953901246085,-10.839411929248229,-6.525159696244231,-10.831547177569853,17.256548081864,1380.52384654912,nan,0,3.5005000099772587,16.768399989814498
703,23.433333333333657,SEARCH,0,0,0,1,-7.415149363171309,6.445833341676493,-6.2107047187113675,-11.0597229738074,-6.204741949296253,-11.06053785683573,17.54816567757616,1403.853254206093,nan,0,3.265200008172542,16.73939998727292
704,23.466666666666992,SEARCH,0,0,0,1,-7.355722751529862,6.492162233781271,-5.873557584645904,-11.269569264296035,-5.879154060842661,-11.282734085773741,17.836120493797075,1426.889639503766,nan,0,3.271800000220537,17.620200000237674
705,23.500000000000327,SEARCH,0,0,0,1,-7.296005748549192,6.537862056138322,-5.529997133437886,-11.468763917978611,-5.520656226515308,-11.456160105838503,18.08139097224268,1446.5112777794145,nan,0,3.18400000105612,15.35909999802243
706,23.533333333333662,SEARCH,0,0,0,1,-7.23600071175433,6.582928380581074,-5.180370877225937,-11.657131505327495,-5.174080115231619,-11.647592537189766,18.346754739725625,1467.7403791780498,nan,0,3.3759000070858747,15.866799993091263
707,23.566666666666997,SEARCH,0,0,0,1,-7.175710010041387,6.627356840326894,-4.825030315735997,-11.834508114960142,-4.828256806683134,-11.84246962509781,18.618405576333856,1489.4724461067085,nan,0,3.342100011650473,16.30499999737367
708,23.600000000000332,SEARCH,0,0,0,1,-7.11513602358403,6.67114313040018,-4.464330558270405,-12.000741406552114,-4.477150776631712,-12.004968647893504,18.86149827872797,1508.9198622982376,nan,0,3.0814999918220565,14.258700000937097
709,23.633333333333667,SEARCH,0,0,0,1,-7.054281143739535,6.714283008049534,-4.098629947076377,-12.155690651874131,-4.097596843167173,-12.142767743483695,19.08743945895182,1526.9951567161456,nan,0,2.972999995108694,16.121900000143796
710,23.666666666667002,SEARCH,0,0,0,1,-6.993147772954343,6.756772293158837,-3.728289682434236,-12.29922676410988,-3.7266255601051563,-12.290164435654736,19.325008825831482,1546.0007060665187,nan,0,3.1935000006342307,17.29709999926854
711,23.700000000000337,SEARCH,0,0,0,1,-6.931738324669259,6.798606868652317,-3.3536734497971015,-12.431232315619415,-3.340967327892914,-12.440868724429961,19.571690204172427,1565.735216333794,nan,0,3.1574000022374094,16.62739999301266
712,23.733333333333672,SEARCH,0,0,0,1,-6.8700552232241545,6.839782680893467,-2.975147049305237,-12.551601544320686,-2.987360794481504,-12.562958506805657,19.78741220129164,1582.992976103331,nan,0,3.1110000127227977,17.10679999087006
713,23.766666666667007,SEARCH,0,0,0,1,-6.808100903762257,6.880295740077826,-2.593078027989494,-12.660240348869184,-2.6003865437919975,-12.658303470296538,19.98653845063576,1598.9230760508608,nan,0,3.380900001502596,16.844700003275648
714,23.80000000000034,SEARCH,0,0,0,1,-6.745877812134022,6.920142120619591,-2.207835314969502,-12.757066272822726,-2.1944505391539084,-12.740615418295961,20.180705568072984,1614.4564454458389,nan,0,3.357599998707883,14.322300005005673
715,23.833333333333677,SEARCH,0,0,0,1,-6.683388404800548,6.959317961531976,-1.8197888599432501,-12.842008477985123,-1.8165818604923534,-12.836496254607296,20.385290442366102,1630.823235389288,nan,0,3.5084999981336296,17.424199992092326
716,23.86666666666701,SEARCH,0,0,0,1,-6.620635148736648,6.997819466801354,-1.4293092752558554,-12.915007707128852,-1.4299542350100243,-12.932412185380178,20.595079559393415,1647.6063647514732,nan,0,3.0404999997699633,16.00650000909809
717,23.900000000000347,SEARCH,0,0,0,1,-6.557620521333417,7.035642905755049,-1.0367674818262211,-12.976016236302895,-1.0457564862140145,-12.978425025508681,20.759180145152218,1660.7344116121774,nan,0,3.1457000004593283,16.057299988460727
718,23.93333333333368,SEARCH,0,0,0,1,-6.494347010300451,7.072784613422854,-0.6425343592011987,-13.024997816937608,-0.6354645897813141,-13.006866265298651,20.916952039645007,1673.3561631716007,nan,0,3.1614999898010865,16.861700001754798
719,23.966666666667017,SEARCH,0,0,0,1,-6.430817113567629,7.109240990892133,-0.2469803999977272,-13.061927607963865,-0.2388105119434009,-13.065448780207417,21.103531768750624,1688.28254150005,nan,0,3.148700008750893,15.623100000084378
720,24.00000000000035,SEARCH,0,0,0,1,-6.367033339186476,7.145008505656557,0.14952463101566843,-13.086792098168758,0.1445137645777563,-13.100145442116503,21.26655834999099,1701.3246679992792,nan,0,3.388099998119287,18.35660000506323
721,24.033333333333687,SEARCH,0,0,0,1,-6.3029982052312015,7.180083691958395,0.5466120329559241,-13.099589019014887,0.5405401296034298,-13.10725475737682,21.41051419976237,1712.8411359809897,nan,0,3.447399998549372,16.917199987801723
722,24.06666666666702,SEARCH,0,0,0,1,-6.238714239699245,7.214463151124317,0.9439144997480073,-13.100327248154668,0.941718344509608,-13.081874380992486,21.529048499968162,1722.323879997453,nan,0,3.3779999939724803,18.90090000233613
723,24.100000000000357,SEARCH,0,0,0,1,-6.174183980411494,7.248143551894737,1.341066445709331,-13.08902670387517,1.3541719162035495,-13.083362529710897,21.6805507783466,1734.4440622677278,nan,0,3.5693999961949885,18.861100004869513
724,24.13333333333369,SEARCH,0,0,0,1,-6.1094099749121025,7.281121630746581,1.737704325581388,-13.065718230712813,1.7411972960269546,-13.07443434790166,21.81698177389355,1745.3585419114838,nan,0,3.255700008594431,18.22469999024179
725,24.166666666667027,SEARCH,0,0,0,1,-6.044394780367879,7.313394192209533,2.1334669488032736,-13.030443476480716,2.1202373429877412,-13.041731188453422,21.931537724752445,1754.5230179801956,nan,0,3.1353999947896227,15.446500008692965
726,24.20000000000036,SEARCH,0,0,0,1,-5.979140963467387,7.344958109175643,2.527995787830834,-12.983254760954685,2.531261233100326,-12.980846507114176,22.03554580324556,1762.8436642596448,nan,0,3.1140000064624473,15.451700004632585
727,24.233333333333697,SEARCH,0,0,0,1,-5.913651100319586,7.375810323202355,2.9209352803144206,-12.924214936466683,2.925729415732649,-12.915597528974882,22.13313987058691,1770.6511896469526,nan,0,3.1374999962281436,16.56820000789594
728,24.26666666666703,SEARCH,0,0,0,1,-5.8479277763521464,7.405947844808842,3.311933124957231,-12.853397240657289,3.3102376643598626,-12.85689887061265,22.236343027847887,1778.9074422278309,nan,0,3.107799988356419,19.910500006517395
729,24.300000000000367,SEARCH,0,0,0,1,-5.781973586209344,7.435367753765694,3.7006405708853336,-12.770885141640884,3.6899198962494877,-12.790841070044662,22.334195520041238,1786.7356416032987,nan,0,3.1744000007165596,17.968100000871345
730,24.3333333333337,SEARCH,0,0,0,1,-5.715791133649682,7.464067199377867,4.086712700369477,-12.676772175839412,4.076999014097385,-12.677546629827267,22.39605649489748,1791.6845195917983,nan,0,3.1125000095926225,17.475899992859922
731,24.366666666667037,SEARCH,0,0,0,1,-5.649383031443065,7.492043400760906,4.469808704747666,-12.571161778742287,4.479057498206914,-12.551772475565423,22.45751238331458,1796.6009906651664,nan,0,3.687099990202114,19.461300005787052
732,24.40000000000037,SEARCH,0,0,0,1,-5.582751901267661,7.519293647110417,4.849592153406495,-12.45416710885149,4.857472878663089,-12.452729548093048,22.536193200388244,1802.8954560310597,nan,0,3.508599998895079,16.526999999769032
733,24.433333333333707,SEARCH,0,0,0,1,-5.515900373606406,7.545815297964714,5.225731255687945,-12.32591086507218,5.215471952659671,-12.342086204934395,22.59847291730054,1807.8778333840432,nan,0,4.0203999960795045,16.404599999077618
734,24.46666666666704,SEARCH,0,0,0,1,-5.448831087643126,7.571605783460695,5.59789911559713,-12.186525097810076,5.5832592938961465,-12.19224363795813,22.6344154362106,1810.753234896848,nan,0,3.7016999995103106,17.558400009875186
735,24.500000000000377,SEARCH,0,0,0,1,-5.381546691158399,7.596662604582832,5.965773979195135,-12.036151014037587,5.969417615459905,-12.020005819756257,22.66402591687066,1813.1220733496527,nan,0,3.4813999955076724,18.44500000879634
736,24.53333333333371,SEARCH,0,0,0,1,-5.314049840424989,7.6209833334053325,6.329039474569673,-11.874938776591167,6.340790072930431,-11.865210914391096,22.705661401262837,1816.4529121010269,nan,0,3.453200013609603,17.33089999470394
737,24.566666666667047,SEARCH,0,0,0,1,-5.24634320010299,7.644565613327396,6.687384844284743,-11.703047297962554,6.686122955383566,-11.707220627148617,22.73489342946012,1818.7914743568094,nan,0,3.774099997826852,18.15550000173971
738,24.60000000000038,SEARCH,0,0,0,1,-5.178429443134638,7.667407159301547,7.040505170218887,-11.520644028846633,7.024253836680984,-11.527896263110064,22.745662283300057,1819.6529826640044,nan,0,3.344700002344325,18.12470000004396
739,24.633333333333717,SEARCH,0,0,0,1,-5.110311250638754,7.689505758055071,7.388101590709899,-11.327904741708323,7.386993524616857,-11.311468533222643,22.742463601453192,1819.3970881162554,nan,0,3.3192999981110916,17.42799999192357
740,24.66666666666705,SEARCH,0,0,0,1,-5.0419913118049475,7.710859268304453,7.729881509932013,-11.125013309630539,7.740341040881169,-11.109319419289873,22.750541668441784,1820.0433334753425,nan,0,3.715600003488362,19.512899991241284
741,24.700000000000387,ACQUIRING,0,0,0,1,-4.9734723237874245,7.731465620962877,8.065558799439694,-10.91216148070452,8.062797713692108,-10.930791542259014,22.764537748795018,1821.1630199036017,1817.532377956352,1,4.2394000047352165,18.830900007742457
742,24.73333333333372,ACQUIRING,0,0,0,1,-4.904756991598505,7.7513228193407,8.490124977836265,-10.610420762889612,8.478065789738372,-10.623933659528767,22.73213576109609,1818.5708608876869,1814.6520365138442,0,3.877499999362044,22.051799998735078
743,24.766666666667057,ACQUIRING,0,0,0,1,-4.835848028001859,7.77042893933894,8.971490046862343,-10.219791156185815,8.95934094008944,-10.213435614937781,22.665538223742196,1813.2430578993756,1811.732366675155,0,3.919099995982833,19.166400001267903
744,24.80000000000039,ACQUIRING,0,0,0,1,-4.766748153405354,7.788782129635698,9.371183670270698,-9.853379877236456,9.370388119424865,-9.831696736994068,22.590703784652618,1807.2563027722094,1808.7732207561107,0,3.806699998676777,17.12299999780953
745,24.833333333333727,ACQUIRING,0,0,0,1,-4.697460095753733,7.806380611865561,9.70951922046364,-9.545758037431531,9.717201814860505,-9.548513434802135,22.56047041549388,1804.8376332395108,1805.7744552857228,0,3.565299994079396,16.1865999980364
746,24.86666666666706,SEARCH,0,0,0,1,-4.627986590420871,7.82322268079191,9.995519410162405,-9.285569742366247,9.97764304909087,-9.293329901328272,22.50112862642825,1800.0902901142601,nan,0,3.591100001358427,16.87849999871105
747,24.900000000000396,SEARCH,0,0,0,1,-4.558330380101802,7.839306704472153,10.192630710972281,-9.114270336189852,10.17814175425843,-9.114977127163103,22.46355606778286,1797.0844854226289,nan,0,3.601799995522015,18.477700010407716
748,24.93333333333373,SEARCH,0,0,0,1,-4.488494214704449,7.854631124415862,10.300853122893269,-9.031859818902346,10.307162643865814,-9.025326128581343,22.44647898311827,1795.7183186494615,nan,0,3.5478000063449144,18.72690000163857
749,24.966666666667066,SEARCH,0,0,0,1,-4.418480851241021,7.869194455735775,10.320186645925368,-9.03833819050373,10.328881725268985,-9.044065582566832,22.43976533046395,1795.1812264371158,nan,0,3.6404999991646037,17.965799997909926
750,25.0000000000004,SEARCH,0,0,0,1,-4.348293053719239,7.882995287291685,10.371333686712223,-9.023218866160384,10.354304365385223,-9.038648854178561,22.41669938503016,1793.3359508024125,nan,0,3.5648000048240647,18.62020000407938
751,25.033333333333736,SEARCH,0,0,0,1,-4.277933593033165,7.896032281827172,10.466529846062619,-8.952106387892343,10.453331796228417,-8.960902600774645,22.386746829433125,1790.9397463546502,nan,0,3.653499996289611,17.761099996278062
752,25.06666666666707,SEARCH,0,0,0,1,-4.207405246853844,7.908304176099181,10.595235811083276,-8.834655088475788,10.5892732215284,-8.820830453407957,22.33395708666204,1786.7165669329634,nan,0,3.263799997512251,18.56959999713581
753,25.100000000000406,SEARCH,0,0,0,1,-4.136710799519599,7.9198097810004215,10.748979079064895,-8.678641435450489,10.757281239563175,-8.679128538856121,22.3014742159944,1784.117937279552,nan,0,3.4094000002369285,17.155599998659454
754,25.13333333333374,SEARCH,0,0,0,1,-4.065853041926172,7.930547981674592,10.920942263867877,-8.490340590685799,10.922237339621846,-8.491590643711538,22.233521770444987,1778.6817416355989,nan,0,3.572699992218986,19.683600010466762
755,25.166666666667076,SEARCH,0,0,0,1,-3.994834771416506,7.940517737624409,11.105633760433271,-8.274827605462788,11.092044087859907,-8.27852250408331,22.151098845804828,1772.0879076643862,nan,0,3.457900005741976,18.02020000468474
756,25.20000000000041,SEARCH,0,0,0,1,-3.9236587916703165,7.949718082812417,11.298624294184897,-8.03621832377954,11.283759411301359,-8.022272810560532,22.053799253145993,1764.3039402516793,nan,0,3.80330000189133,19.82470000803005
757,25.233333333333746,SEARCH,0,0,0,1,-3.852327912593422,7.958148125754609,11.496336176743593,-7.777862052091338,11.510493914271084,-7.753751827360833,21.97453286467527,1757.9626291740217,nan,0,3.519399993820116,17.609300004551187
758,25.26666666666708,ACQUIRING,0,0,0,1,-3.7808449502067702,7.965807049606793,11.695874725099598,-7.502495642100665,11.70731771609196,-7.501417518570751,21.888769234933353,1751.1015387946684,1365.1893844399315,1,3.828899993095547,18.096400002832524
759,25.300000000000416,ACQUIRING,0,0,0,1,-3.7092127265353274,7.972694112243757,11.806524384566714,-7.138240343221103,11.805421595147664,-7.146179924425669,21.662969101030928,1733.0375280824742,1361.7440644001226,0,3.6188999947626144,17.172899999422953
760,25.33333333333375,ACQUIRING,0,0,0,1,-3.637434069496631,7.978808646331167,11.828285155144941,-6.738149410922163,11.822627065013414,-6.731435243096502,21.340214749838676,1707.217179987094,1358.2606163161956,0,3.827300010016188,15.844499997911043
761,25.366666666667086,ACQUIRING,0,0,0,1,-3.565511812789155,7.984150059390234,11.761157036834279,-6.405369913583559,11.770611479679552,-6.390638877292151,21.01978198307412,1681.5825586459298,1354.7389437429547,0,3.594499998143874,17.007799993734807
762,25.40000000000042,ACQUIRING,0,0,0,1,-3.493448795780455,7.988717833855122,11.605140029634727,-6.123710802791438,11.617421543330883,-6.1223718578677415,20.675136146910425,1654.0108917528341,1351.1789556400038,0,3.5213999944971874,17.010600000503473
763,25.433333333333756,SEARCH,0,0,0,1,-3.4212478633950294,7.992511527123102,11.360234133546287,-5.8856180438258505,11.360604066344639,-5.904445030109203,20.28863100424349,1623.0904803394792,nan,0,3.4392999950796366,18.747399997664616
764,25.46666666666709,SEARCH,0,0,0,1,-3.348911866002072,7.995530771597436,11.204217126346736,-5.736414173749153,11.195387430934995,-5.737693500579161,20.003451975816187,1600.2761580652948,nan,0,3.791099996306002,17.805000010412186
765,25.500000000000426,SEARCH,0,0,0,1,-3.2764436593029,7.997775274722993,11.137089008036073,-5.6760991925613435,11.140469794527764,-5.667834881782536,19.864448003527073,1589.1558402821656,nan,0,3.521599996020086,18.721999993431382
766,25.53333333333376,SEARCH,0,0,0,1,-3.2038461042182287,7.999244819014603,11.1588497786143,-5.608350479179912,11.175939735179865,-5.603270141587921,19.79410654817159,1583.5285238537272,nan,0,3.497600002447143,18.043899995973334
767,25.566666666667096,SEARCH,0,0,0,1,-3.1311220667752364,7.999939262078126,11.269499438081416,-5.481207644812187,11.263259616950482,-5.495944926226569,19.73162725374953,1578.5301802999622,nan,0,3.4542999928817153,16.387300012866035
768,25.60000000000043,SEARCH,0,0,0,1,-3.0582744179943777,7.99985853662425,11.46903798643742,-5.3056337729003005,11.45155743563458,-5.3128856062510765,19.691733723424324,1575.338697873946,nan,0,3.363099996931851,15.015700002550147
769,25.633333333333766,ACQUIRING,0,0,0,1,-2.985306033776101,7.999002650475015,11.757465423682314,-5.090460275428585,11.745913914894224,-5.084417877538078,19.70240426671164,1576.1923413369311,1611.2914139395536,1,3.78249998902902,14.522900004521944
770,25.6666666666671,ACQUIRING,0,0,0,1,-2.912219794787273,7.997371686563048,12.03947162407914,-4.849929025428585,12.048244427507758,-4.830499500117673,19.707099454984316,1576.5679563987453,1606.4499444786466,0,3.4542999928817153,16.317800007527694
771,25.700000000000436,ACQUIRING,0,0,0,1,-2.8390185863474664,7.994965802923537,12.261156708621058,-4.660847400924617,12.272090566588894,-4.667627644251159,19.715143738770674,1577.211499101654,1601.571647323679,0,4.154599999310449,16.688499992596917
772,25.73333333333377,ACQUIRING,0,0,0,1,-2.7657052983150594,7.991785232678906,12.449567404049507,-4.500146465906154,12.442547643894697,-4.508635696598075,19.686327259378213,1574.9061807502571,1596.6565071815044,0,3.4103000070899725,17.312800002400763
773,25.766666666667106,ACQUIRING,0,0,0,1,-2.6922828249731108,7.987830284016234,12.608792432937754,-4.3643388305567035,12.60419732671801,-4.353078478601198,19.654015724994423,1572.321257999554,1591.7045137880475,0,3.3899000118253753,16.123099994729273
774,25.80000000000044,SEARCH,0,0,0,1,-2.618754064915158,7.983101340157395,12.743403178564455,-4.249525429775226,12.762644988465894,-4.23098759316914,19.641064261148408,1571.2851408918727,nan,0,3.5540000098990276,16.138899998622946
775,25.833333333333776,SEARCH,0,0,0,1,-2.545121920930748,7.977598859321916,12.92613727899667,-4.170065755875854,12.93545759051178,-4.170906442010203,19.67827540885097,1574.2620327080776,nan,0,3.2307000074069947,16.475399999762885
776,25.86666666666711,SEARCH,0,0,0,1,-2.471389299890857,7.9713233746825845,13.097131079746251,-4.030258429950996,13.086616508314894,-4.037256591037625,19.653435768874118,1572.2748615099297,nan,0,3.299400006653741,17.0627999905264
777,25.900000000000446,SEARCH,0,0,0,1,-2.3975591126330924,7.964275494313782,13.256569211975775,-3.8415032449918423,13.239477716683897,-3.84011114279095,19.592357302776833,1567.3885842221466,nan,0,3.242299993871711,15.118800001800992
778,25.93333333333378,SEARCH,0,0,0,1,-2.323634273846839,7.956455901132566,13.40458467421406,-3.612982289062817,13.394705758304916,-3.5978826284203516,19.508176547844126,1560.6541238275302,nan,0,3.61729999713134,17.589900002349168
779,25.966666666667116,SEARCH,0,0,0,1,-2.2496177019581536,7.947865352832496,13.541270954614712,-3.3521036843224787,13.549602003333954,-3.3455882735444153,19.420541653291142,1553.643332263291,nan,0,3.7043999909656122,18.103900001733564
780,26.00000000000045,SEARCH,0,0,0,1,-2.1755123190145573,7.938504681810214,13.666691725377476,-3.06485652733008,13.655926577314888,-3.0799566433628964,19.28836300733031,1543.069040586425,nan,0,3.7895999994361773,17.871100004413165
781,26.033333333333786,SEARCH,0,0,0,1,-2.1013210505696907,7.9283747950847925,13.780888593521974,-2.75609479080242,13.7722921983901,-2.7644589311106387,19.139182079535537,1531.134566362843,nan,0,3.3454999938840047,16.75400001113303
782,26.06666666666712,SEARCH,0,0,0,1,-2.0270468255677754,7.9174766742098415,13.88388729538779,-2.4297643949868095,13.88653625629588,-2.416936556854573,18.974778610929203,1517.9822888743365,nan,0,3.4405000042170286,17.310099996393546
783,26.100000000000456,SEARCH,0,0,0,1,-1.9526925762280463,7.905811375178406,13.97570264478322,-2.089084815215826,13.983128588548723,-2.075329915856069,18.803552261935526,1504.284180954842,nan,0,3.4650999878067523,16.47899999807123
784,26.13333333333379,SEARCH,0,0,0,1,-1.8782612379289527,7.893380028320633,14.056342482744277,-1.7366943189285042,14.054180066369904,-1.7461925477785942,18.621601578940854,1489.7281263152684,nan,0,3.7958000029902905,19.260100001702085
785,26.166666666667126,SEARCH,0,0,0,1,-1.8037557490922844,7.880183838194262,14.125810827297622,-1.374766106817,14.118853008636489,-1.3863571940013744,18.42276451440083,1473.8211611520662,nan,0,3.2728000078350306,18.521099991630763
786,26.20000000000046,SEARCH,0,0,0,1,-1.729179051067177,7.86622408346789,14.184110381967324,-1.0051011778560752,14.177500516341228,-1.005191788178721,18.213304873852834,1457.064389908227,nan,0,3.312900007585995,18.40760000050068
787,26.233333333333796,SEARCH,0,0,0,1,-1.6545340880139519,7.851502116797085,14.231244530042947,-0.6292025740507513,14.229587471739991,-0.6154928058345425,17.99987002022264,1439.989601617811,nan,0,3.6419000098248944,21.306599999661557
788,26.26666666666713,SEARCH,0,0,0,1,-1.5798238067879475,7.8360193646933105,14.267218916249034,-0.24833472959873454,14.267166619135926,-0.255729509498333,17.79335565322923,1423.4684522583386,nan,0,3.5523999977158383,16.65010000579059
789,26.300000000000466,SEARCH,0,0,0,1,-1.5050511568231433,7.819777327385704,14.292042697154649,0.13642909574774031,14.280582240448963,0.11831687126485227,17.564131487502184,1405.1305190001747,nan,0,3.4111999993911013,16.721699998015538
790,26.3333333333338,SEARCH,0,0,0,1,-1.430219090015728,7.802777578675715,14.30572952542099,0.5241689152663442,14.294908007171735,0.5212816217395632,17.329160556517934,1386.3328445214345,nan,0,3.603699995437637,18.420000007608905
791,26.366666666667136,SEARCH,0,0,0,1,-1.3553305606075767,7.785021765784601,14.308298319992979,0.9140877386865187,14.312083971713134,0.9335968660943483,17.099997113557354,1367.9997690845883,nan,0,3.6865999863948673,19.02590000827331
792,26.40000000000047,SEARCH,0,0,0,1,-1.2803885250695795,7.766511609193816,14.29977386394753,1.3054873947370276,14.300060800649366,1.3134823643291944,16.863925629175846,1349.1140503340678,nan,0,3.5881999938283116,16.6458000021521
793,26.433333333333806,SEARCH,0,0,0,1,-1.2053959419849891,7.747248902478304,14.280187263396968,1.6977492322263756,14.280590336527649,1.6816443079598742,16.63151617007075,1330.5212936056598,nan,0,3.1575000029988587,17.655999996350147
794,26.46666666666714,SEARCH,0,0,0,1,-1.1303557719325774,7.72723551213272,14.249576294195032,2.09031872315898,14.24041648203056,2.0908316129473032,16.371612278512938,1309.7289822810349,nan,0,3.6318000056780875,17.404700003680773
795,26.500000000000476,SEARCH,0,0,0,1,-1.0552709773697688,7.706473377390546,14.207985657872513,2.4826931866679454,14.20845234507665,2.496499406680619,16.128393548015552,1290.2714838412442,nan,0,3.069300000788644,16.43550000153482
796,26.53333333333381,SEARCH,0,0,0,1,-0.980144522515698,7.6849645100362105,14.15546716397339,2.8744120087682634,14.173151977333438,2.8837582086826994,15.895721964116532,1271.6577571293226,nan,0,3.431100005400367,18.483399995602667
797,26.566666666667146,SEARCH,0,0,0,1,-0.9049793732341436,7.662710994210137,14.092079852557825,3.2650488579137957,14.088850952690416,3.2550074046588233,15.628269218821337,1250.261537505707,nan,0,4.062900014105253,18.069299985654652
798,26.60000000000048,SEARCH,0,0,0,1,-0.8297784969165067,7.639714986206801,14.017890067914944,3.6542054963258415,14.004087353613235,3.655348928046519,15.359646771880275,1228.771741750422,nan,0,3.2370999979320914,19.3310000031488
799,26.633333333333816,SEARCH,0,0,0,1,-0.7545448623646203,7.6159787142658075,13.932971492349758,4.041506867049788,13.930893867204889,4.056918273423547,15.110559946656789,1208.8447957325432,nan,0,3.450500007602386,19.32999999553431
800,26.66666666666715,SEARCH,0,0,0,1,-0.6792814396735657,7.591504478355955,13.837405147166047,4.426597200688005,13.852307101216365,4.438824057396735,14.86964893191575,1189.5719145532598,nan,0,3.250800000387244,15.149600003496744
801,26.700000000000486,SEARCH,0,0,0,1,-0.6039912001143783,7.566294649952394,13.731279366573055,4.8091369369515915,13.743864115105499,4.81105367989362,14.610007014015213,1168.800561121217,nan,0,3.300399999716319,16.294999993988313
802,26.73333333333382,SEARCH,0,0,0,1,-0.5286771160168092,7.54035167180683,13.61468974912884,5.188800297129977,13.609526588662108,5.173878153292738,14.334887544338292,1146.7910035470634,nan,0,3.4791999933077022,17.69560000684578
803,26.766666666667156,SEARCH,0,0,0,1,-0.4533421606519399,7.513678057710845,13.487739090441274,5.565273376343492,13.480983833388468,5.562657064291154,14.070249600662901,1125.6199680530322,nan,0,3.523699997458607,16.869200000655837
804,26.80000000000049,SEARCH,0,0,0,1,-0.3779893081148141,7.486276392252293,13.350537300134253,5.938252650657809,13.360959353858194,5.943689502056871,13.82527701892923,1106.0221615143384,nan,0,4.034500001580454,18.611100007547066
805,26.833333333333826,SEARCH,0,0,0,1,-0.302621533207036,7.458149330564883,13.203201305516032,6.307443815111004,13.212331881788584,6.299554482829485,13.564523870401821,1085.1619096321456,nan,0,3.450400006840937,16.794600000139326
806,26.86666666666716,SEARCH,0,0,0,1,-0.22724181131928728,7.429299598070893,13.045854943930117,6.672560885482531,13.041198524001432,6.652284774967411,13.291172294695766,1063.2937835756613,nan,0,3.2737000001361594,15.96639999479521
807,26.900000000000496,SEARCH,0,0,0,1,-0.15185311831392795,7.3997299902170885,12.878628845403934,7.033325510057102,12.871620466257243,7.03489058692433,13.028582885264925,1042.286630821194,nan,0,4.086100001586601,17.769300000509247
808,26.93333333333383,SEARCH,0,0,0,1,-0.0764584304074718,7.369443372203868,12.701660306918471,7.38946644837612,12.712649297766498,7.390518954755246,12.789125093727836,1023.130007498227,nan,0,3.5711999953491613,18.8207000028342
809,26.966666666667166,SEARCH,0,0,0,1,-0.0010607240531009445,7.338442678707605,12.5150931593882,7.740719182562241,12.529617408881272,7.737754684681912,12.537038906748071,1002.9631125398457,nan,0,3.52700000803452,16.531000001123175
810,27.0000000000005,SEARCH,0,0,0,1,0.07433702417682861,7.306730913596309,12.31907762825373,8.086825633677542,12.318778512582014,8.074062876637715,12.268461423686475,981.476913894918,nan,0,3.4816999977920204,20.016900001792237
811,27.033333333333836,SEARCH,0,0,0,1,0.1497318377083397,7.274311149638543,12.113770188439782,8.427533961076797,12.116146779483799,8.425428980944282,12.021653747313511,961.732299785081,nan,0,3.757500002393499,16.26360000227578
812,27.06666666666717,SEARCH,0,0,0,1,0.22512074008328004,7.241186528205716,11.899333414311362,8.762598427118878,11.906940094211546,8.782996026067933,11.783126917341757,942.6501533873405,nan,0,3.2347000087611377,16.0704000008991
813,27.100000000000506,SEARCH,0,0,0,1,0.30050075507687035,7.207360258967652,11.675935825164961,9.091779313121386,11.694886917299831,9.098700764356005,11.550290252681132,924.0232202144905,nan,0,3.902700002072379,15.726800003903918
814,27.13333333333384,SEARCH,0,0,0,1,0.37586890681518986,7.1728356195816065,11.363649347129671,9.332071310235005,11.372323429353147,9.328675405499176,11.205786775090385,896.4629420072308,nan,0,3.0340000084834173,14.699799998197705
815,27.166666666667176,SEARCH,0,0,0,1,0.4512222198926483,7.137615955374663,10.962473980205493,9.483474418459735,10.953017724921951,9.4706531305676,10.75782372463343,860.6258979706746,nan,0,3.533600000082515,19.41330000408925
816,27.20000000000051,SEARCH,0,0,0,1,0.5265577194894924,7.101704679019605,10.472409724392426,9.545988637795576,10.459541853853883,9.560293385759588,10.232733371022823,818.6186696818257,nan,0,2.9535000066971406,17.989999993005767
817,27.233333333333846,SEARCH,0,0,0,1,0.6018724314891821,7.0651052702042,9.89345657969047,9.519613968242528,9.900258568758177,9.533133319949576,9.620350680307148,769.6280544245717,nan,0,3.0150999955367297,15.975200003595091
818,27.26666666666718,SEARCH,0,0,0,1,0.6771633825958474,7.027821275294058,9.225614546099626,9.40435040980059,9.233593912253049,9.39849350478871,8.878771887403515,710.3017509922813,nan,0,3.073699990636669,16.455899996799417
819,27.300000000000516,SEARCH,0,0,0,1,0.7524276004516464,6.989856306988981,8.468883623619892,9.200197962469765,8.452241390253901,9.179613235251304,8.005133840386543,640.4107072309234,nan,0,3.138299987767823,17.020300001604483
820,27.33333333333385,SEARCH,0,0,0,1,0.8276621137541529,6.951214043972938,7.635550290286559,8.907156626250051,7.621812984477153,8.907741276758387,7.070253522100688,565.6202817680551,nan,0,3.1586999975843355,14.848800012259744
821,27.366666666667186,SEARCH,0,0,0,1,0.9028639523735926,6.911898230557567,6.802216956953226,8.525226401141449,6.809370509860941,8.546633399605225,6.128554379832354,490.2843503865883,nan,0,3.22250000317581,16.493600007379428
822,27.40000000000052,SEARCH,0,0,0,1,0.9780301474701435,6.871912676319387,5.9688836236198926,8.054407287143956,5.967942185320059,8.060949072329109,5.129622763568027,410.3698210854422,nan,0,3.1090999982552603,15.803399990545586
823,27.433333333333856,SEARCH,0,0,0,1,1.053157731611128,6.831261255730667,5.1355502902865595,7.494699284257575,5.123683244844474,7.48270238779971,4.12232379883422,329.7859039067376,nan,0,3.0861000122968107,16.251099994406104
824,27.46666666666719,SEARCH,0,0,1,1,1.128243738888153,6.789947907783983,4.3022169569532265,6.846102392482305,4.29478603207465,6.846243583101731,3.1670426737886372,253.363413903091,nan,0,3.117699990980327,13.765399999101646
825,27.500000000000526,SEARCH,0,0,1,1,1.20328520503424,6.747976635610576,3.468883623619893,6.108616611818146,3.47383022120058,6.124764302065875,2.354520818153884,188.36166545231075,nan,0,3.5093999904347584,14.26720000745263
826,27.53333333333386,SEARCH,0,0,1,1,1.2782791675407863,6.70535150609242,2.6479417928059314,5.282241942265098,2.6662034705238886,5.284131038939735,1.9865048419434634,158.9203873554771,nan,0,2.6683000032790005,14.814099995419383
827,27.566666666667196,SEARCH,0,0,1,1,1.3532226657745625,6.662076649468177,1.915888850880859,4.499784125195491,1.9185882097127847,4.485332940113448,2.2489667348557973,179.91733878846378,nan,0,3.34100000327453,19.628599999123253
828,27.60000000000053,SEARCH,0,0,1,1,1.4281127410945824,6.618156258932983,1.2727247978446754,3.8062151970147733,1.2773457734157825,3.8071308997876727,2.8150655850798723,225.2052468063898,nan,0,2.943299987236969,18.67760000459384
829,27.633333333333866,SEARCH,0,0,0,1,1.502946436968894,6.573594590232166,0.7121655185778024,3.2015351577229443,0.7073651940695332,3.2254611840257854,3.4413582812326347,275.3086624986108,nan,0,3.100600006291643,21.470099993166514
830,27.6666666666672,SEARCH,0,0,0,1,1.5777207990913413,6.528395961248833,0.20738817331585568,2.685744007320004,0.21209139881470318,2.706689951147627,4.058371654560929,324.66973236487433,nan,0,2.9212999943410978,17.649200002779253
831,27.700000000000536,SEARCH,0,0,0,1,1.652432875498131,6.482564751585512,-0.24658529011195635,2.2588417458059524,-0.2498975926840133,2.2571692154010585,4.633878359148156,370.71026873185247,nan,0,2.930000002379529,17.74209999712184
832,27.73333333333387,SEARCH,0,0,0,1,1.7270797166844143,6.436105402139774,-0.6510473665281651,1.8717580435782226,-0.662842890673788,1.8648595577231175,5.158296098447469,412.66368787579756,nan,0,3.269300010288134,16.97009999770671
833,27.766666666667206,SEARCH,0,0,0,1,1.801658375720717,6.38902241467392,-1.0045168344235407,1.4852761205250047,-1.0115338339456141,1.4821585091707243,5.656090858150831,452.48726865206646,nan,0,3.001599994604476,18.221799997263588
834,27.80000000000054,SEARCH,0,0,0,1,1.876165908369269,6.3413203513788,-1.3035055914997251,1.0918634706820027,-1.2989151996179107,1.1098443789891939,6.119598098893985,489.5678479115188,nan,0,3.0024000006960705,17.298200007644482
835,27.833333333333876,SEARCH,0,0,0,1,1.95059937320028,6.29300383443171,-1.5440315582723823,0.6919117196705955,-1.5413591189944962,0.7014069102481045,6.592399432206059,527.3919545764847,nan,0,2.7474000089569017,14.695599995320663
836,27.86666666666721,SEARCH,0,0,0,1,2.024955831707998,6.244077545548546,-1.7238202127598778,0.28811195984607624,-1.7192919846716086,0.28233821194796904,7.040009061944715,563.2007249555771,nan,0,2.6058000075863674,13.690899999346584
837,27.900000000000546,SEARCH,0,0,0,1,2.0992323484267597,6.194546225530143,-1.8421595131992567,-0.11539506472234201,-1.8511075314329084,-0.120178021508094,7.4485520393256515,595.8841631460522,nan,0,2.4924000026658177,13.461599999573082
838,27.93333333333388,SEARCH,0,0,0,1,2.1734259910468667,6.144414673802946,-1.8997178755598885,-0.5136550619908904,-1.8884122168261657,-0.49519312481530964,7.783503153876766,622.6802523101413,nan,0,2.699800010304898,19.332299998495728
839,27.966666666667216,SEARCH,0,0,0,1,2.2475338305303385,6.093687747953905,-1.8983481763052465,-0.9013712551251587,-1.8776813092084375,-0.8995318509384381,8.11926845888606,649.5414767108848,nan,0,2.783500007353723,15.819299995200709
840,28.00000000000055,SEARCH,0,0,0,1,2.3215529412265856,6.042370363259824,-1.8408919556436671,-1.2732478659665845,-1.8486535843929757,-1.2838972764247643,8.429995254720465,674.3996203776372,nan,0,2.8405999910319224,16.175500000827014
841,28.033333333333886,SEARCH,0,0,0,1,2.3954804009878488,5.990467492211083,-1.7309923452846387,-1.6242350618570682,-1.7379733787842073,-1.6288220385164605,8.668276247476557,693.4620997981245,nan,0,2.8223999979672953,18.02950000273995
842,28.06666666666722,SEARCH,0,0,0,1,2.4693132912846,5.937984164029806,-1.5729205764774186,-1.9496979846846567,-1.5731304865182858,-1.9428474913223328,8.857136065156592,708.5708852125273,nan,0,2.8658000082941726,15.425399993546307
843,28.100000000000556,SEARCH,0,0,0,1,2.5430486973207427,5.884925464182582,-1.371418538036083,-2.245527525682285,-1.3572443765093805,-2.2365982232938078,9.009519025342437,720.7615220273949,nan,0,2.9158999968785793,15.385999999125488
844,28.13333333333389,SEARCH,0,0,0,1,2.616683708148722,5.831296533887649,-1.131558311464382,-2.508206659630399,-1.1231311738801897,-2.5223212096564835,9.152548538909821,732.2038831127857,nan,0,3.251700007240288,24.825200001941994
845,28.166666666667226,SEARCH,0,0,0,1,2.690215416784384,5.777102569616757,-0.8586186288293525,-2.7348431462827274,-0.8729945989118078,-2.7586664379545667,9.249638812763058,739.9711050210447,nan,0,3.088099998421967,16.19850000133738
846,28.20000000000056,SEARCH,0,0,0,1,2.763640920321778,5.7223488225916395,-0.5579775930725435,-2.9231770519725386,-0.5693632763985531,-2.929556007168574,9.271697479889184,741.7357983911346,nan,0,2.9850999999325722,17.72230000642594
847,28.233333333333896,SEARCH,0,0,0,1,2.836957320047749,5.667040598275184,-0.23502064602273737,-3.071569695137469,-0.220912982350702,-3.0629154746166165,9.25001101733997,740.0008813871976,nan,0,2.758600006927736,14.120699997874908
848,28.26666666666723,SEARCH,0,0,0,1,2.910161721556363,5.611183255857376,0.10493741725223549,-3.178979165059585,0.1098169812414915,-3.195368827087615,9.241065428522402,739.2852342817921,nan,0,2.571200006059371,14.643099988461472
849,28.300000000000566,SEARCH,0,0,0,1,2.983251234863215,5.554782207735963,0.4567176649313546,-3.2449264180534496,0.4527554448864359,-3.2673547362445197,9.177881520342016,734.2305216273613,nan,0,2.5717999960761517,15.663800004404038
850,28.3333333333339,SEARCH,0,0,0,1,3.0562229745194593,5.497842918992042,0.8153307568828613,-3.2694550533942577,0.8070972821218069,-3.2801220066576815,9.061524960851786,724.921996868143,nan,0,2.4839999969117343,16.664700000546873
851,28.366666666667236,SEARCH,0,0,0,1,3.129074059725762,5.440370906860497,1.176020424879521,-3.2530871607877865,1.1790214274383732,-3.2467308513175883,8.903282665715592,712.2626132572474,nan,0,2.43649999902118,14.297400004579686
852,28.40000000000057,SEARCH,0,0,0,1,3.2018016144460186,5.382371740195432,1.5342978760136277,-3.1967770716831696,1.5457821094870716,-3.2116188757831687,8.752089768068695,700.1671814454955,nan,0,2.671899987035431,13.199500011978671
853,28.433333333333906,SEARCH,0,0,0,1,3.2744027675208898,5.32385103893051,1.8859682075631685,-3.1018644064407708,1.8837979174553208,-3.117336529472861,8.554965190694437,684.397215255555,nan,0,2.323299995623529,14.885199998388998
854,28.46666666666724,SEARCH,0,0,0,1,3.3468746527811843,5.264814473534437,2.227149831834803,-2.970027463274835,2.219138454318585,-2.9694064467356625,8.311087961099716,664.8870368879773,nan,0,3.4583999949973077,15.65159999881871
855,28.500000000000576,SEARCH,0,0,0,1,3.419214409160955,5.205267764461502,2.5542878186473317,-2.8032377232657026,2.555393953730081,-2.7936608752725096,8.04543629412214,643.6349035297713,nan,0,2.5191000022459775,18.40210000227671
856,28.53333333333391,SEARCH,0,0,0,1,3.4914191808104844,5.145216681597274,2.864161974579385,-2.603716032998816,2.8767928166561623,-2.6105904934057285,7.780122782022249,622.40982256178,nan,0,2.5609000003896654,15.347699998528697
857,28.566666666667246,SEARCH,0,0,0,1,3.563486117209023,5.084667043699563,3.153890393996117,-2.3738908602196696,3.160930792368986,-2.3908717842760994,7.4863697182365225,598.9095774589218,nan,0,2.596799997263588,14.64410001062788
858,28.60000000000058,SEARCH,0,0,0,1,3.635412373277309,5.0236247178345295,3.420929138377236,-2.1163588885486013,3.4023601617385313,-2.127591885432953,7.155013084554885,572.4010467643909,nan,0,2.890300005674362,19.012399992789142
859,28.633333333333916,SEARCH,0,0,0,1,3.707195109489932,4.962095618808236,3.6630686281537854,-1.8338481170596916,3.653817581584985,-1.819909796837886,6.782215465343059,542.5772372274448,nan,0,2.5308000040240586,13.279999999213032
860,28.66666666666725,SEARCH,0,0,0,1,3.7788314919873667,4.900085708593496,3.8784272652703815,-1.5291835532810454,3.888709454571972,-1.5221091327799872,6.423134729026469,513.8507783221175,nan,0,2.7233000000705943,19.23920000263024
861,28.700000000000585,SEARCH,0,0,0,1,3.850318692687894,4.837600995752219,4.065442744901979,-1.2052555290753295,4.069464927019988,-1.2072950567244867,6.0488671135403855,483.90936908323084,nan,0,2.9235999973025173,15.376399998785928
862,28.73333333333392,SEARCH,0,0,0,1,3.9216538893992348,4.7746475348531385,4.222861460883141,-0.8649906240706136,4.211298989875063,-0.8763466493881151,5.658412282129867,452.67298257038937,nan,0,3.0267000111052766,13.253599987365305
863,28.766666666667255,SEARCH,0,0,0,1,3.992834265929959,4.711231425885187,4.349726361071457,-0.511325147789409,4.348131691097126,-0.5079043479939144,5.231215392861876,418.49723142895004,nan,0,2.577099992777221,14.010200000484474
864,28.80000000000059,SEARCH,0,0,0,1,4.063857012200702,4.647358813666413,4.445363565636294,-0.1471811069566799,4.465578018268847,-0.1190707628414103,4.783328409645835,382.6662727716668,nan,0,2.431600005365908,13.31289998779539
865,28.833333333333925,SEARCH,0,0,0,1,4.134719324355042,4.583035887248558,4.509368022695528,0.22455543325560712,4.528009766544711,0.2279729506350331,4.372785216973567,349.82281735788536,nan,0,3.9018999959807843,22.528800007421523
866,28.86666666666726,SEARCH,0,0,0,1,4.205418404870228,4.518268879317404,4.541588441377932,0.6010536975830569,4.53936437899671,0.5854431858088487,3.946978318810015,315.75826550480116,nan,0,2.9371999989962205,16.971100005321205
867,28.900000000000595,SEARCH,0,0,0,1,4.275951462667611,4.453064065588774,4.542111711848299,0.9795553702203681,4.529202945910072,0.9773796780732051,3.48489860331459,278.7918882651672,nan,0,2.3609000054420903,17.00969999365043
868,28.93333333333393,SEARCH,0,0,0,1,4.346315713222858,4.387427764200487,4.5112469947030664,1.357389701947516,4.511275111610937,1.366547977832849,3.025380354071392,242.03042832571134,nan,0,3.2605000014882535,15.862500004004687
869,28.966666666667265,SEARCH,0,0,1,1,4.416508378675833,4.3213663351001195,4.449509638063773,1.7319866734563005,4.45641084983013,1.7311575550264713,2.590516112973404,207.24128903787235,nan,0,2.634399992530234,16.46210000035353
870,29.0000000000006,SEARCH,0,0,1,1,4.486526687940291,4.254886179428802,4.357605059333263,2.1008883338119055,4.363968533405903,2.0881725985835993,2.170177007218977,173.6141605775182,nan,0,3.125000002910383,17.198899993672967
871,29.033333333333935,SEARCH,0,0,1,1,4.556367876813273,4.187993738900894,4.236412709636104,2.4617584318219294,4.234871573242893,2.4505456373901753,1.7669424944385197,141.3553995550816,nan,0,2.521499991416931,12.075400009052828
872,29.06666666666727,SEARCH,0,0,1,1,4.626029188084219,4.120695495179848,4.086970222171134,2.812390455820742,4.0858838730413725,2.816946122952506,1.4112120276365008,112.89696221092007,nan,0,4.052799995406531,12.598800007253885
873,29.100000000000605,SEARCH,0,0,1,1,4.695507871643862,4.05299796925015,3.9104578308201177,3.150714194300046,3.91175831839623,3.16362712314316,1.1854298225204754,94.83438580163804,nan,0,4.878899999312125,15.760900001623668
874,29.13333333333394,SEARCH,0,0,1,1,4.764801184592729,3.9849077207854404,3.708183132167753,3.474800926154918,3.7015270092961385,3.4717520806014,1.180627241302409,94.45017930419272,nan,0,4.414200011524372,23.571400000946596
875,29.166666666667275,SEARCH,0,0,1,1,4.833906391349474,3.9164313475129546,3.4815662524045017,3.782867345246589,3.4629681650758912,3.779700196330648,1.3777398259329652,110.21918607463722,nan,0,3.3713999873725697,15.681600008974783
876,29.20000000000061,SEARCH,0,0,1,1,4.9028207637588626,3.847575484574149,3.2321254702360953,4.073278319647891,3.2252271124810994,4.077271495034761,1.6932456159780773,135.45964927824622,nan,0,4.739299998618662,21.292599994922057
877,29.233333333333945,SEARCH,0,0,1,1,4.971541581199462,3.7783468038818278,2.9614633377627197,4.344548581442741,2.9657456021937327,4.353363896076476,2.0865910394017178,166.92728315213742,nan,0,3.7699999957112595,13.731099999858998
878,29.26666666666728,SEARCH,0,0,1,1,5.040066130691088,3.7087520134736285,2.671253333184612,4.59534343838077,2.6753933099992944,4.589495482143356,2.5233681076138823,201.86944860911058,nan,0,5.215900004259311,21.233999999822117
879,29.300000000000615,SEARCH,0,0,1,1,5.108391707001849,3.638797856862087,2.363227072022353,4.824478594106438,2.3572690448302245,4.810406105025073,2.990207649892868,239.21661199142943,nan,0,3.9299999916693196,20.81000000180211
880,29.33333333333395,SEARCH,0,0,1,1,5.1765156127549865,3.5684911123811363,2.0391620972061744,5.0309191591374685,2.028784808627503,5.031088696373732,3.4709366038511895,277.67492830809516,nan,0,2.6858999917749316,12.780700009898283
881,29.366666666667285,SEARCH,0,0,1,1,5.244435158535346,3.4978385925293596,1.700870262797841,5.213777930297076,1.7039778760586595,5.216952700040207,3.9357580062403508,314.86064049922805,nan,0,2.475899993441999,15.039200006867759
882,29.40000000000062,SEARCH,0,0,1,1,5.312147662995548,3.426847143309866,1.3501867211804075,5.372313011935451,1.3529252386026087,5.369265698761737,4.410037647274639,352.8030117819712,nan,0,2.3706000065431,9.560499995131977
883,29.433333333333955,SEARCH,0,0,0,1,5.3796504529618785,3.355523643566924,0.9889595192138346,5.505924848028168,0.9784902341767892,5.486984644037546,4.890126508378248,391.2101206702599,nan,0,3.793800002313219,20.17879999766592
884,29.46666666666729,SEARCH,0,0,0,1,5.446940863539764,3.2838750043194724,0.619039805044839,5.6141527301265715,0.6108840415762985,5.608585027239026,5.365791859168785,429.2633487335028,nan,0,3.3273000008193776,16.10959999379702
885,29.500000000000625,SEARCH,0,0,0,1,5.514016238219012,3.211908168091391,0.24227264392129616,5.696670842167176,0.24317950472637387,5.703255675358789,5.829968462444958,466.3974769955966,nan,0,2.3313999990932643,13.980799994897097
886,29.53333333333396,SEARCH,0,0,0,1,5.580873928978685,3.13963010823884,-0.13951156155486943,5.753283899329575,-0.12843105346578612,5.767385934903281,6.285003107965355,502.8002486372285,nan,0,2.5618999934522435,11.473200007458217
887,29.566666666667295,SEARCH,0,0,0,1,5.647511296391617,3.067047828274541,-0.5245050538412916,5.783922434468375,-0.522730215025278,5.769910494553496,6.736270993804868,538.9016795043894,nan,0,4.317400002037175,10.95060000079684
888,29.60000000000063,SEARCH,0,0,0,1,5.713925709728667,2.9941683611892103,-0.910930114841205,5.788637782135276,-0.9160977199385549,5.7807725767988005,7.191826870301415,575.3461496241132,nan,0,4.560900008073077,21.38929998909589
889,29.633333333333965,SEARCH,0,0,0,0,5.780114547062503,2.920998768770005,-1.2970458834659457,5.767596806851937,-1.293460844255625,5.780437076655656,7.629669472084971,610.3735577667977,nan,0,3.1202999962260947,14.449700000113808
890,29.6666666666673,SEARCH,0,0,0,0,5.846075195371164,2.847546140916313,-1.6811546092044938,5.721076419090892,-1.6686386786002743,5.72839256487738,8.047993583875927,643.8394867100741,nan,0,2.256799998576753,15.387099992949516
891,29.700000000000635,SEARCH,0,0,0,0,5.911805050641186,2.7738175949527504,-2.061607355913721,5.649457919367714,-2.0549110692810366,5.636318196626756,8.465369184507704,677.2295347606163,nan,0,2.7378000086173415,9.729299999889918
892,29.73333333333397,SEARCH,0,0,0,0,5.9773015179704485,2.6998202749395004,-2.436809171207698,5.553221207939432,-2.4477213474391477,5.534755471799312,8.889199505752423,711.1359604601938,nan,0,4.16110000514891,13.365299993893132
893,29.766666666667305,SEARCH,0,0,0,0,6.0425620116705625,2.625561350980133,-2.8052237377931823,5.432938894837906,-2.8095608283149165,5.43462482553293,9.287137146519331,742.9709717215466,nan,0,3.457299986621365,10.598300010315143
894,29.80000000000064,SEARCH,0,0,0,0,6.107583955368978,2.5510480185267634,-3.1653775238914585,5.289270342338339,-3.1539481990234863,5.303108487095604,9.6617707833246,772.941662665968,nan,0,2.5775999965844676,10.07630000822246
895,29.833333333333975,SEARCH,0,0,0,0,6.172364782110694,2.4762874976828884,-3.5158634505221356,5.122955669467652,-3.501777807314582,5.13101890612041,10.031781182396108,802.5424945916886,nan,0,4.0687000000616536,17.585699999472126
896,29.86666666666731,SEARCH,0,0,0,0,6.236901934459586,2.401287032503756,-3.8553440939187644,4.934809745790676,-3.848414520820116,4.918073217178692,10.394605365404988,831.568429232399,nan,0,3.2704000041121617,18.50140000169631
897,29.900000000000645,SEARCH,0,0,0,0,6.3011928645994,2.326053890294493,-4.1825544417138,4.7257161994692,-4.1903204781249075,4.721292720545171,10.761459997347144,860.9167997877715,nan,0,2.3988000029930845,15.126799989957362
898,29.93333333333398,SEARCH,0,0,0,0,6.36523503443429,2.2505953609058458,-4.496304221784894,4.49662146246525,-4.488005553910011,4.517169596694997,11.0873887834254,886.991102674032,nan,0,2.482700001564808,12.395300000207499
899,29.966666666667315,SEARCH,0,0,0,0,6.42902591568905,2.1749187560278695,-4.7954798228077555,4.2485288737508995,-4.792271416334671,4.251988166677254,11.411911809610958,912.9529447688767,nan,0,2.779200003715232,15.609799986123107
900,30.00000000000065,SEARCH,0,0,0,0,6.4925629900089135,2.099031408481438,-5.079045825623657,3.9824928594878366,-5.081239956185847,3.980386668225579,11.725715852378201,938.0572681902562,nan,0,3.2605000014882535,18.433299992466345
901,30.033333333333985,SEARCH,0,0,0,0,6.555843749058971,2.022940671507701,-5.346046164512,3.699613207346397,-5.360911666318526,3.6931087208245477,12.033225708133616,962.6580566506892,nan,0,3.43510000675451,16.06869998795446
902,30.06666666666732,SEARCH,0,0,0,0,6.618865694623226,1.946653918055634,-5.595604937369071,3.4010294504412926,-5.601239686407106,3.4165159762431947,12.308187112389293,984.6549689911435,nan,0,2.8565999964484945,10.122199993929826
903,30.100000000000655,SEARCH,0,0,0,0,6.681626338703172,1.8701785400675406,-5.8269268836412795,3.087915374765741,-5.821154834057337,3.0940761913562365,12.562542040318299,1005.0033632254638,nan,0,3.711900004418567,24.87900000414811
904,30.13333333333399,SEARCH,0,0,0,0,6.7441232036160415,1.793521947762853,-6.039297548652141,2.761473662502808,-6.028253267371223,2.748290831251097,12.808012505361887,1024.641000428951,nan,0,3.1676999933551997,14.749300011317246
905,30.166666666667325,SEARCH,0,0,0,0,6.806353822092621,1.7166915689200903,-6.232083152703726,2.4229306821785532,-6.241489620425976,2.4140681964482194,13.066466724447665,1045.3173379558132,nan,0,2.3013000027276576,13.916199997765943
906,30.20000000000066,SEARCH,0,0,0,0,6.86831573737464,1.6396948481571172,-6.4047301830312495,2.0735314352921272,-6.4080000122152905,2.086100954616594,13.283818663874253,1062.70549310994,nan,0,2.8261999977985397,13.24400000157766
907,30.233333333333995,SEARCH,0,0,0,0,6.930006503311797,1.5625392462098397,-6.556764726349485,1.714534667809537,-6.54627788222386,1.7307766024156384,13.477334478592391,1078.1867582873913,nan,0,3.401200010557659,11.686400001053698
908,30.26666666666733,SEARCH,0,0,0,0,6.991423684458276,1.4852322392092014,-6.687791559356743,1.3472081537367186,-6.683736834774133,1.3542278694038095,13.675787998198896,1094.0630398559115,nan,0,3.7278000090736896,12.325899995630607
909,30.300000000000665,SEARCH,0,0,0,0,7.052564856168925,1.407781317956824,-6.797493014160802,0.9728241568903234,-6.812379694917174,0.9510617548003892,13.872464819348505,1109.7971855478804,nan,0,3.875399997923523,12.325100004090928
910,30.333333333334,SEARCH,0,0,0,0,7.113427604694979,1.3301939871991462,-6.885627635165586,0.5926550759578885,-6.888478139006683,0.594054216446512,14.021243390569516,1121.6994712455612,nan,0,2.5406000058865175,16.226299994741566
911,30.366666666667335,SEARCH,0,0,0,0,7.174009527279329,1.2524777649002932,-6.952028643511321,0.20796927697952827,-6.9471264600561575,0.2177290703980699,14.15899666055457,1132.7197328443656,nan,0,2.4879000120563433,13.518699997803196
912,30.40000000000067,SEARCH,0,0,0,0,7.234308232251424,1.1746401815135261,-6.996602224697751,-0.17997288351215607,-6.986786843131643,-0.18226327339087361,14.285682767337935,1142.8546213870347,nan,0,3.4192000020993873,13.995600005728193
913,30.433333333334005,SEARCH,0,0,0,0,7.294321339121629,1.0966887792516213,-7.019325654543001,-0.5699228422916554,-7.020017558491553,-0.5724783029302759,14.411329460669524,1152.9063568535619,nan,0,2.4447000032523647,15.264399989973754
914,30.46666666666734,SEARCH,0,0,0,0,7.354046478675244,1.0186311113560398,-7.0202452781424824,-0.9606474185534987,-7.026680396313847,-0.9738039826888284,14.518095710423426,1161.4476568338741,nan,0,2.3109000030672178,9.678999995230697
915,30.500000000000675,SEARCH,0,0,0,0,7.413481293066017,0.9404747413650286,-6.999474355995615,-1.3509322074333487,-6.99978344818072,-1.3394787277636813,14.592477114001529,1167.3981691201225,nan,0,2.486700002918951,11.09569999971427
916,30.53333333333401,SEARCH,0,0,0,0,7.47262343590926,0.862227242380794,-6.957190790965306,-1.739584777700133,-6.943411441906441,-1.7303158716829683,14.64729809202633,1171.7838473621064,nan,0,2.158099989173934,11.161500005982816
917,30.566666666667345,SEARCH,0,0,0,0,7.5314705723744355,0.7838961963356079,-6.8936347492282195,-2.125437674000172,-6.8884275542029805,-2.1310951333929187,14.711581710790425,1176.9265368632339,nan,0,2.1326999994926155,10.588500008452684
918,30.60000000000068,SEARCH,0,0,0,0,7.590020379277355,0.7054891932571994,-6.809106187864849,-2.50735122460466,-6.819550306312654,-2.511638756753833,14.764336747370574,1181.146939789646,nan,0,2.2899999894434586,9.76910001190845
919,30.633333333334015,SEARCH,0,0,0,0,7.6482705451719,0.6270138305332766,-6.703962301228974,-2.8842161561369966,-6.707525257925331,-2.879960702733642,14.777947879093592,1182.2358303274873,nan,0,2.2597000061068684,12.505799997597933
920,30.66666666666735,SEARCH,0,0,0,0,7.706218770441248,0.5484777121754214,-6.578614897727787,-3.2549560172386527,-6.573800190637835,-3.253170295570491,14.777397237117794,1182.1917789694235,nan,0,2.5670000031823292,14.6552999940468
921,30.700000000000685,SEARCH,0,0,0,0,7.763862767388709,0.4698884480821994,-6.433527718138295,-3.6185294135736497,-6.432076547477611,-3.623165638636615,14.77422704537103,1181.9381636296825,nan,0,3.2657999981893227,12.282000010600314
922,30.73333333333402,SEARCH,0,0,0,0,7.8212002603279736,0.3912536533018421,-6.269213706083731,-3.973932056974437,-6.276536950932477,-3.9921167187590276,14.763472839966166,1181.0778271972933,nan,0,2.3201000003609806,13.89440000639297
923,30.766666666667355,SEARCH,0,0,0,0,7.878228985673001,0.31258094729435915,-6.086232240796851,-4.320198631898026,-6.085495186839319,-4.312537355201625,14.709769273448453,1176.7815418758762,nan,0,2.148800005670637,11.191800003871322
924,30.80000000000069,SEARCH,0,0,0,0,7.934946692027363,0.23387795319322233,-5.885186341806103,-4.656404482692566,-5.876999775184934,-4.642852913403974,14.647606260353944,1171.8085008283156,nan,0,3.054200002225116,15.460100010386668
925,30.833333333334025,SEARCH,0,0,0,0,7.99135114027312,0.1551522970667656,-5.66671985469669,-4.981667125473072,-5.657816621115851,-4.977176846754496,14.582200897637403,1166.576071810992,nan,0,2.25720000162255,12.187400003313087
926,30.86666666666736,SEARCH,0,0,0,0,8.047440103659254,0.07641160717915789,-5.4315146266223175,-5.295147588672356,-5.450955006217158,-5.312280299048605,14.534258529508138,1162.740682360651,nan,0,2.427800005534664,11.99359999736771
927,30.900000000000695,SEARCH,0,0,0,0,8.103211367889518,-0.0023364867486941913,-5.180287679775562,-5.596051586571317,-5.195953427019863,-5.594365420040094,14.42700841591649,1154.1606732733192,nan,0,3.060100003494881,14.765899992198683
928,30.93333333333403,SEARCH,0,0,0,0,8.158662731209898,-0.0810843542784705,-4.913788390566042,-5.883630530322988,-4.912758709149878,-5.871346383318621,14.296474839499469,1143.7179871599574,nan,0,2.5882999907480553,12.842700001783669
929,30.966666666667365,SEARCH,0,0,0,0,8.213792004495518,-0.1598243649937455,-4.632795681806376,-6.157182381168942,-4.624939501158238,-6.163000698490213,14.1729020586935,1133.83216469548,nan,0,2.740099997026846,15.139900002395734
930,31.0000000000007,SEARCH,0,0,0,0,8.268597011337057,-0.23854888923943646,-4.338115234766807,-6.416052350706082,-4.344661753730975,-6.434906817382041,14.053083229249774,1124.2466583399819,nan,0,2.7553999971132725,12.996699995710514
931,31.033333333334035,SEARCH,0,0,0,0,8.323075588126704,-0.3172502988610358,-4.030576727530732,-6.65963345319814,-4.041264170576272,-6.672460287950509,13.90199955668485,1112.159964534788,nan,0,3.2082000107038766,13.319199992110953
932,31.06666666666737,SEARCH,0,0,0,0,8.377225584143519,-0.3959209679437691,-3.7110311056655103,-6.887366915040631,-3.7058797195233257,-6.8791998097070675,13.712561333301576,1097.0049066641259,nan,0,2.793999999994412,12.729000009130687
933,31.100000000000705,SEARCH,0,0,0,0,8.431044861638378,-0.4745532735515358,-3.380347890816258,-7.0987424465818645,-3.373130839454135,-7.087155819582513,13.530154338145529,1082.4123470516422,nan,0,4.137700001592748,12.834199995268136
934,31.13333333333404,SEARCH,0,0,0,0,8.484531295918364,-0.553139596465491,-3.039412532434859,-7.293298381577306,-3.0408934165327537,-7.307611964078007,13.358828981883851,1068.7063185507081,nan,0,4.774799992446788,23.5227999946801
935,31.166666666667375,SEARCH,0,0,0,0,8.537682775430621,-0.6316723219224083,-2.6891238074726025,-7.470621689611111,-2.70668175638424,-7.483355024289238,13.167432915274293,1053.3946332219434,nan,0,2.8340999997453764,22.643199990852736
936,31.20000000000071,SEARCH,0,0,0,0,8.590497201845768,-0.7101438403524688,-2.330391272492582,-7.6303478668583615,-2.3357572906751973,-7.622190497886792,12.929014897944311,1034.321191835545,nan,0,2.701699995668605,15.11900000332389
937,31.233333333334045,ACQUIRING,0,0,0,0,8.642972490140671,-0.7885465481166332,-1.9641327722975463,-7.7721607105854,-1.9506164975801443,-7.7647615321162595,12.68430932860519,1014.7447462884152,1070.1369854428724,1,3.112000005785376,13.159099995391443
938,31.26666666666738,ACQUIRING,0,0,0,0,8.695106568680805,-0.8668728482433529,-1.6867631609913996,-8.002862443201327,-1.679270918895054,-7.999906046431171,12.589990899963762,1007.1992719971009,1069.0363325436817,0,2.9300999885890633,15.532100005657412
939,31.300000000000715,ACQUIRING,0,0,0,0,8.746897379302006,-0.9451151511647774,-1.4982824385741416,-8.290209826794088,-1.5116395498510298,-8.303688470597312,12.624824007654956,1009.9859206123965,1067.9714666863463,0,3.081000002566725,13.049500004854053
940,31.33333333333405,ACQUIRING,0,0,0,0,8.798342877391764,-1.0232658754521027,-1.3986906050457726,-8.527663312461483,-1.4035217979966774,-8.518435934199136,12.659210759935887,1012.736860794871,1066.9423318851923,0,3.6989999935030937,13.24420000310056
941,31.366666666667385,ACQUIRING,0,0,0,0,8.849441031969903,-1.1013174485502009,-1.3793598146598651,-8.728733608699699,-1.3855752499006455,-8.723098299536678,12.761155967647264,1020.8924774117811,1065.9488542329198,0,3.600699987146072,12.267700003576465
942,31.40000000000072,SEARCH,0,0,0,0,8.900189825768768,-1.1792623075113917,-1.3591702832687291,-8.898697339268658,-1.3580969129050295,-8.900144167632709,12.839176901608651,1027.134152128692,nan,0,2.9784999933326617,12.893799997982569
943,31.433333333334055,SEARCH,0,0,0,0,8.950587255312877,-1.2570928997282107,-1.2500918629887041,-8.979772180948729,-1.2517661802536553,-8.995240719868304,12.80495791912473,1024.3966335299783,nan,0,3.049899998586625,13.530500000342727
944,31.46666666666739,SEARCH,0,0,0,0,9.000631330998,-1.3348016836653178,-1.0521245538197903,-8.97195813373991,-1.0708661062542002,-8.973763820406779,12.640759595655133,1011.2607676524107,nan,0,2.9257999995024875,16.480799997225404
945,31.500000000000725,SEARCH,0,0,0,0,9.050320077169733,-1.4123811295901914,-0.7652683557619876,-8.875255197642204,-0.76134282782719,-8.86795707288484,12.322919362209856,985.8335489767885,nan,0,2.6790999982040375,20.404800001415424
946,31.53333333333406,SEARCH,0,0,0,0,9.099651532201447,-1.4898237203027629,-0.3910035354542198,-8.78568849964861,-0.37318328911657755,-8.787485612601596,11.957862210541057,956.6289768432846,nan,0,2.9808000108459964,15.644099999917671
947,31.566666666667395,SEARCH,0,0,0,0,9.14862374857177,-1.5671219518637547,-0.01127608818544773,-8.70883987096617,-0.0076375183413978425,-8.730743767487764,11.625600969638453,930.0480775710764,nan,0,2.755199995590374,14.688299997942522
948,31.60000000000073,SEARCH,0,0,0,0,9.197234792941451,-1.6442683343218707,0.3724816527375562,-8.63837169873693,0.36896419790260987,-8.65239545138748,11.271743759870422,901.7395007896338,nan,0,5.160100001376122,13.195699997595511
949,31.633333333334065,SEARCH,0,0,0,0,9.24548274622969,-1.7212553924394927,0.7589473456056648,-8.569250419419244,0.7609520636854487,-8.566706485817399,10.901718285429293,872.1374628343434,nan,0,3.1226999999489635,24.451500008581206
950,31.6666666666674,SEARCH,0,0,0,0,9.293365703689915,-1.798075666417022,1.1468900321746067,-8.497493529938136,1.1564989409188362,-8.489563009790965,10.534923045832958,842.7938436666366,nan,0,2.597699989564717,15.730099999927916
951,31.700000000000735,SEARCH,0,0,0,0,9.34088177498495,-1.8747217126157227,1.5351555582890486,-8.419966935304357,1.5271830587894146,-8.427494827679936,10.197682242793414,815.8145794234731,nan,0,2.9317000007722527,13.521300003048964
952,31.73333333333407,SEARCH,0,0,0,0,9.388029084261662,-1.951186104278932,1.9226552005551123,-8.334222556638755,1.9037445052336546,-8.341619145867377,9.841348998938193,787.3079199150554,nan,0,2.7575999993132427,12.957799990545027
953,31.766666666667405,SEARCH,0,0,0,0,9.434805770225006,-2.0274614322517714,2.3083568409004886,-8.23836813965663,2.301306576952204,-8.237743514168923,9.458034377047113,756.6427501637689,nan,0,2.98169998859521,14.797400013776496
954,31.80000000000074,SEARCH,0,0,0,0,9.481209986211509,-2.103540305699016,2.6912781625350988,-8.130962816537236,2.7050036957762167,-8.111073156473877,9.055794975797207,724.4635980637765,nan,0,3.6694000009447336,13.981299998704344
955,31.833333333334075,SEARCH,0,0,0,0,9.527239900262195,-2.1794153528212687,3.07048144619822,-8.010933264375426,3.0826956129578598,-8.014762763656867,8.693873157354705,695.5098525883765,nan,0,2.8673999913735315,21.61599999817554
956,31.86666666666741,SEARCH,0,0,0,0,9.572893695194868,-2.2550792215692113,3.445069629908244,-7.877506335604908,3.4327550943455596,-7.890736560301956,8.334382741226369,666.7506192981094,nan,0,2.974800008814782,16.52489999833051
957,31.900000000000745,SEARCH,0,0,0,0,9.618169568675873,-2.330524580356073,3.8141833629254975,-7.73015486151099,3.799073358757053,-7.734238446400002,7.941158873008838,635.2927098407071,nan,0,3.5121999972034246,16.835900009027682
958,31.93333333333408,SEARCH,0,0,0,0,9.663065733291251,-2.405744118767988,4.176998838662165,-7.56855399050772,4.184960292554773,-7.562990475644207,7.523751006335845,601.9000805068675,nan,0,3.24400000681635,17.421500000637025
959,31.966666666667415,SEARCH,0,0,0,0,9.70758041661729,-2.4807305482723616,4.532726234518724,-7.392545951273681,4.532421423002404,-7.396282570914114,7.137571176281919,571.0056941025535,nan,0,3.4805000032065436,16.224699997110292
960,32.000000000000746,SEARCH,0,0,0,0,9.751711861290522,-2.5554766029241054,4.880608621247253,-7.20211155355004,4.871929360210064,-7.215263477169394,6.747287675150639,539.7830140120511,nan,0,3.1530999985989183,14.275699999416247
961,32.03333333333408,SEARCH,0,0,0,0,9.795458325077075,-2.6299750400696857,5.219921232161854,-6.997347077545281,5.2029289739182,-7.010885953749227,6.346944640915995,507.75557127327954,nan,0,3.2310000096913427,14.03369999025017
962,32.06666666666741,SEARCH,0,0,0,0,9.838818080941467,-2.7042186410488998,5.549971004713641,-6.7784454733773325,5.540337175930668,-6.767195057786535,5.914787862105339,473.1830289684271,nan,0,2.9897000058554113,13.46269999339711
963,32.10000000000074,SEARCH,0,0,0,0,9.881789417114776,-2.778200211894394,5.870096324725469,-6.545681008346133,5.879888806470867,-6.536849237742163,5.490232326320852,439.2185861056681,nan,0,3.5700000007636845,14.116699996520765
964,32.13333333333407,SEARCH,0,0,0,0,9.924370637162232,-2.8519125840286557,6.179666917821963,-6.299396672893064,6.19383602962584,-6.319098558141575,5.09296250105104,407.43700008408314,nan,0,2.705699997022748,12.691300013102591
965,32.1666666666674,SEARCH,0,0,0,0,9.966560060050183,-2.9253486149586663,6.478083843999625,-6.039993794527897,6.470564166657547,-6.054543114748035,4.691891463379157,375.3513170703326,nan,0,4.5089000050211325,22.830799993244
966,32.200000000000735,SEARCH,0,0,1,0,10.008356020212442,-2.998501188968026,6.764779560424502,-5.7679234197169444,6.763415900432918,-5.768160756728102,4.266222040897507,341.29776327180053,nan,0,2.9270000086398795,18.527799998992123
967,32.233333333334066,SEARCH,0,0,1,0,10.049756867616074,-3.07136321780635,7.039218024873202,-5.483679112270341,7.051547151489872,-5.471028880275984,3.8402678023165757,307.22142418532604,nan,0,2.8006000065943226,14.857799993478693
968,32.2666666666674,SEARCH,0,0,1,0,10.09076096782651,-3.1439276413762047,7.300894818108249,-5.187790887575864,7.299772873138169,-5.184185530246545,3.457205055791414,276.5764044633131,nan,0,3.1884999916655943,15.782800008310005
969,32.30000000000073,ACQUIRING,0,0,1,0,10.13136670207209,-3.2161874284171144,7.549337268190479,-4.880820058648483,7.540919022233396,-4.886742544657162,3.0823973751574387,246.59179001259508,1.9299763179177232,1,3.3506000036140904,14.121399988653138
970,32.33333333333406,ACQUIRING,0,0,1,0,10.171572467307946,-3.288135577186908,7.886668607161599,-4.598864811734903,7.885200328972793,-4.591574546016225,2.6318150961680598,210.54520769344478,1.823503192612955,1,11.672799999359995,12.742099992465228
971,32.36666666666739,ACQUIRING,0,0,1,0,10.21137667627932,-3.359765116140206,8.311006742991987,-4.4057984537102115,8.317212878683694,-4.389550877820106,2.1559951778889803,172.4796142311184,2.1366546500395125,1,3.600900003220886,12.837799993576482
972,32.40000000000072,ACQUIRING,0,0,1,0,10.250777757584189,-3.431069104603861,8.661736577291393,-4.301620984574409,8.675645819209015,-4.290333509223,1.794261948639333,143.54095589114664,2.3292040256554527,1,4.020299995318055,13.082600009511225
973,32.433333333334055,ACQUIRING,0,0,1,0,10.28977415573533,-3.5020406334495267,8.961203733249535,-4.249304477210065,8.952345392912127,-4.262237692538946,1.5383807279977884,123.07045823982307,3.1917694683969344,0,3.3416999940527603,17.24390000163112
974,32.466666666667386,ACQUIRING,0,0,1,0,10.32836433122172,-3.5726728257631684,9.221274947613102,-4.2168048606559765,9.202879932375803,-4.225940112657419,1.3013351913214877,104.10681530571902,4.161100759557974,0,4.706600011559203,17.530899989651516
975,32.50000000000072,ACQUIRING,0,0,1,0,10.366546760569307,-3.6429588375113244,9.447580707212547,-4.2022690945554535,9.44867868433549,-4.192185918223956,1.0696411508339072,85.57129206671259,5.198870885778004,0,4.847400006838143,17.561999993631616
976,32.53333333333405,ACQUIRING,0,0,1,0,10.404319936401157,-3.7128918582043733,9.645364601567053,-4.2028501705579835,9.654114665467919,-4.193574932498278,0.890990553512579,71.27924428100633,1.8941598738593466,1,4.031500007840805,17.182099996716715
977,32.56666666666738,ACQUIRING,0,0,1,0,10.441682367496966,-3.7824651115563594,9.80610634586053,-4.197017437404791,9.808054664925997,-4.212829044793752,0.7659616051062372,61.27692840849898,1.0628764114695624,1,4.084499989403412,17.133100001956336
978,32.60000000000071,ACQUIRING,0,0,1,0,10.478632578851933,-3.851671856141631,9.953072216833329,-4.197292624623861,9.930192367176259,-4.207270142467372,0.6536335418418043,52.29068334734434,1.6896026476406008,1,4.5190999953774735,16.87750000564847
979,32.63333333333404,ACQUIRING,0,0,1,0,10.515169111734977,-3.920505386048101,10.086045581748396,-4.203528294005453,10.084482653997817,-4.195641041829503,0.5110679543470167,40.88543634776134,1.1240109575001607,1,4.241700007696636,17.150800005765632
980,32.666666666667375,ACQUIRING,0,0,1,0,10.551290523746344,-3.9889590315269525,10.199149193115453,-4.221422945045244,10.217946061338237,-4.209610806983925,0.3997570970357672,31.980567762861373,0.8897129631347316,1,4.429599997820333,15.182499992079102
981,32.700000000000706,ACQUIRING,0,0,1,0,10.586995388874538,-4.057026159638956,10.29382903204783,-4.244437363342321,10.299627790469605,-4.24938242293135,0.3458049575133813,27.664396601070504,1.0629162922085316,1,3.8229999918257818,15.92279999749735
982,32.73333333333404,ACQUIRING,0,0,1,0,10.622282297552616,-4.124700174897212,10.380781315857595,-4.27439893899516,10.36038629791387,-4.281487075668518,0.3052403100513583,24.419224804108666,1.2264509584518413,0,3.6333000025479123,15.955900002154522
983,32.76666666666737,ACQUIRING,0,0,1,0,10.657149856713849,-4.191974519906166,10.459211173943748,-4.309937944543888,10.46009951754425,-4.302659309183548,0.2260087581139991,18.080700649119926,0.3442123756507909,1,3.9739000058034435,15.931500005535781
984,32.8000000000007,ACQUIRING,0,0,1,0,10.691596689846701,-4.258842675997028,10.531564735048551,-4.356998970218473,10.545308484051482,-4.3444679093104694,0.1695049253997233,13.560394031977864,1.4447341504131186,1,4.083200008608401,16.309200000250712
985,32.83333333333403,ACQUIRING,0,0,1,0,10.725621437049186,-4.325298163859452,10.594009925261414,-4.412337618629181,10.599913471693483,-4.4180315467722915,0.15621130836251876,12.4969046690015,1.4920524238137027,1,4.480000003241003,14.94799999636598
986,32.86666666666736,ACQUIRING,0,0,1,0,10.759222755082542,-4.391334544169276,10.65287108681272,-4.466527217185931,10.63532018477346,-4.476372569381262,0.1502774522712939,12.022196181703514,0.4502650631934722,1,4.291999997803941,17.77399999264162
987,32.900000000000695,ACQUIRING,0,0,1,0,10.792399317424266,-4.456945418212567,10.716889338660135,-4.512958967570981,10.698381060607222,-4.521723160438601,0.11417350175420815,9.133880140336652,2.4344677850650345,1,4.266200005076826,15.587300003971905
988,32.933333333334026,ACQUIRING,0,0,1,0,10.825149814320486,-4.522124428505549,10.783113155331975,-4.556045280275881,10.792820350294248,-4.550568179793547,0.04306090142527624,3.4448721140220995,2.4395177242158335,1,3.947399993194267,15.48210000328254
989,32.96666666666736,ACQUIRING,0,0,1,0,10.857472952837663,-4.586865259410664,10.840399579722826,-4.6052202863812255,10.851788047418314,-4.606071109633256,0.020029548981432124,1.60236391851457,1.8313071571940216,1,3.8367999950423837,15.96859999699518
990,33.00000000000069,ACQUIRING,0,0,1,0,10.889367456913632,-4.6511616377485705,10.889187718453986,-4.660015712005651,10.901965729489465,-4.672537669927769,0.024812319996750116,1.9849855997400092,1.6742778890246413,1,3.8101999962236732,15.87920000019949
991,33.03333333333402,ACQUIRING,0,0,1,0,10.920832067407986,-4.7150073334059215,10.932773520692844,-4.715089976989949,10.921890847241666,-4.734629890621801,0.019651100896048573,1.5720880716838859,2.5690202210373436,1,3.947299992432818,15.467000004719011
992,33.06666666666735,TRACKING,1,0,1,0,10.951865542151785,-4.778396159939081,10.980672843502434,-4.770563428270065,10.978684782066555,-4.7582731816500425,0.033529179602655716,2.6823343682124574,1.920346180002539,1,11.389899998903275,15.386900005978532
993,33.10000000000068,TRACKING,1,0,1,0,10.98246665599657,-4.841321975173605,11.021860534476211,-4.835421975547234,11.03733319611611,-4.830791133267657,0.05586802176502438,4.46944174120195,1.1646117222881633,1,4.355799988843501,18.017499998677522
994,33.133333333334015,TRACKING,1,0,1,0,11.012634200862772,-4.903778681799314,11.05509632870062,-4.901692443619432,11.066131577143508,-4.914551475473821,0.054571259399762796,4.365700751981024,0.6405671017226117,1,4.686000000219792,17.745599994668737
995,33.166666666667346,TRACKING,1,0,1,0,11.042366985787375,-4.9657602279612,11.08334459929136,-4.965311106189374,11.076530090095224,-4.986242398071749,0.03983261212105527,3.1866089696844218,0.22115602567192627,1,5.128299992065877,15.7525000104215
996,33.20000000000068,TRACKING,1,0,1,0,11.071663836970938,-5.027260607845747,11.112360826877222,-5.024677599098447,11.111832493577014,-5.020905967090568,0.04066819927983312,3.2534559423866494,1.0238293252551172,1,4.660500009777024,18.244699997012503
997,33.23333333333401,TRACKING,1,0,1,0,11.100523597823946,-5.088273862262916,11.142110626240092,-5.08907347970109,11.154096076308276,-5.076585144861618,0.054832805558729526,4.386624444698362,1.8597217092472593,1,3.9413999911630526,16.906200005905703
998,33.26666666666734,TRACKING,1,0,1,0,11.128945129012449,-5.148794079223596,11.168709633398558,-5.155373758878449,11.180370862703997,-5.1567637875357715,0.052039622753198525,4.163169820255882,1.5132531810515029,1,3.873199995723553,12.626099996850826
999,33.30000000000067,TRACKING,1,0,1,0,11.156927308503068,-5.208815394512397,11.193431848529414,-5.213806878364759,11.178564595786563,-5.224971640816775,0.027003638562908487,2.160291085032679,0.28937018407940107,1,3.816900003585033,12.673999997787178
1000,33.333333333334004,TRACKING,1,0,1,0,11.184469031607264,-5.268331992255906,11.224728056942146,-5.266121481694748,11.213881385043033,-5.267054437965612,0.029440086270172618,2.3552069016138093,0.2892586634830642,1,3.794199990807101,13.313000003108755
1001,33.366666666667335,TRACKING,1,0,1,0,11.211569211024973,-5.3273381054862545,11.255977811967226,-5.318345830682618,11.25744790652887,-5.316966536280247,0.047036413010926016,3.762913040874081,0.4319511492306637,1,3.8090999878477305,16.465400010929443
1002,33.40000000000067,TRACKING,1,0,1,0,11.23822677688751,-5.385828016699849,11.288311175625287,-5.373556982845741,11.2926476906251,-5.367402144917372,0.057455622901319114,4.596449832105529,0.6697265064822496,1,3.8337000005412847,16.114300000481308
1003,33.433333333334,TRACKING,1,0,1,0,11.264440676799824,-5.443796058411462,11.319762391115523,-5.430679969032818,11.314009558715755,-5.443644963301151,0.04956911219830242,3.965528975864194,0.7280477638122902,1,3.7863000034121796,16.398299994762056
1004,33.46666666666733,TRACKING,1,0,1,0,11.290209875882029,-5.50123661370332,11.349537067272873,-5.487058003531429,11.339779842822761,-5.493687249584959,0.050141544861490264,4.011323588919221,1.3340912082764973,1,4.139999990002252,19.87040000676643
1005,33.50000000000066,TRACKING,1,0,1,0,11.31553335681027,-5.558144116769395,11.381348126718041,-5.5442420423128285,11.394931795543084,-5.531401823898526,0.08378103783792351,6.702483027033881,1.1230441007507592,1,4.186499994830228,14.931400000932626
1006,33.53333333333399,TRACKING,1,0,1,0,11.34041011985688,-5.614513053454744,11.407202802866793,-5.603377204173876,11.423113634738627,-5.597969106606853,0.08434200348047893,6.747360278438315,0.5313718883020554,1,4.149000000325032,14.238800009479746
1007,33.566666666667324,TRACKING,1,0,1,0,11.36483918292985,-5.6703379617897545,11.429064146776838,-5.6588086454467765,11.433031028145365,-5.661978909960686,0.06870226707596841,5.496181366077473,0.5476529168346028,1,4.286099996534176,17.34020000731107
1008,33.600000000000655,TRACKING,1,0,1,0,11.388819581611603,-5.7256134325194195,11.453318330176554,-5.709225497680061,11.433226572177366,-5.71560836413526,0.04552012966237552,3.6416103729900415,1.6091502500234658,1,3.763999993680045,16.645199997583404
1009,33.63333333333399,TRACKING,1,0,1,0,11.412350369197053,-5.780334109627509,11.483481679061113,-5.759835089654242,11.479737856073454,-5.7476843869332175,0.07488042320614367,5.990433856491494,1.695072816377301,1,3.727100003743544,14.479300007224083
1010,33.66666666666732,TRACKING,1,0,1,0,11.435430616731002,-5.834494690855486,11.51111968345952,-5.813745464864167,11.521093979828985,-5.80075046858976,0.09206999681533322,7.365599745226658,1.2200541596727181,1,3.8769000093452632,14.896499997121282
1011,33.70000000000065,TRACKING,1,0,1,0,11.458059413044797,-5.888089928216319,11.532685621508906,-5.871709571523581,11.534123205523032,-5.878837973223318,0.07662440340625555,6.129952272500444,0.4722419588909463,1,3.591300002881326,13.696299996809103
1012,33.73333333333398,TRACKING,1,0,1,0,11.480235864792304,-5.94111462850301,11.55071697291491,-5.924325991610675,11.541225736542744,-5.930382335911566,0.06192694535017445,4.954155628013956,0.8776808192744612,1,3.599999996367842,13.821400003507733
1013,33.76666666666731,TRACKING,1,0,1,0,11.501959096485182,-5.993563653791748,11.572838218429641,-5.975153549051844,11.562427812540431,-5.97182254812653,0.06425839475832311,5.140671580665849,0.6443112449233366,1,4.513099993346259,13.869300004444085
1014,33.800000000000644,TRACKING,1,0,1,0,11.523228250527438,-6.045431921939816,11.591960079375829,-6.0289311485596535,11.593640589812521,-6.008902093996488,0.07932418202015551,6.345934561612441,1.0391208128201659,1,3.9880999975139275,16.25179999973625
1015,33.833333333333975,TRACKING,1,0,1,0,11.544042487249293,-6.096714407077983,11.60831989527148,-6.085634447269279,11.604680118352169,-6.077317830165589,0.0636643503201515,5.09314802561212,1.201985236424045,1,4.119399993214756,15.467400007764809
1016,33.86666666666731,TRACKING,1,0,1,0,11.564400984940317,-6.147406140097518,11.625210645641424,-6.140333951276869,11.612338197704322,-6.151028139824045,0.04807385203622052,3.8459081628976413,0.9473184555348702,1,3.97960000555031,19.82849999330938
1017,33.90000000000064,TRACKING,1,0,1,0,11.584302939881882,-6.197502209131705,11.642938843048492,-6.191349380531394,11.629495171633783,-6.1970154726501985,0.04519485283879116,3.615588227103293,1.2741924654623062,1,4.337100006523542,19.629700007499196
1018,33.93333333333397,TRACKING,1,0,1,0,11.603747566378885,-6.246997760031737,11.661086041995496,-6.243708670910243,11.662734174411947,-6.229878715818335,0.06142053078593845,4.9136424628750754,1.594634617802471,0,4.074700002092868,16.846499987877905
1019,33.9666666666673,TRACKING,1,0,1,0,11.622734096790765,-6.29588799683709,11.679450623934173,-6.296174243600101,11.684263891219446,-6.288627093208127,0.0619567294484211,4.956538355873688,1.9646131409623993,0,3.793199997744523,17.239200009498745
1020,34.00000000000063,TRACKING,1,0,1,0,11.641261781561813,-6.344168182240269,11.698020719314691,-6.348825423356076,11.696541223206976,-6.3606964600137825,0.057697492447761324,4.615799395820906,0.0963619748063541,1,4.081300008692779,16.586199999437667
1021,34.033333333333964,TRACKING,1,0,1,0,11.659329889250756,-6.391833638045771,11.716664454982263,-6.388414476482928,11.706323953581908,-6.395844114090145,0.04716488100761967,3.773190480609573,0.9853563029205286,1,4.216400004224852,15.902699989965186
1022,34.066666666667295,TRACKING,1,0,1,0,11.676937706559642,-6.438879745623458,11.738316659012542,-6.427582084079962,11.743822138890815,-6.410304755160468,0.07273278056160974,5.81862244492878,0.49923989738050467,1,4.154599999310449,20.442100008949637
1023,34.10000000000063,TRACKING,1,0,1,0,11.694084538361993,-6.48530194635603,11.756278576070109,-6.473575505538954,11.765936519032456,-6.4612886926496635,0.07575845484059755,6.060676387247804,0.48038666218809195,1,4.224899996188469,15.938500000629574
1024,34.13333333333396,TRACKING,1,0,1,0,11.71076970773025,-6.531095742080763,11.772198761250776,-6.520244013227874,11.784701565181344,-6.523259188633483,0.07434602286673331,5.947681829338665,0.21216301690976688,1,4.081999999471009,13.644400009070523
1025,34.16666666666729,TRACKING,1,0,1,0,11.726992555962497,-6.576256695525391,11.785513248542918,-6.562295711549461,11.770959632938828,-6.575874247231754,0.04396874031104321,3.517499224883457,1.037541077654486,2,3.991300007328391,14.053299993975088
1026,34.20000000000062,TRACKING,1,0,1,0,11.74275244260846,-6.6207804307380185,11.8050233497763,-6.6010739290118785,11.796053163104435,-6.594080475659287,0.059614213125700345,4.7691370500560275,1.3043499425694762,0,3.433899997617118,15.744100004667416
1027,34.23333333333395,TRACKING,1,0,1,0,11.7580487454948,-6.664662633511155,11.823776319499467,-6.641089244239419,11.829711115532076,-6.619939107284617,0.08447300798181176,6.757840638544941,1.5807479779682776,0,3.857500007143244,14.798100004554726
1028,34.266666666667284,TRACKING,1,0,1,0,11.772880860749677,-6.707899051799777,11.842625494614042,-6.681595860362342,11.849706309148372,-6.676831516906114,0.08286942286531006,6.629553829224805,0.9500008013915375,1,4.011800003354438,14.988199996878393
1029,34.300000000000615,TRACKING,1,0,1,0,11.787248202826568,-6.750485496133278,11.85728793011864,-6.729728465203533,11.8487505596709,-6.743519268026084,0.06189562368575903,4.951649894860722,0.6903429245904488,1,4.359999991720542,15.412400010973215
1030,34.33333333333395,TRACKING,1,0,1,0,11.801150204527415,-6.792417840021479,11.870587415598992,-6.772709956663416,11.859512245953567,-6.7832336088311616,0.0590802672809213,4.7264213824737045,1.078223258996875,1,4.13519999710843,16.23670000117272
1031,34.36666666666728,TRACKING,1,0,1,0,11.814586317024993,-6.8336920203544205,11.885885221489486,-6.8146261717001275,11.891568114033902,-6.8074215437604675,0.0813408569612728,6.507268556901825,0.9846647041063,1,4.2428000015206635,18.972599995322526
1032,34.40000000000061,TRACKING,1,0,1,0,11.827556009884587,-6.874304037796083,11.898137051898871,-6.859545520321693,11.902906793991328,-6.868597990832026,0.07556652458236168,6.045321966588935,0.588152536614073,1,3.980900000897236,15.566200003377162
1033,34.43333333333394,TRACKING,1,0,1,0,11.84005877108493,-6.914249957171936,11.908407555903512,-6.89990948312117,11.902649649570932,-6.917437255158695,0.06267197889093579,5.013758311274863,0.7543435985652952,0,4.2686000087996945,16.784999999799766
1034,34.46666666666727,TRACKING,1,0,1,0,11.85209410703842,-6.9535259078501985,11.919454050640637,-6.941219292752637,11.909885543573596,-6.942713188247771,0.05879426028108523,4.7035408224868185,0.938995348819402,1,4.352299991296604,16.092700010631233
1035,34.500000000000604,TRACKING,1,0,1,0,11.863661542610597,-6.992128084116912,11.929492252347657,-6.983228013985409,11.934110010881838,-6.962006614494517,0.0766178152519172,6.129425220153376,2.183148046708971,1,4.10780000675004,18.08869998785667
1036,34.533333333333935,TRACKING,1,0,1,0,11.874760621138917,-7.030052745544724,11.936209637569874,-7.03152875992276,11.943874992810422,-7.033338766504692,0.06919244398990605,5.535395519192484,1.905001031767377,1,3.9776000048732385,15.567700000246987
1037,34.56666666666727,TRACKING,1,0,1,0,11.88539090445076,-7.067296217355282,11.942474386614292,-7.072718968778968,11.932027602352386,-7.08701968867918,0.05063592511480491,4.050874009184393,0.9145788557774109,1,4.530099991825409,15.388800005894154
1038,34.6000000000006,TRACKING,1,0,1,0,11.895551972880744,-7.103854890775327,11.953576694820029,-7.106021935718773,11.943874139331635,-7.1164005652174,0.04992419972031684,3.9939359776253474,0.8949214743097504,1,3.885899990564212,15.674900001613423
1039,34.63333333333393,TRACKING,1,0,1,0,11.905243425287287,-7.139725223386393,11.967155845057167,-7.136626458143779,11.96192520616318,-7.129027490059613,0.05768245644555766,4.614596515644613,0.8607755861259773,1,4.844999988563359,16.001500000129454
1040,34.66666666666726,TRACKING,1,0,1,0,11.914464879068442,-7.174903739468011,11.978446660121064,-7.167086464730362,11.980599290509618,-7.146508686645745,0.07197249058807166,5.757799247045733,0.7189087835680907,1,4.407599990372546,17.23340000899043
1041,34.70000000000059,TRACKING,1,0,1,0,11.923215970177,-7.209387030334543,11.98730130860512,-7.196918890219512,11.98203823549806,-7.194704638933824,0.0606269866869939,4.850158934959512,1.9337229249652543,1,4.351900002802722,18.05389999935869
1042,34.733333333333924,TRACKING,1,0,1,0,11.931496353134875,-7.243171754665434,12.000408937493155,-7.221228895154089,11.98927739807033,-7.228023520260473,0.059733727151590775,4.778698172127262,2.8546904843192973,1,4.633799995644949,15.475799998966977
1043,34.766666666667255,TRACKING,1,0,1,0,11.93930570104672,-7.2762546388289895,12.014071310812849,-7.244278747794452,12.010211169215076,-7.2348930842069645,0.08208753630682564,6.567002904546051,2.6896539263348056,1,4.526100005023181,17.261899993172847
1044,34.80000000000059,TRACKING,1,0,1,0,11.946643705612857,-7.3086324771996,12.023273283641396,-7.27093189011487,12.027376360925846,-7.248934597552299,0.10040716343104952,8.032573074483961,1.6257685052664115,1,4.2418999946676195,16.36940000753384
1045,34.83333333333392,TRACKING,1,0,1,0,11.953510077141424,-7.340302132468319,12.02914782769506,-7.306549685275084,12.038336275138617,-7.307816943173927,0.09083375688669679,7.266700550935743,0.5253420548341149,1,4.879800006165169,20.806799991987646
1046,34.86666666666725,TRACKING,1,0,1,0,11.959904544559834,-7.371260535946878,12.029218780217636,-7.343233895601526,12.023807770716687,-7.353610379273978,0.06629593006989065,5.303674405591252,0.6273144498040543,1,4.710299996077083,17.417299997759983
1047,34.90000000000058,TRACKING,1,0,1,0,11.96582685542546,-7.401504687865049,12.028342986209948,-7.3745905760885195,12.023894823751842,-7.382844694643043,0.06099249373979557,4.879399499183646,0.7630707948809834,1,4.231200000504032,16.87020000827033
1048,34.93333333333391,TRACKING,1,0,1,0,11.971276775935612,-7.4310316576612685,12.03149432352943,-7.404795472128625,12.042856749248715,-7.397012758253402,0.07925262201610131,6.340209761288104,0.2523374246360697,1,4.50559999444522,15.456799999810755
1049,34.966666666667244,TRACKING,1,0,1,0,11.97625409093676,-7.459838584266652,12.031986913134878,-7.4399798076885855,12.040691265240802,-7.431099054412115,0.07055572272005615,5.644457817604493,0.5657651177650003,1,4.5892000052845106,16.603199997916818
1050,35.000000000000576,TRACKING,1,0,1,0,11.98075860393303,-7.487922676382179,12.032583781937834,-7.473074050868415,12.028438096728348,-7.488745980309059,0.047686600451015464,3.814928036081237,0.24563804943422615,1,4.0680999954929575,19.41870000155177
1051,35.03333333333391,TRACKING,1,0,1,0,11.98479013709396,-7.515281212749176,12.038040449956794,-7.501203264545123,12.031813207839404,-7.517694799346581,0.0470849719400388,3.7667977552031036,0.6894352962095499,1,4.244100011419505,19.457499991403893
1052,35.06666666666724,TRACKING,1,0,1,0,11.988348531261526,-7.541911542413019,12.044168594787266,-7.5260637759665165,12.046568327308293,-7.5309369753550355,0.059245132912648414,4.739610633011873,0.28926718868151147,1,4.575599989038892,15.23770000494551
1053,35.10000000000057,TRACKING,1,0,1,0,11.991433645956416,-7.567811084979966,12.046658884425607,-7.552601170428362,12.054249026005596,-7.550342663016521,0.06519906239061955,5.215924991249564,0.18908105732906724,1,4.030999989481643,15.55180001014378
1054,35.1333333333339,TRACKING,1,0,1,0,11.99404535938359,-7.592977330867207,12.047786604348294,-7.580030748163805,12.04563777412408,-7.597371226385442,0.051779180918395395,4.142334473471632,0.40584617213492297,1,4.2129999928874895,13.526599999750033
1055,35.16666666666723,TRACKING,1,0,1,0,11.996183568437068,-7.617407841546049,12.050536889015603,-7.602584974735798,12.034864033688933,-7.610224887485938,0.03934174908580441,3.147339926864353,1.0198883391893288,1,3.905799996573478,14.09599999897182
1056,35.200000000000564,TRACKING,1,0,1,0,11.997848188704022,-7.641100249778167,12.056987935179519,-7.625988149408223,12.053337827397579,-7.616479079309974,0.06070668857354398,4.856535085883518,1.3455108282411083,0,3.473899996606633,14.493599999696016
1057,35.233333333333896,TRACKING,1,0,1,0,11.999039154468093,-7.664052259845019,12.062901732042628,-7.649808749515942,12.077482015629759,-7.623992803094039,0.08807975103513856,7.046380082811084,1.476804060329583,1,4.25149999500718,16.623899995465763
1058,35.26666666666723,TRACKING,1,0,1,0,11.999756418711993,-7.686261647770266,12.057152713605936,-7.681507175270348,12.06468150594518,-7.682336149229424,0.06504365065885401,5.203492052708321,0.9138849255053365,1,4.279200002201833,15.940999990561977
1059,35.30000000000056,TRACKING,1,0,1,0,11.999999953119353,-7.707726261535274,12.053525789381524,-7.704566316889618,12.046910027241182,-7.711984741533132,0.047102969184624185,3.7682375347699346,0.530712166204974,1,4.17810000362806,17.961899997317232
1060,35.33333333333389,TRACKING,1,0,1,0,11.999769748075856,-7.728444021287659,12.049881316587442,-7.723197247975082,12.043961853728376,-7.7126900184266365,0.046916210504991035,3.753296840399283,0.9350311782289031,1,4.180600008112378,14.122499997029081
1061,35.36666666666722,TRACKING,1,0,1,0,11.999065812669603,-7.748412919542786,12.047579638424283,-7.74605739750087,12.047273356369047,-7.740176216990386,0.04890614008967121,3.9124912071736966,0.8573958386556669,1,7.334499998250976,16.64359999995213
1062,35.40000000000055,TRACKING,1,0,1,0,11.997888174690758,-7.767631021378303,12.044907874382725,-7.765854693293552,12.048125303213778,-7.760983929570781,0.050674973228765886,4.053997858301271,0.7058293212004935,1,4.110599998966791,18.80910000181757
1063,35.433333333333884,TRACKING,1,0,1,0,11.996236880630448,-7.786096464621642,12.043509480011632,-7.784257204172759,12.046697021640885,-7.803038769242584,0.053228446498671346,4.258275719893708,0.1099984649826186,1,3.5165000008419156,14.836199989076704
1064,35.466666666667216,TRACKING,1,0,1,0,11.994111995678942,-7.803807460030432,12.042168658832633,-7.797529341930171,12.045743135451191,-7.802442258364473,0.051649185567347364,4.131934845387788,0.4401066007656193,1,4.3191000004298985,13.98709999921266
1065,35.50000000000055,TRACKING,1,0,1,0,11.991513603723055,-7.8207622914658845,12.040379807576084,-7.809505666412563,12.042526755155926,-7.796907700774071,0.05631503454839554,4.505202763871643,0.39716565786599733,1,3.7503000057768077,14.226499988581054
1066,35.53333333333388,TRACKING,1,0,1,0,11.988441807342852,-7.8369593160590885,12.04041708904105,-7.824822556499249,12.057266256500718,-7.815303195377816,0.07215117715495346,5.772094172396277,0.28503784066933724,1,3.6275000020395964,14.863999997032806
1067,35.56666666666721,TRACKING,1,0,1,0,11.984896727807596,-7.85239696437018,12.034326165563224,-7.840303700227054,12.041458605157866,-7.843326071790831,0.057284614527576036,4.582769162206083,0.3982272010743224,1,4.110399997443892,13.97010000073351
1068,35.60000000000054,TRACKING,1,0,1,0,11.980878505070956,-7.867073740540439,12.028467515923362,-7.855208232292319,12.020422662618643,-7.85853919722564,0.04045465147233899,3.236372117787119,0.5051518645272918,1,3.6312999873189256,13.731500002904795
1069,35.63333333333387,TRACKING,1,0,1,0,11.976387297765486,-7.880988222437212,12.0262572286794,-7.865805707530958,12.016404320232072,-7.855037230681677,0.047695031818702965,3.8156025454962372,0.7526553344002855,1,4.023100002086721,13.488800002960488
1070,35.666666666667204,TRACKING,1,0,1,0,11.97142328319636,-7.894139061791724,12.025832616427259,-7.881414233416722,12.036720838762855,-7.868269606696573,0.07023531497672351,5.618825198137881,0.8054570983596806,1,3.900499999872409,14.817800009041093
1071,35.700000000000536,TRACKING,1,0,1,0,11.965986657334374,-7.906524984329722,12.018573181308561,-7.8988340253228895,12.017239869501193,-7.913683247666056,0.05175067624108119,4.140054099286496,0.29053990633887045,1,4.2714000010164455,17.26269999926444
1072,35.73333333333387,TRACKING,1,0,1,0,11.960077634808206,-7.918144789894942,12.010455503955347,-7.906895471543139,11.996670589104736,-7.921833644481273,0.03677841693584784,2.9422733548678273,0.9159642013818192,1,4.096400007256307,19.263499998487532
1073,35.7666666666672,TRACKING,1,0,1,0,11.95369644889595,-7.9289973525654025,12.003399160166374,-7.911942365259733,11.993598201157187,-7.908082697481729,0.04505077835938201,3.604062268750561,0.14197519849651644,1,4.6535000001313165,14.363599999342114
1074,35.80000000000053,TRACKING,1,0,1,0,11.946843351515898,-7.939081620762508,11.996085007309565,-7.9236904342722925,12.002803635276551,-7.90282328961737,0.0666799815237174,5.334398521897392,1.3883566299717256,1,3.945499993278645,13.043100014328957
1075,35.83333333333386,TRACKING,1,0,1,0,11.939518613216602,-7.948396617352934,11.983038099516982,-7.94091355014128,11.993819887730796,-7.948053173390931,0.05430236060817997,4.344188848654398,1.7319534516408912,1,3.7783000007038936,13.010399998165667
1076,35.86666666666719,TRACKING,1,0,1,0,11.931722523166187,-7.956941439743319,11.969129508013909,-7.9536801277979166,11.965148923524897,-7.9706307240550105,0.03612091839789112,2.8896734718312893,1.3854769170954908,1,4.103700004634447,14.489900000626221
1077,35.900000000000524,TRACKING,1,0,1,0,11.923455389140935,-7.9647152599677105,11.957865077500026,-7.954421593622037,11.95249347775817,-7.96374275691839,0.029054368909396257,2.3243495127517004,1.7736129455816725,1,4.326399997808039,18.647300006705336
1078,35.933333333333856,TRACKING,1,0,1,0,11.914717537513148,-7.971717324767803,11.949212544199934,-7.9519791429518465,11.965424256366623,-7.939736404582287,0.05994956707764997,4.795965366211997,1.9165761248602426,1,3.871099994285032,15.599899998051114
1079,35.96666666666719,TRACKING,1,0,1,0,11.905509313238245,-7.9779469556659235,11.93659093708547,-7.954386421573121,11.944177844853186,-7.954488864020607,0.04522761767875726,3.6182094143005807,1.7634432756470748,1,4.076200013514608,17.981599987251684
1080,36.00000000000052,TRACKING,1,0,1,0,11.895831079841152,-7.983403549030769,11.926300537206993,-7.957354607006996,11.92008877889823,-7.982092754503495,0.024293088437588015,1.9434470750070412,2.1769803793704248,1,5.064299999503419,16.25320001039654
1081,36.03333333333385,TRACKING,1,0,1,0,11.885683219401951,-7.988086576135903,11.918474693878546,-7.955502850715593,11.90280137116327,-7.961209956127277,0.03186508783624432,2.5492070268995453,1.5186071381373283,1,3.937500005122274,13.724499993259087
1082,36.06666666666718,TRACKING,1,0,1,0,11.875066132540798,-7.991995583210981,11.91544188481351,-7.9591297758154615,11.910110544849024,-7.958820595417995,0.04825650887801245,3.8605207102409964,1.4363648220755751,1,3.954499989049509,15.56640000490006
1083,36.10000000000051,TRACKING,1,0,1,0,11.863980238402103,-7.9951301914857265,11.910838016541437,-7.962940394739096,11.918513873824493,-7.959997891942292,0.06487060862664773,5.189648690131818,1.0767999689467491,1,4.150200009462424,14.525799997500144
1084,36.133333333333844,TRACKING,1,0,1,0,11.852425974637983,-7.997490097226628,11.90396095165952,-7.968826388525047,11.90033759257045,-7.97688794595975,0.05215334859555996,4.1722678876447965,0.8659937411257725,1,5.046599995694123,21.00419999624137
1085,36.166666666667176,TRACKING,1,0,1,0,11.84040379739099,-7.999075071766368,11.895159855571114,-7.97478629402002,11.885678059683062,-7.982945871649701,0.048061522265683686,3.844921781254695,1.2269556260298233,1,4.504199998336844,16.519400000106543
1086,36.20000000000051,TRACKING,1,0,1,0,11.827914181276093,-7.9998849615259875,11.887636852816748,-7.9798369454097555,11.889965587177546,-7.979152342694721,0.06542337852747672,5.233870282198137,1.6375927422738232,0,3.496999997878447,14.340500012622215
1087,36.23333333333384,TRACKING,1,0,1,0,11.814957619361953,-7.999919688029758,11.880023520002343,-7.985187160949953,11.890852285290045,-7.9651749397435045,0.08346974212139195,6.677579369711356,2.1920068760165674,0,3.7727000017184764,14.308099998743273
1088,36.26666666666717,TRACKING,1,0,1,0,11.801534623151449,-7.999179247912793,11.872464363562987,-7.990654566311567,11.89252144363767,-7.989617659665614,0.09148784330172115,7.319027464137691,0.1794760692727733,1,4.128000000491738,14.29910000297241
1089,36.3000000000005,TRACKING,1,0,1,0,11.787645722561486,-7.997663712921372,11.851446457010303,-7.989169289737614,11.852422585305959,-8.00394962392129,0.06508113877395842,5.206491101916674,1.2549742785894962,1,4.501599993091077,18.634299995028414
1090,36.33333333333383,TRACKING,1,0,1,0,11.773291465902078,-7.995373229905984,11.828042804502617,-7.982293547847585,11.817059959594202,-7.98434962820198,0.04513536124377407,3.6108288995019255,0.8086464983869532,1,3.917899986845441,15.966600010870025
1091,36.366666666667165,TRACKING,1,0,1,0,11.758472419854701,-7.992308020807106,11.810514003932614,-7.977986344504953,11.816957062726212,-7.971233080269069,0.0621659599016207,4.973276792129656,0.9531317533061415,1,4.1009999986272305,13.914199997088872
1092,36.400000000000496,TRACKING,1,0,1,0,11.74318916944992,-7.988468382633693,11.788596084428221,-7.97675267034957,11.797205861249871,-7.976941505898023,0.05523288766930678,4.418631013544542,1.6451437778134541,1,4.451999993762001,15.797100000781938
1093,36.43333333333383,TRACKING,1,0,1,0,11.727442318044286,-7.9838546874343965,11.764476099185524,-7.973119224441686,11.753601934982228,-7.9898651774084355,0.02684122851264268,2.1472982810114143,1.3425347911773318,1,3.7625999975716695,18.490100002964027
1094,36.46666666666716,TRACKING,1,0,1,0,11.711232487296536,-7.97846738226152,11.745220248428016,-7.967499161132268,11.739381277517243,-7.973317675215372,0.028615972350253784,2.2892777880203026,1.422957230535608,1,4.367600005934946,14.177799996105023
1095,36.50000000000049,TRACKING,1,0,1,0,11.69456031714303,-7.972306989127697,11.725658576888273,-7.964826365303102,11.724998923328357,-7.94734573235194,0.03936461718765634,3.1491693750125074,2.05887862348447,1,3.879399999277666,16.139999992446974
1096,36.53333333333382,TRACKING,1,0,1,0,11.677426465772495,-7.96537410495531,11.706326911291356,-7.966926486992859,11.733260179782873,-7.966807821050685,0.05585211868886255,4.468169495109004,2.752167053141924,1,4.303599998820573,16.45160000771284
1097,36.56666666666715,TRACKING,1,0,1,0,11.65983160960005,-7.957669401518656,11.682408004787519,-7.965019499693633,11.694491981718771,-7.980058016225605,0.0412624704047702,3.3009976323816157,2.5502829713345756,1,4.602400003932416,16.259399999398738
1098,36.600000000000485,TRACKING,1,0,1,0,11.641776443240488,-7.9491936253788404,11.66000743309917,-7.955953411583331,11.65212489349584,-7.964306254858917,0.018316167516420016,1.4652934013136014,1.996852188640081,1,4.219499998725951,19.02469999913592
1099,36.633333333333816,TRACKING,1,0,1,0,11.62326167948086,-7.939947597811455,11.643109381890762,-7.947479962652445,11.638443109709346,-7.940113142708363,0.015182332788319318,1.2145866230655453,2.320849116922046,1,4.526500008068979,15.058399992994964
1100,36.66666666666715,TRACKING,1,0,1,0,11.604288049252338,-7.929932214726987,11.626578743385235,-7.942511216901702,11.634916537924505,-7.931942796376711,0.030694409212612492,2.455552737008999,2.720044236516561,1,4.256800006260164,18.19789998990018
1101,36.70000000000048,TRACKING,1,0,1,0,11.584856301601356,-7.91914844658401,11.607978193166815,-7.936807885659563,11.605559471265687,-7.945628131796324,0.03361242274953373,2.688993819962698,3.117573978867426,0,3.7583000084850937,18.786499989801086
1102,36.73333333333381,TRACKING,1,0,1,0,11.564967203660037,-7.9075973382951545,11.589812049769664,-7.931477992670917,11.579125399619521,-7.943014732166564,0.03814244750235173,3.0513958001881383,1.4059943451078447,1,5.480599997099489,17.47639999666717
1103,36.76666666666714,TRACKING,1,0,1,0,11.544621540615914,-7.89528000912585,11.57891872761969,-7.914245095823965,11.581044297063691,-7.914128162020833,0.04101060905188753,3.2808487241510025,1.6631259313450117,1,3.9501999999629334,18.453700002282858
1104,36.80000000000047,TRACKING,1,0,1,0,11.523820115680925,-7.8821976525858855,11.565470029512605,-7.900002035186327,11.582670859880016,-7.891400350980832,0.05956592776525209,4.765274221220167,1.6521494729931663,1,4.460099997231737,16.528399995877407
1105,36.833333333333805,TRACKING,1,0,1,0,11.50256375005971,-7.868351536313751,11.544868537976571,-7.885174463488859,11.554901259634343,-7.897441593889333,0.05987859682912949,4.7902877463303595,1.218800090862488,1,4.223000010824762,17.634999996516854
1106,36.866666666667136,TRACKING,1,0,1,0,11.480853282917188,-7.8537430019538075,11.523560497387521,-7.866882936348793,11.512618583452108,-7.896482730870738,0.05325146707806714,4.260117366245371,0.30447822006145636,1,4.889000003458932,18.231699999887496
1107,36.90000000000047,TRACKING,1,0,1,0,11.458689571345424,-7.838373465026293,11.50506421698405,-7.84218413331403,11.496581117858884,-7.843801727363285,0.038278392458160275,3.0622713966528217,0.5797973369494056,1,5.0140000093961135,22.827499997220002
1108,36.9333333333338,TRACKING,1,0,1,0,11.436073490329804,-7.822244414790162,11.485508001167812,-7.822101080808109,11.489635928538416,-7.809289849282775,0.05510676505055018,4.408541204044014,0.8878661787499436,0,4.313999990699813,14.777700009290129
1109,36.96666666666713,TRACKING,1,0,1,0,11.41300593271448,-7.8053574140987685,11.466236805732636,-7.802245727399681,11.477912198337613,-7.800648683708352,0.06507684272481512,5.20614741798521,0.7513544454699604,1,3.999299995484762,13.577200006693602
1110,37.00000000000046,TRACKING,1,0,1,0,11.389487809167127,-7.787714099248453,11.43538581474801,-7.780306878761849,11.44131769208714,-7.7948487907317885,0.05231864472694761,4.185491578155808,1.7125715871917502,1,4.531800004770048,14.27739999780897
1111,37.03333333333379,TRACKING,1,0,1,0,11.365520048142997,-7.769316179819967,11.402800786248214,-7.7557675401055555,11.394517372326229,-7.757670981489363,0.0312482872162066,2.499862977296528,1.3238007483651633,1,3.6872999917250127,15.355199997429736
1112,37.066666666667125,TRACKING,1,0,1,0,11.341103595848253,-7.750165438512838,11.374905210322206,-7.734648978041247,11.362340492915342,-7.719581623883601,0.03723406389737316,2.9787251117898528,0.7103244687431364,1,3.976599997258745,16.351400001440197
1113,37.100000000000456,TRACKING,1,0,1,0,11.316239416202624,-7.730263730972625,11.350777885961028,-7.7176140310711485,11.361284356849094,-7.707725309092544,0.05036891043777414,4.029512835021931,0.6028815821480393,1,3.794100004597567,16.01769999251701
1114,37.13333333333379,TRACKING,1,0,1,0,11.290928490801349,-7.7096129856111055,11.326651775286663,-7.699314104900128,11.342456133833698,-7.711774327683643,0.05157295217479537,4.12583617398363,0.7270497284494616,1,3.6967999913031235,16.812000001664273
1115,37.16666666666712,TRACKING,1,0,1,0,11.265171818876423,-7.688215203419432,11.299897589123793,-7.67729101910832,11.295814469945352,-7.684510559781501,0.030865781198864708,2.4692624959091765,0.8577797523222367,1,3.795999989961274,15.391699998872355
1116,37.20000000000045,TRACKING,1,0,1,0,11.238970417257153,-7.666072457774236,11.272732435618886,-7.656946813897649,11.27169664652362,-7.655972941738311,0.03424917964216518,2.7399343713732143,0.7959595312600135,1,3.846399995381944,13.88260000385344
1117,37.23333333333378,TRACKING,1,0,1,0,11.21232532033001,-7.643186894236716,11.246405881511567,-7.635988096489581,11.248556849251072,-7.621027738790768,0.0424705999255422,3.397647994043376,1.0559269741376591,1,3.752299991901964,13.973599998280406
1118,37.26666666666711,TRACKING,1,0,1,0,11.185237579997796,-7.6195607303447535,11.218367621847293,-7.614956143465603,11.219464679529011,-7.607554167162226,0.036271916158037695,2.9017532926430154,1.0951115786245311,1,3.727100003743544,14.809000000241213
1119,37.300000000000445,TRACKING,1,0,1,0,11.157708265638117,-7.59519625539804,11.191678790636752,-7.593603118588441,11.180520753748075,-7.613437246585413,0.02920861813343409,2.336689450674727,0.41067727579247076,1,3.8658999983454123,14.106200003880076
1120,37.333333333333776,TRACKING,1,0,1,0,11.129738464061168,-7.570095830236231,11.169831183904902,-7.563130147302677,11.153594471975332,-7.552735374999007,0.02950414410967222,2.3603315287737776,1.0289920742495602,1,3.9972000085981563,15.521499997703359
1121,37.36666666666711,TRACKING,1,0,1,0,11.101329279466821,-7.544261887010221,11.147541069041887,-7.539806436514372,11.157143790630878,-7.517250632037342,0.06200699598990823,4.9605596791926585,1.2778638568304848,1,3.8300000014714897,15.785000010509975
1122,37.40000000000044,TRACKING,1,0,1,0,11.072481833401042,-7.51769692894644,11.118027377039692,-7.518254220467398,11.131602422578071,-7.5107092247281395,0.05953210961222095,4.762568768977675,1.0412200633833684,1,5.218399994191714,17.145500009064563
1123,37.43333333333377,TRACKING,1,0,1,0,11.043197264711608,-7.490403530104327,11.08354945732937,-7.490773290780565,11.082085805917735,-7.496007495835097,0.03929024139722591,3.143219311778073,0.6059484407282881,1,4.303900001104921,14.43460000155028
1124,37.4666666666671,TRACKING,1,0,1,0,11.013476729503143,-7.4623843351269095,11.053964689517388,-7.454345413367783,11.043610101859677,-7.452943788959894,0.031577587645497694,2.5262070116398156,1.4428634142719963,1,3.674799998407252,15.891100003500469
1125,37.50000000000043,TRACKING,1,0,1,0,10.983321401091484,-7.433642058984516,11.03086679562414,-7.4183542906197975,11.033365446167949,-7.399655539154964,0.0604937184982024,4.839497479856192,1.5733156290028014,1,3.759900006116368,13.383299999986775
1126,37.533333333333765,TRACKING,1,0,1,0,10.952732469957375,-7.404179486711745,11.00524961809753,-7.384827955475721,11.010771929011451,-7.379582099524708,0.0630365787754914,5.042926302039312,1.4576316146632482,1,3.853500005789101,16.099299988127314
1127,37.566666666667096,TRACKING,1,0,1,0,10.921711143699435,-7.373999473137585,10.976310139206015,-7.352038988030447,10.977331072012403,-7.36001436098682,0.05735119691348355,4.588095753078685,1.4520441402712763,1,3.723100002389401,18.125799993867986
1128,37.60000000000043,TRACKING,1,0,1,0,10.890258646986506,-7.3431049426087736,10.943221173447222,-7.3173314720650975,10.940624314401692,-7.321623032241391,0.05475557439393141,4.380445951514512,0.9815456777878768,1,3.965800002333708,15.729299993836321
1129,37.63333333333376,TRACKING,1,0,1,0,10.858376221509303,-7.31149888870648,10.909730572167936,-7.286631260645887,10.901458175689395,-7.271463369908184,0.058812392753775165,4.704991420302013,0.7090687237635437,1,4.708100008429028,18.742699990980327
1130,37.66666666666709,TRACKING,1,0,1,0,10.826065125931397,-7.279184373956186,10.877405628300268,-7.26028563337865,10.875260717135712,-7.250051474597881,0.05717457493469619,4.573965994775695,0.9554806041930919,1,3.8721000018995255,14.4338000100106
1131,37.70000000000042,TRACKING,1,0,1,0,10.793326635839508,-7.246164529530981,10.843076884926282,-7.235264772562159,10.845130426073622,-7.248084470843885,0.05183935625820502,4.147148500656402,1.510482479495596,0,3.7198000063654035,18.411500001093373
1132,37.73333333333375,TRACKING,1,0,1,0,10.760162043693171,-7.212442554948145,10.809417556061018,-7.2099318663882075,10.79097841019279,-7.227940695805696,0.03449406926240203,2.7595255409921626,1.616587741752004,1,4.184400007943623,18.97319999989122
1133,37.766666666667085,TRACKING,1,0,1,0,10.726572658773698,-7.178021717759102,10.781454308274462,-7.172451943710384,10.768190806047752,-7.171909156323062,0.04206463585762046,3.3651708686096367,1.9700489540587813,1,4.6322999987751245,16.3511999999173
1134,37.800000000000416,TRACKING,1,0,1,0,10.692559807132493,-7.142905353232848,10.752162985849449,-7.138947505307352,10.754431815868493,-7.125586712939516,0.0642501421526634,5.140011372213072,1.8676727023511863,1,4.663100000470877,18.69549999537412
1135,37.83333333333375,TRACKING,1,0,1,0,10.658124831538696,-7.107096864032751,10.715695306704221,-7.110207963819312,10.713535731379904,-7.107572286956251,0.055412939356873754,4.4330351485499,1.8527362873672688,1,4.361499988590367,18.560900003649294
1136,37.86666666666708,TRACKING,1,0,1,0,10.623269091426183,-7.070599719886827,10.674956785081145,-7.079490170457646,10.666696292229435,-7.084844340335868,0.045703730497009355,3.6562984397607488,1.335351269200448,1,4.253200007951818,17.19849999062717
1137,37.90000000000041,TRACKING,1,0,1,0,10.58799396283989,-7.033417457251572,10.636038052674818,-7.042472132596504,10.629708996269795,-7.044707725895832,0.04321590193571793,3.457272154857434,1.3615200041793505,1,4.592099998262711,17.844600006355904
1138,37.93333333333374,TRACKING,1,0,1,0,10.552300838381495,-6.99555367896927,10.59922553175674,-7.00472001672129,10.608643695753434,-7.004783039057209,0.05709377080266775,4.567501664213419,1.1906797930964903,1,4.042100001242943,18.952400001580827
1139,37.966666666667074,TRACKING,1,0,1,0,10.516191127154434,-6.957012053918873,10.556683440190916,-6.9651904189235925,10.560789181693403,-6.959265719350796,0.04465496026803677,3.5723968214429416,1.4368140025156593,0,3.5309000086272135,17.66019999922719
1140,38.000000000000405,TRACKING,1,0,1,0,10.479666254708274,-6.917796316660541,10.51551990376924,-6.926507932133279,10.505859687605952,-6.938192590705574,0.03319795056754601,2.6558360454036802,0.9469236291624091,1,3.857199990306981,14.965800000936724
1141,38.03333333333374,TRACKING,1,0,1,0,10.442727662982442,-6.877910267073725,10.483832257934415,-6.881380336692332,10.465907638127574,-6.885784867849963,0.02448102500129526,1.9584820001036205,1.7036757748538796,1,4.145700004301034,15.197000000625849
1142,38.06666666666707,TRACKING,1,0,1,0,10.40537681024929,-6.837357769989014,10.453958354586492,-6.833728231375472,10.453943787557934,-6.825716657731988,0.04994263488722847,3.9954107909782777,1.5556334525889497,1,4.2240999900968745,17.521000001579523
1143,38.1000000000004,TRACKING,1,0,1,0,10.367615171056528,-6.796142754813628,10.419862247457493,-6.790132128678849,10.424009108082336,-6.787986313040563,0.056980730740033445,4.558458459202676,1.0613499237909527,1,4.1373999993084,16.197200005990453
1144,38.13333333333373,TRACKING,1,0,1,0,10.329444236169014,-6.754269215150649,10.380567690993537,-6.748845062865399,10.38362169081053,-6.765926862507612,0.055417482199509,4.4333985759607195,0.9740036338396015,1,4.203499993309379,19.742000004043803
1145,38.16666666666706,TRACKING,1,0,1,0,10.290865512509898,-6.711741208412097,10.341384461946395,-6.705547608546265,10.32737773407821,-6.723990929007786,0.03851230944160534,3.0809847553284273,1.7732493977880066,1,4.62629999674391,16.20050000201445
1146,38.200000000000394,TRACKING,1,0,1,0,10.25188052310113,-6.668562855425758,10.307233428799965,-6.658953237409064,10.298668586081165,-6.652187163363083,0.04957102105015874,3.965681684012699,1.9927129196344748,1,4.200199997285381,14.742100000148639
1147,38.233333333333725,TRACKING,1,0,1,0,10.212490807003341,-6.624738340035864,10.271470301365992,-6.616392079310663,10.281437534093184,-6.612282611535249,0.07006280289056618,5.605024231245294,2.3653178559696797,0,3.4720999974524602,15.023799991467968
1148,38.26666666666706,TRACKING,1,0,1,0,10.172697919255079,-6.580271908697748,10.235933586522004,-6.573663427959758,10.240220608613576,-6.578376555341415,0.06754928528526072,5.4039428228208575,1.1167069472378577,1,4.069000002346002,16.052899998612702
1149,38.30000000000039,TRACKING,1,0,1,0,10.132503430811413,-6.5351678700663145,10.190326490528046,-6.52962364061028,10.182550651225563,-6.526795605029035,0.05074267526487927,4.059414021190342,1.1291541749884733,1,4.324700013967231,15.812300000106916
1150,38.33333333333372,TRACKING,1,0,1,0,10.091908928481924,-6.489430594578595,10.14600061256448,-6.486144823305573,10.134774583449621,-6.4722380146851455,0.04618494537403153,3.6947956299225226,2.277679047840577,1,4.001499997684732,15.99240000359714
1151,38.36666666666705,TRACKING,1,0,1,0,10.050916014868053,-6.443064514030251,10.102754673108715,-6.4490721208753365,10.101768308010236,-6.428889473226214,0.052790979339416184,4.223278347153295,3.2844224399813635,1,4.002700006822124,15.544599998975173
1152,38.40000000000038,TRACKING,1,0,1,0,10.00952630829984,-6.396074121146115,10.05423031783799,-6.414385779943835,10.069368219958736,-6.403402171628636,0.06028892696727594,4.823114157382076,3.370578886079557,1,4.310299991630018,17.558500010636635
1153,38.433333333333714,TRACKING,1,0,1,0,9.96774144277203,-6.348463969144911,10.00109960616184,-6.373021464325721,10.00754573853141,-6.381654694920671,0.051826694264847005,4.1461355411877605,3.022987189077527,1,4.063800006406382,15.151100000366569
1154,38.466666666667045,TRACKING,1,0,1,0,9.925563067879567,-6.300238671298041,9.947630072791565,-6.323576129747374,9.937647600215092,-6.3342658087937425,0.036109306389346355,2.8887445111477086,2.408722907514518,1,3.7397999985842034,12.884499999927357
1155,38.50000000000038,TRACKING,1,0,1,0,9.882992848752469,-6.251402900482545,9.900219936394452,-6.2709254785123685,9.91434477912041,-6.265176222628785,0.03424394750522155,2.7395158004177236,2.947568118505136,1,3.8984999991953373,13.468999997712672
1156,38.53333333333371,TRACKING,1,0,1,0,9.840032465990099,-6.201961388728374,9.850873224703657,-6.220914202607309,9.85956260875788,-6.212730890524175,0.022302660053448352,1.784212804275868,3.1598312129949764,1,3.8746000063838437,13.350599998375401
1157,38.56666666666704,TRACKING,1,0,1,0,9.796683615594805,-6.1519189267598025,9.80330153129772,-6.171298846453792,9.803903035876745,-6.186164708657321,0.034998480066707166,2.7998784053365733,2.2971325818313018,1,4.240700000082143,16.92140000523068
1158,38.60000000000037,TRACKING,1,0,1,0,9.752948008904974,-6.101280363531287,9.75885466968196,-6.114247862275398,9.741712493837866,-6.126316570321661,0.0274417282486653,2.195338259893224,1.0556599955755792,1,3.889800005708821,15.962899997248314
1159,38.6333333333337,TRACKING,1,0,1,0,9.708827372527477,-6.050050605757585,9.719838126227875,-6.052376270555053,9.714757097687514,-6.045861126281351,0.007260397974998472,0.5808318379998777,0.9359653547250943,1,4.189500003121793,16.81339999777265
1160,38.666666666667034,TRACKING,1,0,1,0,9.664323448269485,-5.998234617438291,9.678927500506783,-5.994438795724116,9.691139616987275,-5.983741777186172,0.03048195077868921,2.4385560622951368,1.8539729686595154,1,3.885800004354678,16.284299999824725
1161,38.700000000000365,TRACKING,1,0,1,0,9.619437993069731,-5.945837419376886,9.63090724191735,-5.939573398019789,9.62992088716551,-5.955784436396657,0.014451097405211716,1.1560877924169373,1.88885544515644,1,4.902100001345389,16.095300001325086
1162,38.7333333333337,TRACKING,1,0,1,0,9.574172778929123,-5.89286408869422,9.584104840068632,-5.880997843553428,9.573339901865138,-5.9007587669299975,0.007938490325632815,0.6350792260506253,1.7428530551876489,1,4.238299996359274,16.922100010560825
1163,38.76666666666703,TRACKING,1,0,1,0,9.528529592840814,-5.839319758336521,9.540647756130426,-5.819296325113521,9.531536697698165,-5.812249706988552,0.027236562918342255,2.1789250334673804,0.8735989822054859,1,4.492499996558763,17.058099998394027
1164,38.80000000000036,TRACKING,1,0,1,0,9.482510236719635,-5.7852096165780855,9.502289955539577,-5.762256439056591,9.508610167072241,-5.753663815326423,0.04094317942002412,3.2754543536019294,0.19608346906892857,1,4.395899988594465,16.915300002438016
1165,38.83333333333369,TRACKING,1,0,1,0,9.43611652733097,-5.730538906518525,9.461575747925549,-5.709626382525793,9.47129300903978,-5.726218549317637,0.03544080066467861,2.835264053174289,0.3675932530516566,1,3.9647999947192147,14.293600004748441
1166,38.86666666666702,TRACKING,1,0,1,0,9.389350296219025,-5.675312925574699,9.42018177565877,-5.654432572606802,9.410230319925025,-5.673362522971326,0.02097091939516233,1.6776735516129864,0.955214300560387,1,4.0234999905806035,14.503600003081374
1167,38.900000000000354,TRACKING,1,0,1,0,9.342213389634527,-5.619537024967474,9.379886574920201,-5.597353944273743,9.374316304876192,-5.598056037709645,0.03862680391366298,3.0901443130930386,1.3872221467251655,1,3.91220000165049,13.598800011095591
1168,38.933333333333685,TRACKING,1,0,1,0,9.29470766846184,-5.563216609203135,9.340204046588653,-5.543335389536448,9.34382968519399,-5.5321380370335635,0.0581278777862474,4.6502302228997925,1.6148993219913215,1,3.8914999895496294,14.487700012978166
1169,38.96666666666702,TRACKING,1,0,1,0,9.246835008145489,-5.5063571355497745,9.297329714269358,-5.492869959921236,9.304737053363425,-5.489417452668561,0.06032909494212584,4.826327595370067,1.5541172674741939,1,4.703799990238622,15.752200008137152
1170,39.00000000000035,TRACKING,1,0,1,0,9.198597298616136,-5.4489641135084685,9.251426959718446,-5.439573972132038,9.248084377152248,-5.454918816916611,0.049844051146734146,3.987524091738732,1.4436177875602476,1,4.480000003241003,14.908799988916144
1171,39.03333333333368,TRACKING,1,0,1,0,9.149996444215953,-5.391043104279394,9.204564572242887,-5.378201306554594,9.195369045015301,-5.387864959063595,0.045483771944614934,3.6387017555691945,1.3490213757347496,1,4.4969000009587035,16.50270000391174
1172,39.06666666666701,TRACKING,1,0,1,0,9.101034363623457,-5.332599720223027,9.154248147575963,-5.314710932868976,9.163333429841632,-5.301254427827001,0.06974023951098089,5.579219160878472,0.6009386189301604,1,4.135200011660345,14.384699999936856
1173,39.10000000000034,TRACKING,1,0,1,0,9.05171298977775,-5.273639624316296,9.100423484132975,-5.255903047402627,9.120349482662094,-5.241594214124709,0.0757487720679994,6.059901765439952,0.05718610742922934,1,4.263800001353957,16.564699995797127
1174,39.133333333333674,TRACKING,1,0,1,0,9.002034269802223,-5.2141685296038185,9.044529421044736,-5.198391152113833,9.046920749851996,-5.21909357354481,0.04515586505736888,3.61246920458951,0.9573661432641641,1,4.349699986050837,16.88240001385566
1175,39.166666666667005,TRACKING,1,0,1,0,8.952000164927677,-5.154192198644408,8.990483969747128,-5.133249056507883,8.976474393604734,-5.1507029638244095,0.024721703601612622,1.9777362881290097,1.3372658587510304,1,4.397999990032986,18.00770001136698
1176,39.20000000000034,TRACKING,1,0,1,0,8.901612650414899,-5.093716442952608,8.940653723319093,-5.068358483002681,8.933310245226702,-5.056093025777754,0.049196128270081435,3.935690261606515,0.8329927642444115,1,4.129799999645911,15.561199994408526
1177,39.23333333333367,TRACKING,1,0,1,0,8.850873715476684,-5.032747122435653,8.891479934710151,-5.010147192373472,8.907729619816934,-4.992695589318615,0.06954652517108842,5.563722013687073,0.5614489765958157,1,4.337399994255975,16.669299991917796
1178,39.266666666667,TRACKING,1,0,1,0,8.799785363199291,-4.971290144825634,8.838201066188892,-4.955463448524487,8.848042887584802,-4.956365608480212,0.05051267608179129,4.041014086543303,0.8308120635004348,1,4.14920000184793,15.753800005768426
1179,39.30000000000033,TRACKING,1,0,1,0,8.74834961046342,-4.909351465107014,8.786494650875325,-4.898791549615873,8.77557294647578,-4.910997163181949,0.027273033307568136,2.181842664605451,0.9125775736047799,1,4.637700010789558,23.557499996968545
1180,39.33333333333366,TRACKING,1,0,1,0,8.6965684878645,-4.8469370849396896,8.736241758866475,-4.838749025893688,8.713315621938985,-4.839385210929139,0.01837109960726402,1.4696879685811213,2.0036201944088403,1,4.543799994280562,16.429900002549402
1181,39.366666666666994,TRACKING,1,0,1,0,8.64444403963259,-4.784053052077403,8.688722196934002,-4.783285599257123,8.691055907343227,-4.770844042178574,0.04844733381705555,3.875786705364444,1.8948193022110191,1,4.205400007776916,14.885999989928678
1182,39.400000000000325,TRACKING,1,0,1,0,8.591978323551656,-4.720705459781708,8.634523623195571,-4.72565661326045,8.647471123284719,-4.725752342407566,0.05572182558435268,4.457746046748214,1.4643523711043465,1,4.012000004877336,14.456999997491948
1183,39.43333333333366,TRACKING,1,0,1,0,8.539173410878329,-4.656900446231632,8.572919380149523,-4.662426347871194,8.558398350511316,-4.676810788190654,0.0276770666945974,2.214165335567792,1.2351652354127929,1,3.8920000079087913,13.810299991746433
1184,39.46666666666699,TRACKING,1,0,1,0,8.48603138626015,-4.59264419392881,8.51382228761228,-4.596297728045844,8.513113975095996,-4.597916644019346,0.027591037457998565,2.207282996639885,1.5304811760909862,1,4.108599998289719,16.558599993004464
1185,39.50000000000032,TRACKING,1,0,1,0,8.432554347653253,-4.5279429290985025,8.45495061897683,-4.531585972623791,8.460563776721347,-4.526706296809058,0.02803671478864597,2.2429371830916778,2.018834364031878,1,4.249100005836226,16.489400004502386
1186,39.53333333333365,TRACKING,1,0,1,0,8.378744406239557,-4.462802921086261,8.395552799011137,-4.468176769466133,8.400356434085078,-4.457222847590144,0.022320774355242247,1.7856619484193799,2.304595358920823,1,4.116299998713657,17.607999994652346
1187,39.56666666666698,TRACKING,1,0,1,0,8.32460368634341,-4.397230481750414,8.338068220270799,-4.405680990418209,8.340158113566778,-4.413179242878651,0.022277863177885694,1.7822290542308556,1.6727145589864292,1,4.2021999979624525,16.147600006661378
1188,39.600000000000314,TRACKING,1,0,1,0,8.270134325347733,-4.3312319648505335,8.28453331248623,-4.338551116105803,8.274290612572045,-4.344989640974549,0.014371790974832738,1.149743277986619,1.1133522500475337,1,4.422899990458973,15.517799998633564
1189,39.633333333333645,TRACKING,1,0,1,0,8.215338473609627,-4.2648137654317475,8.233776469172133,-4.269558585799061,8.221701545093246,-4.247036328784679,0.018881894302378185,1.5105515441902546,1.3919277721770444,1,3.9761000080034137,16.710700001567602
1190,39.66666666666698,TRACKING,1,0,1,0,8.160218294375497,-4.197982319205039,8.182536602813036,-4.203233477940261,8.193116914448838,-4.187949657412424,0.03439438188680042,2.7515505509440334,1.1814665085813574,1,4.019600004539825,18.637299988768063
1191,39.70000000000031,TRACKING,1,0,1,0,8.104775963695637,-4.130744101923722,8.128233242116437,-4.134357850946601,8.140052150930305,-4.1398908202151965,0.036442720004398285,2.915417600351863,0.9686700576584889,1,4.141999990679324,17.592700009117834
1192,39.73333333333364,TRACKING,1,0,1,0,8.04901367033833,-4.063105628755924,8.071858503253718,-4.063580561282214,8.062157222675594,-4.078134641548796,0.019965575212618686,1.5972460170094949,0.917708046209107,0,3.987299991422333,15.166600001975894
1193,39.76666666666697,TRACKING,1,0,1,0,7.9929336157034365,-3.9950734536532493,8.016000650951316,-3.993582744023219,8.013642197450025,-3.990633054294118,0.021179294238092956,1.6943435390474366,0.33024193060982104,1,3.910999992513098,16.618000008747913
1194,39.8000000000003,TRACKING,1,0,1,0,7.93653801373549,-3.9266541687158107,7.961252144573943,-3.9177391159330486,7.970543718979537,-3.900112941274893,0.04313727788370016,3.450982230696013,1.0074511496278797,1,4.080300001078285,15.472600003704429
1195,39.833333333333634,TRACKING,1,0,1,0,7.879829090836289,-3.8578544035533753,7.90204517974774,-3.849877022558729,7.907802235835076,-3.840659028238978,0.032835617450052236,2.6268493960041788,0.9787459448812151,1,4.524599993601441,18.7869000073988
1196,39.866666666666966,TRACKING,1,0,1,0,7.822809085777012,-3.7886808246430634,7.844878600143352,-3.7814653712125397,7.8239789949847385,-3.799920910977546,0.011300806535860455,0.9040645228688364,1.0250515730663283,2,4.171699998551048,14.940799999749288
1197,39.9000000000003,TRACKING,1,0,1,0,7.765480249609823,-3.719140134683353,7.796080975286817,-3.703786201633793,7.778953298939963,-3.7176576873565255,0.013554361229110376,1.08434889832883,2.178260165646668,2,4.261199996108189,18.31500000844244
1198,39.93333333333363,TRACKING,1,0,1,0,7.70784484557901,-3.6492390719445678,7.748478703257464,-3.6251823144948987,7.7494802620992775,-3.6249104441680933,0.04822229814414083,3.8577838515312664,2.3537250181599285,2,4.417199990712106,16.77840000775177
1199,39.96666666666696,TRACKING,1,0,1,0,7.64990514903164,-3.578984409616041,7.698302458281703,-3.5507065020477047,7.712527535341456,-3.545685699572174,0.0709250827121222,5.674006616969776,1.1985067297657914,2,4.651299997931346,18.38210001005791
1200,40.00000000000029,TRACKING,1,0,1,0,7.591663447327722,-3.5083829551497736,7.638692744415919,-3.4813898302588364,7.638988131557908,-3.4915909766047855,0.05021549841375824,4.017239873100659,1.0208358940439364,2,4.553999999188818,19.246099996962585
1201,40.03333333333362,TRACKING,1,0,1,0,7.5331220397499115,-3.437441549600777,7.576574317207143,-3.409024553183046,7.562881629448489,-3.40736957565564,0.0423078810150623,3.384630481204984,0.9863688501964738,2,4.68699999328237,14.04270000057295
1202,40.066666666666954,TRACKING,1,0,1,0,7.4742832374127435,-3.3661670669642865,7.515500520426136,-3.337471282907734,7.523980428590769,-3.3291007213765362,0.06199778049427051,4.95982243954164,0.6480046612056847,2,4.3772000062745064,14.621499998611398
1203,40.100000000000286,TRACKING,1,0,1,0,7.415149363171386,-3.2945664135095893,7.450991654190892,-3.266938747620329,7.458793069841941,-3.258351334107892,0.056712477533755565,4.536998202700445,0.2810960348145802,2,4.318600011174567,15.834099991479889
1204,40.13333333333362,TRACKING,1,0,1,0,7.355722751529939,-3.2226465271109204,7.38828904138168,-3.1980355506763694,7.383853016137733,-3.214011372571447,0.029425799578348087,2.3540639662678466,1.3059301874020546,2,4.188299993984401,15.05909999832511
1205,40.16666666666695,TRACKING,1,0,1,0,7.296005748549277,-3.1504143765751653,7.329112623665686,-3.121413421147964,7.320825361093683,-3.1367696644069403,0.028322982487869387,2.265838599029551,1.8656625347632525,2,4.504999989876524,18.693999998504296
1206,40.20000000000028,TRACKING,1,0,1,0,7.236000711754425,-3.077876960966566,7.270661499706554,-3.0437311945853116,7.279167888599284,-3.0411314416439166,0.0566889614214845,4.53511691371876,1.3468534147793039,2,4.189400002360344,16.237200004979968
1207,40.23333333333361,TRACKING,1,0,1,0,7.175710010041491,-3.005041308928614,7.209027064180095,-2.9707400311579257,7.223429742442673,-2.959407935798564,0.06602709749539812,5.28216779963185,0.050463639792910915,1,4.472400003578514,19.506800003000535
1208,40.26666666666694,TRACKING,1,0,1,0,7.115136023584142,-2.931914478002955,7.146199790397039,-2.9056527156270895,7.153996333312189,-2.9018216883789028,0.049149767644589754,3.93198141156718,0.3230919423152869,1,4.1292999958386645,15.29609999852255
1209,40.300000000000274,TRACKING,1,0,1,0,7.054281143739649,-2.8585035539454977,7.085715440698143,-2.836797487974202,7.068109756338817,-2.84851498078875,0.01705878425109977,1.3647027400879814,1.4776833051824463,1,4.366900000604801,14.81910000438802
1210,40.333333333333606,TRACKING,1,0,1,0,6.993147772954465,-2.78481565003992,7.0318074010279,-2.7648025201547117,7.026303720873366,-2.7607541591737608,0.040966720946435484,3.277337675714839,2.092982995836216,1,4.420999990543351,16.866800011484884
1211,40.36666666666694,TRACKING,1,0,1,0,6.931738324669391,-2.710857906408308,6.9775184913499855,-2.6967245957210784,6.9788846023239675,-2.688730811191557,0.05208051304867837,4.166441043894269,2.156825212078788,1,4.311600001528859,22.676299995509908
1212,40.40000000000027,TRACKING,1,0,1,0,6.870055223224295,-2.636637489319392,6.918025000652306,-2.6303888795440007,6.918469793356709,-2.625539621259006,0.04967024538486001,3.9736196307888,1.889748473564767,1,4.719200005638413,16.80599999963306
1213,40.4333333333336,TRACKING,1,0,1,0,6.808100903762406,-2.562161590494122,6.85545733168977,-2.5603311876737513,6.8428519206569565,-2.5759625619204534,0.037391175262563664,2.991294021005093,2.2422582407049876,0,3.744000001461245,15.471999999135733
1214,40.46666666666693,TRACKING,1,0,1,0,6.7458778121341725,-2.4874374264087695,6.793642188612575,-2.490745169277911,6.774939781540991,-2.491461104696862,0.029339189708799288,2.3471351767039432,1.853591477235688,1,3.955699998186901,16.48879999993369
1215,40.50000000000026,TRACKING,1,0,1,0,6.683388404800709,-2.4124722375957552,6.729728584846175,-2.4169604642352143,6.724142890208236,-2.4088676289427733,0.04091358312802034,3.2730866502416274,1.807395366703639,1,3.853400005027652,13.253899989649653
1216,40.533333333333594,TRACKING,1,0,1,0,6.6206351487368185,-2.3372732879420264,6.665358868367702,-2.3428568185035754,6.67286927177655,-2.3478369373141192,0.05329159687780373,4.263327750224299,1.4156359475147047,1,4.214600005070679,17.914700001711026
1217,40.566666666666926,TRACKING,1,0,1,0,6.557620521333598,-2.2618478639851656,6.5998601829326695,-2.2659206098770968,6.598013360242364,-2.276002900014829,0.04280124390844975,3.42409951267598,1.1635696374923052,1,4.179499999736436,16.255700000328943
1218,40.60000000000026,TRACKING,1,0,1,0,6.49434701030064,-2.186203274207432,6.536550499639006,-2.184318401543385,6.517271988950506,-2.1854564289816945,0.022937140708642147,1.8349712566913718,2.0561744503802304,1,4.074099997524172,16.061999995145015
1219,40.63333333333359,TRACKING,1,0,1,0,6.430817113567819,-2.110346848327552,6.478404082517591,-2.104812307326818,6.466474662724134,-2.0918002622662604,0.040192495149765174,3.2153996119812143,2.3456085782789766,1,4.610499992850237,16.23969999491237
1220,40.66666666666692,TRACKING,1,0,1,0,6.367033339186678,-2.0342859365904506,6.41873818526082,-2.0281892037175777,6.4195301186506395,-2.0136028902065974,0.05642428787148696,4.5139430297189564,1.7636043724618404,1,4.44999999308493,17.58240000344813
1221,40.70000000000025,TRACKING,1,0,1,0,6.302998205231411,-1.9580279090551338,6.353191849631892,-1.9513875696379734,6.352899904949021,-1.9537008256844681,0.05008895372438155,4.007116297950524,1.8525240290475773,0,4.026099995826371,16.72050000343006
1222,40.73333333333358,TRACKING,1,0,1,0,6.238714239699465,-1.8815801548804423,6.288753537128292,-1.874808252414056,6.276438418439132,-1.8960198974274567,0.04039331413001947,3.2314651304015576,1.1996652137795507,1,4.183199998806231,19.43260000552982
1223,40.766666666666914,TRACKING,1,0,1,0,6.1741839804117244,-1.8049500816091624,6.2199956949027575,-1.7904718643719275,6.211308796582215,-1.7880259549311153,0.040800466167769604,3.2640372934215685,1.3368494084894014,1,3.907899998011999,16.083599999547005
1224,40.800000000000246,TRACKING,1,0,1,0,6.109409974912333,-1.7281451144502176,6.1541494167276865,-1.7106197584703964,6.164144682570871,-1.6960412676661165,0.06345506442201942,5.076405153761554,0.6352561804231776,1,4.126700005144812,15.864700006204657
1225,40.83333333333358,TRACKING,1,0,1,0,6.044394780368119,-1.651172695559148,6.083741555157476,-1.6352902940538807,6.100171899231154,-1.633669023494625,0.05845909274358857,4.676727419487086,0.43278805656967473,1,4.768700004206039,15.81169999553822
1226,40.86666666666691,TRACKING,1,0,1,0,5.979140963467637,-1.5740402833170724,6.012281019152126,-1.5596275595913172,6.000983058660528,-1.5716903217364773,0.021968146072109906,1.7574516857687923,0.7611435401651822,1,4.0492999978596345,15.62289999856148
1227,40.90000000000024,TRACKING,1,0,1,0,5.913651100319847,-1.4967553516079533,5.947157548338958,-1.4788995992692624,5.947241859095598,-1.4739057609062451,0.040625643014803745,3.2500514411843,1.1325352057824003,1,4.865900002187118,16.386899995268323
1228,40.93333333333357,TRACKING,1,0,1,0,5.8479277763524085,-1.41932538909436,5.883713846851948,-1.4010292944798548,5.890750369328242,-1.3893186821378183,0.052289357727454536,4.183148618196363,1.1044867512479408,1,4.383700012112968,17.118099989602342
1229,40.9666666666669,TRACKING,1,0,1,0,5.781973586209616,-1.341757898491938,5.8182687202572385,-1.3259653981690924,5.833989224094567,-1.3237935575466808,0.055030392785948706,4.402431422875897,1.259414244145626,0,3.757899990887381,15.354900009697303
1230,41.000000000000234,TRACKING,1,0,1,0,5.715791133649964,-1.2640603958423093,5.7531628074655075,-1.2504499895465693,5.749811872112501,-1.2625220538245006,0.03405550090220461,2.724440072176369,1.1481636181036468,1,4.633799995644949,18.66060000611469
1231,41.033333333333566,TRACKING,1,0,1,0,5.649383031443358,-1.1862404097848889,5.687465592562276,-1.170050837278678,5.672925729914374,-1.1719344489715875,0.027548487546303808,2.2038790037043046,0.8758359223298396,1,4.1689999925438315,18.720200008829124
1232,41.0666666666669,TRACKING,1,0,1,0,5.582751901267946,-1.108305480827342,5.619678115646232,-1.0911995936785523,5.608916519092794,-1.0765494408400957,0.041146485896027325,3.291718871682186,1.0295601710633062,1,4.354099990450777,19.694600006914698
1233,41.10000000000023,TRACKING,1,0,1,0,5.515900373606692,-1.0302631606148913,5.55230286139538,-1.0159140970819431,5.555948168783485,-1.009596314873115,0.04506600061506189,3.6052800492049513,0.8214185433065491,1,4.139500000746921,16.742499996325932
1234,41.13333333333356,TRACKING,1,0,1,0,5.448831087643422,-0.9521210111986704,5.478364326148238,-0.9408638544211656,5.486009773999015,-0.9628030661350112,0.03868282586356129,3.094626069084903,1.046379081377773,1,4.089400012162514,18.055099993944168
1235,41.16666666666689,TRACKING,1,0,1,0,5.381546691158705,-0.8738866043029433,5.402150304473485,-0.8571763801816196,5.394001957710108,-0.8620077683657232,0.017211635834222614,1.376930866737809,1.1334372366779226,1,4.075399992871098,18.126299997675233
1236,41.20000000000022,TRACKING,1,0,1,0,5.314049840425305,-0.7955675205913865,5.329227002089363,-0.775264771012189,5.3344161189720225,-0.7644380412128198,0.037199862744680776,2.975989019574462,1.449265226559878,1,4.199899995001033,18.64890000433661
1237,41.233333333333555,TRACKING,1,0,1,0,5.246343200103317,-0.7171713489326452,5.256299926864865,-0.6935169268603809,5.279002852958901,-0.6671807500451797,0.0597135905952301,4.777087247618408,2.2217647714616,2,4.598200001055375,19.741700001759455
1238,41.266666666666886,TRACKING,1,0,1,0,5.1784294431349664,-0.6387056856648837,5.181508005155181,-0.6235914715455667,5.186024993301848,-0.6179586421856159,0.022093713935602537,1.767497114848203,2.0417548071219533,2,4.826899996260181,19.08969999931287
1239,41.30000000000022,TRACKING,1,0,1,0,5.110311250639093,-0.5601781338598233,5.112233877007304,-0.5513064189919186,5.103553623624057,-0.5636967089491157,0.007618785568142131,0.6095028454513705,0.7127026585867346,2,4.706100007751957,20.638199988752604
1240,41.33333333333355,TRACKING,1,0,1,0,5.0419913118052975,-0.4815963025859864,5.047991503862988,-0.4702338822848564,5.035839504306283,-0.4670105248009054,0.015830023660774867,1.2664018928619893,0.6018802806570875,2,4.639799997676164,18.593100001453422
1241,41.36666666666688,TRACKING,1,0,1,0,4.973472323787784,-0.4029678061713599,4.986713226763821,-0.3919417344075963,4.99021823848974,-0.3720514098993045,0.035160335858122185,2.812826868649775,1.1226337083540798,2,4.932900003041141,18.692400000873022
1242,41.40000000000021,TRACKING,1,0,1,0,4.904756991598877,-0.324300263465676,4.921311106727784,-0.3166973549633439,4.927703550853465,-0.31534143591902225,0.024633415772787683,1.9706732618230147,0.9945832995165445,2,4.754599998705089,20.192500000121072
1243,41.43333333333354,TRACKING,1,0,1,0,4.83584802800223,-0.24560129710212744,4.854482573236087,-0.23892407110335068,4.848563565584605,-0.2488696168866209,0.013128854109270343,1.0503083287416275,1.1047105603033476,0,4.314000005251728,19.267099996795878
1244,41.466666666666875,TRACKING,1,0,1,0,4.766748153405737,-0.16687853275871653,4.787832255349922,-0.16148105123711293,4.780860606670538,-0.1687827686933458,0.014240345910333168,1.1392276728266535,1.2402078165527715,0,4.7876999888103455,18.41200000490062
1245,41.500000000000206,TRACKING,1,0,1,0,4.697460095754127,-0.08813959841943611,4.721124317981141,-0.08403037222628082,4.729855470570049,-0.07126205877890812,0.036528230915029235,2.922258473202339,0.6629416410642174,1,5.177600003662519,17.30219999444671
1246,41.53333333333354,TRACKING,1,0,1,0,4.627986590421276,-0.009392123635099937,4.648137862366243,0.002308565952274799,4.662470128888628,0.004502832635817886,0.0371777384331003,2.9742190746480244,1.6686427543751272,1,4.786600009538233,17.620099999476224
1247,41.56666666666687,TRACKING,1,0,1,0,4.558330380102218,0.06935626121597907,4.5719897181522064,0.08840598460875876,4.567530566003763,0.07808056065752855,0.0126789913387778,1.014319307102224,1.5194968042399044,1,4.325100002461113,16.04560000123456
1248,41.6000000000002,TRACKING,1,0,1,0,4.488494214704865,0.1480979256672486,4.502039350591488,0.17444785285785533,4.490703790241009,0.16672548398568265,0.018758148974688048,1.500651917975044,1.3658934618498872,1,4.346499990788288,16.939200009801425
1249,41.63333333333353,TRACKING,1,0,1,0,4.418480851241449,0.22682523990339842,4.435801839595009,0.25820520863551233,4.440016226659349,0.26137419893665087,0.04071121423724997,3.2568971389799977,1.098218371593713,1,3.9659999893046916,15.032800001790747
1250,41.66666666666686,TRACKING,1,0,1,0,4.348293053719678,0.3055305754995656,4.369178647921179,0.3384039686292207,4.381405112962794,0.3363733900421052,0.04525138314156963,3.6201106513255703,0.8037683592285748,1,4.316200007451698,15.433299995493144
1251,41.700000000000195,TRACKING,1,0,1,0,4.277933593033614,0.384206306160547,4.300279074806857,0.41646495619532575,4.304841259689879,0.40051042549462285,0.03146183135395099,2.5169465083160794,1.3659673477363052,1,4.366700013633817,17.71559999906458
1252,41.733333333333526,TRACKING,1,0,1,0,4.207405246854295,0.4628448084598058,4.23324047865003,0.49786340825057407,4.229181278840048,0.4790302617572669,0.027132350939216815,2.170588075137345,1.6007398795853205,0,3.46180000633467,16.109200005303137
1253,41.76666666666686,TRACKING,1,0,1,0,4.13671079952006,0.5414384625780716,4.16592395694695,0.578721298624516,4.160271341637724,0.5849859377528601,0.04951244024461991,3.960995219569593,1.386062366710079,1,4.177100010565482,22.105399999418296
1254,41.80000000000019,TRACKING,1,0,1,0,4.065853041926645,0.6199796530417191,4.100534249884172,0.6525238110492825,4.108830785032343,0.6600163340068061,0.058736889815171237,4.698951185213699,0.5562093036863841,1,4.16409999888856,15.49249999516178
1255,41.83333333333352,TRACKING,1,0,1,0,3.9948347714169894,0.6984607694607261,4.027858411812922,0.7271808858713767,4.034869254662888,0.7252511529384033,0.04817140744930658,3.8537125959445264,0.9592993553790553,1,4.410299996379763,17.939199999091215
1256,41.86666666666685,TRACKING,1,0,1,0,3.923658791670811,0.7768742072659962,3.952850953535977,0.8080101469602199,3.946550781919759,0.7947821072625602,0.029064344132370384,2.3251475305896308,2.161402581622273,1,4.130499990424141,17.420600008335896
1257,41.90000000000018,TRACKING,1,0,1,0,3.8523279125939176,0.8552123684463309,3.8832639398263282,0.8940632589809678,3.8678461946049287,0.8953683244480172,0.043050178617313986,3.444014289385119,2.822847025914699,1,4.496300010941923,16.528899999684654
1258,41.933333333333515,TRACKING,1,0,1,0,3.780844950207277,0.933467662284553,3.8144521388799277,0.9801066139628846,3.8142812531208787,0.9881699696668637,0.06411184590603308,5.128947672482647,3.313693469212382,0,3.711900004418567,21.23080000455957
1259,41.966666666666846,TRACKING,1,0,1,0,3.7092127265358457,1.0116325060930664,3.7454958520474415,1.0656843472981952,3.7432760882516063,1.077517990106384,0.0741701396456005,5.93361117164804,3.816157786007351,0,3.8419999909820035,16.465500011690892
1260,42.00000000000018,TRACKING,1,0,1,0,3.6374340694971607,1.089699325948635,3.676564448978923,1.1509813858759206,3.6729548300650996,1.1418052828197216,0.06306151895392612,5.044921516314089,2.7163274279418,1,4.149800006416626,15.672399997129105
1261,42.03333333333351,TRACKING,1,0,1,0,3.565511812789696,1.167660557426188,3.605400077473447,1.2270991801469928,3.592314565316811,1.2186432110648318,0.057598771819090885,4.607901745527271,2.178713461132898,1,4.320200008805841,14.6521999995457
1262,42.06666666666684,TRACKING,1,0,1,0,3.4934487957809965,1.2455086463318308,3.5340076716735416,1.3006237841158217,3.5385338729537317,1.3177507985420862,0.08515628420522584,6.812502736418067,2.212243334361027,0,3.8078999932622537,14.904499999829568
1263,42.10000000000017,TRACKING,1,0,1,0,3.4212478633955827,1.3232360494348643,3.462853368986067,1.3751903200241613,3.475735759501082,1.3916346265753148,0.08744882032847454,6.995905626277962,0.49223412326782495,1,3.8515999913215637,17.98820000840351
1264,42.1333333333335,TRACKING,1,0,1,0,3.348911866002636,1.4008352351986006,3.384827974872899,1.4394449863754533,3.388871712901571,1.427685491152335,0.048142762789098126,3.85142102312785,0.8834567047050055,1,4.0822000009939075,17.74289998866152
1265,42.166666666666835,TRACKING,1,0,1,0,3.2764436593034754,1.478298684510259,3.3118287077883894,1.5116890937960608,3.3097747089049165,1.4943946223642592,0.03701402548944885,2.9611220391559074,1.9349521661896327,1,4.3806000030599535,17.33119999698829
1266,42.200000000000166,TRACKING,1,0,1,0,3.2038461042188153,1.5556188914094438,3.2435145355343877,1.589297953745394,3.249117759704251,1.5940832473467834,0.059405634985802,4.75245079886416,2.2180972613857817,1,3.9615999994566664,17.10649998858571
1267,42.2333333333335,TRACKING,1,0,1,0,3.131122066775825,1.6327883638154908,3.174875613084565,1.6657045836887,3.186232362842713,1.6788627335625947,0.07183308624981206,5.746646899984965,2.1681665939097385,1,4.042999993544072,15.074800001457334
1268,42.26666666666683,TRACKING,1,0,1,0,3.0582744179949772,1.7097996242534679,3.1049218420331406,1.73804509138752,3.113552875688607,1.734450588037709,0.0605258448968568,4.842067591748544,2.1342665448787086,1,4.1191000054823235,16.359100001864135
1269,42.30000000000016,TRACKING,1,0,1,0,2.9853060337767117,1.7866452105786348,3.033279476730684,1.8133313670519173,3.0318428320836928,1.8032595334297201,0.04941365520243099,3.9530924161944787,2.339792138614842,1,3.9072000072337687,14.125199988484383
1270,42.33333333333349,TRACKING,1,0,1,0,2.9122197947878954,1.8633176766995427,2.961550955368411,1.8917655334797432,2.9509943087000257,1.8953550887663755,0.050297700753235475,4.023816060258838,2.3262289020358775,1,4.1554000054020435,14.89600000786595
1271,42.36666666666682,TRACKING,1,0,1,0,2.8390185863480997,1.939809593299578,2.8894009976106485,1.9669150110120508,2.8976427517822807,1.9788867864279094,0.0704543809542255,5.63635047633804,1.3520688407934793,1,3.834199989796616,15.725100005511194
1272,42.400000000000155,TRACKING,1,0,1,0,2.7657052983156936,2.0161135485567567,2.8104306296297263,2.0385430797109816,2.825336461560563,2.0332864632414775,0.062054690626132274,4.964375250090582,0.4101300725003292,1,4.144800011999905,16.669899996486492
1273,42.433333333333486,TRACKING,1,0,1,0,2.6922828249737556,2.0922221488619472,2.728036100228622,2.113074196909937,2.713629217995073,2.112771327925802,0.0296300059942438,2.370400479539504,0.2015362470393231,0,3.483000007690862,17.79579999856651
1274,42.46666666666682,TRACKING,1,0,1,0,2.618754064915815,2.168128019535329,2.6468502943255063,2.187404328275835,2.6379381523109653,2.189236647199208,0.02852373346946439,2.2818986775571513,0.0855815259433984,1,4.159300005994737,15.363699989393353
1275,42.50000000000015,TRACKING,1,0,1,0,2.5451219209314164,2.2438238055408806,2.567731785037521,2.26364540550936,2.578261711045285,2.2726472500586032,0.04392079965867521,3.5136639726940166,0.871339952909562,1,3.7948999961372465,13.968100000056438
1276,42.53333333333348,TRACKING,1,0,1,0,2.471389299891526,2.319302172199165,2.486281773543727,2.336749776782801,2.507689956070003,2.337420003493488,0.04057084482479409,3.245667585983527,1.1599119533038025,1,3.781499995966442,15.255100006470457
1277,42.56666666666681,TRACKING,1,0,1,0,2.3975591126337723,2.3945558058979453,2.405583329017135,2.412806948024764,2.404814466011197,2.4026759211139885,0.010889280221994854,0.8711424177595883,1.0118185270728335,1,4.128000000491738,15.115100002731197
1278,42.60000000000014,TRACKING,1,0,1,0,2.3236342738475306,2.4695774148008884,2.3294565222874772,2.4922667337347915,2.3165758689225564,2.480876747636015,0.013322762574026219,1.0658210059220976,1.039900163759018,1,3.967999989981763,17.622500003199093
1279,42.633333333333475,TRACKING,1,0,1,0,2.2496177019588566,2.5443597295541625,2.2582443316302565,2.572502894680901,2.26082541943849,2.590146269404511,0.047138308864137564,3.771064709131005,0.4783028781984084,1,3.722499997820705,16.542800003662705
1280,42.666666666666806,TRACKING,1,0,1,0,2.175512319015272,2.618895503990733,2.186240413584723,2.6468389133482155,2.2044123130597257,2.656615551698135,0.0475185401166552,3.8014832093324156,0.6653585586421646,1,4.015599988633767,16.723500011721626
1281,42.70000000000014,TRACKING,1,0,1,0,2.101321050570406,2.6931775158325317,2.1098723659528416,2.7199002757933544,2.107150790695286,2.7073717560878268,0.015344781730238876,1.2275825384191101,0.7585199229344735,0,3.39509999321308,13.535699996282347
1282,42.73333333333347,TRACKING,1,0,1,0,2.0270468255685015,2.767198567390316,2.034178156591107,2.793394752801622,2.027126945483038,2.791107102064152,0.023908668918422027,1.9126935134737622,0.8520702731224545,0,3.3221000048797578,14.799299999140203
1283,42.7666666666668,TRACKING,1,0,1,0,1.9526925762287837,2.840951486261006,1.9584949222132146,2.867011823793602,1.952257934721687,2.8817955624623726,0.04084638875081516,3.2677111000652124,1.3303200818905931,1,3.482400003122166,14.233199995942414
1284,42.80000000000013,TRACKING,1,0,1,0,1.878261237929702,2.9144291260227737,1.8929015455901632,2.9335250668900392,1.900974563524077,2.9505523991203746,0.042670669303866635,3.4136535443093305,1.995981052520565,1,3.8579999963985756,17.240100001799874
1285,42.833333333333464,TRACKING,1,0,1,0,1.8037557490930445,2.987624366927416,1.8240980284546482,2.998856738946689,1.8344346608305027,3.003825717921558,0.034694083060806576,2.7755266448645264,1.9942744311567657,1,3.948900004616007,14.603899995563552
1286,42.866666666666795,TRACKING,1,0,1,0,1.7291790510679381,3.0605301165902765,1.7503636725053007,3.065641707043946,1.745758616471102,3.0599834471412373,0.01658857547965781,1.3270860383726248,1.4279776556012438,1,3.481299994746223,15.513600010308437
1287,42.90000000000013,TRACKING,1,0,1,0,1.654534088014724,3.133139310677513,1.6761802937407424,3.137892373824333,1.6672101185713444,3.138370927199206,0.013713189348303602,1.0970551478642883,1.2168872416810057,1,3.880299991578795,15.313700001570396
1288,42.93333333333346,TRACKING,1,0,1,0,1.579823806788731,3.2054449135905294,1.6009836117846064,3.2107436504205364,1.6026536257310817,3.235729096139228,0.03792535228028123,3.0340281824224986,1.1563634669447629,0,3.9970999932847917,17.061800012015738
1289,42.96666666666679,TRACKING,1,0,1,0,1.5050511568239378,3.2774399191477452,1.525996892322688,3.2835079666512472,1.532035622422438,3.302951819673801,0.03713513770121248,2.9708110160969987,1.3128327885830913,1,4.132600006414577,20.42849999270402
1290,43.00000000000012,TRACKING,1,0,1,0,1.4302190900165335,3.3491173512635064,1.4505078148623016,3.354715424909309,1.445450761214004,3.3487826922510884,0.01523534719402366,1.2188277755218928,0.4109111173950043,1,3.5731000098166987,20.463299995753914
1291,43.03333333333345,TRACKING,1,0,1,0,1.3553305606083828,3.420470264623959,1.3746440181864255,3.431430198912232,1.373797779654518,3.4265956225839593,0.019456571882941726,1.556525750635338,0.1289235834090371,1,3.7557999894488603,14.88120001158677
1292,43.066666666666784,TRACKING,1,0,1,0,1.280388525070397,3.4914917453601295,1.2974598476460382,3.507898306262563,1.2999684190448457,3.518903083992183,0.03368610594372335,2.694888475497868,0.5820397885541754,1,3.554499999154359,13.495299994247034
1293,43.100000000000115,SEARCH,0,0,1,0,1.2053959419858176,3.562174911717766,1.2208139469912433,3.5783744629151935,1.2380294463900172,3.5893414890988784,0.04246137699489845,3.3969101595918763,nan,2,3.804899999522604,16.708499999367632
1294,43.13333333333345,ACQUIRING,0,0,1,0,1.1303557719334172,3.6325129147241983,1.2330569352253375,3.575274450951478,1.239096604298789,3.5771937465008348,0.12200319256658282,9.760255405326626,183.28222654360985,2,3.9657000015722588,15.437699999893084
1295,43.16666666666678,ACQUIRING,0,0,1,0,1.0552709773706197,3.702498938852018,1.3341888123483205,3.6610633278766507,1.315391697937295,3.6477536273334508,0.26581918365947815,21.265534692758255,186.11422300011048,2,5.450199998449534,14.50430000841152
1296,43.20000000000011,ACQUIRING,0,0,1,0,0.9801445225165492,3.7721262026794062,1.5242095783601923,3.8357410936907126,1.5063700721610989,3.8426113231438586,0.5309251183600158,42.47400946880126,189.37326699714777,0,2.9079999949317425,12.814800007618032
1297,43.23333333333344,ACQUIRING,0,0,1,0,0.9049793732350059,3.8413879595472693,1.7538282779515157,4.097586069620708,1.751149957955028,4.1115455850769695,0.8882509786525822,71.06007829220657,193.07170299932216,0,3.4740000119199976,16.68049998988863
1298,43.26666666666677,ACQUIRING,0,0,1,0,0.8297784969173803,3.9102774982130057,1.9489833807867116,4.314692791817895,1.9464552667806216,4.315420610878384,1.1879006482414234,95.03205185931387,197.1834197547642,1,3.5238999989815056,15.195300002233125
1299,43.300000000000104,ACQUIRING,0,0,1,0,0.7545448623654831,3.9787881435007293,2.119030864185642,4.501000823558751,2.1040663352916744,4.486473024829054,1.4418571859300877,115.34857487440702,201.68171003388915,1,3.630799998063594,12.505599996075034
1300,43.333333333333435,SEARCH,0,0,1,0,0.6792814396744291,4.046913256948111,2.2676104492095517,4.660851326601001,2.249214166120052,4.656126539535147,1.683992158308779,134.71937266470232,nan,1,3.6499999987427145,14.981699991039932
1301,43.36666666666677,SEARCH,0,0,1,0,0.6039912001152528,4.114646237449659,2.3273011453445727,4.731812940754363,2.335466895084957,4.746313253239523,1.8430982885097837,147.4478630807827,nan,1,3.68769999477081,16.76929999666754
1302,43.4000000000001,SEARCH,0,0,1,0,0.5286771160176944,4.181980521896261,2.2981029525907046,4.713885666018835,2.3053321804486013,4.731600663906124,1.8597272699164606,148.77818159331687,nan,1,3.5594999935710803,15.775599997141398
1303,43.43333333333343,SEARCH,0,0,1,0,0.45334216065283606,4.248909585811225,2.1800158709479476,4.607069502394419,2.1739858926471802,4.599496712565434,1.75599720554937,140.4797764439496,nan,0,3.0937999981688336,12.810799991711974
1304,43.46666666666676,SEARCH,0,0,1,0,0.37798930811572107,4.315426943982396,2.0695065510905644,4.488248216164263,2.0535323706871935,4.480393014972476,1.6836443683596882,134.69154946877504,nan,0,3.3101000008173287,13.501399997039698
1305,43.50000000000009,ACQUIRING,0,0,1,0,0.30262153320794316,4.381526151090588,1.9780370206847409,4.427516239254014,1.9816423627192383,4.440009443559313,1.680039059495576,134.4031247596461,288.79205065394797,2,3.319399998872541,14.145599998300895
1306,43.533333333333424,ACQUIRING,0,0,1,0,0.22724181132020516,4.4472008023341525,1.7976786013900286,4.455673151232654,1.7984874957998396,4.470741738952147,1.5714220237392398,125.71376189913919,280.900445365436,1,3.8883999950485304,17.86300000094343
1307,43.566666666666755,ACQUIRING,0,0,1,0,0.1518531183148566,4.512444534049508,1.5284312932064275,4.572718952100183,1.519741770209391,4.561642648043279,1.3687731069839115,109.50184855871292,273.04131383229713,1,3.6755999899469316,16.998100007185712
1308,43.60000000000009,ACQUIRING,0,0,1,0,0.07645843040841116,4.577251024327797,1.1702950961339373,4.7786536418566,1.1704648154804884,4.764705007375592,1.109949983710508,88.79599869684064,265.21609976946837,1,3.6345999978948385,14.420300009078346
1309,43.63333333333342,ACQUIRING,0,0,1,0,0.0010607240540509886,4.6416139936274945,0.7232700101725584,5.073477220501907,0.7157193753408903,5.075659962908333,0.8361416694006268,66.89133355205014,257.42635783023195,0,3.6154999979771674,15.431299994816072
1310,43.66666666666675,SEARCH,0,0,1,0,-0.07433702417587859,4.705527205382791,0.2815910505475272,5.413220762467951,0.284407311879446,5.417079248497119,0.7968712623203014,63.74970098562411,nan,1,3.670499994768761,16.893699998036027
1311,43.70000000000008,SEARCH,0,0,1,0,-0.14973183770737908,4.768984466607991,-0.07119902018861513,5.664075415545106,-0.07872205130471567,5.660365502642835,0.8942049771542893,71.53639817234314,nan,0,3.4715000074356794,16.90089999465272
1312,43.73333333333341,SEARCH,0,0,1,0,-0.22512074008230884,4.831979628497513,-0.3351002020358686,5.826041179733372,-0.350152172909995,5.81236385690422,0.9883248931922933,79.06599145538347,nan,0,3.5325000062584877,14.303999996627681
1313,43.766666666666744,SEARCH,0,0,1,0,-0.3005007550758886,4.894506587021722,-0.5101124949942332,5.8991180550327496,-0.5143340352386322,5.904672716517214,1.032550376923597,82.60403015388776,nan,1,3.511199989588931,13.33070000691805
1314,43.800000000000075,SEARCH,0,0,1,0,-0.37586890681419766,4.956559283518423,-0.5962358990637089,5.883306041443238,-0.5876380629931717,5.899197087714587,0.9661326023939567,77.29060819151654,nan,1,4.241000002366491,16.255299997283146
1315,43.83333333333341,SEARCH,0,0,1,0,-0.4512222198916564,5.018131705279863,-0.5934704142442957,5.778605138964838,-0.5860583453175804,5.781403726343668,0.7750902907782425,62.0072232622594,nan,1,3.5564999998314306,14.88999999128282
1316,43.86666666666674,SEARCH,0,0,1,0,-0.52655771948849,5.079217886135374,-0.5018160405359937,5.609095307484408,-0.507585638767091,5.59794934343962,0.5190782837336637,41.5262626986931,nan,0,3.5798000026261434,15.355299998191185
1317,43.90000000000007,SEARCH,0,0,1,0,-0.6018724314881694,5.139811907029506,-0.3473637962692141,5.469617187660984,-0.34309454064015915,5.476482525798444,0.4246329030280206,33.97063224224165,nan,1,3.428600000916049,13.545199995860457
1318,43.9333333333334,SEARCH,0,0,1,0,-0.6771633825948243,5.199907896595494,-0.28180044089132333,5.341829351302132,-0.266611662208405,5.355118115845604,0.43891106988992185,35.11288559119375,nan,0,3.4315000084461644,15.631699992809445
1319,43.96666666666673,SEARCH,0,0,1,0,-0.7524276004506238,5.259500031724259,-0.29157500403185627,5.21041337142043,-0.2796853245865451,5.219889082446959,0.47439886877162507,37.95190950173001,nan,0,3.315699999802746,13.338000004296191
1320,44.000000000000064,SEARCH,0,0,1,0,-0.82766211375312,5.3185825381285685,-0.3557245763927309,5.062990696532832,-0.3459785213422879,5.048613848005408,0.5521794788333046,44.174358306664374,nan,0,3.7203999963821843,20.811199996387586
1321,44.033333333333395,SEARCH,0,0,1,0,-0.9028639523725497,5.377149690902586,-0.45719582149968524,4.890085428317232,-0.46850525262892445,4.886754305370421,0.6550993162828163,52.4079453026253,nan,1,3.656399989267811,16.5438000112772
1322,44.06666666666673,SEARCH,0,0,1,0,-0.9780301474690904,5.435195815076625,-0.5796561232592079,4.685103359877292,-0.5841918964856401,4.700245036193399,0.8338232518458355,66.70586014766684,nan,1,5.368400001316331,14.449800000875257
1323,44.10000000000006,SEARCH,0,0,1,0,-1.0531577316100649,5.49271528616697,-0.7075241714292346,4.444302743854306,-0.7016570600958977,4.450520821558262,1.0998736400768685,87.98989120614947,nan,1,3.969400000642054,18.128900002921
1324,44.13333333333339,SEARCH,0,0,1,0,-1.1282437388870903,5.549702530720904,-0.8260317927251398,4.167435139635488,-0.8120252777890637,4.157679883619827,1.427487711043949,114.19901688351591,nan,1,3.7972999998601153,19.9776999943424
1325,44.16666666666672,SEARCH,0,0,1,0,-1.2032852050331675,5.606152026856791,-0.9221728508735737,3.8607194251234294,-0.9195026812158172,3.854573265882691,1.7744184052020284,141.95347241616227,nan,0,3.9612999971723184,21.067000008770265
1326,44.20000000000005,SEARCH,0,0,1,0,-1.2782791675397038,5.662058304799064,-0.9864535784616907,3.5315084944983886,-0.9835842597545806,3.5336758980211807,2.1486872173855596,171.8949773908448,nan,0,3.8616999954683706,21.32680000795517
1327,44.233333333333384,SEARCH,0,0,1,0,-1.3532226657734703,5.717415947408262,-1.0123865373815666,3.187672533289553,-1.0013780487747161,3.196966973186037,2.5448885370815097,203.5910829665208,nan,0,4.155899994657375,21.363599997130223
1328,44.266666666666715,SEARCH,0,0,1,0,-1.4281127410934804,5.772219590705961,-0.996019826526596,2.8371493867086706,-0.987565284016216,2.826338958825588,2.9786397498229205,238.29117998583365,nan,0,4.226900011417456,21.523399991565384
1329,44.30000000000005,SEARCH,0,0,0,0,-1.5029464369677932,5.826463924394461,-0.9355100686994724,2.4876226741245353,-0.9354696871618801,2.466416651547612,3.40763078066504,272.6104624532032,nan,0,3.9747999981045723,21.421999990707263
1330,44.33333333333338,SEARCH,0,0,0,0,-1.5777207990902307,5.880143692371408,-0.8307418011799075,2.1462976477232156,-0.836872891326992,2.1507987476670016,3.802219001981537,304.177520158523,nan,0,3.868900006636977,18.154999997932464
1331,44.36666666666671,SEARCH,0,0,0,1,-1.6524328754970106,5.933253693239033,-0.6829925533344906,1.819751719384817,-0.6783411049123558,1.8271191133649471,4.220094307661676,337.60754461293413,nan,0,4.011800003354438,18.076000007567927
1332,44.40000000000004,SEARCH,0,0,0,1,-1.7270797166832845,5.985788780808177,-0.49464107453815964,1.5138418105988967,-0.48550112730814243,1.5183101073152472,4.636796641185477,370.94373129483813,nan,0,4.366100009065121,15.617999990354292
1333,44.43333333333337,SEARCH,0,0,0,1,-1.8016583757195777,6.037743864596968,-0.26891526810553557,1.233654680834603,-0.26553277789190666,1.2134569269548605,5.062946405899009,405.03571247192065,nan,0,5.612100008875132,28.04669999750331
1334,44.466666666666704,SEARCH,0,0,0,1,-1.8761659083681308,6.089113910324016,-0.009676027140803622,0.9834894758731563,-0.02250154489579472,0.9746950147407525,5.439977225311374,435.1981780249099,nan,0,4.730600005132146,34.37130000384059
1335,44.500000000000036,SEARCH,0,0,0,1,-1.950599373199132,6.139893940396248,0.27876686700865033,0.766864132410162,0.2826157580754222,0.7755011425102096,5.810676373070972,464.8541098456778,nan,0,3.9323999953921884,20.359100002679043
1336,44.53333333333337,SEARCH,0,0,0,1,-2.0249558317068406,6.190079034391246,0.5918104719769992,0.5865391412718178,0.604980419556816,0.5998816780031786,6.1779342153408265,494.2347372272661,nan,0,4.248799988999963,21.111599999130704
1337,44.5666666666667,SEARCH,0,0,0,1,-2.099232348425593,6.23966432953396,0.924689474396037,0.44455362974806106,0.9233679378588285,0.43972146896604636,6.540294311152931,523.2235448922345,nan,0,4.249999998137355,21.536899992497638
1338,44.60000000000003,SEARCH,0,0,0,1,-2.1734259910456917,6.288645021167966,1.2725851819663954,0.34226986513888435,1.2612646821059297,0.33541803069278286,6.8729914608092555,549.8393168647405,nan,0,4.055299999890849,21.839699998963624
1339,44.63333333333336,SEARCH,0,0,0,1,-2.2475338305291648,6.337016363220955,1.630715545081823,0.2804231763953712,1.625114934784009,0.292088221233878,7.17903647443506,574.3229179548049,nan,0,4.516500004683621,22.31980000215117
1340,44.66666666666669,SEARCH,0,0,0,1,-2.3215529412254026,6.384773668664646,1.9944087293823762,0.2591749924548442,2.011053446684908,0.26973319607151514,7.494344407218903,599.5475525775122,nan,0,3.919900002074428,21.503199997823685
1341,44.700000000000024,SEARCH,0,0,0,1,-2.395480400986657,6.431912309968967,2.3591624712582733,0.27816724618154015,2.3717677199906837,0.27064923062667956,7.790238595821593,623.2190876657274,nan,0,3.430800003116019,16.858899994986132
1342,44.733333333333356,SEARCH,0,0,0,1,-2.469313291283399,6.478427719550393,2.72069118149577,0.3365768241823367,2.7123992090263447,0.3236325645325482,8.045598040922588,643.6478432738071,nan,0,3.6994999973103404,20.83969999512192
1343,44.76666666666669,SEARCH,0,0,0,1,-2.543048697319543,6.5243153902145625,3.0749625203280226,0.4331690805416793,3.0637127752930864,0.4402237154918932,8.273569103911747,661.8855283129399,nan,0,3.979699991759844,20.278399999369867
1344,44.80000000000002,SEARCH,0,0,0,1,-2.616683708147514,6.569570875593029,3.418224950425827,0.5663496966011704,3.422001033786686,0.5871200246104887,8.50031949969474,680.0255599755792,nan,0,4.226699995342642,22.637200003373437
1345,44.83333333333335,SEARCH,0,0,0,1,-2.6902154167831673,6.614189790574054,3.747027581899291,0.7342143749251466,3.7582072131663855,0.7408357633616284,8.722295680806626,697.7836544645301,nan,0,3.5465000109979883,19.96340000187047
1346,44.86666666666668,SEARCH,0,0,0,1,-2.7636409203205528,6.658167811727531,4.058233453560093,0.9345960158439087,4.047109415341717,0.9269274368767997,8.901316552569225,712.1053242055381,nan,0,3.66770000255201,19.767999998293817
1347,44.90000000000001,SEARCH,0,0,0,1,-2.8369573200465155,6.701500677723944,4.3490272455598245,1.165109149144555,4.343288958086644,1.1622175582888374,9.068604859177833,725.4883887342266,nan,0,3.7874999979976565,26.178900006925687
1348,44.933333333333344,SEARCH,0,0,0,1,-2.910161721555131,6.744184189747211,4.6169182880073425,1.4231914892328235,4.623469485616131,1.4292679645325634,9.219757786770467,737.5806229416373,nan,0,3.370799997355789,23.458099996787496
1349,44.966666666666676,SEARCH,0,0,0,1,-2.983251234861975,6.786214211901605,4.859739616237011,1.7061425554554932,4.87243446310927,1.7046685151424454,9.355955560687613,748.4764448550092,nan,0,3.523699997458607,19.922100007534027
1350,45.00000000000001,SEARCH,0,0,0,1,-3.056222974518211,6.827586671612454,5.0756437241161025,2.0111593550211477,5.0818514945519695,1.998847414687702,9.462820873053557,757.0256698442846,nan,0,3.6179999879095703,21.453300010762177
1351,45.03333333333334,SEARCH,0,0,0,1,-3.1290740597245046,6.868297560020783,5.263095580357696,2.33536916785647,5.254439857862531,2.3172081702655705,9.53916769115199,763.1334152921592,nan,0,3.448899995419197,21.80719999887515
1352,45.06666666666667,SEARCH,0,0,0,1,-3.2018016144447743,6.908342932371779,5.420863397626856,2.675859503764871,5.419627351880429,2.6776670755931864,9.603523084083285,768.2818467266628,nan,0,4.055400000652298,21.219500005827285
1353,45.1,SEARCH,0,0,0,1,-3.274402767519647,6.947718908396988,5.548007578845568,3.029705324769024,5.553148011863425,3.0392059388700674,9.654124838406993,772.3299870725594,nan,0,3.657799999928102,25.157299998681992
1354,45.13333333333333,SEARCH,0,0,0,1,-3.3468746527799342,6.986421672690315,5.643868208234723,3.3939936413801117,5.644174832840225,3.3860724990175917,9.685116675871097,774.8093340696877,nan,0,3.58099999721162,22.190999996382743
1355,45.166666666666664,SEARCH,0,0,0,1,-3.4192144091596974,7.024447475077749,5.7080514051534115,3.7658456022150855,5.700085631094336,3.7580477168713156,9.686640315640313,774.931225251225,nan,0,3.6531000077957287,18.857399991247803
1356,45.199999999999996,SEARCH,0,0,0,1,-3.4914191808092188,7.061792630980695,5.74041481572338,4.142436203040685,5.730713040933958,4.153451283247615,9.669858949863105,773.5887159890485,nan,0,3.683000002638437,17.929599998751655
1357,45.23333333333333,SEARCH,0,0,0,1,-3.5634861172077494,7.0984535217730516,5.741052479703797,4.521011744876516,5.753015803004051,4.537155645123224,9.66216615683259,772.9732925466072,nan,0,3.3485000021755695,15.175099993939511
1358,45.26666666666666,SEARCH,0,0,0,1,-3.635412373276038,7.134426595131797,5.710279277366606,4.898905171962479,5.714194960613404,4.898285479077452,9.613297269346662,769.0637815477329,nan,0,2.8880999889224768,14.976900012698025
1359,45.29999999999999,SEARCH,0,0,0,1,-3.7071951094886533,7.169708365381217,5.648615132573745,5.273549419758316,5.641820501377199,5.260354587768083,9.541997942794735,763.3598354235787,nan,0,3.1882000039331615,15.146799996728078
1360,45.33333333333332,ACQUIRING,0,0,0,1,-3.7788314919860806,7.204295413830677,5.5567691233203815,5.6424889011435635,5.5504330686096415,5.645777697676399,9.458549292209351,756.6839433767481,994.1680414724781,1,3.3549999934621155,15.786200005095452
1361,45.36666666666665,ACQUIRING,0,0,0,1,-3.8503186926866,7.238184389105845,5.553812002955906,5.922539493639921,5.546069437908234,5.929236497834857,9.487120452637157,758.9696362109726,1000.482377924112,0,3.2153000065591186,15.7725000026403
1362,45.399999999999984,ACQUIRING,0,0,0,1,-3.921653889397934,7.271372007473441,5.639743771480321,6.113701197247391,5.647575709107093,6.119459931197779,9.638311913420026,771.0649530736019,1006.7650279845083,0,3.479000006336719,19.18239999213256
1363,45.433333333333316,ACQUIRING,0,0,0,1,-3.992834265928661,7.303855053159448,5.814564428893624,6.215974011965971,5.799256007116264,6.202938785427082,9.853783463422504,788.3026770738004,1013.0156305939043,0,3.2605999876977876,15.475800013518892
1364,45.46666666666665,ACQUIRING,0,0,0,1,-4.0638570121993975,7.335630378660662,6.078273975195815,6.229357937795663,6.068310884121795,6.226608969337153,10.192681431575291,815.4145145260233,1019.2338351185585,0,3.377800007001497,16.26119999855291
1365,45.49999999999998,SEARCH,0,0,0,1,-4.134719324353729,7.366694905049723,6.355766540520776,6.153852974736465,6.350439374821984,6.161675796539445,10.554175666473201,844.334053317856,nan,0,3.394200000911951,16.11540000885725
1366,45.53333333333331,SEARCH,0,0,0,1,-4.20541840486891,7.3970456222734144,6.544370216956847,6.167236900566157,6.544745119988252,6.166648399479576,10.82034625772337,865.6277006178696,nan,0,3.137599996989593,16.180599996005185
1367,45.56666666666664,SEARCH,0,0,0,1,-4.2759514626662956,7.426679589444344,6.64408500450403,6.269509715284737,6.6433670611282505,6.248448538539517,10.982702100730904,878.6161680584722,nan,0,3.746100002899766,16.967700008535758
1368,45.59999999999997,SEARCH,0,0,0,1,-4.346315713221536,7.455593935125923,6.654910903162324,6.460671418892207,6.6469647824532645,6.441773503782201,11.039929706460722,883.1943765168577,nan,0,3.7826000043423846,20.859600001131184
1369,45.633333333333304,SEARCH,0,0,0,1,-4.416508378674504,7.483785857610564,6.576847912931728,6.740722011388565,6.573325269824339,6.743199676336997,11.014758804148675,881.180704331894,nan,0,3.9256000018212944,18.699799999012612
1370,45.666666666666636,SEARCH,0,0,0,1,-4.486526687938955,7.5112526251911795,6.409896033812244,7.103954583723551,6.4139706204787705,7.1141267159006745,10.907728936797609,872.6183149438087,nan,0,3.5863000084646046,18.053399995551445
1371,45.69999999999997,SEARCH,0,0,0,1,-4.556367876811931,7.537991576425884,6.154055265803872,7.438498480719506,6.169568307501226,7.431438836798101,10.726465425119333,858.1172340095467,nan,0,3.4801000001607463,18.56140000745654
1372,45.7333333333333,SEARCH,0,0,0,1,-4.626029188082882,7.564000120395854,5.80932560890661,7.745075080590078,5.802120169690109,7.724546042519251,10.429385121910673,834.3508097528539,nan,0,3.5817000025417656,19.562100002076477
1373,45.76666666666663,SEARCH,0,0,0,1,-4.695507871642517,7.5892757369563935,5.375707063120459,8.024115007988684,5.359004114342055,8.021320025148576,10.06379021757046,805.103217405637,nan,0,3.8044999964768067,19.692400004714727
1374,45.79999999999996,SEARCH,0,0,0,1,-4.764801184591378,7.613815976981139,4.85319962844542,8.275846220082814,4.866994239744985,8.29283854174089,9.65570063432581,772.4560507460646,nan,0,3.953499995986931,20.317899994552135
1375,45.83333333333329,SEARCH,0,0,0,1,-4.833906391348116,7.637618462599344,4.271019810723768,8.500363630208614,4.288437254449718,8.49891078970803,9.162913186577967,733.0330549262375,nan,0,4.253100007190369,21.4408000028925
1376,45.866666666666625,SEARCH,0,0,0,1,-4.902820763757499,7.660680887426322,3.726236101991056,8.697683877444039,3.712212947405035,8.681008451729639,8.675244906222765,694.0195924978212,nan,0,4.34780000068713,21.62749999843072
1377,45.899999999999956,SEARCH,0,0,0,1,-4.971541581198103,7.683001016786893,3.2103590609141204,8.867788139943066,3.2027743985347334,8.871866474483326,8.260317355466396,660.8253884373117,nan,0,4.167599996435456,20.46640000480693
1378,45.93333333333329,SEARCH,0,0,0,1,-5.0400661306897225,7.704576687931937,2.7169770593799454,9.010655320724306,2.7289102177441418,9.017667130848547,7.879162392907238,630.3329914325791,nan,0,4.117499993299134,21.333700002287515
1379,45.96666666666662,SEARCH,0,0,0,1,-5.108391707000479,7.72540581024796,2.241333505556868,9.126287478573527,2.257562188287059,9.134806576225744,7.499579141967929,599.9663313574343,nan,0,4.356800011009909,22.069099999498576
1380,45.99999999999995,SEARCH,0,0,0,1,-5.17651561275361,7.745486365459653,1.7799872727100596,9.214729011214786,1.7760389274989354,9.20248369964166,7.103580496270859,568.2864397016688,nan,0,4.208900005323812,21.20709999871906
1381,46.03333333333328,SEARCH,0,0,0,1,-5.244435158533964,7.764816407825465,1.3305398098552816,9.276080804857708,1.3287735143600197,9.268905707224413,6.7430969797249025,539.4477583779922,nan,0,4.019100000732578,22.23719999892637
1382,46.06666666666661,SEARCH,0,0,0,1,-5.312147662994171,7.783394064326145,0.8914157116659696,9.310510329180927,0.8961513488423831,9.319276800108257,6.395460296057219,511.63682368457745,nan,0,4.662200008169748,22.930899998755194
1383,46.099999999999945,SEARCH,0,0,0,1,-5.3796504529604965,7.801217534846216,0.46168616594374445,9.318258468195364,0.4798358984589859,9.324956765607858,6.054367146600319,484.3493717280255,nan,0,4.236200009472668,22.194799996213987
1384,46.133333333333276,SEARCH,0,0,0,1,-5.4469408635383765,7.818285092348417,0.040926809541154185,9.299643725990052,0.04334507220075986,9.290776310957513,5.684317904995802,454.7454323996642,nan,0,3.965199997765012,23.787899990566075
1385,46.16666666666661,SEARCH,0,0,0,1,-5.51401623821762,7.8345950830410365,-0.37089678641967366,9.255064324691428,-0.3834585933936373,9.242372155978055,5.320193420727194,425.6154736581755,nan,0,3.5238999989815056,22.330300009343773
1386,46.19999999999994,SEARCH,0,0,0,1,-5.580873928977287,7.850145926538158,-0.7735214293067247,9.18499861413819,-0.7772751675914724,9.179614589706848,4.9841797707080016,398.73438165664015,nan,0,4.137800002354197,21.613299992168322
1387,46.23333333333327,SEARCH,0,0,0,1,-5.647511296390224,7.864936116012809,-1.1664607615429605,9.090004134045857,-1.1599499474807105,9.099428675577581,4.654264575617437,372.341166049395,nan,0,4.672600000048988,22.61690000887029
1388,46.2666666666666,SEARCH,0,0,0,1,-5.713925709727269,7.878964218342953,-1.549065341682252,8.970715606013092,-1.54989502035946,8.970501824197733,4.3047190299707285,344.3775223976583,nan,0,4.106699998374097,23.915099998703226
1389,46.29999999999993,SEARCH,0,0,1,1,-5.7801145470611015,7.892228874250355,-1.920571138623574,8.827842081568534,-1.9213801457562196,8.82144248347541,3.96903881454727,317.5231051637816,nan,0,4.163500008871779,21.78749999438878
1390,46.333333333333265,SEARCH,0,0,1,1,-5.846075195369757,7.904728798432305,-2.2801386739286875,8.662163431141852,-2.2936905980338764,8.660081677561948,3.631803174650114,290.54425397200913,nan,0,4.042000000481494,23.09070000774227
1391,46.366666666666596,SEARCH,0,0,1,1,-5.911805050639783,7.916462779686141,-2.6268846042648657,8.474526325420081,-2.6167625177961242,8.488166359452944,3.344271262377939,267.5417009902351,nan,0,4.242099996190518,23.031100005027838
1392,46.39999999999993,SEARCH,0,0,1,1,-5.9773015179690425,7.927429681026628,-2.959907181611541,8.265839833462769,-2.9550173117109515,8.26072775070742,3.0406067530428924,243.2485402434314,nan,0,3.878999996231869,22.46239999658428
1393,46.43333333333326,SEARCH,0,0,1,1,-6.042562011669151,7.937628439796115,-3.2783067453239467,8.03707073995015,-3.281150129195604,8.019071428145303,2.7626126302862923,221.0090104229034,nan,0,3.843300000880845,23.640900006284937
1394,46.46666666666659,SEARCH,0,0,1,1,-6.107583955367565,7.947058067767508,-3.5812021732598573,7.789238666028865,-3.5894316795292096,7.769657871270052,2.524393335838776,201.95146686710208,nan,0,4.347900001448579,22.906500002136454
1395,46.49999999999992,SEARCH,0,0,1,1,-6.172364782109277,7.955717651240032,-3.8677440376061982,7.523411063600254,-3.8602483111210595,7.536390761638614,2.3498335293713484,187.98668234970785,nan,0,4.22259999322705,22.52559999760706
1396,46.53333333333325,SEARCH,0,0,1,1,-6.2369019344581735,7.963606351127754,-4.137125065718893,7.240698140926376,-4.126897446672445,7.249597620597924,2.2275384184675096,178.20307347740075,nan,0,4.068299997015856,21.529599995119497
1397,46.566666666666585,SEARCH,0,0,1,1,-6.301192864597985,7.970723403040894,-4.388588389955445,6.942247767595321,-4.393669846932902,6.9420559685911964,2.1672103621059557,173.37682896847647,nan,0,4.045699999551289,22.372299994458444
1398,46.599999999999916,SEARCH,0,0,1,1,-6.365235034432872,7.977068117359898,-4.621433977331239,6.629240398779008,-4.632688428114478,6.617099696192744,2.2025512138511707,176.20409710809363,nan,0,4.118700002436526,21.621499996399507
1399,46.63333333333325,SEARCH,0,0,1,1,-6.429025915687627,7.982639879302247,-4.835023555224968,6.302884052003467,-4.827434980273907,6.302012993386108,2.321551260270506,185.7241008216405,nan,0,3.887999992002733,20.90840000892058
1400,46.66666666666658,SEARCH,0,0,1,1,-6.492562990007487,7.987438148982036,-5.028784289582847,5.964409364069126,-5.006682581425151,5.985346326728782,2.493233293003718,199.45866344029744,nan,0,3.6668999964604154,20.918299996992573
1401,46.69999999999991,SEARCH,0,0,1,1,-6.55584374905755,7.9914624614622864,-5.202211424155406,5.61506475109463,-5.193403097968285,5.604645887787104,2.748297269967548,219.86378159740386,nan,0,3.830400004517287,23.360799998044968
1402,46.73333333333324,SEARCH,0,0,1,1,-6.618865694621802,7.994712426799996,-5.35487005086967,5.256111690741585,-5.359096681316683,5.244012426659225,3.0254534300924534,242.03627440739626,nan,0,4.10699998610653,22.305500009679236
1403,46.76666666666657,SEARCH,0,0,0,1,-6.6816263387017445,7.997187730083923,-5.486396150593751,4.888820142372402,-5.492110107999691,4.892277779785374,3.3249683701603177,265.9974696128254,nan,0,3.780600003665313,20.361699993372895
1404,46.799999999999905,SEARCH,0,0,0,1,-6.744123203614612,7.998888131465098,-5.5964970187712675,4.514464118088915,-5.598222779354139,4.537164458967716,3.646452874650802,291.7162299720641,nan,0,3.8118000084068626,21.15559999947436
1405,46.833333333333236,SEARCH,0,0,0,1,-6.806353822091207,7.9998134661800675,-5.684951170474818,4.134317415206807,-5.675672872401957,4.143056542947451,4.019081160525737,321.52649284205893,nan,0,3.3790000015869737,21.163900004466996
1406,46.86666666666657,SEARCH,0,0,0,1,-6.868315737373232,7.99996364456686,-5.7516078033795655,3.749649518668708,-5.752516326893838,3.746484978417192,4.397395716536837,351.79165732294695,nan,0,3.5110000026179478,22.4168999993708
1407,46.8999999999999,SEARCH,0,0,0,1,-6.930006503310386,7.999338652073669,-5.7963858842132066,3.361721680129233,-5.799804537787514,3.3687616744252833,4.766508116934137,381.32064935473096,nan,0,3.9233999996213242,20.36019999650307
1408,46.93333333333323,SEARCH,0,0,0,1,-6.991423684456862,7.997938549260268,-5.819272913776226,2.971783178911501,-5.810127313305435,2.9961477821503233,5.139394127175092,411.15153017400735,nan,0,3.9243999926839024,20.06690000416711
1409,46.96666666666656,SEARCH,0,0,0,1,-7.0525648561675105,7.995763471792139,-5.820323417149922,2.5810677686990715,-5.80245398701362,2.582931914614931,5.555314811201084,444.4251848960867,nan,0,4.2280000052414834,20.641600000089966
1410,46.99999999999989,SEARCH,0,0,0,1,-7.113427604693562,7.99281363042733,-5.799657198822426,2.1907903126587525,-5.799652588867661,2.180595666270967,5.958849088126857,476.7079270501485,nan,0,4.080699989572167,20.44180000666529
1411,47.033333333333225,SEARCH,0,0,0,1,-7.174009527277919,7.989089310996031,-5.757457396847614,1.802143608663593,-5.765351859631914,1.8089413475848757,6.3386548473846505,507.0923877907721,nan,0,4.017800005385652,20.411699995747767
1412,47.066666666666556,SEARCH,0,0,0,1,-7.234308232250012,7.984590874372876,-5.693968365554925,1.416295405380854,-5.690378488519558,1.4273705902409046,6.7365315191281745,538.9225215302539,nan,0,4.125199993723072,19.906400004401803
1413,47.09999999999989,SEARCH,0,0,0,1,-7.294321339120215,7.979318756441984,-5.609493412547073,1.0343856091902057,-5.597695096936944,1.0390914489224654,7.144599057029342,571.5679245623472,nan,0,4.015400001662783,20.93559999775607
1414,47.13333333333322,SEARCH,0,0,0,1,-7.354046478673827,7.97327346805471,-5.504392412595613,0.6575236811889411,-5.504984246496957,0.6530340695072648,7.550161322151281,604.0129057721025,nan,0,4.1049999999813735,20.302600009017624
1415,47.16666666666655,SEARCH,0,0,0,1,-7.413481293064606,7.966455594980158,-5.379079318441958,0.2867862229121426,-5.3905949905618025,0.26335674999331427,7.964282818213522,637.1426254570816,nan,0,4.098000004887581,21.467099999426864
1416,47.19999999999988,SEARCH,0,0,0,1,-7.472623435907849,7.958865797848414,-5.234019586330492,-0.07678525116296814,-5.2429566277692405,-0.05516683098359626,8.318421307633987,665.473704610719,nan,0,4.145600003539585,21.330099989427254
1417,47.23333333333321,SEARCH,0,0,0,1,-7.531470572373023,7.9505048120865345,-5.069727532258348,-0.43218635675584705,-5.0625388674152685,-0.4165189187906998,8.723686713586659,697.8949370869327,nan,0,4.114999988814816,22.90999999968335
1418,47.266666666666545,SEARCH,0,0,0,1,-7.590020379275943,7.941373447847289,-4.886763633357404,-0.7784517014331085,-4.881706959831756,-0.7772676786784265,9.129603752139905,730.3683001711923,nan,0,4.350600007455796,21.602900000289083
1419,47.299999999999876,SEARCH,0,0,0,1,-7.648270545170487,7.931472589930651,-4.6857317874754045,-1.1146565680305875,-4.692108264434678,-1.11255580266349,9.514901207899854,761.1920966319883,nan,0,4.015099999378435,21.069100010208786
1420,47.33333333333321,SEARCH,0,0,0,1,-7.706218770439842,7.920803197698078,-4.467276542852991,-1.439918423453444,-4.475263885855457,-1.4247019854191194,9.888252453992571,791.0601963194057,nan,0,3.7749999901279807,21.482199997990392
1421,47.36666666666654,SEARCH,0,0,0,1,-7.763862767387302,7.909366304979537,-4.232080308768218,-1.7533982567666089,-4.211925585189684,-1.7392845151542877,10.281669144411673,822.5335315529338,nan,0,3.981200003181584,20.334300003014505
1422,47.39999999999987,SEARCH,0,0,0,1,-7.821200260326567,7.897163019973337,-3.980860557113142,-2.0543017507566734,-3.974507651516136,-2.0532191361541305,10.66804335760109,853.4434686080871,nan,0,3.7890999956289306,20.101400004932657
1423,47.4333333333332,SEARCH,0,0,0,0,-7.878228985671593,7.884194525138749,-3.714367024056966,-2.341880291381228,-3.7192659386488227,-2.35903830832837,11.055351306363798,884.4281045091038,nan,0,3.868899992085062,20.9506999963196
1424,47.466666666666534,SEARCH,0,0,0,0,-7.934946692025955,7.870462077081432,-3.4333789202199743,-2.6154318197254893,-3.4387258317496134,-2.622772177755783,11.415952310310045,913.2761848248036,nan,0,3.9133000100264326,24.855099996784702
1425,47.499999999999865,SEARCH,0,0,0,0,-7.9913511402717194,7.855967006431657,-3.138702157118546,-2.874301531261274,-3.1308249793262664,-2.8624619376354956,11.769003083959646,941.5202467167717,nan,0,3.9684000075794756,20.819799989112653
1426,47.533333333333196,SEARCH,0,0,0,0,-8.047440103657852,7.840710717715393,-2.8311665970329827,-3.117882427352249,-2.8267308913690217,-3.1101140548576613,12.131626761439588,970.530140915167,nan,0,4.230799997458234,21.9035000045551
1427,47.56666666666653,SEARCH,0,0,0,0,-8.103211367888118,7.824694689218206,-2.5116233328881705,-3.345615724073873,-2.5140578963893496,-3.3517513558326546,12.496062688939256,999.6850151151403,nan,0,4.04770000022836,23.530100006610155
1428,47.59999999999986,SEARCH,0,0,0,0,-8.158662731208498,7.807920472842005,-2.180942004215246,-3.556991123518413,-2.195532342251384,-3.5630579644860814,12.839706953738629,1027.1765562990902,nan,0,4.02550000580959,21.254199993563816
1429,47.63333333333319,SEARCH,0,0,0,0,-8.213792004494119,7.79038969395469,-1.840008154774909,-3.7515469528364997,-1.8445918790148323,-3.7325694542749046,13.166066146354176,1053.2852917083342,nan,0,3.975900006480515,22.02269999543205
1430,47.66666666666652,SEARCH,0,0,0,0,-8.268597011335668,7.772104051232639,-1.4897206369655023,-3.928870176328421,-1.482292237501222,-3.906282828962418,13.506985326373913,1080.558826109913,nan,0,3.9256000018212944,20.864100006292574
1431,47.699999999999854,SEARCH,0,0,0,0,-8.323075588125313,7.753065316496125,-1.1309890677077614,-4.088596285942165,-1.1371724429713659,-4.082244706343433,13.846001854263196,1107.6801483410557,nan,0,4.12779999896884,22.536399992532097
1432,47.733333333333185,SEARCH,0,0,0,0,-8.37722558414213,7.7332753345376295,-0.7647313400905495,-4.230409075562397,-0.7799247756519547,-4.233697594022612,14.174886971245279,1133.9909576996222,nan,0,4.120199999306351,22.36089999496471
1433,47.76666666666652,SEARCH,0,0,0,0,-8.431044861636991,7.712736022943077,-0.3918711946754918,-4.354040304486338,-0.3898581685622172,-4.341733085010104,14.49037297337375,1159.2298378699,nan,0,4.314200006774627,21.693200003937818
1434,47.79999999999985,SEARCH,0,0,0,0,-8.484531295916975,7.691449371906046,-0.013335853991449431,-4.459269255480004,0.0004021852913715807,-4.436703889486129,14.801560651240397,1184.1248520992317,nan,0,4.179000010481104,23.54729999206029
1435,47.83333333333318,SEARCH,0,0,0,0,-8.537682775429243,7.669417444034916,0.36994627659932283,-4.545922192792593,0.36959857763630954,-4.542392406332804,15.115156662244933,1209.2125329795947,nan,0,4.452200009836815,23.3750999905169
1436,47.86666666666651,SEARCH,0,0,0,0,-8.59049720184439,7.646642374152994,0.7570478388139688,-4.613871725478877,0.7404307887864978,-4.627306957348158,15.418042980825955,1233.4434384660765,nan,0,4.046400004881434,24.413799998001195
1437,47.89999999999984,SEARCH,0,0,0,0,-8.642972490139295,7.623126369091687,1.1470446796082434,-4.663036081340337,1.1286469522809248,-4.673937358330901,15.706760418487868,1256.5408334790293,nan,0,4.037100006826222,23.12349999556318
1438,47.933333333333174,SEARCH,0,0,0,0,-8.69510656867943,7.598871707476635,1.5390179353516493,-4.693378296746219,1.541107373833239,-4.679883064685885,15.985865463958923,1278.869237116714,nan,0,4.702799997176044,22.979899993515573
1439,47.966666666666505,SEARCH,0,0,0,0,-8.746897379300641,7.573880739506946,1.9320560400760796,-4.704905327536629,1.9400193756692936,-4.706086247555854,16.279059522312995,1302.3247617850395,nan,0,4.934500000672415,22.363900003256276
1440,47.99999999999984,SEARCH,0,0,0,0,-8.798342877390402,7.548155886727457,2.3252566561300787,-4.6976670861419985,2.323240783503484,-4.7118090243930935,16.55283548967273,1324.2268391738182,nan,0,3.982700000051409,22.28580000519287
1441,48.03333333333317,SEARCH,0,0,0,0,-8.849441031968542,7.5216996417940845,2.7177285258325665,-4.6717554099774015,2.7044517250008373,-4.6791638830180915,16.80337789227635,1344.2702313821082,nan,0,4.372399998828769,24.649099999805912
1442,48.0666666666665,SEARCH,0,0,0,0,-8.90018982576741,7.494514568232313,3.108593242969067,-4.627302966087145,3.1158333781580922,-4.618557649617151,17.06198500152056,1364.9588001216448,nan,0,4.354300006525591,22.159300002385862
1443,48.09999999999983,SEARCH,0,0,0,0,-8.950587255311522,7.466603300188795,3.4969869432107927,-4.564482096925297,3.51245849224564,-4.550202543424911,17.312744784949935,1385.019582795995,nan,0,3.947900011553429,23.456399998394772
1444,48.13333333333316,SEARCH,0,0,0,0,-9.000631330996653,7.437968542176087,3.8820619127624827,-4.4835036120621234,3.882384654679143,-4.495349920957615,17.560643223690462,1404.851457895237,nan,0,4.649000009521842,24.915399990277365
1445,48.166666666666494,SEARCH,0,0,0,0,-9.050320077168388,7.408613068810627,4.262988114759268,-4.384615530505291,4.243171316178898,-4.3965736582032635,17.778620505670943,1422.2896404536755,nan,0,4.462299999431707,26.002900005551055
1446,48.199999999999825,SEARCH,0,0,0,0,-9.099651532200106,7.37853972454385,4.638954633136223,-4.268101778218755,4.628159179403217,-4.2613992735126,17.998360114523944,1439.8688091619154,nan,0,4.797700006747618,24.517800004105084
1447,48.23333333333316,SEARCH,0,0,0,0,-9.148623748570431,7.347751423386592,5.009171033887021,-4.1342808453120234,5.017151835769102,-4.1275370401983045,18.23050858391928,1458.4406867135426,nan,0,5.061599993496202,25.90290000080131
1448,48.26666666666649,SEARCH,0,0,0,0,-9.197234792940117,7.316251148626732,5.3728686438105235,-3.9835044072585015,5.382239869290066,-3.983382758355271,18.445671792006635,1475.6537433605308,nan,0,4.499599992414005,25.280900008510798
1449,48.29999999999982,SEARCH,0,0,0,0,-9.245482746228365,7.284041952540091,5.729301747016551,-3.8161559143842614,5.716889024364166,-3.8240697605749174,18.634986311571765,1490.7989049257415,nan,0,4.303500012611039,25.068299990380183
1450,48.33333333333315,SEARCH,0,0,0,0,-9.293365703688593,7.2511269560947165,6.077748699624656,-3.632649153748459,6.070829228217976,-3.624587684457448,18.823911783907835,1505.9129427126268,nan,0,4.484100005356595,24.386999997659586
1451,48.36666666666648,SEARCH,0,0,0,0,-9.340881774983632,7.217509348648455,6.417512963242917,-3.433426787413971,6.430511884853637,-3.4189281399267846,19.022898318130284,1521.8318654504228,nan,0,4.769000006490387,26.01489999506157
1452,48.399999999999814,SEARCH,0,0,0,0,-9.388029084260346,7.183192387639889,6.747924057957631,-3.2189588709822394,6.760746280727526,-3.2211581206281124,19.210243498918377,1536.81947991347,nan,0,4.743099998449907,23.902600005385466
1453,48.433333333333145,SEARCH,0,0,0,0,-9.434805770223694,7.148179398272745,7.0683384356998005,-2.989741356140013,7.063613870404209,-3.006387483815626,19.372998714733413,1549.839897178673,nan,0,5.052699998486787,26.258800004143268
1454,48.46666666666648,SEARCH,0,0,0,0,-9.481209986210208,7.112473773193669,7.378140274980569,-2.746294580838123,7.370622439272266,-2.7602668409343964,19.53087973774854,1562.4703790198828,nan,0,4.622499996912666,23.30169999913778
1455,48.49999999999981,SEARCH,0,0,0,0,-9.527239900260899,7.076078972163472,7.67674219810565,-2.4891617505938997,7.689701773300454,-2.4747442701562736,19.688608513474197,1575.0886810779357,nan,0,4.629499992006458,23.31620000768453
1456,48.53333333333314,SEARCH,0,0,0,0,-9.572893695193574,7.038998521721937,7.963585912088463,-2.2189074142797014,7.980684299574559,-2.2234067098919277,19.84742429367186,1587.7939434937489,nan,0,4.57520000054501,23.644000000786036
1457,48.56666666666647,SEARCH,0,0,0,0,-9.618169568674585,7.001236014846052,8.238142774583512,-1.9361159376305017,8.252099786407875,-1.9485282417904,19.986115357231547,1598.8892285785237,nan,0,4.625800007488579,24.34999999240972
1458,48.5999999999998,SEARCH,0,0,0,0,-9.663065733289965,6.962795110601914,8.499914286255636,-1.6413899775739471,8.496118167607236,-1.648181890074698,20.097385025241113,1607.790802019289,nan,0,4.513699997914955,25.344900001073256
1459,48.633333333333134,SEARCH,0,0,0,0,-9.70758041661603,6.923679533790153,8.748432511087529,-1.3353489603569042,8.740367314519089,-1.328183179765417,20.209404091512994,1616.7523273210395,nan,0,4.555100007564761,25.5501999927219
1460,48.666666666666465,SEARCH,0,0,0,0,-9.751711861289273,6.883893074584991,8.983260426207462,-1.0186275663135973,9.00216677961873,-1.0023472801099993,20.344550892313283,1627.5640713850626,nan,0,4.909499999484979,25.828900004853494
1461,48.6999999999998,SEARCH,0,0,0,0,-9.795458325075838,6.84343958816703,9.203992202891826,-0.6918742239921745,9.211172531469709,-0.7032623051314867,20.450054424947254,1636.0043539957803,nan,0,4.611700001987629,25.213499990059063
1462,48.73333333333313,SEARCH,0,0,0,0,-9.838818080940237,6.802322994349672,9.41025342046311,-0.3557496162291349,9.409244265797934,-0.3791413241807015,20.5441313727849,1643.530509822792,nan,0,4.862200003117323,25.188999992678873
1463,48.76666666666646,SEARCH,0,0,0,0,-9.88178941711356,6.760547277199285,9.601701214863478,-0.010925200634758436,9.602333031022448,-0.020820613245428474,20.630510852606438,1650.440868208515,nan,0,5.0171999901067466,22.143700000015087
1464,48.79999999999979,SEARCH,0,0,0,0,-9.924370637161028,6.718116484649207,9.778024363737492,0.3419182531724074,9.79906700207924,0.3537799002171617,20.724834678929042,1657.9867743143234,nan,0,4.749200001242571,23.79289999953471
1465,48.83333333333312,SEARCH,0,0,0,0,-9.966560060048984,6.675034728107459,9.93894330990499,0.702092107367579,9.950435632507963,0.7002978002966775,20.79385002287642,1663.5080018301137,nan,0,4.008400006568991,23.256600004970096
1466,48.866666666666454,SEARCH,0,0,0,0,-10.008356020211252,6.631306182058408,10.084210125146782,1.0689012786659087,10.074706596511342,1.054045277977699,20.84311021079598,1667.4488168636785,nan,0,4.34040000254754,22.34209999733139
1467,48.899999999999785,SEARCH,0,0,0,0,-10.049756867614896,6.586935083658258,10.213608416262057,1.4416456380407918,10.212889010009608,1.4402348182252789,20.906059924917013,1672.484793993361,nan,0,4.02179999218788,22.77890000550542
1468,48.93333333333312,SEARCH,0,0,0,0,-10.090760967825345,6.541925732324456,10.326953175387347,1.819621385560765,10.332393543782784,1.8364191828167524,20.958221109924366,1676.6576887939493,nan,0,4.0062000043690205,22.28580000519287
1469,48.96666666666645,SEARCH,0,0,0,0,-10.131366702070935,6.49628248931914,10.42409057659275,2.2021223986079543,10.434843473158852,2.2101922580153084,21.008083454770528,1680.6466763816422,nan,0,3.8383000064641237,21.224500000244007
1470,48.99999999999978,SEARCH,0,0,0,0,-10.171572467306804,6.450009777326521,10.504897720792165,2.5884415518554826,10.497948843990269,2.582303709250026,21.028272907378764,1682.261832590301,nan,0,3.962499991757795,22.01719999720808
1471,49.03333333333311,SEARCH,0,0,0,0,-10.211376676278187,6.403112080024319,10.569282331020753,2.9778720074934837,10.569234780043654,2.9726716095511727,21.06185495914533,1684.9483967316264,nan,0,3.848899999866262,22.013900001184084
1472,49.06666666666644,SEARCH,0,0,0,0,-10.25077775758307,6.355593941649363,10.617182400144788,3.369708474303341,10.617095429809067,3.385086015870402,21.078236375517644,1686.2589100414116,nan,0,4.023000001325272,22.204300010344014
1473,49.099999999999774,SEARCH,0,0,0,0,-10.289774155734223,6.307459966557201,10.648565793076925,3.763248434287377,10.665782358718396,3.7731517524418803,21.108246420642097,1688.6597136513676,nan,0,4.142999998293817,23.076199999195524
1474,49.133333333333105,SEARCH,0,0,0,0,-10.328364331220625,6.258714818776016,10.663429805573655,4.157793335666453,10.662968005737023,4.152894893262629,21.09669431070406,1687.7355448563246,nan,0,4.0923999913502485,22.918600006960332
1475,49.16666666666644,SEARCH,0,0,0,0,-10.366546760568223,6.2093632215546695,10.661800681691691,4.552649751160581,10.636189537250093,4.542021462755707,21.06881488210312,1685.5051905682494,nan,0,4.040599989821203,22.685400006594136
1476,49.19999999999977,SEARCH,0,0,0,0,-10.404319936400084,6.159409956905005,10.643733091976411,4.9471305005679005,10.635938447779655,4.958719023077513,21.07449006717888,1685.9592053743104,nan,0,4.0459000010741875,21.61579999665264
1477,49.2333333333331,ACQUIRING,0,0,0,0,-10.441682367495904,6.108859865138544,10.609309574448325,5.3405557367548715,10.619468767214567,5.351351944888641,21.074769402495427,1685.9815521996343,1754.419393459807,1,4.343399996287189,23.86260000639595
1478,49.26666666666643,ACQUIRING,0,0,0,0,-10.478632578850881,6.057717844397443,10.663774945809129,5.645092084052954,10.668572448038505,5.6408284635189325,21.151313841111268,1692.1051072889015,1756.6381177818243,0,5.005900005926378,23.41379999415949
1479,49.29999999999976,ACQUIRING,0,0,0,0,-10.51516911173394,6.0059888501798575,10.745270245696865,5.860739542462148,10.737574736840147,5.840833603013275,21.253385550278107,1700.2708440222486,1758.8281023297002,0,4.634500000975095,20.62630000000354
1480,49.333333333333094,ACQUIRING,0,0,0,1,-10.551290523745317,5.953677894859821,10.812064993248494,5.987498111982452,10.8044863972118,5.990801028295427,21.355809186840023,1708.4647349472018,1760.9895722304805,0,4.339399994933046,21.07060000707861
1481,49.366666666666426,ACQUIRING,0,0,0,1,-10.586995388873522,5.900790047201535,10.868658696370101,6.025367792613868,10.886143482140522,6.03637320499935,21.473566908330174,1717.8853526664138,1763.1227531535324,0,4.40560000424739,21.482199997990392
1482,49.39999999999976,SEARCH,0,0,0,1,-10.622282297551614,5.847330431868197,10.916495112791875,5.974348584356394,10.926193797744132,5.972056968800712,21.54883706232305,1723.9069649858438,nan,0,4.210499988403171,20.49730000726413
1483,49.43333333333309,SEARCH,0,0,0,1,-10.65714985671286,5.793304228925498,10.875442640324758,6.01221826498781,10.857838981082862,6.002710847949559,21.516007896972095,1721.2806317577677,nan,0,4.0942000050563365,22.048899991204962
1484,49.46666666666642,SEARCH,0,0,0,1,-10.691596689845724,5.738716673339619,10.745501278968753,6.138976834508115,10.73251125539003,6.13793422504136,21.427827139089498,1714.2261711271601,nan,0,4.124300001421943,21.278000000165775
1485,49.49999999999975,SEARCH,0,0,0,1,-10.72562143704822,5.683573054470044,10.612046645556335,6.3546242929173085,10.610258742518306,6.36368858962591,21.34671731620532,1707.7373852964258,nan,0,4.135600000154227,21.900399995502084
1486,49.53333333333308,SEARCH,0,0,0,1,-10.759222755081588,5.62787871555701,10.472978168807328,6.659160640215391,10.481529036523094,6.656147435318206,21.265626565718602,1701.2501252574882,nan,0,4.83150000218302,22.762099993997253
1487,49.566666666666414,SEARCH,0,0,0,1,-10.792399317423323,5.571639053203736,10.326479054856549,7.052585876402362,10.323360314754074,7.041457296697398,21.166853108405117,1693.3482486724095,nan,0,4.137500000069849,22.70709999720566
1488,49.599999999999746,SEARCH,0,0,0,1,-10.825149814319557,5.514859516853565,10.171162181020033,7.469161356275402,10.154064649399952,7.456730066985366,21.068894151051378,1685.51153208411,nan,0,3.8330999959725887,22.418599997763522
1489,49.63333333333308,SEARCH,0,0,0,1,-10.857472952836744,5.4575456082619045,10.005988167977295,7.871566497678986,10.000612676219026,7.876457253656283,20.99787774174446,1679.830219339557,nan,0,4.43150001228787,20.98769998701755
1490,49.66666666666641,SEARCH,0,0,0,1,-10.889367456912726,5.399702880963092,9.830199663669742,8.260943490286442,9.844854398877139,8.268061207016576,20.93168496446845,1674.5347971574759,nan,0,4.178500006673858,25.382499996339902
1491,49.69999999999974,SEARCH,0,0,0,1,-10.920832067407092,5.341336939732345,9.643268594191047,8.638104105285926,9.6432638683609,8.633817515725509,20.826004657609246,1666.0803726087397,nan,0,4.342999993241392,21.244200004730374
1492,49.73333333333307,SEARCH,0,0,0,1,-10.951865542150898,5.282453440042598,9.444853786233013,9.003599541735085,9.425925501907763,8.999349223276987,20.71399725062121,1657.1197800496966,nan,0,4.177499999059364,21.35439999983646
1493,49.7666666666664,SEARCH,0,0,0,1,-10.982466655995697,5.223058087516574,9.234766885072542,9.357776401140999,9.229263191537866,9.36193044777272,20.631148485825292,1650.4918788660236,nan,0,4.25889999314677,24.120600006426685
1494,49.799999999999734,SEARCH,0,0,0,1,-11.01263420086191,5.163156637373898,9.012944907614669,9.700821556558052,9.022993282827247,9.714479678130155,20.546067995762087,1643.685439660967,nan,0,4.192599997622892,22.352999993017875
1495,49.833333333333066,SEARCH,0,0,0,1,-11.042366985786526,5.102754893873403,8.77942810242152,10.032798129314825,8.785470238321386,10.033233189472966,20.431660363492185,1634.5328290793748,nan,0,4.528599994955584,21.933399999397807
1496,49.8666666666664,SEARCH,0,0,0,1,-11.071663836970105,5.041858709750779,8.534342054580327,10.353674343945563,8.526393222283264,10.33045212312514,20.299090146844947,1623.9272117475955,nan,0,3.841899990220554,21.67060000647325
1497,49.89999999999973,SEARCH,0,0,0,1,-11.100523597823122,4.980473985651433,8.277883185993389,10.66334667788274,8.267759571983653,10.656432896918918,20.182836830044906,1614.6269464035925,nan,0,10.303300005034544,22.919099996215664
1498,49.93333333333306,SEARCH,0,0,0,1,-11.128945129011639,4.918606669558697,8.010306971847733,10.961658439260725,8.016719322176762,10.973177329614533,20.08019654174501,1606.4157233396006,nan,0,4.283200003555976,21.46189998893533
1499,49.96666666666639,SEARCH,0,0,0,1,-11.15692730850227,4.856262756217569,7.73191833015306,11.248414679623679,7.748952269229075,11.254842989114888,19.959311401060493,1596.7449120848394,nan,0,4.243199990014546,20.96170000731945
1500,49.99999999999972,SEARCH,0,0,0,1,-11.18446903160648,4.7934482865537476,7.4430637501320875,11.523394167093173,7.447173914432416,11.510675898342685,19.805536237558947,1584.4428990047159,nan,0,3.9932999934535474,22.79300001100637
1501,50.033333333333054,SEARCH,0,0,0,1,-11.211569211024202,4.7301693470883714,7.144124812354596,11.786359000568224,7.141516736987488,11.778643173089305,19.66002917319617,1572.8023338556932,nan,0,4.292800003895536,23.039599996991456
1502,50.066666666666386,SEARCH,0,0,0,1,-11.238226776886751,4.666432069348215,6.835512823182985,12.037062329551071,6.837605038975026,12.047037824662711,19.52457521050592,1561.9660168404737,nan,0,4.534799998509698,23.750300009851344
1503,50.09999999999972,SEARCH,0,0,0,1,-11.264440676799076,4.6022426292715295,6.517664341829062,12.275254551415061,6.531319596577755,12.282554533241559,19.38237020206148,1550.5896161649184,nan,0,4.172600005404092,25.521400006255135
1504,50.13333333333305,SEARCH,0,0,0,1,-11.290209875881295,4.537607246609686,6.191037422897962,12.500688283715297,6.195555628551941,12.480710921909527,19.205334969028506,1536.4267975222804,nan,0,4.190199993900023,24.44330000435002
1505,50.16666666666638,SEARCH,0,0,0,1,-11.31553335680955,4.472532184324465,5.8561084329467725,12.71312234977582,5.844476213459926,12.706460048918533,19.033220865924893,1522.6576692739914,nan,0,4.364000007626601,23.508600002969615
1506,50.19999999999971,SEARCH,0,0,0,1,-11.340410119856173,4.40702374798116,5.513369328097383,12.912324968298643,5.511952015503682,12.924016471700993,18.882300564211107,1510.5840451368886,nan,0,4.534200008492917,21.491299994522706
1507,50.23333333333304,SEARCH,0,0,0,1,-11.364839182929156,4.34108828513766,5.163325302543405,13.098076299753952,5.174640111804879,13.115193092376828,18.722694531219414,1497.8155624975532,nan,0,4.721399993286468,23.597300008987077
1508,50.266666666666374,SEARCH,0,0,0,1,-11.388819581610921,4.274732184729355,4.806492736021986,13.27017047192626,4.816530676452359,13.281497816811997,18.540097198714378,1483.2077758971502,nan,0,4.087199995410629,20.14219999546185
1509,50.299999999999706,SEARCH,0,0,0,1,-11.412350369196385,4.2079618764500335,4.443397382896876,13.428417182687703,4.440583353838715,13.418239601230708,18.334250009055037,1466.740000724403,nan,0,3.876300004776567,20.276399998692796
1510,50.33333333333304,SEARCH,0,0,0,1,-11.435430616730347,4.1407838301289495,4.074572757150419,13.572642958630166,4.072330714818985,13.57732808333496,18.153209880321775,1452.2567904257419,nan,0,4.137500000069849,22.10909999848809
1511,50.36666666666637,SEARCH,0,0,0,1,-11.458059413044154,4.07320455510382,3.7005586768940697,13.70269213263969,3.706858379483167,13.710466644853666,17.96807035384271,1437.4456283074169,nan,0,4.400799996801652,22.08700000483077
1512,50.3999999999997,SEARCH,0,0,0,1,-11.48023586479168,4.005230599590178,3.321899939447572,13.818427591060644,3.3435537635690245,13.818639708314079,17.77773149985902,1422.2185199887217,nan,0,4.070900002261624,21.34930000465829
1513,50.43333333333303,SEARCH,0,0,0,1,-11.50195909648457,3.936868550046828,2.9391451039804077,13.919731331150972,2.92976385139536,13.90338692394121,17.538703365458304,1403.0962692366645,nan,0,4.50849998742342,23.928500013425946
1514,50.46666666666636,SEARCH,0,0,0,1,-11.523228250526842,3.8681250305376143,2.552845363455152,14.006504861574927,2.53971126840367,14.003773574339574,17.334867732883694,1386.7894186306958,nan,0,5.293299996992573,23.80510000512004
1515,50.499999999999694,SEARCH,0,0,0,1,-11.544042487248708,3.799006702089631,2.1635534914003265,14.078669472317578,2.169128732102737,14.091205745768006,17.145857401889906,1371.6685921511923,nan,0,4.707900006906129,24.428299991996028
1516,50.533333333333026,SEARCH,0,0,0,1,-11.564400984939745,3.7295202620477643,1.771822852062229,14.136166395317185,1.7826202584331492,14.141437300477753,16.927817121123326,1354.225369689866,nan,0,4.41080000018701,22.633999993558973
1517,50.56666666666636,SEARCH,0,0,0,1,-11.584302939881322,3.659672443425694,1.378206464894136,14.17895687304208,1.3736527637530884,14.167294188203085,16.682887362464275,1334.6309889971421,nan,0,4.43890001042746,23.710299996309914
1518,50.59999999999969,SEARCH,0,0,0,1,-11.603747566378336,3.589470014253582,0.9832561162600757,14.207022148984063,0.9657474174354237,14.194740378750705,16.44578862968268,1315.6630903746147,nan,0,4.170900007011369,20.556300005409867
1519,50.63333333333302,SEARCH,0,0,0,1,-11.622734096790229,3.5189197769221643,0.5875215127571689,14.220363391437084,0.5780302828897795,14.222826957026228,16.230597042892533,1298.4477634314026,nan,0,3.8398000033339486,20.20609998726286
1520,50.66666666666635,ACQUIRING,0,0,0,1,-11.641261781561289,3.4480285675237154,0.19154947177386883,14.219001559847856,0.19947989502124996,14.22383862854966,16.010035787682256,1280.8028630145805,1133.743460533748,1,4.531900005531497,21.563200003583916
1521,50.69999999999968,ACQUIRING,0,0,0,1,-11.659329889250246,3.37680325518961,-0.1155336803205424,14.128750839369737,-0.10607062780967562,14.119295364670588,15.775897321050342,1262.0717856840274,1138.089801752433,0,4.3123000068590045,21.909799994318746
1522,50.733333333333015,ACQUIRING,0,0,0,1,-11.676937706559146,3.305250741424692,-0.3337279435260647,13.949611230002729,-0.33526442922460287,13.941189381465522,15.548528659796657,1243.8822927837327,1142.433774972802,0,4.4972000032430515,21.27489999111276
1523,50.766666666666346,ACQUIRING,0,0,0,1,-11.69408453836151,3.2333779594386125,-0.4630333178426982,13.681582731746833,-0.4670283376057759,13.680516698632747,15.335889239652802,1226.871139172224,1146.7753075491285,0,4.48560000222642,21.170400010305457
1524,50.79999999999968,ACQUIRING,0,0,0,1,-11.71076970772978,3.1611918734739914,-0.5034498032704428,13.324665344602048,-0.4936174322831721,13.343652910440916,15.149489032304242,1211.9591225843394,1151.1143216575247,1,4.936500001349486,23.422999991453253
1525,50.83333333333301,SEARCH,0,0,0,1,-11.726992555962038,3.088699478131562,-0.45497739980929847,12.987368897320772,-0.44515140465976,12.985481700993427,15.00753937625926,1200.6031501007408,nan,0,4.649700000300072,24.049100000411272
1526,50.86666666666634,SEARCH,0,0,0,1,-11.742752442608015,3.015907797692507,-0.49539388523704303,12.738961338928386,-0.49727985168038413,12.723869265400296,14.85614922016482,1188.4919376131857,nan,0,4.684600004111417,24.96749999409076
1527,50.89999999999967,SEARCH,0,0,0,1,-11.75804874549437,2.9428238854377264,-0.6246992595536764,12.579442669424887,-0.6324984753390992,12.575793793931219,14.716384680745918,1177.3107744596734,nan,0,4.11520000488963,23.990200003026985
1528,50.933333333333,SEARCH,0,0,0,1,-11.77288086074926,2.8694548229644874,-0.8428935227591988,12.508812888810278,-0.8313051961381159,12.520070322896823,14.589463922706175,1167.1571138164938,nan,0,4.88480000058189,21.75649999117013
1529,50.966666666666335,SEARCH,0,0,0,1,-11.787248202826165,2.7958077195002002,-1.14997667485361,12.527071997084557,-1.1266669697335863,12.525679736117983,14.433239473074902,1154.6591578459922,nan,0,4.0797000110615045,23.924699999042787
1530,50.999999999999666,SEARCH,0,0,0,1,-11.801150204527024,2.7218897112135183,-1.54594871583691,12.634219994247726,-1.537809063382969,12.631351247517015,14.266520224602024,1141.321617968162,nan,0,3.9696000021649525,19.80069999990519
1531,51.033333333333,SEARCH,0,0,0,1,-11.814586317024617,2.6477079605229457,-1.9775344509877937,12.818063715221157,-1.990472025962814,12.82018354471131,14.141869788495196,1131.3495830796157,nan,0,4.047399997944012,22.44240000436548
1532,51.06666666666633,SEARCH,0,0,0,1,-11.827556009884223,2.573269655402781,-2.396588953115566,12.933504182002332,-2.3904188187216078,12.944015263838278,14.021837356056757,1121.7469884845407,nan,0,4.017800005385652,23.035299993352965
1533,51.09999999999966,SEARCH,0,0,0,1,-11.840058771084578,2.498582008686586,-2.8044306899965945,12.9915871358964,-2.7923198557524875,12.997806176585964,13.859844429423337,1108.7875543538669,nan,0,4.365300002973527,21.22100000269711
1534,51.13333333333299,SEARCH,0,0,0,1,-11.852094107038083,2.423652257368366,-3.202023669887333,13.001200011421854,-3.2053544024747245,12.990001442799382,13.653345473799861,1092.267637903989,nan,0,4.010100004961714,21.674100004020147
1535,51.16666666666632,SEARCH,0,0,0,1,-11.863661542610274,2.348487661901287,-3.5900506478413905,12.969506540998578,-3.604708225982293,12.957216390909984,13.44453179296084,1075.5625434368671,nan,0,4.2486999882385135,22.349600010784343
1536,51.199999999999655,SEARCH,0,0,0,1,-11.874760621138606,2.2730955054941218,-3.968971775461595,12.90229433388415,-3.9752499510678723,12.893540134616705,13.236166852484903,1058.8933481987924,nan,0,4.014900012407452,21.837099993717857
1537,51.233333333332986,SEARCH,0,0,0,1,-11.885390904450464,2.1974830934056238,-4.339071600904307,12.804252832686593,-4.325661205363065,12.80302737205237,13.024096228514315,1041.9276982811452,nan,0,4.045199995744042,21.178499999223277
1538,51.26666666666632,SEARCH,0,0,0,1,-11.895551972880462,2.1216577522365636,-4.700496744586447,12.67919557029078,-4.69202687828441,12.669399299732694,12.772847197913672,1021.8277758330937,nan,0,4.020899999886751,21.724299993366003
1539,51.29999999999965,SEARCH,0,0,0,1,-11.905243425287017,2.045626829219898,-5.053286110957845,12.53023786564039,-5.0619104278377085,12.516807133015117,12.509069648401812,1000.7255718721451,nan,0,4.011099998024292,20.55800000380259
1540,51.33333333333298,SEARCH,0,0,0,1,-11.914464879068184,1.9693976915088078,-5.397395124636969,12.359938869298357,-5.396673159080666,12.36156669931518,12.266979481190514,981.3583584952412,nan,0,4.01140000030864,19.438600007561035
1541,51.36666666666631,SEARCH,0,0,0,1,-11.92321597017676,1.8929777254628029,-5.732715181561717,12.170415087690744,-5.734093352207231,12.179669049727757,12.005051319380932,960.4041055504745,nan,0,3.6798999935854226,22.584500009543262
1542,51.39999999999964,SEARCH,0,0,0,1,-11.931496353134644,1.8163743359320883,-6.059089267695144,11.963431089321658,-6.047339400813711,11.970546437766624,11.735864438260249,938.8691550608198,nan,0,3.6143000033916906,21.48190001025796
1543,51.433333333332975,SEARCH,0,0,0,1,-11.939305701046505,1.7395949455400188,-6.376324507341517,11.740471955749936,-6.373239337058479,11.735569800836828,11.441180362010074,915.2944289608059,nan,0,3.664200005005114,20.36670000234153
1544,51.466666666666306,SEARCH,0,0,0,1,-11.946643705612653,1.6626469939638278,-6.684202250745391,11.50280112771758,-6.6903834165219935,11.494151082633573,11.148396515741686,891.8717212593348,nan,0,4.043399996589869,18.011899999692105
1545,51.49999999999964,SEARCH,0,0,0,1,-11.953510077141233,1.5855379372138427,-6.98248618874488,11.251506566896175,-6.981573576782843,11.254886373117342,10.872738925335488,869.819114026839,nan,0,3.592599998228252,17.244500006199814
1546,51.53333333333297,SEARCH,0,0,0,1,-11.959904544559656,1.5082752469109126,-7.270928884733537,10.9875375697751,-7.259440119558965,10.999830794258854,10.591694506503128,847.3355605202503,nan,0,3.459100000327453,18.655699997907504
1547,51.5666666666663,SEARCH,0,0,0,1,-11.965826855425297,1.430866409562527,-7.549277036176207,10.711734103058017,-7.556470885858691,10.705689276430883,10.269603657305222,821.5682925844178,nan,0,3.384099996765144,18.660799993085675
1548,51.59999999999963,SEARCH,0,0,0,1,-11.971276775935463,1.3533189258373568,-7.817275715521023,10.424850156204784,-7.828294748680974,10.422458735065847,9.970636737816031,797.6509390252825,nan,0,3.4755999949993566,17.41260000562761
1549,51.63333333333296,SEARCH,0,0,0,1,-11.976254090936623,1.2756403098384212,-8.074671790431168,10.12757230776882,-8.075047954153781,10.139484091805489,9.68437586593934,774.7500692751473,nan,0,3.8748999941162765,20.356099994387478
1550,51.666666666666295,SEARCH,0,0,0,1,-11.980758603932907,1.1978380883750797,-8.32121668332887,9.820534462986755,-8.309715401730426,9.828711778856505,9.37915448499925,750.3323587999398,nan,0,3.911899999366142,19.75249999668449
1551,51.699999999999626,SEARCH,0,0,0,1,-11.98479013709385,1.119919800233665,-8.55666859830289,9.504329528718802,-8.543267028733323,9.497393051448858,9.056828328957414,724.5462663165931,nan,0,3.809599991654977,19.954600007622503
1552,51.73333333333296,SEARCH,0,0,0,1,-11.98834853126143,1.0418929954469578,-8.78079431788102,9.179518638747979,-8.794536614557785,9.168356638909888,8.731543157300605,698.5234525840483,nan,0,4.044499990413897,20.145200003753416
1553,51.76666666666629,SEARCH,0,0,0,1,-11.991433645956334,0.9637652345627109,-8.993370651732777,8.846638419970201,-8.997350558772261,8.849027859973932,8.434565798229851,674.7652638583882,nan,0,3.7708000018028542,18.044099997496232
1554,51.79999999999962,SEARCH,0,0,0,1,-11.99404535938352,0.8855440879109431,-9.194185603021296,8.506206692022587,-9.189693091382878,8.522565021382217,8.135630300186875,650.85042401495,nan,0,3.5202999861212447,18.635200001881458
1555,51.83333333333295,SEARCH,0,0,0,1,-11.996183568437015,0.8072371348704981,-9.383039305049515,8.158726914505733,-9.368955720912183,8.156619585212274,7.804854166747875,624.38833333983,nan,0,3.6734000022988766,20.411799996509217
1556,51.86666666666628,SEARCH,0,0,0,1,-11.997848188703982,0.7288519631345838,-9.559744770389269,7.804691633238592,-9.574257614979306,7.785897634914391,7.461614093655153,596.9291274924122,nan,0,3.893800007062964,19.48679999622982
1557,51.899999999999615,SEARCH,0,0,0,1,-11.999039154468067,0.6503961679755071,-9.724128486319378,7.444585126806967,-9.737417498134397,7.434632665892704,7.1512794223180265,572.1023537854421,nan,0,3.763400003663264,20.07929999672342
1558,51.933333333332946,SEARCH,0,0,0,1,-11.999756418711979,0.5718773515088013,-9.876030883711145,7.078885414520637,-9.881469420206466,7.092118327542445,6.855704354301289,548.4563483441032,nan,0,3.639300004579127,20.058499998413026
1559,51.96666666666628,SEARCH,0,0,0,1,-11.999999953119353,0.4933031219565623,-10.015306701151841,6.708065754773484,-10.009337355996252,6.714237673855534,6.531673925923993,522.5339140739194,nan,0,3.541500002029352,16.933199993218295
1560,51.99999999999961,SEARCH,0,0,0,1,-11.99976974807587,0.41468109291019456,-10.141825261820575,6.332595737100383,-10.135409862670492,6.317051441347231,6.189815305194291,495.18522441554325,nan,0,3.7320999981602654,19.95639999222476
1561,52.03333333333294,SEARCH,0,0,0,1,-11.999065812669631,0.33601888259276286,-10.25547067721194,5.952942050660442,-10.257977881861162,5.948306356366287,5.8761516208384315,470.0921296670745,nan,0,3.981499990914017,18.87550001265481
1562,52.06666666666627,SEARCH,0,0,0,1,-11.997888174690798,0.25732411312076886,-10.35614198906945,5.569568995420705,-10.348495267395608,5.586088254803464,5.578191843269555,446.25534746156444,nan,0,4.120799989323132,19.93419999780599
1563,52.0999999999996,SEARCH,0,0,0,1,-11.996236880630503,0.17860440976554928,-10.443753258705689,5.182938789146275,-10.420901224539353,5.185801001996558,5.249161851438948,419.9329481151158,nan,0,3.938699999707751,19.877099999575876
1564,52.133333333332935,SEARCH,0,0,0,1,-11.99411199567901,0.09986740021451128,-10.518233611139594,4.793511712764323,-10.513830991840454,4.774174354467306,4.90309875006626,392.2479000053008,nan,0,3.6967000050935894,21.11299999523908
1565,52.166666666666266,SEARCH,0,0,0,1,-11.991513603723137,0.021120713831920154,-10.579527240085389,4.4017461282348,-10.591297401096831,4.398262940648512,4.595647885541074,367.6518308432859,nan,0,3.836500007309951,18.69869999063667
1566,52.1999999999996,SEARCH,0,0,0,1,-11.988441807342946,-0.05762801908026215,-10.627593378712218,4.008098396309093,-10.627477562415773,4.0192433449656715,4.298034875957609,343.84279007660876,nan,0,4.346499990788288,22.479400009615347
1567,52.23333333333293,SEARCH,0,0,0,1,-11.984896727807705,-0.13637116802177152,-10.662406240202298,3.6130227161527304,-10.660771140021035,3.6249251758632606,3.9875630100042687,319.0050408003415,nan,0,4.20700000540819,22.53719999862369
1568,52.26666666666626,SEARCH,0,0,0,1,-11.980878505071079,-0.21510110303345537,-10.683954931423283,3.216970904480369,-10.687238927760085,3.210061189287647,3.66131671461562,292.9053371692496,nan,0,4.404199993587099,20.51940000092145
1569,52.29999999999959,SEARCH,0,0,0,1,-11.976387297765621,-0.29381019543650594,-10.692243342461769,2.8203921283851474,-10.704278748459691,2.8117702190988694,3.3560229248863824,268.4818339909106,nan,0,4.305399997974746,22.27310001035221
1570,52.333333333332924,SEARCH,0,0,1,1,-11.971423283196508,-0.37249081857169775,-10.68729001431046,2.423732603267899,-10.687248020369525,2.4326855702478634,3.085145163205048,246.81161305640384,nan,0,4.087199995410629,22.550699999555945
1571,52.366666666666255,SEARCH,0,0,1,1,-11.965986657334536,-0.4511353485384286,-10.669127986638703,2.0274352650466714,-10.647077098087461,2.051448322902905,2.8288597452044346,226.30877961635477,nan,0,4.303200010326691,20.95559998997487
1572,52.39999999999959,SEARCH,0,0,1,1,-11.960077634808382,-0.5297361649333524,-10.63780462728616,1.6319394240433363,-10.618965570247294,1.642649945799692,2.5530066556546904,204.24053245237522,nan,0,3.6568000068655238,21.5462999913143
1573,52.43333333333292,SEARCH,0,0,1,1,-11.95369644889614,-0.6082856515888846,-10.5933814448879,1.2376804065134484,-10.584063245429814,1.225794220900216,2.289048730522587,183.12389844180697,nan,0,3.694199986057356,20.814000003156252
1574,52.46666666666625,SEARCH,0,0,1,1,-11.946843351516101,-0.6867761973110861,-10.535933885854188,0.8450891886375,-10.545080263421237,0.8410914336835257,2.0734799861552404,165.87839889241923,nan,0,3.903600008925423,18.76389999233652
1575,52.49999999999958,SEARCH,0,0,1,1,-11.939518613216817,-0.7652001966172053,-10.465551116780377,0.45459202686970723,-10.458974071678558,0.4769233905386342,1.9325845764798046,154.60676611838437,nan,0,3.593500005081296,17.20529999874998
1576,52.53333333333291,SEARCH,0,0,1,1,-11.931722523166414,-0.8435500504726681,-10.382335793244014,0.06661008779942212,-10.369773476127161,0.07295376089892157,1.810984279833892,144.87874238671137,nan,0,3.837500000372529,17.697599992970936
1577,52.566666666666244,SEARCH,0,0,1,1,-11.923455389141179,-0.9218181670273146,-10.286403815851585,-0.3184409199160752,-10.279218654511784,-0.3386175365930488,1.7446023658254222,139.56818926603378,nan,0,3.6280999920563772,19.585000001825392
1578,52.599999999999575,SEARCH,0,0,1,1,-11.914717537513404,-0.999996962351068,-10.177884074321348,-0.7001511094690371,-10.184620387657258,-0.7128877736680653,1.7537582028793397,140.3006562303472,nan,0,3.4767000033752993,20.03349999722559
1579,52.63333333333291,SEARCH,0,0,1,1,-11.905509313238515,-1.0780788611688357,-10.056918180327663,-1.0781167739782886,-10.058483031342785,-1.0731893494245361,1.847032753726544,147.76262029812352,nan,0,3.8859999913256615,19.518900007824413
1580,52.66666666666624,SEARCH,0,0,1,1,-11.895831079841434,-1.1560562975944433,-9.923660189783016,-1.4519407373485431,-9.918213663223607,-1.441581501763127,1.9981229413441346,159.84983530753075,nan,0,4.359900005511008,20.323599994299002
1581,52.69999999999957,SEARCH,0,0,1,1,-11.885683219402248,-1.233921715863789,-9.778276315194079,-1.821232696788686,-9.777963983755061,-1.8192003975972064,2.1874714881819073,174.99771905455256,nan,0,3.598800001782365,20.310499996412545
1582,52.7333333333329,SEARCH,0,0,1,1,-11.875066132541107,-1.311667571067013,-9.620944628695735,-2.1856095560719253,-9.637861237421939,-2.1965112047730906,2.405833327322436,192.4666661857949,nan,0,4.066800000146031,17.433899993193336
1583,52.76666666666623,ACQUIRING,0,0,1,1,-11.863980238402426,-1.3892863298794789,-9.451854756340433,-2.5446957487889055,-9.451284913578569,-2.5420773408405264,2.673953224231773,213.91625793854186,165.83906457573494,1,4.426900006365031,14.594799999031238
1584,52.799999999999564,ACQUIRING,0,0,1,1,-11.85242597463832,-1.4667704712918395,-9.37165377287402,-2.814893052616997,-9.36799688801976,-2.8044929259536766,2.821681989902977,225.73455919223815,171.74956822935724,0,3.916899993782863,16.19550000759773
1585,52.833333333332895,ACQUIRING,0,0,1,1,-11.84040379739134,-1.5441124873387009,-9.380341678296494,-2.9962014675561996,-9.365098615868625,-2.9890461730131483,2.866176738735758,229.29413909886065,177.6913224140273,0,3.6997999995946884,16.400599997723475
1586,52.86666666666623,ACQUIRING,0,0,1,1,-11.827914181276457,-1.6213048838261623,-9.477918472607858,-3.088620993606513,-9.486987605910535,-3.094681833864906,2.7660037722606043,221.28030178084833,183.6601788300178,0,4.678999990574084,15.215500010526739
1587,52.89999999999956,ACQUIRING,0,0,1,1,-11.81495761936233,-1.6983401810580219,-9.66438415580811,-3.092151630767938,-9.677929455229583,-3.0829661597453364,2.546385374438124,203.7108299550499,189.65244435684696,0,4.021399989142083,16.47420000517741
1588,52.93333333333289,SEARCH,0,0,1,1,-11.801534623151838,-1.7752109145604504,-9.93973872789725,-3.006793379040474,-9.928446720292458,-2.991391700042432,2.2332832321077682,178.66265856862148,nan,0,4.372900002636015,21.299600004567765
1589,52.96666666666622,SEARCH,0,0,1,1,-11.787645722561889,-1.8519096358053182,-10.126204411097502,-3.010324016201899,-10.102357131000485,-3.003368007529631,2.041091379302021,163.2873103441617,nan,0,4.4098999933339655,17.137600007117726
1590,52.99999999999955,SEARCH,0,0,1,1,-11.773291465902496,-1.928428912931974,-10.223781205408866,-3.1027435422522127,-10.222793869306564,-3.107092860424488,1.9476374144507484,155.81099315605988,nan,0,4.022299995995127,16.105000002426095
1591,53.033333333332884,SEARCH,0,0,1,1,-11.758472419855133,-2.004761331467273,-10.23246911083134,-3.2840519571914153,-10.25041339084729,-3.284720102056742,1.9780132682520057,158.24106146016047,nan,0,3.8631999923381954,17.619899997953326
1592,53.066666666666215,SEARCH,0,0,1,1,-11.743189169450364,-2.080899495044124,-10.152268127364927,-3.554249261019507,-10.152588103699257,-3.5373603557902804,2.156684953639264,172.5347962911411,nan,0,4.411100002471358,20.05779999308288
1593,53.09999999999955,SEARCH,0,0,1,1,-11.727442318044744,-2.156836026118079,-9.983178255009625,-3.913335453736487,-9.979412067463182,-3.9062149519456444,2.4730419290982204,197.84335432785764,nan,0,4.306200004066341,18.167499991250224
1594,53.13333333333288,SEARCH,0,0,1,1,-11.711232487297005,-2.2325635666822348,-9.725199493765432,-4.300220775585902,-9.722476540763925,-4.315755153820994,2.8800759371232547,230.40607496986038,nan,0,4.176700007519685,20.486499997787178
1595,53.16666666666621,SEARCH,0,0,1,1,-11.694560317143512,-2.3080747789802265,-9.37833184363235,-4.666028037812092,-9.396436376874561,-4.67653313463632,3.3001467584509716,264.01174067607775,nan,0,4.4320000015432015,21.578100000624545
1596,53.19999999999954,SEARCH,0,0,1,1,-11.677426465772992,-2.38336234621722,-8.942575304610381,-5.013131007042903,-8.941581933538002,-5.0068505087746145,3.79045319765841,303.2362558126728,nan,0,4.614500008756295,21.319199993740767
1597,53.23333333333287,SEARCH,0,0,1,1,-11.659831609600559,-2.4584189732687913,-8.429856044656223,-5.3433776043951156,-8.427651118025466,-5.336620849784399,4.3279367800485,346.23494240388,nan,0,4.071800009114668,18.626799996127374
1598,53.266666666666204,SEARCH,0,0,0,1,-11.64177644324101,-2.533237387387961,-7.9574547434787934,-5.658197261277338,-7.954898430250501,-5.666528925431916,4.838448650657636,387.07589205261087,nan,0,3.9939999987836927,17.525300005218014
1599,53.299999999999535,SEARCH,0,0,0,1,-11.623261679481395,-2.607810338909795,-7.515742595458747,-5.958686831879886,-7.531410159002193,-5.976730023286355,5.300270625678261,424.0216500542609,nan,0,3.533299997798167,15.570500007015653
1600,53.33333333333287,SEARCH,0,0,0,1,-11.604288049252887,-2.6821306019539257,-7.097082860630997,-6.245679348446968,-7.108159826288978,-6.232919798959574,5.72915987897917,458.33279031833354,nan,0,3.540899997460656,18.315900000743568
1601,53.3666666666662,SEARCH,0,0,0,1,-11.584856301601917,-2.75619097512461,-6.695433556089221,-6.519799048226176,-6.692845683307105,-6.495827969733404,6.157649936538767,492.61199492310135,nan,0,3.8549000018974766,16.67270000325516
1602,53.39999999999953,SEARCH,0,0,0,1,-11.564967203660611,-2.829984282208683,-6.3060295323122215,-6.7815054152320595,-6.308346848272953,-6.776081460811726,6.572955233656683,525.8364186925346,nan,0,3.67960000585299,18.17779999691993
1603,53.43333333333286,SEARCH,0,0,0,1,-11.544621540616502,-2.903503372870828,-5.92512805742918,-7.031128431356162,-5.936473651089715,-7.03801404973442,6.967460174834356,557.3968139867485,nan,0,3.8083999970695004,16.925500007346272
1604,53.46666666666619,SEARCH,0,0,0,1,-11.523820115681527,-2.976741123346344,-5.549805207912482,-7.268896792474266,-5.566640060232893,-7.274300228257304,7.345543443016186,587.6434754412949,nan,0,3.5531999892555177,20.026099999086
1605,53.499999999999524,SEARCH,0,0,0,1,-11.502563750060325,-3.049690437131571,-5.1777929045625255,-7.494960494098184,-5.171403423278049,-7.480636891987424,7.727669607923304,618.2135686338643,nan,0,3.8086999993538484,18.404799993732013
1606,53.533333333332855,SEARCH,0,0,0,1,-11.480853282917813,-3.122344245671443,-4.80734846494769,-7.709408910238618,-4.808660650885366,-7.700634074319816,8.09190288337998,647.3522306703983,nan,0,3.816600001300685,19.93110000330489
1607,53.56666666666619,ACQUIRING,0,0,0,1,-11.458689571346063,-3.1946955090443283,-4.437150169300175,-7.912285264442633,-4.438940890447979,-7.924637063886805,8.464586147898553,677.1668918318842,937.2516247005243,1,4.412599999341182,19.598500002757646
1608,53.59999999999952,ACQUIRING,0,0,0,1,-11.436073490330458,-3.2667372166443314,-3.97806298476377,-8.026272729757759,-3.9795287194231985,-8.037250227292562,8.851997193024207,708.1597754419365,933.585228317728,0,4.4716999982483685,22.908900005859323
1609,53.63333333333285,ACQUIRING,0,0,0,1,-11.413005932715144,-3.3384623878605204,-3.430086911338477,-8.051371306183997,-3.428129571810428,-8.03927305352063,9.265844344328194,741.2675475462554,929.9180211268717,0,4.624300010618754,22.486199988634326
1610,53.66666666666618,ACQUIRING,0,0,0,1,-11.389487809167806,-3.4098640727532494,-2.9559388552233963,-7.987580993721346,-2.9415595137024644,-7.979505300987152,9.604640203573428,768.3712162858742,926.2499904540854,0,4.469399995286949,18.994099998963065
1611,53.69999999999951,ACQUIRING,0,0,0,1,-11.365520048143688,-3.4809353527277396,-2.5557350708749644,-7.860872127111173,-2.5479862071242403,-7.869559927730143,9.849311077321001,787.9448861856802,922.5811159687087,0,3.942399998777546,17.436399997677654
1612,53.733333333332844,SEARCH,0,0,0,1,-11.341103595848956,-3.551669341204391,-2.217368035711667,-7.7580704788308115,-2.2214220551266712,-7.759181775940684,10.043493032439029,803.4794425951222,nan,0,3.9657000015722588,18.71249999385327
1613,53.766666666666175,SEARCH,0,0,0,1,-11.316239416203342,-3.6220591842859933,-1.9678898894372585,-7.74415771943934,-1.966691185075661,-7.738813933453894,10.215758502968795,817.2606802375036,nan,0,3.8386000087484717,17.98219999182038
1614,53.79999999999951,SEARCH,0,0,0,1,-11.290928490802079,-3.6920980614220014,-1.8073006320517389,-7.819133848936756,-1.8008410705409117,-7.808808846902228,10.344518690373587,827.561495229887,nan,0,3.835000010440126,18.48009999957867
1615,53.83333333333284,SEARCH,0,0,0,1,-11.265171818877167,-3.7617791860693472,-1.7356002635551082,-7.982998867323062,-1.7313013827650814,-7.9871427274697515,10.428249256206326,834.2599404965061,nan,0,3.935999993700534,19.53930000308901
1616,53.86666666666617,SEARCH,0,0,0,1,-11.238970417257908,-3.831095806349958,-1.6757660429249994,-8.233146250200843,-1.6895480742572482,-8.247435899362296,10.521194176620279,841.6955341296222,nan,0,3.718699997989461,17.906400011270307
1617,53.8999999999995,SEARCH,0,0,0,1,-11.212325320330777,-3.9000412057051426,-1.5501188907339933,-8.452840872481204,-1.5607453730762721,-8.448472082388312,10.66964005570057,853.5712044560456,nan,0,4.553099992335774,18.132299999706447
1618,53.93333333333283,SEARCH,0,0,0,1,-11.185237579998574,-3.9686087035463062,-1.3712571480577669,-8.645773232026428,-1.3719761915441433,-8.628516974793671,10.863463728230062,869.077098258405,nan,0,4.485900004510768,16.33909999509342
1619,53.966666666666164,SEARCH,0,0,0,1,-11.157708265638902,-4.036791655902325,-1.149334339534629,-8.81488390715625,-1.1443504444523485,-8.81129319736391,11.09338540863595,887.4708326908759,nan,0,4.809200007002801,18.297699993127026
1620,53.999999999999496,SEARCH,0,0,0,1,-11.129738464061965,-4.10458345606323,-0.8925481917938674,-8.962515868847591,-0.8956369521613325,-8.974040528429507,11.333509868328733,906.6807894662986,nan,0,4.3150999990757555,21.584399990388192
1621,54.03333333333283,SEARCH,0,0,0,1,-11.101329279467631,-4.171977535220519,-0.60753177763386,-9.090536318515408,-0.6162686804997323,-9.09194214799393,11.581992382788536,926.5593906230829,nan,0,3.937500005122274,19.421299992245622
1622,54.06666666666616,SEARCH,0,0,0,1,-11.072481833401866,-4.238967363103585,-0.2996663616955964,-9.200434144249224,-0.30398622306308426,-9.18862302560425,11.851564828629614,948.1251862903691,nan,0,4.4606000010389835,19.654000003356487
1623,54.09999999999949,SEARCH,0,0,0,1,-11.043197264712443,-4.305546448612403,0.02666839172140789,-9.293397869850088,0.04226523570410939,-9.283487417899925,12.151846573334145,972.1477258667317,nan,0,4.416600000695325,20.92159999301657
1624,54.13333333333282,SEARCH,0,0,0,1,-11.013476729503992,-4.371708340446642,0.3678943201347297,-9.370377996189838,0.3781789351481839,-9.383393142748886,12.44535268040361,995.6282144322888,nan,0,4.527499986579642,19.944600004237145
1625,54.16666666666615,SEARCH,0,0,0,1,-10.983321401092352,-4.437446627730702,0.7210747507467022,-9.432136854557116,0.7171535005823954,-9.451552883426913,12.729586578838001,1018.3669263070401,nan,0,4.756900001666509,22.945799995795824
1626,54.199999999999484,SEARCH,0,0,0,1,-10.952732469958256,-4.502754940634838,1.0837865563397338,-9.479288467769427,1.0875589480234253,-9.473367331355801,13.025958888646628,1042.0767110917302,nan,0,4.98709999374114,23.671200004173443
1627,54.233333333332816,SEARCH,0,0,0,1,-10.921711143700328,-4.567626950992542,1.4540178644647774,-9.512330415723163,1.4606819644884639,-9.500956429463455,13.328968408277941,1066.3174726622353,nan,0,4.206399986287579,22.735800012014806
1628,54.26666666666615,SEARCH,0,0,0,1,-10.890258646987412,-4.632056372913531,1.8300862880943518,-9.531669302768368,1.8310800220057033,-9.52805012625271,13.630965202947142,1090.4772162357713,nan,0,3.9755000034347177,22.348900005454198
1629,54.29999999999948,SEARCH,0,0,0,1,-10.858376221510222,-4.696036963392997,2.21057357223789,-9.537641104867408,2.1994404947745636,-9.540580492659327,13.927533141337078,1114.2026513069661,nan,0,4.239999994751997,23.60640000551939
1630,54.33333333333281,SEARCH,0,0,0,1,-10.826065125932324,-4.759562522916439,2.5942733720803774,-9.530527418955316,2.5836595366999027,-9.532689875896484,14.233884229379319,1138.7107383503455,nan,0,3.958400004194118,22.940399998333305
1631,54.36666666666614,SEARCH,0,0,0,1,-10.793326635840447,-4.822626896060422,2.9801495350573655,-9.510568432486883,2.9769694191440688,-9.498437071940355,14.542498211888645,1163.3998569510916,nan,0,4.249699995853007,24.462400004267693
1632,54.39999999999947,SEARCH,0,0,0,1,-10.760162043694125,-4.8852239720889274,3.367302784763196,-9.477973267609926,3.3795495339538855,-9.478703947126265,14.867128229087896,1189.3702583270317,nan,0,4.9589999980526045,22.0197000016924
1633,54.433333333332804,SEARCH,0,0,0,1,-10.726572658774664,-4.9473476855456004,3.7549441249779125,-9.432928223568007,3.75649540581986,-9.444692991946534,15.165268720622272,1213.221497649782,nan,0,4.066900000907481,23.805300006642938
1634,54.466666666666136,SEARCH,0,0,0,1,-10.69255980713347,-5.008992016841404,4.142373618411224,-9.375603336267297,4.135154053604384,-9.376345640343107,15.457518429833133,1236.6014743866508,nan,0,4.303399997297674,21.776200010208413
1635,54.49999999999947,SEARCH,0,0,0,1,-10.658124831539686,-5.070150992837833,4.528963463813814,-9.306157590207734,4.530799691864279,-9.302254513821968,15.76750228761641,1261.4001830093127,nan,0,4.07729999278672,24.135300001944415
1636,54.5333333333328,SEARCH,0,0,0,1,-10.623269091427185,-5.130818687425822,4.9141445103497405,-9.224743050991195,4.919202929636885,-9.221799010533084,16.07185603872839,1285.7484830982712,nan,0,4.006499992101453,21.96110000659246
1637,54.56666666666613,SEARCH,0,0,0,1,-10.587993962840905,-5.190989222099905,5.297395520320143,-9.131508133029616,5.292518006232835,-9.146571389829104,16.365735262601298,1309.2588210081037,nan,0,4.230399994412437,24.634000001242384
1638,54.59999999999946,SEARCH,0,0,0,1,-10.552300838382521,-5.250656766527752,5.678234629087339,-9.026600174204406,5.668383213658599,-9.032551290803891,16.65572926379662,1332.4583411037295,nan,0,4.19289999990724,24.78230000997428
1639,54.63333333333279,SEARCH,0,0,0,1,-10.516191127155471,-5.309815539115247,6.056212561257374,-8.91016745493114,6.048546329150996,-8.904433974316172,16.95027459043212,1356.0219672345695,nan,0,4.464599987841211,25.446700004977174
1640,54.666666666666124,SEARCH,0,0,0,1,-10.479666254709324,-5.368459807566635,6.430907250347789,-8.782360771645855,6.446853156392675,-8.766190745327092,17.26417200157098,1381.1337601256782,nan,0,4.256899992469698,23.489100000006147
1641,54.699999999999456,SEARCH,0,0,0,1,-10.442727662983504,-5.426583889439903,6.801919579704146,-8.643334652778972,6.813334315260035,-8.645728665220522,17.553762220231253,1404.3009776185002,nan,0,4.610200005117804,22.20619999570772
1642,54.73333333333279,SEARCH,0,0,0,1,-10.405376810250363,-5.484182152697516,7.168870018859889,-8.49324828772266,7.154948997190666,-8.490924993631882,17.815879012133795,1425.2703209707038,nan,0,4.54699998954311,23.90890000970103
1643,54.76666666666612,SEARCH,0,0,0,1,-10.367615171057613,-5.541249016252079,7.531395974680616,-8.332266225249178,7.5219848236558615,-8.324047034973443,18.10474393035847,1448.3795144286778,nan,0,4.470300002139993,21.92240000294987
1644,54.79999999999945,SEARCH,0,0,0,1,-10.329444236170112,-5.5977789505070685,7.889149712752638,-8.160558886598917,7.907968579985281,-8.136032410142649,18.41320061402202,1473.0560491217618,nan,0,4.054799996083602,24.530599999707192
1645,54.83333333333278,SEARCH,0,0,0,1,-10.290865512511004,-5.653766477892751,8.241796733372343,-7.978302929465679,8.246698708070534,-7.974550861184096,18.682273078667748,1494.58184629342,nan,0,4.665000000386499,25.86680000240449
1646,54.86666666666611,SEARCH,0,0,0,1,-10.25188052310225,-5.709206173396884,8.589014509611804,-7.7856814919135156,8.587664583459373,-7.792143913629333,18.954342232107518,1516.3473785686015,nan,0,5.368899990571663,24.837100005242974
1647,54.899999999999444,SEARCH,0,0,0,1,-10.212490807004475,-5.764092665090323,8.930491513432678,-7.582884339504647,8.930214094173808,-7.587594736773136,19.2293606430122,1538.3488514409762,nan,0,4.525999989709817,23.57980000670068
1648,54.933333333332776,SEARCH,0,0,0,1,-10.172697919256223,-5.8184206346476595,9.265926470619368,-7.370107934313761,9.277394517411164,-7.349523877949122,19.51026327184116,1560.8210617472928,nan,0,4.508800004259683,25.563299990608357
1649,54.96666666666611,SEARCH,0,0,0,1,-10.132503430812568,-5.872184817862475,9.595027797142938,-7.147555440820367,9.603573381464686,-7.136840585772108,19.776553849228005,1582.1243079382402,nan,0,4.070299997692928,23.289199991268106
1650,54.99999999999944,SEARCH,0,0,0,1,-10.09190892848309,-5.9253800051574625,9.917513179041267,-6.915436680723499,9.913492515169562,-6.925925687141049,20.030406350931464,1602.4325080745173,nan,0,4.1379000031156465,23.90719999675639
1651,55.03333333333277,SEARCH,0,0,0,1,-10.05091601486923,-5.978001042089142,10.233109265481417,-6.673968046364838,10.216546346853725,-6.681571377949314,20.279670653177753,1622.3736522542201,nan,0,5.10260000010021,23.81880000757519
1652,55.0666666666661,SEARCH,0,0,0,1,-10.009526308301028,-6.030042829847422,10.541551450736202,-6.4233723805592255,10.539169164337451,-6.4142248447850365,20.552286526025142,1644.1829220820116,nan,0,4.914700009976514,24.820399994496256
1653,55.09999999999943,SEARCH,0,0,0,1,-9.96774144277323,-6.081500325749603,10.842583725660942,-6.163878829121371,10.850771490792102,-6.1540585555188345,20.81863937585101,1665.491150068081,nan,0,4.103600003872998,23.291799996513873
1654,55.133333333332764,SEARCH,0,0,0,1,-9.925563067880777,-6.132368543728944,11.135958583141075,-5.895722671168967,11.13186226908155,-5.913106473968022,21.058566847650834,1684.6853478120665,nan,0,4.103100000065751,21.441399992909282
1655,55.166666666666096,SEARCH,0,0,0,1,-9.882992848753691,-6.182642554817901,11.421436965090274,-5.619145131314987,11.411574965648892,-5.618593400297898,21.30203675358075,1704.16294028646,nan,0,4.014600010123104,21.750299987616017
1656,55.19999999999943,SEARCH,0,0,0,1,-9.840032465991332,-6.232317487625678,11.698788241067321,-5.334393177087351,11.689848465177962,-5.323224979317104,21.549065457671013,1723.925236613681,nan,0,3.769500006455928,21.136900002602488
1657,55.23333333333276,SEARCH,0,0,0,1,-9.796683615596047,-6.281388528810191,11.967790210571966,-5.041719304293984,11.972481739331396,-5.0303678833216265,21.80508227238806,1744.4065817910448,nan,0,4.191999993054196,23.123200007830746
1658,55.26666666666609,SEARCH,0,0,0,1,-9.75294800890623,-6.32985092354458,12.228229122674994,-4.741381312554452,12.23274944278941,-4.74153453297945,22.042995290886267,1763.4396232709014,nan,0,4.441099998075515,20.165399997495115
1659,55.29999999999942,SEARCH,0,0,0,1,-9.708827372528743,-6.377699975977875,12.47989970791481,-4.433642072821224,12.465988670459877,-4.4349600874875295,22.259755273019444,1780.7804218415556,nan,0,4.163000005064532,24.43590000621043
1660,55.33333333333275,SEARCH,0,0,0,1,-9.664323448270764,-6.424931049689961,12.722605218415712,-4.118769288394528,12.71144180053635,-4.1087733869889576,22.495320775401552,1799.625662032124,nan,0,3.94399999640882,21.033700002590194
1661,55.366666666666084,SEARCH,0,0,0,1,-9.619437993071017,-6.471539568140937,12.95615747300248,-3.797035250678653,12.964500725620194,-3.772277408815457,22.74467639370511,1819.574111496409,nan,0,4.072600000654347,20.953600003849715
1662,55.399999999999416,SEARCH,0,0,0,1,-9.574172778930421,-6.517521015114513,13.180376904742586,-3.46871659072206,13.202654220456342,-3.457902311342889,22.981408024149935,1838.512641931995,nan,0,4.238599998643622,22.882299992488697
1663,55.43333333333275,SEARCH,0,0,0,1,-9.528529592842123,-6.562870935155567,13.395092608873686,-3.13409402741844,13.393981536348539,-3.146539735440448,23.175694926668683,1854.0555941334949,nan,0,3.917199996067211,22.194699995452538
1664,55.46666666666608,SEARCH,0,0,0,1,-9.482510236720955,-6.607584934001971,13.600142389496304,-2.793452113112964,13.588909455970624,-2.803684392983315,23.382901145116247,1870.6320916092998,nan,0,3.9806999993743375,22.391099992091767
1665,55.49999999999941,SEARCH,0,0,0,1,-9.4361165273323,-6.651658679010321,13.795372803750272,-2.4470789772508765,13.800170028726187,-2.433348937841371,23.61607820929854,1889.286256743883,nan,0,4.118600001675077,20.817800002987497
1666,55.53333333333274,SEARCH,0,0,0,1,-9.389350296220366,-6.695087899575715,13.980639202465575,-2.095266068619001,13.999142571084043,-2.0918204427145475,23.83719089748929,1906.9752717991432,nan,0,4.067999994731508,22.920600007637404
1667,55.56666666666607,ACQUIRING,0,0,0,1,-9.34221338963588,-6.737868387545656,14.155805766496705,-1.7383078966608283,14.158761300571141,-1.7570943780438342,24.022987348027304,1921.8389878421842,1910.7003976472147,1,5.050299994763918,20.982700007152744
1668,55.599999999999405,ACQUIRING,0,0,0,1,-9.294707668463202,-6.779995997627741,14.242083441638947,-1.4702386135915442,14.228630016930016,-1.483581231255668,24.11222563842842,1928.9780510742735,1907.2553626569381,0,4.24409999686759,22.737099992809817
1669,55.633333333332736,ACQUIRING,0,0,0,1,-9.246835008146862,-6.821466647791362,14.26843229109416,-1.291058219411149,14.264089708464953,-1.2885810501536104,24.153186209416255,1932.2548967533003,1903.7830469402397,0,4.750399995828047,22.868100000778213
1670,55.66666666666607,ACQUIRING,0,0,0,1,-9.198597298617518,-6.862276319663183,14.293472842188635,-1.2007667141196428,14.304093281208623,-1.1973158332148235,24.1757779979067,1934.0622398325359,1900.2833198915603,0,4.86780000210274,23.046999995131046
1671,55.6999999999994,ACQUIRING,0,0,0,1,-9.149996444217347,-6.902421058916588,14.314478206865571,-1.1993640977170252,14.32505109248312,-1.2029136305586303,24.157032967155843,1932.5626373724672,1896.7560527633623,0,4.807899997103959,23.963200001162477
1672,55.73333333333273,SEARCH,0,0,0,1,-9.101034363624846,-6.94189697565481,14.332245590950357,-1.2868503702032967,14.322864770359065,-1.3040195397190997,24.092835296446225,1927.4268237156982,nan,0,4.5113999949535355,23.714700000709854
1673,55.76666666666606,SEARCH,0,0,0,1,-9.051712989779151,-6.980700244787797,14.438901863924032,-1.2854477538006792,14.430680861506664,-1.2794159997620385,24.164591099985216,1933.1672879988173,nan,0,4.472500004339963,21.614199999021366
1674,55.79999999999939,SEARCH,0,0,0,1,-9.002034269803634,-7.0188271064029415,14.56986550769714,-1.195156248509173,14.585600559028576,-1.1774528079038908,24.30016811698025,1944.01344935842,nan,0,4.015400001662783,22.76480000000447
1675,55.833333333332725,SEARCH,0,0,0,1,-8.952000164929098,-7.05627386612936,14.695101379170293,-1.0159758543287778,14.70372054933551,-1.013009449580466,24.415449357315005,1953.2359485852003,nan,0,4.261299996869639,22.577800002181903
1676,55.866666666666056,SEARCH,0,0,0,1,-8.901612650416329,-7.093036895495826,14.813563986958837,-0.7479065712594937,14.811077559052464,-0.7592196475535237,24.54402000285545,1963.521600228436,nan,0,4.844600000069477,22.13669999036938
1677,55.89999999999939,SEARCH,0,0,0,1,-8.850873715478123,-7.129112632282434,14.924405819631916,-0.39094839930132075,14.926902719733215,-0.39358812606917226,24.713355550727847,1977.068444058228,nan,0,4.539400004432537,25.220199997420423
1678,55.93333333333272,SEARCH,0,0,0,1,-8.799785363200757,-7.164497580865734,15.026939537304667,0.05489866154574102,15.031208139629362,0.07357877762927768,24.905943079982652,1992.4754463986121,nan,0,4.896900005405769,24.104199997964315
1679,55.96666666666605,SEARCH,0,0,0,1,-8.748349610464894,-7.1991883125574025,15.120607718793085,0.5273807371817643,15.138613616919828,0.5343381232117053,25.107657066304885,2008.6125653043907,nan,0,4.67820001358632,25.04949999274686
1680,55.99999999999938,SEARCH,0,0,0,1,-8.696568487865985,-7.233181465936549,15.204958651886596,0.984981660809078,15.206257314135142,0.9807024306508032,25.27474965231956,2021.979972185565,nan,0,4.247699995175935,23.8118000124814
1681,56.03333333333271,SEARCH,0,0,0,1,-8.644444039634084,-7.266473747175391,15.27962695680612,1.430909232181464,15.271038084808566,1.4247679605508092,25.445784870320967,2035.6627896256773,nan,0,4.543100003502332,22.632699998212047
1682,56.066666666666045,SEARCH,0,0,0,1,-8.59197832355316,-7.299061930358376,15.344318074926235,1.8676671043610196,15.344778887494781,1.8746996549745856,25.634473807846852,2050.757904627748,nan,0,4.33149999298621,20.893299995805137
1683,56.099999999999376,SEARCH,0,0,0,1,-8.539173410879844,-7.330942857794836,15.398795848449355,2.2971957613763854,15.414990204268358,2.3111058547036003,25.821910422652365,2065.7528338121892,nan,0,4.303099995013326,20.488100009970367
1684,56.13333333333271,SEARCH,0,0,0,1,-8.486031386261672,-7.362113440324923,15.442872571607712,2.720985347625262,15.453280611502056,2.711940846282085,25.972624601602732,2077.8099681282183,nan,0,4.522600007476285,21.108699991600588
1685,56.16666666666604,SEARCH,0,0,0,1,-8.432554347654786,-7.3925706576189025,15.476401017879986,3.140165978032121,15.461091321103796,3.1346978729167203,26.109953773574386,2088.796301885951,nan,0,4.370599999674596,17.91719999164343
1686,56.19999999999937,SEARCH,0,0,0,1,-8.378744406241099,-7.4223115584698816,15.499268046838552,3.55558003214247,15.491138421172005,3.564986353438495,26.27721487523853,2102.1771900190824,nan,0,4.025199988973327,22.051799998735078
1687,56.2333333333327,SEARCH,0,0,0,1,-8.324603686344963,-7.451333261079729,15.511389473547252,3.967840034672173,15.526825517768568,3.982412869738771,26.450353979915786,2116.028318393263,nan,0,4.029599993373267,21.016700004111044
1688,56.26666666666603,SEARCH,0,0,0,1,-8.270134325349293,-7.479632953338333,15.512705946873128,4.377375004501227,15.522780383192474,4.374628753342033,26.582443660025156,2126.5954928020124,nan,0,4.323600005591288,20.1563000009628
1689,56.299999999999365,SEARCH,0,0,0,1,-8.2153384736112,-7.507207893096042,15.503179633830792,4.784467577678839,15.506157006991906,4.762666437880064,26.706912287537467,2136.5529830029973,nan,0,3.7951999984215945,18.66180000070017
1690,56.333333333332696,SEARCH,0,0,0,1,-8.160218294377078,-7.534055408429433,15.482791547682718,5.18928374886987,15.474132298071595,5.177273480487643,26.835804628313213,2146.864370265057,nan,0,3.3705999958328903,18.82830000249669
1691,56.36666666666603,SEARCH,0,0,0,1,-8.104775963697227,-7.560172897900184,15.451539390002772,5.59189670676382,15.457534800688656,5.6081631539106755,26.99236119591831,2159.388895673465,nan,0,3.5828999971272424,19.784500007517636
1692,56.39999999999936,SEARCH,0,0,0,1,-8.049013670339928,-7.5855578308071125,15.409435802897844,5.992305943841862,15.405654707030061,5.9844320582801105,27.09734478288102,2167.7875826304817,nan,0,3.8130000029923394,15.944299986585975
1693,56.43333333333269,SEARCH,0,0,0,1,-7.992933615705043,-7.610207747431454,15.356506948372795,6.390452584797442,15.35371699314084,6.381624486362465,27.218329557674153,2177.4663646139325,nan,0,3.8403999933507293,16.170699993381277
1694,56.46666666666602,SEARCH,0,0,0,1,-7.936538013737104,-7.634120259275166,15.292791348456491,6.786231689027184,15.278129295565098,6.7896451991563005,27.33067485960464,2186.453988768371,nan,0,3.733200006536208,18.169200004194863
1695,56.49999999999935,SEARCH,0,0,0,1,-7.879829090837914,-7.657293049292346,15.218338933013017,7.179502131506597,15.21352999751542,7.187642039403627,27.45314793919321,2196.251835135457,nan,0,3.539099998306483,18.631500002811663
1696,56.533333333332685,SEARCH,0,0,0,1,-7.822809085778646,-7.6797238721137955,15.133210252807356,7.570094545484437,15.138010112923213,7.572013529522854,27.564736749041487,2205.178939923319,nan,0,4.350199989858083,17.41790000232868
1697,56.566666666666016,SEARCH,0,0,0,1,-7.765480249611466,-7.7014105542645614,15.037475823911267,7.9578177137257695,15.038649926785762,7.941630056773174,27.65380756172008,2212.304604937606,nan,0,3.727699993760325,16.198800003621727
1698,56.59999999999935,SEARCH,0,0,0,1,-7.707844845580662,-7.722350994374518,14.931215576348372,8.342463717671848,14.918496614810898,8.336607195264836,27.746017119918655,2219.6813695934925,nan,0,3.366500008269213,18.40589998755604
1699,56.63333333333268,SEARCH,0,0,0,1,-7.6499051490333,-7.742543163382029,14.814518385328233,8.723812091996228,14.805296093625381,8.726389460335493,27.847114834625998,2227.7691867700796,nan,0,3.6995999980717897,18.45649999449961
1700,56.66666666666601,SEARCH,0,0,0,1,-7.59166344732939,-7.761985104730533,14.68748166777993,9.101633182526538,14.698730401488788,9.131317135994191,27.968648850666813,2237.4919080533455,nan,0,3.3872999920276925,21.27900000778027
1701,56.69999999999934,SEARCH,0,0,0,1,-7.533122039751589,-7.780674934558106,14.550211030384318,9.47569086589429,14.556413299664595,9.471229057116293,28.028124497534037,2242.249959802723,nan,0,3.6875999940093607,16.076200001407415
1702,56.73333333333267,SEARCH,0,0,0,1,-7.474283237414429,-7.798610841880046,14.402819958095225,9.845744757590234,14.394018117762812,9.834656687778983,28.091897905506034,2247.3518324404827,nan,0,3.6287999973865226,15.106399994692765
1703,56.766666666666005,SEARCH,0,0,0,1,-7.415149363173079,-7.815791088764322,14.245429534372612,10.211552009755959,14.250465090251241,10.218112797343428,28.189014509517726,2255.121160761418,nan,0,3.823899998678826,18.681500005186535
1704,56.799999999999336,SEARCH,0,0,0,1,-7.355722751531642,-7.832214010499989,14.07816818613707,10.572868779765889,14.088875104995143,10.584199864135913,28.267208514991975,2261.3766811993582,nan,0,3.873499998007901,19.358500008820556
1705,56.83333333333267,SEARCH,0,0,0,1,-7.2960057485509875,-7.847878015758466,13.90117144788412,10.929451434433194,13.910072335855771,10.926678176695395,28.32281250062508,2265.825000050006,nan,0,4.589700009091757,18.3443999994779
1706,56.866666666666,SEARCH,0,0,0,1,-7.236000711756143,-7.8627815867477695,13.714581740539861,11.281057541697946,13.700826845133125,11.275964024356602,28.36621814259851,2269.2974514078805,nan,0,4.33369999518618,20.914599997922778
1707,56.89999999999933,SEARCH,0,0,0,1,-7.175710010043217,-7.876923279359561,13.518548161554198,11.62744669127615,13.511928103901301,11.63059071308057,28.43451200387968,2274.7609603103742,nan,0,3.651999999419786,17.806699994252995
1708,56.93333333333266,SEARCH,0,0,0,1,-7.115136023585878,-7.890301723309066,13.313226283459297,11.968381177445728,13.312974140702309,11.988710238027316,28.504083943239593,2280.326715459167,nan,0,3.907399994204752,18.280200005392544
1709,56.96666666666599,SEARCH,0,0,0,1,-7.054281143741393,-7.9029156222678765,13.098777958706115,12.303626570504067,13.107841354208102,12.302531447317259,28.54419862080783,2283.535889664626,nan,0,3.557599993655458,16.44950000627432
1710,56.999999999999325,SEARCH,0,0,0,1,-6.993147772956215,-7.914763753989549,12.875371129059905,12.632952198119582,12.866302866317268,12.6213736307042,28.5680016517914,2285.440132143312,nan,0,3.6559000000124797,18.9710999984527
1711,57.033333333332656,SEARCH,0,0,0,1,-6.93173832467115,-7.925844970428019,12.563075410524805,12.873388936846208,12.539950123224347,12.850547686182209,28.474640345991276,2277.971227679302,nan,0,3.5281000018585473,18.94900000479538
1712,57.06666666666599,SEARCH,0,0,0,1,-6.870055223226061,-7.936158197848877,12.161890803100816,13.024936786683945,12.169756725083607,13.037521706702812,28.326836882461674,2266.146950596934,nan,0,4.076200013514608,18.441799998981878
1713,57.09999999999932,SEARCH,0,0,0,1,-6.80810090376418,-7.945702436933385,11.671817306787938,13.087595747632793,11.693204177161316,13.09501263302362,28.01802955870729,2241.4423646965834,nan,0,4.188400009297766,18.841199998860247
1714,57.13333333333265,SEARCH,0,0,0,1,-6.745877812135955,-7.95447676287531,11.092854921586172,13.061365819692753,11.09194928926554,13.048137909611851,27.555360617862846,2204.4288494290277,nan,0,4.004599992185831,18.01800000248477
1715,57.16666666666598,SEARCH,0,0,0,1,-6.683388404802498,-7.962480325470545,10.425003647495517,12.946247002863824,10.412831202958694,12.93191881128113,26.997345057666088,2159.787604613287,nan,0,3.8367999950423837,20.15580001170747
1716,57.199999999999314,SEARCH,0,0,0,1,-6.620635148738615,-7.969712349199486,9.668263484515974,12.742239297146007,9.663358974244892,12.737125455471421,26.342771237406094,2107.4216989924876,nan,0,4.002600006060675,19.629500005976297
1717,57.233333333332645,SEARCH,0,0,0,1,-6.5576205213354015,-7.9761721333021685,8.83493015118264,12.4493427025393,8.841219672860356,12.455098776572061,25.584391927873757,2046.7513542299005,nan,0,3.354800006491132,18.55249999789521
1718,57.26666666666598,SEARCH,0,0,0,1,-6.494347010302452,-7.981859051846184,8.001596817849306,12.067557219043703,7.998359119520795,12.057740603574693,24.7310348613834,1978.4827889106718,nan,0,4.0905000059865415,20.408900003531016
1719,57.29999999999931,SEARCH,0,0,0,1,-6.430817113569638,-7.9867725537873255,7.168263484515973,11.596882846659218,7.1573327751195635,11.578024242144338,23.820560259229467,1905.6448207383576,nan,0,3.994099999545142,20.022700002300553
1720,57.33333333333264,SEARCH,0,0,0,1,-6.367033339188502,-7.990912163022972,6.33493015118264,11.037319585385845,6.319992073606903,11.042018965877759,22.873851472421407,1829.9081177937123,nan,0,3.6379999946802855,19.550099998014048
1721,57.36666666666597,SEARCH,0,0,0,1,-6.302998205233244,-7.994277478438234,5.501596817849307,10.388867435223583,5.504605001160386,10.410707730678059,21.86693792069266,1749.3550336554129,nan,0,3.75809999241028,21.47020000847988
1722,57.3999999999993,SEARCH,0,0,0,1,-6.238714239701304,-7.996868173944819,4.668263484515974,9.651526396172432,4.667998700635209,9.660792271970731,20.754502152211565,1660.3601721769253,nan,0,3.939899994293228,20.31590000842698
1723,57.433333333332634,SEARCH,0,0,0,1,-6.174183980413572,-7.998683998512619,3.8473253499019364,8.825296468232391,3.8426446976956457,8.811648458227465,19.568447410888794,1565.4757928711035,nan,0,4.0788000042084605,18.552099994849414
1724,57.466666666665965,ACQUIRING,0,0,0,1,-6.109409974914188,-7.999724776194044,3.1152761041767882,8.04257811625937,3.1030822356103336,8.045477945648878,18.501852423852334,1480.1481939081868,1798.021295892414,1,4.222700008540414,17.653899994911626
1725,57.4999999999993,ACQUIRING,0,0,0,1,-6.044394780369981,-7.999990406141067,2.4721157473405286,7.348748653175239,2.4694269147667662,7.3599260767862,17.56166832106454,1404.9334656851636,1794.9872695426834,0,4.112100010388531,18.068399993353523
1726,57.53333333333263,ACQUIRING,0,0,0,1,-5.9791409634694865,-7.9994808626149965,1.9178442793931583,6.743808078979996,1.9292022912254752,6.763429040609937,16.747698404402204,1339.8158723521763,1791.9017089936258,0,4.0545000083511695,17.86379999248311
1727,57.56666666666596,ACQUIRING,0,0,0,1,-5.913651100321703,-7.998196194988969,1.4524617003346767,6.227756393673642,1.4541389567830372,6.223075440948785,16.01651951170101,1281.3215609360807,1788.76464206496,0,4.204699987894855,19.443400000454858
1728,57.59999999999929,ACQUIRING,0,0,0,1,-5.847927776354272,-7.996136527743167,1.075968010165084,5.800593597256178,1.0637399868391735,5.795702143718815,15.426793743626758,1234.1434994901408,1785.5761022848035,0,4.2717000033007935,17.41030000266619
1729,57.63333333333262,SEARCH,0,0,0,1,-5.781973586211485,-7.9933020604527565,0.7883632088843802,5.462319689727602,0.7929584659794015,5.469197518784571,14.982277076996416,1198.5821661597133,nan,0,4.1074999899137765,18.498100005672313
1730,57.666666666665954,SEARCH,0,0,0,1,-5.715791133651839,-7.98969306776855,0.5896472964925652,5.212934671087915,0.6079182298345363,5.2289107058281,14.653354081478712,1172.268326518297,nan,0,3.7606999976560473,18.087799995555542
1731,57.699999999999285,SEARCH,0,0,0,1,-5.64938303144524,-7.985309899390389,0.40558318587525455,5.052438541337116,0.41039946773388775,5.048906383710859,14.373995897175543,1149.9196717740433,nan,0,3.7887000071350485,18.181599996751174
1732,57.73333333333262,SEARCH,0,0,0,1,-5.5827519012698525,-7.980152980033265,0.2020019755329577,4.93661083246618,0.18586649927357898,4.9298166659223694,14.14016529290178,1131.2132234321425,nan,0,3.8057000056141987,18.249000000650994
1733,57.76666666666595,SEARCH,0,0,0,1,-5.515900373608605,-7.9742228093861645,-0.011014579959134324,4.78898153706391,-0.016329863336347582,4.787122537931473,13.895942244805198,1111.6753795844159,nan,0,4.80190000962466,19.504099996993318
1734,57.79999999999928,SEARCH,0,0,0,1,-5.448831087645342,-7.9675199620636485,-0.22271113002676712,4.604220246874634,-0.21584519424043547,4.6111089055089085,13.623730970211664,1089.8984776169332,nan,0,4.430600005434826,19.428599989623763
1735,57.83333333333261,SEARCH,0,0,0,1,-5.381546691160631,-7.9600450875501725,-0.421968176843282,4.3795962534521795,-0.4109070770838996,4.373346074011085,13.297360479324693,1063.7888383459754,nan,0,4.077999998116866,19.198099995264784
1736,57.86666666666594,SEARCH,0,0,0,1,-5.314049840427237,-7.951798910137166,-0.5975869970563777,4.115669947313788,-0.6016439850668033,4.102167800320101,12.942367727832774,1035.389418226622,nan,0,4.091800001333468,18.92059999227058
1737,57.899999999999274,SEARCH,0,0,0,1,-5.246343200105255,-7.942782228852831,-0.7394170143385641,3.819307271266069,-0.7465619977507996,3.8196962546294153,12.593805260660707,1007.5044208528566,nan,0,4.2388000001665205,20.246800006134436
1738,57.933333333332605,SEARCH,0,0,0,1,-5.17842944313691,-7.932995917384732,-0.840248909233683,3.4983787714125,-0.8367173161015072,3.5046973913289823,12.234021923236885,978.7217538589508,nan,0,4.0692000038689,20.554699993226677
1739,57.96666666666594,SEARCH,0,0,0,1,-5.1103112506410415,-7.922440923995142,-0.8954228019991605,3.1611687548208423,-0.8945340922364609,3.1569493357358134,11.854352178704113,948.3481742963291,nan,0,4.3594000017037615,20.416700004716404
1740,57.99999999999927,SEARCH,0,0,0,1,-5.041991311807252,-7.911118271429147,-0.9024488382206711,2.815946363933702,-0.9091523564968262,2.792230538387853,11.473536227996247,917.8828982396998,nan,0,4.350200004409999,20.145699993008748
1741,58.0333333333326,SEARCH,0,0,0,1,-4.9734723237897445,-7.899029056815551,-0.8606532780547325,2.4706602559045603,-0.8742338671250169,2.4715729193380427,11.151373963436068,892.1099170748855,nan,0,4.488699996727519,21.01710000715684
1742,58.06666666666593,SEARCH,0,0,0,1,-4.904756991600843,-7.886174451560564,-0.7708563686641156,2.132727713147236,-0.7623318491191369,2.1415998947103976,10.84969789444824,867.9758315558593,nan,0,4.108900000574067,20.630200000596233
1743,58.09999999999926,SEARCH,0,0,0,1,-4.835848028004202,-7.872555701234313,-0.6350842073218571,1.8088957717240333,-0.6093192948198849,1.8190319358906233,10.573098697189275,845.847895775142,nan,0,4.207300007692538,21.070199989480898
1744,58.133333333332594,SEARCH,0,0,0,1,-4.766748153407714,-7.858174125450127,-0.4563143977280528,1.5051570524702695,-0.45389455015464314,1.4969448830002279,10.301405625707696,824.1124500566157,nan,0,5.027499995776452,19.10100001259707
1745,58.166666666665925,SEARCH,0,0,0,1,-4.697460095756109,-7.843031117736675,-0.23825392665745013,1.2267068743317011,-0.24558105887610537,1.2091219299434797,10.087650953400239,807.0120762720192,nan,0,4.36039999476634,22.971400001551956
1746,58.19999999999926,SEARCH,0,0,0,1,-4.627986590423264,-7.827128145402965,0.014853046017664712,0.9779312306708348,0.011793034504873064,0.9829896643337053,9.95719492574779,796.5755940598232,nan,0,4.037899998365901,21.144100013771094
1747,58.23333333333259,ACQUIRING,0,0,0,1,-4.558330380104211,-7.810466749396127,0.298390125535425,0.7624175362483048,0.32970014737582815,0.7705775904744414,9.87558425615424,790.0467404923394,566.6749598489447,1,4.633999997167848,24.989900004584342
1748,58.26666666666592,ACQUIRING,0,0,0,1,-4.488494214706863,-7.793048544152115,0.4930383161642964,0.5042682306927493,0.5077877283026956,0.4949445579959556,9.677482261171932,774.1985808937545,564.6272776741306,0,4.155300004640594,23.261700000148267
1749,58.29999999999925,ACQUIRING,0,0,0,1,-4.4184808512434515,-7.774875217439298,0.5987976179042789,0.3013370520662061,0.5886906985327647,0.2939756656349977,9.496216167620512,759.6972934096409,562.5695128415948,0,4.53449999622535,21.544200004427694
1750,58.33333333333258,ACQUIRING,0,0,0,1,-4.348293053721685,-7.75594853019488,0.6156680307553726,0.1288653471332928,0.6084367105884896,0.12672815421811673,9.311592864133756,744.9274291307004,560.5026105993755,0,4.776999994646758,21.59669999673497
1751,58.366666666665914,ACQUIRING,0,0,0,1,-4.277933593035627,-7.73627031635429,0.5436495547175774,-0.016889712779308008,0.5509326084591338,-0.0015892589641959762,9.118291498492882,729.4633198794306,558.4275457545976,0,4.666699998779222,21.914400000241585
1752,58.399999999999245,SEARCH,0,0,0,1,-4.207405246856313,-7.715842482673497,0.38274218979089325,-0.1401127853746979,0.3958057568693783,-0.13372962572216796,8.870061269256707,709.6049015405366,nan,0,4.992400004994124,21.74419999937527
1753,58.43333333333258,SEARCH,0,0,0,1,-4.136710799522083,-7.694667008544217,0.31072371375309804,-0.17444696908119892,0.30395439255603174,-0.1883376134131221,8.721495762559499,697.71966100476,nan,0,4.277999993064441,22.504599997773767
1754,58.46666666666591,SEARCH,0,0,0,1,-4.065853041928672,-7.672745945802132,0.3275941266041917,-0.16423525853435234,0.3181578657450274,-0.17615796194129185,8.68437580015793,694.7500640126344,nan,0,4.60190000012517,22.601500008022413
1755,58.49999999999924,SEARCH,0,0,0,1,-3.994834771419021,-7.650081418528095,0.43335342834417423,-0.14476124548704639,0.4343826819031827,-0.13790951069034982,8.720704903946734,697.6563923157387,nan,0,4.740099990158342,23.680800004513003
1756,58.53333333333257,SEARCH,0,0,0,1,-3.923658791672847,-7.626675622842274,0.6280016189730456,-0.10920171210537344,0.6444327201391341,-0.10859567846857872,8.797101006029354,703.7680804823483,nan,0,4.686000000219792,23.454199996194802
1757,58.5666666666659,SEARCH,0,0,0,1,-3.8523279125959577,-7.60253082669138,0.9115386984908059,-0.05252491834575146,0.9070757000941234,-0.0642543830908171,8.915017357730187,713.2013886184151,nan,0,4.628200011211447,23.213399996166117
1758,58.599999999999234,SEARCH,0,0,0,1,-3.780844950209322,-7.577649369628896,1.2839646668974551,0.02880731754106361,1.2713810570841066,0.01755531648613534,9.122067849602733,729.7654279682187,nan,0,4.509799997322261,23.347299997112714
1759,58.633333333332565,SEARCH,0,0,0,1,-3.7092127265378947,-7.552033662588416,1.7452795241929933,0.1370888812699555,1.7447590763316934,0.14914113564648004,9.43683748400198,754.9469987201585,nan,0,4.475000008824281,21.931600000243634
1760,58.6666666666659,SEARCH,0,0,0,1,-3.6374340694992133,-7.525686187649983,2.2946331944858014,0.2735787262117743,2.310062439559253,0.300818363457476,9.829897670564451,786.391813645156,nan,0,4.029500007163733,22.206599998753518
1761,58.69999999999923,SEARCH,0,0,0,1,-3.565511812791753,-7.498609497799605,2.79396148975205,0.4386774131372464,2.794735882858622,0.441516290318565,10.173413796812017,813.8731037449613,nan,0,4.313400000683032,22.526799992192537
1762,58.73333333333256,SEARCH,0,0,0,1,-3.493448795783058,-7.470806216681912,3.2476168133602696,0.6320765481540074,3.2371325263489776,0.6245703031380483,10.527860463146583,842.2288370517266,nan,0,4.122499987715855,22.769800008973107
1763,58.76666666666589,ACQUIRING,0,0,0,1,-3.4212478633976477,-7.442279038345873,3.6587048387288754,0.8528857544269973,3.6518140901082266,0.8553258705694403,10.903139576405865,872.2511661124691,968.1768252763591,1,5.105699994601309,20.346400007838383
1764,58.79999999999922,ACQUIRING,0,0,0,1,-3.348911866004705,-7.4130307269837825,3.9809039752085926,1.162583849588876,3.989495325024812,1.1688672916947591,11.291642648629669,903.3314118903735,963.5797291126378,0,4.859799999394454,23.915400000987574
1765,58.833333333332554,ACQUIRING,0,0,0,1,-3.2764436593055475,-7.383064116663446,4.214214222799421,1.5356140483340681,4.2195427413914,1.52736942563341,11.644124614204474,931.5299691363579,958.9446850457987,0,5.912499997066334,23.692100003245287
1766,58.866666666665886,ACQUIRING,0,0,0,1,-3.203846104220892,-7.352382111053511,4.35863558150136,1.8443846072457077,4.343672862485012,1.8330008632304067,11.888494561425775,951.0795649140621,954.2720728175876,0,4.969600006006658,23.575499988510273
1767,58.89999999999922,ACQUIRING,0,0,0,1,-3.1311220667779045,-7.320987683142136,4.414168051314411,2.1058135142675014,4.397942040614171,2.106100253710539,12.064692010257572,965.1753608206056,949.5622830881498,0,5.210399991483428,22.693499995511957
1768,58.93333333333255,SEARCH,0,0,0,1,-3.05827441799706,-7.28888387494896,4.380811632238572,2.3267999070355594,4.373808431281853,2.3509717978956144,12.172209038289619,973.7767230631695,nan,0,4.976399999577552,22.48719999624882
1769,58.96666666666588,SEARCH,0,0,0,1,-2.985306033778798,-7.256073797230261,4.436344102051622,2.4588974109147284,4.441091422578461,2.4601874084059574,12.229354479936418,978.3483583949135,nan,0,4.592399985995144,20.59420000296086
1770,58.99999999999921,SEARCH,0,0,0,1,-2.9122197947899853,-7.222560629177579,4.580765460753562,2.5021060259050087,4.5745944325273395,2.4926117209173033,12.265274602160737,981.221968172859,nan,0,4.3335999944247305,18.642800001543947
1771,59.03333333333254,ACQUIRING,0,0,0,1,-2.8390185863501927,-7.188347618109691,4.81407570834439,2.5692741847932417,4.799557820984659,2.556341883708383,12.381713250497121,990.5370600397697,1103.3251559370087,1,4.6270999882835895,21.262200010824017
1772,59.066666666665874,ACQUIRING,0,0,0,1,-2.76570529831779,-7.153438079157887,4.95849706704633,2.725331232570363,4.963772881786797,2.7316894193491876,12.548329713489906,1003.8663770791925,1098.506886686998,0,4.935599994496442,22.50409999396652
1773,59.099999999999206,ACQUIRING,0,0,0,1,-2.6922828249758552,-7.1178353949447795,5.01402953685938,2.9702771692363736,5.027964352749738,2.9806404488201927,12.7114684774138,1016.9174781931039,1093.651304450514,0,5.309900006977841,22.631899992120452
1774,59.13333333333254,ACQUIRING,0,0,0,1,-2.6187540649179173,-7.081543015256579,4.9806731177835415,3.304111994791273,4.971209251266342,3.3022896762650182,12.862018679295074,1028.9614943436059,1088.7588290187862,0,5.468999996082857,20.5876999971224
1775,59.16666666666587,ACQUIRING,0,0,0,1,-2.5451219209335214,-7.04456445670874,4.8584278098188145,3.6677567458451943,4.847757265360541,3.650626554455591,13.001606571052298,1040.1285256841838,1083.8298897279933,0,5.130999998073094,21.111199996084906
1776,59.1999999999992,SEARCH,0,0,0,1,-2.471389299893634,-7.006903302405269,4.647293612965198,3.970349613439152,4.6467924092305415,3.9747501027661096,13.086833931681953,1046.9467145345561,nan,0,4.721199991763569,20.937099994625896
1777,59.23333333333253,SEARCH,0,0,0,1,-2.397559112635883,-6.968563201591499,4.525048305000471,4.18405359214422,4.546394124570399,4.2054928667752005,13.155911811026641,1052.472944882131,nan,0,4.554800005280413,20.26069999556057
1778,59.26666666666586,SEARCH,0,0,0,1,-2.3236342738496445,-6.929547869300551,4.491691885924633,4.3088686819604005,4.493700302990417,4.313896477928453,13.148805707052444,1051.9044565641955,nan,0,4.740800010040402,20.03869999316521
1779,59.299999999999194,SEARCH,0,0,0,1,-2.249617701960952,-6.889861085993276,4.547224355737683,4.344794882887691,4.52990938072429,4.331994275299896,13.110759902257648,1048.860792180612,nan,0,4.109800007427111,21.56680000189226
1780,59.333333333332526,SEARCH,0,0,0,1,-2.1755123190173693,-6.849506697191977,4.691645714439622,4.36485362806728,4.676497350470067,4.3697737933491405,13.146189228677102,1051.6951382941681,nan,0,4.471200008993037,20.077599998330697
1781,59.36666666666586,SEARCH,0,0,0,1,-2.1013210505725057,-6.808488613107836,4.924955962030451,4.462112284018716,4.92404236917699,4.48025054785294,13.296291325921064,1063.703306073685,nan,0,4.551799996988848,20.859199998085387
1782,59.39999999999919,SEARCH,0,0,0,1,-2.027046825570604,-6.766810808261945,5.132921608189994,4.620340516325969,5.145740254232952,4.615810968386781,13.454105433005742,1076.3284346404594,nan,0,5.454500002088025,20.98320001095999
1783,59.43333333333252,SEARCH,0,0,0,1,-1.9526925762308882,-6.724477321100222,5.280310978152645,4.826032134329392,5.273037221701691,4.810916808595426,13.61163064589058,1088.9304516712464,nan,0,5.6364000047324225,23.112899987609126
1784,59.46666666666585,ACQUIRING,0,0,0,1,-1.8782612379318084,-6.68149225360215,5.37296940964721,5.067888489907481,5.365973047394799,5.059504660889893,13.79601170363425,1103.68093629074,1177.8657547334085,1,5.197300008148886,23.551899997983128
1785,59.49999999999918,ACQUIRING,0,0,0,1,-1.8037557490951535,-6.637859770883218,5.376738952252885,5.398633734374458,5.376544405221628,5.404168753817309,14.020241128303848,1121.6192902643077,1173.1493965891095,0,5.153899997822009,24.52859999903012
1786,59.533333333332514,ACQUIRING,0,0,0,1,-1.7291790510700487,-6.593584100791376,5.291619605969672,5.764059350715243,5.302165091032866,5.771817467741036,14.224730450723797,1137.9784360579038,1168.4033502999268,0,4.782200005138293,23.275699990335852
1787,59.566666666665846,ACQUIRING,0,0,0,1,-1.6545340880168364,-6.54866953349742,5.11761137079757,6.067907834149535,5.123817124767768,6.057791611638918,14.31324239184437,1145.0593913475495,1163.6281950388338,0,5.270499998005107,23.27210000657942
1788,59.59999999999918,ACQUIRING,0,0,0,1,-1.5798238067908454,-6.503120421079194,4.854714246736578,6.325086110687747,4.841935697925435,6.321929690486083,14.342974081430059,1147.4379265144048,1158.824519954852,0,4.781700001331046,27.164800005266443
1789,59.63333333333251,SEARCH,0,0,0,1,-1.505051156826054,-6.456941177099932,4.502928233786698,6.542484325025071,4.509974970759496,6.549691649018486,14.3301443394335,1146.41154715468,nan,0,4.976999989594333,23.549100005766377
1790,59.66666666666584,SEARCH,0,0,0,1,-1.4302190900186516,-6.410136276180652,4.240031109725707,6.670993650473506,4.246526528852682,6.68068451084157,14.268673018164934,1141.4938414531946,nan,0,4.943699997966178,22.336199996061623
1791,59.69999999999917,SEARCH,0,0,0,1,-1.3553305606105024,-6.362710253566476,4.066022874553605,6.710614087033053,4.0652583841793115,6.6998445817575405,14.142599596051088,1131.407967684087,nan,0,4.959099998814054,23.119499994209036
1792,59.7333333333325,SEARCH,0,0,0,1,-1.280388525072518,-6.314667704687231,3.9809035282703915,6.792140634963353,3.9703000396716193,6.786768001192388,14.114437571480922,1129.1550057184738,nan,0,4.8123000015039,24.280400000861846
1793,59.766666666665834,SEARCH,0,0,0,1,-1.2053959419879399,-6.266013284712219,3.9846730708760667,6.923110643033132,3.9619927600661478,6.931614775378982,14.173189210993511,1133.855136879481,nan,0,4.457900009583682,22.28389999072533
1794,59.799999999999166,SEARCH,0,0,0,1,-1.1303557719355408,-6.216751708099039,4.077331502370631,7.08982259507975,4.079783626735799,7.1121774552238595,14.311041373515312,1144.883309881225,nan,0,4.44630000856705,21.883299996261485
1795,59.8333333333325,SEARCH,0,0,0,1,-1.0552709773727447,-6.166887748136846,4.142626523358856,7.281010275997297,4.1517630109732835,7.285513543545015,14.424988855047152,1153.9991084037722,nan,0,4.877599989413284,21.212799998465925
1796,59.86666666666583,SEARCH,0,0,0,1,-0.9801445225186751,-6.116426236483792,4.133797754577884,7.487388161802764,4.1254414406277675,7.474806211985892,14.518560792840772,1161.4848634272616,nan,0,4.341100007877685,21.66669999132864
1797,59.89999999999916,SEARCH,0,0,0,1,-0.9049793732371328,-6.065372062698936,4.061937618711746,7.701287504054911,4.042651192222019,7.694547850444589,14.62239529722779,1169.791623778223,nan,0,4.709399989224039,23.464800004148856
1798,59.93333333333249,SEARCH,0,0,0,1,-0.8297784969195081,-6.013730173768341,3.936302231661031,7.916364816984594,3.9345481058062584,7.930437660822535,14.735624336168428,1178.8499468934742,nan,0,4.490999999688938,23.281599991605617
1799,59.96666666666582,SEARCH,0,0,0,1,-0.7545448623676333,-5.96150557362579,3.764684415281809,8.127368149602148,3.781065685792837,8.130632492255183,14.804057494904432,1184.3245995923546,nan,0,4.552700003841892,23.669399990467355
