frame,t,state,locked,false_lock,beacon_in_fov,beacon_occluded,beacon_az,beacon_el,cam_az,cam_el,los_az,los_el,err_deg,err_px,est_err_px,num_detections,proc_ms,render_ms
0,0.0,SEARCH,0,0,0,0,8.0,4.0,0.0,0.0,-0.01794243057040859,0.0014750454333586193,8.959665319208831,716.7732255367065,nan,0,3.2310000096913427,23.4714999969583
1,0.03333333333333333,SEARCH,0,0,0,0,7.871528147864529,3.8938267407175444,0.025111931183976817,0.004224510329277758,-0.0018031595198927004,0.02907091563134705,8.770728787471278,701.6583029977022,nan,0,2.84319999627769,15.715400004410185
2,0.06666666666666667,SEARCH,0,0,0,0,7.742858847787872,3.7878928509770047,0.06821580703198571,0.020043497334961902,0.08887874676153358,0.01950158536932784,8.531364727733505,682.5091782186804,nan,0,2.9973000055179,16.074200000730343
3,0.1,SEARCH,0,0,0,0,7.61455655778331,3.6815147509875668,0.12161501491971753,0.05266021113837907,0.1352719190412043,0.027926490174661478,8.323965754787407,665.9172603829926,nan,0,2.780399998300709,15.29830000072252
4,0.13333333333333333,SEARCH,0,0,0,0,7.486300211015951,3.57508126334543,0.17734183098575845,0.10511479983378198,0.1499809075523279,0.10213944663359659,8.116828554591915,649.3462843673532,nan,0,2.894899997045286,14.989900009823032
5,0.16666666666666666,SEARCH,0,0,0,0,7.3587683274765805,3.4677807672669956,0.2274876507416728,0.17833408382570837,0.21230656308325668,0.18463179042023975,7.864539589455039,629.1631671564031,nan,0,2.8737999964505434,15.996700007235631
6,0.19999999999999998,SEARCH,0,0,0,0,7.232689726535976,3.3587763445923278,0.2645422320264873,0.27123456309312527,0.2915779995967235,0.26336287515389495,7.600040562565076,608.003245005206,nan,0,2.7609999960986897,16.574299996136688
7,0.2333333333333333,SEARCH,0,0,0,0,7.107570611703105,3.2486719174278558,0.2817264058159635,0.3808819694256717,0.30729937483851366,0.3421749670247263,7.395364319465983,591.6291455572787,nan,0,3.0349999869940802,18.756700010271743
8,0.26666666666666666,SEARCH,0,0,0,0,6.983779986315489,3.1370759549385223,0.2733033295706752,0.5027071389073652,0.26391425624472187,0.47385471115265887,7.228370689410709,578.2696551528567,nan,0,3.014200003235601,19.62170000479091
9,0.3,SEARCH,0,0,0,0,6.861338730756663,3.0240011269927938,0.23485443609704076,0.6307747223973759,0.2107497718038913,0.6421643268868454,7.064239523351644,565.1391618681315,nan,0,3.4238999942317605,17.830600001616403
10,0.3333333333333333,SEARCH,0,0,0,0,6.741011493133085,2.9086792571516544,0.16350774753878097,0.7580983329086238,0.15075606769645147,0.7565084171405048,6.932770434472158,554.6216347577727,nan,0,3.272000001743436,19.472400002996437
11,0.36666666666666664,SEARCH,0,0,0,0,6.622166634396528,2.791830306237811,0.0581081401833269,0.8769932075216363,0.06843362841865859,0.8680654633857066,6.830247981167119,546.4198384933695,nan,0,3.090899990638718,17.994599998928607
12,0.39999999999999997,SEARCH,0,0,0,0,6.505154895340271,2.6731457213044334,-0.08067859394332132,0.9794553920398017,-0.08489114733917597,0.9551790405819904,6.810294880598603,544.8235904478883,nan,0,3.2118999952217564,17.692800000077114
13,0.4333333333333333,SEARCH,0,0,0,0,6.390107546553284,2.5525559816295216,-0.2503335073742165,1.057554885015254,-0.26729005833325303,1.08576839683795,6.817067455178047,545.3653964142438,nan,0,3.487400012090802,18.738099999609403
14,0.4666666666666666,SEARCH,0,0,0,0,6.277813937171819,2.4293978594050385,-0.4465269681250005,1.1038291388955033,-0.4572400747899522,1.133057646361567,6.858677021991628,548.6941617593303,nan,0,3.399699999135919,18.23250000597909
15,0.49999999999999994,SEARCH,0,0,0,0,6.1692247907263775,2.3029614127133184,-0.6632358941979383,1.1116628312050822,-0.6673772177217914,1.1057140124822518,6.940643223742133,555.2514578993706,nan,0,3.450200005318038,18.501499987905845
16,0.5333333333333333,SEARCH,0,0,0,0,6.064384790946662,2.1733992568808107,-0.8929329569047368,1.0756398940705085,-0.8854033313409478,1.049920384968674,7.040011343763795,563.2009075011036,nan,0,3.2586000015726313,18.38069999939762
17,0.5666666666666667,SEARCH,0,0,0,0,5.963195934439835,2.040965903466278,-1.1268421942884304,0.9918544160573279,-1.1387679890043017,0.9736469235603028,7.181717160593946,574.5373728475157,nan,0,3.2478000066475943,18.336799999815412
18,0.6,SEARCH,0,0,0,0,5.86585790037301,1.90567700923699,-1.3552528898693443,0.8581681797793231,-1.3639420929033217,0.8743429773102573,7.302989650012432,584.2391720009945,nan,0,3.3457999961683527,17.972899993765168
19,0.6333333333333333,SEARCH,0,0,0,0,5.772966837468061,1.7672969954699482,-1.567881253096484,0.6744042294858851,-1.5509149985117623,0.6844848966204724,7.403494255337138,592.279540426971,nan,0,3.3358000073349103,18.58129999891389
20,0.6666666666666666,SEARCH,0,0,0,0,5.684527344930007,1.6260304603762141,-1.7541971264380798,0.44316595785070717,-1.7227521847156544,0.42242636879547907,7.504428881638998,600.3543105311198,nan,0,3.303100005723536,18.16049999615643
21,0.7,SEARCH,0,0,0,0,5.598920316731903,1.4830297103751506,-1.904584786223066,0.17295370940555915,-1.9059636109908564,0.1559437041115488,7.621314849592035,609.7051879673628,nan,0,3.3125999907497317,19.216200002119876
22,0.7333333333333333,ACQUIRING,0,0,0,0,5.516063973897175,1.3384178013571453,-2.012262795120425,-0.12705444836595287,-2.0400964138037856,-0.10707115825799898,7.6931786757510325,615.4542940600827,288.72882145253,1,3.6533999955281615,18.66610000433866
23,0.7666666666666666,ACQUIRING,0,0,0,0,5.435520254956907,1.1925052004035308,-2.031051915128895,-0.338173717248576,-2.0364228823703376,-0.3428364921111794,7.628054034957122,610.2443227965698,284.8332361803097,2,4.623900007572956,18.906700002844445
24,0.7999999999999999,ACQUIRING,0,0,0,0,5.357217978526915,1.0453775983580311,-1.9609521462484762,-0.46040409724231024,-1.9645495726924682,-0.4625957145153951,7.475444039415153,598.0355231532122,281.14442141756825,0,3.4890000097220764,19.420500000705943
25,0.8333333333333333,ACQUIRING,0,0,0,0,5.281575817548322,0.896864833720555,-1.8019634884791684,-0.5498133596333594,-1.824207280705214,-0.5456194415654121,7.250718193660052,580.0574554928043,277.74752154819356,0,3.4226999996462837,19.62160000402946
26,0.8666666666666666,ACQUIRING,0,0,0,0,5.208788347093804,0.7469323091549676,-1.5540859418209718,-0.6598707787205097,-1.5768402797411514,-0.6504219432230621,6.928012324466592,554.2409859573274,274.65145787457607,0,3.4143999946536496,18.344900003285147
27,0.8999999999999999,ACQUIRING,0,0,0,0,5.137530422377581,0.5962668322104635,-1.2173195062738862,-0.7845145235416224,-1.2210792159015593,-0.7684282431864038,6.50340750536431,520.2726004291449,271.76374738622786,0,3.38769999507349,18.867500009946525
28,0.9333333333333332,SEARCH,0,0,0,0,5.066996415162137,0.4452610985315415,-0.7916641818379118,-0.9216615200436651,-0.7481342772789202,-0.9270992820296775,5.974873888569042,477.9899110855234,nan,0,3.3373999904142693,19.45940000587143
29,0.9666666666666666,SEARCH,0,0,0,0,4.999007727153081,0.2930923892625694,-0.45489774629082624,-1.083213848634135,-0.44084047537961746,-1.0951905180603856,5.614203229075636,449.1362583260509,nan,0,3.284300008090213,19.161000003805384
30,0.9999999999999999,SEARCH,0,0,0,0,4.932414783113278,0.14030771207964804,-0.2070201996326296,-1.2879100891203248,-0.2402258774771074,-1.2695405047632637,5.361332240975939,428.90657927807507,nan,0,3.1580999930156395,19.310300005599856
31,1.0333333333333332,SEARCH,0,0,0,0,4.865734217927523,-0.012438744521760914,-0.048031541863321814,-1.5207752768287062,-0.06697561855376027,-1.5009826726200326,5.152415875761335,412.1932700609068,nan,0,3.2399999909102917,20.709200005512685
32,1.0666666666666667,SEARCH,0,0,0,0,4.800448831599531,-0.16578670215335964,0.022068227017097083,-1.7687710833294226,0.05425078881603149,-1.7696246317468474,5.009859475646462,400.7887580517169,nan,0,3.1604999967385083,19.59050000004936
33,1.1,SEARCH,0,0,0,0,4.736491974804694,-0.3196934864310598,0.0032791070086271024,-2.0206536357473386,0.04386043703086772,-2.0442231614031594,4.999479307804855,399.9583446243885,nan,0,3.312999993795529,19.94340000965167
34,1.1333333333333335,SEARCH,0,0,0,0,4.674442661275969,-0.4743791692475111,-0.10439890188873176,-2.2668328437968728,-0.12500434568339425,-2.281513183228577,5.128393990041962,410.27151920335695,nan,0,3.469500006758608,20.238799988874234
35,1.166666666666667,SEARCH,0,0,0,0,4.614859535912323,-0.6300314385842533,-0.1966011983651336,-2.499235412972058,-0.21712274878919255,-2.4883177564007153,5.176995348525352,414.1596278820282,nan,0,4.290400000172667,22.37310000055004
36,1.2000000000000004,SEARCH,0,0,0,0,4.558224962451809,-0.7867806104057447,-0.19991460595264654,-2.7111729694622175,-0.18625108388301667,-2.677183538089219,5.107218047356034,408.57744378848275,nan,0,3.3429000031901523,23.26020000327844
37,1.2333333333333338,SEARCH,0,0,0,0,4.50475985099012,-0.9446389634763597,-0.11433912465127062,-2.897216194148182,-0.09671935839308568,-2.881682539854856,4.99256935166404,399.4055481331232,nan,0,4.484299992327578,23.581200002809055
38,1.2666666666666673,SEARCH,0,0,0,0,4.454800116245422,-1.103641487613611,0.03744601026992207,-3.0530754902649027,0.02460756022852876,-3.0382222901798124,4.834170969778084,386.7336775822467,nan,0,3.81290000223089,28.567700006533414
39,1.3000000000000007,SEARCH,0,0,0,0,4.408721113593695,-1.2638117198429484,0.24131823665123503,-3.1754884457713604,0.2155133764332418,-3.156944705648986,4.600754680368121,368.0603744294497,nan,0,3.5389000113354996,20.688099990366027
40,1.3333333333333341,SEARCH,0,0,1,0,4.365852879644442,-1.4248710017730808,0.4860085233914134,-3.262114165566698,0.49533282269574,-3.250924986992225,4.279649362760564,342.37194902084514,nan,0,3.5740000021178275,21.687599990400486
41,1.3666666666666676,SEARCH,0,0,1,0,4.326365549263606,-1.586792367000689,0.7615745498426969,-3.31143441845914,0.8029849257332177,-3.3413537089852885,3.9360762849640234,314.8861027971219,nan,0,3.441299995756708,20.871699991403148
42,1.400000000000001,SEARCH,0,0,1,0,4.289025176416243,-1.7492222729090459,1.0592162648119352,-3.3226614537188097,1.0595064510075634,-3.358936927214782,3.6084584611786705,288.6766768942937,nan,0,3.2275999983539805,19.755300003453158
43,1.4333333333333345,SEARCH,0,0,1,0,4.253136572487881,-1.9119791034442062,1.37112883122278,-3.295652281047428,1.3223224422865156,-3.2893262092075455,3.2383261904173013,259.0660952333841,nan,0,3.0402999982470647,20.078400004422292
44,1.466666666666668,SEARCH,0,0,1,0,4.218373947238316,-2.074980139218633,1.6903846010882349,-3.230829167890883,1.688673848874661,-3.2094465652266915,2.7724351497195716,221.79481197756573,nan,0,3.655699998489581,20.508500005234964
45,1.5000000000000013,SEARCH,0,0,1,0,4.18646102201819,-2.238562971391427,2.010837587622854,-3.1291060834069415,2.0426934502769454,-3.142266291936259,2.3264606365062592,186.11685092050075,nan,0,3.6148999934084713,22.818600002210587
46,1.5333333333333348,SEARCH,0,0,1,0,4.15776104588323,-2.402739976930054,2.3270453358825516,-2.9918208048477712,2.3421962966819696,-3.0350335827523462,1.922516726196678,153.80133809573425,nan,0,3.504599997540936,22.136200001114048
47,1.5666666666666682,SEARCH,0,0,1,0,4.1304497760586285,-2.5671536999532423,2.6342042218855304,-2.820672396524052,2.6223828862843357,-2.8277737180451905,1.5304210328742076,122.43368262993661,nan,0,3.7007000064477324,21.167099999729544
48,1.6000000000000016,SEARCH,0,0,1,0,4.104843113211218,-2.7318415155183193,2.928095097169944,-2.6176637716054953,2.9367983821381305,-2.621239835947259,1.1732694598051807,93.86155678441446,nan,0,3.379399990080856,20.922900002915412
49,1.633333333333335,SEARCH,0,0,1,0,4.080608937250206,-2.8967368838379555,3.2050368920685646,-2.385049051105013,3.243676922775554,-2.3667178852316866,0.9906438995603776,79.2515119648302,nan,0,3.791600000113249,21.240399990347214
50,1.6666666666666685,SEARCH,0,0,1,0,4.058710739239182,-3.061958694449169,3.461846336835194,-2.1252854412568762,3.4763881235178533,-2.1381614818924994,1.0920169040394947,87.36135232315958,nan,0,3.463999993982725,20.892600005026907
51,1.700000000000002,ACQUIRING,0,0,1,0,4.037290091736142,-3.227243096733015,3.6958023869201515,-1.8409893592263116,3.6735098052794317,-1.854570035978507,1.420058952486014,113.60471619888112,369.1219477795297,1,3.6835000064456835,20.017599992570467
52,1.7333333333333354,ACQUIRING,0,0,1,0,4.01570629346803,-3.3925062730007465,3.8408695481162205,-1.467804388306858,3.8038124066099037,-1.4758850157886496,1.9282987483492082,154.26389986793666,381.1290147506053,0,3.5066999989794567,20.678799992310815
53,1.7666666666666688,ACQUIRING,0,0,1,0,3.9931517524661313,-3.5576397658420578,3.8970478204234005,-1.048523458087853,3.9066407941015404,-1.0487786943078967,2.5103521709466783,200.82817367573426,393.18886382463074,0,3.7751999916508794,20.470200004638173
54,1.8000000000000023,ACQUIRING,0,0,0,0,3.97102600524227,-3.722831258018754,3.8643372038416914,-0.700210968184749,3.8843113650759373,-0.7118184806654018,3.012261172973606,240.9808938378885,405.3425623855122,0,3.4474999993108213,20.070400001714006
55,1.8333333333333357,ACQUIRING,0,0,0,0,3.9488019303620074,-3.8880095503985164,3.742737698371094,-0.40537913216962485,3.7271892897097354,-0.40576150492428487,3.4892927095195065,279.14341676156056,417.56514576374695,0,3.569499996956438,20.118600004934706
56,1.8666666666666691,SEARCH,0,0,0,0,3.9267898625615834,-4.053216228983032,3.5468809368899823,-0.15615269251366617,3.523466940789956,-0.10193379935791676,3.9718134671571064,317.7450773725685,nan,0,3.7053999985801056,19.55330000782851
57,1.9000000000000026,SEARCH,0,0,0,0,3.905022389064855,-4.218455312965445,3.43991306429776,0.004184858253403645,3.4373768848314548,0.02087287907989557,4.265043474280201,341.2034779424161,nan,0,3.481299994746223,19.121400007861666
58,1.933333333333336,SEARCH,0,0,0,0,3.8840745979641156,-4.38380030933902,3.4218340805944263,0.07563352013158457,3.423508883483133,0.0794518850010603,4.486952298346498,358.95618386771986,nan,0,3.2078999938676134,19.792000006418675
59,1.9666666666666694,SEARCH,0,0,0,0,3.8640111353825017,-4.549254941329225,3.4926439857799814,0.15972061529491766,3.4810988490993853,0.14700459431625754,4.7118441660487544,376.9475332839003,nan,0,3.2435000030091032,19.66589999210555
60,2.0000000000000027,SEARCH,0,0,0,0,3.8445007580259123,-4.714775704235819,3.6523427798544255,0.30844384370301603,3.611193358666485,0.30666395495881105,5.026856730953106,402.14853847624846,nan,0,3.2696999987820163,19.30260000517592
61,2.033333333333336,SEARCH,0,0,0,0,3.825761668973318,-4.880385559978938,3.8874567006626686,0.50863408623726,3.878300660816156,0.5321830902782277,5.412823638306585,433.0258910645268,nan,0,3.410199991776608,19.7766000055708
62,2.066666666666669,SEARCH,0,0,0,0,3.8108475945534277,-5.046383596599784,4.063042530716628,0.749207587810759,4.074801788481514,0.7454561814701677,5.797851311591701,463.82810492733614,nan,0,3.1017000001156703,20.03480000712443
63,2.1000000000000023,SEARCH,0,0,0,0,3.7989997229444508,-5.212628613716434,4.184528047794813,1.0207754212271785,4.202710352619299,0.9786706527460367,6.2044475079906345,496.35580063925073,nan,0,3.3432000054745004,19.66540000285022
64,2.1333333333333355,SEARCH,0,0,0,0,3.7890059548540975,-5.37899538436831,4.256463396981803,1.3153327491356652,4.221787489189983,1.277391917262893,6.6704416469810495,533.635331758484,nan,0,3.329600003780797,19.67129998956807
65,2.1666666666666687,SEARCH,0,0,0,0,3.7793175427721857,-5.54538021675729,4.28272834280987,1.626011605079754,4.263619039951423,1.627516892617907,7.189228114467722,575.1382491574178,nan,0,3.3651999983703718,19.90739999746438
66,2.200000000000002,SEARCH,0,0,0,0,3.770396734438034,-5.71180796972068,4.266694716549216,1.9468841959620908,4.286156590946002,1.9497102095651202,7.678858576709948,614.3086861367959,nan,0,3.2574000069871545,19.739399998798035
67,2.233333333333335,SEARCH,0,0,0,0,3.7613897574691215,-5.8782310815280825,4.211353122121618,2.272806351816538,4.224199420647094,2.259467656334105,8.150848638794292,652.0678911035433,nan,0,3.1792999943718314,21.062400002847426
68,2.2666666666666684,SEARCH,0,0,0,0,3.7519670412491055,-6.04463117226368,4.119411159866788,2.5992928462256355,4.099845746156705,2.583470170873929,8.635111602103425,690.8089281682741,nan,0,2.9873000021325424,19.685899998876266
69,2.3000000000000016,SEARCH,0,0,0,0,3.740481892878467,-6.210901642115311,3.993368982355681,2.922417987343707,3.9618212100029653,2.966887370945304,9.18045762811208,734.4366102489664,nan,0,3.465599991613999,19.568700008676387
70,2.333333333333335,SEARCH,0,0,0,0,3.7263737670301476,-6.376970117639192,3.8355768389677554,3.238736219518418,3.8252671491704455,3.271806461216705,9.649283360421604,771.9426688337282,nan,0,3.016999995452352,19.179800001438707
71,2.366666666666668,SEARCH,0,0,0,0,3.7106963556816215,-6.542897802343061,3.6482783386858633,3.5452185463296155,3.6507532744130575,3.534388418172993,10.077464499723861,806.197159977909,nan,0,3.15210000553634,19.43639999080915
72,2.4000000000000012,SEARCH,0,0,0,0,3.6929508852597372,-6.70861707116019,3.4336424176189895,3.839201441386347,3.441862327039533,3.8438304142031763,10.555434306338169,844.4347445070534,nan,0,3.4176999906776473,19.417000003159046
73,2.4333333333333345,SEARCH,0,0,0,0,3.672881499285117,-6.874070984756634,3.1937864024076856,4.118345596559698,3.1739697329782466,4.1329488748433025,11.018321067212865,881.4656853770291,nan,0,3.4478000015951693,19.543999995221384
74,2.4666666666666677,SEARCH,0,0,0,0,3.6525597869113695,-7.039494096152764,2.930792083499992,4.380602402972186,2.920826656904064,4.421288809439819,11.48411852005514,918.7294816044113,nan,0,3.140400003758259,19.609899987699464
75,2.500000000000001,SEARCH,0,0,0,0,3.6317895141175236,-7.204861485761015,2.6467163297744296,4.6241864956043255,2.678989013097258,4.624359396508528,11.867531144946124,949.4024915956899,nan,0,3.087100005359389,19.185600001947023
76,2.533333333333334,SEARCH,0,0,0,0,3.6105782601482415,-7.370172890336828,2.3435974692942074,4.847553039885282,2.371379658068228,4.844179881583925,12.277052855320177,982.1642284256142,nan,0,3.2423999946331605,18.680499997572042
77,2.5666666666666673,SEARCH,0,0,0,0,3.5883463473544106,-7.535350127967518,2.0234584150236574,5.049378715760544,2.0024777405232275,5.037260294356448,12.6722339021051,1013.778712168408,nan,0,3.238499994040467,19.583799992688
78,2.6000000000000005,SEARCH,0,0,0,0,3.5670753272697056,-7.700653852917483,1.6883073170518275,5.228545575595537,1.6589825441866795,5.244465158475388,13.084988509279583,1046.7990807423666,nan,0,3.1343000009655952,18.19699999759905
79,2.6333333333333337,SEARCH,0,0,0,0,3.5456051720704362,-7.865931831527754,1.3401363645835969,5.38412712817422,1.3614975399136335,5.380039452880425,13.424830777935773,1073.9864622348618,nan,0,3.1306000018958002,18.605299992486835
80,2.666666666666667,SEARCH,0,0,0,0,3.525175460944349,-8.031341639825456,0.9809192339363861,5.515376141019183,1.003739847918839,5.479406247216775,13.744014916240795,1099.5211932992636,nan,0,3.540899997460656,18.860600001062267
81,2.7,SEARCH,0,0,0,0,3.5069228006876116,-8.197005812691318,0.6126075768228801,5.6217137645193835,0.6077121326747266,5.611251540869089,14.109337108442578,1128.7469686754062,nan,0,3.476000012597069,22.382899987860583
82,2.7333333333333334,SEARCH,0,0,0,0,3.4913708943682034,-8.362945307651408,0.23712686134372907,5.702719669681426,0.23426183197595415,5.720318721707002,14.455002081111514,1156.4001664889213,nan,0,4.029799994896166,21.567500007222407
83,2.7666666666666666,SEARCH,0,0,0,0,3.4791322383384844,-8.529162012817778,-0.1436281876169231,5.758122961340974,-0.1312879443937194,5.771870210912113,14.749734118282971,1179.9787294626378,nan,0,3.782100000535138,23.078099999111146
84,2.8,SEARCH,0,0,0,0,3.4707241560316175,-8.695616456824837,-0.5277983546909346,5.787793684077494,-0.4958129085046409,5.762810746309114,14.992649314669631,1199.4119451735705,nan,0,3.4270000032847747,21.870600001420826
85,2.833333333333333,SEARCH,0,0,0,0,3.465380872476535,-8.862197449433921,-0.9135647555209193,5.791734781822572,-0.9154804891226027,5.765918745220733,15.270027166769221,1221.6021733415375,nan,0,3.3890999911818653,20.011800006614067
86,2.8666666666666663,SEARCH,0,0,0,0,3.462747037275084,-9.028843303537494,-1.2991535960097171,5.770074406601774,-1.3236693319719277,5.792440684984276,15.574987663822002,1245.9990131057602,nan,0,3.357500012498349,20.484799999394454
87,2.8999999999999995,ACQUIRING,0,0,0,0,3.4620331034630993,-9.195508441092683,-1.682840779239511,5.723058498890761,-1.6996496479968874,5.731749598025681,15.794492755170815,1263.559420413665,1260.4123987843939,1,3.813799994532019,20.682400005171075
88,2.9333333333333327,ACQUIRING,0,0,0,0,3.4637759212119117,-9.36216599526912,-1.977639073580416,5.764931480068636,-1.9420271741437491,5.755021923163415,16.05465906417696,1284.3727251341568,1278.9144760166455,1,4.3304999999236315,20.291000008000992
89,2.966666666666666,ACQUIRING,0,0,0,0,3.468590413477652,-9.528763109415797,-2.183548479032432,5.895693350135401,-2.1756429827121773,5.886419181793619,16.416004864213487,1313.2803891370793,1303.1965279156734,1,4.610300005879253,20.346999997855164
90,2.999999999999999,ACQUIRING,0,0,0,0,3.4774986673383474,-9.695191534845263,-2.300568995595559,6.113978086333916,-2.3180722095162456,6.153461351645726,16.87508341031606,1350.0066728252846,1325.6754144663946,7,5.222699997830205,20.234800002072006
91,3.0333333333333323,ACQUIRING,0,0,0,0,3.491727215893596,-9.861249736039268,-2.3287006232697975,6.305115327955689,-2.333631694662751,6.330425850499975,17.207706550744327,1376.6165240595462,1348.4233160166957,7,5.098500012536533,20.152400000370108
92,3.0666666666666655,ACQUIRING,0,0,0,0,3.5106643930736205,-10.026837057710434,-2.267943362055147,6.480714569177553,-2.242241208859571,6.4714716078488195,17.472553095893623,1397.8042476714897,1371.42997535971,1,4.023000001325272,19.175400011590682
93,3.0999999999999988,ACQUIRING,0,0,0,0,3.534556558013222,-10.191782328125432,-2.1182972119516075,6.642736307069921,-2.112571771995779,6.616125587995277,17.731210530936217,1418.4968424748974,1394.6877411454168,1,3.839700002572499,20.566999999573454
94,3.133333333333332,SEARCH,0,0,0,0,3.5629588933044603,-10.35601108665384,-1.8843751432465408,6.793304282104197,-1.9022508562003408,6.8003246204949415,18.005787194745764,1440.4629755796614,nan,1,3.9032000058796257,19.9265999981435
95,3.166666666666665,ACQUIRING,0,0,0,0,3.596526631943322,-10.519262379758828,-1.739341963430363,6.854983368249584,-1.750154788261055,6.8858472310039565,18.20782366928639,1456.6258935429114,1457.3325736019538,1,4.307399998651817,20.203699998091906
96,3.1999999999999984,ACQUIRING,0,0,0,0,3.634375339490923,-10.681574588525619,-1.5054198947252964,6.987486726212209,-1.4794718467561365,7.00112291047057,18.407314412626654,1472.5851530101324,1470.5075854527418,0,3.488099988317117,19.929400004912168
97,3.2333333333333316,ACQUIRING,0,0,0,0,3.676157412175898,-10.842919052886579,-1.1826089371313409,7.091647620797856,-1.1400228416009452,7.082722631945226,18.561363690468696,1484.9090952374954,1483.6324458259246,0,3.329300001496449,18.972599995322526
98,3.266666666666665,ACQUIRING,0,0,0,0,3.720952053651234,-11.003453217078734,-0.7709090906484964,7.180174219806009,-0.7571860335015737,7.184779756761645,18.73140516454393,1498.5124131635143,1496.7153316826348,0,3.4879000013461336,21.225899996352382
99,3.299999999999998,ACQUIRING,0,0,0,0,3.769336332959754,-11.162942211349728,-0.28057325780697057,7.254987649332383,-0.29648085898557514,7.265994778671908,18.872111382156103,1509.7689105724883,1509.7423902409437,0,3.336299996590242,18.69549999537412
100,3.3333333333333313,SEARCH,0,0,0,0,3.821845008249163,-11.321121276959337,0.12551252424265175,7.318235818302753,0.12018114258720601,7.336784960231683,19.021560938318366,1521.7248750654692,nan,0,3.539799989084713,19.248700002208352
101,3.3666666666666645,SEARCH,0,0,0,0,3.8784815697674024,-11.477869730467397,0.44270941740338515,7.2925950983842345,0.4622213286020456,7.276610371389742,19.063088887332047,1525.047110986564,nan,0,3.5294000117573887,18.884099990827963
102,3.3999999999999977,SEARCH,0,0,0,0,3.939615785186238,-11.632919353114152,0.6710174216752297,7.178065489576826,0.674800784447575,7.177222336854677,19.091371019016723,1527.3096815213378,nan,0,3.1636000057915226,19.064299995079637
103,3.433333333333331,SEARCH,0,0,0,0,4.00464773407437,-11.786374960380844,0.8104365370581854,6.97464699188053,0.8048657096882476,7.01728710646346,19.073969490582286,1525.917559246583,nan,0,3.3278000046266243,18.63239999511279
104,3.466666666666664,SEARCH,0,0,0,0,4.073718514649118,-11.93805556246487,0.8609667635522522,6.682339605295344,0.8805034753189186,6.715347066743131,18.924747077167204,1513.9797661733762,nan,0,3.1589999998686835,18.496099990443327
105,3.4999999999999973,SEARCH,0,0,0,0,4.146961580412475,-12.087766053397745,0.8226081011574301,6.30114332982127,0.8235976044270777,6.290514612632579,18.676347296949196,1494.1077837559355,nan,0,3.4266000002389774,17.718899995088577
106,3.5333333333333306,SEARCH,0,0,0,0,4.223746496710438,-12.235691218284902,0.6953605498737192,5.831058165458306,0.7039896927144317,5.815038882789552,18.390691807028674,1471.2553445622937,nan,0,3.278599993791431,18.139899999368936
107,3.5666666666666638,SEARCH,0,0,0,0,4.303028242381183,-12.382293341670538,0.4792241097011194,5.380895035256535,0.45146684850525964,5.391099890327864,18.18592951020217,1454.8743608161733,nan,0,3.262199999880977,20.71339999383781
108,3.599999999999997,SEARCH,0,0,0,0,4.384952552309573,-12.527435290191752,0.17419878063963068,4.955947731983927,0.15347875760000793,4.988602115429288,18.019903908468248,1441.5923126774599,nan,0,8.860999994794838,22.985899995546788
109,3.63333333333333,SEARCH,0,0,0,0,4.46869631281057,-12.671535117932557,-0.21971543731074689,4.548427946074258,-0.2076237140659172,4.574042463752861,17.868349535413078,1429.4679628330462,nan,0,10.702599989599548,73.7313000136055
110,3.6666666666666634,SEARCH,0,0,0,0,4.553828657678248,-12.81481896780793,-0.7025185441500132,4.152361276615535,-0.66798562448907,4.163499043191574,17.76318177805082,1421.0545422440657,nan,0,10.99429999885615,64.51799999922514
111,3.6999999999999966,ACQUIRING,0,0,0,0,4.640282241508351,-12.95730951353188,-1.2742105398781685,3.7632279058566027,-1.279105982280982,3.757734417673172,17.732226328525435,1418.5781062820352,1409.6334770388478,1,11.06689999869559,76.31270001002122
112,3.73333333333333,ACQUIRING,0,0,0,0,4.728887434889592,-13.098472176738731,-1.7570136467174349,3.462983423986559,-1.7763649220518083,3.470385879562341,17.80015071614127,1424.0120572913015,1403.0702948397002,39,26.41099999891594,44.895599989104085
113,3.766666666666663,ACQUIRING,0,0,0,0,4.8200470318419075,-13.237998896979942,-2.1509278646678123,3.2516278310054045,-2.1612560738076905,3.2514483256404456,17.906436350109868,1432.5149080087892,1402.270699757658,38,19.9379000114277,41.11669999838341
114,3.7999999999999963,ACQUIRING,0,0,0,0,4.913384643593388,-13.376078106169116,-2.455953193729301,3.1291611269131385,-2.45504132047982,3.1195035945476506,18.066486012311582,1445.3188809849266,1401.1088455926822,20,9.40739999350626,38.17120000894647
115,3.8333333333333295,ACQUIRING,0,0,0,0,5.009767529032811,-13.512049122095853,-2.672089633901901,2.979961339896668,-2.6885642072468117,2.973324524878008,18.194280854217634,1455.5424683374108,1401.1669756639278,4,6.023499998264015,24.96729999256786
116,3.8666666666666627,ACQUIRING,0,0,0,0,5.10909825919987,-13.645881793078154,-2.7993371851856117,2.8151487722012503,-2.836517999663763,2.8440980191441603,18.30443257630833,1464.3546061046663,1402.4660334540051,1,20.32820000022184,64.59860000177287
117,3.899999999999996,ACQUIRING,0,0,0,0,5.211003474552831,-13.777764714116643,-2.837695847580434,2.6367207022700923,-2.838318867304095,2.658071555351505,18.301046528542614,1464.0837222834093,1405.0332345043034,1,17.704600002616644,94.1756000102032
118,3.933333333333329,SEARCH,0,0,0,0,5.3150272551143365,-13.907983110879425,-2.789283046942485,2.4468052441638766,-2.7607738188548137,2.427830976840501,18.222990558491492,1457.8392446793193,nan,1,12.906400006613694,73.26209999155253
119,3.9666666666666623,ACQUIRING,0,0,0,0,5.421099776272635,-14.036538149804004,-2.8297591351934255,2.3245360097438077,-2.8280204655535974,2.310920294197375,18.310854222085307,1464.8683377668244,1559.2873469017118,2,8.489200001349673,62.723100010771304
120,3.9999999999999956,ACQUIRING,0,0,0,0,5.52832979489956,-14.164129297157757,-2.9591241123332543,2.291155664212628,-2.9866080918892632,2.2862860432814753,18.52350755361495,1481.880604289196,1569.8194738665932,2,8.767000006628223,82.74309999251273
121,4.033333333333329,ACQUIRING,0,0,0,0,5.637197360281479,-14.29032609183017,-3.177377978361972,2.2875347945484825,-3.1959675440039033,2.3066567830136044,18.80118727033366,1504.094981626693,1580.3633337616072,1,5.76720001117792,53.22679999517277
122,4.066666666666662,ACQUIRING,0,0,0,0,5.7473576909764885,-14.415395989563173,-3.439276088397284,2.279852117310037,-3.4196565281938094,2.2800381964597762,19.04656589399502,1523.7252715196014,1596.8558137133923,2,8.764700003666803,40.384000007179566
123,4.099999999999995,ACQUIRING,0,0,0,0,5.859057116624054,-14.539093265554934,-3.7281441041192105,2.276526083349144,-3.7276825432203307,2.252828568119356,19.33582726892906,1546.8661815143248,1609.8196637675367,0,4.939299993566237,40.614600002299994
124,4.133333333333328,ACQUIRING,0,0,0,0,5.972286165044056,-14.66139191792559,-3.967857740598245,2.270714672177062,-3.9731186695411194,2.2487937635215696,19.61798810033309,1569.4390480266472,1622.7670154273267,1,3.5275999980513006,35.15420001349412
125,4.166666666666662,ACQUIRING,0,0,0,0,6.087308797392556,-14.78200523321623,-4.17391967412995,2.2634541477607883,-4.181138234674667,2.2705293294054534,19.90552535000715,1592.442028000572,1634.4946396786365,3,8.624999987659976,33.84160000132397
126,4.199999999999995,TRACKING,0,1,0,0,6.204051679977093,-14.900954285938942,-4.314514034164021,2.2693614952893317,-4.291943402558025,2.295928682220319,20.146927720949602,1611.754217675968,1647.688322749288,2,6.846199990832247,34.76550000777934
127,4.233333333333328,TRACKING,0,1,0,0,6.322514217025392,-15.018190820747243,-4.4393455127721495,2.2771230542430954,-4.407285810348398,2.2757821208145446,20.35215243483848,1628.1721947870785,1662.7458960851638,2,23.801200004527345,49.48649999278132
128,4.266666666666661,TRACKING,0,1,0,0,6.4427453373478585,-15.133612896121855,-4.556217259451709,2.299978243058471,-4.5513692472943434,2.301520794780413,20.611997533472532,1648.9598026778026,1676.6735662128394,1,6.027700001141056,60.6990000087535
129,4.2999999999999945,TRACKING,0,1,0,0,6.563930232652168,-15.248033169359868,-4.655154172956185,2.3192422078425743,-4.689498970039029,2.322860670042858,20.865665077719033,1669.2532062175228,1690.5820651240244,1,5.722499990952201,40.15720001189038
130,4.333333333333328,TRACKING,0,1,0,0,6.685805183696052,-15.361718146757184,-4.739982885542439,2.337002400575882,-4.753007683711892,2.3501549898604934,21.0845177754488,1686.761422035904,1704.477926492333,1,7.667099998798221,39.354199994704686
131,4.366666666666661,TRACKING,0,1,0,0,6.808377199018548,-15.474651219138837,-4.812820426555097,2.3534002030962005,-4.793133300905242,2.3285325672597295,21.249668204753853,1699.973456380308,1718.3606520893036,1,4.68630000250414,31.32259999983944
132,4.399999999999994,TRACKING,0,1,0,0,6.9312568941003,-15.587249435440842,-4.875523129022279,2.3686514939922874,-4.864888520202947,2.3475630993513628,21.46640508547081,1717.3124068376649,1732.2409167693434,0,5.074899992905557,25.24190000258386
133,4.433333333333327,TRACKING,0,1,0,0,7.055102559092637,-15.69878431357492,-4.929656602415769,2.3829330842014618,-4.951813850141334,2.391458179377913,21.7122756778779,1736.982054230232,1746.0998268727637,0,6.060300001990981,37.242399994283915
134,4.466666666666661,COASTING,0,0,0,0,7.1799270404313935,-15.809222652191037,-4.976544818156021,2.3963948082766655,-4.977970884051357,2.4274917758204593,21.917851972102206,1753.4281577681766,1759.9362469322098,0,5.29300000926014,35.09150000172667
135,4.499999999999994,COASTING,0,0,0,0,7.306350924878191,-15.917826423852802,-5.017307192805788,2.4091633326457544,-4.998367469033433,2.407122260530592,22.07283033593,1765.8264268744003,1773.7297197126927,0,4.125099992961623,31.99550000135787
136,4.533333333333327,COASTING,0,0,0,0,7.434412772511979,-16.024493855425884,-5.052890204488633,2.4213457561824776,-5.04290151517355,2.3969395485976137,22.249327641359283,1779.9462113087427,1787.4762328856973,1,16.22279999719467,50.67159999452997
137,4.56666666666666,COASTING,0,0,0,0,7.5724838184596805,-16.117843542349224,-5.084094109320021,2.433032631937571,-5.098894387265858,2.414380096918638,22.45010331041652,1796.0082648333216,1800.8045406845308,1,12.942600005771965,51.23640000238083
138,4.599999999999993,COASTING,0,0,0,0,7.719184502470406,-16.196942765408387,-5.111595531333719,2.444300523382122,-5.118555069901269,2.454086814400666,22.64218323649356,1811.3746589194845,1813.600721439404,1,5.337000009603798,42.86029998911545
139,4.633333333333327,COASTING,0,0,0,0,7.873049039802319,-16.26100119131329,-5.1359665624301805,2.4552141656567463,-5.101865420898334,2.4394940955140756,22.76086398261611,1820.869118609289,1825.757827808311,0,4.90999998874031,29.80740000202786
140,4.66666666666666,COASTING,0,0,0,0,8.032540066859253,-16.309378769447196,-5.157690911572518,2.4658282929335766,-5.145566337883892,2.456920149093252,22.931124340396934,1834.4899472317547,1837.1764831800901,0,5.204500004765578,35.85580000071786
141,4.699999999999993,COASTING,0,0,0,0,8.196064002019579,-16.34159212704089,-5.177177559089051,2.476189183468368,-5.215688985536955,2.466698276195316,23.100365929822384,1848.0292743857908,1847.765383808527,0,4.643699998268858,28.11220000148751
142,4.733333333333326,COASTING,0,0,0,0,8.361986968177002,-16.357319398873617,-5.19477230151936,2.4863359659571467,-5.233954294234079,2.5071229120054133,23.25331809680965,1860.2654477447722,1857.4417182332884,0,5.424999995739199,26.978000008966774
143,4.7666666666666595,COASTING,0,0,0,0,8.528651117900516,-16.356403443243966,-5.210767512894244,2.4963017240735033,-5.213199458513206,2.5060970530730864,23.337360224285078,1866.9888179428062,1866.1315147801704,0,11.409099999582395,47.83919999317732
144,4.799999999999993,COASTING,0,0,0,0,8.694391198097929,-16.338853412077817,-5.225410397993174,2.506114430365647,-5.20836329616044,2.5060736890893685,23.418323167467108,1873.4658533973688,1873.7699269265154,0,11.502599998493679,43.287300009978935
145,4.833333333333326,COASTING,0,0,0,0,8.857551188674295,-16.304844659485315,-5.238909970553981,2.5157977358754784,-5.230545929769959,2.489110568804641,23.48802319357005,1879.0418554856042,1880.3014651697652,0,5.680999995092861,38.3257999928901
146,4.866666666666659,COASTING,0,0,0,0,9.016500848937296,-16.254716989680563,-5.251442953417242,2.5253716377692217,-5.289303411697794,2.5287005350118013,23.610862107312503,1888.8689685850002,1885.6801828229434,0,4.731400011223741,32.93969998776447
147,4.899999999999992,COASTING,0,0,0,0,9.169652006423357,-16.188971261770245,-5.263158767155909,2.5348530438256334,-5.260062939139137,2.543424899749716,23.645704458998836,1891.6563567199069,1889.8698219316925,0,5.577200005063787,30.283499989309348
148,4.933333333333326,COASTING,0,0,0,0,9.315474425391917,-16.10826438533499,-5.274183748010337,2.5442562497162937,-5.253525945844725,2.5150667863592733,23.64496216422629,1891.596973138103,1892.843924295045,0,4.062699998030439,30.122199998004362
149,4.966666666666659,SEARCH,0,0,0,0,9.452511096435128,-16.013402756806,-5.284624714193499,2.553593342550748,-5.285100068249162,2.524098608361254,23.681979218490262,1894.5583374792213,nan,0,11.005199994542636,40.475800007698126
150,4.999999999999992,SEARCH,0,0,0,0,9.579392794434225,-15.905334202218443,-5.25411258583464,2.5593253344926525,-5.291853774366199,2.5628467326984774,23.711340779358874,1896.90726234871,nan,0,5.464100002427585,49.26810000324622
151,5.033333333333325,SEARCH,0,0,0,0,9.695951918179995,-15.78620507710877,-5.2081476695835525,2.5781179216720473,-5.233936819548168,2.5665073421700604,23.658479048021952,1892.678323841756,nan,0,5.89449999097269,40.64229999494273
152,5.066666666666658,SEARCH,0,0,0,0,9.802576908126014,-15.65810789018888,-5.15390262403164,2.6148615990417,-5.133966126715418,2.6037687997185817,23.592296583186968,1887.3837266549576,nan,0,4.37439999950584,32.8867999924114
153,5.099999999999992,SEARCH,0,0,0,0,9.898168962527839,-15.521579735901875,-5.098926187963311,2.6723465263760056,-5.095942330050051,2.64753385936792,23.557165837426826,1884.573266994146,nan,0,3.883600002154708,31.716699988464825
154,5.133333333333325,SEARCH,0,0,0,0,9.983058655983239,-15.378151991992874,-5.05079195398624,2.7512997468539324,-5.069829208390508,2.7564604818479586,23.56806319224798,1885.445055379838,nan,0,4.067900008521974,25.800999996135943
155,5.166666666666658,SEARCH,0,0,0,0,10.056597096707494,-15.228586369226067,-5.016742328990899,2.8504781497459883,-5.031015296940864,2.876743999646436,23.567754146438908,1885.4203317151128,nan,0,2.9202000005170703,33.23129999625962
156,5.199999999999991,SEARCH,0,0,0,0,10.116572649246184,-15.073084887318476,-5.003342386094021,2.9668199870147767,-4.997740681939162,2.955994884193322,23.5263721147308,1882.1097691784641,nan,0,20.882700002403,49.51040000014473
157,5.2333333333333245,SEARCH,0,0,0,0,10.162935031125848,-14.912996451370647,-5.016157861513971,3.095654317315926,-4.994439568249724,3.067924873912098,23.517217872269747,1881.3774297815796,nan,0,17.1050000062678,60.97560000489466
158,5.266666666666658,SEARCH,0,0,0,0,10.19427118004308,-14.749302152298215,-5.059470605909521,3.230964573718128,-5.073051915084597,3.2342895812411463,23.590267614625407,1887.2214091700323,nan,0,11.996700006420724,54.72590000135824
159,5.299999999999991,SEARCH,0,0,0,0,10.20969969605853,-14.58335113943195,-5.136043390569037,3.3656995968983487,-5.170495767769231,3.401219133875175,23.664217299988405,1893.1373839990722,nan,0,8.853099992848001,60.67340000299737
160,5.333333333333324,ACQUIRING,0,0,0,0,10.209387916624943,-14.416684764384785,-5.246944138769162,3.4921230057339065,-5.267032535626495,3.494563710241032,23.67134157445776,1893.7073259566207,2003.3965697941994,1,11.381999996956438,53.68350000935607
161,5.366666666666657,ACQUIRING,0,0,0,0,10.194041012833027,-14.250726184245705,-5.446733775858177,3.529657525680576,-5.436250957472357,3.515882313500733,23.663440252617306,1893.0752202093843,1993.5659956427853,0,6.416600008378737,41.29559999273624
162,5.399999999999991,ACQUIRING,0,0,0,0,10.163904399217216,-14.086806806814149,-5.735412301836081,3.478303156738356,-5.734212782556134,3.473091697570377,23.68755296373357,1895.0042370986857,1983.0036804118554,0,7.201200001873076,42.540700000245124
163,5.433333333333324,ACQUIRING,0,0,0,0,10.118584778929643,-13.926420056130784,-6.112979716702873,3.338059898907247,-6.139238249446028,3.3482850755629556,23.721978142830928,1897.7582514264743,1971.7548298990455,0,5.481599990162067,35.680900007719174
164,5.466666666666657,ACQUIRING,0,0,0,0,10.058143087463536,-13.771099163426378,-6.464353367011178,3.195218948889327,-6.466040627092815,3.2038359717408693,23.68959835614662,1895.16786849173,1959.893690277327,0,5.374500004108995,36.71670000767335
165,5.49999999999999,SEARCH,0,0,0,0,9.983280727676503,-13.62219179334385,-6.759493666971289,3.0759020146781046,-6.740470224873809,3.066504552032559,23.62618106319994,1890.0944850559952,nan,0,13.991400002851151,56.13739999535028
166,5.5333333333333234,SEARCH,0,0,0,0,9.894241915671959,-13.481302234700928,-6.965745078042511,3.045473969355771,-6.950212755542339,3.0091163371243557,23.572644269249757,1885.8115415399805,nan,0,7.073599990690127,56.97540000255685
167,5.566666666666657,SEARCH,0,0,0,0,9.79162495728192,-13.34997235375773,-7.083107600224844,3.1039348129223265,-7.112184875396526,3.111262066873145,23.594724527112394,1887.5779621689917,nan,0,4.129799999645911,34.09489999467041
168,5.59999999999999,SEARCH,0,0,0,0,9.676830657455554,-13.229141701582249,-7.111581233518288,3.251284545377771,-7.124122753982953,3.268199211975025,23.546428450010374,1883.71427600083,nan,0,4.095500000403263,34.15909998875577
169,5.633333333333323,SEARCH,0,0,0,0,9.550733685436896,-13.120158531204876,-7.065827449880822,3.3648987738455003,-7.033976782026668,3.378823744156366,23.393782024552593,1871.5025619642074,nan,0,4.3581999925663695,35.26080001029186
170,5.666666666666656,SEARCH,0,0,0,0,9.41554177577396,-13.022685840981067,-7.0868032610171845,3.4150132370785,-7.045248828085203,3.4007738531425886,23.252691363121873,1860.2153090497497,nan,0,3.7930999969830737,31.062499998370185
171,5.6999999999999895,SEARCH,0,0,0,0,9.272385700393155,-12.937338809050583,-7.154970613304625,3.4016339330549976,-7.166120393954293,3.407451780250925,23.18138611088684,1854.5108888709472,nan,0,7.306699990294874,51.77859999821521
172,5.733333333333323,SEARCH,0,0,0,0,9.122184377312008,-12.865107650106186,-7.252009269415888,3.3257523566435014,-7.267361860062803,3.3571813000823223,23.060353090324853,1844.8282472259882,nan,0,6.309000003966503,58.08899999829009
173,5.766666666666656,SEARCH,0,0,0,0,8.966443874213287,-12.805755535802355,-7.360747972922056,3.189695504580626,-7.361156659319714,3.224751875478392,22.881601933556883,1830.5281546845508,nan,0,7.305000006454065,36.96929999568965
174,5.799999999999989,SEARCH,0,0,0,0,8.806653913748304,-12.758374671390897,-7.465146742722885,2.9980701121947075,-7.447025375507055,2.981248400195478,22.62560109419378,1810.0480875355022,nan,0,4.522100003669038,34.06379999069031
175,5.833333333333322,SEARCH,0,0,0,0,8.643871366342777,-12.722602894276179,-7.5511821437785205,2.7609793768098165,-7.561728019652793,2.7569042615994865,22.410635717180938,1792.850857374475,nan,0,3.068900012294762,30.0987999944482
176,5.866666666666656,SEARCH,0,0,0,0,8.478945468547103,-12.69857736589347,-7.608546715519242,2.4888838248377687,-7.642465031838684,2.5034954083815784,22.158585089222274,1772.6868071377821,nan,0,2.8381000010995194,30.946099999709986
177,5.899999999999989,SEARCH,0,0,0,0,8.312699097436669,-12.686748508366653,-7.630102209556297,2.192139922334959,-7.6422523872708155,2.1935377995779195,21.817043738457606,1745.3634990766086,nan,0,14.248799998313189,39.43400000571273
178,5.933333333333322,SEARCH,0,0,0,0,8.146033789683685,-12.687421538366573,-7.611376219209242,1.880674711746037,-7.606419064494448,1.8608884979053955,21.442786568788033,1715.4229255030427,nan,0,11.858500001835637,65.83690000115894
179,5.966666666666655,SEARCH,0,0,0,0,7.980031129208062,-12.702284058098876,-7.550109103896291,1.563763341127754,-7.553774269746143,1.5385667844152282,21.07370263839066,1685.8962110712528,nan,0,7.391299994196743,55.712200002744794
180,5.9999999999999885,SEARCH,0,0,0,0,7.815889004392127,-12.731182858051254,-7.4458525297053395,1.249884454629788,-7.472918195780033,1.2358244466920425,20.70808824239429,1656.6470593915433,nan,0,5.367799996747635,40.6304999924032
181,6.033333333333322,SEARCH,0,0,0,0,7.654641383785304,-12.773337129797019,-7.299617867023701,0.9466343448488417,-7.33709504252216,0.9706927111049298,20.338400068429113,1627.072005474329,nan,0,4.1449999989708886,36.81200000573881
182,6.066666666666655,SEARCH,0,0,0,0,7.497191793486229,-12.827994282050234,-7.113571074492505,0.6606852031465665,-7.097778947865061,0.6428488241282619,19.86143964903292,1588.9151719226336,nan,0,3.3345999981975183,33.92129999701865
183,6.099999999999988,SEARCH,0,0,0,0,7.344372840913942,-12.894508532496939,-6.890769957781223,0.3977761683621149,-6.8664022617513085,0.3813179021100875,19.447202794755373,1555.77622358043,nan,0,11.668399994960055,40.41840000718366
184,6.133333333333321,SEARCH,0,0,0,0,7.196863157328239,-12.972088626762307,-6.634939465328767,0.16272845143873318,-6.6608916638821505,0.16681558842992616,19.096286881505943,1527.7029505204757,nan,0,5.287100007990375,49.530000003869645
185,6.1666666666666545,SEARCH,0,0,0,0,7.055194932465821,-13.059883227063859,-6.3502807547265645,-0.04052219891867634,-6.372065289870945,-0.017695897104098784,18.7187063502826,1497.496508022608,nan,0,4.6202999947126955,40.885499998694286
186,6.199999999999988,ACQUIRING,0,0,0,0,6.920472575092882,-13.158003888505045,-6.041309999853656,-0.20888088416341047,-6.017563137240234,-0.19937470840951751,18.31171314543864,1464.9370516350912,1656.6071528677273,1,4.543499991996214,34.32310000061989
187,6.233333333333321,ACQUIRING,0,0,0,0,6.792033779770265,-13.264217134542687,-5.821228133869636,-0.38341907860785496,-5.777991573132125,-0.40598120707052265,17.98165088469757,1438.5320707758053,1653.1352384587397,0,4.618099992512725,31.768300003022887
188,6.266666666666654,ACQUIRING,0,0,0,0,6.670226687460008,-13.377974815780915,-5.690035156774504,-0.5206235597035339,-5.695363477765979,-0.5424864017202918,17.82295101720863,1425.8360813766903,1650.5477255227388,0,3.547100001014769,29.422199993859977
189,6.299999999999987,ACQUIRING,0,0,0,0,6.555308394576966,-13.49868754807799,-5.6477310685682625,-0.6372339836865157,-5.652930360764105,-0.6145206907581581,17.749446445302752,1419.9557156242201,1648.8378924687404,0,5.322800003341399,37.46930000488646
190,6.333333333333321,ACQUIRING,0,0,0,0,6.447347838139997,-13.625661151758433,-5.694315869250909,-0.7357809270282337,-5.680390500464826,-0.7179840963851194,17.711300465394288,1416.904037231543,1647.980081811335,0,5.007600004319102,53.66269999649376
191,6.366666666666654,SEARCH,0,0,0,0,6.34700612565859,-13.758737515227217,-5.829789558822445,-0.819093692710137,-5.796377657505196,-0.8358739192461448,17.733081323490794,1418.6465058792637,nan,0,4.454900001292117,45.264300002600066
192,6.399999999999987,SEARCH,0,0,0,0,6.253876390064459,-13.896957015030774,-5.876374359505092,-0.8282110413005284,-5.8775234119382915,-0.8288083016275407,17.831078821867592,1426.4863057494072,nan,0,4.112799986614846,36.029000009875745
193,6.43333333333332,SEARCH,0,0,0,0,6.169137253317522,-14.04047376137475,-5.83407027129885,-0.822961559315694,-5.882111262530284,-0.8016104114226891,17.902516403830717,1432.201312306457,nan,0,4.838599998038262,37.6131999946665
194,6.4666666666666535,SEARCH,0,0,0,0,6.09334813247809,-14.188911583172848,-5.702877294203718,-0.7975566218689878,-5.720865620552425,-0.799766028172946,17.856227633385192,1428.4982106708155,nan,0,8.892199999536388,35.572399996453896
195,6.499999999999987,SEARCH,0,0,0,0,6.025805919978107,-14.3412789921171,-5.482795428219698,-0.747792012034943,-5.4722573813611675,-0.7725029344883867,17.785306952191835,1422.8245561753467,nan,0,9.883499995339662,48.071400000480935
196,6.53333333333332,SEARCH,0,0,0,0,5.964637278748803,-14.496315036661388,-5.17382467334679,-0.6707914169902545,-5.180522141030073,-0.6840829984161091,17.748023336997704,1419.8418669598163,nan,0,5.755899997893721,49.56160001165699
197,6.566666666666653,SEARCH,0,0,0,0,5.909381399282734,-14.653555507158677,-4.775965029584992,-0.5647902982449096,-4.771440368497427,-0.5729397330414403,17.673247981438095,1413.8598385150476,nan,0,6.028799994965084,46.74859999795444
198,6.599999999999986,SEARCH,0,0,0,0,5.8602419523773515,-14.812813450557462,-4.289216496934305,-0.4289530339264885,-4.313242373394463,-0.3992766009168373,17.64227388526414,1411.381910821131,nan,0,13.062099998933263,47.863200001302175
199,6.6333333333333195,SEARCH,0,0,0,0,5.816915690568713,-14.973750123865528,-3.8109593241367508,-0.2632175837978957,-3.7863453818377817,-0.2550620872661313,17.574481521328934,1405.9585217063147,nan,0,13.875299991923384,58.90170000202488
200,6.666666666666653,SEARCH,0,0,0,0,5.779424468672279,-15.136145277914196,-3.3751069089716763,-0.06816301511178002,-3.325523313379861,-0.08846141520937872,17.587861261273446,1407.0289009018757,nan,0,10.534999993979,58.58329999318812
201,6.699999999999986,SEARCH,0,0,0,0,5.747546769369586,-15.299734978277467,-2.979196767778379,0.15510389809436076,-2.995770750106955,0.13205058313781443,17.736561303135694,1418.9249042508557,nan,0,24.611999993794598,81.28560001205187
202,6.733333333333319,SEARCH,0,0,0,0,5.720554619496706,-15.464201393156062,-2.6215647800281507,0.4050460860358134,-2.6605325678414067,0.4177259054227295,17.957679058249852,1436.6143246599881,nan,0,9.096200010390021,73.65089999802876
203,6.766666666666652,SEARCH,0,0,0,0,5.699025526080289,-15.629471704810772,-2.301118177536293,0.6797801218372042,-2.290470165238652,0.6981884538833033,18.17758310830705,1454.206648664564,nan,0,7.6659000042127445,54.71969999780413
204,6.799999999999986,SEARCH,0,0,0,0,5.683084771432549,-15.79537429707213,-2.0171572874714685,0.9771487486677577,-2.0061734350332605,0.95246207953204,18.428638448436924,1474.291075874954,nan,0,9.954400011338294,57.14579999039415
205,6.833333333333319,ACQUIRING,0,0,0,0,5.671486080511054,-15.961636885006653,-1.7692364176843214,1.2947836881292376,-1.78651955281162,1.2498746955378264,18.757877782784742,1500.6302226227795,1470.2779402348035,1,8.880599998519756,55.45719999645371
206,6.866666666666652,ACQUIRING,0,0,0,0,5.663242717869789,-16.128099567762106,-1.4324266590082853,1.5235297387018287,-1.4474793387298395,1.515507855734409,19.02259843135721,1521.8078745085768,1496.302827342698,1,8.092400006717071,46.770399989327416
207,6.899999999999985,ACQUIRING,0,0,0,0,5.638421999342159,-16.29290766741,-1.0067280114433603,1.8411646781633086,-1.0263700795366848,1.8532932445118928,19.33142677068925,1546.51414165514,1528.0343207740243,20,22.13830000255257,48.282699994160794
208,6.9333333333333185,ACQUIRING,0,0,0,0,5.597271925343055,-16.454414475896968,-0.4921404749895465,2.245321273120911,-0.4773936416630658,2.2138125936561854,19.631715759743642,1570.5372607794916,1558.2544749900133,47,39.30400000535883,69.59840000490658
209,6.966666666666652,ACQUIRING,0,0,0,0,5.540203653809468,-16.61100627057966,0.11133595035315613,2.622273480966695,0.12647831007477806,2.5920613683481837,19.951597150169032,1596.1277720135229,1588.8738522842523,52,50.59149999578949,49.74200000287965
210,6.999999999999985,ACQUIRING,0,0,0,0,5.4677873920463,-16.761118438007976,0.8037012645847477,2.9837161855356182,0.7803229289324377,2.9972668937271356,20.30679969887625,1624.5439759101,1619.8056385755963,0,14.363800000865012,63.7531999964267
211,7.033333333333318,ACQUIRING,0,0,0,0,5.3807466994034545,-16.903251107025454,1.5849554677052282,3.331600936047871,1.5686401070909808,3.3702041508109737,20.62874559353156,1650.2996474825247,1650.9639468110597,0,9.203299996443093,50.02930000773631
212,7.066666666666651,SEARCH,0,0,0,0,5.279951257709992,-17.035984134986084,2.4182888010385617,3.668048722447716,2.4360561113564367,3.664995046398606,20.895412861955506,1671.6330289564407,nan,0,9.669999999459833,57.36310000065714
213,7.0999999999999845,SEARCH,0,0,0,0,5.166408181700769,-17.15799129735019,3.162733245483006,3.915607619958672,3.164193446779969,3.8947186163256586,21.147705751549488,1691.816460123959,nan,0,10.193199996137992,68.52309999521822
214,7.133333333333318,SEARCH,0,0,0,0,5.04125195625892,-17.268053538881638,3.8182888010385616,4.074277628580739,3.7795250004082446,4.089210009783707,21.394500723276288,1711.5600578621031,nan,0,10.693100004573353,60.01570000080392
215,7.166666666666651,SEARCH,0,0,0,0,4.905733101017912,-17.365071154044784,4.384955467705228,4.144058748313917,4.339091455032061,4.158344298754974,21.53087307818206,1722.4698462545648,nan,0,8.824599994113669,61.54330000572372
216,7.199999999999984,SEARCH,0,0,0,0,4.761205675582735,-17.44807477489868,4.862733245483006,4.1565136528248505,4.863517925094838,4.139973008213426,21.588290226007516,1727.0632180806012,nan,0,7.307200008654036,52.8924999962328
217,7.233333333333317,SEARCH,0,0,0,0,4.609113750213922,-17.5162350567011,5.251622134371894,4.247924390513695,5.260449685506847,4.229876943052288,21.75586416593058,1740.4691332744464,nan,0,8.234599998104386,49.76100000203587
218,7.266666666666651,SEARCH,0,0,0,0,4.450976977154852,-17.56887096444707,5.551622134371894,4.401176187908408,5.536754150143633,4.3905179679184565,21.98621555321154,1758.8972442569232,nan,0,10.670999996364117,46.67409999819938
219,7.299999999999984,SEARCH,0,0,0,0,4.288375406768864,-17.605456577545507,5.762733245483005,4.602083655845659,5.733269826428827,4.624553081962509,22.276917411208046,1782.1533928966437,nan,0,9.057999996002764,40.85660001146607
220,7.333333333333317,SEARCH,0,0,0,0,4.122933700198323,-17.62562634464393,5.884955467705227,4.838834510243588,5.889485966086278,4.853473938352193,22.548406960162623,1803.8725568130096,nan,0,6.871400008094497,43.951599989668466
221,7.36666666666665,SEARCH,0,0,0,0,3.956304896287523,-17.62917873609673,5.91828880103856,5.101545626360901,5.941155252317808,5.089567341867138,22.80528566562656,1824.4228532501247,nan,0,10.373099998105317,43.52330000256188
222,7.3999999999999835,SEARCH,0,0,0,0,3.790153894964982,-17.616078257582775,5.862733245483005,5.381908690019586,5.87280216481142,5.372484710183223,23.08270892115647,1846.6167136925178,nan,0,7.845300002372824,48.09309999109246
223,7.433333333333317,SEARCH,0,0,0,0,3.626140822113695,-17.586455804752934,5.71828880103856,5.672907279197821,5.680563521714391,5.674398738429994,23.35140267109769,1868.1122136878153,nan,0,9.96020001184661,40.30670000065584
224,7.46666666666665,SEARCH,0,0,0,0,3.4659044421420786,-17.540607355364,5.484955467705227,5.968590864008217,5.494860127368952,5.978401048675953,23.606363919119698,1888.5091135295759,nan,0,10.205900005530566,46.21219998807646
225,7.499999999999983,SEARCH,0,0,0,0,3.3110457839917045,-17.478991011966784,5.162733245483005,6.26389413549811,5.203979926464346,6.247078917663594,23.801462013360638,1904.116961068851,nan,0,10.858499997993931,39.55119999591261
226,7.533333333333316,SEARCH,0,0,0,0,3.1631121441853445,-17.40222242469686,4.751622134371893,6.554492410445852,4.755904873880156,6.524647366764599,23.979826661119123,1918.3861328895298,nan,0,12.774000002536923,40.88870000850875
227,7.5666666666666496,SEARCH,0,0,0,0,3.0227876778867215,-17.3122956659663,4.251622134371893,6.836685727578088,4.221508876731121,6.839693021011725,24.181718095463637,1934.537447637091,nan,0,23.10590000706725,75.37639999645762
228,7.599999999999983,SEARCH,0,0,0,0,2.890381593978038,-17.21107112980167,3.662733245483005,7.107305744152943,3.648612542934472,7.138987820808758,24.361861280907057,1948.9489024725647,nan,0,16.939600012847222,59.00689998816233
229,7.633333333333316,SEARCH,0,0,0,0,2.765951239256895,-17.100188919317986,2.9849554677052272,7.363640735643691,2.9985368985835694,7.374334459852917,24.47562850523981,1958.050280419185,nan,0,19.504900003084913,76.28030001069419
230,7.666666666666649,SEARCH,0,0,0,0,2.649372993820653,-16.981078506386183,2.2182888010385606,7.603374955314559,2.245341136882231,7.585673957771321,24.570074651425255,1965.6059721140205,nan,0,25.33689999836497,80.90549999906216
231,7.699999999999982,SEARCH,0,0,0,0,2.5403973864265725,-16.854974998223764,1.3849554677052272,7.824539372800461,1.356359593247228,7.825715515696709,24.709075857660096,1976.7260686128077,nan,0,13.394699999480508,128.79679999605287
232,7.733333333333316,SEARCH,0,0,0,0,2.4386912656907915,-16.722938477583995,0.5516221343718938,8.025471419779462,0.5229495162733959,8.0274202257385,24.824389668098437,1985.9511734478747,nan,0,8.39339999947697,80.52730000053998
233,7.766666666666649,SEARCH,0,0,0,0,2.343869586486383,-16.585874160817617,-0.2817111989614396,8.204781857173598,-0.2803368148173434,8.203902613572431,24.928286980070087,1994.262958405607,nan,0,4.5559999998658895,46.20120000618044
234,7.799999999999982,ACQUIRING,0,0,0,0,2.255519006078642,-16.444552001481608,-1.1150445322947728,8.36132726659848,-1.107235333775583,8.366980591953808,25.03837587355291,2003.0700698842327,1949.5326042115883,40,18.035200002486818,39.941900002304465
235,7.833333333333315,ACQUIRING,0,0,0,0,2.17321510945383,-16.299624963361904,-1.8594889767392173,8.428983787134472,-1.8713998313028357,8.426233880188162,25.054480748364252,2004.3584598691402,1938.1172093041496,60,29.848099991795607,38.80000000935979
236,7.8666666666666485,ACQUIRING,0,0,0,0,2.0965347370250615,-16.151645578777554,-2.5150445322947728,8.407751418781576,-2.5635783909373524,8.41058333985224,25.00039487321313,2000.0315898570502,1926.4680909984402,62,59.375299999373965,50.92049999802839
237,7.899999999999982,ACQUIRING,0,0,0,0,2.0250645868200126,-16.0010806578715,-3.081711198961439,8.32623967954185,-3.096681382959667,8.316068076702113,24.850674122814645,1988.0539298251715,1914.6196622807036,1,8.813100008410402,59.46150000090711
238,7.933333333333315,ACQUIRING,0,0,0,0,1.958407011208042,-15.848324167366803,-3.559488976739217,8.261099917497571,-3.5299485944248215,8.258029181711414,24.72323439690884,1977.8587517527071,1902.6010692444593,1,6.4359999960288405,46.22800000652205
239,7.966666666666648,SEARCH,0,0,0,0,1.896629380212511,-15.693529780884742,-3.948377865628106,8.20580709113541,-3.9413282161914793,8.20069835449006,24.597070701259284,1967.7656561007427,nan,1,5.628200000501238,34.923600003821775
240,7.999999999999981,ACQUIRING,0,0,0,0,1.8398637270747338,-15.536828031048884,-4.371437244622369,8.239403153662138,-4.397273413667696,8.246835145610797,24.587893643279536,1967.0314914623627,2034.4328738475626,2,5.069199993158691,31.918200009386055
241,8.033333333333315,ACQUIRING,0,0,0,0,1.7890962431612003,-15.378081565403608,-4.705607734727742,8.361888105077755,-4.713717820840059,8.374672606836022,24.626813060520433,1970.1450448416347,2021.4281044258105,1,4.620199993951246,30.18750000046566
242,8.066666666666649,ACQUIRING,0,0,0,0,1.74551777292696,-15.217213001943183,-4.950889335944227,8.57326194538226,-4.947608534709302,8.563670022101624,24.704824168029916,1976.3859334423933,1978.7911414300045,1,14.054700004635379,40.00670000095852
243,8.099999999999982,ACQUIRING,0,0,0,0,1.7092830214860233,-15.054532884639956,-5.1072820482718235,8.695746896797877,-5.100262280939128,8.685096593857532,24.696961655275075,1975.756932422006,1951.2526912491426,0,9.224599998560734,64.96240000706166
244,8.133333333333315,ACQUIRING,0,0,0,0,1.681017986722392,-14.890280439947073,-5.17478587171053,8.729342959324605,-5.207568717535926,8.726819270826859,24.601220000860174,1968.0976000688138,1923.961248778812,0,7.185599999502301,47.64520000026096
245,8.166666666666648,ACQUIRING,0,0,0,0,1.6599843542949084,-14.724946341574466,-5.153400806260349,8.674050132962444,-5.184827436740527,8.681318198739618,24.38656737193372,1950.9253897546973,1896.9845536026544,0,9.831499992287718,48.92939999990631
246,8.199999999999982,ACQUIRING,0,0,0,0,1.644607971391156,-14.558990490136274,-5.043126851921278,8.529868417711395,-5.028773560015268,8.544209319847399,24.047699734563924,1923.8159787651139,1870.3762760322286,0,4.8039000103017315,32.24899999622721
247,8.233333333333315,SEARCH,0,0,0,0,1.6348779159411544,-14.39260808782546,-4.848926515606058,8.31345416015362,-4.815969344362538,8.287423128117137,23.5795938542609,1886.3675083408718,nan,1,5.053400003816932,44.53129999455996
248,8.266666666666648,ACQUIRING,0,0,0,0,1.6312910369099713,-14.22598002273259,-4.743615068179727,8.185928791484734,-4.764279261330463,8.186083819156593,23.306735616397503,1864.5388493118003,1866.2970389780344,1,4.981799997040071,30.28930000436958
249,8.299999999999981,ACQUIRING,0,0,0,0,1.6333348934541363,-14.059325888585835,-4.549414731864506,8.147292311704737,-4.583893528429254,8.169352177789964,23.081768949290936,1846.541515943275,1853.0524373634885,0,6.08789999387227,33.55960000772029
250,8.333333333333314,ACQUIRING,0,0,0,0,1.6397805174411262,-13.892783906763846,-4.266325506660397,8.197544720813628,-4.276390829107763,8.222628748959245,22.893067953741873,1831.44543629935,1837.1894510552327,1,12.161899998318404,45.15520000131801
251,8.366666666666648,ACQUIRING,0,0,0,0,1.6494011781642646,-13.726395143125709,-3.8943473925673993,8.33501609570351,-3.8897915278756323,8.324443900067909,22.735922201298052,1818.8737761038442,1822.9362658223336,1,14.693300006911159,62.97210000047926
252,8.39999999999998,ACQUIRING,0,0,0,0,1.6615872596313055,-13.560174575215909,-3.4334803895855126,8.44625518346682,-3.445234863245723,8.414515707738618,22.560289121074717,1804.8231296859776,1808.8729033885256,1,7.345700010773726,39.01459999906365
253,8.433333333333314,ACQUIRING,0,0,0,0,1.6760297113445612,-13.39413484091629,-2.883724497714737,8.54153792309714,-2.930776664472285,8.542437516300868,22.415081346443753,1793.2065077155003,1794.9969819165321,1,5.414400002337061,37.42670000065118
254,8.466666666666647,ACQUIRING,0,0,0,0,1.6927392390671383,-13.22830791469179,-2.2450797169550722,8.622960183114248,-2.2632584608859645,8.624969824184287,22.20845932824902,1776.6767462599216,1781.3097339880183,80,24.972799990791827,33.81730000546668
255,8.49999999999998,SEARCH,0,0,0,0,1.7120254228569456,-13.06276087940392,-1.5281702754075437,8.6926852244081,-1.4932377076981695,8.681245682730212,21.97897934641707,1758.3183477133657,nan,90,38.688600005116314,28.3035999891581
256,8.533333333333314,ACQUIRING,0,0,0,0,1.7347939855435628,-12.897656759737076,-0.9001497227489039,8.758199062261706,-0.8934327172336539,8.720137858667552,21.776974531938897,1742.157962555112,1643.4975456240527,48,24.069799997960217,59.471700005815364
257,8.566666666666647,ACQUIRING,0,0,0,0,1.7607958857839248,-12.733030884001614,-0.24176214323236456,8.734824011226424,-0.27395892877503136,8.734165929976777,21.56341267530385,1725.0730140243081,1630.2225749258591,0,5.89159999799449,50.51059999095742
258,8.59999999999998,ACQUIRING,0,0,0,0,1.7898711546484953,-12.56891992605477,0.3277365473952859,8.622560071302251,0.2985636373215805,8.645915016457263,21.267186455882342,1701.3749164705873,1616.9744893237203,0,6.3163000013446435,41.49590000452008
259,8.633333333333313,ACQUIRING,0,0,0,0,1.8228390122332827,-12.405546433271985,0.8083463491340475,8.456703547311822,0.833265503454664,8.487104203909814,20.916072919566172,1673.2858335652938,1603.767813455501,0,5.841899997903965,32.34609999344684
260,8.666666666666647,ACQUIRING,0,0,0,0,1.859765140856158,-12.24302185419945,1.20006726198392,8.320696096900676,1.2262069341476558,8.32797190316978,20.58074780388243,1646.4598243105945,1590.6122626179356,0,4.4212000066181645,32.98989999166224
261,8.69999999999998,SEARCH,0,0,0,0,1.8997215664916276,-12.08121560639605,1.502899285944904,8.205466351284661,1.4962501110673172,8.198213267733395,20.283442130866675,1622.675370469334,nan,0,5.9624999994412065,29.153700001188554
262,8.733333333333313,SEARCH,0,0,0,0,1.942842089914263,-11.920223686606466,1.716842421016999,8.179125494557535,1.6766828829098803,8.201163226362356,20.123147169984776,1609.851773598782,nan,0,4.336600002716295,32.44589999667369
263,8.766666666666646,SEARCH,0,0,0,0,1.9899985698045533,-11.760367363046418,1.841896667200205,8.241673526719298,1.8461704147301146,8.23801288580485,19.998897447505367,1599.9117958004294,nan,0,11.58229999418836,39.97399999934714
264,8.79999999999998,SEARCH,0,0,0,0,2.039707549057021,-11.601286266873883,1.8780620244945223,8.355950323763468,1.8941801052387983,8.323165388008215,19.92498311127611,1593.9986489020887,nan,0,5.353699991246685,50.22330000065267
265,8.833333333333313,SEARCH,0,0,0,0,2.0922114148095594,-11.44310560478519,1.8253384928999505,8.423343972497507,1.822112340063881,8.414416619318136,19.859359062944,1588.74872503552,nan,0,4.245900010573678,41.46079999918584
266,8.866666666666646,SEARCH,0,0,0,0,2.1474053075342314,-11.285843365249836,1.68372607241649,8.448348069388809,1.681089792795104,8.471884307714959,19.763229821016736,1581.058385681339,nan,0,8.133600000292063,38.533000013558194
267,8.899999999999979,SEARCH,0,0,0,0,2.2042335612863706,-11.129164306811063,1.4532247630441406,8.434717359649257,1.452120461546127,8.438509588703502,19.582122862345724,1566.5698289876577,nan,0,9.270299997297116,39.92819999984931
268,8.933333333333312,SEARCH,0,0,0,0,2.261548250842707,-10.972662536409452,1.1338345647829025,8.385630594133685,1.151876784491008,8.380810735614157,19.385259824262537,1550.8207859410031,nan,0,5.068300000857562,48.712000003433786
269,8.966666666666645,SEARCH,0,0,0,0,2.3175683048167035,-10.815692694304262,0.7255554776327753,8.303819557145012,0.724233618354768,8.319979165152706,19.20189191032738,1536.1513528261905,nan,0,8.824799995636567,41.18369999923743
270,8.999999999999979,SEARCH,0,0,0,0,2.373974867213015,-10.658861327873918,0.22838750159375926,8.191671043131715,0.18855767005686147,8.208360889990937,18.993370489302816,1519.4696391442253,nan,0,7.558600002084859,34.132400003727525
271,9.033333333333312,SEARCH,0,0,0,0,2.4316392515452954,-10.502488067508352,-0.3576693633341456,8.051307208590849,-0.3758449406809798,8.05725310808428,18.770880639825855,1501.6704511860685,nan,0,5.958099995041266,54.94800000451505
272,9.066666666666645,ACQUIRING,0,0,0,0,2.489716502592029,-10.34626767611007,-1.0326151171509395,7.884648643781265,-1.0213443687810444,7.869862567020111,18.551413678670666,1484.1130942936531,1433.3177258846072,2,5.9385000058682635,47.130599996307865
273,9.099999999999978,ACQUIRING,0,0,0,0,2.5485386780987165,-10.190326246571804,-1.6186719820788444,7.80687896786057,-1.6230576268149242,7.768143092414438,18.43661673763595,1474.929339010876,1442.590767682204,7,7.329500003834255,34.188799996627495
274,9.133333333333312,ACQUIRING,0,0,0,0,2.6072656106717025,-10.034348923962568,-2.1158399581178604,7.817998180828764,-2.1446767568485514,7.7982957527450205,18.454922715360837,1476.3938172288672,1457.9037707699101,6,6.9560999982059,32.82730000501033
275,9.166666666666645,ACQUIRING,0,0,0,0,2.664820665406685,-9.877935390493654,-2.5241190452679874,7.918006282685846,-2.5425322486772437,7.9350613324543895,18.558539183448037,1484.683134675843,1473.7612654736038,41,21.339099999750033,29.775400005746633
276,9.199999999999978,ACQUIRING,0,0,0,0,2.7210859263560176,-9.721053274916125,-2.8435092435292257,8.106903273431818,-2.829942705337949,8.115917452099579,18.68077738174462,1494.4621905395695,1489.9053685410083,2,11.739300010958686,49.267099995631725
277,9.233333333333311,ACQUIRING,0,0,0,0,2.7751644273598246,-9.563404001188147,-3.074010552901575,8.38468915306668,-3.061108321344424,8.376912987150252,18.865764051300207,1509.2611241040165,1506.9616736001728,1,6.243100011488423,41.04949999600649
278,9.266666666666644,ACQUIRING,0,0,0,0,2.828739472329494,-9.405582924223516,-3.2156229733850354,8.751363921590428,-3.229177607242474,8.752821467928134,19.142257166068013,1531.380573285441,1524.950694540369,2,4.994500006432645,36.04249999625608
279,9.299999999999978,ACQUIRING,0,0,0,0,2.8821162647347287,-9.247694685870224,-3.268346504979607,9.188377228642123,-3.293920135430862,9.21637153432686,19.469595963963744,1557.5676771170995,1543.8487001997619,1,5.642700009047985,33.00759999547154
280,9.33333333333331,SEARCH,0,0,0,0,2.935432881855072,-9.089786117019067,-3.23218114768529,9.602609863813251,-3.221831784446066,9.61522607728371,19.69236881027511,1575.389504822009,nan,1,4.537699991487898,28.959500006749295
281,9.366666666666644,ACQUIRING,0,0,0,0,2.988957762643974,-8.931948019861531,-3.2849046792798617,9.927953610095491,-3.263364897050144,9.924270165044765,19.865762076439843,1589.2609661151873,1582.9473970725007,1,14.569599996320903,35.27030000986997
282,9.399999999999977,ACQUIRING,0,0,0,0,3.0437004248271378,-8.774528139557683,-3.2487393219855445,10.164408467488842,-3.2544859736587517,10.151256086067544,19.94623925618555,1595.6991404948437,1589.1461513294742,1,8.663200002047233,61.01069999567699
283,9.43333333333331,ACQUIRING,0,0,0,0,3.098832486048249,-8.617244212841412,-3.1236850758023382,10.489752213771082,-3.151461131958998,10.489992910538836,20.103548960329924,1608.283916826394,1600.9566067020492,1,6.557300002896227,44.800000003306195
284,9.466666666666644,ACQUIRING,0,0,0,0,3.153784106351163,-8.459897153117176,-2.9097419407302434,10.901568943732645,-2.913921207112609,10.944633992903409,20.331081544470756,1626.4865235576606,1610.588077068153,1,5.3386000072350726,35.15109998988919
285,9.499999999999977,ACQUIRING,0,0,0,0,3.208827499137446,-8.30258217389284,-2.6069099167692595,11.286179784071775,-2.5863553750921624,11.290745622858706,20.432391898569314,1634.591351885545,1620.2295926579213,19,11.055800001486205,31.086999995750375
286,9.53333333333331,ACQUIRING,0,0,0,0,3.2640897309299803,-8.145343935810986,-2.2151890039193867,11.655282426882064,-2.204444208326637,11.63597349193729,20.523288786696426,1641.863102935714,1629.8856295900805,33,32.864300010260195,41.79979999025818
287,9.566666666666643,ACQUIRING,0,0,0,0,3.3202826038690936,-7.988435877354365,-1.734579202180625,12.010828066794387,-1.7568399515304443,12.014083778987063,20.636810946579704,1650.9448757263765,1639.5821028712573,33,24.12279999407474,55.19730001105927
288,9.599999999999977,SEARCH,0,0,0,0,3.378351543985755,-7.832212396495995,-1.1732971448168934,12.354937555875887,-1.1912435458206474,12.36972499635431,20.712302472429908,1656.984197794393,nan,28,14.293600004748441,39.65550000430085
289,9.63333333333331,ACQUIRING,0,0,0,0,3.4391172498827456,-7.677017980473323,-0.7009039763420508,12.610158156068499,-0.7039976478953299,12.611788989278605,20.70751287122732,1656.6010296981856,1444.111127430036,33,12.891599995782599,39.27730000577867
290,9.666666666666643,ACQUIRING,0,0,0,0,3.5018754502615215,-7.522618543741853,-0.13962191897831933,12.776489867372222,-0.12165358863179707,12.754031026915136,20.597875630921926,1647.8300504737542,1423.1750600202868,30,19.867900002282113,35.61049999552779
291,9.699999999999976,ACQUIRING,0,0,0,0,3.566760852094048,-7.369100914764561,0.5105490272743011,12.853932689787054,0.49554740772853156,12.856630904830096,20.457580004952085,1636.6064003961667,1402.5422826904346,29,17.989400002988987,61.40410000807606
292,9.73333333333331,ACQUIRING,0,0,0,0,3.6337680143221185,-7.216497448264226,1.2206375308087227,12.842486623312999,1.173883264054705,12.849737534917258,20.216449227914744,1617.3159382331794,1382.101299884639,0,5.799200007459149,44.31589999876451
293,9.766666666666643,ACQUIRING,0,0,0,0,3.702551138764346,-7.064686185277112,1.8487336515809254,12.742151667950054,1.86655460011332,12.743916513155584,19.8935070853355,1591.4805668268398,1361.8432957685495,0,4.664699998102151,34.421399992424995
294,9.799999999999976,ACQUIRING,0,0,0,0,3.771625400717691,-6.913007168556345,2.415375875260333,12.552927823698221,2.4386231597021397,12.510076160461882,19.46877142966495,1557.501714373196,1341.7197406702787,0,4.184700010227971,31.31169998960104
295,9.833333333333309,SEARCH,0,0,0,0,3.8408340449487,-6.761389421107429,2.9295913263397346,12.2748150905575,2.9359746501106407,12.258004230539726,19.040906107660497,1523.2724886128399,nan,0,4.691299996920861,32.666300001437776
296,9.866666666666642,SEARCH,0,0,0,0,3.9099014976083555,-6.609707303635118,3.354917888530247,11.90781346852789,3.3235868881472928,11.929211165244027,18.54818758846847,1483.8550070774775,nan,0,15.737800000351854,60.60649998835288
297,9.899999999999975,SEARCH,0,0,0,0,3.9793375615777773,-6.458193572250098,3.6913555618318705,11.451922957609389,3.6866059355572958,11.477796602233907,17.938378838235614,1435.0703070588493,nan,0,7.845400003134273,49.70449999382254
298,9.933333333333309,SEARCH,0,0,0,0,4.048901855180516,-6.306738671922212,3.9389043462446054,10.907143557802,3.9792537767452334,10.91025244983185,17.217131995236254,1377.3705596189004,nan,0,7.909100007964298,45.96629999286961
299,9.966666666666642,SEARCH,0,0,0,0,4.119241570525864,-6.155642337675106,4.097564241768452,10.273475269105722,4.106844249471309,10.247797665145756,16.40344468761708,1312.2755750093663,nan,0,5.25519999791868,39.01920000498649
300,9.999999999999975,SEARCH,0,0,0,0,4.189931302869127,-6.004709440270281,4.1673352484034085,9.550918091520556,4.1657377310218076,9.564042494832671,15.568770733288183,1245.5016586630545,nan,0,5.055800007539801,39.41879999183584
301,10.033333333333308,SEARCH,0,0,0,0,4.261942820708629,-5.854402690334595,4.148217366149477,8.739472025046501,4.1517800840235815,8.764469602038194,14.619287360513123,1169.54298884105,nan,0,7.903900012024678,44.60489998746198
302,10.066666666666642,SEARCH,0,0,0,0,4.33364674503264,-5.703948959858032,4.040210595006656,7.906138691713168,4.07083212882205,7.917578304390569,13.624062409324244,1089.9249927459396,nan,0,6.326899994746782,51.74750000878703
303,10.099999999999975,SEARCH,0,0,0,0,4.407041525491224,-5.5543127878299625,3.843314934974946,7.074095083371294,3.8535218356803833,7.055777171436443,12.622232481926472,1009.7785985541177,nan,0,4.075899996678345,44.93669999646954
304,10.133333333333308,SEARCH,0,0,0,0,4.482139809188002,-5.4055242615129915,3.5575303860543475,6.329625910678689,3.5310594751247444,6.325321258591995,11.769336872500892,941.5469498000714,nan,0,8.010099991224706,28.806500005885027
305,10.166666666666641,SEARCH,0,0,0,0,4.5585871747311435,-5.257424369280447,3.18285694824486,5.654557450564856,3.162575362433022,5.685218640914173,11.031331969831978,882.5065575865583,nan,0,5.841400008648634,59.26840000029188
306,10.199999999999974,SEARCH,0,0,0,0,4.6367734281641315,-5.110235077713805,2.7192946215464837,5.034608847701926,2.7147701188870568,5.039156598369714,10.329774833723405,826.3819866978724,nan,0,10.184600003412925,60.493099997984245
307,10.233333333333308,SEARCH,0,0,0,0,4.717263007530262,-4.964292604830681,2.1668434059592183,4.458610083110866,2.1907613409058326,4.432495825077277,9.730510956157856,778.4408764926285,nan,0,10.732199996709824,61.58740000682883
308,10.26666666666664,SEARCH,0,0,0,0,4.800248259864146,-4.819754631713374,1.5255033014830643,3.9178756654895923,1.5186750545418624,3.902864360637688,9.319485221170353,745.5588176936282,nan,0,12.862899995525368,54.502400002093054
309,10.299999999999974,ACQUIRING,0,0,0,0,4.884903028911446,-4.6761881040848,0.7952743081180214,3.4057029414394906,0.7574047692025241,3.415519084772386,9.083609806354698,726.6887845083759,876.6184736248666,1,12.02319998992607,49.09250000491738
310,10.333333333333307,ACQUIRING,0,0,0,0,4.971466928875943,-4.533764549148426,0.15393420364186727,2.982419106278278,0.19356581519788324,2.992318655887041,8.91460977615975,713.16878209278,865.314131994895,32,14.45300001068972,40.13619999750517
311,10.36666666666664,ACQUIRING,0,0,0,0,5.06097827981923,-4.393174735043401,-0.3985170119453979,2.648024160005954,-0.3694375774169331,2.6261378952458267,8.874692455756417,709.9753964605134,854.2209492721838,36,14.786900006583892,32.77560000424273
312,10.399999999999974,ACQUIRING,0,0,0,0,5.1531555175988215,-4.254318209762439,-0.8620793386437742,2.4025181026225195,-0.8650072312402711,2.375284553291515,8.953765446302864,716.3012357042292,843.3385855452389,28,20.49559999431949,45.043900012387894
313,10.433333333333307,ACQUIRING,0,0,0,0,5.24702455835709,-4.116599725291761,-1.2367527764532618,2.2459009341279734,-1.2534417816250174,2.2470094898088426,9.09678981178271,727.7431849426167,832.6244167498588,8,12.922399997478351,50.87979999370873
314,10.46666666666664,SEARCH,0,0,0,0,5.343489451722517,-3.980686877754177,-1.5225373253738603,2.1781726545223163,-1.525783958753905,2.184743392572798,9.230354684742213,738.4283747793771,nan,1,6.280100002186373,43.00180000427645
315,10.499999999999973,ACQUIRING,0,0,0,0,5.443419182443868,-3.847300871382683,-1.897210763183348,2.0215554860277702,-1.8787749398269002,2.0098853910905876,9.376628268067481,750.1302614453984,596.9074465270169,1,13.724300006288104,44.58439999143593
316,10.533333333333307,ACQUIRING,0,0,0,0,5.546309386794415,-3.7161849546277734,-2.1829953121039463,1.9538272064221132,-2.1556447621131194,1.9465973259298122,9.559665311550972,764.7732249240778,591.3696068761512,0,7.146499992813915,48.13000001013279
317,10.56666666666664,ACQUIRING,0,0,0,0,5.652082347307539,-3.5873833296300006,-2.379890972135656,1.9749878157053449,-2.402877258418561,1.9602616271104378,9.78052855503867,782.4422844030935,602.8858985733067,1,6.74129999242723,50.71009999664966
318,10.599999999999973,ACQUIRING,0,0,0,0,5.759791693623112,-3.4601965595080664,-2.487897743278477,2.0821333972889184,-2.5000187879556277,2.108906560459741,9.961896343188538,796.951707455083,608.4235327728651,1,4.418000011355616,33.07409999251831
319,10.633333333333306,ACQUIRING,0,0,0,0,5.868595221086473,-3.3339445488733546,-2.5070156255324085,2.1647936999954323,-2.5056128802224626,2.188147773209448,10.03099521172421,802.4796169379368,615.5186603504737,1,11.655899987090379,37.02790000534151
320,10.66666666666664,ACQUIRING,0,0,0,0,5.978217076125754,-3.208402417795677,-2.4372446188974517,2.231352058604067,-2.4230247424425673,2.2189171327068373,10.0018329118881,800.146632951048,624.097575687582,1,9.294699993915856,50.56909999984782
321,10.699999999999973,ACQUIRING,0,0,0,0,6.087838109126363,-3.0828595689286185,-2.278584723373606,2.2840231222647556,-2.303992562995588,2.3056837884273462,9.972924422839665,797.8339538271732,624.0817411524904,2,10.446500004036352,48.9227999933064
322,10.733333333333306,ACQUIRING,0,0,0,0,6.196070504805821,-2.9561176015174135,-2.047050677441782,2.2478052970365554,-2.070251267500285,2.28180684202901,9.786108936630692,782.8887149304553,633.3207112642674,1,8.387599998968653,32.09900000365451
323,10.766666666666639,ACQUIRING,0,0,0,0,6.303085399968575,-2.8283459693329474,-1.8965194579179905,2.203561492854203,-1.895189801428678,2.216307584293169,9.626019205983217,770.0815364786574,643.9372764179461,2,15.397800001665018,51.923699997132644
324,10.799999999999972,ACQUIRING,0,0,0,0,6.407851843436991,-2.6987243272327297,-1.8067987594525445,2.155133793551255,-1.7762070962722276,2.1414124911620345,9.508193579719283,760.6554863775426,655.7526330106484,1,11.411799991037697,67.73789999715518
325,10.833333333333306,ACQUIRING,0,0,0,0,6.510852233810114,-2.5676949512868674,-1.7689492849154993,2.103014200071729,-1.7804400499459876,2.087665923118669,9.50883339877292,760.7066719018336,668.7432286160957,1,8.155100003932603,63.97970000398345
326,10.866666666666639,SEARCH,0,0,0,0,6.6116863238058805,-2.4349912811322576,-1.7749301522742864,2.0477822683991023,-1.8176422060517945,2.0564483803272804,9.551262204379288,764.100976350343,nan,1,5.066899990197271,39.41400001349393
327,10.899999999999972,SEARCH,0,0,0,0,6.709465240658373,-2.300020687309265,-1.8697999085219625,1.9036614478375868,-1.8634766498563513,1.9274136006405311,9.558584273681733,764.6867418945387,nan,0,11.734799991245382,39.69630000938196
328,10.933333333333305,SEARCH,0,0,0,0,6.805157249369022,-2.163562571952578,-2.0535585536585277,1.6706517383871826,-2.0202791662353996,1.6677358188925657,9.621183673829806,769.6946939063845,nan,0,8.860399990226142,40.372999996179715
329,10.966666666666638,SEARCH,0,0,0,0,6.898697982106401,-2.02562088464692,-2.3262060876839814,1.3487531400478896,-2.3232219174662236,1.3291584411287949,9.813172318816465,785.0537855053173,nan,0,10.158100005355664,51.819899992551655
330,10.999999999999972,SEARCH,0,0,0,0,6.989916808803449,-1.8861328800236132,-2.687742510598324,0.9659256769662823,-2.7221301351415326,0.9743100126895023,10.124524155922789,809.961932473823,nan,0,12.488499996834435,57.255699997767806
331,11.033333333333305,SEARCH,0,0,0,0,7.079221772146427,-1.745411874839287,-3.138167822401556,0.5870015711692103,-3.143912967223929,0.5894308609988773,10.486370892754902,838.9096714203922,nan,0,4.921599989756942,42.87680001289118
332,11.066666666666638,SEARCH,0,0,0,0,7.166905877731699,-1.6036752338268492,-3.6774820230936762,0.21309100540155335,-3.6360236423315357,0.18845445119767737,10.950571447344643,876.0457157875715,nan,0,8.399700003792532,38.39709999738261
333,11.099999999999971,SEARCH,0,0,0,0,7.253034344901941,-1.4609879361417282,-4.305685112674686,-0.15472877200011603,-4.2798563344927825,-0.17074125192441608,11.6048396770056,928.3871741604481,nan,0,6.75020000198856,63.25819999619853
334,11.133333333333304,SEARCH,0,0,0,0,7.338111028663563,-1.317671029749276,-5.022777091144585,-0.5154156604017281,-5.031299255005684,-0.536968085499244,12.394023069726115,991.5218455780893,nan,0,10.158999997656792,63.03479999769479
335,11.166666666666638,SEARCH,0,0,0,0,7.421441412485093,-1.1733317595906176,-5.828757958503372,-0.8679647386408855,-5.848619217259728,-0.8481873301944228,13.274043393671382,1061.9234714937106,nan,0,11.316700009047054,65.41659998765681
336,11.19999999999997,SEARCH,0,0,0,0,7.503795806825385,-1.0284334107020905,-6.662091291836705,-1.2114101175732364,-6.658445789263411,-1.2175312214638385,14.163503980584133,1133.0803184467309,nan,0,5.135600003995933,57.41529999068007
337,11.233333333333304,SEARCH,0,0,0,0,7.585433634214062,-0.8831301316027032,-7.490116137569969,-1.544826616202954,-7.448539597307972,-1.5650405772838614,15.0494303208477,1203.954425667816,nan,0,5.239000005531125,33.367800002451986
338,11.266666666666637,SEARCH,0,0,0,0,7.666858944055548,-0.7377076550215508,-8.229252094414344,-1.867331264641369,-8.234836966223522,-1.8811032459653294,15.942750274039161,1275.420021923133,nan,0,9.061900011147372,36.48889999021776
339,11.29999999999997,SEARCH,0,0,0,0,7.747917676783658,-0.59208052971074,-8.87949916236983,-2.178084637516123,-8.890969526225003,-2.1627198390503266,16.712853592205256,1337.0282873764204,nan,0,5.4244999919319525,33.69810000003781
340,11.333333333333304,SEARCH,0,0,0,0,7.828391652077678,-0.446129452023197,-9.440857341436427,-2.47629202178,-9.428008544882562,-2.473347038616134,17.37506716249008,1390.0053729992064,nan,0,5.576199997449294,28.82069999759551
341,11.366666666666637,SEARCH,0,0,0,0,7.908217381766218,-0.29982281971464464,-9.913326631614135,-2.7612044231498807,-9.88146379767356,-2.763560929782496,17.95947554749622,1436.7580437996976,nan,0,23.006700008409098,41.91709999577142
342,11.39999999999997,SEARCH,0,0,0,0,7.985960418856754,-0.15239894796479078,-10.296907032902954,-3.032119415647215,-10.293427790637347,-3.0341884981966127,18.505154533945866,1480.4123627156694,nan,0,14.573799999197945,96.29800000402611
343,11.433333333333303,SEARCH,0,0,0,0,8.061613564676003,-0.003891778759297082,-10.591598545302885,-3.2883818389163104,-10.619164127541127,-3.2879791717917,18.967252969028266,1517.3802375222613,nan,0,23.27540000260342,74.61919999332167
344,11.466666666666637,SEARCH,0,0,0,0,8.135323798309264,0.14558925427000752,-10.797401168813927,-3.529384348169354,-10.814165772165081,-3.510572605691116,19.29898117849101,1543.918494279281,nan,0,12.365000002318993,65.722299987101
345,11.49999999999997,SEARCH,0,0,0,0,8.207857981760739,0.2956444774673539,-10.91431490343608,-3.7545678217505856,-10.891540776519596,-3.7688126050816377,19.52707976896912,1562.1663815175295,nan,0,4.281999994418584,37.69320000719745
346,11.533333333333303,SEARCH,0,0,0,0,8.278675350193069,0.44651753041617404,-10.942339749169346,-3.9634216314291884,-10.931128661877334,-3.992710152677402,19.71606737167685,1577.285389734148,nan,0,6.101000006310642,36.24580000177957
347,11.566666666666636,SEARCH,0,0,0,0,8.349019973227259,0.5976115798951508,-10.88147570601372,-4.155483780623719,-10.903259031158601,-4.163114950170046,19.8321648832593,1586.5731906607436,nan,0,10.31709999369923,39.33620000316296
348,11.59999999999997,SEARCH,0,0,0,0,8.4183788259987,0.7491606720072697,-10.731722773969206,-4.330340915832361,-10.748720769146692,-4.3093713269156275,19.823381469223396,1585.8705175378716,nan,0,13.607700006105006,43.77109999768436
349,11.633333333333303,SEARCH,0,0,0,0,8.486531824687878,0.9012558611075518,-10.493080953035804,-4.487628216594871,-10.461658684887164,-4.483729794310599,19.69852771392342,1575.8822171138734,nan,0,10.65050000033807,43.02599999937229
350,11.666666666666636,SEARCH,0,0,0,0,8.55368510071275,1.0537950865445036,-10.165550243213513,-4.627029169345501,-10.130816498092567,-4.634008505260365,19.53104476710621,1562.483581368497,nan,0,10.64320000295993,41.93199999281205
351,11.699999999999969,SEARCH,0,0,0,1,8.620843428460097,1.2063320879309136,-9.749130644502333,-4.748275230532926,-9.751346925381146,-4.7580251191548415,19.316079708147118,1545.2863766517694,nan,0,13.416100002359599,41.54059999564197
352,11.733333333333302,SEARCH,0,0,0,1,8.687487900524394,1.3590942956952976,-9.243822156902265,-4.851145384384707,-9.272475949419556,-4.851615368363954,19.003505361446674,1520.2804289157339,nan,0,8.120099999359809,38.65349999978207
353,11.766666666666636,SEARCH,0,0,0,1,8.753980396075807,1.5119227152157622,-8.649624780413307,-4.935465600681301,-8.64680054828222,-4.936035411062531,18.557029435547374,1484.5623548437898,nan,0,13.235899998107925,39.300899996305816
354,11.799999999999969,SEARCH,0,0,0,1,8.819587644063398,1.665133246150396,-7.9665385150354595,-5.001108197879294,-7.9313855877356305,-5.031533472528187,18.039968108439243,1443.1974486751396,nan,0,11.608200002228841,39.31680000096094
355,11.833333333333302,SEARCH,0,0,0,1,8.885760357718494,1.8181003986547768,-7.223076609844643,-5.047991116886406,-7.218498693737626,-5.072964337828917,17.516675848996446,1401.3340679197158,nan,0,7.756800012430176,36.191899998812005
356,11.866666666666635,SEARCH,0,0,0,1,8.952024947746127,1.9710277732031147,-6.54868714068572,-5.0760771107429274,-6.583990365955203,-5.065852429437497,17.055364399914698,1364.4291519931758,nan,0,7.623099998454563,36.351000002468936
357,11.899999999999968,SEARCH,0,0,0,1,9.018481828629694,2.12387168299675,-5.930067971458095,-5.085372855406483,-5.933484235724755,-5.066761268633416,16.591157025194978,1327.2925620155982,nan,0,8.897299994714558,31.58179999445565
358,11.933333333333302,SEARCH,0,0,0,1,9.084768574326691,2.276789455419315,-5.356750521603919,-5.075927986770248,-5.3303491769826294,-5.08838673550553,16.18769409482028,1295.0155275856223,nan,0,4.5338000054471195,42.84229999757372
359,11.966666666666635,SEARCH,0,0,0,1,9.151993042284793,2.42929731975925,-4.820529357202435,-5.04783406896978,-4.8246379715405405,-5.042740130556513,15.84858221278943,1267.8865770231544,nan,0,5.129400000441819,39.87269999925047
360,11.999999999999968,SEARCH,0,0,0,1,9.220023203457897,2.581447492117152,-4.315005573677498,-5.0012234989511875,-4.344662199502301,-4.996749019376409,15.538009925601626,1243.04079404813,nan,0,6.032099990989082,42.51949999888893
361,12.033333333333301,SEARCH,0,0,0,1,9.288320927889933,2.7334777477085423,-3.8352212287467387,-4.936268352184169,-3.8600328034304527,-4.921733936863667,15.2145151674162,1217.161213393296,nan,0,17.241699999431148,75.54879999952391
362,12.066666666666634,SEARCH,0,0,0,1,9.357598077684614,2.8850642058573595,-3.377366632473518,-4.853179174308176,-3.338127825817973,-4.839697489128677,14.86113721964743,1188.8909775717946,nan,0,13.78570000815671,62.34989999211393
363,12.099999999999968,SEARCH,0,0,0,1,9.427717337821665,3.03626297283517,-2.9385459398350178,-4.752203723399176,-2.9131398687341847,-4.77514113034196,14.605300087835715,1168.4240070268572,nan,0,13.91959999455139,42.910200005280785
364,12.1333333333333,SEARCH,0,0,0,1,9.496957997709794,3.1878661020773933,-2.516589402029733,-4.633625667438845,-2.5272432957393134,-4.640687582624162,14.348089403806956,1147.8471523045566,nan,0,13.605099986307323,50.23100000107661
365,12.166666666666634,SEARCH,0,0,0,1,9.566075131827093,3.3395255876006837,-2.109902961365466,-4.497763241457998,-2.153298206078787,-4.475500844192488,14.086104839977768,1126.8883871982214,nan,0,12.244300000020303,46.91920000186656
366,12.199999999999967,SEARCH,0,0,0,1,9.63485274016178,3.4913393497223644,-1.7173477374350243,-4.344967868712255,-1.7121413551295488,-4.339185196686051,13.786638084409159,1102.9310467527325,nan,0,3.5751999967033044,49.0985000069486
367,12.2333333333333,SEARCH,0,0,0,1,9.703182152049505,3.6433553661445006,-1.338143442553182,-4.175622750130714,-1.3231962271031616,-4.186714119436511,13.523720209663919,1081.8976167731134,nan,0,4.372299998067319,43.016900002839975
368,12.266666666666634,SEARCH,0,0,0,1,9.77155437305181,3.795352133126532,-0.9717909566169465,-3.990141426158427,-0.9745958235221067,-3.976316236466153,13.26192193063483,1060.9537544507864,nan,0,5.096199995023198,34.45000000647269
369,12.299999999999967,SEARCH,0,0,0,1,9.839047043440752,3.9477414937182322,-0.6180102452787974,-3.7889663149908577,-0.6442752381015464,-3.764356612442826,13.014472838257191,1041.1578270605753,nan,0,15.502399997785687,31.780400007846765
370,12.3333333333333,SEARCH,0,0,0,1,9.905580281526422,4.100552180542202,-0.2766905682833675,-3.572567231074035,-0.2678694877412288,-3.564591385683427,12.73787682852453,1019.0301462819624,nan,0,5.709299992304295,86.65440000186209
371,12.366666666666633,SEARCH,0,0,0,1,9.971475175660357,4.2536392169132,0.05214946483325211,-3.341439887617857,0.07962627913625225,-3.3691622037563693,12.488225498069257,999.0580398455405,nan,0,11.84540000394918,67.09409999893978
372,12.399999999999967,SEARCH,0,0,0,1,10.037883108720916,4.406504400013873,0.36839394622167254,-3.0961043867424913,0.38901623473823893,-3.1172649171644236,12.235511296629731,978.8409037303785,nan,0,9.63330001104623,53.95919999864418
373,12.4333333333333,SEARCH,0,0,0,1,10.1050845153069,4.559022427573381,0.6718553923232233,-2.837103700749331,0.6701613425120819,-2.827875025897979,11.982655351158286,958.612428092663,nan,0,5.794400000013411,50.69519999960903
374,12.466666666666633,SEARCH,0,0,0,1,10.172959179575269,4.711242031199964,0.9622953890902203,-2.565002147878854,0.9507564962622449,-2.532883649906724,11.727164159155246,938.1731327324196,nan,0,11.421899995184503,44.2068999982439
375,12.499999999999966,SEARCH,0,0,0,1,10.241066263710781,4.86335778603271,1.2394411613605558,-2.2803838657882336,1.2319519389315898,-2.2637624240438616,11.4873836623412,918.9906929872959,nan,0,8.635000005597249,41.28839999611955
376,12.5333333333333,SEARCH,0,0,0,1,10.308919801174603,5.0155868083360255,1.5029988679754833,-1.9838512858520394,1.5214142430054962,-1.9975916382016226,11.24299452360594,899.4395618884753,nan,0,5.223600004683249,45.08559999521822
377,12.566666666666633,SEARCH,0,0,0,1,10.376787288303765,5.167809612043456,1.7526642642815642,-1.6760236112599747,1.747975186774399,-1.6687959491920015,11.008886132730016,880.7108906184011,nan,0,10.673500000848435,48.594599997159094
378,12.599999999999966,SEARCH,0,0,0,1,10.444491959056402,5.32010490197737,1.9881312457095999,-1.3575353017567082,1.9686584900523356,-1.3460808034503653,10.783217741172557,862.6574192938044,nan,0,6.780099996831268,65.80850000318605
379,12.633333333333299,SEARCH,0,0,0,1,10.511469717728387,5.472721276004061,2.2090986837738416,-1.0290345677405912,2.2265970519114906,-1.0257640502674417,10.529455191251161,842.3564153000929,nan,0,6.027299998095259,47.69690000102855
380,12.666666666666632,SEARCH,0,0,0,1,10.577652919764848,5.625683890867886,2.415275883963055,-0.691181876310661,2.458735410282883,-0.7225737873831718,10.306172765641294,824.4938212513035,nan,0,7.020599994575605,49.23400000552647
381,12.699999999999966,SEARCH,0,0,0,1,10.642880673667413,5.779056371771743,2.6063869295043607,-0.3446484717250413,2.605546767088374,-0.3331949851960213,10.097442892960542,807.7954314368434,nan,0,4.4965999986743554,67.91249998786952
382,12.733333333333299,SEARCH,0,0,0,1,10.707024803899927,5.9328851998063215,2.7821741225940264,0.0098850873912249,2.7719446365747076,0.022269440019602606,9.894487147988883,791.5589718391105,nan,0,21.706300001824275,66.08499999856576
383,12.766666666666632,ACQUIRING,0,0,0,1,10.769964688745263,6.0872106632705005,2.942400692784683,0.3717303718745081,2.959246891315332,0.37455066811462834,9.676869159565141,774.1495327652113,474.4860907716221,1,12.593099992955104,83.95470000687055
384,12.799999999999965,ACQUIRING,0,0,0,1,10.831510802357972,6.242097246540161,3.1915161518642288,0.8224645452466801,3.225449443558992,0.8016821538614315,9.351485752246083,748.1188601796867,450.2063663379252,1,13.000099992495961,84.12990000215359
385,12.833333333333298,ACQUIRING,0,0,0,1,10.892017333228301,6.3973928920033085,3.529520499832663,1.362087607507741,3.518537903719059,1.334701794520734,8.944218246774016,715.5374597419213,426.6960906418162,0,17.355600008158945,92.57269999943674
386,12.866666666666632,ACQUIRING,0,0,0,1,10.951287370882644,6.553164649437801,3.9564137366899863,1.9905995586576908,3.9505716721456907,2.006301465815379,8.347693400282683,667.8154720226147,403.5451826256721,0,7.474300000467338,48.63020000630058
387,12.899999999999965,ACQUIRING,0,0,0,1,11.00944379709715,6.709355583450421,4.472195862436198,2.7080003986965293,4.46312464809996,2.724778048959113,7.6636252863054395,613.0900229044352,380.8314144324353,0,6.204400007845834,52.7760999975726
388,12.933333333333298,ACQUIRING,0,0,0,1,11.067033171323914,6.8657564841957415,5.0673068072956005,3.502856607672719,5.077733929419436,3.474250944319262,6.882878412124567,550.6302729699653,358.67810013561035,0,6.895999991684221,45.71390000637621
389,12.966666666666631,SEARCH,0,0,0,1,11.124091529587842,7.022351891312307,5.601212359343488,4.235222993367909,5.598409542819002,4.19669799666817,6.206245350549655,496.4996280439724,nan,0,4.91370000236202,42.85919999529142
390,12.999999999999964,SEARCH,0,0,0,1,11.179339707345104,7.179595068055464,6.0462290225024855,4.878700490174211,6.022517765708461,4.885204448008996,5.644204182619755,451.53633460958036,nan,0,4.07439999980852,35.117100007482804
391,13.033333333333298,SEARCH,0,0,0,1,11.2330320699839,7.337376270903085,6.402356796772595,5.433289098091624,6.385420575174348,5.460762909734085,5.198174190225612,415.853935218049,nan,0,4.189700004644692,31.7153999931179
392,13.066666666666631,SEARCH,0,0,0,1,11.284469229354633,7.495907013706011,6.669595682153815,5.898988817120148,6.685184953539781,5.890764573142113,4.871334324828997,389.70674598631973,nan,0,3.828000000794418,32.7846000000136
393,13.099999999999964,SEARCH,0,0,0,1,11.334679721312853,7.654830530767179,6.847945678646147,6.275799647259783,6.880041164504697,6.245000058503378,4.672411222519419,373.7928978015536,nan,0,8.507599995937198,43.523000000277534
394,13.133333333333297,SEARCH,0,0,0,1,11.383523550142506,7.814179387565831,6.937406786249589,6.5637215885105284,6.912358469753984,6.56504962218629,4.642374645248145,371.3899716198516,nan,0,8.381400009966455,78.41349999944214
395,13.16666666666663,SEARCH,0,0,0,1,11.431146134070932,7.973897474449433,6.937979004964143,6.7627546408723855,6.929899601168316,6.766873140722688,4.660271246631071,372.82169973048565,nan,0,3.964500006986782,51.77009999169968
396,13.199999999999964,SEARCH,0,0,0,1,11.477519744365019,8.13398265816757,6.849662334789808,6.872898804345354,6.87961393766429,6.88265376081094,4.765140272505316,381.2112218004253,nan,0,4.779000009875745,40.72569998970721
397,13.233333333333297,SEARCH,0,0,0,1,11.521780266798558,8.29466490339612,6.672456775726584,6.894154078929433,6.697303568152475,6.874768787447851,5.029083454851787,402.32667638814297,nan,0,6.751499997335486,32.01199999602977
398,13.26666666666663,SEARCH,0,0,0,1,11.563836595529569,8.455938097050387,6.406362327774471,6.826520464624624,6.404576825043836,6.820346935455519,5.412311874535663,432.984949962853,nan,0,5.586899991612881,32.85260000848211
399,13.299999999999963,SEARCH,0,0,0,1,11.603508075252252,8.617814443297732,6.051378990933469,6.6699979614309255,6.027729112796885,6.68066966869267,5.9026977659320785,472.2158212745663,nan,0,4.24850000126753,28.95179999177344
400,13.333333333333297,SEARCH,0,0,0,1,11.642797743055072,8.779783884186196,5.607506765203579,6.579562149810258,5.622624172248857,6.595063417631323,6.4043339497263405,512.3467159781072,nan,0,5.380899994634092,29.121400002622977
401,13.36666666666663,SEARCH,0,0,0,1,11.682078645034084,8.941755451189461,5.177520995538883,6.578015227078478,5.21170920944668,6.560156384431065,6.894758498146843,551.5806798517475,nan,0,4.034100013086572,26.110299993888475
402,13.399999999999963,SEARCH,0,0,0,1,11.722070101285123,9.103553044511177,4.810173403412234,6.661330545639591,4.792807500651286,6.651644353264495,7.3502745811808845,588.0219664944707,nan,0,4.402999999001622,28.767900003003888
403,13.433333333333296,SEARCH,0,0,0,1,11.762594602977904,9.265217952701946,4.489826108447336,6.804206740962208,4.441632129341659,6.820754702863115,7.718282977463494,617.4626381970795,nan,0,4.366900000604801,30.903399994713254
404,13.46666666666663,SEARCH,0,0,0,1,11.801987016561595,9.427162435565146,4.204022057673297,6.99359909779134,4.190161622849111,7.008980173963877,7.986707160944944,638.9365728755955,nan,0,4.1954000043915585,28.681399999186397
405,13.499999999999963,SEARCH,0,0,0,1,11.840369927380207,9.589349148753582,3.942853370479612,7.218952832120636,3.9816335958271836,7.220251211489993,8.208066871390491,656.6453497112392,nan,0,3.6259000044083223,27.77319999586325
406,13.533333333333296,SEARCH,0,0,0,1,11.877014990689855,9.75193733132787,3.6984558500077354,7.471708256875736,3.7229369837452477,7.44515683846342,8.474091360470318,677.9273088376254,nan,0,6.874300001072697,40.492800006177276
407,13.56666666666663,SEARCH,0,0,0,1,11.912176521584207,9.914852783397167,3.464604424235758,7.744905053046958,3.4529349319595926,7.7344564372286975,8.735725298910193,698.8580239128154,nan,0,10.8668999891961,64.46500000311062
408,13.599999999999962,SEARCH,0,0,0,1,11.94568064049122,10.078117145074916,3.236389327727286,8.032865816899784,3.2269178127421867,8.03206597627429,8.955621175099399,716.4496940079518,nan,0,4.1252999944845214,33.443399996031076
409,13.633333333333296,SEARCH,0,0,0,1,11.979567549021768,10.241302485127324,3.009956873179877,8.330943019786,3.027641347431095,8.323759987704005,9.15499601027494,732.3996808219953,nan,0,5.086100005428307,35.8972999965772
410,13.666666666666629,SEARCH,0,0,0,1,12.012959679267038,10.40458978841653,2.7823018924321685,8.635316689806277,2.7873055498729364,8.59011498274309,9.402394000233668,752.1915200186935,nan,0,7.079500006511807,30.994699991424568
411,13.699999999999962,SEARCH,0,0,0,1,12.044862483939491,10.56817459465418,2.5511015109999295,8.942832662769188,2.5273600442069997,8.920618280983833,9.659052463726914,772.7241970981531,nan,0,3.992300000390969,27.472300003864802
412,13.733333333333295,SEARCH,0,0,0,1,12.074769160606598,10.732136079364787,2.3145819877320055,9.250873280458487,2.295094484772123,9.261538159814313,9.88962562517633,791.1700500141063,nan,0,3.741799999261275,28.67369999876246
413,13.766666666666628,SEARCH,0,0,0,1,12.102824643568823,10.896424446736109,2.0714120051853775,9.557254038684666,2.0868506888521297,9.554028386488568,10.105531230179405,808.4424984143524,nan,0,4.067800007760525,30.105699988780543
414,13.799999999999962,SEARCH,0,0,0,1,12.128983431564974,11.061025466138634,1.8206171195166314,9.86014098717856,1.8687902935940117,9.841954890637782,10.33236160306628,826.5889282453023,nan,0,5.192100012209266,26.31569998629857
415,13.833333333333295,SEARCH,0,0,0,1,12.154097813549457,11.225789071328965,1.561511137236906,10.157984723059922,1.5671293877500019,10.154619672952549,10.641019891386948,851.2815913109558,nan,0,3.906699988874607,28.561099999933504
416,13.866666666666628,SEARCH,0,0,0,1,12.178242325190554,11.390697592441096,1.2936410330083552,10.44946765136335,1.2850341331153128,10.464443297613467,10.932517172846417,874.6013738277134,nan,0,3.612000000430271,26.4718999969773
417,13.899999999999961,SEARCH,0,0,0,1,12.200721762862733,11.55584132577579,1.016742700116,10.73346185151229,1.0168181622174997,10.755741158261651,11.212486790475232,896.9989432380187,nan,0,3.937200002837926,25.408400004380383
418,13.933333333333294,SEARCH,0,0,0,1,12.22075006452477,11.721300217680433,0.7307053672044537,11.008995420966825,0.7693382772278599,11.014702231180138,11.473191039844533,917.8552831875627,nan,0,3.4321999992243946,23.389900001347996
419,13.966666666666628,SEARCH,0,0,0,1,12.238318358007453,11.887038363084212,0.43554294842434094,11.275225593146747,0.46389488101950255,11.250823862360528,11.791599429525077,943.327954362006,nan,0,20.00190000399016,61.06379999255296
420,13.999999999999961,ACQUIRING,0,0,0,1,12.254091867372276,12.0529569400432,0.13137094096829394,11.531417267439503,0.10838470684243938,11.532090701096838,12.15687065277162,972.5496522217296,715.2563336228257,17,12.565500001073815,55.0500999961514
421,14.033333333333294,ACQUIRING,0,0,0,1,12.267277084299952,12.219101238267207,-0.08391217759886421,11.698720052843369,-0.08575310923986267,11.714884590415027,12.363316278024985,989.0653022419989,721.394455160743,51,25.08530000341125,42.72549999586772
422,14.066666666666627,ACQUIRING,0,0,0,1,12.278732704293363,12.385373745159791,-0.21030640727713348,11.777133949358346,-0.20526899379867342,11.764710833773178,12.499420820483474,999.9536656386779,767.249494420823,37,15.537799990852363,33.999699997366406
423,14.09999999999996,ACQUIRING,0,0,0,1,12.288570626932078,12.551749804302723,-0.24781174806651385,11.766658956984434,-0.2481034618884004,11.731640701591266,12.563469908813127,1005.0775927050502,793.600901867979,42,17.72010000422597,31.712900003185496
424,14.133333333333294,ACQUIRING,0,0,0,1,12.297612272300942,12.718171036201785,-0.19642819996700533,11.667295075721634,-0.2109782989585095,11.678100879381406,12.551756212200317,1004.1404969760254,819.6119834933379,41,17.711699998471886,33.148799993796274
425,14.166666666666627,ACQUIRING,0,0,0,1,12.305922780678312,12.884630380272004,-0.05615576297860794,11.479042305569946,-0.08235014883538476,11.50239852484074,12.465146251781036,997.211700142483,845.5731495121928,20,9.806399990338832,33.800400007748976
426,14.19999999999996,ACQUIRING,0,0,0,1,12.311547738262364,13.051202099450126,0.054508085883664445,11.201900646529369,0.05687613573647089,11.19399323798683,12.394603698418612,991.5682958734889,871.340644254821,0,4.794100008439273,29.25130000221543
427,14.233333333333293,ACQUIRING,0,0,0,1,12.31407042719399,13.217849673144832,0.09926042359658035,10.917479845885595,0.12616296399310528,10.881875806830283,12.409748677376685,992.7798941901348,896.8816825436976,0,4.3157000036444515,30.700299990712665
428,14.266666666666627,SEARCH,0,0,0,1,12.313689531870619,13.384515904567188,0.09070969696042094,10.690752375515975,0.07191589702637897,10.693247894192831,12.534111266078337,1002.7289012862669,nan,0,4.4286000047577545,26.89680000185035
429,14.29999999999996,SEARCH,0,0,0,1,12.310673648156607,13.551155282336074,-0.00672991856462736,10.552913794035245,-0.02407134991160729,10.556343190599355,12.693101812881723,1015.4481450305378,nan,0,20.65950000542216,43.104500000481494
430,14.333333333333293,SEARCH,0,0,0,1,12.305206746742693,13.717732263839247,-0.19305842297856457,10.503964101443403,-0.20181225428388747,10.532259383623032,12.906307053632068,1032.5045642905654,nan,0,7.970099992235191,56.633700005477294
431,14.366666666666626,SEARCH,0,0,0,1,12.296160657699415,13.884153254254516,-0.46827581628139064,10.543903297740451,-0.44176449649897187,10.534225997458202,13.171057279496848,1053.6845823597478,nan,0,5.946999997831881,36.157900001853704
432,14.39999999999996,SEARCH,0,0,0,1,12.282438022878782,14.050254028097859,-0.8323820984731056,10.672731382926388,-0.8270722497404179,10.656722367192023,13.54161425833267,1083.3291406666137,nan,0,4.054100005305372,34.34199999901466
433,14.433333333333293,ACQUIRING,0,0,0,1,12.262828514695498,14.215763076087953,-1.2450638120019812,10.890448357001214,-1.2763655020110636,10.900039570787815,13.939289687269671,1115.1431749815738,872.2580223161918,53,17.55760000378359,29.55800000927411
434,14.466666666666626,ACQUIRING,0,0,0,1,12.23727626132221,14.380459342364166,-1.5688566366419678,11.01927644218715,-1.5791200229864657,11.040744872443968,14.214306139437582,1137.1444911550066,876.9220126737658,56,24.234299999079667,31.14609999465756
435,14.49999999999996,ACQUIRING,0,0,0,1,12.207699908863283,14.544480734728099,-1.8037605723930656,11.059215638484199,-1.7883858221930056,11.055255473606044,14.424462163766444,1153.9569731013155,930.4348894039994,58,20.18859999952838,27.82449999358505
436,14.533333333333292,ACQUIRING,0,0,0,1,12.172916795847648,14.707477399806619,-1.9497756192552747,11.010265945892357,-1.9477943921918166,10.994591077127442,14.600685233959434,1168.0548187167547,960.0545851006386,44,16.26370000303723,27.59919999516569
437,14.566666666666626,ACQUIRING,0,0,0,1,12.132455535301666,14.869158147494177,-2.006901777228595,10.872427364411626,-2.017941298818996,10.88174356573767,14.701469505117387,1176.1175604093912,988.6731132978769,54,18.652500002644956,27.107599991722964
438,14.599999999999959,ACQUIRING,0,0,0,1,12.085081574421078,15.028950154829532,-1.975139046313026,10.645699894042007,-1.9978301309187048,10.661764686358053,14.744514607691388,1179.561168615311,1016.7449897674368,57,39.19100000348408,33.67889999935869
439,14.633333333333292,ACQUIRING,0,0,0,1,12.031056538638026,15.186617758624408,-1.8961866272381973,10.437794619839119,-1.869383515056642,10.441854050490477,14.687920762735066,1175.0336610188053,1044.2778226444775,4,15.336199998273514,43.02979999920353
440,14.666666666666625,ACQUIRING,0,0,0,1,11.970733529449419,15.341984783247424,-1.8945064363798436,10.268784934084726,-1.8770209453021647,10.246720546729792,14.755406522117177,1180.4325217693743,1071.2885286858009,2,8.458000011160038,52.95849998947233
441,14.699999999999958,SEARCH,0,0,0,1,11.904739256114132,15.495029004519333,-1.951207782254627,10.13129807776421,-1.974180508189017,10.133779475465204,14.878420962479442,1190.2736769983553,nan,1,7.015700000920333,39.63320000912063
442,14.733333333333292,ACQUIRING,0,0,0,1,11.83198778920893,15.644979002321664,-2.0967980170182994,10.082700110332583,-2.1214046712381527,10.100278123924799,15.014688441195057,1201.1750752956045,882.3835804396385,1,5.653200001688674,31.867400000919588
443,14.766666666666625,ACQUIRING,0,0,0,1,11.752499734945,15.791469367216807,-2.1534993628930827,10.122991031789844,-2.1511996125299437,10.145051339393207,15.006494996830755,1200.5195997464605,884.3961108199645,1,5.452400000649504,31.360799999674782
444,14.799999999999958,ACQUIRING,0,0,0,1,11.666872693821569,15.93445813462958,-2.1213118198789775,10.252170842135996,-2.099595544340699,10.229626588980915,14.901702946863445,1192.1362357490757,878.0736829598475,1,5.352899999707006,33.237700001336634
445,14.833333333333291,ACQUIRING,0,0,0,0,11.576313722534598,16.07437543340719,-2.0002353879759833,10.469062174806222,-2.0204765390713146,10.458184477195207,14.711026690028763,1176.882135202301,874.2532072963671,63,21.184599987464026,31.064900002093054
446,14.866666666666625,ACQUIRING,0,0,0,0,11.472238746915806,16.204552916973764,-1.7902700671841,10.658785851837928,-1.841493369308229,10.681449019082292,14.413887037488509,1153.1109629990808,869.165878892383,56,21.81939998990856,29.69780001149047
447,14.899999999999958,ACQUIRING,0,0,0,0,11.355687649718961,16.323689894944458,-1.491415857503328,10.832968104321795,-1.5066600450466183,10.851910490372852,13.977852412775556,1118.2281930220445,862.8330800911637,50,17.070699992473237,28.96080000209622
448,14.933333333333291,ACQUIRING,0,0,0,0,11.227824970980585,16.430595990016837,-1.103672758933667,10.993569150027701,-1.074085163361619,10.977189247452465,13.456471976460918,1076.5177581168734,855.2859308491984,15,19.075600008363836,27.45419999700971
449,14.966666666666624,SEARCH,0,0,0,0,11.089928272320847,16.524203031827394,-0.6344482186109359,11.142713349544795,-0.6298543837294462,11.115853508596986,12.907499760623041,1032.5999808498432,nan,0,4.525399999693036,60.59829999867361
450,14.999999999999957,ACQUIRING,0,0,0,0,10.94337537197017,16.603575729756734,-0.25411256717709374,11.38074643795078,-0.290930822023402,11.385784393286873,12.386887506203577,990.9510004962863,866.5087180890904,6,7.482300003175624,40.604800000437535
451,15.03333333333329,ACQUIRING,0,0,0,0,10.789630578064907,16.66792101804427,0.2151119731456373,11.529890637467874,0.1881990763302332,11.565846794886822,11.7652671565324,941.221372522592,862.2447247680849,0,6.209800005308352,31.62999999767635
452,15.066666666666624,ACQUIRING,0,0,0,0,10.63023005776449,16.716595979839163,0.7732254023572571,11.59014594809608,0.7926784203588924,11.611636424135511,11.08323212262522,886.6585698100176,856.9164551209968,0,4.677100005210377,39.43390000495128
453,15.099999999999957,ACQUIRING,0,0,0,0,10.466766488376951,16.749114271012953,1.2433929689572496,11.561512369835397,1.2542488648522956,11.541640638214634,10.582450689705201,846.5960551764161,850.5577115979762,0,4.602200002409518,35.243499994976446
454,15.13333333333329,ACQUIRING,0,0,0,0,10.300873143853742,16.765150979549354,1.6409762624987716,11.443989902685825,1.6306545870358848,11.447418111568476,10.171085127860884,813.6868102288707,843.2095101160969,0,5.091399987577461,33.57140001025982
455,15.166666666666623,SEARCH,0,0,0,0,10.134207575656289,16.764545871957704,1.977083702739721,11.237578546647365,1.9468564707574034,11.247323884561844,9.872814014914558,789.8251211931647,nan,0,4.27289999788627,30.4727000038838
456,15.199999999999957,SEARCH,0,0,0,0,9.968435051049706,16.747304994273033,2.224302254091781,11.120056079497793,2.243627455998608,11.120304554483901,9.556975794148807,764.5580635319045,nan,0,4.664700012654066,28.22059999743942
457,15.23333333333329,SEARCH,0,0,0,0,9.80498084318852,16.71473967974592,2.3826319165549528,11.09142250123711,2.385437558352687,11.066186063896048,9.325008338156229,746.0006670524983,nan,0,3.683300004922785,27.514900008100085
458,15.266666666666623,SEARCH,0,0,0,0,9.644851982783045,16.668517111199574,2.4520726901292353,11.151677811865316,2.457583801056392,11.157758559774464,9.056781090882417,724.5424872705934,nan,0,8.240300012403168,33.01499999361113
459,15.299999999999956,SEARCH,0,0,0,0,9.488725318613193,16.61018836603073,2.432624574814629,11.30082201138241,2.402143217568505,11.32778058889545,8.838748655708354,707.0998924566683,nan,0,4.505300006712787,52.71519999951124
460,15.33333333333329,SEARCH,0,0,0,0,9.337020880242973,16.541169954309265,2.324287570611134,11.538855099788394,2.3196937612533612,11.557444561389387,8.606997077200703,688.5597661760562,nan,0,4.478599992580712,40.956199998618104
461,15.366666666666623,SEARCH,0,0,0,0,9.189962253229044,16.462738213294827,2.12706167751875,11.865777077083267,2.1443512456951934,11.840736164307948,8.426359677246223,674.1087741796979,nan,0,7.1383000031346455,39.677900000242516
462,15.399999999999956,SEARCH,0,0,0,0,9.047625368787752,16.376031874972163,1.840946895537477,12.281587943267029,1.8558805918436754,12.272236019299331,8.280237518437495,662.4190014749996,nan,0,6.5270000050077215,43.20980000193231
463,15.43333333333329,SEARCH,0,0,0,0,8.909977356198512,16.28205952580492,1.4659432246673152,12.645203570887222,1.43741747630077,12.6555868510066,8.306049314789568,664.4839451831654,nan,0,5.382100003771484,37.7784000011161
464,15.466666666666622,SEARCH,0,0,0,0,8.776907098476999,16.18170971620018,1.0020506649082646,12.933078448654028,0.9740963074817763,12.942609408202227,8.448409734698236,675.8727787758589,nan,0,4.661300001316704,34.220000001369044
465,15.499999999999956,ACQUIRING,0,0,0,0,8.648248995275141,16.075762227988907,0.449269216260325,13.157398587777106,0.46003148879215894,13.14737882624126,8.696110353549194,695.6888282839357,576.074005380653,5,7.171599994762801,34.50710000470281
466,15.533333333333289,ACQUIRING,0,0,0,0,8.52380124621474,15.96489954025504,-0.014623343498725627,13.292829838011295,-0.00403153175572148,13.25477174117617,8.948112905879512,715.849032470361,569.9180244289283,27,26.91950000007637,51.823400004650466
467,15.566666666666622,ACQUIRING,0,0,0,0,8.404583709029474,15.848430846584778,-0.3896270143688874,13.339372199356596,-0.39275967567989656,13.33183713064365,9.15021827934198,732.0174623473583,563.979648622214,32,20.2248999994481,44.21179999189917
468,15.599999999999955,ACQUIRING,0,0,0,0,8.290899783154106,15.726554914689501,-0.6757417963501604,13.297025671813008,-0.6906742698074655,13.309949218285036,9.301002933056578,744.0802346445262,562.3971061169606,37,16.82489999802783,31.625400006305426
469,15.633333333333288,ACQUIRING,0,0,0,0,8.182287948755233,15.600137956941383,-0.8729676894425444,13.23092330645111,-0.8638982273013627,13.237131242578203,9.349721122258297,747.9776897806636,564.3570013735094,36,16.28500000515487,30.225299997255206
470,15.666666666666622,ACQUIRING,0,0,0,0,8.078119476784217,15.470035277395567,-0.9813046936460397,13.224409030774497,-0.977310288130693,13.222336395170993,9.330217494381388,746.417399550511,569.9434666863585,35,14.836999995168298,31.6783000016585
471,15.699999999999955,ACQUIRING,0,0,0,0,7.97862311251842,15.336325699295621,-1.000752808960646,13.263549285026729,-1.0270038911063402,13.269529533588168,9.239749137233028,739.1799309786423,579.1770474209567,28,22.645300006843172,45.787600000039674
472,15.733333333333288,SEARCH,0,0,0,0,7.883878448802691,15.199208134865781,-1.0585380175579786,13.341571280146036,-1.0978744898979291,13.360365993849944,9.168054661237187,733.4443728989751,nan,19,10.032999998657033,46.07919999398291
473,15.766666666666621,ACQUIRING,0,0,0,0,7.792994788693862,15.05950152048049,-1.2052121150442003,13.47526714774887,-1.1989380427893233,13.50384447724232,9.125509568351882,730.0407654681505,512.2894749149226,49,20.876399998087436,32.037299999501556
474,15.799999999999955,ACQUIRING,0,0,0,0,7.7053143382211555,14.917762618330512,-1.262997323641533,13.520074126462815,-1.247372631749358,13.505232573292158,9.063434509633524,725.0747607706819,504.7849183476193,48,20.291599998017773,32.717000009142794
475,15.833333333333288,ACQUIRING,0,0,0,0,7.620289989188251,14.774414657587052,-1.231893643349977,13.475992216287871,-1.2289587707477494,13.473558852492992,8.944351817816411,715.548145425313,496.98602611087347,38,28.09620001062285,36.04300000006333
476,15.866666666666621,ACQUIRING,0,0,0,0,7.538444497357187,14.629228248978295,-1.111901074169532,13.343021417224037,-1.1433464759394791,13.384005183960989,8.770637091207602,701.6509672966082,489.8870013385933,13,12.852499989094213,46.82630000752397
477,15.899999999999954,ACQUIRING,0,0,0,0,7.459211057194347,14.482600012482933,-0.9030196161001982,13.121161729271314,-0.9038855918933367,13.148079432053201,8.468903750874263,677.5123000699409,483.2668822024594,28,15.037899996968918,40.17000000749249
478,15.933333333333287,ACQUIRING,0,0,0,0,7.38141366189111,14.335204819000209,-0.6052492691419755,12.87447297377849,-0.5811638475322559,12.881853065215054,8.094125765875225,647.530061270018,477.1034185568515,50,21.3816999894334,39.61620001064148
479,15.96666666666662,ACQUIRING,0,0,0,0,7.305875076515454,14.186639345564345,-0.2459263370232091,12.676186782725447,-0.2563315029616502,12.683576039871642,7.710134087783862,616.810727022709,471.4647732285858,34,16.487000000779517,28.39650001260452
480,15.999999999999954,SEARCH,0,0,0,0,7.232911490960434,14.036792447162233,0.035204610217626164,12.514707540389693,0.010667730079965555,12.52023725651182,7.379752339195779,590.3801871356623,nan,33,19.74309999786783,33.81429999717511
481,16.03333333333329,ACQUIRING,0,0,0,0,7.1627223265433235,13.885626118318122,0.22744666856957255,12.442117186942829,0.20424607891313878,12.448777618844844,7.10527447036862,568.4219576294896,446.0837512655644,42,18.418200008454733,40.424099992378615
482,16.066666666666624,ACQUIRING,0,0,0,0,7.0956633149918495,13.73304542901729,0.5085776158104078,12.280637944607076,0.5311412631815786,12.297552677282386,6.719642044706457,537.5713635765165,429.03556938449367,13,12.369599993689917,34.42619999987073
483,16.09999999999996,ACQUIRING,0,0,0,0,7.03170722901047,13.57913832442585,0.878597451940132,12.030269813382434,0.8981199661715756,12.014598790007417,6.329982359028954,506.39858872231633,412.4037171640168,0,12.044400005834177,62.63129999570083
484,16.133333333333294,ACQUIRING,0,0,0,0,6.972004002622746,13.423532082466622,1.3375061769587449,11.691012793268904,1.3278593880665097,11.67616281731747,5.908440384637222,472.6752307709778,396.1736363881577,0,4.684200001065619,49.406999998609535
485,16.16666666666663,ACQUIRING,0,0,0,0,6.916570176283734,13.266354257455603,1.8853037908662467,11.262866884266485,1.8482856543891337,11.288277471715325,5.4406153847851595,435.2492307828128,380.36326935698423,0,6.238999994820915,40.278300002682954
486,16.199999999999964,ACQUIRING,0,0,0,0,6.8653155154216865,13.107764416930763,2.46199866066157,10.867712834664506,2.4735795326886745,10.857897771064627,4.93449540137721,394.75963211017677,364.99016625175744,0,4.688599990913644,35.68660000746604
487,16.2333333333333,SEARCH,0,0,1,0,6.819484987620317,12.947522910137968,2.97120031147372,10.523982896821714,2.997668991661999,10.520215050845465,4.527482849304459,362.19862794435676,nan,0,4.432100002304651,31.636899992008694
488,16.266666666666634,SEARCH,0,0,1,0,6.778390231461869,12.786002017390139,3.3915130733969816,10.269141847867813,3.3769814864290013,10.277824955144153,4.226172455823706,338.0937964658965,nan,0,4.131399997277185,31.499899996561
489,16.29999999999997,SEARCH,0,0,1,0,6.741879888137496,12.623383529486352,3.722936946431354,10.1031896878028,3.7090476423689056,10.125739676197831,3.9289052226852816,314.31241781482254,nan,0,5.386500008171424,35.44510000210721
490,16.333333333333304,SEARCH,0,0,1,0,6.710172953203732,12.459760645833473,3.9654719305768378,10.026126416626676,3.9798361608906547,10.025920977329625,3.657637834920427,292.61102679363415,nan,0,4.310100004659034,45.81470000266563
491,16.36666666666664,SEARCH,0,0,1,0,6.683105923873257,12.295306537642157,4.119118025833433,10.03795203433944,4.140212084562456,10.020773738148064,3.411716361888729,272.9373089510983,nan,0,3.328399994643405,33.90380000928417
492,16.399999999999974,SEARCH,0,0,1,0,6.660598947889429,12.130166555173219,4.183875232201139,10.138666540941093,4.184817342265463,10.128592823010845,3.1836758572487245,254.69406857989796,nan,0,4.059099999722093,35.679399996297434
493,16.43333333333331,SEARCH,0,0,1,0,6.642627770870699,11.964471610849804,4.1597435496799555,10.328269936431635,4.135686683924719,10.334534027864825,2.9902257670357946,239.21806136286355,nan,0,4.3920000025536865,32.30129998701159
494,16.466666666666644,SEARCH,0,0,1,0,6.629643207134035,11.798311510698335,4.046722978269884,10.606762220811067,4.052706798035776,10.611143541024644,2.837246736671907,226.97973893375254,nan,0,3.0024000006960705,29.462000005878508
495,16.49999999999998,SEARCH,0,0,1,0,6.620408040029397,11.631900905668706,3.844813517970923,10.974143394079388,3.864631533838257,10.961731056768281,2.8360944586614645,226.88755669291714,nan,0,4.150699998717755,39.37330000917427
496,16.533333333333314,SEARCH,0,0,1,0,6.614595327415777,11.465335632727887,3.554015168783073,11.336253255586941,3.56187063132471,11.321050032127749,3.056132589509957,244.4906071607966,nan,0,6.3513999921269715,50.73699999775272
497,16.56666666666665,SEARCH,0,0,1,0,6.61077521237827,11.298712751649454,3.1743279307063346,11.609474228205606,3.1331852749322575,11.61557631001852,3.4919957456514843,279.35965965211875,nan,0,4.329900009906851,33.55300000112038
498,16.599999999999984,SEARCH,0,0,1,0,6.608227570155528,11.132065557563017,2.705751803740707,11.793806311935382,2.6824283463983525,11.799174183524961,3.9820765266485374,318.56612213188293,nan,0,3.8656999968225136,33.17270000115968
499,16.63333333333332,SEARCH,0,0,0,0,6.606738248499592,10.965405545266178,2.1482867878861907,11.889249506776268,2.1473321780328636,11.904000088230244,4.557111170181986,364.5688936145589,nan,0,3.5835000016959384,30.95049998955801
500,16.666666666666654,SEARCH,0,0,0,0,6.605854925770607,10.79874121939308,1.5019328831427854,11.896846187915854,1.4982449767078057,11.885108068450954,5.221864831886903,417.74918655095234,nan,0,3.50099999923259,27.815900000859983
501,16.69999999999999,SEARCH,0,0,0,0,6.604278549784771,10.632082007776892,0.7666900895104912,11.854168468369034,0.759449010151518,11.857054242093835,5.971816249870463,477.745299989637,nan,0,9.672199987107888,36.166700010653585
502,16.733333333333324,ACQUIRING,0,0,0,0,6.602678945680877,10.465423017486874,-0.05744159301069185,11.76904855747162,-0.07642365047057273,11.795707584369145,6.810291368128253,544.8233094502601,256.0354381240841,21,14.181999998982064,44.82640000060201
503,16.76666666666666,ACQUIRING,0,0,0,0,6.6011118914762354,10.298763717959671,-0.792684386642986,11.595039757685319,-0.7602255137949966,11.624094207668708,7.4796917918586585,598.3753433486927,249.29730082881352,28,15.020999999251217,35.534099995857105
504,16.799999999999994,ACQUIRING,0,0,0,0,6.598726575687396,10.132114121361404,-1.4390382913863913,11.332142069010127,-1.4039991312590034,11.332032797081572,8.092182867988265,647.3746294390613,243.0456761114882,3,9.923299992806278,53.31660000956617
505,16.83333333333333,ACQUIRING,0,0,0,0,6.5964319462596475,9.96546325141598,-1.9965033072409075,10.980355491446046,-1.978985187769768,10.993197301573243,8.636782751722885,690.9426201378308,237.38569298216646,10,9.723099996335804,39.77600000507664
506,16.866666666666664,ACQUIRING,0,0,0,0,6.5944616615691904,9.798808231221518,-2.465079434206535,10.630705417451257,-2.468186282941077,10.661866243660283,9.103650745660827,728.2920596528661,232.3780924017991,0,9.874399998807348,49.64539999491535
507,16.9,SEARCH,0,0,0,0,6.593653982884781,9.632143521600913,-2.8447666722832734,10.338212963836405,-2.856473632365018,10.351162486494587,9.477441649326238,758.195331946099,nan,1,4.100899997865781,64.47450000268873
508,16.933333333333334,ACQUIRING,0,0,0,0,6.593889862396675,9.465477021851763,-3.313342799248901,10.134609399110442,-3.283081571359004,10.114372498550537,9.89826399137272,791.8611193098176,488.18271066095195,1,5.784199995105155,45.815700010280125
509,16.96666666666667,ACQUIRING,0,0,0,0,6.594960009241202,9.298813790863315,-3.6930300373256393,10.019894723273367,-3.6900897973011535,10.011112906808883,10.309685715560576,824.774857244846,491.6320159560624,0,5.895900001632981,35.8498999994481
510,17.000000000000004,ACQUIRING,0,0,0,0,6.5965838253918365,9.132155034721052,-3.983828386513489,9.994068936325183,-3.9957431858435637,10.010536427622162,10.628685026114095,850.2948020891275,495.4585498975097,0,5.224100008490495,34.95519999705721
511,17.03333333333334,ACQUIRING,0,0,0,0,6.598500928214911,8.96549939426882,-4.18573784681245,10.057132038265888,-4.196604737749727,10.088537916912927,10.853364541131219,868.2691632904975,499.6339106293971,0,4.708600012236275,38.67619999800809
512,17.066666666666674,ACQUIRING,0,0,0,0,6.601431431986595,8.798858493150812,-4.298758418222522,10.201132183587093,-4.2875592773410185,10.209788448793168,10.980020127830004,878.4016102264004,504.20333943064793,0,12.73580000270158,42.064299996127374
513,17.10000000000001,SEARCH,0,0,0,0,6.605147639213109,8.632233262223357,-4.322890100743705,10.317489467638808,-4.313541735967172,10.310608987275039,11.046932730225052,883.7546184180042,nan,0,10.325199997168966,89.73530000366736
514,17.133333333333344,SEARCH,0,0,0,0,6.609698421520751,8.465628735999829,-4.435910672153777,10.431360871634016,-4.461272983326206,10.450414705071118,11.247478970416495,899.7983176333196,nan,0,17.523899994557723,49.88090001279488
515,17.16666666666668,SEARCH,0,0,0,0,6.616415422289596,8.299097478638188,-4.637820132452738,10.465236072619167,-4.646483866030886,10.496048370369177,11.475168565190126,918.0134852152102,nan,0,9.41939999756869,65.2886000025319
516,17.200000000000014,SEARCH,0,0,0,0,6.626119495735182,8.132713558933366,-4.928618481640588,10.433181067316195,-4.902533811238309,10.430317735767076,11.75537460167878,940.4299681343023,nan,0,11.511099990457296,50.24810000031721
517,17.23333333333335,SEARCH,0,0,0,0,6.639360402255583,7.96657368962953,-5.3083057197173265,10.346525880496259,-5.296491971292174,10.321384583862203,12.16592397768137,973.2739182145098,nan,0,8.769099993514828,47.78610001085326
518,17.266666666666683,ACQUIRING,0,0,0,0,6.655161114644444,7.8006577010516285,-5.776881846682954,10.214413477241647,-5.767295482303796,10.2174309437242,12.655363321910635,1012.4290657528506,756.5027616228247,1,10.953100005281158,45.60630000196397
519,17.30000000000002,ACQUIRING,0,0,0,0,6.6743733179934575,7.635102063816728,-6.156569084759693,10.171189962875925,-6.158239788212874,10.166542871858574,13.07991405545916,1046.393124436733,763.9030194255881,0,11.256799989496358,54.16470000636764
520,17.333333333333353,ACQUIRING,0,0,0,0,6.696000213061866,7.46984452181795,-6.447367433947543,10.21685533739909,-6.441292225980165,10.218434102955973,13.421743452862279,1073.739476228982,771.6214803481702,1,10.180400000535883,44.44070000317879
521,17.36666666666669,ACQUIRING,0,0,0,0,6.72001184968554,7.304916600942101,-6.649276894246504,10.351409600811145,-6.6219589725056585,10.328761718956546,13.6803444663481,1094.427557307848,779.645446498657,0,13.394599998719059,53.56460000621155
522,17.400000000000023,ACQUIRING,0,0,0,0,6.746584298091157,7.140381854570678,-6.762297465656576,10.57485275311209,-6.7538523121407446,10.555274476012128,13.925633927504524,1114.0507142003619,787.9753380262473,0,11.515300007886253,52.04059999960009
523,17.43333333333336,SEARCH,0,0,0,0,6.775094266951451,6.976171746923911,-6.786429148177759,10.81364882521573,-6.8097343175381555,10.811754851572424,14.115922407785863,1129.273792622869,nan,0,11.707099998602644,49.88969999249093
524,17.466666666666693,SEARCH,0,0,0,0,6.805194232979257,6.812245636060197,-6.899449719587831,10.96355600843048,-6.9118639313263355,10.96657296689445,14.332345246143744,1146.5876196914994,nan,0,13.816300008329563,40.28739999921527
525,17.50000000000003,ACQUIRING,0,0,0,0,6.836297404435502,6.648506909721126,-7.101359179886792,11.024574302756342,-7.065276052270957,11.00386739934481,14.567872513403616,1165.4298010722894,897.4421580301303,1,14.716000005137175,45.105299999704584
526,17.533333333333363,ACQUIRING,0,0,0,0,6.867923004304475,6.484868285885843,-7.214379751296864,11.157306941645231,-7.198940100029609,11.144328187702575,14.818475096065503,1185.4780076852403,918.510873437296,1,10.325100010959432,46.75719999067951
527,17.5666666666667,ACQUIRING,0,0,0,0,6.8994527262351895,6.321211161345694,-7.238511433818047,11.378928469423009,-7.252757598409332,11.367990265868508,15.02514680137346,1202.0117441098769,939.6613905974456,0,10.456699994392693,48.45220000424888
528,17.600000000000033,ACQUIRING,0,0,0,0,6.929991622165457,6.157366254152525,-7.173754227450341,11.62131204537362,-7.198354807325646,11.626431988101292,15.149945637987173,1211.9956510389738,960.9878058017985,1,13.206000003265217,50.093600002583116
529,17.63333333333337,ACQUIRING,0,0,0,0,6.960117480242621,5.9934448996776055,-7.020108132193746,11.844113292050809,-6.999021582166435,11.839783203973402,15.133976177196482,1210.7180941757185,982.5120202591625,1,11.628300009761006,45.05380000045989
530,17.666666666666703,ACQUIRING,0,0,0,0,6.989489280540976,5.829386754116309,-6.777573148048263,12.052561129267007,-6.739536198142921,12.032900744128469,15.065514475736572,1205.2411580589257,1004.2000413375966,0,9.218899998813868,46.42709999461658
531,17.70000000000004,SEARCH,0,0,0,0,7.018443625709757,5.665254418260072,-6.446149275013891,12.248742299452672,-6.4521714829466985,12.241226404662141,14.990025983016453,1199.2020786413163,nan,0,12.507099992944859,46.396600009757094
532,17.733333333333373,SEARCH,0,0,0,0,7.045513630241256,5.500800799776189,-6.2036142908684075,12.35603458074945,-6.233097226051069,12.375838661965744,14.952847617741053,1196.2278094192843,nan,0,8.223199998610653,47.55920000025071
533,17.76666666666671,SEARCH,0,0,0,0,7.070189657587578,5.335970974040125,-6.049968195611813,12.374437973157338,-6.053327374379211,12.384827282169242,14.896747112741561,1191.7397690193247,nan,0,5.997899992507882,42.816100001800805
534,17.800000000000043,SEARCH,0,0,0,0,7.092676879304062,5.170828300459819,-5.9852109892441065,12.303952476676336,-5.958151485553268,12.283932765515662,14.863390465831207,1189.0712372664966,nan,0,10.834100001375191,48.18090000480879
535,17.83333333333338,SEARCH,0,0,0,0,7.1114477090056845,5.005222039315832,-6.00934267176529,12.144578091306446,-5.999729946005044,12.101362653922484,14.908326234809952,1192.666098784796,nan,0,6.064600005629472,47.945500002242625
536,17.866666666666713,SEARCH,0,0,0,0,7.127029146363291,4.839285314665594,-6.122363243175362,11.896314817047667,-6.1414935301956,11.919065735195456,15.039181653975575,1203.134532318046,nan,0,7.911200009402819,48.43259998597205
537,17.90000000000005,SEARCH,0,0,0,0,7.140372754536031,4.673153662357222,-6.324272703474323,11.5591626539,-6.316580955394013,11.598308789442239,15.134311239213758,1210.7448991371007,nan,0,7.955299995956011,44.377199999871664
538,17.933333333333383,SEARCH,0,0,0,0,7.151111433265598,4.506833313160495,-6.615071052662173,11.133121601863444,-6.583337530319301,11.135447253744859,15.2503642942268,1220.029143538144,nan,0,12.13590000406839,43.44110000238288
539,17.96666666666672,ACQUIRING,0,0,0,0,7.158994600911251,4.340353183878805,-6.994758290738911,10.618191660937999,-6.994156163068221,10.617311607698019,15.482631675599846,1238.6105340479876,991.0417133218963,1,11.857100005727261,62.42190000193659
540,18.000000000000053,ACQUIRING,0,0,0,0,7.163976209138505,4.173760983109237,-7.285556639926761,10.192150608901443,-7.314867777708104,10.216981024531245,15.689405076818204,1255.1524061454563,999.0342037375818,0,14.388700001291,70.81859999743756
541,18.03333333333339,ACQUIRING,0,0,0,0,7.16734375912146,4.007128341094265,-7.487466100225722,9.854998445753775,-7.4944803347583235,9.876527652276474,15.793002692141224,1263.4402153712979,1005.6469555634527,1,19.144999998388812,70.06710000860039
542,18.066666666666723,ACQUIRING,0,0,0,0,7.169092905912391,3.8404708532238376,-7.600486671635794,9.588632620656842,-7.593690628892464,9.602780423988053,15.847523127758047,1267.801850220644,1013.7262324413178,0,12.929699994856492,71.02730000042357
543,18.10000000000006,ACQUIRING,0,0,0,0,7.169463379426556,3.6738045983095535,-7.624618354156977,9.319298761167344,-7.606109993487706,9.290989214514894,15.80728729133835,1264.582983307068,1022.3113045301102,0,11.682300013490021,56.52489999192767
544,18.133333333333393,ACQUIRING,0,0,0,0,7.168698636991619,3.507139686145097,-7.559861147789271,9.03206970676195,-7.579142811432832,9.028313659021425,15.747450251600517,1259.7960201280412,1031.400060495787,0,11.982700001681224,54.149100003996864
545,18.16666666666673,ACQUIRING,0,0,0,0,7.166804920426927,3.3404837783129704,-7.406215052532676,8.730623083001747,-7.423172807302838,8.75699637627876,15.56297075816737,1245.0376606533896,1040.9743680443326,0,12.251399995875545,52.123400004347786
546,18.200000000000063,SEARCH,0,0,0,0,7.163206271426824,3.173855966999397,-7.17006742191456,8.417101237199729,-7.150464849901042,8.426321116792275,15.246952847022387,1219.7562277617908,nan,0,12.947499999427237,48.85939999076072
547,18.2333333333334,SEARCH,0,0,0,0,7.157818699966383,3.007276400870966,-7.022808680185332,8.014690502508822,-7.005475777089423,7.981478751003507,15.011382330214083,1200.9105864171268,nan,0,10.607200005324557,50.97729999397416
548,18.266666666666733,SEARCH,0,0,0,0,7.151226273695547,2.840740165493672,-6.964438827344994,7.5233908789290265,-7.000528496899641,7.519402809536605,14.905101382541028,1192.4081106032822,nan,0,9.554499993100762,53.85590001242235
549,18.300000000000068,SEARCH,0,0,0,0,7.1437064034430104,2.674243230599474,-6.994957863393544,7.016277175375607,-7.038423488297535,7.021318281372919,14.833403849530209,1186.6723079624167,nan,0,11.26030000159517,51.6671000077622
550,18.333333333333403,SEARCH,0,0,0,0,7.13530424749831,2.507788487340957,-7.114365788330983,6.531896114916149,-7.121384311236791,6.541406314288087,14.816316729694801,1185.305338375584,nan,0,9.097900008782744,44.35459998785518
551,18.366666666666738,SEARCH,0,0,0,0,7.124659024438693,2.341462130428444,-7.322662602157311,6.06523641422967,-7.318812255854885,6.047569390401516,14.911374639753726,1192.909971180298,nan,0,4.815899999812245,36.03820000716951
552,18.400000000000073,SEARCH,0,0,0,0,7.111157888491364,2.17534320584154,-7.619848304872527,5.612380010462253,-7.631066077655517,5.5983176912663515,15.134395323101108,1210.7516258480887,nan,0,3.425800008699298,28.060799988452345
553,18.433333333333408,SEARCH,0,0,0,0,7.0961146071650205,2.0093568284947403,-8.005922896476633,5.170283246117807,-8.019187411089227,5.174384529059418,15.443113528313605,1235.4490822650885,nan,0,3.5324999917065725,31.4799000043422
554,18.466666666666743,SEARCH,0,0,0,0,7.0790352441093765,1.8435675853714566,-8.480886376969627,4.736601716744423,-8.491623089528531,4.747190461743411,15.839079100474187,1267.126328037935,nan,0,5.265699990559369,29.100500003551133
555,18.500000000000078,SEARCH,0,0,0,0,7.060427868204098,1.6779428790631963,-9.044738746351511,4.309550050664795,-9.001435241172207,4.287221078812419,16.272423890374476,1301.793911229958,nan,0,17.738199996529147,41.03130000294186
556,18.533333333333413,SEARCH,0,0,0,0,7.040678607204353,1.5124504488201735,-9.697480004622284,3.8877896362244635,-9.665902946559102,3.8368657628803864,16.86750644774701,1349.400515819761,nan,0,8.054999998421408,39.20569999900181
557,18.566666666666748,SEARCH,0,0,0,0,7.019655755470255,1.347114979296106,-10.439110151781945,3.470338709007976,-10.445025349470237,3.4625534107943094,17.59233258708819,1407.3866069670553,nan,0,10.554699998465367,51.99559999164194
558,18.600000000000083,SEARCH,0,0,0,0,6.998603419531201,1.181783261439891,-11.269629187830494,3.056500329050402,-11.297833042335663,3.0740340896513896,18.394026215051408,1471.5220972041125,nan,0,7.280499994521961,34.82400000211783
559,18.633333333333418,SEARCH,0,0,0,0,6.97883278364656,1.016293383397472,-12.102962521163828,2.6458046721296733,-12.079300246912911,2.6434897140737643,19.127472454798315,1530.1977963838654,nan,0,6.743600009940565,33.94490000209771
560,18.666666666666753,SEARCH,0,0,0,0,6.9602128646187325,0.8506700867475898,-12.936295854497162,2.2379627744679094,-12.933658281206316,2.2176130695198264,19.940778377105563,1595.2622701684447,nan,0,4.435599999851547,38.149599989992566
561,18.700000000000088,SEARCH,0,0,0,0,6.943607666070573,0.6848326809582023,-13.769629187830496,1.8328294423603422,-13.779386287820998,1.8276323051602752,20.754480706442717,1660.3584565154174,nan,0,3.555399991455488,28.853600000729784
562,18.733333333333423,SEARCH,0,0,0,0,6.928494474270169,0.5188526544146992,-14.533631414135957,1.4303734959991434,-14.575154094055353,1.4536307180687238,21.52395669430547,1721.9165355444375,nan,0,3.4478000015951693,25.31240000098478
563,18.766666666666758,SEARCH,0,0,0,0,6.9148987804967454,0.35274144200386554,-15.20874475155253,1.030653882954734,-15.193439201385841,1.0432921978880318,22.119119979501995,1769.5295983601595,nan,0,6.183399993460625,25.61969999806024
564,18.800000000000093,SEARCH,0,0,0,0,6.904106848752594,0.1864245397148698,-15.794969200080214,0.6338004897298548,-15.762915684972743,0.6235369297818895,22.671236794360432,1813.6989435488347,nan,0,13.017499994020909,61.642100001336075
565,18.833333333333428,SEARCH,0,0,0,0,6.897079290295562,0.01990609869433066,-16.29230475971901,0.2399987141602431,-16.290918198230575,0.23948843959647081,23.189037149746653,1855.1229719797325,nan,0,7.46580000850372,33.48669999104459
566,18.866666666666763,SEARCH,0,0,0,0,6.893932576538184,-0.1467308599022151,-16.700751430468916,-0.15052295108082053,-16.706673118575416,-0.12620056931874502,23.6006146248156,1888.049169985248,nan,0,6.354400000418536,36.27050000068266
567,18.900000000000098,SEARCH,0,0,0,0,6.893957637247202,-0.31339752468476434,-17.020309212329934,-0.5375029236336122,-17.026349688201442,-0.5216087278268685,23.921213481949987,1913.6970785559993,nan,0,3.8911000010557473,35.54789999907371
568,18.933333333333433,SEARCH,0,0,0,0,6.896592300809148,-0.48004336569405304,-17.250978105302064,-0.9206546050349532,-17.23775141379554,-0.9275724096230958,24.138492678289566,1931.079414263165,nan,0,4.658500009099953,28.09349999006372
569,18.966666666666768,SEARCH,0,0,0,0,6.901770390795948,-0.6466295750928697,-17.392758109385305,-1.299672906526105,-17.37503719396472,-1.3241511901307033,24.286259943563493,1942.9007954850792,nan,0,4.868199990596622,35.44469999906141
570,19.000000000000103,SEARCH,0,0,0,0,6.90820085052706,-0.8131721431210597,-17.445649224579654,-1.6742395340952205,-17.4646272734354,-1.6794120541769884,24.388216875034583,1951.0573500027667,nan,0,4.565099996398203,26.028700012830086
571,19.033333333333438,SEARCH,0,0,0,0,6.915277885259278,-0.9796884887366681,-17.409651450885114,-2.044027278340602,-17.42145959203891,-2.024355496415217,24.359148593410698,1948.7318874728558,nan,0,4.811599996173754,24.00330000091344
572,19.066666666666773,SEARCH,0,0,0,0,6.922373757451263,-1.1462040326826097,-17.284764788301686,-2.4087035056053163,-17.278131729683025,-2.3967276005518556,24.232793380595087,1938.623470447607,nan,0,20.995300001231954,46.27720000280533
573,19.100000000000108,SEARCH,0,0,0,0,6.930245323170183,-1.3126847109336022,-17.07098923682937,-2.7679330075283812,-17.080331830973208,-2.7738142495579345,24.05499355235235,1924.399484188188,nan,0,11.058799995225854,50.22030000691302
574,19.133333333333443,SEARCH,0,0,0,0,6.938728534095587,-1.4791353429845886,-16.782943339993874,-3.1213803347164286,-16.804053783869985,-3.1145733930051565,23.79904136333549,1903.9233090668395,nan,0,5.113399995025247,39.82360000372864
575,19.166666666666778,SEARCH,0,0,0,0,6.946565527379976,-1.6456176522971346,-16.505109302113297,-3.468711715089669,-16.54093623877556,-3.437349031228379,23.555743260389946,1884.4594608311957,nan,0,4.374700001790188,35.41939999558963
576,19.200000000000113,SEARCH,0,0,0,0,6.9531514740002285,-1.8121541440486213,-16.23339716062505,-3.8095966373387586,-16.224632368280307,-3.7795658312829796,23.26113437875606,1860.8907503004848,nan,0,4.564100003335625,33.966299990424886
577,19.233333333333448,SEARCH,0,0,0,0,6.958206611851022,-1.978744129819337,-15.964589684299042,-4.143709163838365,-15.951572518799477,-4.15339571174571,23.01275927215083,1841.0207417720662,nan,0,3.37289999879431,30.75360000366345
578,19.266666666666783,SEARCH,0,0,0,0,6.962210542587036,-2.1453626951607747,-15.696169536328442,-4.470729024493171,-15.715156861909602,-4.479986268825908,22.79722482297439,1823.7779858379508,nan,0,3.805200001806952,25.280599991674535
579,19.300000000000118,ACQUIRING,0,0,0,0,6.9651376750215865,-2.3120036555321324,-15.426180930875821,-4.790342532698788,-15.474543735497301,-4.785146152626668,22.575556152983737,1806.044492238699,1478.9438337086656,1,7.121000002371147,26.688999991165474
580,19.333333333333453,ACQUIRING,0,0,0,0,6.967696264806403,-2.4786506818965135,-15.067303436534312,-5.021067152015516,-15.077620159136444,-5.0166885777965184,22.190935369938526,1775.274829595082,1477.992624382465,0,6.741000004694797,60.47670000407379
581,19.366666666666788,ACQUIRING,0,0,0,0,6.970144432775449,-2.645299367013958,-14.619537053303912,-5.162902882443356,-14.608226524961648,-5.182964591150995,21.727076148886354,1738.166091910908,1415.601550455738,1,6.432700000004843,49.22000000078697
582,19.400000000000123,ACQUIRING,0,0,0,0,6.973880731198696,-2.811924148639832,-14.082881781184623,-5.225667493332747,-14.089018723297759,-5.228881598866666,21.20111828999673,1696.0894631997387,1384.1094712028753,0,8.765299993683584,39.8194000008516
583,19.433333333333458,ACQUIRING,0,0,0,0,6.978290587329424,-2.978532464598802,-13.457337620176446,-5.30312919701851,-13.49044603525682,-5.286327685957173,20.598424641426533,1647.8739713141226,1352.6869740190182,0,8.326700000907294,35.1373000012245
584,19.466666666666793,ACQUIRING,0,0,0,0,6.9833827176305245,-3.145121323730421,-12.74290457027938,-5.397508593896268,-12.751438227391512,-5.37831303624856,19.86077296977487,1588.8618375819897,1321.3358632175946,0,4.215799999656156,28.560200007632375
585,19.500000000000128,ACQUIRING,0,0,0,0,6.9892764057779795,-3.3116837511196686,-11.939582631493426,-5.505925527420178,-11.912646981052944,-5.508430359344155,19.02914615484288,1522.3316923874306,1290.0668721152497,0,4.454800000530668,35.6508999975631
586,19.533333333333463,SEARCH,0,0,0,0,6.996113785653809,-3.4782101094363367,-11.106249298160092,-5.626227106350974,-11.094424449848505,-5.636341988183995,18.21881189474874,1457.5049515798992,nan,0,7.013199996436015,27.44800000800751
587,19.566666666666798,SEARCH,0,0,0,0,7.004714897510679,-3.644654690761784,-10.361804853715649,-5.77095101528983,-10.384113868843272,-5.782894749449169,17.51980126640009,1401.584101312007,nan,0,10.355899998103268,33.83200000098441
588,19.600000000000133,SEARCH,0,0,0,0,7.016426334062422,-3.810909375001574,-9.706249298160094,-5.941099297527715,-9.698734941575594,-5.935863544653559,16.849689810014606,1347.9751848011688,nan,0,10.613899998134002,37.79700001177844
589,19.633333333333468,SEARCH,0,0,0,0,7.030756917200763,-3.9769588018740953,-9.139582631493427,-6.129695113336481,-9.13372626886289,-6.129251215863414,16.307141972395115,1304.5713577916092,nan,0,4.274000006262213,41.452099991147406
590,19.666666666666803,SEARCH,0,0,0,0,7.0485340460125885,-4.14267467760417,-8.66180485371565,-6.331108074703997,-8.636472775189711,-6.3613726850739365,15.841150836650506,1267.2920669320406,nan,0,4.309099997044541,40.63250000763219
591,19.700000000000138,SEARCH,0,0,0,0,7.070114218310993,-4.307938327392467,-8.27291596482676,-6.540787169657918,-8.287225476938438,-6.56405793578904,15.522176335896825,1241.774106871746,nan,0,4.4329000083962455,32.306299995980226
592,19.733333333333473,SEARCH,0,0,0,0,7.095386163773213,-4.472677838592216,-7.97291596482676,-6.7550471270036665,-8.017252151430315,-6.730879846162382,15.280422544980608,1222.4338035984488,nan,0,3.446499991696328,29.325800001970492
593,19.766666666666808,SEARCH,0,0,0,0,7.123554046006755,-4.636946971993032,-7.761804853715649,-6.970897530845267,-7.7799981093342705,-6.9478724140473975,15.081652536963722,1206.532202957098,nan,0,9.211900003720075,35.047899989876896
594,19.800000000000143,SEARCH,0,0,0,0,7.152891604969683,-4.801011244191078,-7.639582631493427,-7.18590613240471,-7.627528958003611,-7.213062953374975,14.975941555245893,1198.0753244196712,nan,0,4.838599998038262,33.568800005014054
595,19.833333333333478,SEARCH,0,0,0,0,7.182833051194891,-4.964966383103284,-7.606249298160094,-7.39808951717535,-7.616229627675759,-7.420126214481935,15.001335472908982,1200.1068378327186,nan,0,9.9251999927219,40.15630000503734
596,19.866666666666813,SEARCH,0,0,0,0,7.212310451002168,-5.129005587802586,-7.661804853715649,-7.605825653862588,-7.6920398344849765,-7.603539412193964,15.108374336127556,1208.6699468902043,nan,0,7.271099995705299,43.856899996171705
597,19.900000000000148,SEARCH,0,0,0,0,7.2418992907359385,-5.293024727969175,-7.806249298160094,-7.80778394630117,-7.795436180535827,-7.7881879462791375,15.24294254931032,1219.4354039448256,nan,0,3.258500000811182,32.269300005282275
598,19.933333333333483,SEARCH,0,0,0,0,7.271504579513161,-5.457040899898027,-8.039582631493428,-8.002869285329217,-8.0192294694746,-8.00668163296861,15.5018455554365,1240.14764443492,nan,0,4.781900002853945,34.16039999865461
599,19.966666666666818,SEARCH,0,0,0,0,7.301392500195239,-5.621005804603515,-8.36180485371565,-8.190177298233444,-8.37020044106163,-8.21247962003215,15.884412543512724,1270.753003481018,nan,0,4.739099997095764,32.791600009659305
600,20.000000000000153,SEARCH,0,0,0,0,7.330648988023129,-5.785084553068251,-8.623703058146956,-8.368958553889138,-8.653900006453396,-8.360510334201093,16.190695615412707,1295.2556492330166,nan,0,5.384399992180988,32.131700005265884
601,20.033333333333488,SEARCH,0,0,0,0,7.3577421052624725,-5.94953436540026,-8.796712373689374,-8.538589930127474,-8.833566233039564,-8.50718686474133,16.39207284065547,1311.3658272524376,nan,0,4.454199995961972,29.65730000869371
602,20.066666666666823,SEARCH,0,0,0,0,7.3813410201442835,-6.114521846725902,-8.880832800342903,-8.698551708591422,-8.881070162064969,-8.700126543876236,16.466674500613973,1317.3339600491176,nan,0,5.4788999987067655,31.924399998388253
603,20.100000000000158,SEARCH,0,0,0,0,7.402157916252694,-6.279883373733212,-8.876064338107543,-8.848409249325979,-8.864642723578214,-8.87059658417153,16.471812225579274,1317.7449780463419,nan,0,8.853400009684265,57.12429998675361
604,20.133333333333493,SEARCH,0,0,0,0,7.419493630121659,-6.4456460076481905,-8.782406986983295,-8.98779832693736,-8.811355833265445,-9.00918070389414,16.432047481734898,1314.5637985387918,nan,0,6.318900006590411,47.565999993821606
605,20.166666666666828,SEARCH,0,0,0,0,7.432931974398569,-6.611770023614796,-8.599860746970158,-9.116413393828369,-8.615121642936144,-9.109806603316237,16.241311882307297,1299.3049505845838,nan,0,3.7481000035768375,38.16250000090804
606,20.200000000000163,SEARCH,0,0,0,0,7.444158926655074,-6.778058126980034,-8.350349870604383,-9.233998182956377,-8.341111894885612,-9.233174175362722,15.975054607744225,1278.004368619538,nan,0,5.742000008467585,33.28719999990426
607,20.233333333333498,SEARCH,0,0,0,0,7.453347847791843,-6.944471292042538,-8.071552088232112,-9.340338180113031,-8.038698765909698,-9.366342537089428,15.680209456786168,1254.4167565428934,nan,0,4.9875999975483865,33.72579999268055
608,20.266666666666833,SEARCH,0,0,0,0,7.459203545749482,-7.111035059348656,-7.768984536075345,-9.435254589767979,-7.7758737242686795,-9.429841767183284,15.410530294954905,1232.8424235963923,nan,0,7.190799995441921,35.867400001734495
609,20.300000000000168,SEARCH,0,0,0,0,7.462776236090271,-7.277663429266586,-7.447135736695488,-9.518599493754602,-7.4634084000107626,-9.484037579455041,15.088375481860146,1207.0700385488115,nan,0,11.62330000079237,55.86049999692477
610,20.333333333333503,SEARCH,0,0,0,0,7.465788796885098,-7.444302867141404,-7.109671167830557,-9.590251962265276,-7.097132550251455,-9.565238503514635,14.71655687097099,1177.3245496776792,nan,0,4.099099998711608,31.92569999373518
611,20.366666666666838,SEARCH,0,0,0,0,7.469069678496735,-7.610937238126589,-6.759597649737465,-9.65011492477621,-6.731218959507217,-9.656876358484519,14.346918285361324,1147.7534628289059,nan,0,4.267299998900853,36.5724000002956
612,20.400000000000173,SEARCH,0,0,0,0,7.471631674575165,-7.777584212158139,-6.399394788379552,-9.698112647044871,-6.412519446338732,-9.694857622842791,14.015904882657166,1121.2723906125732,nan,0,4.697899988968857,32.65649999957532
613,20.433333333333508,SEARCH,0,0,0,0,7.473582448230331,-7.944239461880205,-6.031120064376278,-9.734188691142123,-6.062748355564244,-9.718235515089269,13.65208092660453,1092.1664741283623,nan,0,3.1845000048633665,30.218500003684312
614,20.466666666666843,SEARCH,0,0,0,0,7.474524503141235,-8.11090346612324,-5.6564928396916105,-9.758304260137308,-5.666090414289092,-9.757554616856915,13.243384024500873,1059.47072196007,nan,0,6.042300010449253,30.700699993758462
615,20.500000000000178,SEARCH,0,0,0,0,7.4740224189140605,-8.277569376522477,-5.276961499683329,-9.770436848780019,-5.258930376742759,-9.796708807240805,12.823255105720545,1025.8604084576436,nan,0,4.108300010557286,45.673400003579445
616,20.533333333333513,SEARCH,0,0,0,0,7.472136063996703,-8.444225367842632,-4.8937571046503665,-9.770579137303386,-4.887222985969614,-9.79796261013533,12.433276344035571,994.6621075228456,nan,0,4.175699999905191,31.321899994509295
617,20.566666666666848,SEARCH,0,0,0,0,7.468751397383515,-8.610857663060862,-4.507936250225139,-9.758738078099109,-4.514420411851035,-9.748152351280154,12.037019806309427,962.9615845047542,nan,0,5.010499997297302,37.63299999991432
618,20.600000000000183,SEARCH,0,0,0,0,7.464652072573875,-8.777473908709007,-4.1204152961241265,-9.73493413511533,-4.131541004178167,-9.723936228958998,11.634753319128212,930.780265530257,nan,0,4.444999998668209,24.40889998979401
619,20.633333333333518,SEARCH,0,0,0,0,7.459752699606438,-8.944068548245529,-3.731997690900916,-9.699200643909542,-3.725890051527397,-9.690034222126377,11.210489219592578,896.8391375674062,nan,0,4.677799995988607,35.91000000596978
620,20.666666666666853,SEARCH,0,0,0,0,7.453400617074523,-9.110614124065739,-3.343395774849105,-9.651583266754063,-3.3247626752236905,-9.649373095740929,10.791620137171488,863.3296109737191,nan,0,4.866200004471466,32.26239999639802
621,20.700000000000188,SEARCH,0,0,0,0,7.445655937311961,-9.277100753298098,-2.9552481668029733,-9.59213952236416,-2.9684093970258068,-9.606441163572237,10.419271658503542,833.5417326802832,nan,0,8.396300007007085,35.21449999243487
622,20.733333333333523,SEARCH,0,0,0,0,7.4368435959517045,-9.44353428482804,-2.5681336194626527,-9.52093837395727,-2.593806851063607,-9.498134950561138,10.030799052064943,802.4639241651955,nan,0,11.196300009032711,47.20430000452325
623,20.766666666666858,SEARCH,0,0,0,0,7.427373988570484,-9.609931713635769,-2.1825820509716856,-9.43805986266268,-2.1699565718043714,-9.421752573807161,9.599175239246952,767.9340191397562,nan,0,4.749200001242571,42.006299991044216
624,20.800000000000193,SEARCH,0,0,0,0,7.415691879931283,-9.776188461214685,-1.7990833189540354,-9.343594775949963,-1.7604332274422914,-9.346267306764299,9.186190950835696,734.8952760668557,nan,0,4.079000005731359,36.15980000176933
625,20.833333333333528,SEARCH,0,0,0,0,7.402253586872746,-9.942312481324514,-1.4180941899993242,-9.237644342863712,-1.4339567669851392,-9.248435251100096,8.863412380581714,709.0729904465371,nan,0,3.6770000006072223,29.43260000029113
626,20.866666666666863,SEARCH,0,0,0,0,7.385749731702698,-10.108160003290637,-1.0400438670084808,-9.120319949547595,-1.0872200672015195,-9.108158118003066,8.531777129280961,682.5421703424769,nan,0,3.377200002432801,25.602299996535294
627,20.900000000000198,SEARCH,0,0,0,0,7.3668108222581905,-10.273747126844464,-0.6653383643492761,-8.991742869897257,-0.6899767927060321,-8.98954163274734,8.158493146636216,652.6794517308973,nan,0,8.71470000129193,35.55410000262782
628,20.933333333333533,SEARCH,0,0,0,0,7.343706367386169,-10.438804577275652,-0.29436396279915833,-8.852044007266642,-0.26562029908010254,-8.892326362230657,7.7648855230842555,621.1908418467403,nan,0,7.826700006262399,60.62839999503922
629,20.966666666666868,SEARCH,0,0,0,0,7.317158712634798,-10.603343325918578,0.07251007012639654,-8.701363644020411,0.07440456105766483,-8.740316619136765,7.4785263394849455,598.2821071587956,nan,0,4.8867000004975125,38.64830000384245
630,21.000000000000203,SEARCH,0,0,0,0,7.286155549938926,-10.767101017892516,0.4349293459668811,-8.539851196419464,0.4132171767603539,-8.527631157682947,7.228589567564172,578.2871654051337,nan,0,6.195800000568852,44.02239999035373
631,21.033333333333537,SEARCH,0,0,0,0,7.251972999193269,-10.930224685710213,0.7925526884235883,-8.367664972881876,0.7792202476589731,-8.356976044412976,6.965496159817539,557.239692785403,nan,0,4.244299998390488,40.967699998873286
632,21.066666666666872,SEARCH,0,0,0,0,7.214006575602125,-11.092509399893267,1.145050838722907,-8.184971934105654,1.1759468994189768,-8.190558263018618,6.699215256577222,535.9372205261778,nan,0,8.248500002082437,41.53800000494812
633,21.100000000000207,SEARCH,0,0,0,0,7.1733823265990555,-11.254149271740266,1.49210545718038,-7.991947453894721,1.5107898284583068,-8.010583040138439,6.525770123041997,522.0616098433597,nan,0,11.017700002412312,41.884999998728745
634,21.133333333333542,SEARCH,0,0,0,0,7.130347774192071,-11.41516419364786,1.8334083601126914,-7.788775079813329,1.8121727237251044,-7.7808670543892315,6.441358673745219,515.3086938996175,nan,0,11.755600004107691,42.323499990743585
635,21.166666666666877,SEARCH,0,0,0,0,7.085077709450626,-11.575564938708732,2.168660943408621,-7.575646293020744,2.1609205456302227,-7.555370341572417,6.356830056942518,508.5464045554014,nan,0,4.037299993797205,32.42390000377782
636,21.200000000000212,SEARCH,0,0,0,0,7.037294948977637,-11.735235178826791,2.4975737538025364,-7.352760266819103,2.5177069416938167,-7.348200891183316,6.2986304540386575,503.8904363230926,nan,0,3.5422000073594972,27.888600001460873
637,21.233333333333547,SEARCH,0,0,0,0,6.988344716309652,-11.894551381704991,2.8198661766815407,-7.120323623591716,2.8534658580292294,-7.133887192668723,6.305644034785564,504.45152278284513,nan,0,15.1968999998644,41.54630000994075
638,21.266666666666882,SEARCH,0,0,0,0,6.938806318741895,-12.053685680158205,3.1352662154888016,-6.8785501899242965,3.1419057977313156,-6.8906604612911835,6.408844121766987,512.7075297413589,nan,0,9.352299995953217,55.71260000579059
639,21.300000000000217,SEARCH,0,0,0,0,6.888335611780942,-12.212526750151577,3.4435103427722313,-6.627660749793164,3.414816864975262,-6.616316752603387,6.586569579156422,526.9255663325138,nan,0,17.170900013297796,52.51459999999497
640,21.333333333333552,SEARCH,0,0,0,0,6.838480376226391,-12.371562070962955,3.744343406918306,-6.367882795777349,3.7594596469576613,-6.348982658681055,6.76401001097044,541.1208008776352,nan,0,9.91349999094382,56.12580000888556
641,21.366666666666887,SEARCH,0,0,0,0,6.789676652041491,-12.530923215171518,4.037518581804693,-6.099450278309255,4.059974777958344,-6.107979591173711,6.978930943807018,558.3144755045615,nan,0,12.997900004847907,54.635799999232404
642,21.400000000000222,SEARCH,0,0,0,0,6.743691456725726,-12.691120404877045,4.322797349161767,-5.822603353024251,4.322348220229834,-5.8260262220168375,7.279589357131724,582.3671485705379,nan,0,3.949100006138906,41.51310000452213
643,21.433333333333557,SEARCH,0,0,0,0,6.699637141362263,-12.851859308306285,4.599949505479577,-5.5375881263054145,4.5724483948154475,-5.530546053904039,7.624077631590684,609.9262105272547,nan,0,5.738099993322976,31.281400006264448
644,21.466666666666892,SEARCH,0,0,0,0,6.657527280425753,-13.013118532506594,4.868753186935188,-5.244656399147928,4.861063215386642,-5.240250668787503,7.977766477142198,638.2213181713759,nan,0,11.747700002160855,36.588100003427826
645,21.500000000000227,SEARCH,0,0,0,0,6.6181109995479295,-13.175057207873346,5.128994907127319,-4.944065409489455,5.171079088726067,-4.942626727802222,8.358637027658327,668.6909622126661,nan,0,9.814200006076135,43.45209999883082
646,21.533333333333562,SEARCH,0,0,0,0,6.579302578160352,-13.337142630435592,5.380469603455999,-4.6360775731696675,5.3863504540946945,-4.661472061602748,8.757305212748108,700.5844170198485,nan,0,11.639100004686043,50.15049999929033
647,21.566666666666897,SEARCH,0,0,0,0,6.542584304322805,-13.499714295076663,5.6229806888267,-4.320960223695012,5.593902894413037,-4.333198613541292,9.21547644765816,737.2381158126527,nan,0,5.312699999194592,58.370600003399886
648,21.600000000000232,SEARCH,0,0,0,0,6.506027761290271,-13.662322403543886,5.856340106033051,-3.9989853509942264,5.838285173081563,-3.9628082396413005,9.72247166001807,777.7977328014456,nan,0,16.782799997599795,49.951699998928234
649,21.633333333333567,SEARCH,0,0,0,0,6.4688833422511465,-13.824797232092877,6.080368382712948,-3.6704293393571303,6.096681621349265,-3.660810765350544,10.170799133655311,813.6639306924249,nan,0,7.94060000043828,45.421500006341375
650,21.666666666666902,SEARCH,0,0,0,0,6.430004142794688,-13.986865691786312,6.2948946852066205,-3.3355727047539427,6.304984538560134,-3.353069933261935,10.634530649514062,850.7624519611251,nan,0,4.692600006819703,43.74999999708962
651,21.700000000000237,SEARCH,0,0,0,0,6.389541874255843,-14.148546187216244,6.499756869993196,-2.9946998317354483,6.485892648383774,-2.996518445138581,11.152443957794404,892.1955166235522,nan,0,4.374700001790188,36.10530000878498
652,21.733333333333572,SEARCH,0,0,0,0,6.348354933261064,-14.310043597936263,6.694801531661699,-2.6480987101160594,6.673034138060299,-2.6116375623480717,11.70291076440025,936.2328611520201,nan,0,9.198400002787821,43.29519999737386
653,21.766666666666907,SEARCH,0,0,0,0,6.307661161368837,-14.471665980999257,6.879884046596989,-2.296060671642227,6.882993799932006,-2.3053966287776912,12.179865253597915,974.3892202878332,nan,0,10.400699989986606,46.389100010856055
654,21.800000000000242,SEARCH,0,0,0,0,6.266602867186373,-14.633196146159216,7.054868611741648,-1.9388801268483924,7.0900573537328615,-1.962099548995277,12.697825257345176,1015.826020587614,nan,0,9.453599996049888,51.24680000881199
655,21.833333333333577,SEARCH,0,0,0,0,6.225696253565668,-14.794764790208314,7.219628277940221,-1.5768543023014452,7.231450366987406,-1.5838772559464134,13.249116603743104,1059.9293282994483,nan,0,4.23590000718832,38.76559999480378
656,21.866666666666912,SEARCH,0,0,0,0,6.184856799039798,-14.956350423022023,7.374044977489386,-1.2102829784328946,7.370408631280642,-1.2021303127635512,13.80522017167304,1104.4176137338432,nan,0,14.661099994555116,38.15229999599978
657,21.900000000000247,SEARCH,0,0,0,0,6.144615227179971,-15.11808599014326,7.518009545612236,-0.8394682281556616,7.533990952376887,-0.8172130430905418,14.36820559267965,1149.456447414372,nan,0,6.927799986442551,45.53430000669323
658,21.933333333333582,SEARCH,0,0,0,0,6.104712188212818,-15.279905411903949,7.6514217356513345,-0.4647141564597401,7.66256186022656,-0.4785022767872809,14.883159287222416,1190.6527429777932,nan,0,7.687999997870065,60.05080000613816
659,21.966666666666917,SEARCH,0,0,0,0,6.064933485925313,-15.441755443173948,7.774190227837172,-0.0863266411779392,7.771180565706304,-0.10763737518363639,15.42875419534345,1234.300335627476,nan,0,5.540900005144067,42.09949998767115
660,22.000000000000252,SEARCH,0,0,0,0,6.026017428171704,-15.603815056362107,7.886232631539076,0.29538692489053303,7.866586633555836,0.2949810805498489,16.00498089979788,1280.3984719838304,nan,0,4.837700005737133,43.919200004893355
661,22.033333333333587,SEARCH,0,0,0,0,5.988697057362668,-15.766249559163864,7.987475480946527,0.6801178903143303,7.981447596789108,0.7019776345887321,16.58835620600899,1327.068496480719,nan,0,8.889900011126883,43.69149998819921
662,22.066666666666922,SEARCH,0,0,0,0,5.953509200089077,-15.929159327067053,8.077854224162401,1.0675565996415939,8.112168377013129,1.0762648496988436,17.1418861527503,1371.350892220024,nan,0,10.913599995546974,49.71710000245366
663,22.100000000000257,ACQUIRING,0,0,0,0,5.919540658050193,-16.09232769388345,8.157313205717074,1.457392646112466,8.172068095759343,1.4306267161268356,17.66713930190543,1413.3711441524345,1644.6114850463828,34,22.462200009613298,51.60399999294896
664,22.133333333333592,ACQUIRING,0,0,0,0,5.869452161685117,-16.251289702897125,8.147883298382856,1.9361175814722271,8.129139521200718,1.9437540652278849,18.334824915628165,1466.7859932502531,1685.1391317988507,28,10.601099987979978,43.72760000114795
665,22.166666666666927,ACQUIRING,0,0,0,0,5.803744178692474,-16.404457058259865,8.04956450215975,2.503731405720877,8.037367134004016,2.5442130738411457,19.079862978587443,1526.3890382869954,1724.8384250518156,0,8.703300001798198,44.30179999326356
666,22.200000000000262,ACQUIRING,0,0,0,0,5.723073241518156,-16.550299362387285,7.862356817047756,3.160234118858416,7.885376421999524,3.1905227714178275,19.858892556304585,1588.711404504367,1763.9774051098607,0,15.231400000629947,70.84100000793114
667,22.233333333333597,ACQUIRING,0,0,0,0,5.628245387500141,-16.6873594071856,7.586260243046873,3.8877121152091725,7.6312997272005205,3.87943044644365,20.66410103467217,1653.1280827737737,1802.4619282616256,0,11.664099991321564,57.533600003807805
668,22.266666666666932,ACQUIRING,0,0,0,0,5.520208105209857,-16.81426773399321,7.221274780157101,4.550050777730706,7.214827823495939,4.569895243579931,21.45120421423967,1716.0963371391736,1840.2037819277848,0,13.894399991841055,52.15420000604354
669,22.300000000000267,SEARCH,0,0,0,0,5.400040867459571,-16.92975631675897,6.874472448137309,5.164739694787199,6.850270800992889,5.185310471323398,22.162566320294673,1773.005305623574,nan,0,6.739699994795956,56.82189999788534
670,22.333333333333602,SEARCH,0,0,0,0,5.268944345566875,-17.032671231739332,6.616559005006407,5.690539722954804,6.6223762614980775,5.698189291031221,22.77111762862574,1821.6894102900592,nan,0,3.318500006571412,38.633000003756024
671,22.366666666666937,SEARCH,0,0,0,0,5.128228412643773,-17.121984187122965,6.447534450764394,6.127450862233519,6.469165344716473,6.108400578401879,23.269054304163834,1861.5243443331067,nan,0,5.430199991678819,31.103700006497093
672,22.400000000000272,SEARCH,0,0,0,0,4.97929905577753,-17.196802797382613,6.367398785411269,6.475473112623345,6.390020139991017,6.446992939797634,23.685844102310295,1894.8675281848236,nan,0,4.060899998876266,37.87539999757428
673,22.433333333333607,SEARCH,0,0,0,0,4.823644327872453,-17.256379499696305,6.376152008947034,6.734606474124283,6.359123323151954,6.723197059322836,24.028686765922203,1922.2949412737762,nan,0,12.883399991551414,35.40659999998752
674,22.466666666666942,SEARCH,0,0,0,0,4.662819479517156,-17.30011902334796,6.473794121371687,6.904850946736332,6.455960845458722,6.921672252008795,24.288073792402713,1943.0459033922173,nan,0,9.147699995082803,52.56280000321567
675,22.500000000000277,SEARCH,0,0,0,0,4.498431419434779,-17.327584337475617,6.660325122685229,6.986206530459492,6.674870450602067,6.979219935095966,24.404049270592218,1952.3239416473775,nan,0,10.518499999307096,63.85200000659097
676,22.533333333333612,SEARCH,0,0,0,0,4.332122658782199,-17.338501017739336,6.9357450128876605,6.978673225293763,6.952934054373372,6.964671117539179,24.444075523697734,1955.5260418958187,nan,0,10.040300010587089,56.63279999862425
677,22.566666666666947,SEARCH,0,0,0,0,4.165554899721486,-17.332759988278497,7.220740346230679,6.882251031239145,7.196578853025385,6.897250073507412,24.418855292575618,1953.5084234060496,nan,0,4.157699993811548,44.24130001279991
678,22.600000000000282,SEARCH,0,0,0,0,4.000392432241196,-17.310418611561744,7.43594101015006,6.828259725675613,7.42612795562283,6.850881895417624,24.40295281445916,1952.2362251567326,nan,0,4.352299991296604,37.238600009004585
679,22.633333333333617,SEARCH,0,0,0,0,3.838285505120939,-17.27170011524015,7.59313160113793,6.86315730900097,7.616534979398008,6.861211043915146,24.426882120024185,1954.1505696019349,nan,0,5.895199996302836,31.540800002403557
680,22.666666666666952,SEARCH,0,0,0,0,3.6808538371910737,-17.21699136173033,7.701754273747925,6.970131710434418,7.743372031386359,6.9570202606942475,24.51299434992156,1961.0395479937245,nan,0,9.527000001980923,45.44960000202991
681,22.700000000000287,SEARCH,0,0,0,0,3.5296704336375653,-17.14683898281304,7.76937879649298,7.133563955224387,7.746488631495285,7.126516501962097,24.636910159434507,1970.9528127547608,nan,0,5.634000001009554,42.215900000883266
682,22.733333333333622,SEARCH,0,0,0,0,3.3856830612655227,-17.06290201613463,7.802078573197214,7.341604645015265,7.798595061148878,7.358638828369554,24.817039499877914,1985.363159990233,nan,0,7.859799996367656,45.13959999894723
683,22.766666666666957,SEARCH,0,0,0,0,3.2493140882216442,-16.96708301505063,7.804731435787399,7.584717092667546,7.808328708299958,7.577302128698505,24.964203500027416,1997.1362800021934,nan,0,9.623200006899424,45.54880000068806
684,22.800000000000292,SEARCH,0,0,0,0,3.1207102158693294,-16.861069705538252,7.781260253342428,7.855215485779583,7.821410520565635,7.820956939678053,25.12566462145309,2010.0531697162473,nan,0,14.721999992616475,54.23690000316128
685,22.833333333333627,SEARCH,0,0,0,0,2.9998175380512664,-16.746340728258073,7.734825393285812,8.146895454593075,7.738153447507584,8.108428857209786,25.302399062886135,2024.191925030891,nan,0,9.173300000838935,48.8203999993857
686,22.866666666666962,SEARCH,0,0,0,0,2.886440341444723,-16.62417940431543,7.667978663459655,8.454738562483369,7.658696979901154,8.475832673970057,25.54965830991422,2043.9726647931377,nan,0,7.508599999709986,48.25029999483377
687,22.900000000000297,SEARCH,0,0,0,0,2.780286427235717,-16.495691567241703,7.582786438101442,8.774675933580411,7.583077616111587,8.796780601878297,25.744435352705903,2059.5548282164723,nan,0,11.54330000281334,79.2003999958979
688,22.933333333333632,SEARCH,0,0,0,0,2.681001527629492,-16.361824892942387,7.480928130171379,9.103399189142861,7.508080828660332,9.101559306197352,25.916879238277122,2073.35033906217,nan,0,4.470400002901442,70.77800000843126
689,22.966666666666967,SEARCH,0,0,0,0,2.5881950602707615,-16.223388129782556,7.36377494001928,9.438209229970255,7.387177652426795,9.416640232425573,26.085269566072224,2086.821565285778,nan,0,4.5002999977441505,47.62130000744946
690,23.000000000000302,SEARCH,0,0,0,0,2.501459102074999,-16.081069292892842,7.232452824413058,9.77689529466872,7.203768222641623,9.794502245638693,26.299370971774728,2103.949677741978,nan,0,4.0966999949887395,34.747500001685694
691,23.033333333333637,SEARCH,0,0,0,0,2.4203821195293287,-15.935452327263603,7.087892841177357,10.117638237611324,7.070378025397061,10.143187838123007,26.48995913172201,2119.196730537761,nan,0,7.216500001959503,39.31350000493694
692,23.066666666666972,SEARCH,0,0,0,0,2.3445623286606847,-15.78703016890976,6.930871393672034,10.458933181655539,6.9523333581646645,10.457087873202877,26.645549078010728,2131.643926240858,nan,0,11.190999997779727,47.55400000431109
693,23.100000000000307,SEARCH,0,0,0,0,2.273317412774942,-15.636358540066732,6.762042394525262,10.799527669657973,6.772184485215382,10.780653590641275,26.797356863121088,2143.788549049687,nan,0,6.193099994561635,54.30299999716226
694,23.133333333333642,SEARCH,0,0,0,0,2.2061851210085286,-15.48381007832435,6.581962964183867,11.138372214010044,6.565804941348807,11.153375305055338,26.99158998885468,2159.3271991083743,nan,0,7.090099999913946,41.081899995333515
695,23.166666666666977,SEARCH,0,0,0,0,2.143382708815489,-15.3294286195914,6.391113956761925,11.474580763565463,6.378954420009023,11.515872590633933,27.177385172021033,2174.190813761683,nan,0,9.116099987295456,41.59510000317823
696,23.200000000000312,SEARCH,0,0,0,0,2.084949672956162,-15.17334095800971,6.189916347203147,11.807399103449432,6.188579837541487,11.822837473169624,27.306289209919516,2184.503136793561,nan,0,10.78310000593774,41.622099990490824
697,23.233333333333647,SEARCH,0,0,0,0,2.030599439535952,-15.015785158671994,5.978744307000207,12.136179600135186,6.009094116769993,12.148248558848964,27.453836666364047,2196.306933309124,nan,0,9.322700003394857,49.26899999554735
698,23.266666666666982,SEARCH,0,0,0,0,1.9785494946307585,-14.857454551987297,5.757935630296108,12.460361021691197,5.7693625811510305,12.456420757311626,27.575678564069147,2206.0542851255314,nan,0,4.068299997015856,38.53700000036042
699,23.300000000000317,SEARCH,0,0,0,0,1.929068739010045,-14.69830232108562,5.44823806470312,12.69565355435832,5.4446161785560845,12.730351290103052,27.6530308053615,2212.24246442892,nan,0,6.027800001902506,33.73569999530446
700,23.333333333333652,SEARCH,0,0,0,0,1.8816194433015663,-14.538532667788923,5.049651610221243,12.842057198136551,5.064606486949862,12.865586842780091,27.588352119501124,2207.0681695600897,nan,0,3.805799991823733,47.50880000938196
701,23.366666666666987,SEARCH,0,0,0,0,1.835575936743107,-14.378352228029323,4.562176266850478,12.899571953025895,4.591594250083711,12.869406040931286,27.38678454341035,2190.942763472828,nan,0,9.304699997301213,56.41710000054445
702,23.400000000000322,SEARCH,0,0,0,0,1.7905538950743438,-14.2178816901049,3.985812034590823,12.86819781902635,3.983307127737902,12.822293545624264,27.12893738277077,2170.3149906216618,nan,0,9.166100004222244,62.72569998691324
703,23.433333333333657,SEARCH,0,0,0,0,1.7467563285216985,-14.057072638923556,3.3205589134422793,12.747934796137915,3.2936315494021904,12.737821460778466,26.839507684814567,2147.1606147851653,nan,0,4.833900005905889,64.1269000043394
704,23.466666666666992,SEARCH,0,0,0,0,1.7059709525274545,-13.895473347827382,2.5664169034048467,12.538782884360593,2.568724407524408,12.545444161621685,26.454989364307053,2116.3991491445645,nan,0,8.444199993391521,48.615200008498505
705,23.500000000000327,SEARCH,0,0,0,0,1.6686474132751785,-13.733039573028353,1.7330835700715133,12.240742083694382,1.768731335074561,12.219831416987752,25.953063969709284,2076.245117576743,nan,0,6.210399995325133,55.71559999953024
706,23.533333333333662,SEARCH,0,0,0,0,1.6342578105918382,-13.56995943013824,0.8997502367381799,11.85381239413928,0.9096409844423242,11.838502744221008,25.418792646594838,2033.503411727587,nan,0,9.97859999188222,53.63370000850409
707,23.566666666666997,SEARCH,0,0,0,0,1.6018818445272214,-13.406467611996902,0.06641690340484652,11.377993815695291,0.04411221781593225,11.390570750702484,24.84592034461773,1987.6736275694184,nan,0,7.618999996338971,51.915600008214824
708,23.600000000000332,SEARCH,0,0,0,0,1.5720278127571388,-13.242496533556682,-0.7669164299284869,10.813286348362412,-0.7848026215324928,10.84541715856595,24.20293857644445,1936.235086115556,nan,0,6.713999988278374,46.99080000864342
709,23.633333333333667,SEARCH,0,0,0,0,1.5440582620664216,-13.078193514680166,-1.6002497632618202,10.159689992140645,-1.5739890342586027,10.148332296383021,23.434882551318754,1874.7906041055003,nan,0,5.986500007566065,48.989299990353175
710,23.666666666667002,ACQUIRING,0,0,0,0,1.517707902515371,-12.913623054605132,-2.4335830965951537,9.41720474702999,-2.3927706626388634,9.393173679122931,22.6469649871322,1811.757198970576,1849.9680947819618,1,3.845599989290349,31.608400007826276
711,23.700000000000337,ACQUIRING,0,0,0,0,1.4931118154625784,-12.748781281138971,-3.178027541039598,8.763608390808223,-3.175800668192757,8.751452719725984,22.001336456496958,1760.1069165197569,1836.784638624122,1,6.745899998350069,40.20269999455195
712,23.733333333333672,ACQUIRING,0,0,0,0,1.4713189784392329,-12.583545540355532,-3.8335830965951536,8.198900923475344,-3.8591437057529605,8.218506350925525,21.47415179500963,1717.9321436007701,1823.571050919352,1,5.397400003857911,72.09190000139643
713,23.766666666667007,ACQUIRING,0,0,0,0,1.4526272957469422,-12.417930327358935,-4.4002497632618205,7.723082345031354,-4.385614208119537,7.741722880014232,20.988012800144286,1679.041024011543,1810.3277706364709,1,10.880700006964616,45.753600003081374
714,23.80000000000034,ACQUIRING,0,0,0,0,1.4370325528012435,-12.251994852639887,-4.878027541039598,7.336152655476254,-4.8297300007894375,7.3439758755950315,20.573633166869826,1645.890653349586,1797.058931950755,1,8.271699989563785,41.82250000303611
715,23.833333333333677,SEARCH,0,0,0,0,1.4235359106598868,-12.085875562884947,-5.266916429928487,7.038111854810042,-5.278305185316928,7.035068521227925,20.26142089645972,1620.9136717167778,nan,0,7.769299991196021,56.466300011379644
716,23.86666666666701,SEARCH,0,0,0,0,1.4121918438118377,-11.919595407950196,-5.566916429928487,6.651182165254942,-5.584434860839146,6.655010017515458,19.848646098814232,1587.8916879051385,nan,0,8.278599998448044,53.81929999566637
717,23.900000000000347,SEARCH,0,0,0,0,1.4017576191811658,-11.753255681083356,-5.8211476211552435,6.265010367295764,-5.828731848003998,6.286245333331388,19.434597366144384,1554.7677892915508,nan,0,10.297700006049126,38.331499992636964
718,23.93333333333368,SEARCH,0,0,0,0,1.3918919715712712,-11.586881263653828,-6.085021467156607,5.93989104531603,-6.0768137960879285,5.931764908375518,19.044278131360723,1523.542250508858,nan,0,7.771099990350194,32.55510001326911
719,23.966666666667017,SEARCH,0,0,0,0,1.3834084580868666,-11.420430647023135,-6.355893850490132,5.650633074635867,-6.358074814856146,5.636650394856228,18.73164640213179,1498.5317121705434,nan,0,11.21660000353586,66.02620000194293
720,24.00000000000035,SEARCH,0,0,0,0,1.3761233891180569,-11.25392327316871,-6.628940616475864,5.376959748482209,-6.655119147471596,5.392684356871288,18.482705491080925,1478.6164392864737,nan,0,6.824700001743622,55.094900002586655
721,24.033333333333687,SEARCH,0,0,0,0,1.3709975945307475,-11.087335446459713,-6.897548344701493,5.103076647133232,-6.909541948234286,5.132099877819775,18.210914786407095,1456.8731829125677,nan,0,11.965500001679175,40.03629999351688
722,24.06666666666702,SEARCH,0,0,0,0,1.3684373906698921,-10.920688444884622,-7.153736354235216,4.817334749373826,-7.131341096283395,4.836869562904757,17.903822739742512,1432.305819179401,nan,0,10.576899992884137,51.64249999506865
723,24.100000000000357,SEARCH,0,0,0,0,1.3699540220281698,-10.754028678872842,-7.388604885250937,4.511948459160318,-7.353064531106152,4.497448033938239,17.569820562536897,1405.5856450029517,nan,0,15.760199996293522,54.145800007972866
724,24.13333333333369,SEARCH,0,0,0,0,1.3764594042657972,-10.58748902059374,-7.592731007058144,4.183434259671395,-7.604560411019232,4.1696833589970685,17.275209219094865,1382.0167375275892,nan,0,11.053100010030903,92.83329999016132
725,24.166666666667027,SEARCH,0,0,0,0,1.386853320110142,-10.421146770124418,-7.757384779695121,3.835422970551994,-7.7741746778259095,3.8482549108192723,16.95701206908478,1356.5609655267822,nan,0,10.687999994843267,68.36900000052992
726,24.20000000000036,SEARCH,0,0,0,0,1.4012188110993884,-10.255100359604901,-7.876493395009971,3.473197042055496,-7.8526757596689345,3.474621525683633,16.55716847091514,1324.5734776732113,nan,0,17.490800004452467,58.50309999368619
727,24.233333333333697,SEARCH,0,0,0,0,1.4200798944986341,-10.089504353279915,-7.946306184490727,3.1029703072192154,-7.920378579914927,3.078070180093856,16.144013862859435,1291.5211090287548,nan,0,8.965300003183074,57.141900004353374
728,24.26666666666703,SEARCH,0,0,0,0,1.4424814260999277,-9.924350034051825,-7.96506066487058,2.7313555318817606,-7.982309754937311,2.7160907861063706,15.767289967971,1261.3831974376799,nan,0,11.65289999335073,58.20520000997931
729,24.300000000000367,SEARCH,0,0,0,0,1.468456760079341,-9.759719964494542,-7.9326649953631945,2.3649762745048153,-7.9699577403473505,2.3682127032007956,15.367837163180008,1229.4269730544006,nan,0,13.681599986739457,59.87940001068637
730,24.3333333333337,SEARCH,0,0,0,0,1.4967300617481527,-9.595468942608765,-7.850404944492553,2.0101897411115295,-7.839999970771238,2.025331368125379,14.906962385479757,1192.5569908383804,nan,0,8.323200003360398,51.718499991693534
731,24.366666666667037,SEARCH,0,0,0,0,1.527390443245067,-9.43164672560435,-7.720679028712779,1.672894909186124,-7.690606050693199,1.6620326327569226,14.42363272786676,1153.8906182293408,nan,0,6.744899990735576,64.24980000883806
732,24.40000000000037,SEARCH,0,0,0,0,1.5600008592686585,-9.26820150987582,-7.546762789137843,1.3584059552078953,-7.538663885792121,1.3611300638910668,13.991725763753719,1119.3380611002976,nan,0,8.58429999789223,48.13239999930374
733,24.433333333333707,SEARCH,0,0,0,0,1.593028584285578,-9.10484010942276,-7.332601564519732,1.071375445116534,-7.361708235425761,1.0847297218048286,13.565199772054866,1085.2159817643892,nan,0,4.450199994607829,30.61060000618454
734,24.46666666666704,SEARCH,0,0,0,0,1.629180260715542,-8.94214151056868,-7.082630198336053,0.8157551723210563,-7.109610565659836,0.8254844157102404,13.106219185671305,1048.4975348537046,nan,0,7.754799997201189,49.02089999814052
735,24.500000000000377,SEARCH,0,0,0,0,1.6678357937023225,-8.780019557868604,-6.8016176342341055,0.5947851940435793,-6.786605789931588,0.613611567435248,12.63795427311539,1011.0363418492313,nan,0,5.501599996932782,41.323400000692345
736,24.53333333333371,SEARCH,0,0,0,0,1.7092852495037731,-8.618589324047484,-6.494534146398705,0.41100369992899805,-6.497448259966472,0.39746607250330035,12.191789442454063,975.343155396325,nan,0,11.690100000123493,46.25590000068769
737,24.566666666667047,SEARCH,0,0,0,0,1.7544245065873876,-8.458151718581318,-6.166438915610443,0.2662719786932045,-6.1869335947514275,0.27047345671097067,11.800595999543665,944.0476799634932,nan,0,6.0945000004721805,77.81930000055581
738,24.60000000000038,SEARCH,0,0,0,0,1.8046932013940058,-8.299246601922928,-5.822385730034159,0.16181002912175302,-5.859779018030395,0.17198989323831376,11.42392148779394,913.9137190235151,nan,0,6.852499995147809,50.19779999565799
739,24.633333333333717,SEARCH,0,0,0,0,1.8595583722900202,-8.141869377394316,-5.467344717882663,0.09823936767306547,-5.456287741014498,0.1172627131742714,11.033352493372659,882.6681994698127,nan,0,11.994700005743653,36.28509999543894
740,24.66666666666705,SEARCH,0,0,0,0,1.9180440464761854,-7.985801431637452,-5.106138178294172,0.07563037558360147,-5.091526953118526,0.053820492287648555,10.666283620737653,853.3026896590122,nan,0,5.917800008319318,38.941099992371164
741,24.700000000000387,SEARCH,0,0,0,0,1.9803057639393216,-7.83120112013609,-4.7433887485731985,0.09355214982483342,-4.747008414515105,0.07561387318144036,10.381448809977577,830.5159047982062,nan,0,5.2211000001989305,36.940299993148074
742,24.73333333333372,SEARCH,0,0,0,0,2.0475145401695376,-7.6786863399493335,-4.3834783187406945,0.1511233105322946,-4.40478202886461,0.1676776298324904,10.158619914194064,812.6895931355251,nan,0,6.25160000345204,33.04229999775998
743,24.766666666667057,SEARCH,0,0,0,0,2.1195078437444783,-7.528370864970394,-4.030516271040238,0.24706260083143863,-4.019644930526785,0.26364830147277274,9.9199173119568,793.593384956544,nan,0,4.5156999985920265,31.66649999911897
744,24.80000000000039,ACQUIRING,0,0,0,0,2.195713823563618,-7.380146621280022,-3.688315778593156,0.3797384154902497,-3.6758969168208875,0.3665961026522418,9.720485354003479,777.6388283202783,701.0120291420425,1,4.592500001308508,33.41020000516437
745,24.833333333333727,ACQUIRING,0,0,0,0,2.2769828676677135,-7.234636758218494,-3.257226397257185,0.5124710543791386,-3.2735935500035573,0.5018227933300119,9.521644026172925,761.7315220938341,694.4054688002278,1,6.3408999994862825,33.77650000038557
746,24.86666666666706,ACQUIRING,0,0,0,0,2.362232755488994,-7.09142281195544,-2.7372481270323257,0.7340925821569164,-2.7501061345825386,0.747926509862665,9.359028086101025,748.7222468880819,694.2591249852903,1,6.794800006900914,36.83159999491181
747,24.900000000000396,ACQUIRING,0,0,0,0,2.4511855996512453,-6.95047896039311,-2.1283809679185772,1.0428419743153257,-2.142543259186061,1.0453678180374868,9.221491773712843,737.7193418970274,693.8841275521571,1,7.568299988633953,36.68370000377763
748,24.93333333333373,ACQUIRING,0,0,0,0,2.544436217307605,-6.812340985583556,-1.4306249199159398,1.3244056931750352,-1.4053837942749214,1.3245088171706743,9.044855047842356,723.5884038273884,695.1358290241604,2,9.106999990763143,33.94550000666641
749,24.966666666667066,ACQUIRING,0,0,0,0,2.6417420313020767,-6.6770289153878375,-0.6439799830244134,1.5904436456285844,-0.6103395042027818,1.5938546992724607,8.887268988886735,710.9815191109388,697.9650620036373,25,32.3703000030946,67.85930000478402
750,25.0000000000004,ACQUIRING,0,0,0,0,2.742930812593515,-6.54459550450323,0.18935335030891998,1.8429117973163158,0.16111013415066916,1.847718811151662,8.780474792878863,702.437983430309,702.3190238674713,14,16.678300002240576,84.1770999977598
751,25.033333333333736,SEARCH,0,0,0,0,2.848436965820431,-6.415575237068085,1.0226866836422532,2.083932855445995,1.0136121541528698,2.0782785995028665,8.689771866196601,695.1817492957281,nan,1,8.954300006735139,47.32690000673756
752,25.06666666666707,SEARCH,0,0,0,0,2.958225601238548,-6.290178932055515,1.7671311280866977,2.2360650246867846,1.7880217180017617,2.226094067533055,8.596294721091393,687.7035776873113,nan,0,7.726199997705407,43.903099998715334
753,25.100000000000406,SEARCH,0,0,0,0,3.071800837367466,-6.168201706656515,2.422686683642253,2.2993083050386858,2.463063086263016,2.262802564597269,8.452951831846628,676.2361465477302,nan,0,10.190000000875443,72.57039999240078
754,25.13333333333374,SEARCH,0,0,0,0,3.1886903277424707,-6.049396720154898,2.9893533503089196,2.273662696501698,2.9641586104126922,2.2643735263970544,8.316801681207721,665.3441344966177,nan,0,8.50219999847468,49.061099998652935
755,25.166666666667076,SEARCH,0,0,0,0,3.3081516491260503,-5.9331780879521965,3.4671311280866974,2.2723765953245825,3.4395763796249508,2.2969054264928475,8.23113279655521,658.4906237244168,nan,0,7.7264999999897555,45.729599994956516
756,25.20000000000041,SEARCH,0,0,0,0,3.4301240122626706,-5.8195976300879755,3.8560200169755863,2.3478495304120703,3.8799924253497835,2.368387288689111,8.200334055342777,656.0267244274223,nan,0,8.628499999758787,50.83930000546388
757,25.233333333333746,SEARCH,0,0,0,0,3.5543520113833673,-5.708488755499822,4.156020016975586,2.4869002632814325,4.19013104934243,2.480517514052222,8.213649534029976,657.0919627223981,nan,0,7.893799993325956,53.56620000384282
758,25.26666666666708,SEARCH,0,0,0,0,3.6802935198820044,-5.599325967816172,4.367131128086697,2.678353479335733,4.357201124525884,2.6641358513276376,8.291140159331057,663.2912127464847,nan,0,6.848799996078014,40.648700000019744
759,25.300000000000416,SEARCH,0,0,0,0,3.80712840888918,-5.491202479580196,4.489353350308919,2.9126546147664922,4.4620779655141005,2.951866846413051,8.468434245198534,677.4747396158828,nan,0,8.54589999653399,41.807200002949685
760,25.33333333333375,SEARCH,0,0,0,1,3.9356721389536493,-5.385116254089369,4.522686683642252,3.1815649746916996,4.547571559133362,3.1930655755821045,8.599978162956118,687.9982530364895,nan,0,16.558000002987683,41.16910000448115
761,25.366666666667086,SEARCH,0,0,0,1,4.06532249238036,-5.280385343494135,4.467131128086697,3.477920646061688,4.504290041736996,3.4686061670171626,8.75999685846901,700.7997486775208,nan,0,5.612100008875132,103.18469999765512
762,25.40000000000042,SEARCH,0,0,0,1,4.195790325653841,-5.176674580992354,4.322686683642252,3.795442040585937,4.324058894056178,3.7948718639060326,8.972463342840074,717.7970674272059,nan,0,4.791300001670606,54.13010000484064
763,25.433333333333756,SEARCH,0,0,0,1,4.326833079927237,-5.073691211799943,4.089353350308919,4.128583566424967,4.071374536324468,4.150377558565662,9.227605526242098,738.2084420993677,nan,0,7.917800001450814,49.30600000079721
764,25.46666666666709,SEARCH,0,0,0,1,4.458905767389229,-4.9720320606902435,3.767131128086697,4.472415056411954,3.7524774132103373,4.508339629136877,9.506654953076998,760.5323962461599,nan,0,6.118899997090921,37.4662999965949
765,25.500000000000426,SEARCH,0,0,0,1,4.591841575350009,-4.871504210123386,3.356020016975586,4.822528282115224,3.373412720216197,4.817511109378771,9.765325736326986,781.2260589061589,nan,0,6.036299993866123,51.526499999454245
766,25.53333333333376,SEARCH,0,0,0,1,4.725261633201031,-4.771619947394927,2.856020016975586,5.174963242714076,2.8559172063171205,5.163846076649487,10.109793949495849,808.7835159596679,nan,0,7.02209999144543,45.068000006722286
767,25.566666666667096,SEARCH,0,0,0,1,4.85806930666469,-4.6709228786841255,2.267131128086697,5.5261500039,2.24507110259134,5.51924340366278,10.519850211688865,841.5880169351094,nan,0,7.832400006009266,54.73990000609774
768,25.60000000000043,SEARCH,0,0,0,1,4.989626117336941,-4.568597010285548,1.5893533503089192,5.872862729597651,1.5827206300111107,5.875696061337419,10.985912013370687,878.8729610696549,nan,0,6.517100002383813,47.55740000109654
769,25.633333333333766,SEARCH,0,0,0,1,5.120596685461685,-4.465521852934906,0.8226866836422526,6.212183242030993,0.8394730534295151,6.207528198803487,11.499652906051436,919.9722324841149,nan,0,6.279199995333329,32.77200000593439
770,25.6666666666671,SEARCH,0,0,0,1,5.251192504969137,-4.36197230100466,0.1165059066048969,6.541471998579504,0.12416264643813758,6.521942211504771,12.03104443869616,962.4835550956929,nan,0,7.359399998676963,36.65670000191312
771,25.700000000000436,SEARCH,0,0,0,1,5.38182838195203,-4.25847328930557,-0.5095151150886092,6.858344815004962,-0.5191852481784035,6.858323910882468,12.585910449907617,1006.8728359926093,nan,0,5.948799996986054,37.946199998259544
772,25.73333333333377,SEARCH,0,0,0,1,5.512940722147046,-4.155578527406024,-1.0751405394412281,7.160654016399025,-1.0886681269433351,7.171939135473538,13.110831239827506,1048.8664991862004,nan,0,11.410300008719787,50.750299997162074
773,25.766666666667106,SEARCH,0,0,0,1,5.64445367808706,-4.053196301420759,-1.5957995165200245,7.446472977536745,-1.5907043703194714,7.4378408115293215,13.579081188232802,1086.326495058624,nan,0,15.147600002819672,59.12000000535045
774,25.80000000000044,ACQUIRING,0,0,0,1,5.776197921143569,-3.9511118648045676,-2.083447438645441,7.714083237562704,-2.0455315643236935,7.704172380930608,14.036563076220279,1122.9250460976223,1043.4985284499805,1,8.893599995644763,40.84680000960361
775,25.833333333333776,ACQUIRING,0,0,0,1,5.908351021777196,-3.849557269779545,-2.4822064718819687,7.892804608699775,-2.472291093449553,7.8750982832544105,14.411894743606831,1152.9515794885465,1062.7920410637118,1,5.751800010330044,33.944399998290464
776,25.86666666666711,ACQUIRING,0,0,0,1,6.041792357609427,-3.7497014353526694,-2.7920766162296076,8.160414868725734,-2.809601894316249,8.172548584784018,14.848812267170466,1187.9049813736374,1087.3799849838128,13,16.714600002160296,37.22689999267459
777,25.900000000000446,ACQUIRING,0,0,0,1,6.175918508396641,-3.650767348947713,-3.0130578716883574,8.516914017640582,-3.023889851651441,8.549870936351248,15.280446604412887,1222.435728353031,1111.4077941552562,2,5.542600003536791,41.616000002250075
778,25.93333333333378,ACQUIRING,0,0,0,1,6.310742020603655,-3.5527857265180818,-3.1451502382582186,8.849366811345558,-3.135054842422476,8.839712198808439,15.581947349634333,1246.5557879707467,1136.4412731004231,1,5.317699993611313,31.37720000813715
779,25.966666666667116,ACQUIRING,0,0,0,1,6.445392665408537,-3.4545666772892925,-3.188353715939191,9.165952281626872,-3.1920932639183865,9.153132249605463,15.869316534406819,1269.5453227525454,1162.3070990112174,1,5.733500001952052,29.178699987824075
780,26.00000000000045,ACQUIRING,0,0,0,1,6.580070844010405,-3.3563853858623554,-3.142668304731274,9.468856929249423,-3.163534709707345,9.470392387975938,16.10788866505699,1288.6310932045592,1188.9760075164604,1,7.163999995100312,32.80349999840837
781,26.033333333333786,SEARCH,0,0,0,1,6.714396434981419,-3.2577222550177196,-3.0135325777812167,9.760210065192057,-3.0357815732781686,9.787915879224858,16.286640093105547,1302.9312074484437,nan,2,4.968499997630715,29.95750000991393
782,26.06666666666712,ACQUIRING,0,0,0,1,6.848130079799079,-3.1582582413164735,-2.9732857397200485,9.962674312245802,-2.9781014254548297,9.955448615070761,16.386705987174544,1310.9364789739636,1207.4230368884541,2,6.676899996818975,31.207699998049065
783,26.100000000000456,ACQUIRING,0,0,0,1,6.98120864167997,-3.057919444505412,-2.8441500127699912,10.09588407975788,-2.830728939666416,10.112382722266606,16.42348861430839,1313.879089144671,1209.3939618700924,6,10.885500014410354,37.411899989820085
784,26.13333333333379,ACQUIRING,0,0,0,1,7.112938308412467,-2.9558161993056484,-2.6261253969310454,10.317982736158847,-2.6508168394352443,10.333614477995432,16.490599816680827,1319.2479853344662,1215.0027809354085,59,56.35269999038428,60.730400000466034
785,26.166666666667126,ACQUIRING,0,0,0,1,7.243972142760488,-2.852821480830219,-2.3192118922032106,10.623923914796494,-2.3193511642095377,10.668214618534854,16.561267157858712,1324.9013726286971,1219.1066083321662,6,8.433999988483265,46.130700007779524
786,26.20000000000046,ACQUIRING,0,0,0,1,7.374864205472577,-2.7496466500973686,-1.9234094985864867,10.902857960285232,-1.9067762971457154,10.886441550426337,16.495203903932385,1319.6163123145907,1223.2172328253755,2,6.1883000016678125,39.85280000779312
787,26.233333333333796,ACQUIRING,0,0,0,1,7.505118817328235,-2.6456682202760358,-1.438718216080874,11.166336448400621,-1.4022711428143704,11.155023233109437,16.42561050596282,1314.0488404770256,1227.2735142478552,0,14.759600002435036,39.36979999707546
788,26.26666666666713,ACQUIRING,0,0,0,1,7.6353407427057824,-2.541648857036578,-0.8651380446863725,11.416309289416432,-0.8659096724487628,11.408406963553531,16.33631892498262,1306.9055139986096,1231.3499519958416,0,5.3413999994518235,44.62329999660142
789,26.300000000000466,SEARCH,0,0,0,1,7.7647470450724,-2.4366165444581274,-0.2116560569881626,11.654888994973172,-0.21921309513538695,11.659112139961001,16.199789710523497,1295.9831768418796,nan,0,6.172900000819936,36.593199998605996
790,26.3333333333338,SEARCH,0,0,0,1,7.893878303092842,-2.3312462641138305,0.35293704182115826,11.804579811641023,0.3683805081863503,11.804810763133531,16.014406805708788,1281.152544456703,nan,0,5.974799991236068,42.50730000785552
791,26.366666666667136,SEARCH,0,0,0,1,8.023471536538121,-2.22644468195509,0.8286412517415902,11.865381739419986,0.863389310180979,11.839205884603361,15.783196867197772,1262.6557493758216,nan,0,5.911400003242306,37.73850000288803
792,26.40000000000047,SEARCH,0,0,0,1,8.154184523498971,-2.1230430725984144,1.2154565727731335,11.83729477831006,1.224953221776382,11.817172085328698,15.567396862740829,1245.3917490192662,nan,0,5.821399987326004,37.65700000803918
793,26.433333333333806,SEARCH,0,0,0,1,8.285296701016627,-2.02014810340965,1.5133830049157877,11.720318928311245,1.4960938046115366,11.694646948843685,15.30323100831546,1224.2584806652367,nan,0,5.939199996646494,33.18820000276901
794,26.46666666666714,SEARCH,0,0,0,1,8.417127625557264,-1.9181756310823654,1.7224205481695531,11.51445418942354,1.70922354135709,11.521580656414503,15.020753185847271,1201.6602548677818,nan,0,3.325899990159087,32.83250000094995
795,26.500000000000476,SEARCH,0,0,0,1,8.54939734629636,-1.816772974542315,1.8425692025344296,11.219700561646947,1.867275022135753,11.20493965646006,14.636111457605546,1170.8889166084437,nan,0,5.495600009453483,40.63489999680314
796,26.53333333333381,SEARCH,0,0,0,1,8.681397583519452,-1.715019767463496,1.8738289680104172,10.85219163180437,1.8907531855641992,10.826930555919212,14.262305888378663,1140.984471070293,nan,0,9.38000000314787,59.85779999173246
797,26.566666666667146,SEARCH,0,0,0,1,8.812826720579253,-1.6125299645097686,1.816199844597516,10.54879536924966,1.7807598364499932,10.540513632346887,14.04088434999612,1123.2707479996895,nan,0,5.4385999974329025,42.88239999732468
798,26.60000000000048,SEARCH,0,0,0,1,8.943225694258247,-1.5087326358290998,1.6696818322957259,10.291438626341629,1.6578208632378997,10.281702285123385,13.859707037923654,1108.7765630338922,nan,0,9.844900007010438,31.14859999914188
799,26.633333333333816,SEARCH,0,0,0,1,9.07261943495732,-1.4036848483908142,1.434274931105047,10.065769794738781,1.4396823786625368,10.053587700769546,13.767019371349107,1101.3615497079286,nan,0,5.5232000013347715,33.279199997195974
800,26.66666666666715,SEARCH,0,0,0,1,9.201702906585634,-1.2982560329267296,1.109979141025479,9.860433386135043,1.1433230013860902,9.828174330213608,13.73808353891965,1099.046683113572,nan,0,4.793700005393475,32.55669999634847
801,26.700000000000486,SEARCH,0,0,0,1,9.329986310743928,-1.1918551588920787,0.6967944620570221,9.66648843021116,0.6895130287094551,9.654331170729652,13.867138725577995,1109.3710980462397,nan,0,3.8650000060442835,30.162800001562573
802,26.73333333333382,SEARCH,0,0,0,1,9.4554969925933,-1.0821972977079228,0.19472089419967653,9.47694192430343,0.17409155422050135,9.498034976389679,14.074295786479432,1125.9436629183547,nan,0,7.289100001798943,31.75809999811463
803,26.766666666667156,SEARCH,0,0,0,1,9.57858578378838,-0.9698276965699286,-0.39624156254655796,9.286374327563534,-0.381096140074843,9.308661186869411,14.312323282804716,1144.9858626243772,nan,0,7.305899998755194,34.273099998245016
804,26.80000000000049,SEARCH,0,0,0,0,9.698727848624323,-0.8543129268011501,-1.0760929081816815,9.090638698561255,-1.0409479249174685,9.083613053438032,14.632259173125433,1170.5807338500347,nan,0,4.343699998571537,51.26100000052247
805,26.833333333333826,ACQUIRING,0,0,0,0,9.81651110292925,-0.7363939597809165,-1.8448331427056939,8.886618759808604,-1.863253415121492,8.871229011178194,15.123601368365215,1209.8881094692172,1035.214666460624,2,5.216999998083338,40.836600004695356
806,26.86666666666716,ACQUIRING,0,0,0,0,9.932078769878505,-0.6163027771999967,-2.5246844883408173,8.771487709944841,-2.5484888911980215,8.80492518953539,15.63726656241129,1250.9813249929032,1033.049611596283,2,3.6250999983167276,34.59189999557566
807,26.900000000000496,ACQUIRING,0,0,0,0,10.045612909586564,-0.49428729908951846,-3.1156469450870516,8.745245548969969,-3.139793663284344,8.751705518304549,16.10414014069705,1288.3312112557642,1030.8310694253155,1,5.160800006706268,31.803399993805215
808,26.93333333333383,ACQUIRING,0,0,0,0,10.157149839976984,-0.3704434823812932,-3.6177205129443974,8.807892276883985,-3.6093764341375025,8.792636110415833,16.53720875117139,1322.9767000937113,1028.5665798797468,1,3.6612999974749982,38.758900001994334
809,26.966666666667166,ACQUIRING,0,0,0,0,10.267262419258326,-0.24533154185686623,-4.030905191912854,8.952122815833292,-4.042045298290322,8.934929475768545,17.000984668754633,1360.0787735003707,1148.795584499872,1,11.4764999889303,35.47370000160299
810,27.0000000000005,ACQUIRING,0,0,0,0,10.375699684924598,-0.11876481166049752,-4.3552009819924224,9.09925296897774,-4.381490701781565,9.089037793328576,17.3942029688611,1391.536237508888,1181.1472268880955,1,13.29000000259839,51.381500001298264
811,27.033333333333836,ACQUIRING,0,0,0,0,10.483082113938988,0.008698091635902266,-4.590607883183101,9.222365039141266,-4.6131406203620475,9.231020206174058,17.690312773603722,1415.2250218882975,1214.859735404879,1,5.125499999849126,44.27519999444485
812,27.06666666666717,ACQUIRING,0,0,0,0,10.590383073504078,0.13622958521371872,-4.737125895484891,9.329201095026917,-4.721191423031714,9.297868911581219,17.843204552697614,1427.4563642158091,1249.9160402188595,0,7.095699998899363,29.651899996679276
813,27.100000000000506,ACQUIRING,0,0,0,0,10.697440966403136,0.26396519240995786,-4.794755018897793,9.422036458003275,-4.756372094074484,9.402038623608473,17.953404249394175,1436.2723399515341,1286.1887454878313,1,6.558599998243153,48.294199994415976
814,27.13333333333384,SEARCH,0,0,0,0,10.80430587747663,0.39186229385886473,-4.9206579003548185,9.50304834474027,-4.9346911062454595,9.512381268555085,18.19065398553353,1455.2523188426824,nan,0,5.266599997412413,37.60870000405703
815,27.166666666667176,SEARCH,0,0,0,0,10.909564424880697,0.5210846447744992,-5.135449670700733,9.495171342588376,-5.153770520678702,9.501808932770173,18.403373014483652,1472.2698411586923,nan,0,12.089999989257194,46.98360001202673
816,27.20000000000051,SEARCH,0,0,0,0,11.013564407389866,0.6513220488328963,-5.439130329935536,9.398405451547594,-5.428779387764389,9.392691782258533,18.62155241365492,1489.7241930923938,nan,0,5.5407999898307025,56.64680000336375
817,27.233333333333846,SEARCH,0,0,0,0,11.115788439080413,0.7829580056331107,-5.831699878059228,9.212750671617924,-5.8040667410902005,9.18825568925961,18.89260512656535,1511.408410125228,nan,0,4.1412999999010935,41.044000012334436
818,27.26666666666718,SEARCH,0,0,0,0,11.215944141871853,0.9161744196973332,-6.313158315071809,8.938207002799365,-6.324093202582308,8.921025747873305,19.280315216070697,1542.425217285656,nan,0,4.74930000200402,32.21499999926891
819,27.300000000000516,SEARCH,0,0,0,0,11.313511260019128,1.0512981971542017,-6.883505640973279,8.574774445091917,-6.933801693007564,8.589294703265352,19.74299423420469,1579.4395387363752,nan,0,4.145200000493787,36.429699990549125
820,27.33333333333385,SEARCH,0,0,0,0,11.407746178712502,1.1887665857991225,-7.542741855763638,8.122452998495579,-7.557164907000834,8.130425532991014,20.19540743407129,1615.632594725703,nan,0,3.853400005027652,32.69269999873359
821,27.366666666667186,SEARCH,0,0,0,0,11.499034814825324,1.328208913284139,-8.290866959442885,7.682845348571709,-8.281509280643935,7.664272055405247,20.770546956056535,1661.6437564845228,nan,0,21.835500010638498,52.82099999021739
822,27.40000000000052,SEARCH,0,0,0,0,11.586868432066003,1.4698529511402927,-9.12420029277622,7.258889501663894,-9.125770786241748,7.224785407228494,21.497271244553755,1719.7816995643002,nan,0,12.948899995535612,43.27500000363216
823,27.433333333333856,SEARCH,0,0,0,0,11.673613149728908,1.6121664492188676,-9.868644737220663,6.8454879483075555,-9.908142657141298,6.849648984963594,22.208183334518985,1776.654666761519,nan,0,5.433300000731833,41.538899997249246
824,27.46666666666719,SEARCH,0,0,0,0,11.760722714115834,1.7542569188855481,-10.524200292776218,6.438826335578091,-10.547581464485011,6.474386907182359,22.802194245979898,1824.175539678392,nan,0,3.8944999978411943,40.25620000902563
825,27.500000000000526,SEARCH,0,0,0,0,11.849018227366177,1.895613489718447,-11.090866959442884,6.036117405160092,-11.096930682924391,6.036841566798646,23.316653734617717,1865.3322987694173,nan,0,5.954100008239038,29.67000000353437
826,27.53333333333386,SEARCH,0,0,0,0,11.938777207433406,2.0360453353770027,-11.568644737220662,5.635395258310443,-11.56478413999564,5.614507677249225,23.774414582583486,1901.9531666066787,nan,0,4.84780000988394,30.738999994355254
827,27.566666666667196,SEARCH,0,0,0,0,12.028813876564449,2.1762993049805934,-11.957533626109552,5.235349922018652,-11.987070184550996,5.231326073145808,24.209417089040883,1936.7533671232707,nan,0,4.5784000103594735,30.713500003912486
828,27.60000000000053,SEARCH,0,0,0,0,12.120354562404996,2.315576297386446,-12.257533626109552,4.835194196313312,-12.285069851827718,4.845544377184857,24.53620751712915,1962.896601370332,nan,0,4.202700001769699,27.977100005955435
829,27.633333333333866,SEARCH,0,0,0,0,12.213321837106445,2.4539051216146706,-12.468644737220663,4.434556367019758,-12.442962841562906,4.439878367574891,24.736136802040345,1978.8909441632277,nan,0,4.689599998528138,27.182000005268492
830,27.6666666666672,SEARCH,0,0,0,0,12.306856927100737,2.591850635197162,-12.60542842637946,4.033393651609879,-12.592808511848418,3.9902611565550785,24.938903162686277,1995.1122530149023,nan,0,9.96820000000298,30.6572999979835
831,27.700000000000536,SEARCH,0,0,0,0,12.402397311346245,2.72841495248392,-12.710756388649326,3.6319222723156592,-12.720511286568252,3.623663903924606,25.138854530471782,2011.1083624377427,nan,0,9.399699993082322,49.71500000101514
832,27.73333333333387,SEARCH,0,0,0,0,12.499765062589395,2.8636824607615172,-12.786479147300604,3.230560871774724,-12.809745707160944,3.2242361957632926,25.312078824148998,2024.96630593192,nan,0,7.540899998275563,31.763699997100048
833,27.766666666667206,SEARCH,0,0,0,0,12.59738454291355,2.998768414283783,-12.83412944930794,2.8298846432354043,-12.830242944216444,2.838213366036452,25.4281343701768,2034.2507496141438,nan,0,5.193900011363439,36.61699999065604
834,27.80000000000054,SEARCH,0,0,0,0,12.694799278849725,3.134002089824541,-12.854998017621625,2.4305880726476463,-12.835189865251426,2.417421389808323,25.540043727401063,2043.203498192085,nan,0,3.7253000045893714,26.14950000133831
835,27.833333333333876,SEARCH,0,0,0,0,12.791219728175198,3.2699464708399097,-12.850193615944377,2.0334546101051427,-12.846225316925826,2.0280285178826856,25.667507643759503,2053.4006115007605,nan,0,3.855000002658926,24.616000009700656
836,27.86666666666721,SEARCH,0,0,0,0,12.887132820578326,3.406249282562364,-12.820690550610973,1.6393319241239186,-12.847690173363501,1.6508789904070986,25.794620357588094,2063.569628607048,nan,0,7.749800002784468,32.19879999232944
837,27.900000000000546,SEARCH,0,0,0,0,12.983096860602071,3.5425162293987076,-12.767366111474752,1.2491116609749122,-12.793993620553467,1.2790554367311315,25.876275783690797,2070.102062695264,nan,0,11.97130000218749,63.347500006784685
838,27.93333333333388,SEARCH,0,0,0,0,13.079113325337888,3.678746241794704,-12.691029955446805,0.8637128461979966,-12.691834720941154,0.8706525430977216,25.923486521389734,2073.8789217111785,nan,0,10.464699997100979,49.56090000632685
839,27.966666666667216,SEARCH,0,0,0,0,13.175346081896397,3.8148235519640648,-12.592447037624805,0.4840682372839845,-12.597930004581842,0.4591062920190767,25.990817581571456,2079.265406525716,nan,0,6.185899997944944,42.97049999877345
840,28.00000000000055,SEARCH,0,0,0,0,13.272217577434127,3.950446894829743,-12.47235537588077,0.11111307393635994,-12.475741745237755,0.1220590690332895,26.03101923910534,2082.481539128427,nan,0,4.944999993313104,36.1105000047246
841,28.033333333333886,SEARCH,0,0,0,0,13.372105722952814,4.083864045761007,-12.331479679423662,-0.25422421779099025,-12.336178127256094,-0.23450435804668243,26.068451511240877,2085.47612089927,nan,0,4.66999999480322,29.653600009623915
842,28.06666666666722,SEARCH,0,0,0,0,13.475359990917173,4.2146934534831315,-12.170541667472868,-0.6110297233257591,-12.139131116156637,-0.6318386893990167,26.068966770594365,2085.517341647549,nan,0,4.4021999929100275,30.430700004217215
843,28.100000000000556,SEARCH,0,0,0,0,13.580590545513791,4.343938601001582,-11.990267740579265,-0.9584104249821055,-11.961460478057905,-0.9647399822062754,26.087898320687884,2087.0318656550307,nan,0,15.262200002325699,41.43420000036713
844,28.13333333333389,SEARCH,0,0,0,0,13.687812152539893,4.471536817151018,-11.791394536157693,-1.2954995043861148,-11.79217748197022,-1.2922866654105811,26.123773328385607,2089.9018662708486,nan,0,5.203900000196882,37.86070000205655
845,28.166666666667226,SEARCH,0,0,0,0,13.79709922476433,4.597370491588303,-11.574672794925178,-1.6214607464784985,-11.57290959816293,-1.609825362539484,26.118319778402824,2089.465582272226,nan,0,5.445899994811043,33.44620000279974
846,28.20000000000056,SEARCH,0,0,0,0,13.908001426992998,4.7217830284108,-11.340869880954498,-1.9354921937669913,-11.342290851863426,-1.9531231854626143,26.117649839364994,2089.4119871491994,nan,0,7.590100009110756,30.784499991568737
847,28.233333333333896,SEARCH,0,0,0,0,14.020179027323294,4.845046825861284,-11.090771230778113,-2.2368291708176824,-11.06904065476492,-2.269457439337826,26.078441579120845,2086.2753263296677,nan,0,3.995899998699315,27.016799998818897
848,28.26666666666723,SEARCH,0,0,0,0,14.13325884383315,4.967483474279456,-10.825180953073286,-2.524746776047784,-10.838770943618814,-2.5238041101880326,26.07147217513014,2085.7177740104107,nan,0,4.314899997552857,27.442999999038875
849,28.300000000000566,SEARCH,0,0,0,0,14.247693886202214,5.088654423173027,-10.54492175725369,-2.798561919556888,-10.58173328894503,-2.776385245298358,26.04533168981668,2083.6265351853344,nan,0,5.007200001273304,36.66199999861419
850,28.3333333333339,SEARCH,0,0,0,0,14.36460948563985,5.207433715921874,-10.25083435464866,-3.0576349710855206,-10.251265118912535,-3.0330319624599515,25.958554604284807,2076.6843683427846,nan,0,4.931899995426647,44.45279999345075
851,28.366666666667236,SEARCH,0,0,0,0,14.483740968701124,5.32399042967702,-9.943776448158514,-3.3013710704799437,-9.921764274384469,-3.2975996380187764,25.88359521908943,2070.6876175271545,nan,0,8.246199999121018,25.823899995884858
852,28.40000000000057,SEARCH,0,0,0,0,14.604965783796361,5.438368408252021,-9.624621403965296,-3.5292211436796217,-9.611048003574135,-3.5133917828782426,25.817616742635686,2065.409339410855,nan,0,3.8567000010516495,38.23460001149215
853,28.433333333333906,SEARCH,0,0,0,0,14.728293900652547,5.550475291941136,-9.294256680958595,-3.7406826597561453,-9.305994193130958,-3.7386922688640225,25.766948561048093,2061.3558848838475,nan,0,5.738599997130223,30.292499999632128
854,28.46666666666724,ACQUIRING,0,0,0,0,14.853688136300889,5.660266290861567,-8.953582079130296,-3.9353001585417986,-8.965927123691337,-3.935270065472386,25.679727200649566,2054.378176051965,1735.3420641596924,1,5.070400002296083,31.80469998915214
855,28.500000000000576,ACQUIRING,0,0,0,0,14.979819725819478,5.7692093948346574,-8.524018588413107,-4.041028768438563,-8.510335401032322,-4.0482942298413,25.459198049115518,2036.7358439292416,1748.1052992585046,0,9.37790000170935,28.08819999336265
856,28.53333333333391,ACQUIRING,0,0,0,0,15.10718076322417,5.8767126223628505,-8.005566208807029,-4.057868489446439,-7.987989817034807,-4.082909306938896,25.151162460329502,2012.0929968263601,1760.919505036492,0,10.071800003061071,50.55539999739267
857,28.566666666667246,ACQUIRING,0,0,0,0,15.234809538204603,5.98389785257099,-7.520037628041789,-3.9858193215654256,-7.536186691846049,-3.974735482742247,24.853423249447815,1988.2738599558252,1773.7504135375832,0,6.5591000020504,35.21739999996498
858,28.60000000000058,ACQUIRING,0,0,0,0,15.36380630001269,6.089432743582471,-7.1123687566015406,-3.8467914660645244,-7.129991849686132,-3.830948087089749,24.584241111430774,1966.7392889144617,1786.633753642013,0,5.216700010350905,36.884699991787784
859,28.633333333333916,ACQUIRING,0,0,0,0,15.49447233021258,6.192893684664499,-6.7675626634476,-3.7338920534683666,-6.761494315672928,-3.7568969335280324,24.378810157360846,1950.3048125888677,1634.8508705496586,1,4.934199998388067,33.966299990424886
860,28.66666666666725,ACQUIRING,0,0,0,1,15.625778390264461,6.295541121902016,-6.3338676814047705,-3.5540618790013707,-6.330884334526268,-3.577115559477324,24.074143556076898,1925.9314844861517,1615.1684583843896,0,13.789499993436038,55.67889999656472
861,28.700000000000585,ACQUIRING,0,0,0,1,15.757308312378383,6.3979015506158685,-5.811283810473052,-3.4085007435799217,-5.822608790800932,-3.4270769964109085,23.71124259986447,1896.8994079891575,1595.642446770204,0,11.385100006009452,50.88460000115447
862,28.73333333333392,ACQUIRING,0,0,0,1,15.889417970447347,6.49951265248313,-5.199811050652444,-3.2784502525796,-5.214526257536061,-3.2510557664189,23.24758151871983,1859.8065214975866,1576.2851863964406,1,11.278500009211712,48.55539998970926
863,28.766666666667255,ACQUIRING,0,0,0,1,16.022046930702594,6.600444989617422,-4.4994494019429485,-3.162313031655521,-4.5132747290663495,-3.155998078210136,22.73516256827595,1818.813005462076,1557.0986989448738,0,9.40969999646768,51.84010000084527
864,28.80000000000059,SEARCH,0,0,0,1,16.154567068761065,6.701520163556136,-3.710198864344563,-3.0578921549118165,-3.683473147583403,-3.0513402352163723,22.10579393695792,1768.4635149566336,nan,0,11.541900006704964,49.980399999185465
865,28.833333333333925,SEARCH,0,0,0,1,16.287233790367917,6.802402861556675,-3.009837215635067,-3.042360167057001,-3.0018237017317593,-3.054395153832893,21.661583645932133,1732.9266916745705,nan,0,8.96880000072997,42.881300003500655
866,28.86666666666726,SEARCH,0,0,0,1,16.41979620915555,6.9034225769737665,-2.3983644558144595,-3.115717068091074,-2.4158594159604756,-3.1175237501234445,21.335446752260147,1706.8357401808119,nan,0,11.469999997643754,45.126800003345124
867,28.900000000000595,SEARCH,0,0,0,1,16.552864123462886,7.003775494019925,-1.8757805848827411,-3.2779628580140363,-1.8848087642070492,-3.2787101255876747,21.111070366756774,1688.885629340542,nan,0,8.847100005368702,48.278099988237955
868,28.93333333333393,SEARCH,0,0,0,1,16.68682273819825,7.102936309445981,-1.4420856028399116,-3.5290975368258874,-1.4090153598460455,-3.553033999951267,21.00021570616328,1680.0172564930626,nan,0,10.687200003303587,48.43029999756254
869,28.966666666667265,SEARCH,0,0,0,1,16.82227211809271,7.200050897763,-1.0972795096859709,-3.836080078691432,-1.091551176308832,-3.8463435119191933,21.045852191757437,1683.6681753405949,nan,0,21.68460001121275,69.94299999496434
870,29.0000000000006,ACQUIRING,0,0,0,1,16.95894781853964,7.295431874299823,-0.8413623054209189,-4.084129130750596,-0.8576746402431339,-4.086651182293566,21.141992586934492,1691.3594069547594,1570.7767303664718,1,11.92389999050647,63.878100001602434
871,29.033333333333935,ACQUIRING,0,0,0,1,17.097241173493455,7.388451903075333,-0.4965562122669782,-4.421067071698649,-0.49407591897744063,-4.420406495126144,21.187344659410066,1694.9875727528051,1583.8518988074031,0,10.711700000683777,44.94580000755377
872,29.06666666666727,ACQUIRING,0,0,0,1,17.237324180197206,7.4787543338876565,-0.06286123022414863,-4.7788558300816,-0.03134446457263614,-4.794983354909988,21.186117001854512,1694.8893601483612,1596.8785147929987,0,10.364899993874133,49.52139999659266
873,29.100000000000605,ACQUIRING,0,0,0,1,17.379444066571846,7.565815896443341,0.4552568652696089,-5.077011711918241,0.4685030127505501,-5.088315793725891,21.121244664033505,1689.6995731226802,1609.8422361411879,0,11.275199998635799,54.257000010693446
874,29.13333333333394,ACQUIRING,0,0,0,1,17.52295306533974,7.650568153347891,0.8844860718744776,-5.329332072508776,0.871794461506543,-5.334967998074651,21.11599469572556,1689.279575658045,1622.7604602894344,0,8.096800011117011,45.67549999046605
875,29.166666666667275,SEARCH,0,0,0,1,17.667191583821342,7.734072809289997,1.2476807015970366,-5.542626119651105,1.2294721784269045,-5.542124726099986,21.12950638915107,1690.3605111320858,nan,0,11.73140000901185,44.721299986122176
876,29.20000000000061,SEARCH,0,0,0,0,17.81178312316928,7.816964693855203,1.5219864424307068,-5.667031277904546,1.5420298428951882,-5.6711914745422485,21.133746204212535,1690.699696337003,nan,0,15.133699998841621,54.35179999039974
877,29.233333333333945,ACQUIRING,0,0,0,0,17.956521717655793,7.899599535440619,1.707403294375488,-5.702547547269098,1.7387887172519765,-5.725479229073726,21.18153995845455,1694.523196676364,1838.7295922572946,1,10.961799998767674,50.17460000817664
878,29.26666666666728,ACQUIRING,0,0,0,0,18.10204839521048,7.980838466364601,1.8039312574313804,-5.6491749277447605,1.7747874948159497,-5.65997577913042,21.27560250121373,1702.0482000970983,1852.0615085956,0,14.576899993699044,49.01640000753105
879,29.300000000000615,ACQUIRING,0,0,0,0,18.248429573479154,8.060527414321346,1.8115703315983838,-5.506913419331535,1.7911621005704381,-5.507031078914098,21.328860638632914,1706.308851090633,1865.3947408893741,0,11.75649999640882,55.975800001760945
880,29.33333333333395,ACQUIRING,0,0,0,0,18.39594535456785,8.138095913775501,1.7303205168764983,-5.27576302202942,1.7275254600458372,-5.2548933017772885,21.382431618223652,1710.5945294578923,1878.7273374089602,0,10.794300003908575,67.52789999882225
881,29.366666666667285,ACQUIRING,0,0,0,0,18.544998526044527,8.21266755617744,1.5601818132657241,-4.955723735838416,1.592552418748641,-4.981051027147443,21.481611649891256,1718.5289319913006,1892.0544382773273,0,10.047699994174764,45.51579999679234
882,29.40000000000062,SEARCH,0,0,0,0,18.695160368859067,8.284980755113171,1.301154220766061,-4.6405457048775975,1.304861824188623,-4.654902444291115,21.676324888850328,1734.1059911080263,nan,0,9.472799996729009,45.2136999956565
883,29.433333333333955,SEARCH,0,0,0,0,18.846074782361242,8.355709939860857,0.9532377393775089,-4.414256562805668,0.9161234067124,-4.4100447160811385,22.010171472953964,1760.8137178363172,nan,0,10.823299991898239,51.69510000268929
884,29.46666666666729,SEARCH,0,0,0,0,18.99772894153095,8.424838760075778,0.5164323691000681,-4.2768563096226275,0.5064054572994652,-4.2510215378657,22.418886647008588,1793.5109317606868,nan,0,13.072399990051053,47.35690000234172
885,29.500000000000625,SEARCH,0,0,0,0,19.149833279412224,8.492971338006434,-0.009261890066261658,-4.228344945328476,0.005100033837020419,-4.234385885642418,22.989267777434737,1839.141422194779,nan,0,10.854699998162687,49.54009999346454
886,29.53333333333396,SEARCH,0,0,0,0,19.30290026926585,8.558912784721887,-0.5728751142217751,-4.268722469923213,-0.5589407619245679,-4.29675935471118,23.659269542927035,1892.741563434163,nan,0,9.057899995241314,46.160199999576434
887,29.566666666667295,SEARCH,0,0,0,0,19.457185377569303,8.621951527837297,-1.0475994494883996,-4.341589633039249,-1.0742029411720189,-4.350040489061924,24.28601414768271,1942.8811318146168,nan,0,9.491500008152798,44.08710000279825
888,29.60000000000063,SEARCH,0,0,0,0,19.612637537496465,8.682054803553,-1.4334348958661352,-4.372618266313964,-1.4732098306708725,-4.362864181438385,24.794815396744497,1983.5852317395597,nan,0,8.114900003420189,41.319099997053854
889,29.633333333333965,SEARCH,0,0,0,0,19.76846735540916,8.741172022931734,-1.730381453354982,-4.366713268553172,-1.710659064936718,-4.378422199665834,25.168961526984297,2013.516922158744,nan,0,8.631500008050352,44.27800000121351
890,29.6666666666673,SEARCH,0,0,0,0,19.924528666304973,8.799675399067292,-1.9384391219549397,-4.327877929398055,-1.915544594123978,-4.351881086802402,25.49416086130165,2039.532868904132,nan,0,7.336299997405149,42.55149999517016
891,29.700000000000635,SEARCH,0,0,0,0,20.08099004374561,8.857100264301401,-2.057607901666009,-4.259400390572792,-2.081766984236247,-4.256843172991901,25.75195743157959,2060.156594526367,nan,0,9.873599992715754,41.341900010593235
892,29.73333333333397,SEARCH,0,0,0,0,20.23768420236487,8.91388686864063,-2.087887792488189,-4.164002514056737,-2.13375033862661,-4.140323087117196,25.90161155200335,2072.128924160268,nan,0,9.327100007794797,44.06489999382757
893,29.766666666667305,SEARCH,0,0,0,1,20.39466855336879,8.969866251610227,-2.0292787944214803,-4.0439586720889915,-2.037817304067299,-4.034625919676028,25.929389471738737,2074.351157739099,nan,0,7.221200008643791,40.498899994418025
894,29.80000000000064,SEARCH,0,0,0,1,20.55161039166397,9.025964711217476,-1.8817809074658827,-3.9011904716860766,-1.8583258386708592,-3.914607514785902,25.8778602551309,2070.2288204104725,nan,0,15.192200007732026,58.107100005145185
895,29.833333333333975,SEARCH,0,0,0,1,20.708332215345106,9.08267491982084,-1.6453941316213962,-3.7373422245453773,-1.6597319498457193,-3.75381638283647,25.789645275988008,2063.1716220790404,nan,0,14.740099999471568,82.74500000698026
896,29.86666666666731,SEARCH,0,0,0,1,20.86516070123951,9.13908949054372,-1.3201184668880208,-3.553841011734113,-1.332204314071374,-3.5407017955662243,25.563648422755644,2045.0918738204516,nan,0,18.378199994913302,78.69449999998324
897,29.900000000000645,SEARCH,0,0,0,1,21.02171127185466,9.19627075161629,-0.9059539132657566,-3.3519444233587645,-0.9011830586709147,-3.3426951866881556,25.255473914170555,2020.4379131336443,nan,0,12.673399993218482,97.20910000032745
898,29.93333333333398,SEARCH,0,0,0,1,21.17798500611305,9.254204314934247,-0.477811048542209,-3.1327784380193933,-0.4432881942082967,-3.153948337944206,24.928732560241983,1994.2986048193586,nan,0,10.054300000774674,60.06869999691844
899,29.966666666667315,SEARCH,0,0,0,1,21.3344583302267,9.311596619458484,-0.08183093650078199,-2.897367414514393,-0.07815019099109369,-2.9277209651769462,24.66375272784932,1973.1002182279456,nan,0,8.364900000742637,56.16500000178348
900,30.00000000000065,SEARCH,0,0,0,1,21.49128296826559,9.368021885800333,0.28570913791753305,-2.6466577743636073,0.2674732087340907,-2.634127837657571,24.382405514901215,1950.592441192097,nan,0,6.042599998181686,46.20219999924302
901,30.033333333333985,SEARCH,0,0,0,1,21.64871380694114,9.422733025540714,0.6276989553773163,-2.3815366385733303,0.635602616574142,-2.361962995710011,24.092112863175977,1927.369029054078,nan,0,4.691599999205209,40.63920000044163
902,30.06666666666732,SEARCH,0,0,0,1,21.806698085012023,9.475824886124038,0.9463683319086158,-2.1028464299249925,0.9657498648886088,-2.087395548418675,23.833866441089484,1906.7093152871587,nan,0,7.399600013741292,36.7365999991307
903,30.100000000000655,SEARCH,0,0,0,1,21.96521790943047,9.527295684098446,1.243425534337352,-1.8113962503300134,1.2571156311681022,-1.8103148732690217,23.608619466574183,1888.6895573259346,nan,0,5.743600006098859,31.78469999693334
904,30.13333333333399,SEARCH,0,0,0,1,22.124060264539526,9.577762346373518,1.5201680390416816,-1.5079706813761065,1.5022045933038286,-1.5029598635814843,23.4103254146427,1872.826033171416,nan,0,7.600400000228547,33.18379999836907
905,30.166666666667325,SEARCH,0,0,0,1,22.283261281922684,9.627085909119382,1.7775711525387454,-1.1933365270311418,1.7581077970050274,-1.178445149876585,23.195720015691556,1855.6576012553244,nan,0,6.0877000069012865,38.63219999766443
906,30.20000000000066,ACQUIRING,0,0,0,1,22.442879676960768,9.675041573469317,2.0163589090943566,-0.8682479141182128,2.0194255407551065,-0.8594352000011982,22.98026718174717,1838.4213745397735,2197.4602969724806,1,5.443100002594292,29.093799996189773
907,30.233333333333995,ACQUIRING,0,0,0,1,22.603468977296796,9.719638147276756,2.166257776761079,-0.6320481900941727,2.1879949385982167,-0.651363695353056,22.898673748595282,1831.8938998876224,2210.4012078356122,0,6.314099999144673,50.055300001986325
908,30.26666666666733,ACQUIRING,0,0,0,1,22.764799241137627,9.76147501793919,2.227267755538912,-0.4847373549590214,2.2175292124645902,-0.5104445702824204,22.97177915743785,1837.742332595028,2223.290295487224,0,5.969000005279668,34.58170000521932
909,30.300000000000665,ACQUIRING,0,0,0,1,22.92684181056101,9.80046198335643,2.1993888454278565,-0.4263154087127591,2.1722321429915725,-0.4192402535422756,23.134306478994336,1850.7445183195468,2236.1229663832924,1,4.730999993626028,34.30490000755526
910,30.333333333334,ACQUIRING,0,0,0,1,23.089393151101884,9.837270127375698,2.0826210464279122,-0.4567823513553856,2.0855446427783435,-0.4504294390121671,23.387997232103096,1871.0397785682476,2248.9121395717534,0,4.9734999920474365,37.147600000025705
911,30.366666666667335,SEARCH,0,0,0,1,23.252198629514854,9.872937394953986,1.876964358539079,-0.576138182886901,1.9009403625921217,-0.5869077557134118,23.775714293303086,1902.057143464247,nan,0,6.088599999202415,40.11469999386463
912,30.40000000000067,SEARCH,0,0,0,1,23.415130863494714,9.908021079311686,1.7601965595391345,-0.6066051255295275,1.7527590840096046,-0.6282524453198606,24.08882336060615,1927.105868848492,nan,0,8.972800002084114,36.81249999499414
913,30.433333333334005,SEARCH,0,0,0,1,23.5783702969152,9.941646444058211,1.732317649428079,-0.5481831792832651,1.6964683834118062,-0.5248709903364047,24.256249061977204,1940.4999249581763,nan,0,6.586300005437806,45.25599999760743
914,30.46666666666734,ACQUIRING,0,0,0,1,23.74199350392351,9.973351710278413,1.7933276282059123,-0.40087234414811385,1.7751881491346753,-0.3714820402195641,24.280776816663455,1942.4621453330763,1603.3092219568846,1,17.05979999678675,71.89949999155942
915,30.500000000000675,ACQUIRING,0,0,0,1,23.90605299906959,10.002715971382532,1.9432264958726346,-0.16467262012407374,1.9622134878188997,-0.16458045671670687,24.184830145203964,1934.786411616317,1616.3461509554834,2,14.206499996362254,74.31860000360757
916,30.53333333333401,ACQUIRING,0,0,0,1,24.0707468776679,10.028283609717393,2.1820142524282455,0.16041599278885527,2.1920602219722016,0.1713729872398189,23.996575105577634,1919.726008446211,1585.0251318250869,3,9.140499998466112,66.44759999471717
917,30.566666666667345,ACQUIRING,0,0,0,1,24.235736545251424,10.051867234724094,2.5096908978727455,0.5743934945906731,2.4968750498715107,0.5835536674356965,23.71132769213502,1896.9062153708016,1576.0869031997847,3,15.640100013115443,62.11739999707788
918,30.60000000000068,ACQUIRING,0,0,0,1,24.400868480407425,10.0744331774124,2.9262564322061344,1.07725988528138,2.9022004414160754,1.1125002591800859,23.291821935641792,1863.3457548513434,1567.2907219550812,1,13.985199999297038,77.9435000004014
919,30.633333333334015,ACQUIRING,0,0,0,1,24.56612265207577,10.096085810600714,3.4317108554284124,1.6690151648609755,3.4503979681638386,1.6804667947268703,22.730958456411493,1818.4766765129193,1558.6430283569234,0,11.2410000001546,51.988599996548146
920,30.66666666666735,ACQUIRING,0,0,0,1,24.73135770588818,10.11788385568251,4.026054167539579,2.231254549770587,4.033428868409405,2.2327054530327355,22.14904730689223,1771.9237845513783,1550.165480126269,0,6.387300003552809,51.68609999236651
921,30.700000000000685,SEARCH,0,0,0,1,24.896630436816217,10.139394369143739,4.611756742171909,2.7434885829257887,4.604590077497745,2.764730466239481,21.590566681423827,1727.245334513906,nan,0,4.218399990350008,34.945300008985214
922,30.73333333333402,SEARCH,0,0,0,1,25.061870689852356,10.161152966394724,5.10857042791535,3.166833727192101,5.101090370834388,3.1987828843393133,21.140183256149776,1691.214660491982,nan,0,14.188200002536178,59.12599999282975
923,30.766666666667355,SEARCH,0,0,0,1,25.227147634117358,10.182631082517922,5.516495224769901,3.501289982569525,5.514644688071137,3.5182979773485865,20.808558530915516,1664.6846824732413,nan,0,6.5371999953640625,50.01530000299681
924,30.80000000000069,SEARCH,0,0,0,1,25.392446988216943,10.203936042316952,5.835531132735564,3.74685734905806,5.847225806518442,3.7329429223986064,20.58857505995853,1647.0860047966823,nan,0,4.755499991006218,45.409700003801845
925,30.833333333334025,SEARCH,0,0,0,1,25.557588678287825,10.226430485593255,6.065678151812339,3.903535826657706,6.059294722950708,3.8894580598447313,20.50221175125828,1640.1769401006625,nan,0,6.643400003667921,34.39240000443533
926,30.86666666666736,SEARCH,0,0,0,1,25.722814965105297,10.248294884105194,6.206936282000224,3.9713254153684634,6.175302155187795,3.9872766472880605,20.525730350358923,1642.0584280287137,nan,0,4.406400010338984,35.18539998913184
927,30.900000000000695,SEARCH,0,0,0,1,25.888128755772307,10.269487533611144,6.25930552329922,3.967240560453044,6.2379668419289525,3.985699045576943,20.630435308122102,1650.4348246497684,nan,0,7.966800010763109,35.07519999402575
928,30.93333333333403,SEARCH,0,0,0,1,26.05359375391411,10.289465325473879,6.222785875709328,4.044352339550663,6.220658511018953,4.039483176537136,20.794412644046975,1663.5530115237582,nan,0,4.496399997151457,34.275999991223216
929,30.966666666667365,SEARCH,0,0,0,1,26.21623766505421,10.325862247690313,6.097377339230547,4.186338345063566,6.082062801708265,4.170558215247647,21.054043914640165,1684.3235131712133,nan,0,18.226300002424978,54.00340000051074
930,31.0000000000007,SEARCH,0,0,0,1,26.37443540499542,10.378314634244886,5.883079913862876,4.380002366443848,5.838368790127616,4.368209704768224,21.397462309199373,1711.7969847359498,nan,0,6.407200009562075,53.42240000027232
931,31.033333333334035,SEARCH,0,0,0,1,26.526606314213474,10.446298398229596,5.579893599606318,4.61465089841916,5.551495838507582,4.642650068207891,21.76321652253248,1741.0573218025986,nan,0,4.436899995198473,47.08089999621734
932,31.06666666666737,SEARCH,0,0,0,1,26.671229951284477,10.529134268347153,5.1878183964608695,4.881594551455877,5.213773088300321,4.867022566839483,22.191934659852798,1775.354772788224,nan,0,4.879400003119372,37.58799999195617
933,31.100000000000705,SEARCH,0,0,0,1,26.806861284633033,10.625994575965242,4.8414079716827345,5.1737493760841815,4.855695887668085,5.174409909572148,22.61798924882059,1809.439139905647,nan,0,4.895999998552725,41.25439999916125
934,31.13333333333404,SEARCH,0,0,0,1,26.93214513081008,10.735911524907902,4.5443066878865785,5.485318110285204,4.519448058906883,5.505945104318132,23.014811291804996,1841.1849033443998,nan,0,3.9864999998826534,32.799900000100024
935,31.166666666667375,SEARCH,0,0,0,1,27.045829695037956,10.857786861355011,4.283491381303197,5.811535357217892,4.261631986791831,5.831794187842304,23.331958073909085,1866.556645912727,nan,0,11.146300006657839,55.49389999941923
936,31.20000000000071,SEARCH,0,0,0,1,27.14677907873001,10.99040284723142,4.048592128808647,6.148463899041551,4.0631786461045,6.14803898338443,23.58603605362715,1886.882884290172,nan,0,6.584799994016066,34.774200001265854
937,31.233333333334045,SEARCH,0,0,0,1,27.233984629013825,11.132434427443268,3.8313662706680303,6.492831911388471,3.8803270106889287,6.470253531682988,23.814475741841065,1905.1580593472852,nan,0,5.454199999803677,46.165199993993156
938,31.26666666666738,SEARCH,0,0,0,1,27.306575016857288,11.282462469390477,3.6252774679906175,6.841902890094912,3.635282646366173,6.836561926944441,24.08518453578035,1926.8147628624279,nan,0,5.550200003199279,49.530200005392544
939,31.300000000000715,SEARCH,0,0,0,1,27.363824943100255,11.438987942470588,3.4251587841248736,7.193371739456557,3.3955469397738334,7.202200961425219,24.339858552742182,1947.1886842193744,nan,0,5.695799991372041,33.33350000320934
940,31.33333333333405,SEARCH,0,0,0,1,27.40516238540402,11.600446895897026,3.2269429817492137,7.545281781414875,3.2316254602929857,7.560074987083262,24.508865592500154,1960.7092474000124,nan,0,4.162299999734387,35.97820000140928
941,31.366666666667385,SEARCH,0,0,0,1,27.430174313709422,11.765226085178389,3.0274465894290215,7.895958493206572,3.0694261094711157,7.894823419007137,24.666294206236277,1973.3035364989023,nan,0,4.851099991356023,37.00490000483114
942,31.40000000000072,SEARCH,0,0,0,1,27.43861081709668,11.931679091124135,2.824196981014837,8.24395661952198,2.8327493940659374,8.230121364522972,24.882723845526904,1990.6179076421524,nan,0,6.672300005448051,52.45920000015758
943,31.433333333334055,SEARCH,0,0,0,1,27.430387600812686,12.098142770320903,2.6152938629324884,8.588017976041554,2.5966174487212976,8.587014445171057,25.080752821288574,2006.4602257030858,nan,0,15.43390000006184,32.911599992075935
944,31.46666666666739,SEARCH,0,0,0,1,27.405586828516316,12.262953872711735,2.399298285748717,8.92703779789019,2.384200366096764,8.936618733435047,25.241519089796068,2019.3215271836855,nan,0,3.9048000035109,37.14919999765698
945,31.500000000000725,SEARCH,0,0,0,0,27.36445630132631,12.42446566024085,2.175143673453911,9.260037915896937,2.2086796887193576,9.257279293274573,25.354371742689267,2028.3497394151414,nan,0,5.023700010497123,44.76859999704175
946,31.53333333333406,SEARCH,0,0,0,0,27.307406981874404,12.581064360515954,1.9420644655417,9.586145387036762,1.9655580937561732,9.572634419243075,25.51979537104023,2041.5836296832185,nan,0,5.327300008502789,37.83349999866914
947,31.566666666667395,SEARCH,0,0,0,0,27.235008888102566,12.731185291088549,1.6995388482671117,9.904575480232594,1.6793241186275303,9.8949865554792,25.712585387406115,2057.006830992489,nan,0,5.734699996537529,49.012999996193685
948,31.60000000000073,SEARCH,0,0,0,0,27.147985397832134,12.873328493243733,1.447242756497903,10.21461813854699,1.4274052182224264,10.235135224446418,25.855527619819696,2068.4422095855757,nan,0,10.038499996881,73.79140000557527
949,31.633333333334065,SEARCH,0,0,0,0,27.04720602101175,13.00607371909187,1.1850128915911278,10.515627214682892,1.2106169985516504,10.528796313686593,25.95508111447231,2076.406489157785,nan,0,12.709299990092404,37.07990000839345
950,31.6666666666674,SEARCH,0,0,0,0,26.933677711861367,13.12809462221602,0.9128169519320343,10.807011917433918,0.948702966109348,10.795514613880215,26.089458446519316,2087.1566757215455,nan,0,7.376599998679012,64.09549999807496
951,31.700000000000735,SEARCH,0,0,0,0,26.80853480771855,13.238172010086917,0.6307296337273599,11.088230019309611,0.6053906245441405,11.097908977882668,26.29040682323587,2103.23254585887,nan,0,5.840799989528023,81.21390000451356
952,31.73333333333407,SEARCH,0,0,0,0,26.67302769511475,13.335206025831699,0.3389132483999046,11.358782465636994,0.31516605297839934,11.382380615166069,26.430103999616502,2114.40831996932,nan,0,8.823899988783523,49.81580001185648
953,31.766666666667405,SEARCH,0,0,0,0,26.528510316326408,13.418227137640228,0.037602033925917544,11.618209097507794,0.06466026704865177,11.626914946706949,26.524406850974906,2121.9525480779926,nan,0,11.22830000531394,64.10570000298321
954,31.80000000000074,ACQUIRING,0,0,0,0,26.376496829598906,13.486562177193344,-0.2729105777567136,11.866085258602048,-0.24529859773628993,11.850608705559882,26.672014088482985,2133.7611270786388,1853.2856744832402,26,24.444300011964515,71.84059999417514
955,31.833333333334075,ACQUIRING,0,0,0,0,26.21898329294333,13.541034771660932,-0.49453430055045594,12.025072530807412,-0.5213272900027903,12.010933963797525,26.784051570937596,2142.7241256750076,1841.760722311491,36,28.345899991109036,49.392100001568906
956,31.86666666666741,ACQUIRING,0,0,0,0,26.057580063932182,13.58258925929527,-0.6272691344553094,12.095170914123887,-0.6660225065752666,12.109463258744613,26.764174460646657,2141.1339568517324,1890.667631454545,55,34.04220000084024,53.89429999922868
957,31.900000000000745,ACQUIRING,0,0,0,0,25.89356853504907,13.612220259467424,-0.6711150794712739,12.076380408551474,-0.6584536233868817,12.097124724757878,26.595213764536105,2127.6171011628885,1909.1928267517494,43,38.618799997493625,41.865100007271394
958,31.93333333333408,ACQUIRING,0,0,0,0,25.727882477304302,13.630273182964048,-0.6304884872425582,12.048993013343868,-0.5992392193067352,12.041728155273054,26.375003547547998,2110.00028380384,1927.7979175278576,24,32.40159999404568,65.08159999793861
959,31.966666666667415,ACQUIRING,0,0,0,0,25.56127318925892,13.634646158471487,-0.6733696053996105,12.07717911363018,-0.6704792240931341,12.055445444822855,26.279244843971252,2102.3395875177007,1946.5480198719567,51,33.171600007335655,57.117899996228516
960,32.000000000000746,ACQUIRING,0,0,0,0,25.39489848746188,13.624785307609436,-0.7776639716435534,12.148624115313604,-0.7843243013354658,12.170300867943924,26.219596312886196,2097.567705030896,1965.5644199846695,58,34.61560000141617,62.92780001240317
961,32.03333333333408,SEARCH,0,0,0,0,25.22992064351589,13.601119112632,-0.9344291510839622,12.256866072885096,-0.9424932331790661,12.27984201572009,26.205744051635673,2096.459524130854,nan,59,47.64170000271406,41.31309999502264
962,32.06666666666741,ACQUIRING,0,0,0,0,25.067501594978694,13.563731541835681,-1.121497185983418,12.414643753480714,-1.112019752044054,12.404168470854977,26.20518888454731,2096.415110763785,1850.5254495688407,39,13.17669999843929,45.96960000344552
963,32.10000000000074,ACQUIRING,0,0,0,0,24.908614033542886,13.51340738661416,-1.2196763319939847,12.483532545187444,-1.2144767523192461,12.451930539460536,26.144647737222208,2091.5718189777763,1838.9200367971998,30,28.381800002534874,41.74240000429563
964,32.13333333333407,ACQUIRING,0,0,0,0,24.754598211305318,13.449713554273316,-1.2289665891156627,12.463532448005285,-1.2502097977030966,12.465819568421018,26.023414206456163,2081.8731365164927,1825.146527550733,35,42.69779998867307,67.33550000353716
965,32.1666666666674,ACQUIRING,0,0,0,0,24.60604216027197,13.374156440252499,-1.1493679573484519,12.354643461934238,-1.1909693308506926,12.347345061217364,25.817438747506124,2065.39509980049,1808.1743437132006,42,36.85560000303667,65.12620000285096
966,32.200000000000735,TRACKING,0,1,0,0,24.463304631915555,13.28811124412581,-0.980880436692352,12.156865586974302,-0.9925935424293577,12.143972856429587,25.4815973697258,2038.527789578064,1794.1494560950734,58,39.27269999985583,80.01859999785665
967,32.233333333334066,TRACKING,0,1,0,0,24.326937749446813,13.192289267818003,-0.7235040271473634,11.870198823125477,-0.6995463253050616,11.848684756824941,25.062525376062368,2005.0020300849894,1780.3233663687477,30,23.777800000971183,58.450700002140366
968,32.2666666666674,TRACKING,0,1,0,0,24.197228245782604,13.087631623868969,-0.37723872871348585,11.624067363802622,-0.39091365898083974,11.635271762563406,24.630998183092693,1970.4798546474156,1766.9598468802735,28,23.111600006814115,52.100000000791624
969,32.30000000000073,TRACKING,0,1,0,0,24.075183560017066,12.974128881813241,0.057915458609280546,11.417196954026569,0.02279053108156784,11.424694402868234,24.10224797862076,1928.179838289661,1754.1488434254143,0,5.207599999266677,46.83970000769477
970,32.33333333333406,TRACKING,0,1,0,0,23.961956873400723,12.851828042831398,0.45073657079985036,11.243226035020703,0.44410681536144064,11.243337662544855,23.57279178748017,1885.8233429984139,1741.993881787619,0,4.870199991273694,40.07060000731144
971,32.36666666666739,TRACKING,0,1,0,0,23.85718026060859,12.722214620727108,0.7853318352848018,11.097089395499511,0.8044192889506624,11.096691508811789,23.11000029865352,1848.8000238922818,1730.4916955105714,0,10.960400002659298,49.35950000071898
972,32.40000000000072,TRACKING,0,1,0,0,23.760878081872367,12.586186431926278,1.072027917506043,10.974485745195242,1.0622241311892504,10.955869414315083,22.757126900177337,1820.5701520141868,1719.6636988092612,0,9.439000001293607,50.168700006906874
973,32.433333333334055,COASTING,0,0,0,0,23.672574701587422,12.444834775381226,1.3181460107545446,10.871779405617652,1.2849552218372557,10.873705233243697,22.4426815244584,1795.4145219566722,1709.492141917225,0,11.183399998117238,56.95630000263918
974,32.466666666667386,COASTING,0,0,0,0,23.593218061555824,12.298273179249522,1.5299599263742027,10.785896310041144,1.5256521969154613,10.80039021169373,22.11834344101597,1769.4674752812778,1700.0638234425126,0,8.177499999874271,51.64630000945181
975,32.50000000000072,COASTING,0,0,0,0,23.52247391698129,12.147365777886318,1.7127692674587445,10.71423730935949,1.739783074388561,10.707997321475395,21.830194728799004,1746.4155783039205,1691.3688528647906,0,13.782900001388043,47.80919999757316
976,32.53333333333405,COASTING,0,0,0,0,23.45987790119469,11.99290051776152,1.8710551939846376,10.654604797828256,1.8868656284095582,10.637502595128252,21.615549080474835,1729.2439264379868,1683.384855608446,0,6.941699990420602,40.55520000110846
977,32.56666666666738,COASTING,0,0,0,0,23.405579827338425,11.835326735191964,2.008606552207334,10.60514067877613,2.0007857080086393,10.601737236640709,21.440311432948704,1715.2249146358963,1676.1348714419266,0,17.39110000198707,62.13229999411851
978,32.60000000000071,COASTING,0,0,0,0,23.358632591076248,11.67540883505217,2.1286268488970403,10.564273913749764,2.1022464611386025,10.580649865654632,21.284558922046795,1702.7647137637439,1669.5549761786194,0,7.6289999997243285,55.3141999989748
979,32.63333333333404,COASTING,0,0,0,0,23.318681629407298,11.51360123807507,2.233824679481821,10.53067617481934,2.242419247658851,10.525048061967217,21.09943301054077,1687.9546408432618,1663.6252034096206,0,12.933400008478202,55.163299999549054
980,32.666666666667375,COASTING,0,0,0,0,23.286366751097297,11.350097334703966,2.3264901870888943,10.503224348169338,2.3453707647768667,10.494301743454939,20.958475588484237,1676.678047078739,1658.4028256248714,0,4.527400000370108,41.275399998994544
981,32.700000000000706,COASTING,0,0,0,0,23.261114393196838,11.185354819856569,2.408559709340973,10.480968830518734,2.3956041842652027,10.467943982746657,20.877839796976914,1670.2271837581532,1653.848396319613,0,4.838799999561161,33.094700003857724
982,32.73333333333404,COASTING,0,0,0,0,23.24284054737462,11.01969298255949,2.481670437857406,10.463106723434947,2.4586712530660813,10.484742343999997,20.791052533245473,1663.284202659638,1649.9598695531574,0,8.682300001964904,39.545399995404296
983,32.76666666666737,COASTING,0,0,0,0,23.231072394727423,10.853442303279525,2.547206633395451,10.448959168864759,2.5465330653584806,10.473122541683804,20.6880354405456,1655.0428352436481,1646.7030815186063,0,6.413400013116188,50.18119998567272
984,32.8000000000007,COASTING,0,0,0,0,23.225386808192365,10.686872642526042,2.6063387012031356,10.437952186104564,2.6332453709408483,10.42477640661075,20.593809346710284,1647.5047477368228,1644.046658280563,0,10.230400002910756,45.956999994814396
985,32.83333333333403,COASTING,0,0,0,1,23.22570846004097,10.5202062862394,2.660056229611352,10.429600469271762,2.656190906110329,10.416689799299526,20.56977802662268,1645.5822421298142,1641.9860739825065,0,10.092700002132915,50.587899997481145
986,32.86666666666736,COASTING,0,0,0,1,23.231248939694083,10.353631735773277,2.709195924485811,10.423493687908731,2.6798291231599594,10.426316785979978,20.551548350232764,1644.1238680186211,1640.4589463628524,0,11.994099986623041,68.95830000576098
987,32.900000000000695,COASTING,0,0,0,1,23.2424722401871,10.187343385899267,2.7544652280787147,10.419284904009835,2.772229466203088,10.434238789335302,20.471731645517497,1637.7385316413997,1639.5023558139387,0,5.5188999976962805,47.67250000440981
988,32.933333333334026,SEARCH,0,0,0,1,23.25937771591264,10.021536321308306,2.796462288998287,10.41668077850474,2.81207527202274,10.4004475670265,20.450812965846556,1636.0650372677244,nan,0,4.022000008262694,37.346799988881685
989,32.96666666666736,SEARCH,0,0,0,1,23.282460554452808,9.856475846503747,2.822074197414202,10.425773252424928,2.825376993773146,10.40865573265256,20.464534454399335,1637.1627563519467,nan,0,7.254199997987598,41.87669999373611
990,33.00000000000069,SEARCH,0,0,0,1,23.309487357975758,9.692015122715027,2.870394968921793,10.446658070136236,2.854508571031691,10.442784453758131,20.468752081227784,1637.5001664982226,nan,0,11.7372999957297,49.044100000173785
991,33.03333333333402,SEARCH,0,0,0,1,23.339977355406877,9.528161108927057,2.9327313821881096,10.484485964161934,2.9241861871282926,10.485266559569132,20.43821371525434,1635.0570972203473,nan,0,12.730699992971495,52.36760000116192
992,33.06666666666735,SEARCH,0,0,0,1,23.37301976890498,9.364802678817075,3.00031901450061,10.542255211545926,3.0316335288648437,10.53013224818886,20.374738947327558,1629.9791157862046,nan,0,5.686000004061498,49.003299995092675
993,33.10000000000068,SEARCH,0,0,0,1,23.408644941705067,9.201987984023448,3.06461248390729,10.620859277300168,3.089337981370555,10.589988525100352,20.36665855878986,1629.332684703189,nan,0,7.281899990630336,47.32950001198333
994,33.133333333334015,SEARCH,0,0,0,1,23.446852655215757,9.039759908752666,3.1175927014670126,10.719188116974305,3.1275015213208066,10.715210703373613,20.388309539236303,1631.0647631389043,nan,0,10.157500000786968,55.930000002263114
995,33.166666666667346,SEARCH,0,0,0,1,23.487696571706294,8.878175403729777,3.152073989566464,10.834286365153597,3.1346094257323567,10.852885685372652,20.448658564024086,1635.892685121927,nan,0,8.311500001582317,54.44180000631604
996,33.20000000000068,SEARCH,0,0,0,1,23.53062223223002,8.71713141766889,3.161994861344608,10.961568116969042,3.1935701153841185,10.965108469464084,20.46091614832298,1636.8732918658384,nan,0,6.818199995905161,61.999800003832206
997,33.23333333333401,SEARCH,0,0,0,1,23.575631152143007,8.556657198848407,3.142677590484271,11.095084765816178,3.156137587087505,11.10237711084619,20.57757049128213,1646.2056393025705,nan,0,9.236300000338815,39.39829999580979
998,33.26666666666734,SEARCH,0,0,0,1,23.623135468548718,8.396903896220248,3.091043422016726,11.2278394525408,3.0771643179031356,11.201858716537448,20.736554729925153,1658.9243783940121,nan,0,8.365499990759417,45.92679999768734
999,33.30000000000067,SEARCH,0,0,0,1,23.67278881034074,8.237805425370707,3.005772354646524,11.352139168815041,2.9615786192938436,11.36658157090552,20.946204136945497,1675.6963309556397,nan,0,11.71000000613276,55.753599997842684
1000,33.333333333334004,SEARCH,0,0,0,1,23.723912145919076,8.079173201856307,2.8873988164282696,11.459973494978732,2.8689093762999205,11.478629532194034,21.13024949835415,1690.419959868332,nan,0,9.606999999959953,47.87949999445118
1001,33.366666666667335,SEARCH,0,0,0,1,23.776255570681926,7.920939375947073,2.738337195800962,11.543407386630332,2.743332421988334,11.545285317917166,21.342908416753463,1707.432673340277,nan,0,3.9477000100305304,52.79179998615291
1002,33.40000000000067,SEARCH,0,0,0,1,23.83011488044503,7.763215083177635,2.5628340037957287,11.594974389841578,2.565505927049148,11.580926900739438,21.604594822925872,1728.3675858340696,nan,0,14.913999999407679,66.89479999477044
1003,33.433333333334,SEARCH,0,0,0,1,23.884829458216206,7.605785439345542,2.3668463461017777,11.60805618360934,2.346424939889979,11.630592008296556,21.911228562372465,1752.8982849897973,nan,0,7.39469999098219,68.0902000021888
1004,33.46666666666733,SEARCH,0,0,0,1,23.94079175645482,7.448794997108984,2.157849285063825,11.577234426412376,2.1564435400779396,11.594389075447467,22.175296558889976,1774.0237247111982,nan,0,4.9620999925537035,58.784300010302104
1005,33.50000000000066,SEARCH,0,0,0,1,23.997377661324848,7.2920282495257736,1.9445774785799483,11.498601511689271,1.9643795783627571,11.482323716929555,22.42791966785943,1794.2335734287544,nan,0,6.649700007983483,49.12209999747574
1006,33.53333333333399,SEARCH,0,0,0,1,24.05485730559632,7.135586988113694,1.7367091032742557,11.37001798837564,1.7493020629973481,11.347922617183443,22.69981423123469,1815.9851384987753,nan,0,11.479299995698966,58.37709999468643
1007,33.566666666667324,SEARCH,0,0,0,1,24.11339404572798,6.979538188590799,1.5445024156425533,11.191306034849006,1.5322480692974774,11.186885862941931,22.969761166841316,1837.5808933473054,nan,0,12.46779999928549,86.83320001000538
1008,33.600000000000655,SEARCH,0,0,0,1,24.172980640720546,6.823887247459787,1.3784676383009054,10.965068470818457,1.3715116696957328,10.996497114389722,23.18011346689676,1854.4090773517407,nan,0,15.286299996660091,67.62970000272617
1009,33.63333333333399,SEARCH,0,0,0,1,24.233759625764527,6.668698031485218,1.2482050338762194,10.69980530085396,1.2716292125615163,10.708887228844297,23.314857105789855,1865.1885684631884,nan,0,13.301200000569224,77.8439999994589
1010,33.66666666666732,SEARCH,0,0,0,1,24.295652908571764,6.513949851136881,1.1604841523726668,10.404694437571182,1.1708013901926773,10.39523773006959,23.44830811265985,1875.8646490127878,nan,0,8.445300001767464,53.99800000304822
1011,33.70000000000065,SEARCH,0,0,0,1,24.358729211835488,6.359680094721825,1.1196135341592308,10.089066197055208,1.1022765667191141,10.08603252262707,23.553095169244653,1884.2476135395723,nan,0,8.1612999929348,73.1110000051558
1012,33.73333333333398,SEARCH,0,0,0,1,24.422795027579216,6.205818634209881,1.127802433077671,9.76202664349045,1.0907464218854952,9.769968099163728,23.60270436935109,1888.2163495480875,nan,0,10.817800008226186,98.07659999933094
1013,33.76666666666731,SEARCH,0,0,0,1,24.48768684059671,6.052303715126814,1.1855005742361708,9.432194084686293,1.1860830455617841,9.436058651115722,23.546008937559147,1883.6807150047318,nan,0,12.776999996276572,90.24530000169761
1014,33.800000000000644,SEARCH,0,0,0,1,24.55332360020616,5.899105824913701,1.2917089592604194,9.107521635592223,1.3206699766151555,9.098583691554623,23.45192642434479,1876.1541139475833,nan,0,12.369399992167018,83.01840000785887
1015,33.833333333333975,SEARCH,0,0,0,1,24.61994195793667,5.746332227093047,1.4442589453956536,8.795185109072358,1.4644190918806488,8.767250255034785,23.351749076503598,1868.1399261202878,nan,0,16.765600012149662,86.6531999927247
1016,33.86666666666731,SEARCH,0,0,0,1,24.686738393619812,5.59363640541542,1.6400593430109431,8.501520256952737,1.6357087160654402,8.51750785597317,23.235726660788533,1858.8581328630826,nan,0,15.705399986472912,84.59850000508595
1017,33.90000000000064,SEARCH,0,0,0,0,24.753591885448575,5.440965555519053,1.8753127420640712,8.231997011310488,1.8846986192604311,8.2326173819329,23.03865445594046,1843.0923564752368,nan,0,10.165699990466237,71.46520000242162
1018,33.93333333333397,SEARCH,0,0,0,0,24.82054658215667,5.288339062515692,2.145703084623625,7.991221163154908,2.1927454176715253,7.977221630654317,22.78700232599091,1822.9601860792727,nan,0,10.01630000246223,65.99639999330975
1019,33.9666666666673,SEARCH,0,0,0,0,24.887395920985657,5.135666394117235,2.4465568931673274,7.782956071321881,2.4446088407347673,7.756629885620007,22.59531238007713,1807.6249904061704,nan,0,10.736999989603646,59.57450000278186
1020,34.00000000000063,SEARCH,0,0,0,0,24.95331848451407,4.982591270744362,2.7729806992621557,7.61015866913686,2.728073468997327,7.622581689101311,22.38148934742209,1790.5191477937672,nan,0,4.946700006257743,46.28870000306051
1021,34.033333333333964,SEARCH,0,0,0,0,25.019581104089774,4.829663042399352,3.119977194797892,7.475025341518352,3.0959537834297826,7.488596030299098,22.08427856030916,1766.7422848247325,nan,0,5.589199994574301,32.4801000097068
1022,34.066666666667295,SEARCH,0,0,0,0,25.085349126878512,4.676521457726089,3.482542513084932,7.379044264353317,3.5092749971965786,7.372519089137043,21.743858399053824,1739.5086719243059,nan,0,7.393099993350916,61.67710000590887
1023,34.10000000000063,SEARCH,0,0,0,0,25.151088867834208,4.523367730259677,3.8557468817518665,7.323051594814113,3.886987775550044,7.295614242934609,21.44405152926841,1715.524122341473,nan,0,5.3293999953893945,48.421900006360374
1024,34.13333333333396,SEARCH,0,0,0,0,25.218315717921843,4.370860915969061,4.2348007003687655,7.307289524646882,4.233784249127008,7.314698356675463,21.190015097732836,1695.201207818627,nan,0,9.02749999659136,46.165299994754605
1025,34.16666666666729,SEARCH,0,0,0,0,25.28576640504215,4.218452968063526,4.615107900057985,7.331464696087199,4.61131046535838,7.346763112048707,20.909793226115035,1672.7834580892027,nan,0,13.305100001161918,63.20619999314658
1026,34.20000000000062,SEARCH,0,0,0,0,25.352490187738162,4.065725385091383,4.992308250475929,7.394805861268006,5.033187515057578,7.398633453922066,20.59083138921984,1647.266511137587,nan,0,9.19409999914933,53.80919999151956
1027,34.23333333333395,SEARCH,0,0,0,0,25.419272608092545,3.9130234332067118,5.362310097582388,7.496119963640415,5.411360386680731,7.475973406381207,20.32267610259693,1625.8140882077544,nan,0,13.670999993337318,50.14530000335071
1028,34.266666666667284,SEARCH,0,0,0,0,25.486589208330425,3.760556213417699,5.721314846855262,7.63384605191396,5.707327465943792,7.618260149125061,20.15194965082564,1612.1559720660512,nan,0,11.984900003881194,63.679400002001785
1029,34.300000000000615,SEARCH,0,0,0,0,25.554767333878665,3.6084722860140905,6.065834352520102,7.806106617362547,6.044864700621367,7.818908023134819,19.959059843980715,1596.724787518457,nan,0,12.693099997704849,57.36970000725705
1030,34.33333333333395,SEARCH,0,0,0,0,25.623361394292118,3.456575503119345,6.392702234242789,8.010756085051682,6.367870587306167,8.024259220305632,19.789837310048032,1583.1869848038425,nan,0,17.19490000687074,61.9443999894429
1031,34.36666666666728,SEARCH,0,0,0,0,25.693067548565516,3.305185840875878,6.69908001815982,8.245426297288086,6.7198665707937115,8.224990325296561,19.600684465289643,1568.0547572231715,nan,0,5.6308999919565395,59.64150000363588
1032,34.40000000000061,SEARCH,0,0,0,0,25.76445213163596,3.154580332750721,6.982458888256284,8.507568910200003,6.9679662785002945,8.496206107014688,19.54074835668814,1563.2598685350513,nan,0,18.10010000190232,64.74980000348296
1033,34.43333333333394,SEARCH,0,0,0,0,25.83662439695441,3.00435070219609,7.240657735889157,8.794494687205706,7.203545349016183,8.785449924831866,19.509298886138232,1560.7439108910585,nan,0,16.683300011209212,67.93839999591
1034,34.46666666666727,SEARCH,0,0,0,0,25.909171093142042,2.854301528089609,7.4718181085447934,9.103409720462327,7.449119001643893,9.11083922003011,19.491479859453907,1559.3183887563125,nan,0,12.25220000196714,70.4764999973122
1035,34.500000000000604,SEARCH,0,0,0,0,25.98236409774868,2.70456655604089,7.674396582557418,9.431448646555696,7.682306732553967,9.42311839959119,19.494384792649658,1559.5507834119726,nan,0,13.863900006981567,53.18789999000728
1036,34.533333333333935,SEARCH,0,0,0,0,26.05643487634496,2.5552638516584216,7.847155017384816,9.775704948336735,7.845153300660114,9.758129407183013,19.583974286131014,1566.717942890481,nan,0,12.492699999711476,65.82499999785796
1037,34.56666666666727,SEARCH,0,0,0,0,26.11523021048053,2.3993123000096346,7.989149090093406,10.133258453017056,7.950252600385893,10.142555562304404,19.74649912754949,1579.7199302039594,nan,0,13.850400006049313,59.532400002353825
1038,34.6000000000006,SEARCH,0,0,0,0,26.158162636611863,2.2382701174478745,8.099715456988369,10.501200149051353,8.090054953432725,10.52238210524688,19.876695567356062,1590.1356453884848,nan,0,16.722699991078116,114.3688000011025
1039,34.63333333333393,SEARCH,0,0,0,0,26.18480318812863,2.0737463842278303,8.178457843967017,10.876654452255776,8.184829400339988,10.893063150412823,20.044435751185162,1603.554860094813,nan,0,19.945800013374537,85.59699999750592
1040,34.66666666666726,SEARCH,0,0,0,0,26.194885681446266,1.907384967107521,8.225232327397578,11.256799056063313,8.237573755566391,11.235680306596834,20.235665186597785,1618.8532149278228,nan,0,14.473499992163852,87.4556000053417
1041,34.70000000000059,SEARCH,0,0,0,0,26.188309375624375,1.7408480943750395,8.240132032440012,11.638882502606325,8.21125823956925,11.636355908664303,20.520610187102154,1641.6488149681722,nan,0,6.688399997074157,62.576999989687465
1042,34.733333333333924,SEARCH,0,0,0,0,26.16513997893689,1.5757997474129577,8.223471445120342,12.020239611077775,8.199158166270056,12.034221581956354,20.788340235870912,1663.0672188696728,nan,0,6.8408000079216436,47.873799994704314
1043,34.766666666667255,SEARCH,0,0,0,0,26.125608992336726,1.413889034746391,8.175770507608703,12.39830489805595,8.187563080712756,12.399629812070277,21.034732980337218,1682.7786384269773,nan,0,6.364500004565343,50.52619999332819
1044,34.80000000000059,SEARCH,0,0,0,0,26.070111396374788,1.2567337146957378,8.09773864256445,12.770624121574574,8.123868377653082,12.754884201125599,21.31373038901461,1705.0984311211687,nan,0,11.259899998549372,47.061500008567236
1045,34.83333333333392,SEARCH,0,0,0,0,25.99920170468486,1.1059040312703021,7.99025883168841,13.134864076988602,8.000735483646864,13.124879980707597,21.642563831094456,1731.4051064875564,nan,0,8.207200007745996,40.7295999902999
1046,34.86666666666725,SEARCH,0,0,0,0,25.914386067580182,0.9624324818944588,7.854371855405222,13.48882076836577,7.8335374050361715,13.501671286651746,22.003399695514112,1760.271975641129,nan,0,15.043100007460453,76.31959998980165
1047,34.90000000000058,SEARCH,0,0,0,0,25.817310399879972,0.8269552051343462,7.6912607845756495,13.830426074412609,7.671278533613017,13.852254758338837,22.33689550815612,1786.9516406524892,nan,0,7.999499997822568,54.57330000353977
1048,34.93333333333391,SEARCH,0,0,0,0,25.70881590548095,0.7004375286504705,7.502235801038934,14.157753022966439,7.513125821906055,14.146470715847844,22.62474190104097,1809.9793520832777,nan,0,4.269299999577925,44.00779999559745
1049,34.966666666667244,SEARCH,0,0,0,0,25.59033269822993,0.583221883887114,7.288719411372467,14.469019782964384,7.283414804507191,14.43883277288381,22.959120102364324,1836.729608189146,nan,0,6.014700004016049,49.78770000161603
1050,35.000000000000576,SEARCH,0,0,0,0,25.462141286110583,0.47671019609358883,7.052232107325322,14.762592477623173,7.023277942104074,14.756444036292068,23.321716917196653,1865.7373533757323,nan,0,7.527599998866208,41.60129999218043
1051,35.03333333333391,SEARCH,0,0,0,0,25.325308597455425,0.3815545704418264,6.794378516754762,15.036986917395383,6.763616795249074,15.067545941418052,23.6688560160495,1893.50848128396,nan,0,5.596599992713891,36.18530000676401
1052,35.06666666666724,SEARCH,0,0,0,0,25.180671877903,0.29874154528943425,6.516834080415398,15.290869346158653,6.554988722434834,15.305427330480642,23.91896091521014,1913.5168732168113,nan,0,5.80719999561552,41.049999999813735
1053,35.10000000000057,SEARCH,0,0,0,0,25.029530818571427,0.22849798357799833,6.2213322824836075,15.52305628908151,6.266857319333758,15.523044866903223,24.206633000176396,1936.530640014112,nan,0,4.087399996933527,27.764700003899634
1054,35.1333333333339,SEARCH,0,0,0,0,24.873232810601873,0.17062993987055178,5.909652456127004,15.73251358572016,5.897960742499997,15.7327314540236,24.540577694815823,1963.2462155852659,nan,0,8.978900004876778,32.32949999801349
1055,35.16666666666723,SEARCH,0,0,0,0,24.712715670441973,0.1257743327219988,5.583608179646917,15.918354687154249,5.55242493450913,15.94215161306997,24.84501019037387,1987.6008152299098,nan,0,4.223600000841543,50.95270001038443
1056,35.200000000000564,SEARCH,0,0,0,0,24.5487947496744,0.09564611484426205,5.245036273640671,16.07983829137996,5.249394237872505,16.083645917451683,25.061584104024913,2004.926728321993,nan,0,5.415000006905757,39.163399997050874
1057,35.233333333333896,SEARCH,0,0,0,0,24.38287062311287,0.07993109010452126,4.895786405170886,16.216365386754376,4.912914602694474,16.186035450961295,25.26827625936989,2021.4621007495914,nan,0,13.357399991946295,36.74780001165345
1058,35.26666666666723,SEARCH,0,0,0,0,24.216210546932636,0.07844893445238417,4.537711301021538,16.327475769031196,4.550771595413422,16.334259810021443,25.514326884677917,2041.1461507742333,nan,0,7.654400003957562,37.85619999689516
1059,35.30000000000056,SEARCH,0,0,0,0,24.04991149602827,0.0895125435418604,4.172657568704196,16.412844093446896,4.154216006012543,16.43687632471627,25.7502427488652,2060.019419909216,nan,0,5.2835000096820295,36.18799999821931
1060,35.33333333333389,SEARCH,0,0,0,0,23.884723738572486,0.11166615644149167,3.802457120898878,16.472275519408424,3.8074470692095135,16.506511721813713,25.920802448430333,2073.6641958744267,nan,0,4.738799994811416,46.6224000119837
1061,35.36666666666722,SEARCH,0,0,0,0,23.721419872928234,0.14497719430317205,3.428919196424918,16.50570100159726,3.458332215113739,16.49635051787747,26.03766754137496,2083.013403309997,nan,0,6.2313999951584265,58.33320000965614
1062,35.40000000000055,SEARCH,0,0,0,0,23.560903060088698,0.18983397276101288,3.0538229685962355,16.51317227773741,3.0432437807229915,16.500871704336333,26.21114828055069,2096.8918624440553,nan,0,12.510500004282221,57.250700003351085
1063,35.433333333333884,SEARCH,0,0,0,0,23.40366500549321,0.24509672662656354,2.678910729885239,16.494856599873096,2.6470145659811237,16.504714253063213,26.366905384858935,2109.3524307887146,nan,0,5.714200000511482,40.65409999748226
1064,35.466666666667216,SEARCH,0,0,0,0,23.25070995180491,0.3112974013133619,2.305881640167403,16.451031252761567,2.2927829703799874,16.448950249227728,26.451059388964698,2116.0847511171755,nan,0,5.884600002900697,40.16829999454785
1065,35.50000000000055,SEARCH,0,0,0,0,23.10283175539497,0.3881727341862702,1.936386024414932,16.382077899902715,1.9577190117330494,16.361035956932987,26.49996514101006,2119.997211280805,nan,0,7.256999990204349,43.45660000399221
1066,35.53333333333388,SEARCH,0,0,0,0,22.960757047814862,0.4753080039902091,1.5720202045268548,16.288476794795294,1.5834485468426651,16.25749900197199,26.57191885134597,2125.7535081076776,nan,0,7.2035000048344955,52.282099990407005
1067,35.56666666666721,SEARCH,0,0,0,0,22.825649520854263,0.5728976240139033,1.2143218490009589,16.170800892224296,1.196653992098688,16.151691924652265,26.6554362081083,2132.434896648664,nan,0,6.157700001494959,62.75739999546204
1068,35.60000000000054,SEARCH,0,0,0,0,22.69823902784265,0.6803422332240219,0.8647658233494477,16.029709891740346,0.8450722780677455,16.047328175150984,26.715260693709286,2137.220855496743,nan,0,5.979699999443255,43.899900003452785
1069,35.63333333333387,SEARCH,0,0,0,0,22.57851500945739,0.7962902267360453,0.5247605235163464,15.865944242984359,0.5545678729096907,15.880898914827526,26.694562494004142,2135.5649995203316,nan,0,6.157700001494959,50.72179999842774
1070,35.666666666667204,SEARCH,0,0,0,0,22.46724294374155,0.9203720754050082,0.19564467405370678,15.680319140134282,0.22202324735644066,15.67581906922961,26.694063297445137,2135.525063795611,nan,0,8.416199998464435,48.75770000217017
1071,35.700000000000536,SEARCH,0,0,0,0,22.36530120263889,1.052226765115827,-0.12131542755937286,15.473718530499983,-0.1356549882778625,15.468978140006042,26.723318463674264,2137.865477093941,nan,0,5.7739000039873645,40.92739999759942
1072,35.73333333333387,SEARCH,0,0,0,0,22.273759513540867,1.191503098119173,-0.42492823932967366,15.247089160162565,-0.45537681027574606,15.262774533414076,26.732271093799458,2138.581687503957,nan,0,12.128600006690249,57.15379999310244
1073,35.7666666666672,SEARCH,0,0,0,0,22.1940102949985,1.3378514493898983,-0.7140788949261743,15.00143467754024,-0.705124638598849,15.02179023269767,26.676217148096786,2134.097371847743,nan,0,5.874999988009222,73.57070001307875
1074,35.80000000000053,SEARCH,0,0,0,0,22.12543244239308,1.4897555504201445,-0.9877307347168012,14.737809813859956,-0.9610324381818719,14.730598853147148,26.613996168358316,2129.1196934686654,nan,0,5.8216000034008175,48.75269999320153
1075,35.83333333333386,SEARCH,0,0,0,0,22.069431039554026,1.6467320475712646,-1.2449264667471953,14.457314657717141,-1.2372565310554517,14.445323071363044,26.589577238239155,2127.1661790591324,nan,0,7.270799993420951,39.93179999815766
1076,35.86666666666719,SEARCH,0,0,0,0,22.02520682976525,1.8074242908387483,-1.4847889766555602,14.161089039211062,-1.5123360397198746,14.19116456503033,26.59648374337263,2127.7186994698104,nan,0,5.862399993930012,44.59869999845978
1077,35.900000000000524,SEARCH,0,0,0,0,21.992519350261162,1.9708541120509362,-1.706521805366218,13.850307037545564,-1.7293068763109412,13.86718147846775,26.537664635996922,2123.0131708797535,nan,0,12.94169999891892,35.85459999158047
1078,35.933333333333856,ACQUIRING,0,0,0,0,21.970284903284966,2.136031008575361,-1.9094093131966139,13.526171624480602,-1.868277701579581,13.526346750014943,26.41999923837495,2113.599939069996,1797.3215868787245,1,22.20839999790769,40.15119999530725
1079,35.96666666666719,ACQUIRING,0,0,0,0,21.95907625478165,2.3023203467077464,-2.023407932138121,13.113147322526752,-2.0209604842406894,13.104989829487932,26.300947320563406,2104.0757856450728,1791.4283388094025,0,9.596899995813146,70.50279999384657
1080,36.00000000000052,ACQUIRING,0,0,0,0,21.958229621107964,2.4689848629948083,-2.048517662190739,12.738330657006728,-2.058635272911034,12.749904729564314,26.124837083518543,2089.9869666814834,1714.4364472537432,3,13.765800002147444,52.960900007747114
1081,36.03333333333385,ACQUIRING,0,0,0,0,21.966643348052987,2.635439021779359,-1.9847385033544684,12.274625102597815,-2.0061465958187163,12.290134985755575,25.843912471795267,2067.5129977436213,1675.167378394088,15,12.943099995027296,61.675600009039044
1082,36.06666666666718,ACQUIRING,0,0,0,0,21.984042855991024,2.801194971601053,-1.8320704556293088,11.722030659300012,-1.812158851180609,11.733713466219884,25.41749598888737,2033.3996791109898,1637.356614285338,41,23.685899999691173,42.4431999999797
1083,36.10000000000051,ACQUIRING,0,0,0,0,22.009458007276063,2.9659124505246224,-1.5905135190152604,11.08054732711332,-1.5980518656353906,11.052513601801536,24.95411069502267,1996.3288556018135,1601.0032701866844,58,77.73039999301545,47.52750000625383
1084,36.133333333333844,ACQUIRING,0,0,0,0,22.04227854929356,3.129315601655362,-1.260067693512323,10.35017510603774,-1.2823449704772805,10.34882732171893,24.4163758943702,1953.310071549616,1566.1310769041027,0,9.468000003835186,46.33589999866672
1085,36.166666666667176,SEARCH,0,0,0,0,22.082248970707564,3.2911183926997833,-0.8407329791204967,9.596399785135723,-0.8770710923676174,9.596618474457927,23.80944579446944,1904.7556635575552,nan,0,8.590299999923445,56.556700001237914
1086,36.20000000000051,SEARCH,0,0,0,0,22.128690270684075,3.4511839525003523,-0.5102871536175594,8.931513353122595,-0.5016113335266159,8.92689628701177,23.283341174922928,1862.6672939938342,nan,0,6.905300004291348,57.56259999179747
1087,36.23333333333384,SEARCH,0,0,0,0,22.18150368352381,3.6092615321946195,-0.26873021700351096,8.355515809998355,-0.2554173436727234,8.363682692943806,22.935124716347925,1834.809977307834,nan,0,6.53980000060983,38.65759998734575
1088,36.26666666666717,SEARCH,0,0,0,0,22.24034956112696,3.765194019082033,-0.11606216927835136,7.868407155763004,-0.127232734976534,7.864253982196217,22.740075425428298,1819.206034034264,nan,0,33.40169999864884,63.129700007266365
1089,36.3000000000005,SEARCH,0,0,0,0,22.303615813152483,3.919385974554492,-0.052283010442080655,7.470187390416542,-0.06193026962821881,7.497594739208464,22.6499719546059,1811.9977563684718,nan,0,5.586200000834651,57.39529999846127
1090,36.33333333333383,SEARCH,0,0,0,0,22.370718374564003,4.0719475163328545,-0.07739274049469883,7.160856513958969,-0.0624450971784135,7.204267346169547,22.650789188597965,1812.0631350878373,nan,0,5.509800001163967,54.70670000067912
1091,36.366666666667165,SEARCH,0,0,0,0,22.44198067942727,4.222610921588917,-0.1913913594362059,6.940414526390284,-0.16263219414904728,6.935104685216483,22.76677723310813,1821.3421786486504,nan,0,8.292500002426095,38.50830000010319
1092,36.400000000000496,SEARCH,0,0,0,0,22.517551528435494,4.371159986069157,-0.39427886726660183,6.808861427710489,-0.3868404737576109,6.788678261137796,23.03162103718317,1842.5296829746535,nan,0,5.838600001879968,37.90440000011586
1093,36.43333333333383,SEARCH,0,0,0,0,22.59807873959339,4.517081698096219,-0.6860552639858866,6.766197217919582,-0.7285760871537231,6.781605053765544,23.436315654013885,1874.9052523211108,nan,0,4.7158999950625,36.999200005084276
1094,36.46666666666716,SEARCH,0,0,0,0,22.683549445805475,4.660163968686901,-1.0667205495940602,6.812421897017565,-1.072926612816569,6.837934233296067,23.85608597505673,1908.486878004538,nan,0,35.04840000823606,61.66469999880064
1095,36.50000000000049,SEARCH,0,0,0,0,22.775203094882517,4.799366649654764,-1.40754380448298,6.947535465004436,-1.3636795816358043,6.929344195366842,24.23267342279745,1938.6138738237962,nan,0,5.398100009188056,54.27619999682065
1096,36.53333333333382,ACQUIRING,0,0,0,0,22.873745294253816,4.9337809819294325,-1.659478170483011,7.134935970389462,-1.6328673838053473,7.114912807539572,24.60348351337874,1968.2786810702992,1661.2759031378164,1,5.174899997655302,42.610899996361695
1097,36.56666666666715,ACQUIRING,0,0,0,0,22.979473772493222,5.062619123281118,-1.8225236475941533,7.267668609278351,-1.8381654176398474,7.2953529242535,24.917871401819884,1993.4297121455909,1682.4018126150909,1,6.175000002258457,43.218499995418824
1098,36.600000000000485,ACQUIRING,0,0,0,0,23.09120018146262,5.186292027817966,-1.8966802358164065,7.489290137056129,-1.9101524561741703,7.523456170282443,25.110355830618765,2008.8284664495013,1699.5103298834179,1,7.056200003717095,48.73920000682119
1099,36.633333333333816,ACQUIRING,0,0,0,0,23.208166917494594,5.30502096464385,-1.881947935149771,7.799800553722795,-1.8632740097044533,7.81207468529494,25.196477303866548,2015.7181843093238,1718.726060467417,1,6.916600003023632,53.938500001095235
1100,36.66666666666715,ACQUIRING,0,0,0,0,23.329265207230456,5.41953289415701,-1.7783267455942464,8.083658629850403,-1.740914467377039,8.064830079186468,25.20935354415554,2016.748283532443,1738.3211604117805,1,6.557600005180575,45.006000000284985
1101,36.70000000000048,ACQUIRING,0,0,0,0,23.45447697351119,5.529531945801267,-1.585816667149833,8.351883635827988,-1.585104116569284,8.342025051252461,25.197038290936618,2015.7630632749297,1758.2988076982838,1,8.155299990903586,40.61190001084469
1102,36.73333333333381,ACQUIRING,0,0,0,0,23.5840739280553,5.6343289264384495,-1.3044176998165309,8.606481239405245,-1.316242415578162,8.619949572034617,25.078669913941404,2006.2935931153124,1778.690089924424,0,4.8504000005777925,35.04669999529142
1103,36.76666666666714,SEARCH,0,0,0,1,23.718009285787282,5.733521152580337,-0.9418979226434263,8.849581081284663,-0.9243946237334961,8.858282974434548,24.83973041084147,1987.1784328673175,nan,0,7.388900005025789,39.29629999038298
1104,36.80000000000047,SEARCH,0,0,0,1,23.85691242315145,5.825628134987584,-0.6682670343592105,9.003792034275193,-0.625870228137267,8.987298594885742,24.686085279915005,1974.8868223932004,nan,0,4.390299989609048,53.396500006783754
1105,36.833333333333805,SEARCH,0,0,0,1,24.000419651187336,5.910383390159367,-0.48352503496388366,9.069114098376835,-0.4679602299534162,9.072107749586698,24.67180810019423,1973.7446480155384,nan,0,5.793600008473732,41.75859999668319
1106,36.866666666667136,SEARCH,0,0,0,1,24.148347258612738,5.98716360075542,-0.38767192445744564,9.045547273589587,-0.42265608084618,9.074947224132224,24.76426079681151,1981.1408637449206,nan,0,5.84270000399556,38.75400000833906
1107,36.90000000000047,SEARCH,0,0,0,1,24.30035507841422,6.0555112451696775,-0.3807077028398965,8.93309155991345,-0.39612365580012,8.94739552609363,24.865217806481333,1989.2174245185065,nan,0,8.742800011532381,42.912999997497536
1108,36.9333333333338,SEARCH,0,0,0,1,24.455912320490448,6.115342025002598,-0.46263237011123626,8.731746957348424,-0.4363405959883695,8.706892072641796,25.026793380442626,2002.14347043541,nan,0,4.711899993708357,58.73440000868868
1109,36.96666666666713,SEARCH,0,0,0,1,24.614532536595817,6.166502603776337,-0.6334459262714649,8.44151346589451,-0.6138211442866379,8.425836226067672,25.329319332830707,2026.3455466264568,nan,0,5.187499991734512,48.50639999494888
1110,37.00000000000046,SEARCH,0,0,0,1,24.775940505810233,6.2080386754713865,-0.766188857302469,8.062391085551706,-0.7843214039283458,8.066749110273463,25.627754356846697,2050.220348547736,nan,0,4.593899997416884,47.742599999764934
1111,37.03333333333379,SEARCH,0,0,0,1,24.939491635976935,6.240113675065651,-0.8193859097207802,7.594379816320014,-0.829770087960401,7.58986050863589,25.80458614881306,2064.3668919050447,nan,0,5.2651000005425885,39.26409999257885
1112,37.066666666667125,SEARCH,0,0,0,1,25.10460002936634,6.262851225728547,-0.8058319983160467,7.037901363589821,-0.7811325221357281,7.016820356988875,25.89671058607226,2071.736846885781,nan,0,4.400899997563101,68.61190000199713
1113,37.100000000000456,SEARCH,0,0,0,1,25.27078646043378,6.275494322929952,-0.7359243057661983,6.536769577471326,-0.7318231336844719,6.500063381854724,26.003579310671,2080.28634485368,nan,0,5.790900002466515,35.57639999780804
1114,37.13333333333379,SEARCH,0,0,0,1,25.43743633660737,6.277860025596142,-0.6181471717620501,6.082938882180797,-0.661807318780482,6.091877308596953,26.099906301638814,2087.992504131105,nan,0,5.46780000149738,44.905199989443645
1115,37.16666666666712,SEARCH,0,0,0,1,25.603865373569032,6.2689632040405705,-0.45945943734609196,5.670095968159828,-0.493874131300595,5.685824205346392,26.104253644872337,2088.3402915897873,nan,0,5.419799999799579,36.7716000037035
1116,37.20000000000045,SEARCH,0,0,0,1,25.769148966695077,6.24753631389941,-0.26560376076376657,5.293303390165851,-0.2624036902003747,5.296635650625983,26.048914484103452,2083.913158728276,nan,0,5.171299999346957,59.801299998071045
1117,37.23333333333378,SEARCH,0,0,0,1,25.93214948288881,6.21277125243888,-0.04135351896652448,4.948714401352598,-0.017668395787906736,4.9194889683678,25.982025075093397,2078.5620060074716,nan,0,5.024699989007786,34.570500007248484
1118,37.26666666666711,SEARCH,0,0,0,1,26.091838704522736,6.165051966277743,0.20929021290102182,4.633344802845938,0.1850776508619928,4.63713081115135,25.951778577734434,2076.1422862187546,nan,0,5.837700009578839,37.57059999043122
1119,37.300000000000445,SEARCH,0,0,0,1,26.245966165821084,6.101628757185931,0.4829416092204728,4.344890431311562,0.4405242846410955,4.378623531107938,25.862899638131264,2069.0319710505014,nan,0,4.873199999565259,42.95109999657143
1120,37.333333333333776,SEARCH,0,0,0,1,26.39299187613833,6.023135328903762,0.7767049721094299,4.0815811813984215,0.7627162033846386,4.091815790105817,25.70293808540752,2056.2350468326017,nan,0,4.612200005794875,44.527399993967265
1121,37.36666666666711,SEARCH,0,0,0,1,26.531446803177214,5.930355961820155,1.0880751419526509,3.8420642794493935,1.1029721026855295,3.820131306103319,25.51588473267468,2041.2707786139742,nan,0,5.6868999963626266,71.53879999532364
1122,37.40000000000044,SEARCH,0,0,0,1,26.659947551073884,5.824217676702228,1.414858320993222,3.62531098047719,1.3992364758571727,3.5945032964713244,25.358926441057886,2028.7141152846307,nan,0,5.700100009562448,39.15709999273531
1123,37.43333333333377,SEARCH,0,0,0,1,26.777210182832054,5.705780972210226,1.7551092139160793,3.4305420248918996,1.7131192317722013,3.417709516820783,25.168311945539145,2013.4649556431316,nan,0,5.267800006549805,41.341299991472624
1124,37.4666666666671,SEARCH,0,0,0,1,26.882063048997068,5.576229228745465,2.107081207976325,3.2571681230628284,2.0757205519044017,3.2607736390430597,24.914171924247245,1993.1337539397794,nan,0,6.36569999915082,47.61410001083277
1125,37.50000000000043,SEARCH,0,0,0,1,26.973458494389956,5.4368568845045315,2.469186970183517,3.104742481082188,2.4923816553837974,3.0781092927090934,24.594446800022244,1967.5557440017797,nan,0,19.09200000227429,111.5635000023758
1126,37.533333333333765,SEARCH,0,0,0,1,27.05048332593167,5.289056501880709,2.8399673630804045,2.972922977336057,2.8549691784056277,2.958757405501164,24.307472076333237,1944.597766106659,nan,0,5.991700003505684,51.51560000376776
1127,37.566666666667096,SEARCH,0,0,0,1,27.112367936966468,5.134304853440864,3.2180669999342895,2.861442076490263,3.2002973784051916,2.8737522172809666,24.018684739561873,1921.49477916495,nan,0,7.636200010892935,48.146999994060025
1128,37.60000000000043,SEARCH,0,0,0,1,27.158493996917226,4.974148166502114,3.602215095638469,2.770082949114305,3.581594353158737,2.778696010176447,23.678897925844737,1894.3118340675787,nan,0,7.616300004883669,41.96750000119209
1129,37.63333333333376,SEARCH,0,0,0,0,27.188400629440164,4.810186673739588,3.9912105380578207,2.698660570474151,3.9944141645563844,2.686704187730483,23.290989373609687,1863.2791498887748,nan,0,4.955800002790056,36.67659999337047
1130,37.66666666666709,SEARCH,0,0,0,0,27.201789017348926,4.644058624190507,4.383910319352764,2.647006816287765,4.390030904795765,2.6415113986461733,22.899486971898963,1831.9589577519168,nan,0,28.405600009136833,49.84919998969417
1131,37.70000000000042,SEARCH,0,0,0,0,27.198525388297146,4.477423914411331,4.779220638704504,2.6149587686658315,4.765849034205239,2.607088038245765,22.510511426822497,1800.8409141457998,nan,0,5.6348999933106825,55.776500012143515
1132,37.73333333333375,SEARCH,0,0,0,0,27.178642351387495,4.311947503340063,5.1760901254218625,2.602349601822479,5.146710875791083,2.6177990684287935,22.096971364078115,1767.757709126249,nan,0,5.510100003448315,39.91099999984726
1133,37.766666666667085,SEARCH,0,0,0,0,27.142338571352315,4.149282776576898,5.573504741499995,2.6090015422512374,5.57565256618433,2.6301304257714007,21.620124169635716,1729.6099335708573,nan,0,10.336599996662699,42.17210000206251
1134,37.800000000000416,SEARCH,0,0,0,0,27.089976783561283,3.991055026301844,5.97048401081539,2.6347204981713537,5.9986199921197665,2.625823427459361,21.13549593982512,1690.8396751860096,nan,0,5.411499994806945,63.30710000474937
1135,37.83333333333375,SEARCH,0,0,0,0,27.022080169689506,3.838845211892509,6.366078292672623,2.6792920331599768,6.363633423430133,2.6659759554701337,20.691714386698248,1655.3371509358597,nan,0,5.405499992775731,45.703199997660704
1136,37.86666666666708,SEARCH,0,0,0,0,26.939327130259148,3.694174163500595,6.7593668738811825,2.742478422997252,6.72998431856663,2.759335829119246,20.230953007506518,1618.4762406005214,nan,0,4.740000003948808,42.06449999765027
1137,37.90000000000041,SEARCH,0,0,0,0,26.843702229023428,3.557669013262823,7.149456698746631,2.824016586064553,7.146280651640608,2.8230484200020833,19.71111575262012,1576.8892602096096,nan,0,4.960600010235794,51.207999989856035
1138,37.93333333333374,SEARCH,0,0,0,0,26.737115794486733,3.4295397435757895,7.535481592559058,2.923616718711132,7.5532126844765335,2.8938661707064672,19.191380479552002,1535.3104383641598,nan,0,4.863199996179901,61.78640000871383
1139,37.966666666667074,SEARCH,0,0,0,0,26.621236065700245,3.3097496511885325,7.91660186315266,3.040961499889587,7.911098460056313,3.028802449881877,18.712246806625156,1496.9797445300126,nan,0,6.471300002885982,45.33879998780321
1140,38.000000000000405,SEARCH,0,0,0,0,26.497503717305204,3.198089077401604,8.292004188332978,3.175705755694109,8.255837030436382,3.175591927704886,18.241680559547255,1459.3344447637803,nan,0,4.88710000354331,46.54320000554435
1141,38.03333333333374,SEARCH,0,0,0,0,26.36715239293544,3.094231915814998,8.660901715574738,3.327476495528135,8.636836882894853,3.307728293215585,17.73160085239765,1418.5280681918118,nan,0,5.699699991964735,42.63000001083128
1142,38.06666666666707,SEARCH,0,0,0,0,26.23123161826328,2.9977781922461406,9.02253431530482,3.4958732485283126,9.046615125823434,3.487851965330006,17.191603075202153,1375.3282460161722,nan,0,6.559800007380545,62.130999998771586
1143,38.1000000000004,SEARCH,0,0,0,0,26.09062984701376,2.9082856244023523,9.376168941038816,3.680468642418168,9.413613858715868,3.665346973029539,16.69419073089584,1335.5352584716672,nan,0,5.436200008261949,47.39979999430943
1144,38.13333333333373,SEARCH,0,0,0,0,25.94609633109652,2.8252926093084376,9.721100059225892,3.8808091778285907,9.71680558128875,3.8763594574849107,16.263290557606467,1301.0632446085174,nan,0,4.918199992971495,32.30289999919478
1145,38.16666666666706,SEARCH,0,0,0,0,25.797860014451956,2.749110116533323,10.056650119347008,4.096416159839697,10.036708617561828,4.124858138686974,15.821080114080432,1265.6864091264347,nan,0,4.322399996453896,24.742699999478646
1146,38.200000000000394,SEARCH,0,0,0,0,25.646027281070854,2.680374399094706,10.382170040983725,4.3267867554992225,10.408755422109039,4.363135391202844,15.329909923429765,1226.3927938743814,nan,0,4.220600007101893,25.52779999678023
1147,38.233333333333725,SEARCH,0,0,0,0,25.491021393409664,2.6191293783326555,10.69703969953082,4.571395151699585,10.704708954255588,4.564173737974489,14.913692805916885,1193.095424473351,nan,0,4.342499989434145,25.36300000792835
1148,38.26666666666706,SEARCH,0,0,0,0,25.333123767042956,2.5657803636694325,11.000668396207606,4.829693792323819,10.990963529656286,4.829841460540257,14.519763528557867,1161.5810822846292,nan,0,4.1837999888230115,26.829300011740997
1149,38.30000000000039,SEARCH,0,0,0,0,25.172454121840346,2.521474123835237,11.292495301223596,5.101114677219373,11.271800239792361,5.108845648417101,14.139401322358482,1131.1521057886785,nan,0,4.527500001131557,24.66949999507051
1150,38.33333333333372,SEARCH,0,0,0,0,25.00971250264368,2.4855166050244883,11.571989861528689,5.3850707085039975,11.583411290121392,5.406410903737583,13.74034889490191,1099.2279115921526,nan,0,4.676299999118783,24.864199993317015
1151,38.36666666666705,SEARCH,0,0,0,0,24.845359937937456,2.4578396786730305,11.83865216665056,5.6809570720900195,11.858816663819518,5.654178773617525,13.374112674133132,1069.9290139306504,nan,0,4.189699990092777,22.50099999946542
1152,38.40000000000038,SEARCH,0,0,0,0,24.679858533920786,2.438165760753907,12.092013267791163,5.988152644244795,12.081620121174508,5.973518180076071,13.084889293884107,1046.7911435107285,nan,0,3.803100000368431,21.558100008405745
1153,38.433333333333714,SEARCH,0,0,0,0,24.513590861299992,2.4266401883584816,12.331635446700002,6.306021414575655,12.2936553788847,6.315261112498668,12.823735644735239,1025.8988515788192,nan,0,4.682600003434345,23.048199989716522
1154,38.466666666667045,SEARCH,0,0,0,0,24.346936707403966,2.424597942786243,12.557112431927264,6.6339139181092595,12.542879231871957,6.651319810730931,12.537980325180962,1003.038426014477,nan,0,3.960899994126521,22.467900009360164
1155,38.50000000000038,SEARCH,0,0,0,0,24.180433292126637,2.431972932871865,12.768069560936315,6.971168670185304,12.779342796093436,6.950240462510393,12.263751708515809,981.1001366812646,nan,0,4.237400004058145,23.021700006211177
1156,38.53333333333371,SEARCH,0,0,0,0,24.01451614456966,2.4477614706235027,12.96416388726274,7.3171135987489855,12.958212937795484,7.30873962917041,12.077704635318545,966.2163708254835,nan,0,4.214799992041662,22.054300003219396
1157,38.56666666666704,SEARCH,0,0,0,0,23.84951302587588,2.47125080009675,13.145084232479167,7.671067469342154,13.118458661465391,7.678664779653897,11.927811539692458,954.2249231753967,nan,0,3.8192999927559868,21.42920000187587
1158,38.60000000000037,SEARCH,0,0,0,0,23.685684223367332,2.5018759735067633,13.310551183187375,8.032341298689163,13.29556390868367,8.039504448755117,11.773696500397975,941.8957200318381,nan,0,4.003099995316006,21.940899998298846
1159,38.6333333333337,ACQUIRING,0,0,0,0,23.523506121479155,2.540295253116433,13.460317033632784,8.400239753273347,13.477061979449141,8.41109302999928,11.636034824457246,930.8827859565796,1177.517485491414,2,4.524400006630458,20.836900002905168
1160,38.666666666667034,ACQUIRING,0,0,0,0,23.36311066224144,2.585584042388169,13.521193995189304,8.679249318968642,13.548770230803223,8.651848167197207,11.537800420188765,923.0240336151012,1183.10940825804,1,4.668000008678064,21.474799999850802
1161,38.700000000000365,ACQUIRING,0,0,0,0,23.2046752146385,2.6373139826610337,13.493182067856933,8.956543009357517,13.472984564522054,8.945855870451162,11.597564557249356,927.8051645799485,1189.1008233984494,2,4.815499996766448,22.030899999663234
1162,38.7333333333337,ACQUIRING,0,0,0,0,23.048401440087314,2.6952474372904947,13.376281251635675,9.254565258622831,13.333908245641256,9.255392862121779,11.722068333697496,937.7654666957998,1195.708698872902,0,4.126600004383363,21.179999996093102
1163,38.76666666666703,ACQUIRING,0,0,0,0,22.894373239724,2.7589113302802923,13.170491546525527,9.569067022975423,13.172869061536803,9.558289380704267,11.863354726176675,949.068378094134,1208.2426235978676,1,5.352800013497472,21.844699993380345
1164,38.80000000000036,ACQUIRING,0,0,0,0,22.743380302461418,2.8294727267701285,12.875812952526491,9.972457676216905,12.898790040481341,9.989393026876163,12.172937859454613,973.835028756369,1218.2198741240397,2,4.564999995636754,20.531800008029677
1165,38.83333333333369,ACQUIRING,0,0,0,0,22.595594300520403,2.9065251466417195,12.492245469638567,10.42821351143286,12.485563690145627,10.409815583999615,12.590158312351017,1007.2126649880814,1228.9839988327453,54,10.279699999955483,20.66200000990648
1166,38.86666666666702,ACQUIRING,0,0,0,0,22.45098830389474,2.9893918077164594,12.019789097861754,10.885227303711867,11.998839016991647,10.902558516338797,13.109753318585277,1048.7802654868221,1240.4963452455347,59,10.621500012348406,23.269199999049306
1167,38.900000000000354,ACQUIRING,0,0,0,0,22.310301291647296,3.0787503124189524,11.45844383719605,11.345857217566321,11.424989577143553,11.348157872598962,13.67015407807369,1093.6123262458952,1252.720184719282,63,10.546499994234182,23.573800004669465
1168,38.933333333333685,SEARCH,0,0,0,0,22.173952493023712,3.1745980191817287,10.961460712744218,11.809393111662269,10.961920981930502,11.797899016392472,14.144644594129714,1131.571567530377,nan,71,12.703200001851656,22.889100000611506
1169,38.96666666666702,ACQUIRING,0,0,0,0,22.043963188384826,3.2789079346129864,10.553366477181275,12.184040116869326,10.559666977712899,12.169549428107905,14.523517673769916,1161.8814139015933,1230.0940579310516,62,9.8911999957636,22.121400004834868
1170,39.00000000000035,ACQUIRING,0,0,0,0,21.92098512921684,3.3913987108617705,10.140770023760837,12.469798233187495,10.10880834708165,12.493180097689939,14.91207379092611,1192.9659032740888,1216.3157231321343,80,12.30849999410566,19.055299999308772
1171,39.03333333333368,ACQUIRING,0,0,0,0,21.805644358647655,3.5117078311406753,9.817062459229287,12.666667460616775,9.795498191244679,12.695365629783689,15.118967607775375,1209.51740862203,1202.8488205946865,56,10.22150000790134,20.29789998778142
1172,39.06666666666701,ACQUIRING,0,0,0,0,21.697133640272895,3.63821159304352,9.582243783586627,12.774647799157167,9.601303402559454,12.761725608978145,15.150828925789451,1212.0663140631561,1189.6709762795233,46,8.556000000680797,20.55629999085795
1173,39.10000000000034,ACQUIRING,0,0,0,0,21.5948826419214,3.7698266040183364,9.419400407366798,12.79373924880867,9.442514784349493,12.766597618689653,15.12024911290078,1209.6199290320624,1176.7747015152893,66,10.638200008543208,21.028300005127676
1174,39.133333333333674,ACQUIRING,0,0,0,0,21.499504366183228,3.906504189214265,9.28794559951488,12.723941809571285,9.278497603020126,12.71691138512402,15.065732018823933,1205.2585615059147,1164.2040445543287,77,11.235300000407733,18.05870000680443
1175,39.166666666667005,SEARCH,0,0,0,0,21.41204483554075,4.04837951574279,9.184778546231895,12.565255481445009,9.175032152743242,12.579602005440504,14.917313315998667,1193.3850652798935,nan,58,10.42299999971874,17.581899999640882
1176,39.20000000000034,ACQUIRING,0,0,0,0,21.332616183067355,4.194902097429157,9.1705003818378,12.317680264429844,9.194500759130255,12.323072812901916,14.608251271958894,1168.6601017567116,1247.8453893217018,73,9.296799995354377,20.90630000748206
1177,39.23333333333367,ACQUIRING,0,0,0,0,21.260569696605216,4.345192088999583,9.067333328554815,11.981216158525791,9.086865975013405,11.931743025103437,14.344156211056703,1147.5324968845362,1255.2550083309895,61,9.967699996195734,17.353899995214306
1178,39.266666666667,ACQUIRING,0,0,0,0,21.19668327413083,4.499128123771178,8.875277386382942,11.55586316373285,8.864814121668946,11.55268933139111,14.206608409577626,1136.52867276621,1263.4984818243938,0,3.279700002167374,18.0294000019785
1179,39.30000000000033,ACQUIRING,0,0,0,0,21.141167658674604,4.656277079282483,8.59433255532218,11.104343541302747,8.578789264634972,11.100798297845154,14.118966132530323,1129.5172906024259,1272.8419274668327,0,3.947899997001514,18.20830001088325
1180,39.33333333333366,ACQUIRING,0,0,0,0,21.095506306098052,4.816566875148151,8.22449883537253,10.708237922435798,8.218289132959885,10.730065134107729,14.170115870481881,1133.6092696385504,1283.4169379515333,0,3.3789000008255243,17.72540000092704
1181,39.366666666666994,ACQUIRING,0,0,0,0,21.059473497423063,4.97929184089333,7.765776226533991,10.354384359905454,7.799658792052996,10.348753575718371,14.305726313001331,1144.4581050401066,1295.2359988239282,0,3.5986000002594665,17.250499993679114
1182,39.400000000000325,SEARCH,0,0,0,0,21.032647193227,5.143785388429269,7.218164728806563,10.03652821991297,7.22459767762361,10.01639635140761,14.64256019355535,1171.4048154844281,nan,0,3.874499991070479,17.5642000103835
1183,39.43333333333366,SEARCH,0,0,0,0,21.016213046843923,5.309639832477167,6.759442119968024,9.807560968809375,6.73808961993836,9.814900933245902,14.972046826671674,1197.763746133734,nan,0,3.4754999942379072,18.55239999713376
1184,39.46666666666699,SEARCH,0,0,0,0,21.011014728562003,5.47622541187952,6.389608400018373,9.667482606594668,6.38161656170887,9.68567067367463,15.222966863800732,1217.8373491040586,nan,0,3.700600005686283,18.156799997086637
1185,39.50000000000032,SEARCH,0,0,0,0,21.016962301627036,5.642785923863645,6.108663568957612,9.61629313326885,6.145766787826258,9.614486697290383,15.39242875713014,1231.3943005704114,nan,0,4.283899994334206,19.811300007859245
1186,39.53333333333365,SEARCH,0,0,0,0,21.033428402919114,5.808637198462355,5.916607626785739,9.653992548831923,5.940450377388356,9.634082226777874,15.57022849362906,1245.6182794903248,nan,0,4.331299991463311,25.790600004256703
1187,39.56666666666698,SEARCH,0,0,0,0,21.059541278068764,5.97324550787958,5.813440573502755,9.780580853283883,5.811819146771892,9.78749588342495,15.717555029984416,1257.4044023987533,nan,0,3.832600006717257,22.48499999404885
1188,39.600000000000314,SEARCH,0,0,0,0,21.094945848367406,6.136108315726388,5.79916240910866,9.996058046624732,5.769675646228329,10.012264536980544,15.807861772552895,1264.6289418042318,nan,0,3.93659999826923,21.250500009045936
1189,39.633333333333645,SEARCH,0,0,0,0,21.139551313218274,6.2966951467033265,5.8737731336034535,10.30042412885447,5.879979201223997,10.306744148275255,15.777675178433656,1262.2140142746925,nan,0,3.6914999946020544,19.919800004572608
1190,39.66666666666698,SEARCH,0,0,0,0,21.19305465265831,6.454540547163846,6.037272746987137,10.693679099973096,6.045720832823258,10.684760476653457,15.726934936641975,1258.154794931358,nan,0,3.704200003994629,18.899799993960187
1191,39.70000000000031,SEARCH,0,0,0,0,21.255503745211385,6.609065265630101,6.289661249259709,11.175822959980612,6.264704039094283,11.162967877679643,15.667230285821173,1253.378422865694,nan,0,3.497900004731491,18.992299999808893
1192,39.73333333333364,SEARCH,0,0,0,0,21.32608556661583,6.760048656322617,6.630938640421169,11.746855708877018,6.600443702696889,11.758210410505082,15.55076040666097,1244.0608325328776,nan,0,4.263199996785261,22.78430000296794
1193,39.76666666666697,SEARCH,0,0,0,0,21.404043715770783,6.907358889361981,7.061104920471518,12.402903202225438,7.0758543917781065,12.406393388398651,15.347194848758948,1227.775587900716,nan,0,30.53659999568481,108.35169999336358
1194,39.8000000000003,SEARCH,0,0,0,0,21.488953182055372,7.050774928608098,7.580160089410756,13.002741427738506,7.604259918644485,13.005199042552524,15.107609789365442,1208.6087831492355,nan,0,30.220700005884282,119.17929998890031
1195,39.833333333333634,ACQUIRING,0,0,0,0,21.58134125005642,7.1894912674756295,8.188104147238883,13.556361694668343,8.199067295540859,13.541360510446637,14.813220415342053,1185.0576332273642,1313.4706548799968,57,83.37629999732599,90.09300000616349
1196,39.866666666666966,ACQUIRING,0,0,0,0,21.680984451848857,7.323091455029125,8.707159316178121,14.02109307270929,8.670990237871944,14.016789946607336,14.630979083570217,1170.4783266856173,1319.0907237689328,39,54.434000005130656,81.2415999971563
1197,39.9000000000003,ACQUIRING,0,0,0,0,21.786673838550474,7.451961666158052,9.13732559622847,14.396935561861348,9.147105913206607,14.42729984427776,14.436551528620532,1154.9241222896426,1333.7130913278536,33,41.97099999873899,91.7016000021249
1198,39.93333333333363,ACQUIRING,0,0,0,0,21.897359695428698,7.576566717680496,9.47860298738993,14.683889162124517,9.518650051155944,14.68620309550343,14.275131588958278,1142.0105271166622,1345.006432503064,0,13.03800000459887,60.202900000149384
1199,39.96666666666696,ACQUIRING,0,0,0,0,22.01325825992977,7.696338586349096,9.730991489662502,14.881953873498798,9.7436008769682,14.86874540951859,14.212245140452358,1136.9796112361887,1357.089308866239,0,17.399700009264052,83.35430000443012
1200,40.00000000000029,ACQUIRING,0,0,0,0,22.13475947921362,7.810422903809102,9.894491103046185,14.99112969598419,9.860358947747946,14.997831941345666,14.223914970207995,1137.9131976166395,1370.014703447205,0,22.816999990027398,72.3986000084551
1201,40.03333333333362,ACQUIRING,0,0,0,0,22.262402184043363,7.917591545125139,9.96910182754098,15.011416629580694,9.934579198309102,15.037131027202754,14.235977732648362,1138.878218611869,1383.8582493254248,0,19.471599996904843,103.00699999788776
1202,40.066666666666954,SEARCH,0,0,0,0,22.395829729657,8.01746580531914,9.954823663146884,15.0821323226353,9.965194757277084,15.079960894506495,14.296836108081749,1143.74688864654,nan,1,15.793700003996491,93.45770000072662
1203,40.100000000000286,SEARCH,0,0,0,0,22.53549140227962,8.108418512689672,10.029434387641679,15.241736904578795,10.045931610826184,15.224225338852209,14.374415138417,1149.9532110733599,nan,0,17.522699999972247,83.93570000771433
1204,40.13333333333362,ACQUIRING,0,0,0,0,22.680007878816948,8.191441195054276,10.192934001025362,15.49023037541118,10.180259190087565,15.472459248407786,14.46571606159376,1157.2572849275007,859.8785888041955,1,13.474799998220988,71.6143000026932
1205,40.16666666666695,ACQUIRING,0,0,0,0,22.82911521493521,8.26590447522305,10.445322503297934,15.649834957354676,10.414101638835906,15.664847273913649,14.452574740613713,1156.205979249097,868.4703528386244,0,18.267500010551885,70.8254999917699
1206,40.20000000000028,ACQUIRING,0,0,0,0,22.982554377334463,8.33097521534481,10.786599894459394,15.720550650409281,10.809247944552961,15.732852836387297,14.247006065250659,1139.7604852200527,877.787001181388,0,10.768899999675341,71.6662000049837
1207,40.23333333333361,ACQUIRING,0,0,0,0,23.13971273980042,8.386464195194838,11.115152929109145,15.702377454574998,11.125258072557765,15.691297682476076,14.06085748552108,1124.8685988416864,887.7669895774164,0,8.86960000207182,62.00420000823215
1208,40.26666666666694,ACQUIRING,0,0,0,0,23.299847648502684,8.432665805477324,11.390539748627255,15.595315369851827,11.377411611853796,15.589939948906792,13.905792110203146,1112.4633688162517,898.3254316524667,0,14.414200006285682,63.84849999449216
1209,40.300000000000274,SEARCH,0,0,0,0,23.462641071421935,8.468388056694346,11.623490489122483,15.399364396239767,11.597446782528687,15.40106962224389,13.742085329472213,1099.366826357777,nan,1,8.952700009103864,63.02109999523964
1210,40.333333333333606,SEARCH,0,0,0,0,23.627353587361632,8.493835352633056,11.860634109059257,15.292302311516595,11.851699495596852,15.31566983549771,13.608947608117898,1088.715808649432,nan,0,10.2881999919191,60.86160000995733
1211,40.36666666666694,ACQUIRING,0,0,0,0,23.793317750443183,8.50912176327839,12.00888884010714,15.274129115682312,12.02581584564576,15.27262226301062,13.572731489618777,1085.8185191695022,1361.4827762765628,1,8.120200000121258,54.146700000273995
1212,40.40000000000027,ACQUIRING,0,0,0,0,23.959912363232355,8.514022045658416,12.068254682266135,15.214556199015645,12.044455994852902,15.202612952269307,13.664382488160685,1093.1505990528547,1373.6921677246255,0,22.913100008736365,79.96969998930581
1213,40.4333333333336,ACQUIRING,0,0,0,0,24.126522226645896,8.509671046796248,12.03873163553624,15.167725927024904,12.016702196411293,15.167068697630507,13.819141964897991,1105.5313571918393,1386.1969487094045,0,13.039199999184348,73.2414000085555
1214,40.46666666666693,ACQUIRING,0,0,0,0,24.292704252217558,8.496970174594821,11.920319699917458,15.127924764348078,11.913381737059177,15.14499164263535,14.051470221077755,1124.1176176862205,1398.930334574494,0,16.188399997190572,53.30379999941215
1215,40.50000000000026,ACQUIRING,0,0,0,0,24.457970764504932,8.475411935006562,11.713018875409787,15.094288981291324,11.745889697309787,15.080483510829975,14.325640494605874,1146.05123956847,1411.8651136191331,0,13.847400012309663,65.44359998952132
1216,40.533333333333594,SEARCH,0,0,0,0,24.622000798664754,8.445883547456516,11.416829162013228,15.065852887615465,11.4255736099757,15.04795695940456,14.75578069378652,1180.4624555029216,nan,0,17.397999996319413,68.22070000634994
1217,40.566666666666926,SEARCH,0,0,0,0,24.784142644030233,8.407311539999617,11.209528337505557,15.126305682828495,11.184722706227088,15.139568199319493,15.174567617288952,1213.9654093831161,nan,0,13.37749999947846,65.64430000435095
1218,40.60000000000026,SEARCH,0,0,0,0,24.94367180360041,8.359059855836152,11.091116401886774,15.275647366930412,11.064505104614613,15.30752770281886,15.521355407269972,1241.7084325815977,nan,0,16.3369999936549,60.238200007006526
1219,40.63333333333359,SEARCH,0,0,0,0,25.099842604662598,8.300849387075178,11.06159335515688,15.51387793992122,11.068097329176885,15.518043170893783,15.779029171318037,1262.3223337054428,nan,0,10.979600003338419,56.019600000581704
1220,40.66666666666692,SEARCH,0,0,0,0,25.251982696717572,8.232796685679265,11.120959197315875,15.840997401800918,11.142165611018163,15.830401723702481,16.02530937316627,1282.0247498533017,nan,0,15.12949999596458,72.4503000092227
1221,40.70000000000025,SEARCH,0,0,0,0,25.399250073328815,8.154757608520317,11.16269005740878,16.2570057525695,11.169801233847782,16.25110440548528,16.371562104213908,1309.7249683371128,nan,0,9.722100003273226,54.207499997573905
1222,40.73333333333358,SEARCH,0,0,0,0,25.541161775064136,8.067357112592873,11.138454040199898,16.761902992226975,11.140194952285762,16.771327039287456,16.82697055074285,1346.157644059428,nan,0,19.001900000148453,72.49890000093728
1223,40.766666666666914,SEARCH,0,0,0,0,25.677799056973214,7.97192110801244,11.059319891298701,17.26176886989667,11.08610529338243,17.268600819687098,17.301612079568695,1384.1289663654957,nan,0,12.137700003222562,70.44239999959245
1224,40.800000000000246,SEARCH,0,0,0,0,25.809528373782705,7.869817411357114,10.934241024450765,17.71239052185849,10.965746717201087,17.68995552906381,17.798116937448885,1423.8493549959107,nan,0,6.675199998426251,38.753700006054714
1225,40.83333333333358,SEARCH,0,0,0,0,25.936823058392513,7.762235623642524,10.770480787225981,18.121148016982342,10.755365505363612,18.103684177225066,18.369055817347082,1469.5244653877667,nan,0,5.844700004672632,37.43959999701474
1226,40.86666666666691,SEARCH,0,0,0,0,26.058541324577444,7.648382905384627,10.573952490338813,18.493880156181735,10.545281681962088,18.513494728528507,18.93969059062527,1515.1752472500214,nan,0,5.198400001972914,41.173100005835295
1227,40.90000000000024,SEARCH,0,0,0,0,26.168285200563655,7.522947426108224,10.349491248535891,18.79510412494539,10.325351124466946,18.823254937782444,19.460100462175088,1556.8080369740069,nan,0,16.53930000611581,55.06559999776073
1228,40.93333333333357,SEARCH,0,0,0,0,26.264958161818793,7.387182495658788,10.101071271653913,19.03608329995631,10.142142877855859,19.00385930954148,19.87189857258205,1589.7518858065641,nan,0,5.685399999492802,44.49100000783801
1229,40.9666666666669,SEARCH,0,0,0,0,26.34759428406983,7.24244463234345,9.831979516975698,19.228866639965048,9.841033345698728,19.21007187503796,20.388493221232473,1631.079457698598,nan,0,9.037299998453818,48.8718999986304
1230,41.000000000000234,SEARCH,0,0,0,0,26.415367894499106,7.090180009048482,9.544954432022832,19.38309331197204,9.534184249298791,19.400850387630815,20.893227764830478,1671.458221186438,nan,0,7.1927000099094585,35.077099993941374
1231,41.033333333333566,SEARCH,0,0,0,0,26.467601821594187,6.931910003557854,9.242296771322446,19.506474649577633,9.21608729321615,19.545890739031986,21.371178337137874,1709.6942669710297,nan,0,5.656399996951222,30.753500002902
1232,41.0666666666669,SEARCH,0,0,0,0,26.503774161221777,6.76921599744932,8.925958074195691,19.605179719662107,8.970534319997347,19.61521124841173,21.735549068695008,1738.8439254956006,nan,0,5.942600007983856,35.71199999714736
1233,41.10000000000023,SEARCH,0,0,0,0,26.523523491321306,6.6037235754524275,8.597611273414147,19.684143775729687,8.614232704207895,19.655148015687477,22.160378526021393,1772.8302820817114,nan,0,5.1730999985011294,41.15740000270307
1234,41.13333333333356,SEARCH,0,0,0,0,26.52665248311468,6.437086283143248,8.258707010800117,19.74731502058375,8.253202340111377,19.7351168203767,22.59992469673341,1807.9939757386728,nan,0,9.64370000292547,32.14739999384619
1235,41.16666666666689,SEARCH,0,0,0,0,26.51312987275021,6.27096910526357,7.910518520821275,19.797852016466997,7.909292196968774,19.80157201480517,23.00391252292793,1840.3130018342342,nan,0,5.463199995574541,67.20630000927486
1236,41.20000000000022,SEARCH,0,0,0,0,26.48309077368067,6.10703182974373,7.554177371200609,19.8382816131736,7.585800629258622,19.820669223420353,23.34890629917634,1867.912503934107,nan,0,7.397900000796653,41.84979999263305
1237,41.233333333333555,SEARCH,0,0,0,0,26.43683532665436,5.9469124636502615,7.1907018919299155,19.87062529053888,7.243409489536711,19.853261428970573,23.70177497383267,1896.1419979066136,nan,0,5.109899997478351,31.4314999995986
1238,41.266666666666886,SEARCH,0,0,0,0,26.37482570080795,5.792210866760747,6.821019757959844,19.8965002324311,6.812773648941616,19.906030479357018,24.122060122154473,1929.7648097723577,nan,0,5.9517999907257035,42.129499997827224
1239,41.30000000000022,SEARCH,0,0,0,0,26.298074852629004,5.644268022791901,6.445985897938468,19.917200185944882,6.42234893586517,19.93869546562512,24.482139135229605,1958.5711308183681,nan,0,5.420999994385056,35.39439999440219
1240,41.33333333333355,SEARCH,0,0,0,0,26.208607387145804,5.503650277120203,6.066396667040644,19.933760148755905,6.057263586639452,19.925156217391926,24.780163247071204,1982.4130597656963,nan,0,4.949799986206926,38.75200000766199
1241,41.36666666666688,SEARCH,0,0,0,0,26.108226362662887,5.370603564640948,5.683001034457902,19.947008119004725,5.697077309892604,19.930016559198137,25.07172735174994,2005.7381881399951,nan,0,6.139300006907433,29.690499999560416
1242,41.40000000000021,SEARCH,0,0,0,0,25.99851476351242,5.2451398535941856,5.296509386132031,19.95760649520378,5.301826557480291,19.93684266890835,25.38107630324647,2030.4861042597176,nan,0,6.982200007769279,58.98010000237264
1243,41.43333333333354,SEARCH,0,0,0,0,25.880931823052787,5.12702114258427,4.907600423317736,19.966085196163025,4.882589936465374,19.966389818516674,25.712588836720723,2057.007106937658,nan,0,4.294900005334057,45.03819999808911
1244,41.466666666666875,SEARCH,0,0,0,0,25.756217365741243,5.016458572447425,4.516926541553137,19.97286815693042,4.527446624321465,19.997353771538283,25.98245423661714,2078.596338929371,nan,0,5.52560000505764,36.34710000187624
1245,41.500000000000206,SEARCH,0,0,0,0,25.625290642136754,4.913327729224014,4.125117997803348,19.978294525544335,4.144022809536072,19.990057246567005,26.244097253192884,2099.5277802554306,nan,0,7.609500011312775,35.57929999078624
1246,41.53333333333354,SEARCH,0,0,0,0,25.48901735251643,4.817372696454318,3.7327861120834926,19.982635620435467,3.721885576082336,19.953687401413582,26.51256397673022,2121.005118138418,nan,0,3.3914000086952,33.401900000171736
1247,41.56666666666687,SEARCH,0,0,0,0,25.34745639346794,4.729405244228795,3.3405257006923956,19.986108496348372,3.3114280645762237,19.9747022459976,26.7956269787415,2143.65015829932,nan,0,6.006000010529533,34.14570000313688
1248,41.6000000000002,SEARCH,0,0,0,0,25.200760344959694,4.650297424578372,2.9489168988403183,19.9888867970787,2.92859152134379,20.0048991976871,27.052047976417644,2164.163838113411,nan,0,5.352099993615411,29.472900001564994
1249,41.63333333333353,SEARCH,0,0,0,0,25.04986716834294,4.579522944514702,2.5585264989681815,19.99110943766296,2.577998396882009,20.0063013368314,27.257482966103275,2180.598637288262,nan,0,6.951600007596426,39.173799988930114
1250,41.66666666666686,SEARCH,0,0,0,0,24.8950906937043,4.517700451227769,2.169908905859417,19.99288755013037,2.2052860368637868,19.979970736504388,27.457404060481206,2196.5923248384966,nan,0,7.927500002551824,52.07669999799691
1251,41.700000000000195,SEARCH,0,0,0,0,24.736753653448528,4.465670080665762,1.7836067894812917,19.994310040104295,1.7761628525544437,19.98734015526151,27.71481502429167,2217.1852019433336,nan,0,10.867399993003346,59.7976999997627
1252,41.733333333333526,SEARCH,0,0,0,0,24.575701118521714,4.422776505722365,1.4001515003538976,19.995448032083438,1.3638606779372784,20.00166136634347,27.955163926180802,2236.413114094464,nan,0,10.246400008327328,55.29489999753423
1253,41.76666666666686,SEARCH,0,0,0,0,24.41248060826967,4.389059406042214,1.0200632993270844,19.99635842566675,1.019900649161978,19.99504506294001,28.12044781767436,2249.6358254139486,nan,0,11.206099996343255,41.11180000472814
1254,41.80000000000019,SEARCH,0,0,0,0,24.2475485542663,4.365076175650817,0.6438514433045046,19.997086740533398,0.7019794415868833,19.96942709979387,28.246939526323327,2259.755162105866,nan,0,6.516900000860915,36.34400000737514
1255,41.83333333333352,SEARCH,0,0,0,0,24.081329048687493,4.352875612429562,0.27201416017429825,19.99766939242672,0.2749227382137196,19.99299036184353,28.48434957646395,2278.747966117116,nan,0,5.1848000002792105,38.926100009121
1256,41.86666666666685,SEARCH,0,0,0,0,23.914662944509047,4.353308620231931,-0.09496146042409581,19.998135513941374,-0.12598590716187452,20.01361746876954,28.691428518652252,2295.3142814921803,nan,0,5.18039999587927,41.446500006713904
1257,41.90000000000018,SEARCH,0,0,0,0,23.748510869582738,4.366395475295695,-0.45659963917801216,19.9985084111531,-0.46267267711492316,20.006876159826767,28.823706298376568,2305.896503870126,nan,0,6.960700004128739,32.485599993378855
1258,41.933333333333515,SEARCH,0,0,0,0,23.58374508387215,4.391495547744792,-0.8124361249598698,19.957584561426152,-0.7859062392934053,19.94131514384077,28.90807491141178,2312.6459929129423,nan,0,5.040699994424358,32.55269999499433
1259,41.966666666666846,SEARCH,0,0,0,0,23.420908351426853,4.427019854132353,-1.162018444810663,19.878326518376152,-1.1432521952576404,19.864111953335556,29.012097405092465,2320.967792407397,nan,0,8.224800010793842,38.58849999960512
1260,42.00000000000018,SEARCH,0,0,0,0,23.2604738732587,4.472170225035487,-1.5049061751268211,19.766112126077882,-1.5334881447134072,19.779582981628508,29.13859018294039,2331.0872146352312,nan,0,4.8457999946549535,59.9590000056196
1261,42.03333333333351,SEARCH,0,0,0,0,23.10317746004532,4.527266651126322,-1.8406712253209565,19.625310568031008,-1.8584419924441482,19.659649329492197,29.190262952145673,2335.221036171654,nan,0,11.686599988024682,39.49920000741258
1262,42.06666666666684,SEARCH,0,0,0,0,22.950269000670243,4.593574877081464,-2.168898126986162,19.459486389701024,-2.152196246856513,19.46612433938545,29.17749970460058,2334.1999763680465,nan,0,4.235899992636405,36.31090000271797
1263,42.10000000000017,SEARCH,0,0,0,0,22.802063845141213,4.669817972850152,-2.4891843230060933,19.271562603373432,-2.4476723397833293,19.28161146495036,29.172824451260627,2333.82595610085,nan,0,17.26310000231024,42.47709999617655
1264,42.1333333333335,SEARCH,0,0,0,0,22.658778770961476,4.754948257091923,-2.8011404521881476,19.063951058043344,-2.819639198230993,19.07500499906227,29.226936331167526,2338.154906493402,nan,0,14.024299991433509,52.46690000058152
1265,42.166666666666835,SEARCH,0,0,0,0,22.52021963589521,4.847571925057869,-3.104390625909929,18.838656620675817,-3.1287967517064184,18.860549424292255,29.22730880607221,2338.1847044857764,nan,0,8.490200008964166,60.797600002842955
1266,42.200000000000166,SEARCH,0,0,0,0,22.386768934946243,4.947415243282009,-3.398572694004206,18.59736040605928,-3.3925342259780265,18.60716174295582,29.174666166011068,2333.9732932808856,nan,0,12.47430000512395,67.68680000095628
1267,42.2333333333335,SEARCH,0,0,0,0,22.258785468682067,5.054176707026115,-3.683338497699971,18.34148624518087,-3.6371701044324842,18.325134800724527,29.098433699589776,2327.874695967182,nan,0,11.655700000119396,63.77839999913704
1268,42.26666666666683,SEARCH,0,0,0,0,22.136658499877964,5.167590909260665,-3.958354107915555,18.072253744214095,-3.967736166329321,18.06443361673528,29.116455359649336,2329.3164287719464,nan,0,6.9100000109756365,66.25639999401756
1269,42.30000000000016,SEARCH,0,0,0,0,22.02133946795826,5.287920866689728,-4.223300047586396,17.790720615935147,-4.247968370679902,17.812957405575755,29.102458223001825,2328.1966578401457,nan,0,5.654099993989803,48.09219999879133
1270,42.33333333333349,SEARCH,0,0,0,0,21.912147745524994,5.413837289486097,-4.477871497023461,17.497816429161247,-4.470786574848632,17.513791959582605,29.025301486316017,2322.0241189052813,nan,0,5.382799994549714,37.311799998860806
1271,42.36666666666682,SEARCH,0,0,0,0,21.80912051817247,5.54484556480422,-4.721778481552681,17.194369492822513,-4.673651649545377,17.18096605464313,28.9263983541211,2314.111868329688,nan,0,5.317200004355982,32.328699991921894
1272,42.400000000000155,SEARCH,0,0,0,0,21.71285685962554,5.680901016076624,-4.954746040892951,16.8811282480895,-4.930347021918224,16.85594897616303,28.891902152397996,2311.3521721918396,nan,0,14.994800003478304,39.97399999934714
1273,42.433333333333486,SEARCH,0,0,0,0,21.622987028763557,5.821261948243009,-5.176514379899287,16.558778267423595,-5.167406765621496,16.58097293336593,28.870340838680793,2309.6272670944636,nan,0,9.01109998812899,73.87680000101682
1274,42.46666666666682,SEARCH,0,0,0,0,21.53914267714582,5.965303270368222,-5.386839000436331,16.227955739769406,-5.3775950074670655,16.256212855674853,28.816897606703176,2305.3518085362543,nan,0,3.703099995618686,31.207799998810515
1275,42.50000000000015,SEARCH,0,0,0,0,21.461579187796232,6.112821685820986,-5.585490814261268,15.889258145386291,-5.55650235098488,15.8949295928583,28.734410819453853,2298.7528655563083,nan,0,8.954299992183223,53.57620000722818
1276,42.53333333333348,SEARCH,0,0,0,0,21.389983339047124,6.263326875830077,-5.772256236889247,15.543252683234561,-5.737152567203181,15.518380800956432,28.662475915963213,2292.9980732770573,nan,0,6.3889000011840835,45.11890000139829
1277,42.56666666666681,SEARCH,0,0,0,0,21.324818408383422,6.416726059626383,-5.946937262492352,15.19048290136284,-5.964923922719368,15.177863207345352,28.661604292487272,2292.9283433989817,nan,0,6.3633999961894006,38.08500000741333
1278,42.60000000000014,SEARCH,0,0,0,0,21.26578001024192,6.572585757183715,-6.109351519948138,14.831473890763876,-6.129147388290629,14.856832132970602,28.62011155089385,2289.6089240715078,nan,0,5.86489999841433,33.1105000077514
1279,42.633333333333475,SEARCH,0,0,0,0,21.213464919770026,6.73082895320394,-6.259332310208094,14.466736331178835,-6.243822475187779,14.464051767556734,28.52552131312827,2282.0417050502615,nan,0,14.057899999897927,42.71300000254996
1280,42.666666666666806,SEARCH,0,0,0,0,21.16785583266338,6.891133628591392,-6.396728625202172,14.096769619736444,-6.367683583805072,14.087737988471098,28.460447032127366,2276.835762570189,nan,0,5.522699997527525,38.61620000679977
1281,42.70000000000014,SEARCH,0,0,0,0,21.12921796219162,7.053259791634824,-6.5214051485342095,13.722064267234396,-6.521257966557323,13.736325603444556,28.44665512378046,2275.7324099024368,nan,0,5.006799998227507,32.156699991901405
1282,42.73333333333347,SEARCH,0,0,0,0,21.09747318658096,7.216875337959758,-6.633242238256007,13.343103710003456,-6.639128115449567,13.391013062017054,28.415471638236603,2273.2377310589286,nan,0,10.039000000688247,35.437799990177155
1283,42.7666666666668,SEARCH,0,0,0,0,21.074549487275693,7.381957989343661,-6.732135892035949,12.960365655797117,-6.70719958788064,12.983402723114619,28.340814469249825,2267.265157539986,nan,0,4.8900999972829595,32.133900007465854
1284,42.80000000000013,SEARCH,0,0,0,0,21.059876794691323,7.547977535994357,-6.8179976950622025,12.57432305854773,-6.799446627462486,12.587914033026312,28.311532304597762,2264.922584367821,nan,0,5.3155000059632584,34.54989999590907
1285,42.833333333333464,SEARCH,0,0,0,0,21.052333938770236,7.7144734311459535,-6.890754751041394,12.185444797944537,-6.881256918206875,12.176687514332219,28.287750930202655,2263.020074416212,nan,0,8.249599995906465,35.08040000451729
1286,42.866666666666795,SEARCH,0,0,0,0,21.0518389806015,7.8811393628602335,-6.950349596671658,11.79419612467682,-6.977191833197561,11.815267100758218,28.303779419346025,2264.302353547682,nan,0,4.420099998242222,53.725300007499754
1287,42.90000000000013,SEARCH,0,0,0,0,21.057842003071563,8.047697885605249,-6.996740099984649,11.401038920091706,-7.006275907320523,11.406606578152406,28.26441192901877,2261.152954321502,nan,0,5.285099992761388,32.862699998077005
1288,42.93333333333346,SEARCH,0,0,0,0,21.070664529644446,8.213870568649321,-7.029899342964701,11.006431809337384,-6.997718161426497,11.000253051584803,28.206347410354653,2256.507792828372,nan,0,5.873799993423745,25.53240000270307
1289,42.96666666666679,SEARCH,0,0,0,0,21.09044034380065,8.379359827975227,-7.0498154888651765,10.610830159315661,-7.028746918195345,10.604728323911823,28.207108274651358,2256.568661972108,nan,0,6.357700010994449,23.633099990547635
1290,43.00000000000012,SEARCH,0,0,0,0,21.114985026279534,8.544209263339102,-7.0564916346523825,10.214685986566549,-7.068222387479303,10.20940223881076,28.232358168819538,2258.5886535055633,nan,0,6.821799994213507,43.648100006976165
1291,43.03333333333345,SEARCH,0,0,0,0,21.143802019438308,8.708365770012048,-7.04994564901636,9.818447795242795,-7.077874024407176,9.831156947143045,28.244002173049154,2259.5201738439323,nan,0,6.736900002579205,45.89760000817478
1292,43.066666666666784,SEARCH,0,0,0,0,21.175680523544823,8.871955313546188,-7.030209996395631,9.422560361356805,-7.012222280856364,9.411804687922551,28.193071876923643,2255.4457501538914,nan,0,3.838999997242354,58.35700000170618
1293,43.100000000000115,SEARCH,0,0,0,0,21.210523958636593,9.034939094361285,-6.997331547469638,9.027464476298285,-6.999384802619826,8.993742022931343,28.209938842845904,2256.795107427672,nan,0,4.645699998945929,35.746499997912906
1294,43.13333333333345,SEARCH,0,0,0,0,21.24822564159317,9.197285516804218,-6.951371376578277,8.63359666007005,-6.96035698256819,8.619588475075313,28.214497470913077,2257.159797673046,nan,0,4.380099999252707,36.71639999083709
1295,43.16666666666678,SEARCH,0,0,0,0,21.288525889752158,9.359006473319141,-6.892404546532734,8.241388852645128,-6.920959656337775,8.247859530300145,28.2313606173,2258.508849384,nan,0,6.195200010552071,29.772599998977967
1296,43.20000000000011,SEARCH,0,0,0,1,21.331028343070876,9.520162668482925,-6.820519881285737,7.851268090209306,-6.824916676990371,7.8440552649449895,28.205789760276282,2256.4631808221025,nan,0,9.679000009782612,47.14269998657983
1297,43.23333333333344,SEARCH,0,0,0,1,21.375999982823476,9.680647338765604,-6.73581972693255,7.463656171738639,-6.705343919338218,7.433815543525545,28.171086746300283,2253.6869397040227,nan,0,9.588900007656775,34.86179999890737
1298,43.26666666666677,SEARCH,0,0,0,1,21.422811872743154,9.840604910452367,-6.6384197015164474,7.078969320306169,-6.6580738932892904,7.075469260164199,28.216699320959886,2257.335945676791,nan,0,4.878799998550676,39.62969999702182
1299,43.300000000000104,SEARCH,0,0,0,1,21.471140264624548,10.000110848636298,-6.5284484341142255,6.697617842664662,-6.543357649709679,6.710848127864735,28.206937845829604,2256.5550276663685,nan,0,2.893099997891113,32.83460000238847
1300,43.333333333333435,SEARCH,0,0,0,1,21.522316388933763,10.15872604992062,-6.4060472936783945,6.320005789970761,-6.414521678271686,6.314660998512179,28.200066618941158,2256.0053295152925,nan,0,5.310099993948825,37.66040000482462
1301,43.36666666666677,SEARCH,0,0,0,1,21.575998540628913,10.316510727146126,-6.271370108113272,5.946530621967654,-6.255274059370076,5.902645101732682,28.179104746152973,2254.3283796922374,nan,0,15.029100002720952,38.703899990650825
1302,43.4000000000001,SEARCH,0,0,0,1,21.632038334402942,10.47347352302955,-6.124582874062127,5.577582876501395,-6.096287266982909,5.579701074914562,28.156865049760057,2252.5492039808046,nan,0,5.031099994084798,63.435000003664754
1303,43.43333333333343,SEARCH,0,0,0,1,21.690739175971576,10.629460666656556,-5.965863457881933,5.213545845889435,-5.980279933680825,5.229408260153188,28.193010916887385,2255.4408733509904,nan,0,11.948700004722923,38.09309999633115
1304,43.46666666666676,SEARCH,0,0,0,1,21.752276336415807,10.78435080727964,-5.7954012882812265,4.8547952613714545,-5.7981731806855175,4.870308530423458,28.178061761710843,2254.2449409368674,nan,0,8.854100000462495,40.83649998938199
1305,43.50000000000009,SEARCH,0,0,0,1,21.816059275442857,10.938329748914038,-5.613397041094869,4.501698986638812,-5.570791447477714,4.484663509564633,28.136975680560504,2250.9580544448404,nan,0,13.698799986741506,45.05739999876823
1306,43.533333333333424,SEARCH,0,0,0,1,21.883210825928387,11.090869733984075,-5.420062316667508,4.154616721248972,-5.400481437474772,4.127675434689149,28.15823038427342,2252.658430741874,nan,0,6.0142000002088025,74.46269999491051
1307,43.566666666666755,SEARCH,0,0,0,1,21.95318429478659,11.242136027102298,-5.215619310314957,3.813899714576468,-5.240287073168905,3.7945092223315373,28.194893687739896,2255.591495019192,nan,0,4.250099998898804,41.99440000229515
1308,43.60000000000009,SEARCH,0,0,0,1,22.025454198014966,11.39231871207343,-5.000300476329716,3.479890490825111,-5.004317379592089,3.4918186334160417,28.1607253640683,2252.858029125464,nan,0,4.911999989417382,39.99900000053458
1309,43.63333333333342,SEARCH,0,0,0,1,22.099374027535006,11.541696208978106,-4.774348185993501,3.1529225855221363,-4.762189368114334,3.1584232454769734,28.139347072010352,2251.1477657608284,nan,0,9.857900004135445,36.49220000079367
1310,43.66666666666675,SEARCH,0,0,0,1,22.17511663405663,11.690157770788186,-4.53801438005583,2.833320293828926,-4.535655225476281,2.802965798222984,28.150444303585026,2252.035544286802,nan,0,9.932500004651956,46.806999991531484
1311,43.70000000000008,SEARCH,0,0,0,1,22.25346177118263,11.837262554077126,-4.2915602161335284,2.5213984309315345,-4.325901862991925,2.5034982833634505,28.170582646777685,2253.646611742215,nan,0,10.077500002807938,46.9567999971332
1312,43.73333333333341,SEARCH,0,0,0,1,22.33452908500599,11.982884902661546,-4.035255711481488,2.217462104714553,-4.068782571870993,2.2192328767724,28.150732980383037,2252.058638430643,nan,0,10.243199998512864,41.326499995193444
1313,43.766666666666744,SEARCH,0,0,0,1,22.41889270267687,12.126622711853349,-3.769379381580125,1.9218065008716618,-3.7794322047703037,1.937172798767259,28.110089247233937,2248.807139778715,nan,0,7.258700003148988,36.51239999453537
1314,43.800000000000075,SEARCH,0,0,0,1,22.507377055850576,12.267861152163375,-3.4942178749797312,1.6347166805635749,-3.478980031578724,1.6375692624410279,28.076571377860294,2246.1257102288237,nan,0,6.366599991451949,51.04150000261143
1315,43.83333333333341,SEARCH,0,0,0,1,22.599856393009986,12.40651666044319,-3.210065604836395,1.3564673906976967,-3.222963358183391,1.3479530392865249,28.09109911103146,2247.287928882517,nan,0,7.528200003434904,32.533699995838106
1316,43.86666666666674,SEARCH,0,0,0,1,22.696173379345872,12.54253436488254,-2.917224377568318,1.0873228868724483,-2.926142401017267,1.0822899906900647,28.068492425936526,2245.479394074922,nan,0,8.663000000524335,52.63580000610091
1317,43.90000000000007,SEARCH,0,0,0,1,22.795503485910206,12.676367498701097,-2.6160030190551797,0.8275367690018378,-2.6226332661117895,0.8543040724538831,28.032888891420082,2242.631111313606,nan,0,9.151499994914047,45.97400000784546
1318,43.9333333333334,SEARCH,0,0,0,1,22.898334768171797,12.807529631827297,-2.3067169987968845,0.5773518296119884,-2.3063592069617553,0.5874766814660404,28.0108245592622,2240.865964740976,nan,0,4.386400003568269,41.58530000131577
1319,43.96666666666673,SEARCH,0,0,0,1,23.004833396928195,12.935731893315872,-1.9896880524412732,0.33699991478002556,-2.005342082525965,0.3484979512313229,27.99905955252525,2239.92476420202,nan,0,4.874899997957982,35.32910000649281
1320,44.000000000000064,SEARCH,0,0,0,1,23.114554727102444,13.061187094413997,-1.6652438030834904,0.10670179766679874,-1.7082651920722716,0.1323824303043386,27.987968464725707,2239.0374771780566,nan,0,5.01079999958165,40.83970001374837
1321,44.033333333333395,SEARCH,0,0,0,1,23.228453853986803,13.182861934347148,-1.3337173817326424,-0.11333293542211059,-1.3681914019189587,-0.08539477689258493,27.947121390229615,2235.769711218369,nan,0,11.447500000940636,36.71739999845158
1322,44.06666666666673,SEARCH,0,0,0,1,23.345505315772776,13.301507343325097,-0.9954470473339088,-0.32290598652819286,-0.9766416379417004,-0.3261340856871992,27.87973176620992,2230.378541296794,nan,0,3.274899994721636,58.102399998460896
1323,44.10000000000006,SEARCH,0,0,0,1,23.46561969495392,13.417050900876813,-0.6507758067267808,-0.5218304351798465,-0.6152800858478229,-0.5381940713353166,27.83233005853928,2226.5864046831425,nan,0,6.347600006847642,27.614399994490668
1324,44.13333333333339,SEARCH,0,0,0,1,23.588709754975913,13.529419112135866,-0.30005103491234497,-0.7099308152884668,-0.32489742306942343,-0.6875526621821534,27.820548066089867,2225.6438452871894,nan,0,7.5480999948922545,48.03659999743104
1325,44.16666666666672,SEARCH,0,0,0,1,23.71470167336168,13.638523714601808,0.05637590400537046,-0.8870431799210418,0.023221967891434374,-0.8735777366099021,27.782859808971605,2222.628784717728,nan,0,9.771099998033606,42.22319999826141
1326,44.20000000000005,SEARCH,0,0,0,1,23.84291036138024,13.745014606674028,0.4181500348471223,-1.0530151540806882,0.43289725910161686,-1.0495524622589631,27.693102538466388,2215.448203077311,nan,0,4.228599995258264,45.562200000858866
1327,44.233333333333384,SEARCH,0,0,0,1,23.973459386505237,13.848623147908285,0.7849131480065825,-1.2077059756369695,0.8098785767106742,-1.2399627781997005,27.64447324839862,2211.5578598718894,nan,0,4.749600004288368,32.877499994356185
1328,44.266666666666715,SEARCH,0,0,0,1,24.10584696075338,13.94987189092503,1.1563041743785298,-1.3509865245575456,1.1560437143972957,-1.3659293505319312,27.59107168477279,2207.285734781823,nan,0,5.630300001939759,32.70450000127312
1329,44.30000000000005,SEARCH,0,0,0,1,24.240534905833748,14.048039783984855,1.5319595582353838,-1.4827393406018938,1.5113164513488588,-1.490118888297785,27.532739538170347,2202.6191630536277,nan,0,6.585299997823313,38.01620000740513
1330,44.33333333333338,SEARCH,0,0,0,1,24.377287772782733,14.143310089741744,1.9115136277289033,-1.6028586296463545,1.8944596685517643,-1.584552157819819,27.437988454744094,2195.0390763795276,nan,0,6.39009999576956,37.31379999953788
1331,44.36666666666671,ACQUIRING,0,0,0,1,24.515991780475105,14.235716669744754,2.294598962702601,-1.7112502588178504,2.3242743400847514,-1.7174896104061257,27.33088204890524,2186.4705639124195,1897.0332636657886,1,7.229800001368858,51.67640000581741
1332,44.40000000000004,ACQUIRING,0,0,0,1,24.656244541190322,14.325755221985101,2.766573186565187,-1.7307529991004575,2.7802674673975676,-1.7604577062826485,27.153722015714063,2172.297761257125,1882.7408395369669,1,9.240599989425391,33.05930001079105
1333,44.43333333333337,ACQUIRING,0,0,0,1,24.797819665099226,14.41369987542098,3.327436299316662,-1.6613668504941757,3.3278765993919692,-1.6508969478813196,26.81472965256158,2145.1783722049267,1859.7837514664363,1,11.293000003206544,41.08080000150949
1334,44.466666666666704,ACQUIRING,0,0,0,1,24.94020415344166,14.500328018984384,3.9771883009570264,-1.5038916547123584,3.9828745863049053,-1.4832000850309635,26.35683655595703,2108.5469244765623,1840.568938776779,0,7.334200010518543,48.70579999987967
1335,44.500000000000036,ACQUIRING,0,0,0,1,25.08370046861245,14.585101749055571,4.7158291914862795,-1.3735724602866872,4.741001350388757,-1.4005717138410674,25.87213101924418,2069.770481539534,1821.618962209817,1,11.230400006752461,44.53349999675993
1336,44.53333333333337,ACQUIRING,0,0,0,1,25.228665945064517,14.667337923667493,5.543358970904421,-1.2588048184944545,5.538860839229792,-1.2824817545131126,25.339399615465094,2027.1519692372074,1802.9199015980348,0,3.433200006838888,41.79659999499563
1337,44.5666666666667,ACQUIRING,0,0,0,1,25.375378235218747,14.746415617712522,6.376692304237754,-1.157625761179892,6.3567736273660165,-1.1577264984771993,24.792116845517583,1983.3693476414066,1784.4536646470417,1,4.4824999931734055,33.04670000215992
1338,44.60000000000003,SEARCH,0,0,0,1,25.524348322966638,14.821153096491003,7.210025637571087,-1.0679098583045805,7.192585345614805,-1.0579395168814962,24.25281666285111,1940.2253330280887,nan,0,6.9958999956725165,34.66190000472125
1339,44.63333333333336,SEARCH,0,0,0,1,25.675201699118215,14.892012370276783,7.954470082015532,-1.067082844318158,7.963129047941359,-1.0545683270203117,23.832980374598044,1906.6384299678434,nan,0,7.272600007127039,65.46739999612328
1340,44.66666666666669,SEARCH,0,0,0,1,25.82822018610483,14.958066290812244,8.610025637571088,-1.1551447192206241,8.64264935352996,-1.1646164498260614,23.564480550114492,1885.1584440091597,nan,0,11.459600005764514,46.975899997050874
1341,44.700000000000024,ACQUIRING,0,0,0,1,25.983080806917094,15.019677701276681,9.176692304237754,-1.3320954830119793,9.154240366326167,-1.3505157980959739,23.477502119726694,1878.2001695781353,2223.183622009336,1,4.699099998106249,43.76500000944361
1342,44.733333333333356,ACQUIRING,0,0,0,1,26.139915078757298,15.076076184892207,9.654470082015532,-1.5979351356922233,9.622945065564666,-1.5971781719918763,23.46929290085363,1877.5434320682907,2235.3420961854417,0,8.191300003090873,31.41219999815803
1343,44.76666666666669,ACQUIRING,0,0,0,1,26.29033537918361,15.147850212210145,10.043358970904421,-1.9526636772613561,10.04858661546361,-1.949658538348148,23.582179890315857,1886.5743912252685,2247.995306980824,0,4.738499992527068,32.75370001210831
1344,44.80000000000002,ACQUIRING,0,0,0,1,26.43283875827651,15.234282640874872,10.343358970904422,-2.3328505190041535,10.356257326834973,-2.346817898050679,23.823340795983658,1905.8672636786926,2261.0096070796353,1,7.277500000782311,30.727300007129088
1345,44.83333333333335,ACQUIRING,0,0,0,1,26.566001369377457,15.334509866629933,10.554470082015532,-2.6495002470944726,10.543323602338628,-2.655773898690504,24.09100481057427,1927.2803848459414,2274.2498960521943,0,4.539200002909638,39.54120000707917
1346,44.86666666666668,SEARCH,0,0,0,1,26.688492695694034,15.447530452166301,10.676692304237754,-2.917476234650094,10.636770201322534,-2.8972908987904162,24.37601824406171,1950.0814595249371,nan,0,5.972900005872361,34.02529998857062
1347,44.90000000000001,SEARCH,0,0,0,1,26.799088844383938,15.572215133152934,10.710025637571087,-3.096563333316827,10.678312515738483,-3.0790078825012186,24.652536368858335,1972.2029095086668,nan,0,13.344599996344186,71.20030000805855
1348,44.933333333333344,SEARCH,0,0,0,1,26.896684775287685,15.707318101472689,10.654470082015532,-3.186761543094671,10.653764965722063,-3.2042574109197917,24.92950325018335,1994.360260014668,nan,0,8.380500003113411,42.349299998022616
1349,44.966666666666676,SEARCH,0,0,0,1,26.98030534212461,15.85148945292522,10.510025637571088,-3.188070863983626,10.491798833190932,-3.213117461593734,25.205754971836733,2016.4603977469385,nan,0,10.715999989770353,43.1825999985449
1350,45.00000000000001,SEARCH,0,0,0,1,27.049115035832163,16.003288675023523,10.276692304237756,-3.1004912959836926,10.240465490407862,-3.086736467228182,25.435403662468083,2034.8322929974468,nan,0,5.891499997233041,44.603700007428415
1351,45.03333333333334,SEARCH,0,0,0,1,27.10242633269628,16.161199040118547,9.954470082015533,-2.92402283909487,9.93437606709371,-2.8911064182417663,25.646291997107934,2051.703359768635,nan,0,5.644699995173141,31.656999999540858
1352,45.06666666666667,SEARCH,0,0,0,1,27.139706563861065,16.32364276004049,9.543358970904421,-2.7694763354930054,9.561770591423858,-2.7616131572616265,25.94669201420515,2075.735361136412,nan,0,6.147099993540905,36.56730000511743
1353,45.1,SEARCH,0,0,0,1,27.160583237579925,16.48899675083664,9.200798075161307,-2.6339057474400946,9.225555618575267,-2.6455196615056424,26.225844772450248,2098.06758179602,nan,0,7.694600004469976,49.08090000390075
1354,45.13333333333333,ACQUIRING,0,0,0,1,27.164847761029975,16.65560885008973,8.947126068307082,-2.511139448608722,8.938394923033469,-2.5183675081803614,26.454582824970256,2116.3666259976208,1859.438832473852,1,10.557400004472584,51.73369999101851
1355,45.166666666666664,ACQUIRING,0,0,0,1,27.152457524502562,16.82181432477866,8.782342950341745,-2.3784068097198334,8.768289217811585,-2.3706951072682103,26.576870820846256,2126.1496656677004,1869.3635357004564,0,7.667699988815002,49.25050000019837
1356,45.199999999999996,ACQUIRING,0,0,0,1,27.123536327145406,16.985952504740563,8.706448721265296,-2.2740656773895864,8.707639924848802,-2.2780805953362093,26.650482389273453,2132.038591141876,1878.3989361749773,1,11.606000000028871,46.060799999395385
1357,45.23333333333333,ACQUIRING,0,0,0,1,27.078373140002416,17.14638337553813,8.719443381077737,-2.1853858938815702,8.74307342465112,-2.198690636847726,26.653613342217746,2132.2890673774195,1886.4681372627585,0,9.879800010821782,49.23969999072142
1358,45.26666666666666,ACQUIRING,0,0,0,1,27.017419218710565,17.30150396494174,8.821326929779065,-2.110443008825294,8.814582670562547,-2.1338607296872323,26.62849337104568,2130.279469683654,1893.503339168576,0,12.119100007112138,47.37539999769069
1359,45.29999999999999,SEARCH,0,0,0,1,26.94128359470271,17.449764359298133,9.012099367369284,-2.047085396600134,9.007962521482732,-2.0415415918564443,26.48612867892757,2118.8902943142057,nan,0,8.61859999713488,61.93939999502618
1360,45.33333333333332,SEARCH,0,0,0,1,26.85072698996685,17.589683189755263,9.113982916070613,-2.025013863354675,9.141018501516252,-2.0099154908855237,26.415488698641852,2113.239095891348,nan,0,11.67639999766834,75.17850000294857
1361,45.36666666666665,SEARCH,0,0,0,1,26.74665421616347,17.71986243361022,9.126977575883053,-1.9883468524061179,9.145964422320382,-2.004323426126948,26.43535112398827,2114.8280899190618,nan,0,5.229799993685447,41.11279999779072
1362,45.399999999999984,SEARCH,0,0,0,1,26.630105134046527,17.839001382889943,9.180972808692232,-1.9376839709902915,9.184244762787191,-1.9390856992246528,26.37291741012331,2109.8333928098646,nan,0,5.913800006965175,34.585699992021546
1363,45.433333333333316,ACQUIRING,0,0,0,1,26.50224426351853,17.94590964059533,9.300979614110421,-1.8735278556806132,9.255746155826087,-1.8568723439257302,26.26008132708486,2100.806506166789,1853.4128751365406,1,4.929800008540042,33.16949999134522
1364,45.46666666666665,ACQUIRING,0,0,0,1,26.36434914813261,18.039519014754553,9.5098753084175,-1.7407952167917242,9.468747450082832,-1.7105970128066799,25.990929953375538,2079.274396270043,1853.3159185775892,0,7.077200003550388,33.66000000096392
1365,45.49999999999998,ACQUIRING,0,0,0,1,26.21779759029964,18.118894191444166,9.807659891613469,-1.6364540844614774,9.79750687314692,-1.640435274682247,25.691575432167316,2055.326034573385,1851.9835462622593,0,7.473599995137192,35.94349999912083
1366,45.53333333333331,ACQUIRING,0,0,0,1,26.06405388474198,18.18324208013663,10.194333363698325,-1.5477743009534612,10.200532085786305,-1.5490087357465958,25.318235446548524,2025.458835723882,1849.4264239754668,0,8.595700011937879,42.95839999394957
1367,45.56666666666664,ACQUIRING,0,0,0,1,25.904654187744654,18.231919737998712,10.66989572467207,-1.4728314158971847,10.638847012459928,-1.4600120145879179,24.916200449938273,1993.2960359950619,1845.6650809401067,0,8.553400009986944,43.96679998899344
1368,45.59999999999997,SEARCH,0,0,0,1,25.74149161702979,18.265916109797708,11.090943676396373,-1.4094738036720247,11.068507485628816,-1.3896295651095025,24.528288548097038,1962.2630838477633,nan,1,9.936499991454184,39.001099998131394
1369,45.633333333333304,SEARCH,0,0,0,1,25.576087478463272,18.2863916738399,11.423102739231787,-1.4250622471957617,11.442144559684861,-1.4229107398406076,24.253349130897337,1940.267930471787,nan,0,8.426100001088344,38.68719999445602
1370,45.666666666666636,SEARCH,0,0,0,1,25.409619040238688,18.294517980063855,11.666372913178312,-1.4093906199811528,11.70840521952128,-1.4338423892167955,24.01939764068244,1921.5518112545951,nan,0,7.0506000047316775,39.10629999882076
1371,45.69999999999997,SEARCH,0,0,0,1,25.242980899108797,18.29143452444522,11.82075419823595,-1.366494630297717,11.805740633722536,-1.386240862592215,23.82793181514788,1906.2345452118304,nan,0,6.822700001066551,32.54539999761619
1372,45.7333333333333,SEARCH,0,0,0,1,25.076838753769845,18.27822220746643,11.886246594404698,-1.2996332500982053,11.873909946463955,-1.2976113327903878,23.612085631867245,1888.9668505493796,nan,0,8.221199997933581,35.73119999782648
1373,45.76666666666663,SEARCH,0,0,0,1,24.911675251932852,18.255888478742385,11.862850101684556,-1.2114458243278228,11.868049585548574,-1.2069338914515055,23.429417942801702,1874.3534354241363,nan,0,6.520199996884912,37.486000001081266
1374,45.79999999999996,SEARCH,0,0,0,1,24.747828308169144,18.225360511285153,11.889559424248475,-1.1040777155559105,11.920374961277265,-1.1229638129564452,23.214245917598245,1857.1396734078596,nan,0,11.22400000167545,44.31490000570193
1375,45.83333333333329,SEARCH,0,0,0,1,24.5855226475805,18.187483733192742,11.981219526788715,-0.9792807758689493,11.988593673781335,-0.9725914625036712,22.930135217125997,1834.4108173700797,nan,0,5.440799999632873,44.20849999587517
1376,45.866666666666625,SEARCH,0,0,0,1,24.42489546381446,18.143023800521075,12.123663601834243,-0.838493679628834,12.103774934394048,-0.8169297755211012,22.611719322205015,1808.9375457764013,nan,0,12.870999998995103,49.503500005812384
1377,45.899999999999956,SEARCH,0,0,0,1,24.266017085089622,18.092670662073267,12.305500562068739,-0.682906144032299,12.293594332836678,-0.6656227684760173,22.253370059055154,1780.2696047244124,nan,0,8.192400011466816,48.90290000184905
1378,45.93333333333329,SEARCH,0,0,0,1,24.108907479321275,18.037043784099644,12.517561243828007,-0.5135102590727527,12.554718020050625,-0.5266276937274612,21.86570814763182,1749.2566518105457,nan,0,9.917599993059412,43.66769999614917
1379,45.96666666666662,SEARCH,0,0,0,1,23.95354933610346,17.976697905087978,12.752455407174285,-0.33114150423780586,12.764934197939434,-0.3313604104108281,21.45623704179412,1716.4989633435298,nan,0,14.058000000659376,38.581700006034225
1380,45.99999999999995,SEARCH,0,0,0,1,23.799898360840988,17.912128906499884,13.004217371619347,-0.13651151386119126,12.976435116034732,-0.09637293541163033,21.010794730371394,1680.8635784297114,nan,0,18.548599997302517,42.57740000321064
1381,46.03333333333328,SEARCH,0,0,0,1,23.64789131667854,17.843779537060414,13.268022558747251,0.06976575928426501,13.246280554663104,0.09445233302908532,20.572606121739703,1645.8084897391764,nan,0,13.989699989906512,45.71010000654496
1382,46.06666666666661,SEARCH,0,0,0,1,23.49745225902856,17.77204483338664,13.539960758732105,0.28715316243189576,13.568535253393648,0.27426587027346566,20.11854024393301,1609.4832195146407,nan,0,13.341400001081638,48.01389999920502
1383,46.099999999999945,ACQUIRING,0,0,0,1,23.34849732789471,17.697277151406475,13.816854774343476,0.5151736874770925,13.841090555053,0.4902759530555453,19.658882821369243,1572.7106257095393,1666.3240094766227,1,7.673900006921031,34.675599992624484
1384,46.133333333333276,ACQUIRING,0,0,0,1,23.200938395244073,17.619790770843288,14.004859901065958,0.7377882708104258,13.982268811449925,0.746340540101849,19.227511320617644,1538.2009056494117,1653.9557307050925,0,5.369200007407926,31.877200002782047
1385,46.16666666666661,ACQUIRING,0,0,0,1,23.05468580774842,17.539866066098107,14.10397613889955,0.9127856029863517,14.075535199474217,0.9197251032006195,18.890585784264445,1511.2468627411558,1641.5206850348075,0,9.326100000180304,32.05199999501929
1386,46.19999999999994,ACQUIRING,0,0,0,1,22.90965041813913,17.45775325626518,14.114203487844255,1.0615162635155442,14.123223620984973,1.0602896983929435,18.603174648255514,1488.2539718604412,1629.0281560466426,0,27.3964999942109,45.91380000056233
1387,46.23333333333327,ACQUIRING,0,0,0,1,22.765745059877933,17.37367575843434,14.035541947900072,1.1872078738855198,14.057681871757563,1.1679979385584287,18.397129071948026,1471.7703257558421,1616.4861205026668,0,6.952100011403672,47.39559999143239
1388,46.2666666666666,SEARCH,0,0,0,1,22.62288558852414,17.287833174466403,13.867991519066997,1.293469066042678,13.84981807943503,1.3036182393290985,18.233536152148368,1458.6828921718695,nan,0,7.563100007246248,47.014399999170564
1389,46.29999999999993,SEARCH,0,0,0,1,22.480991587870832,17.200403943906043,13.789329979122813,1.3760334999836599,13.758495837227722,1.3956652443885067,18.051916725932855,1444.1533380746284,nan,0,5.941399998846464,38.563299996894784
1390,46.333333333333265,SEARCH,0,0,0,1,22.339986818564327,17.111547695895016,13.799557328067518,1.4995388990350598,13.79818564965847,1.5209143258708564,17.777238708180537,1422.179096654443,nan,0,6.180800002766773,33.3939999982249
1391,46.366666666666596,SEARCH,0,0,0,1,22.199799470602514,17.02140733174437,13.898673565901111,1.657392964978301,13.93180370877559,1.6604434931341072,17.444740295248884,1395.5792236199106,nan,0,4.976300013368018,32.44539999286644
1392,46.39999999999993,SEARCH,0,0,0,1,22.06036226806439,16.930110867814378,14.086678692623593,1.8442699008131196,14.081405285275245,1.840459976737299,17.069309258074355,1365.5447406459484,nan,0,4.827500000828877,27.862000002642162
1393,46.43333333333326,SEARCH,0,0,0,1,21.921612464022935,16.83777306593327,14.363572708234964,2.055856071616363,14.34601366755911,2.063300973223811,16.603455144735232,1328.2764115788184,nan,0,7.118200010154396,28.691899991827086
1394,46.46666666666659,SEARCH,0,0,0,1,21.78349175531782,16.744496876020868,14.729355612735223,2.288646585563693,14.742660629167851,2.3082759304602165,16.061686652901876,1284.9349322321502,nan,0,5.017999996198341,29.15499999653548
1395,46.49999999999992,SEARCH,0,0,0,1,21.645946140292317,16.650374713035553,15.13657116998785,2.5397826113181123,15.155858473778888,2.533982348187002,15.536852040145847,1242.9481632116679,nan,0,11.115299988887273,33.03190000588074
1396,46.53333333333325,SEARCH,0,0,0,1,21.508925737388733,16.555489587931994,15.507708253420708,2.8069212847016716,15.543130456351118,2.787681636574233,15.004774210921026,1200.381936873682,nan,0,5.301500001223758,63.05219999921974
1397,46.566666666666585,SEARCH,0,0,0,1,21.372384578374728,16.459916110058213,15.84806327022789,3.088131686937369,15.825588762672337,3.087591678804156,14.477085497979477,1158.166839838358,nan,0,7.295999996131286,27.786999999079853
1398,46.599999999999916,SEARCH,0,0,0,1,21.236280386718253,16.363721376359766,16.16184082940093,3.3818116802452862,16.15288106952019,3.418630367159301,13.907419956791859,1112.5935965433487,nan,0,4.05220000538975,31.79199999431148
1399,46.63333333333325,SEARCH,0,0,0,1,21.10057434906503,16.26696576090392,16.452373850629353,3.686621429375557,16.453692444132525,3.6918454844427426,13.406235914896252,1072.4988731917,nan,0,4.082899991772138,29.986499997903593
1400,46.66666666666658,SEARCH,0,0,0,1,20.965230885758388,16.169703616582805,16.72229966287353,4.001430271900124,16.71634935420931,3.9750577197038974,12.913651025926184,1033.0920820740948,nan,0,4.760099996929057,30.623700004070997
1401,46.69999999999991,SEARCH,0,0,0,1,20.830217424763887,16.071983899390908,16.973700893118583,4.325274267477634,16.96452299602457,4.329751223863901,12.362185147561911,988.9748118049529,nan,0,3.194200005964376,34.12199999729637
1402,46.73333333333324,SEARCH,0,0,0,1,20.695504182130765,15.973850724383436,17.208218185730033,4.65732229022041,17.189331526937295,4.674346777050451,11.830977818583724,946.4782254866979,nan,0,5.974300001980737,35.76450000400655
1403,46.76666666666657,SEARCH,0,0,0,1,20.560979940941827,15.87545861946481,17.427140384762467,4.996848955424869,17.44332006771912,5.006368027511458,11.307384020240574,904.590721619246,nan,0,6.753900001058355,35.170999995898455
1404,46.799999999999905,SEARCH,0,0,0,1,20.42623934136342,15.777363009965558,17.631476685117974,5.343213013633676,17.65932824972787,5.326202990676274,10.811222999171122,864.8978399336897,nan,0,5.414800005382858,34.26539999782108
1405,46.833333333333236,SEARCH,0,0,0,1,20.290930683522703,15.68005245097466,17.82201435728836,5.695840118364017,17.818749697336603,5.684277143348329,10.296951142401927,823.7560913921542,nan,0,4.43000000086613,31.679699997766875
1406,46.86666666666657,SEARCH,0,0,0,1,20.15467820025533,15.584067876269907,17.99936492948597,6.054209092530305,17.96617865465112,6.069669841269281,9.76285307835438,781.0282462683505,nan,0,9.809499999391846,47.83940000925213
1407,46.8999999999999,SEARCH,0,0,0,1,20.017583043862896,15.489290791109456,18.16400113422542,6.417840993545522,18.159855076104513,6.435070735158491,9.2428379853688,739.4270388295039,nan,0,6.567599994014017,53.86330001056194
1408,46.93333333333323,SEARCH,0,0,0,1,19.879461112720225,15.396016411373123,18.31628646502537,6.786290417051018,18.349641056799687,6.7826784764775,8.748139218382885,699.8511374706309,nan,0,3.9689000113867223,34.54139998939354
1409,46.96666666666656,SEARCH,0,0,0,1,19.739956659526882,15.304822742091732,18.456498819785832,7.159138591197915,18.47571920935844,7.1423606350598146,8.259787163065422,660.7829730452337,nan,0,4.826000003959052,34.94350000983104
1410,46.99999999999989,SEARCH,0,0,0,1,19.598636321303093,15.216469248770348,18.584849412106223,7.535987902982808,18.566250097318978,7.548620594366381,7.737035886068832,618.9628708855065,nan,0,9.069299994735047,31.343499998911284
1411,47.033333333333225,SEARCH,0,0,0,1,19.45618315252635,15.129954091235712,18.70149789557815,7.916457569805123,18.68080693050769,7.938169077301747,7.233462516134102,578.6770012907282,nan,0,4.586199996992946,29.35710000747349
1412,47.066666666666556,SEARCH,0,0,0,1,19.31268960801388,15.04517567145199,18.80656445710239,8.30018022674593,18.82360210937844,8.27110480425042,6.791703961097722,543.3363168878178,nan,0,4.534699997748248,39.994999999180436
1413,47.09999999999989,SEARCH,0,0,0,1,19.168740809221713,14.961172569699317,18.90013948409279,8.686799245935003,18.939939790577228,8.66221039084745,6.30311624807436,504.2492998459488,nan,0,3.298800002085045,26.23850000964012
1414,47.13333333333322,SEARCH,0,0,0,1,19.023445603982214,14.879520373695843,18.98229128948104,9.075966641067485,18.98235459229197,9.087474678707673,5.792191450916719,463.37531607333744,nan,0,3.0473999941023067,29.768700012937188
1415,47.16666666666655,SEARCH,0,0,0,1,18.876350466329136,14.8011571281237,19.0530722816778,9.467341439487887,19.041134975012035,9.483606546729877,5.320103205764306,425.6082564611445,nan,0,4.564999995636754,34.311900002649054
1416,47.19999999999988,SEARCH,0,0,0,1,18.72806071777107,14.725078693266227,19.112523889239615,9.86058842774554,19.131616359395384,9.868515068002964,4.873301488941256,389.86411911530047,nan,0,5.335699999704957,28.976300003705546
1417,47.23333333333321,SEARCH,0,0,0,1,18.579049020533944,14.650424210049952,19.160680488066703,10.255377195315246,19.184707406727053,10.229620577583498,4.462098927365308,356.96791418922464,nan,0,12.75970001006499,44.442200000048615
1418,47.266666666666545,SEARCH,0,0,0,1,18.429369991760517,14.577116869877077,19.197572529417744,10.651381416209901,19.191212936623764,10.633019841074336,4.017002121638537,321.36016973108303,nan,0,5.037900002207607,52.13940000976436
1419,47.299999999999876,SEARCH,0,0,0,1,18.279243008284382,14.504731328433122,19.223229027397206,11.048278320239042,19.198708178554316,11.072018557675085,3.553721030956825,284.297682476546,nan,0,4.522399991401471,31.565400000545196
1420,47.33333333333321,SEARCH,0,0,1,1,18.12899242785188,14.432602687398688,19.237679532866704,11.445748315289979,19.245469368876428,11.453839546465058,3.1811241110060946,254.48992888048755,nan,0,4.602600005455315,28.326999992714263
1421,47.36666666666654,SEARCH,0,0,1,1,17.978500652026145,14.360978646835521,19.24095569536909,11.843474729707372,19.276034421153525,11.843630319596148,2.8320728243957247,226.56582595165798,nan,0,12.060299995937385,31.113999997614883
1422,47.39999999999987,SEARCH,0,0,1,1,17.82770468371867,14.289997285056607,19.233092494364225,12.241143650007325,19.23503786590821,12.233869088222391,2.491635978129321,199.33087825034568,nan,0,3.5296999994898215,40.83310000714846
1423,47.4333333333332,SEARCH,0,0,1,0,17.67670236769919,14.219455961461636,19.214129204843815,12.638443834091387,19.208197401640493,12.661704252170212,2.184506220359015,174.7604976287212,nan,0,5.251900001894683,31.756399999721907
1424,47.466666666666534,SEARCH,0,0,1,0,17.525709848329207,14.148893670738591,19.184110149408077,13.035066684069939,19.170243440144173,13.071829449832945,1.9658479266115472,157.26783412892377,nan,0,4.102400009287521,35.29349999735132
1425,47.499999999999865,SEARCH,0,0,1,0,17.375095544852556,14.07752764684752,19.143085278499292,13.43070626596111,19.158395999569713,13.428202263590824,1.897836653965739,151.82693231725912,nan,0,4.2969999922206625,28.6408000101801
1426,47.533333333333196,ACQUIRING,0,0,1,0,17.225394977737405,14.004264300055416,19.091110612177708,13.825059366057216,19.10797701573971,13.810958931848637,1.8924804081380788,151.3984326510463,470.3591941642608,1,4.615099998773076,27.04680000897497
1427,47.56666666666653,ACQUIRING,0,0,1,0,17.076783948526128,13.928815378429311,19.128024834745013,14.130523577264434,19.09179997743615,14.133528164140381,2.0253880915513207,162.03104732410566,482.83731450815355,0,5.6647000019438565,32.30690000054892
1428,47.59999999999986,ACQUIRING,0,0,1,0,16.929036118014654,13.851689790218067,19.253827946201206,14.347098899582763,19.232972679106453,14.374729799069367,2.362561010512675,189.00488084101403,514.921811329297,1,5.317100003594533,27.409000002080575
1429,47.63333333333319,ACQUIRING,0,0,1,0,16.781740939905664,13.773703199809084,19.468519946546287,14.65256311078998,19.484734760785592,14.646664475728993,2.840464219977219,227.23713759817753,546.2018974645847,1,19.302299988339655,54.06750000838656
1430,47.66666666666652,ACQUIRING,0,0,1,0,16.634774939729205,13.69509803095925,19.772100835780257,15.046916210886087,19.790643490101342,15.063579715247359,3.439803544893219,275.18428359145753,574.5633034774083,0,7.018299991614185,34.16760000982322
1431,47.699999999999854,ACQUIRING,0,0,1,0,16.48832754199849,13.615530842522812,20.164570613903116,15.430177648162244,20.141105170304318,15.432049290470056,4.079524932340065,326.3619945872052,603.6932581782752,0,4.531400001724251,37.87840000586584
1432,47.733333333333185,ACQUIRING,0,0,0,0,16.34227671029816,13.535238051206155,20.645929280914867,15.796532191145028,20.61251423445387,15.817399146663574,4.841816578344007,387.34532626752053,633.4945335571535,0,5.692599996109493,23.191200001747347
1433,47.76666666666652,ACQUIRING,0,0,0,0,16.19671262607522,13.454066164680617,21.216176836815507,16.149038573973517,21.219535491986637,16.171529022687352,5.710810268864542,456.86482150916333,663.878992893746,1,6.191499996930361,32.525600006920286
1434,47.79999999999985,SEARCH,0,0,0,0,16.052002205731643,13.371381994359071,21.78112418307832,16.48980973690529,21.80311020349267,16.496313419430226,6.545260851433507,523.6208681146805,nan,0,4.140899996855296,25.669900001958013
1435,47.83333333333318,SEARCH,0,0,0,0,15.908034511725976,13.287411280056594,22.257182640452243,16.741692010948174,22.237347908426546,16.725799288111087,7.20296606736324,576.2372853890593,nan,0,4.465999998501502,29.511100001400337
1436,47.86666666666651,SEARCH,0,0,0,0,15.764556494488174,13.202606584742675,22.644352208937278,16.90468539610217,22.601584149588913,16.910239346535757,7.777627392266469,622.2101913813175,nan,0,5.712600002880208,26.512900003581308
1437,47.89999999999984,SEARCH,0,0,0,0,15.62109889126777,13.117767361172234,22.94263288853342,16.978789892367278,22.91539021786108,16.984966770663743,8.256023088024032,660.4818470419225,nan,0,7.099900001776405,27.58989999711048
1438,47.933333333333174,SEARCH,0,0,0,0,15.47755948483611,13.03306661395579,23.152024679240675,16.96874682372446,23.168299784990886,16.953287360057455,8.632242875556194,690.5794300444954,nan,0,7.42280000122264,40.19400000106543
1439,47.966666666666505,SEARCH,0,0,0,0,15.333809115960063,12.948724398987375,23.27252758105904,17.035200822656464,23.27371684552925,17.009167895765863,8.917922187628868,713.4337750103093,nan,0,6.253999992622994,29.464300008839928
1440,47.99999999999984,SEARCH,0,0,0,0,15.189819611159862,12.864791090431293,23.30414159398852,17.162016345592352,23.269409034813805,17.146326615061277,9.143922118188081,731.5137694550465,nan,0,4.810900005395524,28.462000002036802
1441,48.03333333333317,SEARCH,0,0,0,0,15.04604727351798,12.780486329552879,23.246866718029107,17.336231678326236,23.259084973193307,17.35581890080183,9.401470969684462,752.1176775747571,nan,0,4.031400007079355,25.9784999943804
1442,48.0666666666665,SEARCH,0,0,0,0,14.90241243679239,12.69594751328135,23.100702953180807,17.547425051996576,23.107706959057257,17.544860070404287,9.530939679996633,762.4751743997306,nan,0,4.642900006729178,24.330499989446253
1443,48.09999999999983,SEARCH,0,0,0,0,14.758287560614736,12.61224686905113,22.86565029944362,17.78720756820546,22.880768670398076,17.734986480077502,9.602976647954833,768.2381318363865,nan,0,7.147399999666959,45.56830000365153
1444,48.13333333333316,SEARCH,0,0,0,0,14.613356701985424,12.529949700237447,22.541708756817542,18.048817570461626,22.525048605506814,18.03601688028154,9.639068656639221,771.1254925311376,nan,0,4.759400006150827,65.89319999329746
1445,48.166666666666494,SEARCH,0,0,0,0,14.467334248811717,12.449605310595665,22.128878325302576,18.32679617168392,22.10188078859607,18.341556637924597,9.643722896876827,771.4978317501462,nan,0,5.045400001108646,30.102299991995096
1446,48.199999999999825,SEARCH,0,0,0,0,14.320151699132616,12.371406366563557,21.627159004898722,18.616727705544672,21.633687396382392,18.62307239902629,9.621389326723824,769.711146137906,nan,0,5.765399997471832,34.58659999887459
1447,48.23333333333316,SEARCH,0,0,0,0,14.171811053496052,12.295427220543711,21.03655079560598,18.89338216443574,21.052680944066672,18.87861422385352,9.522852596334175,761.828207706734,nan,0,5.053100001532584,29.87559999746736
1448,48.26666666666649,SEARCH,0,0,0,0,14.0225205411407,12.221331871847221,20.357053697424348,19.11470573154859,20.35140850886174,19.10574489509315,9.351468632391509,748.1174905913207,nan,0,5.880099997739308,28.50390000094194
1449,48.29999999999982,SEARCH,0,0,0,0,13.87218444336473,12.149381642637916,19.588667710353825,19.291764585238873,19.555523582684636,19.283103168355545,9.120873125913581,729.6698500730865,nan,0,5.488499999046326,33.414100005757064
1450,48.33333333333315,SEARCH,0,0,0,0,13.720376934473585,12.080590233130316,18.868144842442298,19.4334116681911,18.856533677350864,19.435719510669692,8.970954953443956,717.6763962755165,nan,0,10.279000009177253,36.28329999628477
1451,48.36666666666648,SEARCH,0,0,0,0,13.566824185188699,12.015787988070203,18.23651086341966,19.54672933455288,18.257160438334896,19.51964158141314,8.849128370517812,707.930269641425,nan,0,4.76860000344459,28.753899998264387
1452,48.399999999999814,SEARCH,0,0,0,0,13.410936709089693,11.956822976637492,17.515987995508134,19.57115811202577,17.51042097277463,19.57362879008477,8.649942313562828,691.9953850850263,nan,0,5.000899996957742,25.687600005767308
1453,48.433333333333145,SEARCH,0,0,0,0,13.253195445484819,11.903013390743197,16.70657623870772,19.506698000609774,16.699137501114723,19.510166088812998,8.351244746893094,668.0995797514474,nan,0,4.5115000102669,24.45070000248961
1454,48.46666666666648,SEARCH,0,0,0,0,13.094174889214237,11.853111081566443,15.873242905374385,19.35334900030489,15.882267925301177,19.368199251181043,8.015610580296288,641.2488464237031,nan,0,4.522699993685819,27.31470001162961
1455,48.49999999999981,SEARCH,0,0,0,0,12.933818199207513,11.807685210657178,15.03990957204105,19.111111111111114,15.06638062820306,19.121856236096907,7.618721697433595,609.4977357946875,nan,0,9.5963999920059,37.84800000721589
1456,48.53333333333314,SEARCH,0,0,0,0,12.772331519740131,11.76645621439997,14.206576238707717,18.77998433302845,14.22683340619975,18.755974244241134,7.139253324206202,571.1402659364961,nan,0,4.538699999102391,50.65730000205804
1457,48.56666666666647,SEARCH,0,0,0,0,12.6098364790891,11.729400316872077,13.373242905374383,18.359968666056897,13.343815083764554,18.3225547224152,6.633883448437577,530.7106758750061,nan,0,5.969499994534999,31.47319999698084
1458,48.5999999999998,SEARCH,0,0,0,0,12.446246693138653,11.697523056788052,12.539909572041049,17.851064110196454,12.520854025946248,17.845885767731257,6.148815355775903,491.9052284620722,nan,0,3.9496999961556867,30.505900009302422
1459,48.633333333333134,SEARCH,0,0,0,0,12.281612747476137,11.671572301242799,11.706576238707715,17.253270665447122,11.707757918979816,17.252908494834898,5.6107595804926165,448.86076643940936,nan,0,4.704100007074885,44.66420000244398
1460,48.666666666666465,SEARCH,0,0,0,0,12.116034590935707,11.65255515491507,10.873242905374381,16.5665883318089,10.903426121370948,16.55217068617282,5.047440109065419,403.7952087252335,nan,0,6.3926000002538785,34.64189999795053
1461,48.6999999999998,SEARCH,0,0,0,0,11.949840544139246,11.640012563986827,10.039909572041047,15.791017109281793,10.028416715405386,15.781704433112804,4.565685169655318,365.2548135724254,nan,0,6.478399998741224,35.13869999733288
1462,48.73333333333313,SEARCH,0,0,0,0,11.783279367371692,11.634083637306075,9.206576238707713,15.079059974452543,9.174865714263513,15.092663113260796,4.33192725899413,346.5541807195304,nan,0,4.990600005839951,38.68450000300072
1463,48.76666666666646,ACQUIRING,0,0,1,0,11.616625240359381,11.636128075503311,8.37324290537438,14.455991728512181,8.382056061234318,14.459035546066849,4.293162512869646,343.45300102957174,559.3499849537761,41,18.076300009852275,27.270099992165342
1464,48.79999999999979,ACQUIRING,0,0,1,0,11.45027881211819,11.646454913798555,7.628798460929935,13.921812371460708,7.653680909897109,13.897236884763194,4.413635135800078,353.09081086400624,546.0639319061584,0,4.86559999990277,30.278799997176975
1465,48.83333333333312,ACQUIRING,0,0,0,0,11.284698307533194,11.665451605067194,6.973242905374379,13.476521903298126,6.967009830212628,13.464729920911907,4.677588721238302,374.20709769906415,532.8595531054676,0,5.5588999966857955,36.691800007247366
1466,48.866666666666454,ACQUIRING,0,0,0,0,11.120384399414021,11.693357113060806,6.4065762387077125,13.120120324024432,6.367229853739138,13.136772695984826,4.9674869582211985,397.39895665769586,519.7851112847134,0,8.771100008743815,50.74939999030903
1467,48.899999999999785,ACQUIRING,0,0,0,0,10.957662136608793,11.729402126104551,5.928798460929935,12.852607633639627,5.919880510389008,12.870306439190609,5.165356363804537,413.2285091043629,506.87582889963113,0,6.465899990871549,62.01660000078846
1468,48.93333333333312,SEARCH,0,0,0,0,10.796452037189939,11.771699662949397,5.539909572041046,12.632728038629477,5.572428315374643,12.618714052779934,5.292245007808022,423.37960062464174,nan,0,4.257499997038394,35.07700000773184
1469,48.96666666666645,SEARCH,0,0,0,0,10.63705013120009,11.820370086664228,5.2399095720410465,12.501737332508215,5.236582999518957,12.502044982596288,5.443319382886901,435.465550630952,nan,0,3.8995000068098307,43.661399991833605
1470,48.99999999999978,SEARCH,0,0,0,0,10.479576238603626,11.87495718155208,4.996079609093203,12.459635515275842,4.97032769801939,12.462892641335674,5.540531345169024,443.2425076135219,nan,0,4.534599996986799,29.826400001184084
1471,49.03333333333311,SEARCH,0,0,0,0,10.324074796619835,11.93493283760301,4.7406100309151675,12.418324607863298,4.726380030889751,12.438664849898634,5.620314282181502,449.62514257452017,nan,0,4.793100000824779,40.965599997434765
1472,49.06666666666644,SEARCH,0,0,0,0,10.170573494562367,11.999856855072974,4.476543426771459,12.356105545059714,4.51073988705584,12.346899190991351,5.670463371505016,453.63706972040126,nan,0,5.569500004639849,30.958399991504848
1473,49.099999999999774,SEARCH,0,0,0,0,10.019252440218295,12.069711821181164,4.2090227389683115,12.264055607879842,4.244225068799041,12.251020819569229,5.777872800048307,462.22982400386456,nan,0,4.52029998996295,32.610800000838935
1474,49.133333333333105,SEARCH,0,0,0,0,9.870345979895445,12.144575990527368,3.9449164280753117,12.13546356587687,3.947269785194004,12.134185003021722,5.9230853092674804,473.8468247413984,nan,0,10.178800002904609,33.95050000108313
1475,49.16666666666644,SEARCH,0,0,0,0,9.722908941739425,12.222294055078395,3.692409217095221,11.965946948311023,3.662375521670811,12.00971431628681,6.064260505709931,485.14084045679454,nan,0,5.23300000349991,61.227399986819364
1476,49.19999999999977,SEARCH,0,0,0,0,9.57669852286267,12.302295874993082,3.4605641093461497,11.75353339858465,3.4727170846845334,11.773138329495723,6.126874986939103,490.14999895512824,nan,0,3.3562999888090417,32.145800010766834
1477,49.2333333333331,SEARCH,0,0,0,0,9.43209987018954,12.38517535027432,3.2589346400387966,11.499389990509338,3.274478831188091,11.486469745508758,6.222858557286219,497.82868458289755,nan,0,4.737899987958372,33.48610000102781
1478,49.26666666666643,SEARCH,0,0,0,0,9.289269266703137,12.471065957941791,3.0963552423701195,11.210868015322633,3.096090970670264,11.214489961702224,6.319370272485867,505.54962179886934,nan,0,5.191699994611554,36.561600005370565
1479,49.29999999999976,SEARCH,0,0,0,0,9.148331444345198,12.560028354530349,2.9789823285930233,10.89622629964839,2.9658303296857405,10.914794203448526,6.397664843101063,511.8131874480851,nan,0,3.9496999961556867,29.21010000864044
1480,49.333333333333094,SEARCH,0,0,0,0,9.009398504056971,12.652090376453867,2.9106334599079764,10.564059776726673,2.9247034687573823,10.589626214390188,6.424739068039767,513.9791254431814,nan,0,9.97569999890402,34.101199998985976
1481,49.366666666666426,SEARCH,0,0,0,0,8.87272274443848,12.747471268201041,2.8931246430363338,10.222886091674534,2.919393877290213,10.214170729308709,6.469910062804045,517.5928050243236,nan,0,3.6549000069499016,43.32399999839254
1482,49.39999999999976,SEARCH,0,0,0,0,8.738428959968754,12.846177687600067,2.9265905467290128,9.880852705502424,2.9329606265087707,9.873832110459725,6.522139280999172,521.7711424799337,nan,0,5.1438999944366515,29.375500002061017
1483,49.43333333333309,SEARCH,0,0,0,0,8.605051892055032,12.946119348245247,3.009779673932972,9.54553594540817,2.977874103188348,9.535183629603338,6.580244094577475,526.419527566198,nan,0,3.3786999993026257,31.463999999687076
1484,49.46666666666642,SEARCH,0,0,0,0,8.472386685318796,13.047004038359306,3.140320934369572,9.223810084960958,3.131409823517664,9.250161566070178,6.553018128898598,524.2414503118879,nan,0,6.264099996769801,32.484200011822395
1485,49.49999999999975,SEARCH,0,0,0,0,8.340625422543752,13.14906650653299,3.3149607367645313,8.921769536662712,3.3309380883975024,8.909994317538116,6.562522396869602,525.0017917495682,nan,0,12.244300000020303,42.63120000541676
1486,49.53333333333308,SEARCH,0,0,0,0,8.209092563156917,13.251423160832065,3.5297713110385813,8.644691054435235,3.538586010953157,8.621579297318105,6.576403702229367,526.1122961783494,nan,0,4.037699996843003,42.17440000502393
1487,49.566666666666414,SEARCH,0,0,0,0,8.077631632087217,13.353872179275706,3.780331877356006,8.39702578124647,3.7397586168141577,8.390067601233381,6.592154290186792,527.3723432149434,nan,0,3.5839000047417358,32.30930000427179
1488,49.599999999999746,SEARCH,0,0,0,0,7.9452761169940676,13.455162827423523,4.0618847515905685,8.182413253148052,4.056348184830309,8.213055542299168,6.527131778225205,522.1705422580164,nan,0,3.799099999014288,27.664100009133108
1489,49.63333333333308,SEARCH,0,0,0,0,7.81155324945461,13.55464132999972,4.369468675686736,8.003711242039904,4.395793321912201,8.007348972723626,6.51458888800347,521.1671110402775,nan,0,6.613300007302314,28.558199992403388
1490,49.66666666666641,SEARCH,0,0,0,0,7.676448227212754,13.652234417576686,4.698031690185726,7.863036701642281,4.7256650699030756,7.8435177677958485,6.515236784561525,521.218942764922,nan,0,4.077899997355416,56.302400000276975
1491,49.69999999999974,SEARCH,0,0,0,0,7.540201956094493,13.748227809975054,5.042525792305497,7.761814161953414,5.029466822074806,7.764454095902678,6.489170884976321,519.1336707981058,nan,0,4.464800003916025,34.05870001006406
1492,49.73333333333307,SEARCH,0,0,0,0,7.40286022391948,13.842647227368643,5.397985490372848,7.70082876361978,5.36366854816484,7.730230850353786,6.443596562205492,515.4877249764394,nan,0,2.5757000112207606,29.337599989958107
1493,49.7666666666664,SEARCH,0,0,0,0,7.264616292067895,13.935740691607505,5.759592202623638,7.680281786454849,5.779917461315172,7.701976924513784,6.408130875845858,512.6504700676686,nan,0,6.031999990227632,38.22560000116937
1494,49.799999999999734,SEARCH,0,0,0,0,7.125335465440632,14.027275543504494,6.122726273705035,7.699847045526805,6.169452442663757,7.708062146292447,6.391100868609201,511.288069488736,nan,0,6.593500002054498,79.13889999326784
1495,49.833333333333066,SEARCH,0,0,0,0,6.985306886448715,14.117662350303286,6.483008207120872,7.7587269346921115,6.499713254034668,7.74456913795401,6.391566182801636,511.3252946241309,nan,0,6.681099999696016,51.82159999094438
1496,49.8666666666664,SEARCH,0,0,0,0,6.844574176895162,14.20694886798369,6.836330543322855,7.855707215304884,6.801570096444702,7.867658909738216,6.339435820768856,507.1548656615085,nan,0,14.026999997440726,48.527099992497824
1497,49.89999999999973,SEARCH,0,0,0,0,6.703304667862898,14.295383610000393,7.178881655134312,7.989209895976218,7.178995894871084,7.996763042295337,6.316557860050814,505.3246288040651,nan,0,9.1480999981286,46.1148000031244
1498,49.93333333333306,SEARCH,0,0,0,0,6.561459858896476,14.382892626376176,7.507162586699019,8.157343742523741,7.5338825581305935,8.14094232640951,6.317242234807821,505.3793787846257,nan,0,5.273300004773773,38.11209999548737
1499,49.96666666666639,SEARCH,0,0,0,0,6.418538491802416,14.46863211906037,7.817997929901913,8.357952107302195,7.8024194922861145,8.344292562276886,6.2787468200495775,502.2997456039662,nan,0,5.846300002303906,40.06529999605846
1500,49.99999999999972,SEARCH,0,0,0,0,6.275255943201933,14.553766654029017,8.108541613134912,8.588657883124329,8.096275794459968,8.595305790811057,6.230519172362441,498.44153378899523,nan,0,6.4504000038141385,37.982599998940714
1501,50.033333333333054,SEARCH,0,0,0,0,6.132039467627626,14.63901229263799,8.376278370816973,8.846905476206965,8.355107024766896,8.85998715435276,6.191862475260394,495.3489980208315,nan,0,4.572299993014894,33.32520001276862
1502,50.066666666666386,SEARCH,0,0,0,0,5.988911347626218,14.724406197822377,8.619021567385195,9.129999760720944,8.62119530505592,9.12862251549119,6.183988506779889,494.7190805423911,nan,0,7.647800011909567,42.478099989239126
1503,50.09999999999972,SEARCH,0,0,0,0,5.8457346521360956,14.809718633295212,8.834907965581216,9.4351420290941,8.835093562297827,9.423241600165506,6.160389721616412,492.83117772931297,nan,0,5.777400001534261,61.853099992731586
1504,50.13333333333305,SEARCH,0,0,0,0,5.7017232667837305,14.893614394014515,9.022389954747988,9.759462990773493,9.003550139300327,9.753619689313663,6.10914120481967,488.7312963855736,nan,0,3.9862999983597547,39.66730000684038
1505,50.16666666666638,SEARCH,0,0,0,0,5.556268482073707,14.974981975905209,9.180225689523748,10.100052900508944,9.148456238909601,10.12828233948703,6.032769699401578,482.62157595212625,nan,0,5.388999998103827,34.38549999555107
1506,50.19999999999971,SEARCH,0,0,0,0,5.409704536913455,15.05433427742722,9.307467531817867,10.45398891759567,9.295981222655604,10.464777714831278,6.01391519057348,481.1132152458784,nan,0,3.931999992346391,30.76199999486562
1507,50.23333333333304,SEARCH,0,0,0,0,5.26224453736475,15.132008766874359,9.403449138390215,10.818359811663772,9.4163135728377,10.803809672865842,5.999133016432566,479.93064131460534,nan,0,10.038299995358102,33.116699996753596
1508,50.266666666666374,SEARCH,0,0,0,0,5.114337298971166,15.208828208479732,9.467771491921038,11.190288139911837,9.456943318116265,11.189990281798647,5.916864483697895,473.34915869583165,nan,0,4.710499997599982,52.61709999467712
1509,50.299999999999706,SEARCH,0,0,0,0,4.966084392375789,15.284978411787407,9.500288134420526,11.566950026244209,9.486194240236722,11.584033831279312,5.841950344253332,467.35602754026655,nan,0,5.019199990783818,37.93940000468865
1510,50.33333333333304,ACQUIRING,0,0,0,0,4.817929020527899,15.36131820200451,9.501089827532315,11.945592675448806,9.507261215220304,11.953007629382286,5.797104224664856,463.7683379731884,515.8334060960831,3,5.711200006771833,31.401600004755892
1511,50.36666666666637,ACQUIRING,0,0,0,0,4.670080778228075,15.438251127508682,9.413002631755216,12.235346435764514,9.44262846772029,12.216019665026137,5.758470894802707,460.6776715842165,523.5122797502564,0,3.8491000013891608,29.38180000637658
1512,50.3999999999997,ACQUIRING,0,0,0,0,4.522160481606686,15.515045421731742,9.236026547089228,12.436211307191334,9.222571495387706,12.43701439388203,5.618553079475131,449.48424635801047,531.4047835224411,0,14.728099995409139,50.31089999829419
1513,50.43333333333303,ACQUIRING,0,0,0,0,4.374870254969302,15.593041363388254,8.97016157353435,12.548187289729265,8.944099498923997,12.556407476381253,5.4862556673500045,438.90045338800036,539.5966424478302,0,4.814999992959201,38.0592000001343
1514,50.46666666666636,ACQUIRING,0,0,0,0,4.227696643971116,15.671257129085028,8.615407711090583,12.571274383378308,8.618730573295089,12.576108011820088,5.372255301694091,429.78042413552726,548.0058352908617,0,4.571099998429418,32.107300008647144
1515,50.499999999999694,SEARCH,0,0,0,0,4.0801398398819755,15.74874756297707,8.171764959757928,12.50547258813846,8.210185583401126,12.507317192631286,5.250157015686355,420.0125612549084,nan,0,10.664000001270324,32.8326000017114
1516,50.533333333333026,SEARCH,0,0,0,0,3.93221934973983,15.825541484441501,7.817011097314162,12.528559681787502,7.822359854703242,12.519076287546408,5.105477964562721,408.43823716501765,nan,0,4.845899995416403,35.959100001491606
1517,50.56666666666636,SEARCH,0,0,0,0,3.7840620306127977,15.901877495385673,7.551146123759285,12.640535664325434,7.519608970568143,12.64653369925524,4.954954507522207,396.3963606017766,nan,0,7.730400000582449,31.3012999977218
1518,50.59999999999969,SEARCH,0,0,0,0,3.6359159188139425,15.978235254236093,7.374170039093296,12.841400535752253,7.344593984454582,12.843228321997143,4.856187955562497,388.49503644499976,nan,0,10.328599993954413,54.19330000586342
1519,50.63333333333302,SEARCH,0,0,1,0,3.4876568487632356,16.054373457035197,7.286082843316197,13.131154296067962,7.304284236540558,13.126311639253828,4.810425202191703,384.8340161753362,nan,0,3.5213999944971874,36.48340000654571
1520,50.66666666666635,SEARCH,0,0,1,1,3.332537319599752,16.115330076445044,7.286884536427986,13.509796945272559,7.297551500687959,13.488587849827944,4.756165701626043,380.4932561300834,nan,0,4.276699997717515,43.43350000272039
1521,50.69999999999968,SEARCH,0,0,0,1,3.172107234383194,16.16049605407407,7.376575118428664,13.902017805797586,7.3715975892741445,13.885319244248985,4.776206523674198,382.0965218939359,nan,0,4.621000000042841,31.86940000159666
1522,50.733333333333015,SEARCH,0,0,0,1,3.0079695574939107,16.189420106403695,7.473372885905655,14.26923156004353,7.457198686685848,14.280307986519736,4.841523410078471,387.32187280627767,nan,0,5.192899989197031,27.035200007958338
1523,50.766666666666346,ACQUIRING,0,0,0,1,2.8417642983426767,16.201813233864062,7.486051897741654,14.61180881876764,7.488377477994155,14.633337404929595,4.904195190575359,392.33561524602874,411.4473555172284,1,12.703999993391335,32.517600004212
1524,50.79999999999968,ACQUIRING,0,0,0,1,2.6751521249387773,16.19755160842221,7.409842020688764,14.865497188602863,7.445927238692245,14.862694153154147,4.95400238311349,396.32019064907917,417.6998693013131,1,6.3018000073498115,36.60239999589976
1525,50.83333333333301,ACQUIRING,0,0,0,1,2.5097977710442017,16.176677810830846,7.244743254746985,15.030296669549196,7.247835319491632,15.028514451412752,4.87516962888554,390.0135703108432,423.0975275271559,0,7.137499997043051,31.26190000330098
1526,50.86666666666634,ACQUIRING,0,0,0,1,2.3473534027041825,16.139400405175543,6.990755599916318,15.106207261606642,6.969885074692375,15.12936430665813,4.731592964197388,378.52743713579105,427.6196812062254,0,4.639200007659383,32.5373999949079
1527,50.89999999999967,ACQUIRING,0,0,0,1,2.189442110350204,16.08609185497134,6.718067040527559,15.093228964775198,6.712249858925594,15.115672224012703,4.625743636511158,370.0594909208927,431.24930607365656,0,7.4034999997820705,31.517700001131743
1528,50.933333333333,SEARCH,0,0,0,1,2.037641691416934,16.01728480163041,6.490976472296617,14.991361779054865,6.500767085439976,14.972549164058005,4.583771464109784,366.70171712878266,nan,0,5.0171000038972124,34.90189999865834
1529,50.966666666666335,SEARCH,0,0,0,1,1.8934688855118067,15.93366674248515,6.3527747929545635,14.978383482223421,6.362958997680679,14.969288745347665,4.572348060257249,365.78784482057995,nan,0,11.502500012284145,31.635499995900318
1530,50.999999999999666,SEARCH,0,0,0,1,1.7581545974642128,15.836364012677858,6.303462002501399,15.054294074280866,6.272828244876473,15.048245671392669,4.582947595435589,366.6358076348471,nan,0,16.129600000567734,41.962100003729574
1531,51.033333333333,SEARCH,0,0,0,1,1.6319475308301499,15.72750835545508,6.3372973679561335,15.2190935552272,6.316235183289444,15.231636057818756,4.710460714892518,376.8368571914014,nan,0,7.248499998240732,31.71880000445526
1532,51.06666666666633,SEARCH,0,0,0,1,1.5168494986347838,15.606966990096412,6.2885436731423985,15.472781925062423,6.310631111975167,15.474258545188176,4.795618175767363,383.649454061389,nan,0,12.468800006899983,46.26799999095965
1533,51.09999999999966,SEARCH,0,0,0,1,1.4124729623398964,15.477031173445036,6.171932620954347,15.74300339279669,6.191839416200757,15.751254404205513,4.787226971909652,382.9781577527722,nan,0,9.838999991188757,43.93190001428593
1534,51.13333333333299,SEARCH,0,0,0,1,1.3189605525914436,15.33907028405672,5.999639397853267,15.97689551310197,5.993602427032091,15.974283196993056,4.717602367626487,377.4081894101189,nan,0,12.325600007898174,47.26589999336284
1535,51.16666666666632,SEARCH,0,0,0,1,1.2369325335254455,15.193986922274998,5.781789826521286,16.176265805715165,5.796587475504638,16.20147460764463,4.669634313957221,373.57074511657777,nan,0,8.567700002458878,36.81809999397956
1536,51.199999999999655,SEARCH,0,0,0,1,1.1678994841386485,15.042289144209075,5.5268644943886835,16.342554247974512,5.550011419394373,16.351031735306034,4.573369893509802,365.86959148078415,nan,0,9.564100007992238,42.52200000337325
1537,51.233333333332986,SEARCH,0,0,0,1,1.1117349251279003,14.885370948677435,5.242020586341637,16.476931759163158,5.2763537661020425,16.464924149742124,4.454103546797102,356.3282837437681,nan,0,11.46320000407286,40.8912999992026
1538,51.26666666666632,SEARCH,0,0,1,1,1.0692115178844193,14.724220281244182,4.9333480012554665,16.58037782643321,4.930459422647346,16.59223550530962,4.289372478507357,343.1497982805885,nan,0,12.113100005080923,36.93550000025425
1539,51.29999999999965,SEARCH,0,0,1,1,1.0417780564483983,14.559826902510682,4.606073012823127,16.653741408555504,4.56192946725985,16.67410490647023,4.106292419332191,328.50339354657535,nan,0,11.260800005402416,47.78449999867007
1540,51.33333333333298,SEARCH,0,0,1,1,1.0284388123445747,14.393694899740245,4.264720079602593,16.697788434265156,4.261172661671225,16.69716043842066,3.9694485295152213,317.55588236121775,nan,0,10.86320000467822,40.41040000447538
1541,51.36666666666631,SEARCH,0,0,1,1,1.0299135996606745,14.227034758194193,3.9132402846001257,16.713238555814655,3.91308779672146,16.68902028037999,3.791314569123692,303.30516552989536,nan,0,9.74149999092333,45.736600004602224
1542,51.39999999999964,SEARCH,0,0,1,1,1.0451125528271616,14.06106256293119,3.5551131848837243,16.70079329287166,3.5644552267425516,16.684097614868442,3.6369493249566474,290.9559459965318,nan,0,8.29410000005737,39.54310000699479
1543,51.433333333332975,SEARCH,0,0,1,1,1.0729579490518244,13.896738457314061,3.193427491754845,16.661157280999987,3.183994381799619,16.68386544491383,3.4963626335658464,279.7090106852677,nan,0,9.607300002244301,37.6477999961935
1544,51.466666666666306,SEARCH,0,0,1,1,1.1137313284121306,13.735136138910772,2.830944913951659,16.595054001751958,2.8179850304634804,16.62914869934795,3.358539769144306,268.6831815315445,nan,0,8.242000010795891,38.875699989148416
1545,51.49999999999964,SEARCH,0,0,1,1,1.1670965971639795,13.577244005259912,2.4701506258550356,16.50323710116706,2.475094932422088,16.503690907795768,3.2054564602252342,256.43651681801873,nan,0,7.743099995423108,32.94020000612363
1546,51.53333333333297,SEARCH,0,0,1,1,1.2321438137382605,13.423794869082101,2.1132931262297747,16.38649818684566,2.1019366060226714,16.38164556423971,3.0830861545461667,246.64689236369335,nan,0,15.865499997744337,36.55350000190083
1547,51.5666666666663,SEARCH,0,0,1,1,1.3078969677272578,13.275338688885732,1.7624156958646173,16.24567182004989,1.7471000451824044,16.24060023185703,2.997611609510244,239.8089287608195,nan,0,10.47350000590086,43.59719999774825
1548,51.59999999999963,SEARCH,0,0,1,1,1.3923745723894494,13.131667842544813,1.419381216738405,16.081638279918028,1.4211950889124363,16.08848840823819,2.956961021028171,236.5568816822537,nan,0,16.196700002183206,38.57019999122713
1549,51.63333333333296,SEARCH,0,0,1,1,1.4838513149184043,12.992348844005242,1.085891758764894,15.895324565015637,1.0958846353216654,15.88565577362719,2.919202482438603,233.53619859508825,nan,0,10.73039999755565,44.37210000469349
1550,51.666666666666295,SEARCH,0,0,1,1,1.582016431674749,12.857658875447852,0.7635040549366021,15.687704007606644,0.7937100797849403,15.662228574040853,2.9132521515817773,233.0601721265422,nan,0,9.425000011106022,44.90939999232069
1551,51.699999999999626,SEARCH,0,0,1,1,1.6867739147735643,12.728029991658092,0.45364175754202146,15.459794803826394,0.4369730393347865,15.452961652677484,2.997875045006619,239.83000360052952,nan,0,11.987899997620843,45.756299994536676
1552,51.73333333333296,SEARCH,0,0,1,1,1.7973195693620312,12.603300540326881,0.15760518566401144,15.212657704867361,0.15323210980408272,15.222573856615726,3.0925097057403836,247.4007764592307,nan,0,11.73499999276828,42.06730000441894
1553,51.76666666666629,SEARCH,0,0,1,1,1.9135805469886957,12.483880429545364,-0.12342087174625188,14.947393067539561,-0.10607964436114678,14.92937872151031,3.17166977860665,253.733582288532,nan,0,12.922299996716902,41.89730000507552
1554,51.79999999999962,SEARCH,0,0,1,1,2.0356839825029107,12.370440891405421,-0.3883608495882377,14.665137424894363,-0.36490432604038836,14.635084026517266,3.3002170771820425,264.0173661745634,nan,0,7.262899991474114,38.85830000217538
1555,51.83333333333295,SEARCH,0,0,1,1,2.163260208718379,12.263193120881287,-0.6362432427474951,14.367059707204143,-0.6401480832891228,14.345552050261231,3.4921793714620115,279.3743497169609,nan,0,7.874499991885386,48.83050000353251
1556,51.86666666666628,ACQUIRING,0,0,1,1,2.295189876542528,12.161348432627124,-0.8661963047937998,14.054357219031676,-0.8893438358862298,14.06549440993987,3.710394435705131,296.8315548564105,101.61779892264437,2,17.579199993633665,68.62059999548364
1557,51.899999999999615,ACQUIRING,0,0,1,1,2.431083730289975,12.06485678381001,-1.0072604779512158,13.65276584197032,-1.0047329045616715,13.666782143930478,3.790910287479827,303.2728229983861,93.35437349403341,14,18.082499998854473,54.422400004114024
1558,51.933333333332946,ACQUIRING,0,0,1,1,2.5705078540192154,11.97354034772038,-1.0594357622197428,13.162285576020075,-1.0279738591947802,13.162113520692431,3.789693500514835,303.1754800411868,84.8795772391185,36,27.51949999947101,41.73339999397285
1559,51.96666666666628,ACQUIRING,0,0,1,1,2.713431577715457,11.8878047834394,-1.022722157599381,12.734856858909902,-1.0284021355215012,12.723978007804186,3.834123784994596,306.72990279956764,80.02446956270552,40,28.844599990407005,51.13010000786744
1560,51.99999999999961,TRACKING,0,1,1,1,2.858819901845968,11.806318508617812,-0.8971196640901302,12.364640465942214,-0.9323435741806769,12.372575124597018,3.833218889797275,306.65751118378205,81.52667429614839,56,38.446200007456355,48.60369999369141
1561,52.03333333333294,TRACKING,0,1,1,1,3.0067812681836936,11.729603374196687,-0.6826282816919906,12.019638647096214,-0.6974774348187268,12.034102357338574,3.716752906705478,297.34023253643824,85.83057278369154,44,32.235300008323975,48.40299999341369
1562,52.06666666666627,TRACKING,0,1,1,1,3.156858339484878,11.657114406433054,-0.37924801040496214,11.715865975677332,-0.35215517611794905,11.717502297246511,3.5095330957322814,280.76264765858247,93.6010601251647,41,31.04259999236092,44.828700003563426
1563,52.0999999999996,TRACKING,0,1,1,1,3.3093689682412855,11.589896210279758,0.013021149770955254,11.445067379367824,0.04010446713955221,11.432667766428645,3.273043104164656,261.8434483331725,104.24646390429623,0,4.996900010155514,47.13969999284018
1564,52.133333333332935,TRACKING,0,1,1,0,3.464278355102794,11.528407515058854,0.36201553434551176,11.202260444092534,0.3334367949874132,11.197310312213336,3.148300213175014,251.86401705400112,117.11813191941582,0,10.411700000986457,44.57719999481924
1565,52.166666666666266,TRACKING,0,1,1,0,3.6216703473673375,11.47358472282081,0.6447346148016293,10.983113974287242,0.6339614302096568,10.994244733665084,3.025916621268229,242.0733297014583,131.7226047315459,0,10.082799999509007,44.676899997284636
1566,52.1999999999996,TRACKING,0,1,1,0,3.7811562074795644,11.425190113595805,0.8731790418737463,10.78397293468651,0.8936820495890941,10.7804323180899,2.9585840578477596,236.68672462782075,147.61355827597924,0,8.049299998674542,39.420900007826276
1567,52.23333333333293,COASTING,0,0,1,0,3.9420860855533335,11.381838618570379,1.0556294514631992,10.60174654042631,1.077842431973872,10.59146914986722,2.9712919082662235,237.70335266129788,164.39770177995038,0,14.781699996092357,37.60139999212697
1568,52.26666666666626,COASTING,0,0,1,0,4.104483567369589,11.344357480947346,1.1991979264613581,10.433821527908027,1.2036796616826777,10.435896272342491,3.0397310846172285,243.17848676937825,181.9262258589767,0,7.954000000609085,44.916400001966394
1569,52.29999999999959,COASTING,0,0,1,0,4.268463179037873,11.31455035537482,1.3098912313363027,10.277988356190795,1.2808286530995385,10.307002184118321,3.152953120168629,252.23624961349032,200.15015427586067,0,10.08219999494031,38.826799995149486
1570,52.333333333332924,COASTING,0,0,1,0,4.43366048184252,11.292468033851765,1.3927885330493324,10.132378837335008,1.3906782976963532,10.158587412199887,3.2473721433165967,259.7897714653277,218.94561598378309,0,5.9080999926663935,39.11789999983739
1571,52.366666666666255,COASTING,0,0,1,0,4.599774656875864,11.278908585825782,1.4521842928341813,9.99541340060045,1.4877240269435155,9.957728491667325,3.3808839028370787,270.47071222696627,238.25325807891025,0,10.713800002122298,38.386100000934675
1572,52.39999999999959,COASTING,0,0,1,0,4.766362979672227,11.273798939490414,1.4917095200841883,9.865756503909129,1.482786422908315,9.815388037009983,3.5928870514675704,287.43096411740567,257.98871136028373,0,9.22159999026917,37.60290000354871
1573,52.43333333333292,COASTING,0,0,1,0,4.9329938554714365,11.277252779116997,1.5144342677372307,9.742278933796248,1.4931979082990419,9.731339501388613,3.7712125398126997,301.697003185016,278.0920180188209,0,3.922700008843094,30.68709999206476
1574,52.46666666666625,COASTING,0,0,1,0,5.099279039717085,11.288522884625309,1.5229542946640884,9.624025929651275,1.5084379452391221,9.625049264978873,3.9574340486041337,316.5947238883307,298.48537559229555,0,4.575300001306459,24.33980000205338
1575,52.49999999999958,COASTING,0,0,1,0,5.26486799202478,11.30744579802197,1.5194643394719476,9.510190232452734,1.5393749495093279,9.505460035413753,4.138411663727251,331.07293309818016,319.12495356398034,0,14.369600001373328,40.76260000874754
1576,52.53333333333291,COASTING,0,0,1,0,5.42930988407264,11.334586946072445,1.5058200742255983,9.400089297210533,1.5035593045219637,9.401468960173911,4.375895652349,350.07165218791994,339.99289672645125,0,4.065799992531538,27.526999998372048
1577,52.566666666666244,COASTING,0,0,0,0,5.592001305531868,11.370770908837093,1.4835904869228485,9.293146025863601,1.4464330937107008,9.307292252870461,4.630732119491691,370.45856955933533,361.0746319562594,0,4.5221999898785725,30.116200010525063
1578,52.599999999999575,COASTING,0,0,0,0,5.752302804671608,11.416391158193377,1.4541021713885853,9.188872476756877,1.421539778068979,9.181524959926787,4.873411055589599,389.8728844471679,382.34129304182113,0,11.306600004900247,39.73109999787994
1579,52.63333333333291,COASTING,0,0,0,0,5.909843331925696,11.470785643670139,1.418476774812323,9.086856090845153,1.4143422545147617,9.080502111057536,5.091462000573299,407.31696004586394,403.7472207836871,0,8.243600008427165,39.91469999891706
1580,52.66666666666624,COASTING,0,0,0,0,6.063535419933622,11.53525672138365,1.3776626600065596,8.986748045814045,1.3897953657076805,8.967354006332537,5.332726361669309,426.6181089335447,425.2737140181272,0,6.28869999491144,32.34550000343006
1581,52.69999999999957,COASTING,0,0,0,0,6.212830635069981,11.609342593958427,1.3324616761551327,8.888253409375647,1.3368897700502778,8.88202497282551,5.5868650176741514,446.94920141393214,446.87711294244167,0,6.066200003260747,34.45890000148211
1582,52.7333333333329,SEARCH,0,0,0,0,6.35749111961626,11.692114098648227,1.2835517937421435,8.791122813783938,1.245582206123622,8.795370356450054,5.875605249487899,470.04841995903195,nan,0,3.10019998869393,35.34800000488758
1583,52.76666666666623,SEARCH,0,0,0,0,6.497621682361657,11.782342714743324,1.289700267861224,8.782014091329845,1.3046331530990722,8.777206933197293,5.999830908499093,479.9864726799275,nan,0,3.5340000031283125,31.262999997125007
1584,52.799999999999564,SEARCH,0,0,0,0,6.6332383323762345,11.879223579812756,1.3041108907923782,8.769487929923955,1.3292359891178094,8.75201803159449,6.157260380891648,492.58083047133186,nan,0,3.9283999940380454,46.70130000158679
1585,52.833333333332895,SEARCH,0,0,0,0,6.765191971984323,11.981037207446567,1.3211824273017445,8.76194530404322,1.3274825354262798,8.753325044015886,6.32351245166725,505.88099613338005,nan,0,3.1457999866688624,33.23190000082832
1586,52.86666666666623,SEARCH,0,0,0,0,6.894034674509988,12.086760127306269,1.3346218044271025,8.764982382821849,1.3283925001842656,8.789666219000171,6.468941262124918,517.5153009699935,nan,0,5.757200007792562,41.13479999068659
1587,52.89999999999956,SEARCH,0,0,0,0,7.018405621307052,12.19770896853762,1.3378585056292602,8.78156866890177,1.324143810268639,8.789878328611763,6.636107838414619,530.8886270731695,nan,0,4.769000006490387,40.07380000257399
1588,52.93333333333289,SEARCH,0,0,0,0,7.13819550527722,12.313588912773849,1.3244511443780023,8.812252697043727,1.3353212291320273,8.79074469543379,6.788503608630835,543.0802886904669,nan,0,5.50269999075681,39.89050000382122
1589,52.96666666666622,SEARCH,0,0,0,0,7.253251557856363,12.434170348089086,1.2884740392671818,8.855403739180463,1.2947221323936693,8.825066202046907,6.966326553577835,557.3061242862267,nan,0,4.069100003107451,33.52620000077877
1590,52.99999999999955,SEARCH,0,0,0,0,7.364201604405729,12.5585402196355,1.224871558610306,8.90749339889624,1.2040575149708082,8.907915916139569,7.160616803591374,572.8493442873099,nan,0,9.087900005397387,46.438699995633215
1591,53.033333333332884,SEARCH,0,0,0,0,7.471612840107161,12.685978848876672,1.1297685421046046,8.963416899249363,1.1135827747481213,8.982910816632193,7.357802604272588,588.624208341807,nan,0,12.056700012180954,40.05079998751171
1592,53.066666666666215,SEARCH,0,0,0,0,7.574597865494442,12.817020301569165,1.0007261928720996,9.016850291772116,1.0102266692724695,9.014085477490301,7.58638797307259,606.9110378458072,nan,0,7.4441000033402815,47.87439999927301
1593,53.09999999999955,SEARCH,0,0,0,0,7.674521623495008,12.950410782357046,0.8369344045150192,9.06063676743238,0.8514117262120244,9.050546118389981,7.858993133198423,628.7194506558739,nan,0,3.9267999964067712,37.145099995541386
1594,53.13333333333288,SEARCH,0,0,0,0,7.771356374044584,13.086060363498232,0.6393334723212823,9.087192760280569,0.6486725292579084,9.089097255659995,8.167517324022336,653.401385921787,nan,0,3.9348999998765066,34.48770000250079
1595,53.16666666666621,SEARCH,0,0,0,0,7.864526068426159,13.224252931412074,0.4106604524688828,9.08892262642505,0.38835128782292166,9.087231875873133,8.544479654379217,683.5583723503373,nan,0,6.135699994047172,32.74310000415426
1596,53.19999999999954,SEARCH,0,0,0,0,7.952635701271928,13.365725438909331,0.155417986519524,9.058629372897276,0.15717980737440337,9.0647879857242,8.903212654424934,712.2570123539947,nan,0,10.174500013818033,29.07499999855645
1597,53.23333333333287,SEARCH,0,0,0,0,8.034948598261359,13.510647365362802,-0.12023389693407355,8.989908210769782,-0.07915050139725774,8.974355163412158,9.296050297871618,743.6840238297294,nan,0,5.574900002102368,40.61060000094585
1598,53.266666666666204,SEARCH,0,0,0,0,8.111707270583283,13.65858615000413,-0.4086597568502989,8.87750960999441,-0.4056170959631152,8.854361028312466,9.778823721944184,782.3058977555347,nan,0,3.780900005949661,32.14999999909196
1599,53.299999999999535,SEARCH,0,0,0,0,8.18221704218797,13.80960320164411,-0.7009985703463693,8.71765902125675,-0.7133183106220699,8.72892252105628,10.244211311330496,819.5369049064396,nan,0,11.32240000879392,41.20449999754783
1600,53.33333333333287,SEARCH,0,0,0,0,8.247328530304431,13.963025077180285,-0.9874729853693778,8.508321469368623,-0.9790359238049426,8.504996371738818,10.719882386923656,857.5905909538925,nan,0,4.788899997947738,45.66260000865441
1601,53.3666666666662,ACQUIRING,0,0,0,0,8.309052684235706,14.117840795372096,-1.2577473004622142,8.249400765253982,-1.2337293134307874,8.238372461831771,11.208605450281992,896.6884360225592,603.512184357546,1,3.944299998693168,34.63670000201091
1602,53.39999999999953,ACQUIRING,0,0,0,0,8.368269965135655,14.273632616147752,-1.4391327266661618,8.079368950028233,-1.4468286503665613,8.053427892611259,11.620116506934826,929.609320554786,635.1062469238263,1,6.307499992544763,38.5318000044208
1603,53.43333333333286,ACQUIRING,0,0,0,0,8.424960719569206,14.430361478006482,-1.5316292639812203,7.9982260236913705,-1.5664236116046082,8.001017257318686,11.881255319254661,950.5004255403729,658.6252183765523,1,5.66350000735838,38.563199996133335
1604,53.46666666666619,ACQUIRING,0,0,0,0,8.47842794664487,14.588219114523113,-1.5352369124073901,8.005971986243397,-1.5500600836727894,8.035864774161599,11.97931214953008,958.3449719624064,684.9779759643342,1,3.7028999940957874,30.537099999492057
1605,53.499999999999524,ACQUIRING,0,0,0,0,8.528791420178813,14.74709421739129,-1.4499556719446711,7.986774561315705,-1.427836506061202,7.990494137671902,12.032708934352502,962.6167147482004,711.2587665978227,1,12.890500001958571,54.780000005848706
1606,53.533333333332855,ACQUIRING,0,0,0,0,8.57572664633231,14.90701564285923,-1.275785542593063,7.951985537187847,-1.259240431935036,7.935869259621041,12.055018014384608,964.4014411507686,737.4510320357763,0,6.3735000003362074,38.695700000971556
1607,53.56666666666619,ACQUIRING,0,0,0,0,8.620608295089532,15.067525503561342,-1.0127265243525663,7.903587112043785,-1.0374193061038985,7.904581816608212,12.02436108106688,961.9488864853504,763.6070825815286,0,3.591100001358427,39.60489999735728
1608,53.59999999999952,SEARCH,0,0,0,0,8.663623441196172,15.228545610949215,-0.6668904668611031,7.8437071579866116,-0.6966631100525298,7.85310377469745,11.916883258697306,953.3506606957845,nan,0,4.1262000013375655,31.77650000725407
1609,53.63333333333285,SEARCH,0,0,0,0,8.703812606407228,15.390294208400372,-0.4099432982585289,7.694938315040549,-0.3941677353300755,7.689650078895455,11.919444882540335,953.5555906032267,nan,0,5.267900007311255,34.491699989303015
1610,53.66666666666618,SEARCH,0,0,0,0,8.740525519417126,15.552867083739727,-0.2418850185448435,7.4572805832055975,-0.23473126714345569,7.439886987911581,12.09858175242063,967.8865401936504,nan,0,7.558199999039061,38.62150000350084
1611,53.69999999999951,SEARCH,0,0,0,0,8.775186387387125,15.715889787708665,-0.16271562772004702,7.130733962481758,-0.1731104467944774,7.124750387184864,12.404825368857756,992.3860295086205,nan,0,8.733299997402355,58.04560000251513
1612,53.733333333332844,SEARCH,0,0,0,0,8.809655331412987,15.878953179294637,-0.17243512578413941,6.75663305338001,-0.18587914612852688,6.7587576020005375,12.810058856411743,1024.8047085129394,nan,0,6.370299990521744,34.23460001067724
1613,53.766666666666175,SEARCH,0,0,0,0,8.84502562891597,16.041823433891135,-0.2710435127371207,6.368053168224658,-0.2478414594013905,6.363467392925508,13.279714136287005,1062.3771309029603,nan,0,8.051500000874512,52.31660000572447
1614,53.79999999999951,SEARCH,0,0,0,0,8.896479116245068,16.200348877967006,-0.45854078857899083,5.974389263952993,-0.4358240594528776,5.958795066447408,13.855731919945391,1108.4585535956312,nan,0,4.970300011336803,46.77619998983573
1615,53.83333333333284,ACQUIRING,0,0,0,0,8.96350168716315,16.352945577686587,-0.7349269533097499,5.5842139724427104,-0.7545836667314052,5.556974499959728,14.52563852147969,1162.0510817183751,838.7335779397697,13,9.225700006936677,34.44760000274982
1616,53.86666666666617,ACQUIRING,0,0,0,0,9.04542367429632,16.498088837268046,-0.92242422915162,5.282927569821316,-0.939297126037592,5.281570395703051,15.01682174797944,1201.3457398383553,878.197436934917,37,24.467099996400066,28.949700004886836
1617,53.8999999999995,ACQUIRING,0,0,0,0,9.14142654022895,16.634328433239624,-1.0210326161046013,5.070530056088811,-1.0134575319759909,5.078432623231887,15.383770620094282,1230.7016496075425,918.461424273982,57,23.91150000039488,48.509799991734326
1618,53.93333333333283,ACQUIRING,0,0,0,0,9.250551056058972,16.7603031045932,-1.0307521141686937,4.947021431245195,-0.9954595288519155,4.926847865290174,15.652839863957407,1252.2271891165926,953.525181836425,50,19.589500006986782,31.284600001526996
1619,53.966666666666164,ACQUIRING,0,0,0,0,9.37170688569598,16.874754154054294,-0.9515827233438973,4.912401695290467,-0.9394419581573097,4.890264422719804,15.809737018703343,1264.7789614962676,991.4381695996126,60,21.950800000922754,33.13870000420138
1620,53.999999999999496,ACQUIRING,0,0,0,0,9.503683480139035,16.97653802456918,-0.8936103417443707,4.966670848224629,-0.9312291179828317,4.982198467100613,15.898162860855896,1271.8530288684717,1029.5166109776026,53,31.991700001526624,40.926500005298294
1621,54.03333333333283,ACQUIRING,0,0,0,0,9.645162172882122,17.06463772534895,-0.9044936055251386,5.109828890047679,-0.9157275151160784,5.146327885806299,15.924148342483056,1273.9318673986445,1067.6625692585296,49,25.34209999430459,30.536999998730607
1622,54.06666666666616,ACQUIRING,0,0,0,0,9.794729355593992,17.138172993305297,-0.9705725381122777,5.305104258355592,-0.9394615710338061,5.303070066680079,15.977875832948238,1278.230066635859,1105.77935710285,44,18.63410000805743,32.70889999112114
1623,54.09999999999949,SEARCH,0,0,0,0,9.950890602425323,17.196409088348332,-1.0834990920701848,5.448475904845185,-1.043411042740002,5.440237657368817,16.096031665583414,1287.682533246673,nan,49,25.20590000494849,32.95860000071116
1624,54.13333333333282,ACQUIRING,0,0,0,0,10.112085601817824,17.23876413466668,-1.194387563510549,5.502958662445888,-1.1881562718986072,5.525117093804385,16.27590223005767,1302.0721784046136,1048.302271194615,58,16.962599998805672,49.781699999584816
1625,54.16666666666615,ACQUIRING,0,0,0,0,10.276703746621548,17.264814934638242,-1.2163871460620241,5.646330308935481,-1.240823492420008,5.656237498851833,16.352752177682923,1308.2201742146337,1059.2741713910787,61,22.045799996703863,39.0767000062624
1626,54.199999999999484,ACQUIRING,0,0,0,0,10.443100226749138,17.274301197280952,-1.1494978397246105,5.741542099824414,-1.1502031462962967,5.745800871578092,16.34964840169958,1307.9718721359664,1069.292687402055,37,19.806800002697855,40.69819999858737
1627,54.233333333332816,ACQUIRING,0,0,0,0,10.609612463574523,17.267128138994227,-0.993719644498308,5.819262150319657,-0.97646044794766,5.788006441475046,16.309730851781822,1304.7784681425458,1078.3169031615246,52,36.13989999576006,43.86030000750907
1628,54.26666666666615,ACQUIRING,0,0,0,0,10.774576721868971,17.24336743060537,-0.7490525603831165,5.8807969112711485,-0.7679775822621758,5.863965424465819,16.208681312221216,1296.6945049776973,1086.2914939244429,6,9.055000002263114,39.81990000465885
1629,54.29999999999948,ACQUIRING,0,0,0,0,10.93634473329354,17.203256481258357,-0.4154965873790362,5.928729716291315,-0.42425176792809016,5.926632418633045,16.00704229748111,1280.563383798489,1093.1696075919397,0,5.066500001703389,38.814300001831725
1630,54.33333333333281,SEARCH,0,0,0,0,11.093300165351467,17.147196066300147,0.006948274513932928,5.9651570558945695,0.014049699326381775,5.958649539200478,15.745899919597834,1259.6719935678268,nan,0,3.71439999435097,35.56490001210477
1631,54.36666666666614,SEARCH,0,0,0,0,11.2438747712482,17.07574632286589,0.3405042475180132,5.9126955066089355,0.36187398221688555,5.906213900204161,15.594114136858487,1247.529130948679,nan,0,3.995000006398186,29.719500002101995
1632,54.39999999999947,SEARCH,0,0,0,0,11.386564059294965,16.989621153173836,0.5851713316332047,5.771345068434413,0.5887745637378806,5.760806765800188,15.57814271780986,1246.2514174247888,nan,0,13.023499996052124,41.94680000364315
1633,54.433333333332804,SEARCH,0,0,0,0,11.519942325292407,16.889681091450353,0.7409495268595072,5.541105741371001,0.7163033555627112,5.53818210952749,15.670837377908619,1253.6669902326896,nan,0,2.5430999958189204,47.34499999904074
1634,54.466666666666136,SEARCH,0,0,0,0,11.642676897695672,16.77692470575639,0.8078388331969208,5.2219775254187,0.7808234742261928,5.235094751050219,15.849091409171956,1267.9273127337565,nan,0,3.50399999297224,33.02450000774115
1635,54.49999999999947,SEARCH,0,0,0,0,11.753541453227964,16.652478620625498,0.7858392506454456,4.813960420577511,0.8129133626861638,4.795051374242337,16.133689098244766,1290.6951278595814,nan,0,3.3602000039536506,25.120499994955026
1636,54.5333333333328,SEARCH,0,0,0,0,11.851428269897351,16.517586260203895,0.7115999154492447,4.384308097979647,0.7271085947377754,4.370833639741214,16.47100748156771,1317.6805985254168,nan,0,10.091099989949726,35.48130000126548
1637,54.56666666666613,ACQUIRING,0,0,0,0,11.935359294988753,16.37359542436743,0.7243246100687027,4.039502030801756,0.7067564613284526,4.032455963379369,16.684880724525446,1334.7904579620358,948.5355418748172,5,6.943799991859123,47.369100007927045
1638,54.59999999999946,ACQUIRING,0,0,0,0,12.004495917443366,16.221944821950736,0.8259381935770497,3.783584852512755,0.8243442005776938,3.8026013279037194,16.710352636472468,1336.8282109177976,942.4450316531093,0,4.2428000015206635,36.94639999594074
1639,54.63333333333279,ACQUIRING,0,0,0,0,12.058147346983153,16.064149695644137,1.0164406659742855,3.616556563112642,1.050507543121067,3.6099551876821283,16.62152504717061,1329.7220037736488,935.3388180507031,0,4.657000012230128,32.589999987976626
1640,54.666666666666124,ACQUIRING,0,0,0,0,12.096237737093428,15.901894033311432,1.2958320272604102,3.538417162601418,1.299353136771056,3.5499041078948834,16.40562014037477,1312.4496112299817,927.2956939635425,0,5.113199993502349,34.19380000559613
1641,54.699999999999456,ACQUIRING,0,0,0,0,12.11773709222043,15.736619850491184,1.6641122774354238,3.549166650979083,1.6454144703143179,3.539050172980219,16.07638787585761,1286.1110300686087,918.3276715901476,0,6.807800004025921,40.806199991493486
1642,54.73333333333279,SEARCH,0,0,0,0,12.123225723069535,15.57004358354664,2.1212814164993263,3.648805028245637,2.0924882747856737,3.6589622725362396,15.572076025819598,1245.7660820655678,nan,0,10.14529999520164,51.461099996231496
1643,54.76666666666612,SEARCH,0,0,0,0,12.112580888674659,15.403717201759253,2.48956166667434,3.659554516623302,2.4809379910606677,3.6511904263596153,15.195079154569859,1215.6063323655887,nan,0,4.832100006751716,41.6516999976011
1644,54.79999999999945,SEARCH,0,0,0,0,12.085465781195113,15.239271013830951,2.7689530279604644,3.581415116112078,2.790136991382834,3.5664602975486646,14.921717304950782,1193.7373843960625,nan,0,8.644799992907792,44.71640000701882
1645,54.83333333333278,SEARCH,0,0,0,0,12.042830103399686,15.078150013471896,2.9594555003577003,3.445036693420124,2.961740278357533,3.4157184388263997,14.781018322286606,1182.4814657829286,nan,0,9.388800011947751,44.85789999307599
1646,54.86666666666611,SEARCH,0,0,0,0,11.98467587811135,14.921958259979943,3.0610690838660473,3.367299435668389,3.042777292249897,3.386246321760779,14.595554125876934,1167.6443300701549,nan,0,6.507799989776686,58.45680000493303
1647,54.899999999999444,SEARCH,0,0,0,0,11.912358193812574,14.771798577257048,3.073793778485505,3.343254869950372,3.0579913821525033,3.362519101606198,14.442003662544026,1155.360293003522,nan,0,4.254799991031177,38.397900003474206
1648,54.933333333332776,SEARCH,0,0,0,0,11.82680857174943,14.628763476870356,2.9976295842160745,3.3683361691662705,3.027934926942237,3.3439490789510447,14.30968949393276,1144.7751595146208,nan,0,7.051699998555705,53.48319999757223
1649,54.96666666666611,SEARCH,0,0,0,0,11.728528267206979,14.49415753525996,2.9692959362069553,3.4382595982657636,2.971981219459541,3.4195769629229122,14.11819574352897,1129.4556594823177,nan,0,10.78300000517629,101.6306999954395
1650,54.99999999999944,SEARCH,0,0,0,0,11.6187168174072,14.368781208664194,2.986122430644619,3.548953092436356,2.961939998593191,3.55490617523189,13.852064038598945,1108.1651230879156,nan,0,8.941499996581115,52.487299995846115
1651,55.03333333333277,SEARCH,0,0,0,0,11.497825249493427,14.254051061862548,3.0328381712611416,3.6965058099356023,3.0184919400328085,3.725274891187153,13.518661953947602,1081.4929563158082,nan,0,11.206600000150502,56.428500000038184
1652,55.0666666666661,SEARCH,0,0,0,0,11.366981079733225,14.150815501043898,3.0969869684325064,3.8771337839932922,3.122815103396287,3.8711241829059673,13.177189618488152,1054.175169479052,nan,0,11.165000003529713,61.75480000092648
1653,55.09999999999943,SEARCH,0,0,0,0,11.227194607912201,14.060054716155225,3.1684283948066043,4.087157820355269,3.2105904445582993,4.095676881226933,12.788853269512218,1023.1082615609776,nan,0,11.931400003959425,48.020300004282035
1654,55.133333333332764,SEARCH,0,0,0,0,11.08058018733476,13.98079571378629,3.2389351387691936,4.322990601812352,3.2286496414464008,4.340654348290118,12.433227209546404,994.6581767637123,nan,0,4.833300001337193,44.163700003991835
1655,55.166666666666096,SEARCH,0,0,0,0,10.928055107567065,13.913610314928832,3.301867300755828,4.581130610176052,3.266993905204331,4.620461887086683,12.04385596261648,963.5084770093183,nan,0,8.474100002786145,49.61039999034256
1656,55.19999999999943,SEARCH,0,0,0,0,10.770113713650291,13.860391015183305,3.3519081862308444,4.858160992967482,3.385390916912572,4.861090192561262,11.64137217344689,931.3097738757511,nan,0,15.443099997355603,59.62040000304114
1657,55.23333333333276,SEARCH,0,0,0,0,10.608285127393769,13.820525159517167,3.3848492709655473,5.1507519132206845,3.404995226877086,5.11742413539501,11.29740469430753,903.7923755446025,nan,0,9.59790000342764,90.01559999887832
1658,55.26666666666609,SEARCH,0,0,0,0,10.443585898184214,13.794992010953855,3.3974145071351467,5.45566524755888,3.3815305115787178,5.431061827596958,10.946595561888282,875.7276449510626,nan,0,9.34370000322815,72.19330000225455
1659,55.29999999999942,SEARCH,0,0,0,0,10.277297311148832,13.783772224879504,3.3871161290797644,5.769760757097494,3.3498232089248203,5.762083626446264,10.598933220245243,847.9146576196196,nan,0,12.367500006803311,67.93029999244027
1660,55.33333333333275,SEARCH,0,0,0,0,10.110647002060597,13.78610723206869,3.352135706345339,6.090003061358712,3.3431463845914857,6.110685059014322,10.232847606705548,818.6278085364438,nan,0,8.040899992920458,61.6922000044724
1661,55.366666666666084,SEARCH,0,0,0,0,9.944697525456936,13.80155226339752,3.2912254595719834,6.41346890811466,3.297209593501679,6.400474333989346,9.948117928666887,795.8494342933509,nan,0,14.557899994542822,56.19020000449382
1662,55.399999999999416,SEARCH,0,0,0,0,9.780536642254681,13.830344314453905,3.2036258664619415,6.737354360592314,3.2083120158731533,6.728005488477284,9.67663956849643,774.1311654797144,nan,0,7.3484000022290275,72.51640000322368
1663,55.43333333333275,SEARCH,0,0,0,0,9.619531012432423,13.873413618410622,3.088996392013958,7.058981624710134,3.0658390174501493,7.083453786858413,9.436865649101254,754.9492519281004,nan,0,8.344499990926124,64.46340000547934
1664,55.46666666666608,SEARCH,0,0,0,0,9.462670037352627,13.92973778972981,2.947356820676565,7.375805318516494,2.938091000745498,7.3848205078589455,9.24154066330204,739.3232530641633,nan,0,9.78680000116583,60.23839999397751
1665,55.49999999999941,SEARCH,0,0,0,0,9.3102037033469,13.9970563961669,2.779037180991779,7.685418048190675,2.7989084417783983,7.668384546155554,9.080146109421944,726.4116887537556,nan,0,11.454900013632141,76.68409998586867
1666,55.53333333333274,SEARCH,0,0,0,0,9.16230232985585,14.073887128932107,2.5846346619971627,7.985555203384908,2.593412641383271,7.9400438708975205,8.987454859606123,718.99638876849,nan,0,13.116800007992424,60.093699998105876
1667,55.56666666666607,SEARCH,0,0,0,0,9.018904764841807,14.158827791313685,2.364976246162224,8.274098922154844,2.338719051846217,8.275174010421448,8.90181234207495,712.144987365996,nan,0,6.215800007339567,53.287400005501695
1668,55.599999999999405,SEARCH,0,0,0,0,8.880529464392204,14.25172587527272,2.121086042759989,8.549081204500892,2.0806018968939846,8.589939298822014,8.848437272224947,707.8749817779958,nan,0,5.361799994716421,59.898299994529225
1669,55.633333333332736,SEARCH,0,0,0,0,8.746782259850352,14.351171654745848,1.854156511741682,8.8086861754242,1.8486088949007518,8.827079413680117,8.837442552045399,706.995404163632,nan,0,7.42730000638403,40.192399988882244
1670,55.66666666666607,SEARCH,0,0,0,0,8.617163001783627,14.45594104777649,1.5655229321155129,9.051251514825212,1.5677260946320175,9.041681919863683,8.888687339089975,711.094987127198,nan,0,10.495399998035282,44.11160000017844
1671,55.6999999999994,SEARCH,0,0,0,0,8.491530891893273,14.565459771026333,1.2566405990942797,9.275269083685759,1.2315678908103258,9.296041941910234,8.970720541567434,717.6576433253948,nan,0,4.149800006416626,32.05120000347961
1672,55.73333333333273,SEARCH,0,0,0,0,8.369901227291262,14.679407138115616,0.9290643377098884,9.479384784691423,0.8989359855376979,9.494648868312986,9.09379128635448,727.5033029083583,nan,0,4.400099991471507,34.19360000407323
1673,55.76666666666606,SEARCH,0,0,0,0,8.251750264147494,14.79695767059411,0.5844300026561284,9.662397701498024,0.5812306557151299,9.663487222122958,9.229809852248962,738.384788179917,nan,0,9.11860000633169,63.35709999257233
1674,55.79999999999939,SEARCH,0,0,0,0,8.137455231067712,14.918260692778512,0.22443769917247225,9.823258564804666,0.2642911210210261,9.799287742545118,9.390984888122672,751.2787910498138,nan,0,6.195499998284504,42.93840000173077
1675,55.833333333332725,SEARCH,0,0,0,0,8.027035015576947,15.043101206189627,-0.1491634887007945,9.961067595727819,-0.1422896478483125,9.952936843109535,9.625364341136327,770.0291472909063,nan,0,10.65129999187775,41.947400008211844
1676,55.866666666666056,SEARCH,0,0,0,0,7.920774646200694,15.171501018018928,-0.5345894354074432,10.075071778043988,-0.5682518923042057,10.095702670435166,9.89076844521064,791.2614756168513,nan,0,10.913100006291643,67.96820000454318
1677,55.89999999999939,SEARCH,0,0,0,0,7.817827155822061,15.302571960651226,-0.930033717399485,10.164661610974182,-0.9522488643722221,10.199381268341934,10.146762470958851,811.7409976767082,nan,0,8.670999988680705,51.88040000211913
1678,55.93333333333272,SEARCH,0,0,0,0,7.717949176732686,15.435996722486502,-1.3336792781701554,10.229367393553733,-1.337087546104802,10.218638927469987,10.450574740805171,836.0459792644136,nan,0,3.4537000028649345,35.59359999781009
1679,55.96666666666605,SEARCH,0,0,0,0,7.620057151828557,15.570885303315077,-1.7437091100116802,10.26885509044926,-1.7490862875241613,10.237141556687702,10.780986556983212,862.4789245586569,nan,0,4.441299999598414,33.80779999133665
1680,55.99999999999938,ACQUIRING,0,0,0,0,7.524393441764715,15.707363258877868,-2.1583160319169403,10.28292182749604,-2.168987128692078,10.286321459208876,11.106273951126347,888.5019160901079,587.5184007413873,1,9.105899996939115,33.72700000181794
1681,56.03333333333271,ACQUIRING,0,0,0,0,7.431068557138141,15.845451070386394,-2.484034064933312,10.385877453431707,-2.4954768347306064,10.415518259502786,11.314613283163547,905.1690626530838,588.8390664061711,0,7.795600002282299,42.41510000429116
1682,56.066666666666045,ACQUIRING,0,0,0,0,7.339698890490947,15.984840316006558,-2.7208632090607945,10.496686814686793,-2.7129481982287196,10.49983604242793,11.451680460592664,916.1344368474131,614.2653690605515,2,20.652299994253553,48.72969999269117
1683,56.099999999999376,ACQUIRING,0,0,0,0,7.251045590602201,16.125972772219203,-2.868803464299388,10.696385064830768,-2.868005016741205,10.661801123380343,11.500102477889115,920.0081982311293,628.0930958698962,1,7.736100000329316,60.657800000626594
1684,56.13333333333271,ACQUIRING,0,0,0,0,7.148745452643791,16.257549592181793,-2.927854830649093,10.916263659640004,-2.964813571104264,10.908945377437314,11.440788573031934,915.2630858425548,640.6659655666033,1,5.344800010789186,34.97719998995308
1685,56.16666666666604,ACQUIRING,0,0,0,0,7.033820625778265,16.378256103802777,-2.898017308109909,11.116528516414451,-2.9179588977471136,11.133266327342714,11.249348134004459,899.9478507203565,651.982969944015,1,6.397000004653819,44.853300001705065
1686,56.19999999999937,ACQUIRING,0,0,0,0,6.907419400886568,16.486886247518306,-2.779290896681836,11.302386091218844,-2.7421199679034114,11.309113207070375,10.950933461957348,876.0746769565878,662.063104488037,4,6.478299997979775,39.0936000039801
1687,56.2333333333327,SEARCH,0,0,0,0,6.770804737225128,16.582354626840726,-2.576739038285416,11.475933074547761,-2.5432232019281904,11.462059827045964,10.628665734142452,850.2932587313961,nan,8,17.237899999599904,44.82480000297073
1688,56.26666666666603,ACQUIRING,0,0,0,0,6.625341643354446,16.663707353281495,-2.463076068777885,11.56059116898779,-2.459781752544577,11.564488817374158,10.418325047513768,833.4660038011015,755.4139467558964,9,13.587499997811392,46.12339999584947
1689,56.299999999999365,ACQUIRING,0,0,0,0,6.472483538424772,16.730131577289658,-2.2605242103814653,11.55636037453893,-2.2735464568112693,11.577463273060667,10.151011345229332,812.0809076183466,755.5566823339681,28,26.0944999899948,57.24080000072718
1690,56.333333333332696,ACQUIRING,0,0,0,0,6.313757730092392,16.780963609975853,-1.9690834630961567,11.46324069120118,-1.9487884060038125,11.472575710362937,9.82082739609424,785.6661916875391,759.0758026968493,47,15.881899991654791,41.627700004028156
1691,56.36666666666603,ACQUIRING,0,0,0,0,6.150750154166386,16.815695554472313,-1.588753826921959,11.281232118974543,-1.561859033859563,11.270553544733882,9.499102083638656,759.9281666910925,759.7537007717681,37,15.904600004432723,35.889799997676164
1692,56.39999999999936,ACQUIRING,0,0,0,0,5.985089528462266,16.833980380670486,-1.1714273122901768,11.010334657859016,-1.1741085213869333,11.020756396169096,9.222130437753892,737.7704350203113,759.316531720387,29,26.659000010113232,33.291499988990836
1693,56.43333333333269,ACQUIRING,0,0,0,0,5.818431079191947,16.835635392631158,-0.8339549554622683,10.6505483078546,-0.8611576546674085,10.657590775398528,9.098634015390326,727.8907212312262,757.7977717597619,0,10.535000008530915,86.39099998981692
1694,56.46666666666602,ACQUIRING,0,0,0,0,5.652440002490576,16.820644054021894,-0.5574053962237325,10.27014414121898,-0.5756551553043288,10.303724289559721,9.014400285708753,721.1520228567002,755.2392760384256,0,9.260399994673207,56.49620000622235
1695,56.49999999999935,SEARCH,0,0,0,0,5.488774826327201,16.7891561533426,-0.3327577748876225,9.947030036354715,-0.32327730271356103,9.955738089773076,8.970816706532661,717.6653365226128,nan,0,8.794099994702265,55.24090000835713
1696,56.533333333332685,SEARCH,0,0,0,0,5.32907083904153,16.741486307288348,-0.19699904244040128,9.712804820379338,-0.1879440146438138,9.668466298012534,8.970232156828537,717.618572546283,nan,0,10.179300006711856,49.09099999349564
1697,56.566666666666016,SEARCH,0,0,0,0,5.174750381677547,16.678534149130357,-0.15012919888206896,9.56746849329285,-0.16415293024626276,9.566180108749426,8.893225993406103,711.4580794724882,nan,0,9.472899997490458,55.80060000647791
1698,56.59999999999935,SEARCH,0,0,0,0,5.026579734339816,16.602224011892268,-0.19214824421262552,9.51102105509525,-0.20556149698133933,9.535235594244785,8.79304424870332,703.4435398962655,nan,0,9.162700007436797,42.69909999857191
1699,56.63333333333268,SEARCH,0,0,0,0,4.884991979685493,16.514299694950225,-0.32305617843207096,9.514020720528531,-0.31873106183931516,9.521137326843979,8.71682587870112,697.3460702960897,nan,0,5.1888000016333535,60.51929999375716
1700,56.66666666666601,SEARCH,0,0,0,0,4.750169442610841,16.416316730744544,-0.5428530015404053,9.469880364719486,-0.5206356545406032,9.479397302112567,8.71218902064742,696.9751216517936,nan,0,4.443300000275485,34.323400002904236
1701,56.69999999999934,SEARCH,0,0,0,0,4.622109822674684,16.309646624718606,-0.8515387135376284,9.383760916499888,-0.8478904733268531,9.397138177738736,8.814968875034385,705.1975100027507,nan,0,4.442399993422441,34.41590000875294
1702,56.73333333333267,SEARCH,0,0,0,0,4.5006783203360845,16.195488103277725,-1.2491133144237405,9.259991465493888,-1.2766144035058145,9.283813342500926,9.008238408019382,720.6590726415506,nan,0,18.475199991371483,53.30690000846516
1703,56.766666666666005,SEARCH,0,0,0,0,4.385648112066407,16.074882013202586,-1.7355768041987414,9.102246995167215,-1.733796985155568,9.107942716504022,9.27285562606238,741.8284500849904,nan,0,6.726599996909499,57.592199998907745
1704,56.799999999999336,ACQUIRING,0,0,0,0,4.276731353450475,15.948727673323308,-2.3109291828626315,8.913689359332754,-2.2939181944172757,8.889852009558759,9.643710961936907,771.4968769549528,541.037523471347,1,12.320900001213886,56.0401999973692
1705,56.83333333333267,ACQUIRING,0,0,0,0,4.174196072616699,15.817334013042013,-2.7973926726376326,8.81402061238718,-2.8100247074338363,8.804229903306318,9.897624419954587,791.809953596367,550.9835156581826,1,10.988199996063486,56.97080001118593
1706,56.866666666666,ACQUIRING,0,0,0,0,4.078503926447603,15.680875994078926,-3.1949672735237447,8.803240754330496,-3.2158287790859057,8.814067615164632,10.018001144526954,801.4400915621562,561.9655039843373,0,10.606099996948615,55.71380000037607
1707,56.89999999999933,ACQUIRING,0,0,0,0,3.989513034589674,15.539956162457866,-3.5036529855209677,8.821373384749664,-3.4903815255660176,8.834175698849904,10.04571123699825,803.65689895986,574.3245672326484,0,7.659299997612834,51.62899999413639
1708,56.93333333333266,ACQUIRING,0,0,0,0,3.9062453865938522,15.395580691636047,-3.723449808629302,8.819203318305492,-3.693569271633624,8.823589577647887,10.047300634585817,803.7840507668653,588.0869966675932,0,4.906000001938082,41.28370000398718
1709,56.96666666666599,ACQUIRING,0,0,0,0,3.8284760007126244,15.248170717762383,-3.8543577428487477,8.802522419790773,-3.8536096485782956,8.80102582378559,10.028963914930223,802.3171131944177,603.2492069091634,0,6.342599997879006,32.00029999425169
1710,56.999999999999325,SEARCH,0,0,0,0,3.7568508764507498,15.097679457709685,-3.896376788179304,8.773414952266277,-3.9074787088684713,8.788655921618606,9.92701999450745,794.161599560596,nan,0,15.904300002148375,63.34949999290984
1711,57.033333333332656,SEARCH,0,0,0,0,3.6916656729698767,14.944288887514073,-4.02728472239875,8.655418595852893,-4.0314019941000945,8.67532745903327,9.947142885367722,795.7714308294177,nan,0,12.583699994138442,54.250500004854985
1712,57.06666666666599,SEARCH,0,0,0,0,3.633689562976207,14.788030932683672,-4.247081545507084,8.44853335055062,-4.239715796661813,8.431160151983478,10.119304229031588,809.5443383225271,nan,0,13.833999997586943,54.41219999920577
1713,57.09999999999932,SEARCH,0,0,0,0,3.5828083489253753,14.629320883113737,-4.555767257504307,8.184179618059156,-4.5442776188646725,8.160364285826274,10.387344501143634,830.9875600914908,nan,0,8.191599990823306,49.143199998070486
1714,57.13333333333265,SEARCH,0,0,0,0,3.539071837007463,14.468495215687694,-4.953341858390419,7.898182758236901,-4.984963627653556,7.900636745500728,10.760852451697563,860.8681961358051,nan,0,9.004399995319545,57.608400005847216
1715,57.16666666666598,SEARCH,0,0,0,0,3.5024919379634767,14.30589235973581,-5.43980534816542,7.5924593152367015,-5.468517201949213,7.605827180043002,11.19686913384849,895.7495307078791,nan,0,12.895599997136742,50.224899998283945
1716,57.199999999999314,SEARCH,0,0,0,0,3.473029611844226,14.141850447050603,-6.01515772682931,7.268801378570988,-5.997928724704389,7.291000593294512,11.689020298183657,935.1216238546925,nan,0,9.878299999400042,49.99290000705514
1717,57.233333333332645,SEARCH,0,0,0,0,3.4491598003629464,13.976901940304934,-6.679398994382089,6.9289039399416446,-6.669577997937885,6.893526903593618,12.351641856104273,988.1313484883417,nan,0,11.839699989650398,41.92370000237133
1718,57.26666666666598,SEARCH,0,0,0,0,3.4309181760161405,13.811236551889104,-7.254751373045979,6.57438581596431,-7.2737273269137,6.555225557887196,12.932096925420586,1034.567754033647,nan,0,7.218200000352226,41.23489999619778
1719,57.29999999999931,ACQUIRING,0,0,0,0,3.4176944758270293,13.645095312182985,-7.741214862820979,6.2068054617494015,-7.760175398075979,6.221881610982098,13.418229263640006,1073.4583410912005,1300.1354873255593,2,4.964500010828488,39.96439999900758
1720,57.33333333333264,ACQUIRING,0,0,0,0,3.4100598557910087,13.47860359961241,-8.316567241484869,5.928113996423383,-8.32196829508657,5.934436881821936,13.948295092906568,1115.8636074325254,1294.782631412764,0,4.604899993864819,31.059800006914884
1721,57.36666666666597,ACQUIRING,0,0,0,0,3.406592094611798,13.311973012953832,-8.859553197008434,5.738311419986252,-8.834822185447313,5.709666099731017,14.409972032549907,1152.7977626039926,1289.8543701708218,0,7.169799995608628,34.84179999213666
1722,57.3999999999993,ACQUIRING,0,0,0,0,3.4064585661827387,13.145306399776699,-9.315250320916096,5.637397732438011,-9.31212465557996,5.619700172199421,14.778264724298776,1182.261177943902,1285.2957619535318,1,8.85030000063125,38.714100010111
1723,57.433333333332634,ACQUIRING,0,0,0,0,3.4095788213889455,12.978668943647454,-9.700699707165446,5.625372933778658,-9.731262044471759,5.625910713336778,15.058046096863832,1204.6436877491064,1281.1064610936635,0,19.84380000794772,56.89029999484774
1724,57.466666666665965,SEARCH,0,0,0,0,3.41608543790155,12.812129333586256,-10.026543118787073,5.702237024008195,-10.027414602129836,5.703518425252254,15.207236513331706,1216.5789210665364,nan,0,4.533600003924221,34.74139999889303
1725,57.4999999999993,SEARCH,0,0,0,0,3.4247675357148264,12.64568895700852,-10.26349764151981,5.6902122253488425,-10.227511076134013,5.6775850878892955,15.327725950915863,1226.218076073269,nan,0,7.30279998970218,41.98190000897739
1726,57.53333333333263,SEARCH,0,0,0,0,3.4367544090697573,12.479453904612972,-10.41156327536366,5.589298537800601,-10.407135731599487,5.556056580374378,15.478589235979914,1238.287138878393,nan,0,7.903799996711314,30.627100000856444
1727,57.56666666666596,SEARCH,0,0,0,0,3.451654381367272,12.313454601592415,-10.470740020318619,5.3994959613634705,-10.487110810921756,5.404964066341583,15.556876825424133,1244.5501460339308,nan,0,8.063799992669374,36.02120000869036
1728,57.59999999999929,SEARCH,0,0,0,0,3.468821665816474,12.147674439563245,-10.44102787638469,5.120804496037452,-10.468314173185517,5.1331673377770155,15.602790304166854,1248.2232243333483,nan,0,4.039199993712828,31.42420000222046
1729,57.63333333333262,SEARCH,0,0,0,0,3.4863066148776234,11.98192748081556,-10.36062584425106,4.753224141822543,-10.354233996320048,4.744751652554364,15.618491552623773,1249.4793242099017,nan,0,5.144599999766797,32.14599999773782
1730,57.666666666665954,SEARCH,0,0,0,0,3.503826847517659,11.816184247994377,-10.296903342683388,4.2967548987187465,-10.276866087992468,4.279735419435296,15.706863427441785,1256.5490741953429,nan,0,5.255700001725927,30.787199997575954
1731,57.699999999999285,SEARCH,0,0,0,0,3.5233748747844684,11.650667927325527,-10.24203193113916,3.7805572295133816,-10.270612193984322,3.7616579234704655,15.890580797890484,1271.2464638312388,nan,0,4.550199999357574,32.308499998180196
1732,57.73333333333262,SEARCH,0,0,0,0,3.5463657765353114,11.485594621747488,-10.189801759153692,3.2819859470647073,-10.215448581950737,3.2697311948657726,16.0277243015534,1282.2179441242718,nan,0,5.055000001448207,27.590899990173057
1733,57.76666666666595,SEARCH,0,0,0,0,3.5715234377264857,11.320837619282743,-10.13531003899858,2.7984138797564597,-10.129371916858288,2.7928508853085225,16.138187359555687,1291.0549887644547,nan,0,4.829500001505949,33.18569999828469
1734,57.79999999999928,SEARCH,0,0,0,0,3.599999176320881,11.156621572291954,-10.074711286838214,2.3279664158867814,-10.058692337844793,2.2862249149170526,16.28630684772669,1302.904547818135,nan,0,10.059699998237193,35.23759999370668
1735,57.83333333333261,SEARCH,0,0,0,0,3.632303596636857,10.993115602352546,-10.005016965782444,1.869364046922347,-10.002983501858644,1.8458058797046697,16.419327922312966,1313.5462337850374,nan,0,6.000399996992201,63.8638000091305
1736,57.86666666666594,SEARCH,0,0,0,0,3.669806387193964,10.830723119527116,-9.923934639780034,1.4217959579215416,-9.977651147028638,1.4243063704882426,16.575094968204805,1326.0075974563845,nan,0,5.701500005670823,29.01410000049509
1737,57.899999999999274,SEARCH,0,0,0,0,3.712098935655765,10.669511711362606,-9.829738727631115,0.9848184938321254,-9.848264072936118,0.9910051470128942,16.660040043197604,1332.8032034558082,nan,0,3.7139999913051724,21.342200008803047
1738,57.933333333332605,SEARCH,0,0,0,0,3.7592788400115227,10.50966229971915,-9.721166530561646,0.5582735639122984,-9.711295709771875,0.5343372010780356,16.761965562691373,1340.9572450153098,nan,0,4.35450000804849,26.107400000910275
1739,57.96666666666594,SEARCH,0,0,0,0,3.8108146359310004,10.351163594624364,-9.597334474033907,0.14222303329679276,-9.57069191857774,0.109470968752391,16.851023277866563,1348.081862229325,nan,0,4.322599997976795,23.445300001185387
1740,57.99999999999927,SEARCH,0,0,0,0,3.8675248815445453,10.194441784335465,-9.457670518152819,-0.2631040599078296,-9.453152519243782,-0.2756300021325544,16.94292919272422,1355.4343354179373,nan,0,5.003900005249307,26.754499995149672
1741,58.0333333333326,SEARCH,0,0,0,0,3.929955848005634,10.039909741688925,-9.301859501879186,-0.6573539921740821,-9.299382600403089,-0.656452636050026,17.012570761012416,1361.0056608809932,nan,0,4.401400001370348,23.61580000433605
1742,58.06666666666593,SEARCH,0,0,0,0,3.997658788914306,9.887613682744202,-9.129798834846644,-1.0400825718176165,-9.10874927625898,-1.0297226882686876,17.05773038269395,1364.618430615516,nan,0,8.670999988680705,22.34130000579171
1743,58.09999999999926,SEARCH,0,0,0,0,4.071410623480801,9.738153170648687,-8.941562469354222,-1.4107827069931287,-8.917825964119718,-1.4183248425684254,17.1227120745534,1369.816965964272,nan,0,4.0653000032762066,24.137600004905835
1744,58.133333333332594,SEARCH,0,0,0,0,4.151503345601631,9.591992527378848,-8.737371500035291,-1.7689066222356078,-8.737935819952936,-1.773839309296167,17.184870536088056,1374.7896428870442,nan,0,11.885800005984493,27.38169999793172
1745,58.166666666665925,SEARCH,0,0,0,0,4.2373593856483645,9.449141142487866,-8.5175700705577,-2.113883762824851,-8.540274139595104,-2.099515438878452,17.223222327420654,1377.8577861936524,nan,0,10.594499995931983,42.66490000009071
1746,58.19999999999926,SEARCH,0,0,0,0,4.328241066317395,9.309433240433078,-8.282605532106244,-2.4451352194468727,-8.260957980069701,-2.4394283266614023,17.219862971356758,1377.5890377085404,nan,0,4.26329999754671,32.56900000269525
1747,58.23333333333259,SEARCH,0,0,0,0,4.42318498792506,9.172453572133234,-8.03301201063124,-2.7620853402022347,-8.014789201534013,-2.7873386785098786,17.25513931025169,1380.411144820135,nan,0,4.282500012777746,19.7650999907637
1748,58.26666666666592,SEARCH,0,0,0,0,4.521457644250445,9.037842046636602,-7.769396709550835,-3.06417106468836,-7.787193355251308,-3.089775032157199,17.27952503506351,1382.3620028050807,nan,0,6.1153999995440245,21.944399995845743
1749,58.29999999999925,SEARCH,0,0,0,0,4.623475883226038,8.906046535733928,-7.492428410278115,-3.35084940903669,-7.514701663642593,-3.338795912887643,17.241563755961074,1379.3251004768858,nan,0,5.652000007103197,22.68500000354834
1750,58.33333333333258,SEARCH,0,0,0,0,4.730074727210013,8.777927590066014,-7.202827741413311,-3.6216034461172515,-7.205634092293042,-3.6120165381535645,17.20383272774895,1376.306618219916,nan,0,4.618999999365769,23.4548000007635
1751,58.366666666665914,SEARCH,0,0,0,0,4.841866777813062,8.65431401799667,-6.901358874142064,-3.875947057393976,-6.877731699440355,-3.8945945094194196,17.170442443265603,1373.6353954612482,nan,0,4.555499996058643,20.573100002366118
1752,58.399999999999245,SEARCH,0,0,0,0,4.958237226918731,8.53500058056097,-6.588822370668584,-4.113428678733104,-6.581055948309501,-4.113128351217195,17.12105290158151,1369.6842321265208,nan,0,3.6893000069539994,21.787199992104433
1753,58.43333333333258,SEARCH,0,0,0,0,5.0784062553599565,8.419513861059245,-6.2660489678729725,-4.333634219121708,-6.296059097906709,-4.334772841790466,17.089478967222867,1367.1583173778292,nan,0,4.507499994360842,20.74710000306368
1754,58.46666666666591,SEARCH,0,0,0,0,5.202853545444176,8.308650658108618,-5.93389412260267,-4.5361892965739905,-5.9252849882274345,-4.518955348199945,16.981841569089923,1358.5473255271938,nan,0,13.189799996325746,28.302799997618422
1755,58.49999999999924,SEARCH,0,0,0,0,5.332077395055563,8.203393950629279,-5.593233180319456,-4.720760907753958,-5.580031622279971,-4.709670761879102,16.906252200758292,1352.5001760606633,nan,0,3.905799996573478,22.122900001704693
1756,58.53333333333257,SEARCH,0,0,0,0,5.464801560598704,8.102586839478057,-5.244957057009921,-4.887058625635923,-5.247781352522775,-4.8914795360231755,16.840581748901492,1347.2465399121195,nan,0,6.622200002311729,24.38339999935124
1757,58.5666666666659,SEARCH,0,0,0,0,5.600573231212379,8.005923344628401,-4.8899683467562145,-5.03483540174863,-4.93182093206978,-5.035285750637492,16.763187688419706,1341.0550150735764,nan,0,6.074199991417117,22.328499995637685
1758,58.599999999999234,ACQUIRING,0,0,0,0,5.739202357063156,7.913404464157293,-4.52917778529715,-5.163888035316334,-4.545866173375829,-5.148205536495154,16.624929788873406,1329.9943831098724,1441.455510333392,1,6.979500001762062,35.75009999622125
1759,58.633333333332565,ACQUIRING,0,0,0,0,5.880648866197975,7.8252531009724215,-4.257276112726974,-5.381829557772927,-4.231631849959389,-5.376841131498799,16.62989817784276,1330.391854227421,1440.8048879831822,0,7.49540000106208,40.76990000612568
1760,58.6666666666659,ACQUIRING,0,0,0,0,6.024450165474822,7.740997750376341,-4.0531378093797175,-5.688659969118409,-4.008303091601454,-5.732931994098927,16.798896412456088,1343.911712996487,1440.6415160243673,0,12.057300002197735,61.13399998866953
1761,58.69999999999923,ACQUIRING,0,0,0,0,6.170496738905175,7.660697213846189,-3.879027327004701,-6.040204093190295,-3.894043494406321,-6.045685109202895,17.004701893698055,1360.3761514958444,1440.965311709575,0,7.918699993751943,40.355400007683784
1762,58.73333333333256,ACQUIRING,0,0,0,0,6.3186115503766125,7.584278757956538,-3.7319235342315156,-6.3319358609442995,-3.7812792888106346,-6.318535284457701,17.184179737812595,1374.7343790250077,1441.7638042650642,0,4.85589999880176,30.000099999597296
1763,58.76666666666589,SEARCH,0,0,0,0,6.469345571778171,7.51316594216436,-3.6075580970243615,-6.578888228681311,-3.6179737842825115,-6.574717996155497,17.32692949286535,1386.154359429228,nan,0,6.303800008026883,33.153999989735894
1764,58.79999999999922,SEARCH,0,0,0,0,6.6221111270509,7.446529143771935,-3.426205263582556,-6.736951707529434,-3.3963768341615315,-6.754175872619502,17.379013895832045,1390.3211116665636,nan,0,5.472000004374422,28.8964999926975
1765,58.833333333332554,SEARCH,0,0,0,0,6.776429638468805,7.383572215546841,-3.2040190011547587,-6.806126297488667,-3.203089552658825,-6.819990188012524,17.35891667811934,1388.7133342495472,nan,0,5.663699994329363,25.235600012820214
1766,58.866666666665886,SEARCH,0,0,0,0,6.932553458372333,7.325235857788506,-2.9492890044944353,-6.786411998559013,-2.9769714250663424,-6.770888038199603,17.23076876713681,1378.4615013709447,nan,0,4.031700009363703,24.470499993185513
1767,58.89999999999922,SEARCH,0,0,0,0,7.090453954364178,7.271895337137625,-2.66882698228324,-6.677808810740468,-2.7032276235006583,-6.67341703687956,17.040772754119043,1363.2618203295235,nan,0,5.239599995547906,23.153200003434904
1768,58.93333333333255,SEARCH,0,0,0,0,7.2499669712771215,7.223590314488745,-2.368259183665038,-6.480316734033035,-2.3586500846482528,-6.48330182994185,16.739307452414906,1339.1445961931925,nan,0,4.595599995809607,21.92270000523422
1769,58.96666666666588,SEARCH,0,0,0,0,7.410998793950016,7.180619046594685,-2.0522600954680437,-6.303995562320048,-2.0359662395858593,-6.319452264723657,16.47716825657643,1318.1734605261145,nan,0,5.6616000074427575,23.880199994891882
1770,58.99999999999921,SEARCH,0,0,0,0,7.57318588532835,7.142237733849888,-1.7247390929019246,-6.146987509580316,-1.7466892239922578,-6.170088405598888,16.250479971261925,1300.0383977009537,nan,0,4.443899990292266,23.859699998865835
1771,59.03333333333254,SEARCH,0,0,0,0,7.73615479391819,7.107324804857694,-1.3889894699913923,-6.001781855589986,-1.369075184702901,-5.987245452386551,15.949074681168367,1275.9259744934693,nan,0,10.192300003836863,23.317099999985658
1772,59.066666666665874,SEARCH,0,0,0,0,7.8998684782958835,7.076090091392405,-1.047807390749592,-5.8624367421162,-1.0113426422707292,-5.860231938535159,15.70853625572094,1256.6829004576753,nan,0,11.323600003379397,46.71470000175759
1773,59.099999999999206,SEARCH,0,0,0,1,8.064342457839432,7.049144074416125,-0.7035867938523215,-5.724272121681628,-0.6846708706082064,-5.737748353413222,15.493542273548483,1239.4833818838786,nan,0,4.864000002271496,30.428300000494346
1774,59.13333333333254,SEARCH,0,0,0,1,8.229586407630315,7.027413569698422,-0.35839507694636036,-5.583623825594298,-0.37310439802338846,-5.578006799664821,15.261156960926538,1220.892556874123,nan,0,4.359599988674745,24.926400001277216
1775,59.16666666666587,SEARCH,0,0,0,1,8.395379832929917,7.010374851870986,-0.014033421391095147,-5.437646522094869,-0.01800669882075877,-5.395481656392756,14.98967473417197,1199.1739787337576,nan,0,6.868099997518584,36.86530000413768
1776,59.1999999999992,SEARCH,0,0,0,1,8.561581374190764,6.997931963930606,0.3279151540646911,-5.284155782109398,0.33501835980062544,-5.273033642919769,14.77338606935582,1181.8708855484654,nan,0,5.0386999937472865,27.60659999330528
1777,59.23333333333253,SEARCH,0,0,0,1,8.728040526980843,6.989617625100206,0.6660475400350618,-5.121501427378607,0.6894556775111708,-5.139018178737895,14.55069252112307,1164.0554016898457,nan,0,4.5079999981680885,30.893399991327897
1778,59.26666666666586,SEARCH,0,0,0,1,8.894653121416955,6.985372492234704,0.9991101073617437,-4.94846590153485,0.9847268668197499,-4.968481028283052,14.333929933663025,1146.714394693042,nan,0,4.349299997556955,30.06920000188984
1779,59.299999999999194,SEARCH,0,0,0,1,9.06130967701885,6.983536667436306,1.3259745212551544,-4.764182657311892,1.306212985044899,-4.753597277059025,14.067758809877635,1125.4207047902107,nan,0,4.460399999516085,26.633800007402897
1780,59.333333333332526,SEARCH,0,0,0,1,9.227975947590606,6.983900028798854,1.6456185342825211,-4.5680705551371865,1.6564230722923596,-4.542648364198807,13.790929294269988,1103.2743435415991,nan,0,4.806500000995584,30.126099998597056
1781,59.36666666666586,SEARCH,0,0,0,1,9.394632770934548,6.985711384833327,1.9571107469210425,-4.359781069981543,1.9703379407762471,-4.365192598122063,13.563302509174815,1085.0642007339852,nan,0,4.416199997649528,29.83010000025388
1782,59.39999999999919,SEARCH,0,0,0,1,9.561283145777594,6.988041694351369,2.259598526931646,-4.139155744614601,2.2373730844077246,-4.15736641628056,13.33640808237266,1066.9126465898128,nan,0,3.300600001239218,26.334399997722358
1783,59.43333333333252,SEARCH,0,0,0,1,9.72794487712321,6.989324302108782,2.5522984408572187,-3.906191840406837,2.522380736623592,-3.9098227129084475,13.06566340595888,1045.2530724767103,nan,0,16.31019999331329,55.34609999449458
1784,59.46666666666585,SEARCH,0,0,0,1,9.894610742924208,6.9898409785857245,2.834488680604725,-3.661014547186194,2.826094088988004,-3.6439056136119614,12.768731114486252,1021.4984891589002,nan,0,3.717599989613518,38.40900000068359
1785,59.49999999999918,SEARCH,0,0,0,1,10.061276947395658,6.989448467619583,3.105503071810414,-3.4038544419249837,3.119160147675349,-3.410710242535649,12.504250751539521,1000.3400601231617,nan,0,11.402799995266832,31.06649999972433
1786,59.533333333332514,SEARCH,0,0,0,1,10.227939387952567,6.988261587089617,3.3647263336932456,-3.1350291486205815,3.3757057965906756,-3.164192234863969,12.248486592125913,979.878927370073,nan,0,5.676200002199039,39.18720000365283
1787,59.566666666665846,SEARCH,0,0,0,1,10.39460172243671,6.987059904072555,3.6115903265190235,-2.854928361777767,3.587402658265351,-2.8414260781653162,11.955630297157143,956.4504237725713,nan,0,4.737999988719821,37.360000002081506
1788,59.59999999999918,SEARCH,0,0,0,1,10.561266351746223,6.986235819792945,3.8455710759431208,-2.5640015639103053,3.8281843740236305,-2.566940264396012,11.687496148202687,934.9996918562149,nan,0,5.032799992477521,36.05700000480283
1789,59.63333333333251,SEARCH,0,0,0,1,10.727930810073168,6.985377852215553,4.0661864060261275,-2.26274790186173,4.092869691725439,-2.2784042134106275,11.394809967859363,911.5847974287491,nan,0,5.127900003571995,35.85820000444073
1790,59.66666666666584,SEARCH,0,0,0,1,10.894587686160895,6.983571355479346,4.272994046746922,-1.951707794226062,4.2812180630142045,-1.9870732459275655,11.144914640189505,891.5931712151604,nan,0,5.6659000110812485,35.344999996596016
1791,59.69999999999917,SEARCH,0,0,0,1,11.061234501888439,6.980999083011761,4.465590109069711,-1.6314559281090244,4.426757937556397,-1.6447887013153086,10.882118092674661,870.5694474139729,nan,0,5.939199996646494,35.539399992558174
1792,59.7333333333325,SEARCH,0,0,0,1,11.22785032156129,6.9768824809515815,4.643607842413924,-1.3025953722137888,4.632476090445068,-1.2844504468371591,10.571120233553225,845.689618684258,nan,0,4.779499999131076,29.845500001101755
1793,59.766666666665834,SEARCH,0,0,0,1,11.39444590655628,6.972015362917801,4.806716606815496,-0.9657525882060549,4.817586713838901,-0.9703639942594732,10.311957461808442,824.9565969446753,nan,0,4.709800006821752,31.71690000453964
1794,59.799999999999166,SEARCH,0,0,0,1,11.56102093849871,6.966489377833133,4.954621006024523,-0.6215731662662611,4.976228699949823,-0.6292679195803634,10.052612483631508,804.2089986905207,nan,0,13.028499990468845,39.97729999537114
1795,59.8333333333325,SEARCH,0,0,0,1,11.727495527883926,6.958490073688295,5.0870601389531105,-0.27071814587603527,5.0912378523644675,-0.2711324019782502,9.813631187106727,785.0904949685381,nan,0,4.802999988896772,60.13789999997243
1796,59.86666666666583,SEARCH,0,0,0,1,11.893886773514486,6.94891243539442,5.203806935825293,0.0861391890253343,5.179636663207688,0.1119528647697085,9.582545106291526,766.6036085033221,nan,0,4.34559999848716,32.40949999599252
1797,59.89999999999916,SEARCH,0,0,0,1,12.060160802763772,6.937478933088234,5.30466755253316,0.4483161289298319,5.297350618395207,0.48991397653971214,9.343805191607524,747.5044153286019,nan,0,8.106099994620308,36.3917000067886
1798,59.93333333333249,SEARCH,0,0,0,1,12.226326452561866,6.924565583214745,5.389480802426396,0.8151230421731788,5.416715188797874,0.8173013195073435,9.14710240187235,731.7681921497881,nan,0,3.9707999967504293,30.623900005593896
1799,59.96666666666582,SEARCH,0,0,0,1,12.39240855853123,6.910618832533732,5.458117609341165,1.1858656190203694,5.463349191566286,1.1753437705349405,8.994734223294753,719.5787378635803,nan,0,4.335799996624701,25.949899994884618
