frame,t,state,locked,false_lock,beacon_in_fov,beacon_occluded,beacon_az,beacon_el,cam_az,cam_el,los_az,los_el,est_az,est_el,err_deg,err_px,est_err_px,num_detections,proc_ms,render_ms
0,0.0,SEARCH,0,0,0,0,16.192871499709803,3.273295443251726,-4.222222693780463,-12.04853492288415,-4.226163326157223,-12.045680307017522,nan,nan,25.526613587730505,2042.1290870184407,nan,0,3.497500001685694,23.97190000920091
1,0.03333333333333333,SEARCH,0,0,0,0,16.17129980062703,3.3532372750260433,-4.133333804891574,-11.959646033995261,-4.140074857414165,-11.953540798905086,nan,nan,25.433234074806467,2034.6587259845176,nan,0,3.1260999967344105,28.86700000090059
2,0.06666666666666667,SEARCH,0,0,0,0,16.149401217804844,3.433090181918221,-3.9555560271137966,-11.781868256217484,-3.9487078471388197,-11.784876689707048,nan,nan,25.20953200065909,2016.7625600527274,nan,0,3.1657000072300434,23.512499989010394
3,0.1,SEARCH,0,0,0,0,16.12680452378229,3.5127483521708824,-3.68888936044713,-11.515201589550816,-3.6745438024060357,-11.521164092144955,nan,nan,24.861856706979786,1988.948536558383,nan,0,3.2399999909102917,25.04890000273008
4,0.13333333333333333,SEARCH,0,0,0,0,16.103532045762677,3.5922117175386887,-3.3333338048915744,-11.15964603399526,-3.33178224932728,-11.159020790056415,nan,nan,24.3993914317972,1951.9513145437757,nan,0,3.268900007242337,23.148499996750616
5,0.16666666666666666,SEARCH,0,0,0,0,16.079790686950695,3.6715362569354713,-2.8888893604471297,-10.715201589550816,-2.8927462512598714,-10.712287796011559,nan,nan,23.808644485940437,1904.691558875235,nan,0,3.099800000200048,23.526299992226996
6,0.19999999999999998,SEARCH,0,0,0,0,16.05574801827856,3.7507699918712483,-2.3555560271137965,-10.181868256217482,-2.3575388622492164,-10.186348838751172,nan,nan,23.093124843630548,1847.4499874904438,nan,0,3.2445999968331307,27.229300001636147
7,0.2333333333333333,SEARCH,0,0,0,0,16.03184898912172,3.8300471706436503,-1.7333338048915743,-9.55964603399526,-1.727940916202849,-9.565391944165288,nan,nan,22.245177602343876,1779.6142081875103,nan,0,2.9495999915525317,25.89530000113882
8,0.26666666666666666,SEARCH,0,0,0,0,16.007901423838998,3.909309701424472,-1.0222226937804633,-8.84853492288415,-1.0194667762847112,-8.85086097373169,nan,nan,21.277998577913745,1702.2398862330997,nan,0,3.369600002770312,24.86450001015328
9,0.3,SEARCH,0,0,0,0,15.983876855024587,3.9885489263199276,-0.22222269378046322,-8.04853492288415,-0.22499533989265316,-8.048704937028536,nan,nan,20.18967603508929,1615.174082807143,nan,0,4.4239999988349155,26.30939999653492
10,0.3333333333333333,SEARCH,0,0,0,0,15.95973041018974,4.0677510971903565,0.6111106395528701,-7.215201589550817,0.6096962028201186,-7.21247851234077,nan,nan,19.049071636464603,1523.9257309171683,nan,0,3.846199993859045,25.763000012375414
11,0.36666666666666664,SEARCH,0,0,0,0,15.935397480559178,4.146896174133556,1.4444439728862035,-6.3818682562174835,1.4501335406794529,-6.3853236046120685,nan,nan,17.90950934212829,1432.760747370263,nan,0,4.09659999422729,24.59860000817571
12,0.39999999999999997,SEARCH,0,0,0,0,15.911110395812361,4.2260553314260125,2.277777306219537,-5.5485349228841505,2.2820095269269665,-5.5490913635431935,nan,nan,16.772175869648517,1341.7740695718812,nan,0,3.558399999747053,23.216899993713014
13,0.4333333333333333,SEARCH,0,0,0,0,15.886664275809078,4.305165519679713,3.1111106395528703,-4.7152015895508175,3.1072515247793193,-4.70797962075006,nan,nan,15.638100127049796,1251.0480101639837,nan,0,3.4333999938098714,30.00100000645034
14,0.4666666666666666,SEARCH,0,0,0,0,15.86221708171714,4.38427537601748,3.9444439728862037,-3.881868256217484,3.9398109488523327,-3.87259631743126,nan,nan,14.50240318564642,1160.1922548517136,nan,0,4.640999992261641,27.96360000502318
15,0.49999999999999994,SEARCH,0,0,0,0,15.83790983403728,4.463428344243447,4.777777306219537,-3.0485349228841505,4.78758919287651,-3.0463557692878735,nan,nan,13.36063036328418,1068.8504290627343,nan,0,3.494700009468943,27.72959999856539
16,0.5333333333333333,SEARCH,0,0,0,0,15.813672293189697,4.542602685304252,5.61111063955287,-2.215201589550817,5.618903939274189,-2.2186980988341167,nan,nan,12.233089964664988,978.6471971731991,nan,0,3.100100002484396,27.828699996462092
17,0.5666666666666667,SEARCH,0,0,0,0,15.789732051702275,4.621867428451977,6.444443972886203,-1.3818682562174835,6.440083391142327,-1.3827339048662752,nan,nan,11.111758062880858,888.9406450304687,nan,0,3.461200001765974,20.77879999706056
18,0.6,SEARCH,0,0,0,0,15.76614896261884,4.701239165096917,7.277777306219536,-0.6374238117730392,7.272502996451757,-0.6358765209945617,nan,nan,10.031292321795338,802.503385743627,nan,0,3.416300009121187,20.641999988583848
19,0.6333333333333333,SEARCH,0,0,0,0,15.743082606660142,4.780762607499378,8.11111063955287,0.018131743782516252,8.118437896796447,0.015093492116282966,nan,nan,8.99148536499775,719.31882919982,nan,0,4.800099995918572,23.370000009890646
20,0.6666666666666666,SEARCH,0,0,0,0,15.720432097251583,4.860405492255543,8.944443972886203,0.5847984104491828,8.951715149960181,0.5780469251778076,nan,nan,8.009626958203103,640.7701566562483,nan,0,3.6800999951083213,22.68999999796506
21,0.7,SEARCH,0,0,0,0,15.698282602201601,4.940189165634134,9.777777306219537,1.0625761882269604,9.779110367860834,1.057151941523995,nan,nan,7.079165065430784,566.3332052344628,nan,0,3.777400008402765,24.59029998863116
22,0.7333333333333333,SEARCH,0,0,0,0,15.676587151175301,5.020097501078669,10.611110639552871,1.4514650771158493,10.60539290625937,1.4531319936286418,nan,nan,6.200020483918315,496.0016387134652,nan,0,3.2660999859217554,23.597800012794323
23,0.7666666666666666,SEARCH,0,0,0,0,15.65555582884329,5.100183193619334,11.444443972886205,1.7514650771158493,11.441356124258832,1.754009422499481,nan,nan,5.381111228793752,430.48889830350015,nan,0,3.5547000006772578,18.620800008648075
24,0.7999999999999999,SEARCH,0,0,0,0,15.635077883480704,5.1804121685752555,12.277777306219539,1.9625761882269603,12.283188847961382,1.9542782454184129,nan,nan,4.652214547565279,372.17716380522234,nan,0,3.4834999969461933,22.75210000516381
25,0.8333333333333333,SEARCH,0,0,0,0,15.615092561120921,5.260765274046833,13.111110639552873,2.0847984104491823,13.106151007333583,2.080657732640196,nan,nan,4.050663117963797,324.05304943710377,nan,0,3.4438000002410263,21.253400002024136
26,0.8666666666666666,SEARCH,0,0,0,0,15.595620963113527,5.341244411342093,13.944443972886207,2.1190548458021095,13.937654665206871,2.1243812341104698,nan,nan,3.618986176544895,289.5188941235916,nan,0,3.5521999961929396,19.92669999890495
27,0.8999999999999999,SEARCH,0,0,0,0,15.57672639231016,5.421860972065728,14.77777730621954,2.1464599940844513,14.773646205845361,2.1496088433428846,nan,nan,3.369357769638528,269.5486215710822,nan,0,3.135400009341538,22.98319998953957
28,0.9333333333333332,SEARCH,0,0,0,0,15.558746681813298,5.502686492040548,15.611110639552875,2.1683841127103247,15.62177327365474,2.1651873129105734,nan,nan,3.338094235034775,267.047538802782,nan,0,4.105399988475256,20.25590000266675
29,0.9666666666666666,SEARCH,0,0,0,0,15.541582216262606,5.583689058611675,16.44444397288621,2.1859234076110234,16.454022960481847,2.1879314674062664,nan,nan,3.5162078621635158,281.2966289730813,nan,0,3.199800004949793,22.119300003396347
30,0.9999999999999999,SEARCH,0,0,0,0,15.525176674724007,5.664848733793234,17.27777730621954,2.1999548435315823,17.27428763468088,2.203541631085612,nan,nan,3.878148528550124,310.25188228401,nan,0,3.721200002473779,22.773699995013885
31,1.0333333333333332,SEARCH,0,0,0,0,15.509620906468173,5.7461755605032545,18.022221750663984,2.2111799922680295,18.01204388678062,2.219630365893371,nan,nan,4.324192616202693,345.9354092962155,nan,0,3.94850000157021,20.405100003699772
32,1.0666666666666667,SEARCH,0,0,0,0,15.49456803060745,5.827596967989693,18.67777730621954,2.2201601112571874,18.676148941448982,2.2240470656435134,nan,nan,4.807081130054952,384.5664904043962,nan,0,3.940199996577576,18.5631999920588
33,1.1,SEARCH,0,0,0,0,15.479749821862995,5.90906141028421,19.244443972886206,2.231568716777791,19.23825701087636,2.2294329052496193,nan,nan,5.2598519204373275,420.78815363498614,nan,0,3.097500011790544,22.534099989570677
34,1.1333333333333335,SEARCH,0,0,0,0,15.465120270832443,5.990559943432944,19.722221750663984,2.253134979936536,19.71395567254368,2.253300844025515,nan,nan,5.65859592539866,452.68767403189275,nan,0,3.632599997217767,20.39849999709986
35,1.166666666666667,SEARCH,0,0,0,0,15.450791873111653,6.072111961724988,20.111110639552873,2.290349514662402,20.10283070370563,2.299958501495927,nan,nan,5.989207544314379,479.1366035451503,nan,0,3.397500011487864,20.738699997309595
36,1.2000000000000004,SEARCH,0,0,0,0,15.436884714499778,6.15373686973777,20.411110639552874,2.346482360095764,20.41166783545234,2.349300845156922,nan,nan,6.262763013689969,501.0210410951975,nan,0,3.6379999946802855,19.73990000260528
37,1.2333333333333338,SEARCH,0,0,0,0,15.423166171187257,6.235393689649725,20.622221750663986,2.4226442494780573,20.626277557634353,2.4187475124444915,nan,nan,6.452840935723641,516.2272748578913,nan,0,4.440800010343082,21.916199999395758
38,1.2666666666666673,SEARCH,0,0,0,0,15.409637112815027,6.317082117522416,20.74444397288621,2.517898813057768,20.748778757735185,2.5155177268504763,nan,nan,6.554260089510153,524.3408071608122,nan,0,3.4153000015066937,23.90870000817813
39,1.3000000000000007,SEARCH,0,0,0,0,15.396273033654806,6.398797697780713,20.82733978113558,2.6294294868401495,20.82734066161604,2.631549183940697,nan,nan,6.609739551942897,528.7791641554318,nan,0,3.3930999925360084,21.439900010591373
40,1.3333333333333341,SEARCH,0,0,0,0,15.38317618518443,6.480556533565569,20.87148601245821,2.752761270281711,20.873963781411298,2.753296944557887,nan,nan,6.636355360491821,530.9084288393457,nan,0,3.363000010722317,24.01149999059271
41,1.3666666666666676,SEARCH,0,0,0,0,15.370044512847988,6.5623097833505115,20.87509256503891,2.882034144939616,20.88325249647741,2.875353459530951,nan,nan,6.632428605308032,530.5942884246425,nan,0,3.2269999937852845,23.623100001714192
42,1.400000000000001,SEARCH,0,0,0,0,15.357211674655362,6.64411047364511,20.837390233324115,3.0103219883851793,20.84075945555036,3.004676667303716,nan,nan,6.581396105394284,526.5116884315427,nan,0,3.5762000043177977,23.817199995392002
43,1.4333333333333345,SEARCH,0,0,0,0,15.344413802488134,6.725916641730055,20.758906111443434,3.129988249345644,20.751991909238615,3.133127617474713,nan,nan,6.4923057501489225,519.3844600119138,nan,0,3.893799992511049,19.926499997382052
44,1.466666666666668,SEARCH,0,0,0,0,15.331645270351022,6.807727394420728,20.641651765696604,3.2330675429417717,20.637438322658426,3.236321225502586,nan,nan,6.395809717096037,511.6647773676829,nan,0,3.308600003947504,22.14020000246819
45,1.5000000000000013,SEARCH,0,0,0,0,15.31915170234843,6.889580588783047,20.48922276296956,3.3116607231795934,20.497922689300854,3.3079254975125543,nan,nan,6.296659600782308,503.7327680625847,nan,0,3.828200002317317,22.076299996115267
46,1.5333333333333348,SEARCH,0,0,0,0,15.30701623935361,6.971487641023084,20.30681003078186,3.358329926869738,20.31275272358402,3.35332200512118,nan,nan,6.176448843662259,494.1159074929807,nan,0,3.42100000125356,22.584599995752797
47,1.5666666666666682,SEARCH,0,0,0,0,15.295520122499987,7.053486872519719,20.10112568755939,3.3664795790272337,20.094578676358054,3.363345652831834,nan,nan,6.053767853543599,484.30142828348795,nan,0,3.909400009433739,21.88999998907093
48,1.6000000000000016,SEARCH,0,0,0,0,15.284373832073342,7.135534388499643,19.880248291132965,3.3307094097709933,19.871194089290515,3.332940667979061,nan,nan,5.95807343655316,476.6458749242528,nan,0,3.732299999683164,21.836700005223975
49,1.633333333333335,SEARCH,0,0,0,0,15.273555796896833,7.217625830097843,19.65339478677357,3.2471261460604794,19.654271128802392,3.245292437078857,nan,nan,5.9135521815983125,473.084174527865,nan,0,4.91219999094028,20.059800008311868
50,1.6666666666666685,SEARCH,0,0,0,0,15.263035382357273,7.299755943616982,19.430628677612095,3.113601681224608,19.43086895416458,3.1088075385437772,nan,nan,5.910574017493538,472.84592139948296,nan,0,3.1106999958865345,20.03590000094846
51,1.700000000000002,SEARCH,0,0,0,0,15.252949312061897,7.381940527662579,19.222515983520506,2.9299671480848763,19.219411977138705,2.929253500953604,nan,nan,5.963157538692955,477.05260309543644,nan,0,4.085200009285472,20.96559999336023
52,1.7333333333333354,SEARCH,0,0,0,0,15.24333607858105,7.464181760695611,19.039812645487352,2.6988324101726637,19.034186946267944,2.705904804103515,nan,nan,6.083728289188943,486.69826313511544,nan,0,3.84850001137238,22.420199995394796
53,1.7666666666666688,SEARCH,0,0,0,0,15.234181281053157,7.546475286267033,18.89231501394912,2.428702988705888,18.891182799858136,2.4301287627051815,nan,nan,6.288931694469687,503.1145355575749,nan,0,3.1384000030811876,19.713000001502223
54,1.8000000000000023,SEARCH,0,0,0,0,15.225272317118211,7.628795788150566,18.78694902764916,2.128761092517074,18.796717957712865,2.127297104156347,nan,nan,6.559093819554091,524.7275055643273,nan,0,3.3881999988807365,20.443300003535114
55,1.8333333333333357,SEARCH,0,0,0,0,15.216560013942065,7.711137335634919,18.728147861759812,1.8083403588572198,18.72746067645562,1.8046432616725459,nan,nan,6.8711786258101855,549.6942900648148,nan,0,3.352300002006814,20.37350001046434
56,1.8666666666666691,SEARCH,0,0,0,0,15.208217233209453,7.793517143102517,18.718220007039204,1.4765493943155226,18.712358589222443,1.4783077788959271,nan,nan,7.222248677294569,577.7798941835655,nan,0,3.658700006781146,17.484199997852556
57,1.9000000000000026,SEARCH,0,0,0,0,15.200567536746153,7.8759641977058825,18.757694112405865,1.1420084273627351,18.75195853952345,1.1435958935102213,nan,nan,7.611646407837526,608.9317126270021,nan,0,3.1584000098519027,20.399300003191456
58,1.933333333333336,SEARCH,0,0,0,0,15.193673331503742,7.958477860834036,18.84563385795706,0.8126719974664941,18.84930461503168,0.8089030786847001,nan,nan,8.029947673967362,642.3958139173889,nan,0,3.0171000107657164,18.60060000035446
59,1.9666666666666694,SEARCH,0,0,0,0,15.187538904937448,8.041051485433261,18.97992028822778,0.49571694633215824,18.984423646368246,0.49218631264065493,nan,nan,8.449952611506834,675.9962089205467,nan,0,4.421799996634945,17.7036999957636
60,2.0000000000000027,SEARCH,0,0,0,0,15.182289542465133,8.123686095993154,19.157501512964355,0.1974797393094881,19.151012782184505,0.2030792139545275,nan,nan,8.859276354944928,708.7421083955942,nan,0,3.4582999942358583,17.902499996125698
61,2.033333333333336,SEARCH,0,0,0,0,15.177898186095023,8.20637074183494,19.374611116149175,-0.07656922904420554,19.366088159151488,-0.07397365895153693,nan,nan,9.279280071538238,742.342405723059,nan,0,3.7432000099215657,20.988399992347695
62,2.066666666666669,SEARCH,0,0,0,0,15.174082058734873,8.28908393208125,19.626957394515664,-0.3218239048771721,19.630009592717286,-0.3260867912499769,nan,nan,9.699301870766064,775.9441496612851,nan,0,3.1598999921698123,18.899700007750653
63,2.1000000000000023,SEARCH,0,0,0,0,15.170734713909019,8.371817419565868,19.90988591858652,-0.5345208250373822,19.915203534086398,-0.5374636304235483,nan,nan,10.093823518039924,807.505881443194,nan,0,3.2584000000497326,16.56350000121165
64,2.1333333333333355,SEARCH,0,0,0,0,15.167847961242956,8.454568258400263,20.218518027491996,-0.711703077533499,20.215090583002542,-0.7047594483325207,nan,nan,10.457912895134928,836.6330316107942,nan,0,3.2414999877801165,21.323300010408275
65,2.1666666666666687,SEARCH,0,0,0,0,15.165474191390128,8.537335400947512,20.54786783306073,-0.851174398143474,20.540185922347973,-0.8403260815391946,nan,nan,10.808703024461845,864.6962419569477,nan,0,3.385899995919317,20.64450000762008
66,2.200000000000002,SEARCH,0,0,0,0,15.16350196541701,8.62011308509887,20.89294018315085,-0.9514468100216252,20.89215858006403,-0.9481992412501705,nan,nan,11.152134655889968,892.1707724711976,nan,0,3.755600002477877,20.58989999932237
67,2.233333333333335,SEARCH,0,0,0,0,15.1619415092838,8.702899555282151,21.248811860282085,-1.011684416580318,21.25402652903404,-1.019433512901646,nan,nan,11.473328208351989,917.866256668159,nan,0,3.2251999946311116,15.891200004261918
68,2.2666666666666684,SEARCH,0,0,0,0,15.160938426630658,8.78569465473823,21.610698095795286,-1.0316453347729886,21.610750767080866,-1.0364767314182928,nan,nan,11.750537433073251,940.0429946458603,nan,0,3.089299993007444,19.35470000898931
69,2.3000000000000016,SEARCH,0,0,0,0,15.160466684669784,8.86849448643053,21.974006278641298,-1.0116232684480075,21.96360200430929,-1.0105466307099051,nan,nan,11.994919906838806,959.5935925471044,nan,0,3.1485999934375286,18.87289999285713
70,2.333333333333335,SEARCH,0,0,0,0,15.16062957560447,8.951295501734053,22.33437854165489,-0.952389840368583,22.32761513122599,-0.9541651056352172,nan,nan,12.226358075838933,978.1086460671147,nan,0,3.4315999946556985,17.433200002415106
71,2.366666666666668,SEARCH,0,0,0,0,15.16148716123876,9.03409223606356,22.687724722708015,-0.855138503946338,22.691068879159275,-0.8634721049684397,nan,nan,12.436091859250277,994.8873487400222,nan,0,2.994800001033582,17.836499988334253
72,2.4000000000000012,SEARCH,0,0,0,0,15.163160596635194,9.116876499560464,23.03024702658252,-0.7214306238365249,23.032994879163702,-0.7279355595952277,nan,nan,12.6037540484793,1008.300323878344,nan,0,3.4207999997306615,19.391599998925813
73,2.4333333333333345,SEARCH,0,0,0,0,15.165625400060799,9.199640981150237,23.358457557077344,-0.5531441342722911,23.35277229916004,-0.5484185567445168,nan,nan,12.73004474076078,1018.4035792608624,nan,0,3.0340000084834173,16.84959999693092
74,2.4666666666666677,SEARCH,0,0,0,0,15.168895116371973,9.282377572958188,23.669189747955233,-0.35242504436132305,23.6672491304394,-0.345069023251786,nan,nan,12.841719079285726,1027.3375263428582,nan,0,3.3208000095328316,18.976899998961017
75,2.500000000000001,SEARCH,0,0,0,0,15.172960850026492,9.365078869674754,23.959604595328635,-0.12164195186691176,23.966969188860748,-0.12448264284185574,nan,nan,12.937788078467007,1035.0230462773604,nan,0,2.8466999938245863,17.288899995037355
76,2.533333333333334,SEARCH,0,0,0,0,15.177880613351553,9.447733758202755,24.22719248207509,0.1366563555763685,24.233812770664326,0.13357955151314613,nan,nan,12.99089588226483,1039.2716705811865,nan,0,3.2121999975061044,19.243200003984384
77,2.5666666666666673,SEARCH,0,0,0,0,15.183793561301703,9.530323537929364,24.469771285743906,0.4197801956830477,24.46625961156811,0.42583816197933777,nan,nan,13.002147127887621,1040.1717702310098,nan,0,3.1070999975781888,17.423900004359894
78,2.6000000000000005,SEARCH,0,0,0,0,15.190745981028446,9.612832316424104,24.685481373974316,0.7249352143559097,24.67809535020357,0.7319696967177489,nan,nan,12.995365286242832,1039.6292228994266,nan,0,3.2226999901467934,17.75330000964459
79,2.6333333333333337,SEARCH,0,0,0,0,15.198627165125709,9.695257565019276,24.872778014496966,1.0492556024769981,24.87263349836955,1.0475195679435347,nan,nan,12.975737782558241,1038.0590226046593,nan,0,2.9463999962899834,18.91020000039134
80,2.666666666666667,SEARCH,0,0,0,0,15.207479665589672,9.777584157954283,25.03042165919097,1.389834398614012,25.035885928392794,1.3832664436450146,nan,nan,12.925252011294559,1034.0201609035646,nan,0,3.0097999988356605,19.41189999342896
81,2.7,SEARCH,0,0,0,0,15.217215116780936,9.859811012806293,25.157466502349557,1.743750987801055,25.155916609914907,1.7455905574963408,nan,nan,12.830368699573441,1026.4294959658753,nan,0,3.016100003151223,17.0397000038065
82,2.7333333333333334,SEARCH,0,0,0,0,15.228464595109102,9.941844444443005,25.25324766129061,2.1080959189584547,25.249272221249896,2.113655670949006,nan,nan,12.716018439495082,1017.2814751596067,nan,0,3.4334999945713207,19.442100005107932
83,2.7666666666666666,SEARCH,0,0,0,0,15.241406252086534,10.023627989141369,25.31736728185082,2.479993171430478,25.316777097870332,2.481799483137463,nan,nan,12.585399274319558,1006.8319419455646,nan,0,2.9484999977285042,18.29340000404045
84,2.8,SEARCH,0,0,0,0,15.256180488425459,10.105100417663861,25.349679831334004,2.856620005565717,25.359025147018393,2.8465942899750813,nan,nan,12.43999121387774,995.199297110219,nan,0,2.84319999627769,18.29609999549575
85,2.833333333333333,SEARCH,0,0,0,0,15.272657943598304,10.186245523121785,25.350276806444995,3.2352245340492596,25.353168501991853,3.2329555272899473,nan,nan,12.24601710287957,979.6813682303656,nan,0,2.9030000005150214,16.512800008058548
86,2.8666666666666663,SEARCH,0,0,0,0,15.290981986130895,10.26699367563325,25.31947105301226,3.613141150453393,25.31086427285874,3.6166033267896447,nan,nan,12.02604393937901,962.0835151503209,nan,0,3.4635000047273934,17.530199998873286
87,2.8999999999999995,SEARCH,0,0,0,0,15.31111606844657,10.347309635429896,25.257780867342966,3.987803949703766,25.256009491652566,3.99361897162505,nan,nan,11.801283415385242,944.1026732308194,nan,0,2.817600005073473,16.645399999106303
88,2.9333333333333327,SEARCH,0,0,0,0,15.332729054545096,10.427240314775538,25.165914025388457,4.356758272252641,25.17252821166707,4.352997139676526,nan,nan,11.563653298276254,925.0922638621003,nan,0,3.2278999860864133,18.33200000692159
89,2.966666666666666,SEARCH,0,0,0,0,15.355849974240263,10.506747910269306,25.044751865112097,4.717670500017281,25.051734040545117,4.713104428570665,nan,nan,11.294975547572182,903.5980438057746,nan,0,2.967799999169074,20.868500010692514
90,2.999999999999999,SEARCH,0,0,0,0,15.380314513185326,10.58585240447132,24.895333529183766,5.068336227819787,24.886767407731558,5.067242561908694,nan,nan,10.992165447747569,879.3732358198055,nan,0,3.385899995919317,19.947000007960014
91,3.0333333333333323,SEARCH,0,0,0,0,15.406098198695172,10.664536813538684,24.71884045906206,5.406686929342046,24.714648417859074,5.408760871533804,nan,nan,10.689821698010384,855.1857358408307,nan,0,3.4136999893235043,20.285200007492676
92,3.0666666666666655,SEARCH,0,0,0,0,15.433228149642442,10.742767245151642,24.516581217393146,5.730795231631281,24.520995711389595,5.721109603975279,nan,nan,10.38289770350882,830.6318162807057,nan,0,3.1260000105248764,17.8031999967061
93,3.0999999999999988,SEARCH,0,0,0,0,15.461643987986877,10.82053982900954,24.289976703216656,6.038878907070443,24.297459887664985,6.031639488882694,nan,nan,10.050134779229156,804.0107823383325,nan,0,3.089999998337589,18.94690000335686
94,3.133333333333332,SEARCH,0,0,0,0,15.491333953161044,10.897834981747003,24.040545813517657,6.329303686549738,24.03701724326406,6.331986513445093,nan,nan,9.688946027831964,775.1156822265572,nan,0,3.1479000026592985,19.561199995223433
95,3.166666666666665,SEARCH,0,0,0,0,15.522148285094977,10.974688814548083,23.769891595019807,6.600584992406982,23.76285841561542,6.606266622334658,nan,nan,9.326972494045696,746.1577995236556,nan,0,3.4108999971067533,18.473200005246326
96,3.1999999999999984,SEARCH,0,0,0,0,15.554010839713639,11.05111402165885,23.47968792162212,6.851388684594926,23.481302052849337,6.8521155963399085,nan,nan,8.970704194972065,717.6563355977652,nan,0,3.170500000123866,20.25700001104269
97,3.2333333333333316,SEARCH,0,0,0,0,15.587047270993725,11.127039174783668,23.171666725404197,7.080530908520526,23.183431282989865,7.074598612553388,nan,nan,8.609722676609266,688.7778141287413,nan,0,3.02469999587629,18.856100010452792
98,3.266666666666665,SEARCH,0,0,0,0,15.621155123381186,11.20248908581255,22.847605802543487,7.286977128111503,22.852483815146414,7.291401211451011,nan,nan,8.221236099840757,657.6988879872606,nan,0,2.9328000091481954,18.972699996083975
99,3.299999999999998,SEARCH,0,0,0,0,15.656452255250507,11.277390001364703,22.50931720969953,7.469840422919067,22.50156850208732,7.479953387062478,nan,nan,7.827907847717195,626.2326278173755,nan,0,2.965399995446205,17.95390000916086
100,3.3333333333333313,SEARCH,0,0,0,0,15.692501185173237,11.351931998387704,22.158636261333598,7.628379123475808,22.16122216763685,7.635320245712364,nan,nan,7.460399055619577,596.8319244495663,nan,0,3.1528999970760196,18.84330000029877
101,3.3666666666666645,SEARCH,0,0,0,0,15.729302407011344,11.426105475722755,21.797411133968225,7.761993854703217,21.806525490809307,7.756269435198949,nan,nan,7.0993194726378,567.9455578110241,nan,0,3.497600002447143,18.5602999990806
102,3.3999999999999977,SEARCH,0,0,0,0,15.766729042771546,11.499965353900452,21.42749307948019,7.870224052909374,21.42984543438694,7.868577209778361,nan,nan,6.727396756417258,538.1917405133808,nan,0,3.0082000012043864,17.597300000488758
103,3.433333333333331,SEARCH,0,0,0,0,15.804726398750168,11.573533251840958,21.050727246101417,7.952744017836182,21.045614784093537,7.957169646731154,nan,nan,6.367495331132156,509.3996264905725,nan,0,2.956700001959689,17.49819998804014
104,3.466666666666664,SEARCH,0,0,0,0,15.843301200938892,11.646800019920708,20.668944102821065,8.009358557307543,20.66396473342865,8.00986177612563,nan,nan,6.038718132406566,483.09745059252526,nan,0,3.24469999759458,19.73139999608975
105,3.4999999999999973,SEARCH,0,0,0,0,15.882674830066676,11.719640612985692,20.283951460291295,8.039998278293513,20.286631181602914,8.034859070105323,nan,nan,5.742163927039022,459.3731141631217,nan,0,3.1042999908095226,18.470800001523457
106,3.5333333333333306,SEARCH,0,0,0,0,15.92280659613552,11.792066271567071,19.897527079096704,8.044714574638151,19.900866558657626,8.044651699972167,nan,nan,5.465169442645232,437.2135554116186,nan,0,3.2285999914165586,21.66939999733586
107,3.5666666666666638,SEARCH,0,0,0,0,15.963707959347232,11.864060112665976,19.511411854316222,8.023674358297,19.508446384800564,8.029390259766478,nan,nan,5.222055475157424,417.7644380125939,nan,0,3.053600012208335,16.41689999087248
108,3.599999999999997,SEARCH,0,0,0,0,16.005427308417364,11.935583050119044,19.12730356365308,7.9771545776897055,19.123464040023514,7.984202951701567,nan,nan,5.033443924572407,402.67551396579256,nan,0,2.860699998564087,19.035799996345304
109,3.63333333333333,SEARCH,0,0,0,0,16.047913124299967,12.006653368238076,18.746851165004177,7.9055365636895285,18.75355356016496,7.9076245259750975,nan,nan,4.911468987776619,392.9175190221295,nan,0,3.918699992937036,19.13800000329502
110,3.6666666666666634,SEARCH,0,0,0,0,16.091080813126318,12.077311597129992,18.37164962815846,7.809300240839646,18.37522559261201,7.806287552469252,nan,nan,4.843445443454683,387.4756354763747,nan,0,3.8403999933507293,18.6225000070408
111,3.6999999999999966,SEARCH,0,0,0,0,16.135001721319725,12.14750410735877,18.00323528433158,7.689018238600842,18.001389627717188,7.689539221602993,nan,nan,4.832892998999484,386.6314399199588,nan,0,3.5017999907722697,16.830200009280816
112,3.73333333333333,SEARCH,0,0,0,0,16.179858656628088,12.21710216784534,17.64308167644019,7.545349934791451,17.637701456703084,7.544995553727529,nan,nan,4.8942707161960195,391.5416572956816,nan,0,3.116000007139519,16.697999992175028
113,3.766666666666663,SEARCH,0,0,0,0,16.225627712110025,12.28610382165916,17.292595892375022,7.379035460872905,17.297672154251924,7.380834373225855,nan,nan,5.02105045261054,401.6840362088432,nan,0,3.189900002325885,16.7793000000529
114,3.7999999999999963,SEARCH,0,0,0,0,16.27252203356186,12.354345724360673,16.9531153630308,7.190889696357642,16.959186109997592,7.1825445633556155,nan,nan,5.217186483425775,417.374918674062,nan,0,3.0264000088209286,17.72809999238234
115,3.8333333333333295,SEARCH,0,0,0,0,16.320644517098906,12.421727185067441,16.625905106477692,6.981796277365536,16.622588900228852,6.975267680983885,nan,nan,5.454822778067664,436.38582224541307,nan,0,3.1657999934395775,17.58360001258552
116,3.8666666666666627,SEARCH,0,0,0,0,16.370112587501605,12.48812706970126,16.312155399400137,6.752701642225083,16.299271874245335,6.756117450212945,nan,nan,5.732447355585679,458.5957884468543,nan,0,3.332000007503666,15.501399990171194
117,3.899999999999996,SEARCH,0,0,0,0,16.42087074470237,12.553546058888907,16.01297985677211,6.5046091350015285,16.003543105914343,6.506033789828901,nan,nan,6.061894671018929,484.95157368151433,nan,0,3.4651000023586676,16.59749999816995
118,3.933333333333329,SEARCH,0,0,0,0,16.47275632945506,12.618074508146753,15.729413900672073,6.238573185931103,15.730004313880809,6.231361665219675,nan,nan,6.429757498899106,514.3805999119286,nan,0,3.3804999984567985,18.428199997288175
119,3.9666666666666623,SEARCH,0,0,0,0,16.5257588355005,12.68168872842535,15.462413599156422,5.955693585943774,15.465588494154266,5.946422733513427,nan,nan,6.818193981905112,545.455518552409,nan,0,3.1050999969011173,19.153600005665794
120,3.9999999999999956,SEARCH,0,0,0,0,16.579723869169545,12.744488488057453,15.212854856197506,5.657109870761957,15.20768645162116,5.656477828959845,nan,nan,7.219583213637345,577.5666570909876,nan,0,3.249000001233071,21.431900007883087
121,4.033333333333329,SEARCH,0,0,0,0,16.634632443559465,12.806464960425744,14.981532933843821,5.343995828465036,14.982095713794365,5.351647817221616,nan,nan,7.635782624055826,610.862609924466,nan,0,4.663200001232326,20.24249998794403
122,4.066666666666662,SEARCH,0,0,0,0,16.690605159770964,12.867482086781036,14.769162287967779,5.0175541429050075,14.77323357988293,5.015066172253991,nan,nan,8.083115084550013,646.6492067640011,nan,0,3.2099999953061342,18.949700010125525
123,4.099999999999995,SEARCH,0,0,0,0,16.74739538017552,12.927739082517244,14.576376699224049,4.679011183943077,14.579072040790695,4.674475969109684,nan,nan,8.533345072318053,682.6676057854442,nan,0,3.4111999993911013,20.05069999722764
124,4.133333333333328,SEARCH,0,0,0,0,16.805311671548395,12.986914566143176,14.40372968114281,4.32961195414651,14.397032470243195,4.333542680135918,nan,nan,8.982241018196962,718.579281455757,nan,0,3.414200007682666,19.291999997221865
125,4.166666666666662,SEARCH,0,0,0,0,16.864314425959982,13.045006817266685,14.251695147621602,3.970615200335807,14.240757852135708,3.9772663677429363,nan,nan,9.439648614010254,755.1718891208203,nan,0,4.190300009213388,19.69799998914823
126,4.199999999999995,SEARCH,0,0,0,0,16.92431051735245,13.102072601116358,14.120668322451966,3.6032886972004983,14.12429523752979,3.601285744336659,nan,nan,9.904798658488634,792.3838926790906,nan,0,3.7240999954519793,20.339900001999922
127,4.233333333333328,SEARCH,0,0,0,0,16.98554428058697,13.15780823521959,14.010966873918004,3.2289047091041105,14.019236984264168,3.220067510427335,nan,nan,10.371001383155457,829.6801106524366,nan,0,3.2664000027580187,18.62760000221897
128,4.266666666666661,SEARCH,0,0,0,0,17.047788691907527,13.212412886377786,13.922832257929297,2.848735635171682,13.921193414033944,2.846588956190002,nan,nan,10.82709119677465,866.167295741972,nan,0,3.2460000074934214,18.713400000706315
129,4.2999999999999945,SEARCH,0,0,0,0,17.110983268104096,13.265915037811974,13.856431253596424,2.4640498417933268,13.850177135994672,2.4688789336062835,nan,nan,11.278689873683184,902.2951898946548,nan,0,3.7345999880926684,18.94370000809431
130,4.333333333333328,SEARCH,0,0,0,0,17.17503754235724,13.318384882662647,13.811857675620283,2.076107685781646,13.808799027852402,2.0780197661164257,nan,nan,11.733600031098934,938.6880024879148,nan,0,3.267499996582046,18.40230000379961
131,4.366666666666661,SEARCH,0,0,0,0,17.23984081214663,13.369926816011667,13.789134248343265,1.68615773058615,13.795414430689423,1.6773127053551977,nan,nan,12.189392841237055,975.1514272989644,nan,0,3.2116999936988577,21.999300006427802
132,4.399999999999994,SEARCH,0,0,0,0,17.305389743898804,13.420517054347728,13.78821462679837,1.2954331571915092,13.794389954216035,1.2909535808638732,nan,nan,12.627487065145868,1010.1989652116694,nan,0,3.9558999997098,18.78519999445416
133,4.433333333333327,SEARCH,0,0,0,0,17.37183712019545,13.469921313800157,13.808985550588906,0.9051483706054211,13.80411732848791,0.9113197002928007,nan,nan,13.055539016024243,1044.4431212819395,nan,0,3.1014999985927716,22.172600001795217
134,4.466666666666661,SEARCH,0,0,0,0,17.439024062786192,13.518315005683078,13.85126911693415,0.5164958021736463,13.84440893193903,0.522006014228798,nan,nan,13.484261393946303,1078.7409115157043,nan,0,3.4951999987242743,21.040799998445436
135,4.499999999999994,SEARCH,0,0,0,0,17.506721373369633,13.565992136558584,13.914825159723184,0.13064290734161516,13.916966081045503,0.12977070178412684,nan,nan,13.907494005142036,1112.599520411363,nan,0,3.0613999988418072,22.40159999928437
136,4.533333333333327,SEARCH,0,0,0,0,17.574964627412317,13.612884491440981,13.999353721928113,-0.251270642088467,13.999395581067942,-0.25137645469546993,nan,nan,14.317905768223941,1145.4324614579155,nan,0,4.189500003121793,20.513199997367337
137,4.56666666666666,SEARCH,0,0,0,0,17.643816397573133,13.658878712974484,14.104497609237233,-0.6281355726812785,14.095734042192284,-0.6271154458309951,nan,nan,14.720003991371374,1177.60031930971,nan,0,3.321299998788163,16.412500001024455
138,4.599999999999993,SEARCH,0,0,0,0,17.713223195228867,13.70403102308069,14.229845013277018,-0.9988754330313145,14.227454506731048,-0.9976522551528757,nan,nan,15.109271145995237,1208.741691679619,nan,0,3.2909000001382083,23.47889999509789
139,4.633333333333327,SEARCH,0,0,0,0,17.78313794188568,13.748392750601884,14.374932193297388,-1.3624488287650154,14.380546695924904,-1.3658926061975358,nan,nan,15.492554632269343,1239.4043705815475,nan,0,3.245900006731972,17.98889999918174
140,4.66666666666666,SEARCH,0,0,0,0,17.85358533745848,13.791903658725715,14.539246205696655,-1.7178514716847664,14.547937057420297,-1.729517740005472,nan,nan,15.869525285537366,1269.562022842989,nan,0,3.3297000045422465,18.701900000451133
141,4.699999999999993,SEARCH,0,0,0,0,17.924487616894297,13.834669315970238,14.722227671259297,-2.0641180462235256,14.722252824768763,-2.0685577785982,nan,nan,16.222420894715896,1297.7936715772719,nan,0,3.7099000037414953,18.178099999204278
142,4.733333333333326,SEARCH,0,0,0,0,17.99598444638224,13.876433391943769,14.923273570470656,-2.4003238967102027,14.917262317246816,-2.3993154401251386,nan,nan,16.5643753275824,1325.150026206592,nan,0,3.1864999909885228,19.94540001032874
143,4.7666666666666595,SEARCH,0,0,0,0,18.06781802784495,13.917615563365286,15.141740057756556,-2.725586539244418,15.141927688791208,-2.7309372643933227,nan,nan,16.903702125121505,1352.2961700097203,nan,0,3.944599986425601,20.236100011970848
144,4.799999999999993,SEARCH,0,0,0,0,18.140073355043494,13.95805319880781,15.376945285972118,-3.0390670022466697,15.3796351133061,-3.049592360770855,nan,nan,17.230206811489587,1378.4165449191669,nan,0,3.453199999057688,19.328399997903034
145,4.833333333333326,SEARCH,0,0,0,0,18.212796866144856,13.997642662075721,15.628172232931824,-3.3399709999880036,15.628420526297841,-3.3468079738526466,nan,nan,17.535933648600437,1402.874691888035,nan,0,4.444699996383861,21.32700000947807
146,4.866666666666659,SEARCH,0,0,0,0,18.285979938627182,14.036376014251815,15.894671522231706,-3.6275499436135736,15.88606035757871,-3.626107037764271,nan,nan,17.824783913367796,1425.9827130694237,nan,0,3.531700000166893,23.06940000562463
147,4.899999999999992,SEARCH,0,0,0,0,18.359609663879898,14.074253424775243,16.17566423106366,-3.901101794358647,16.17157845374053,-3.8993585770092776,nan,nan,18.106303017657595,1448.5042414126074,nan,0,3.5647000040626153,17.644899999140762
148,4.933333333333326,SEARCH,0,0,0,0,18.433735492245912,14.111150528154816,16.47034467816106,-4.159971763815082,16.476294042835686,-4.1643309976683796,nan,nan,18.380010936573843,1470.4008749259076,nan,0,4.157999996095896,17.699899995932356
149,4.966666666666659,SEARCH,0,0,0,0,18.50832974700442,14.147091199069163,16.7778831854434,-4.403552866242577,16.78320317280752,-4.404719070668116,nan,nan,18.63184708989771,1490.547767191817,nan,0,3.0888000037521124,21.307000002707355
150,4.999999999999992,SEARCH,0,0,0,0,18.5832900849997,14.182261959600952,17.097428807345633,-4.631286328033417,17.096439705154182,-4.630654488307728,nan,nan,18.871580467147943,1509.7264373718353,nan,0,3.67960000585299,20.503799998550676
151,5.033333333333325,SEARCH,0,0,0,0,18.658733474039852,14.216384235593141,17.428112022224497,-4.8426618595333295,17.417260206943173,-4.843122867124098,nan,nan,19.099897038241977,1527.9917630593584,nan,0,3.2266000052914023,21.09359999303706
152,5.066666666666658,SEARCH,0,0,0,0,18.734607171414495,14.249538672934955,17.769047380629583,-5.037217794495715,17.77259578657338,-5.03509851999846,nan,nan,19.30861718424276,1544.6893747394208,nan,0,3.6078999983146787,18.524200000683777
153,5.099999999999992,SEARCH,0,0,0,0,18.81084456297571,14.281848033756445,18.11933610561079,-5.214541102503074,18.127226982455326,-5.21998944520341,nan,nan,19.513815568774856,1561.1052455019883,nan,0,3.6702999932458624,19.56820000486914
154,5.133333333333325,SEARCH,0,0,0,0,18.887300275831787,14.313637318750288,18.478068640605972,-5.374267279729169,18.47455344566887,-5.369893230656404,nan,nan,19.687857548124324,1575.0286038499462,nan,0,3.4139999916078523,19.505700009176508
155,5.166666666666658,SEARCH,0,0,0,0,18.96409552265568,14.344597369364077,18.844327140813135,-5.5160801234392824,18.839158984372038,-5.509037324969235,nan,nan,19.85402779575554,1588.3222236604433,nan,0,3.939699992770329,21.46299999731127
156,5.199999999999991,SEARCH,0,0,0,0,19.041189078551586,14.374806942483795,19.217187904300154,-5.6397113956351275,19.217135947548925,-5.640304079215049,nan,nan,20.015884354972687,1601.2707483978152,nan,0,3.5555999929783866,18.256499999552034
157,5.2333333333333245,SEARCH,0,0,0,0,19.118607259568478,14.404174610365102,19.595723739441766,-5.744940381246318,19.60711257998078,-5.753008570859547,nan,nan,20.16310172690494,1613.0481381523953,nan,0,3.8867999974172562,21.328500006347895
158,5.266666666666658,SEARCH,0,0,0,0,19.196319916356057,14.432753932326385,19.979006265598592,-5.831593346252925,19.980865056594713,-5.8299605705875,nan,nan,20.277897082874958,1622.2317666299966,nan,0,3.940499998861924,19.926199995097704
159,5.299999999999991,SEARCH,0,0,0,0,19.274216004078063,14.460829440983508,20.366108144266082,-5.899542901094424,20.35642253943845,-5.895041426725293,nan,nan,20.38461796963614,1630.7694375708911,nan,0,3.2919000077527016,18.15429999260232
160,5.333333333333324,SEARCH,0,0,0,0,19.352312664546634,14.488342097932769,20.756105238222634,-5.948707274680057,20.7571938385815,-5.940996600592268,nan,nan,20.47758703490746,1638.206962792597,nan,0,4.101400001673028,22.19649999460671
161,5.366666666666657,SEARCH,0,0,0,0,19.430557418716102,14.515430713875821,21.148078696495862,-5.9790495042652765,21.15228714321191,-5.983799895588942,nan,nan,20.571407555736908,1645.7126044589525,nan,0,2.937699988251552,23.985200008610263
162,5.399999999999991,SEARCH,0,0,0,0,19.508889920041415,14.542264534044975,21.541116963244146,-5.990576546399157,21.543459463694568,-5.9941896031007325,nan,nan,20.636991586833823,1650.959326946706,nan,0,3.256900003179908,17.429100000299513
163,5.433333333333324,SEARCH,0,0,0,0,19.58730150649248,14.568866371932195,21.93431770891723,-5.983338314079302,21.93271325301255,-5.974742500336279,nan,nan,20.677060278421166,1654.1648222736933,nan,0,3.3991999953286722,21.01039999979548
164,5.466666666666657,SEARCH,0,0,0,0,19.665884909052192,14.594956283984349,22.32678968231499,-5.957426645174526,22.32717438117668,-5.9481212776931525,nan,nan,20.714741064264796,1657.1792851411838,nan,0,3.38400001055561,21.975199997541495
165,5.49999999999999,SEARCH,0,0,0,0,19.744636555702304,14.6205338682848,22.717654482407703,-5.912974207092126,22.724010485266874,-5.911880521983426,nan,nan,20.74745067968262,1659.7960543746096,nan,0,4.4283000024734065,20.063999996636994
166,5.5333333333333234,SEARCH,0,0,0,0,19.823557288600643,14.645584868016151,23.1060482490144,-5.850153342576563,23.112055846194995,-5.852675354322982,nan,nan,20.76036837115447,1660.8294696923576,nan,0,3.7902000040048733,22.830799993244
167,5.566666666666657,SEARCH,0,0,0,0,19.90267387593174,14.670010270322605,23.491123271658065,-5.769174861430418,23.48329313237978,-5.7618156865769965,nan,nan,20.743199998859453,1659.4559999087562,nan,0,3.101299997069873,19.316099991556257
168,5.59999999999999,SEARCH,0,0,0,0,19.9819791606874,14.693815867953727,23.87204951612843,-5.670286782847208,23.863569084083384,-5.6575958361365,nan,nan,20.718269683609922,1657.4615746887937,nan,0,4.0677999932086095,19.528700009686872
169,5.633333333333323,SEARCH,0,0,0,0,20.061398074370167,14.717239591359707,24.24801606848425,-5.55377303293957,24.25341761463385,-5.556062207546778,nan,nan,20.702168815259366,1656.1735052207493,nan,0,3.5746000066865236,18.270899992785417
170,5.666666666666656,SEARCH,0,0,0,0,20.141018386987575,14.739969318314891,24.61823249641814,-5.419952101935957,24.624828991715844,-5.42073462159392,nan,nan,20.65329370564725,1652.26349645178,nan,0,3.210100010619499,20.40609999676235
171,5.6999999999999895,SEARCH,0,0,0,0,20.22083676970057,14.761993406260435,24.98193012808812,-5.26917566540493,24.978649994899875,-5.266648289414825,nan,nan,20.585997057699757,1646.8797646159805,nan,0,3.216900004190393,20.85129999613855
172,5.733333333333323,SEARCH,0,0,0,0,20.300789906067013,14.783523168310197,25.338363248691326,-5.101827173748686,25.32733990873992,-5.095798296910792,nan,nan,20.50496590699353,1640.3972725594822,nan,0,3.374799998709932,19.936099997721612
173,5.766666666666656,SEARCH,0,0,0,0,20.380856747005083,14.804626145610774,25.686810215217175,-4.91832041408728,25.687105167194577,-4.921568556489857,nan,nan,20.42740878628385,1634.1927029027077,nan,0,3.5282999888295308,21.901500003878027
174,5.799999999999989,SEARCH,0,0,0,0,20.461058006301272,14.825212371006804,26.02657448996963,-4.719098048532309,26.03650164684563,-4.726945144557369,nan,nan,20.331562539616062,1626.5250031692851,nan,0,3.9670999976806343,22.611599997617304
175,5.833333333333322,SEARCH,0,0,0,0,20.541390020784196,14.845282301695928,26.3569855935917,-4.504630132724191,26.354774707864877,-4.509837567320752,nan,nan,20.209307426628662,1616.7445941302929,nan,0,3.399099994567223,19.97000000847038
176,5.866666666666656,SEARCH,0,0,0,0,20.621824103636175,14.864939183048564,26.677399978459754,-4.275412618380856,26.669124027376025,-4.2743576195163255,nan,nan,20.071933600536212,1605.754688042897,nan,0,3.0334999901242554,20.604400007869117
177,5.899999999999989,SEARCH,0,0,0,0,20.702380683805988,14.884087866034491,26.98720182344123,-4.031965843478079,26.983486353634582,-4.031524173385166,nan,nan,19.931198339823695,1594.4958671858956,nan,0,5.206200003158301,24.314899987075478
178,5.933333333333322,SEARCH,0,0,0,0,20.783083651134337,14.902609899755173,27.285803751126878,-3.774833013553146,27.289598085103595,-3.782556870648135,nan,nan,19.785605558517393,1582.8484446813914,nan,0,3.24539998837281,19.26810000441037
179,5.966666666666655,SEARCH,0,0,0,0,20.863882006660436,14.920711292326722,27.57264746875814,-3.50457867749438,27.579227708803984,-3.511651369019476,nan,nan,19.617539631123147,1569.4031704898516,nan,0,3.532999995513819,21.568900003330782
180,5.9999999999999885,SEARCH,0,0,0,0,20.944798641775638,14.938276394956198,27.847204334171952,-3.2217872010495263,27.84345456067774,-3.2203402984700036,nan,nan,19.424901896951233,1553.9921517560988,nan,0,3.2513000041944906,18.26939999591559
181,6.033333333333322,SEARCH,0,0,0,0,21.025846958566728,14.955223519021413,28.10897584817909,-2.9270612411564483,28.106681185116248,-2.9192707069298516,nan,nan,19.225913689014632,1538.0730951211706,nan,0,3.938399997423403,21.875300008105114
182,6.066666666666655,SEARCH,0,0,0,0,21.10697095153627,14.971804605639262,28.35749407487899,-2.6210202240701865,28.3612277784249,-2.6224968302077873,nan,nan,19.031124116192135,1522.489929295371,nan,0,3.781200008234009,20.207199995638803
183,6.099999999999988,SEARCH,0,0,0,0,21.188184583887388,14.98794091838685,28.59232199149333,-2.3042988301315046,28.596895726685077,-2.304331875436479,nan,nan,18.812541007886658,1505.0032806309325,nan,0,3.380000009201467,25.53240000270307
184,6.133333333333321,SEARCH,0,0,0,0,21.269482914982394,15.003644931565574,28.813053769373216,-1.977545487893782,28.81373050097638,-1.9730667328506455,nan,nan,18.577524339252037,1486.2019471401632,nan,0,3.3223999926121905,20.593000008375384
185,6.1666666666666545,SEARCH,0,0,0,0,21.35083905448187,15.019046659861212,29.01931498790092,-1.6414208801977024,29.015125459310703,-1.637918428647146,nan,nan,18.33564212278998,1466.8513698231984,nan,0,3.9681999915046617,21.08030000817962
186,6.199999999999988,SEARCH,0,0,0,0,21.43229697655905,15.03390066940809,29.210762783066425,-1.296596464656894,29.210294939052083,-1.298200602986813,nan,nan,18.08963195524743,1447.1705564197946,nan,0,3.4927999950014055,20.26750000368338
187,6.233333333333321,SEARCH,0,0,0,0,21.513899291242247,15.047939790003614,29.36861022645314,-0.9437530108925826,29.376551097273698,-0.9471755502863609,nan,nan,17.823159320728447,1425.8527456582756,nan,0,3.7146000104257837,20.137499988777563
188,6.266666666666654,SEARCH,0,0,0,0,21.59564248418222,15.061133920392889,29.494888181162512,-0.5835791567316946,29.494855095170145,-0.5853892094393341,nan,nan,17.527442652194456,1402.1954121755564,nan,0,3.0655000009573996,17.16459999443032
189,6.299999999999987,SEARCH,0,0,0,0,21.677543817887795,15.073307917517871,29.59591054493001,-0.21676998546079174,29.587035145290017,-0.21258023542715276,nan,nan,17.210997347120706,1376.8797877696566,nan,0,3.800899998168461,19.565399998100474
190,6.333333333333321,SEARCH,0,0,0,0,21.759575636639962,15.084569151063205,29.676728435944007,0.15597437389215002,29.672307569799663,0.15951862414411394,nan,nan,16.892852331004764,1351.428186480381,nan,0,3.6942000006092712,21.421099998406135
191,6.366666666666654,SEARCH,0,0,0,0,21.84167400152351,15.09533451925005,29.741382748755207,0.5339501213945701,29.74391453503102,0.5300147670577814,nan,nan,16.570876408114668,1325.6701126491735,nan,0,3.81290000223089,20.155400008661672
192,6.399999999999987,SEARCH,0,0,0,0,21.92378909818482,15.105971509851475,29.793106199004164,0.9164511344277168,29.79403833336778,0.9165625763506619,nan,nan,16.225909802103875,1298.07278416831,nan,0,3.137000006972812,21.581099994364195
193,6.43333333333332,SEARCH,0,0,0,0,22.00590503886276,15.11660198281029,29.83448495920333,1.302770287664011,29.82244789519406,1.3034174579566502,nan,nan,15.871433739348186,1269.7146991478548,nan,0,4.148100008023903,19.187199999578297
194,6.4666666666666535,SEARCH,0,0,0,0,22.088031740147912,15.127149001572503,29.867587967362663,1.692200743293025,29.862945714390992,1.694919429122122,nan,nan,15.520118510948649,1241.609480875892,nan,0,3.2534000056330115,21.685200001229532
195,6.499999999999987,SEARCH,0,0,0,0,22.170221965375287,15.137188998874507,29.89407037389013,2.0840372100956928,29.900054487922134,2.079850257441758,nan,nan,15.173806570374603,1213.9045256299682,nan,0,3.3967000053962693,20.0914000015473
196,6.53333333333332,SEARCH,0,0,0,0,22.252443395328175,15.146970160628255,29.915256299112105,2.477577170073977,29.920996410082275,2.4743625930056488,nan,nan,14.812214145868264,1184.9771316694612,nan,0,3.429599993978627,18.0609000090044
197,6.566666666666653,SEARCH,0,0,0,0,22.334711737340328,15.156348570478656,29.932205039289684,2.8721220714484508,29.929170596571787,2.874463765548844,nan,nan,14.440238908208029,1155.2191126566422,nan,0,3.1488999957218766,18.779699996230192
198,6.599999999999986,SEARCH,0,0,0,0,22.41705071139761,15.165085161343814,29.945764031431747,3.266978486938898,29.9388816362033,3.2740998819908547,nan,nan,14.070304594256372,1125.6243675405096,nan,0,2.852700010407716,16.326199998729862
199,6.6333333333333195,SEARCH,0,0,0,0,22.49947305663517,15.172996651360972,29.956611225145398,3.661459236343273,29.959473970340973,3.6645778573256775,nan,nan,13.714784605359144,1097.1827684287314,nan,0,3.3835999929578975,20.285300008254126
200,6.666666666666653,SEARCH,0,0,0,0,22.581954245528316,15.180269075133292,29.96528898011632,4.054884472527888,29.971408593140605,4.051266699682105,nan,nan,13.358844614271263,1068.707569141701,nan,0,3.4485000069253147,18.647899996722117
201,6.699999999999986,SEARCH,0,0,0,0,22.664496138130737,15.186816642189935,29.965235779230333,4.446582730036636,29.95972265787182,4.446419219875598,nan,nan,12.983700041343763,1038.696003307501,nan,0,3.4211000020150095,22.001399993314408
202,6.733333333333319,SEARCH,0,0,0,0,22.747083754873945,15.19275972467533,29.93894963263071,4.835891935619368,29.928017479899207,4.841331175920229,nan,nan,12.598328546405961,1007.866283712477,nan,0,4.044500004965812,21.581099994364195
203,6.766666666666652,SEARCH,0,0,0,0,22.82973001214522,15.197822414454574,29.8886176427386,5.222160380069113,29.886685332935155,5.220656866443087,nan,nan,12.220656724253928,977.6525379403142,nan,0,4.414800001541153,22.582699995837174
204,6.799999999999986,SEARCH,0,0,0,0,22.912422659313908,15.202060429672297,29.816047280805837,5.6047476508446765,29.823536304190483,5.5962790786906105,nan,nan,11.83361851570629,946.6894812565032,nan,0,3.5453000018605962,20.295499998610467
205,6.833333333333319,SEARCH,0,0,0,0,22.99515156187815,15.205519237164351,29.722746658708054,5.9830255250393325,29.721643247295717,5.976447969760043,nan,nan,11.42022096339731,913.617677071785,nan,0,3.970700010540895,18.462699998053722
206,6.866666666666652,SEARCH,0,0,0,0,23.077919605818476,15.207861366760017,29.609988578353935,6.356378822337696,29.601007026123263,6.36260347781563,nan,nan,10.990416580588358,879.2333264470686,nan,0,3.676800013636239,23.83209999243263
207,6.899999999999985,SEARCH,0,0,0,0,23.160713305860288,15.208973977265728,29.478861600097115,6.724206217681539,29.476938995044602,6.731247589491307,nan,nan,10.571970093727971,845.7576074982377,nan,0,3.287400002591312,18.444800007273443
208,6.9333333333333185,SEARCH,0,0,0,0,23.24351442106719,15.20907392347149,29.330310723618297,7.085921013441203,29.33492562128247,7.082260381831665,nan,nan,10.15629798453593,812.5038387628744,nan,0,4.170900007011369,20.98919999843929
209,6.966666666666652,SEARCH,0,0,0,0,23.326312176637543,15.208321366986768,29.16516975640259,7.4409518709624525,29.169525825459893,7.439432538778422,nan,nan,9.721048265019789,777.683861201583,nan,0,3.826100000878796,20.690200006356463
210,6.999999999999985,SEARCH,0,0,0,0,23.409101827744873,15.206939940811493,28.984187030254947,7.788743501429025,28.978913484926444,7.793052839984995,nan,nan,9.272999721787835,741.8399777430268,nan,0,3.1904000061331317,22.29290000104811
211,7.033333333333318,SEARCH,0,0,0,0,23.491879665215464,15.204974160446438,28.788045794542786,8.128757316048869,28.781604059655134,8.133559820040594,nan,nan,8.830973046206605,706.4778436965283,nan,0,3.4706000005826354,21.18779999727849
212,7.066666666666651,SEARCH,0,0,0,0,23.57463429994714,15.202198354405306,28.577380349443562,8.460472035637068,28.579866312102297,8.458243439063274,nan,nan,8.398409099089465,671.8727279271573,nan,0,4.03290000394918,22.971500002313405
213,7.0999999999999845,SEARCH,0,0,0,0,23.657348416173022,15.198402350490431,28.35278877013733,8.783384259730756,28.360691564360053,8.774797040584517,nan,nan,7.961415825533129,636.9132660426503,nan,0,3.3829000021796674,19.624200009275228
214,7.133333333333318,SEARCH,0,0,0,0,23.739989919450398,15.193262641859913,28.114842903005673,9.097008995431025,28.111150760819857,9.095892472943286,nan,nan,7.50233097629771,600.1864781038167,nan,0,3.0475999956252053,22.801800005254336
215,7.166666666666651,SEARCH,0,0,0,0,23.82250584565309,15.186395576135565,27.864096178986365,9.400880146223829,27.860188419998558,9.407432593938609,nan,nan,7.04977260064293,563.9818080514344,nan,0,3.588899999158457,20.291299995733425
216,7.199999999999984,SEARCH,0,0,0,0,23.90488159231486,15.178012794337953,27.601089680494812,9.694550961086314,27.60908188270001,9.69701140291971,nan,nan,6.615321310716369,529.2257048573096,nan,0,4.197200003545731,20.4710999969393
217,7.233333333333317,SEARCH,0,0,0,0,23.987109530368386,15.168286496367147,27.32635681132342,9.977594444236868,27.334626143807434,9.978571177098315,nan,nan,6.175679118307882,494.05432946463054,nan,0,3.3928000048035756,20.9644999995362
218,7.266666666666651,SEARCH,0,0,0,0,24.069102133332603,15.15674319840238,27.040426849321076,10.249603725936442,27.04214155330476,10.248176092776978,nan,nan,5.738727596178103,459.09820769424823,nan,0,3.1657000072300434,20.97219999996014
219,7.299999999999984,SEARCH,0,0,0,0,24.150809615616478,15.143329697458146,26.743827605958487,10.510192394795558,26.73514559587727,10.508397833806221,nan,nan,5.306730239946856,424.53841919574853,nan,0,3.6462999996729195,22.64609999838285
220,7.333333333333317,SEARCH,0,0,0,0,24.23220695466364,15.128147211996525,26.437087372318796,10.758994792085657,26.435855149512584,10.755639932493573,nan,nan,4.896415553848277,391.71324430786217,nan,0,3.0583000043407083,19.456199996056966
221,7.36666666666665,SEARCH,0,0,0,0,24.313264422629636,15.111243911854475,26.120736295390408,10.995666268595448,26.12996704217611,10.984744834254917,nan,nan,4.508703033611441,360.69624268891533,nan,0,3.427799994824454,24.081700001261197
222,7.3999999999999835,SEARCH,0,0,0,0,24.394002509441005,15.092875569338318,25.795307299999738,11.219883404612325,25.798007962321815,11.213017210783095,nan,nan,4.126079518643561,330.0863614914849,nan,0,2.8972000000067055,19.345399996382184
223,7.433333333333317,SEARCH,0,0,0,0,24.474430691099123,15.073194556561539,25.46133664888089,11.43134419364616,25.451611260351527,11.434786832247918,nan,nan,3.7673455686025776,301.3876454882062,nan,0,2.9892999882576987,23.4826000087196
224,7.46666666666665,SEARCH,0,0,0,0,24.554592226992057,15.052454189350792,25.119364215097377,11.629768190547635,25.111369454319508,11.633333252626114,nan,nan,3.4641577419077616,277.1326193526209,nan,0,3.003100006026216,21.91609999863431
225,7.499999999999983,SEARCH,0,0,0,0,24.634421632649715,15.030470089162337,24.7699335263961,11.814896624705863,24.771413548806148,11.809166108550532,nan,nan,3.224215582214948,257.9372465771959,nan,0,3.7844000034965575,18.601200004923157
226,7.533333333333316,SEARCH,0,0,0,0,24.71396997737739,15.007489760186493,24.41359162935684,11.986492479040509,24.418337544324515,11.980360037823779,nan,nan,3.041531339882021,243.3225071905617,nan,0,3.7204999971436337,19.390800007386133
227,7.5666666666666496,ACQUIRING,0,0,1,0,24.79322194982018,14.983507276314345,24.050888811817458,12.14434053553182,24.050469630378103,12.143107770778128,24.785116960313697,14.976759473501744,2.935907076030672,234.87256608245374,0.843701170596977,1,4.586099996231496,22.788300004322082
228,7.599999999999983,ACQUIRING,0,0,1,0,24.87208597184764,14.958278310849959,23.777074883166964,12.391077480912019,23.774575317703437,12.399715966873199,24.857016720461793,14.95374418430157,2.7840206364134383,222.72165091307508,1.2589281558827765,1,5.544799991184846,25.188400002662092
229,7.633333333333316,ACQUIRING,0,0,1,0,24.95050936446882,14.931711298249088,23.59214984340536,12.726703315181107,23.59980620645522,12.72447045884142,24.93419334634681,14.919263686532888,2.587723158341514,207.01785266732114,1.641765848922611,1,4.530000005615875,23.040100000798702
230,7.666666666666649,ACQUIRING,0,0,1,0,25.02835295917971,14.903490571269831,23.496113692532642,13.04806521559956,23.501279368162095,13.043809173013827,25.01461256346123,14.9107314540817,2.4063184858623434,192.50547886898747,1.2425235183818146,1,4.783900003531016,21.88259999093134
231,7.699999999999982,ACQUIRING,0,0,1,0,25.105678319251624,14.873879368009922,23.488966430548814,13.326775440443019,23.48916148449982,13.329335781134926,25.09179329032625,14.890241839015397,2.2357865660193648,178.8629252815492,1.7167867393028526,0,4.568600008497015,21.40470000449568
232,7.733333333333316,ACQUIRING,0,0,1,0,25.182556805574716,14.843126595623989,23.570708057453874,13.558022332393161,23.56171363501269,13.563298961094947,25.174450986573312,14.859234647970446,2.0652097611772424,165.21678089417938,1.442605758102404,1,4.405800005770288,24.69530000234954
233,7.766666666666649,ACQUIRING,0,0,1,0,25.259016976341435,14.811348034374697,23.741338573247823,13.745175879364718,23.738845377300922,13.744696995297387,25.248769073838282,14.834871095392812,1.8570584615714432,148.56467692571545,2.0526726466747385,1,5.666000011842698,19.49099999910686
234,7.799999999999982,ACQUIRING,0,0,1,0,25.334896636931,14.778207247154667,24.00085797793066,13.899978444762601,24.006732052167074,13.894555448869077,25.327419537218898,14.81560866693352,1.5952622558170446,127.62098046536357,3.0513191603146623,1,5.437400002847426,22.55670000158716
235,7.833333333333315,ACQUIRING,0,0,1,0,25.410232477691014,14.743848176071001,24.296715057659366,14.029317858441608,24.296177715903333,14.021963531870279,25.415686990881103,14.778458180974221,1.32749216637787,106.1993733102296,2.8029745954373513,1,4.331600008299574,21.19269999093376
236,7.8666666666666485,ACQUIRING,0,0,1,0,25.484903656748724,14.708067599120897,24.56009950700807,14.127713261288049,24.556857566062376,14.130601117279273,25.49008961440999,14.725140348848424,1.0930402938998884,87.44322351199108,1.4274406526327115,1,4.764500001328997,21.77750000555534
237,7.899999999999982,ACQUIRING,0,0,1,0,25.55873054101073,14.6705759223257,24.791668828306058,14.19437191192208,24.787596606480854,14.202313972290527,25.574383234310172,14.668883452409158,0.9021733751526184,72.17387001220948,1.2595142224076137,1,4.305099995690398,20.008699997561052
238,7.933333333333315,ACQUIRING,0,0,1,0,25.63176410287207,14.631561392845049,25.00274147585356,14.235913006406394,25.013042226890594,14.231160148361024,25.65484118222962,14.628517625635888,0.7369789117759009,58.95831294207207,1.862155500270932,0,4.041799998958595,19.3509999953676
239,7.966666666666648,ACQUIRING,0,0,1,0,25.703972278499993,14.591039620410497,25.19324033449953,14.266071492315913,25.20141386146865,14.26087882253886,25.7210275983467,14.583511132934701,0.6013078371186288,48.104626969490305,1.4914413082582485,1,4.484799996134825,22.494099990581162
240,7.999999999999981,ACQUIRING,0,0,1,0,25.775531790798404,14.549383037877064,25.35991983441907,14.283009898304888,25.356427322954413,14.28260037592297,25.79777659995966,14.541939270187765,0.4968113763654237,39.7449101092339,1.8765776714571076,0,3.7728000024799258,21.950800000922754
241,8.033333333333315,ACQUIRING,0,0,1,0,25.846592210182827,14.506880667758908,25.513573268923928,14.291173177982666,25.505002271595497,14.2944847172811,25.870632837821063,14.490134312453502,0.4022383943925139,32.179071551401115,2.3438664716304407,1,4.483600001549348,18.73330000671558
242,8.066666666666649,ACQUIRING,0,0,1,0,25.917084804411026,14.463443024778085,25.653484446658968,14.286931789015489,25.654691623073433,14.28436681783189,25.931145622481065,14.451753632527677,0.317676674476896,25.41413395815168,1.4628159058093935,1,4.677200005971827,20.634400003473274
243,8.099999999999982,ACQUIRING,0,0,1,0,25.987040769108976,14.419146324314843,25.77659396301012,14.279780889981296,25.77830794039427,14.277751250842465,26.003562024670487,14.411219023310949,0.25211497493306806,20.169197994645447,1.4659745952179968,1,5.310199994710274,21.76030000555329
244,8.133333333333315,ACQUIRING,0,0,1,0,26.0565918926974,14.374216647303557,25.892919619766495,14.267729736463068,25.884068774592663,14.266134118324747,26.087728894372205,14.378587184913721,0.20358305271077193,16.286644216861752,2.5153792204578065,1,4.180600008112378,19.45549999072682
245,8.166666666666648,ACQUIRING,0,0,1,0,26.121310067202778,14.322567905233273,26.008273585338266,14.255578944483899,26.001679879122577,14.260424219768742,26.15385613195159,14.333423994068884,0.134808084116713,10.78464672933704,2.7447124386388766,1,4.387900000438094,20.187399990390986
246,8.199999999999982,ACQUIRING,0,0,1,0,26.18054865001843,14.264716155261953,26.111977992406455,14.235712794659591,26.113616910214674,14.235314925907698,26.208182310435774,14.273965145374602,0.07310465156677261,5.848372125341808,2.3312321290372786,1,4.633399992599152,19.02140000311192
247,8.233333333333315,ACQUIRING,0,0,1,0,26.233715748806535,14.201239432952063,26.20217647343901,14.203646721068095,26.2116663562734,14.20284688782293,26.257973032443317,14.220662517897173,0.022107908590414015,1.7686326872331213,2.486021127144674,1,4.048200004035607,20.097000000532717
248,8.266666666666648,ACQUIRING,0,0,1,0,26.28028013549071,14.13277197673031,26.281026927380164,14.166972979866735,26.28469311962449,14.166735795796757,26.31088393901261,14.156416805712885,0.0342493129061491,2.7399450324919274,3.093912192804105,1,4.92110000050161,18.831499997759238
249,8.299999999999981,ACQUIRING,0,0,1,0,26.319776554111346,14.059997890786931,26.35357280853783,14.120824024011814,26.34758315892172,14.128300583272804,26.3592042202693,14.072488296188183,0.0737459495287698,5.8996759623015835,3.3087047237257514,1,4.2706999956863,19.994599992060103
250,8.333333333333314,ACQUIRING,0,0,1,0,26.351810369509366,13.983644309732757,26.41892052972391,14.05896640696261,26.419532850413518,14.057119432972156,26.385937464245387,14.001441930636663,0.0999246123578077,7.993968988624616,3.0791312072965353,1,6.204100005561486,18.116699997335672
251,8.366666666666648,ACQUIRING,0,0,1,0,26.376061510390283,13.904474133310542,26.468609342375405,13.994331306650224,26.477116059341707,13.988108003903081,26.392495649488858,13.932176309143248,0.1311741063398772,10.493928507190175,2.576809157111924,1,6.46950000373181,18.057399996905588
252,8.39999999999998,ACQUIRING,0,0,1,0,26.392287667370777,13.823278403752916,26.49902226723504,13.927739493260008,26.50340496535827,13.922043613947281,26.39213127917623,13.859726733632117,0.14866613823187433,11.893291058549947,2.9158932306933036,1,8.4591999911936,19.98029999958817
253,8.433333333333314,ACQUIRING,0,0,1,0,26.400326714053957,13.740868401949879,26.514444039100653,13.858178307896265,26.508291510059102,13.864152506258364,26.417830260158922,13.792014464863897,0.16387607376178542,13.110085900942833,4.3246596187748025,0,5.0365000060992315,20.56829999492038
254,8.466666666666647,ACQUIRING,0,0,1,0,26.400098326942715,13.658067541398323,26.533577730045277,13.78927385154369,26.531985716182785,13.795067428982291,26.443529241141615,13.724302196095676,0.19016638146260706,15.213310517008566,6.336320088394496,0,5.649200000334531,19.17630000389181
255,8.49999999999998,ACQUIRING,0,0,1,0,26.391604788005573,13.575703140926551,26.553570013104018,13.720499161307146,26.557450343187774,13.719638379244882,26.469228222124308,13.656589927327456,0.2195953118885908,17.567624951087264,8.968592215468792,0,6.924800007254817,21.91159999347292
256,8.533333333333314,ACQUIRING,0,0,1,0,26.374988217410145,13.494586408679757,26.574423626327167,13.651859547879532,26.582679234773032,13.64919632652053,26.379551560810956,13.516258788782253,0.2589204228869586,20.713633830956688,1.7718079576311336,1,7.284799998160452,20.225500004016794
257,8.566666666666647,ACQUIRING,0,0,1,0,26.351181350904806,13.415281504821623,26.547528073090266,13.55282544181478,26.54003262242135,13.5536451271057,26.361741979596538,13.417001051773655,0.23411384992132797,18.72910799370624,0.8559765233597971,1,6.595599988941103,23.51150001049973
258,8.59999999999998,ACQUIRING,0,0,1,0,26.321049256838876,13.338157633186746,26.5236174586778,13.453566010484865,26.514311506888973,13.460486236635674,26.33665422356461,13.318331473459283,0.22872381711617001,18.297905369293602,2.018461348334747,1,9.766400005901232,20.247399996151216
259,8.633333333333313,ACQUIRING,0,0,1,0,26.285377577894955,13.263434370476446,26.49314653531913,13.351233641161517,26.491996720313328,13.355743048648486,26.301480382590302,13.233175512769499,0.22630148492569122,18.104118794055296,2.7421437322337536,1,6.4978000009432435,23.16169999539852
260,8.666666666666647,ACQUIRING,0,0,1,0,26.244869207567163,13.191218675491648,26.454099592352307,13.253658355085642,26.455638873668036,13.244153008230754,26.26750367311777,13.164809351141326,0.21731519903312776,17.38521592265022,2.7825415069273074,1,7.485299996915273,17.70609999948647
261,8.69999999999998,ACQUIRING,0,0,1,0,26.200146209016253,13.121534473054034,26.41093831473318,13.167182931358845,26.411745492080815,13.164735540414151,26.22840783847857,13.101854906285,0.21596432301306132,17.277145841044906,2.755073920555661,1,6.93459999456536,18.970000004628673
262,8.733333333333313,ACQUIRING,0,0,1,0,26.15175477319954,13.05434590551202,26.362963585591874,13.089972843050584,26.354453781164125,13.092699356737613,26.2023522173578,13.025062863750373,0.20629560114249004,16.503648091399203,4.6768179884448235,0,5.4432000033557415,19.876899998052977
263,8.766666666666646,ACQUIRING,0,0,1,0,26.10017173912248,12.989575346890406,26.31944549583478,13.011641221283476,26.316496195047748,13.015332468821788,26.14147653193661,12.9694144875016,0.21785247201156802,17.428197760925443,3.6769954349395646,1,6.531899998662993,17.657400007010438
264,8.79999999999998,ACQUIRING,0,0,1,0,26.045811717038475,12.927117179547958,26.2618798630583,12.943700786048115,26.267679215257008,12.935107985461663,26.082363907950366,12.919065063829962,0.22201135048663864,17.760908038931092,2.994287070267337,1,5.920800002058968,20.19700000528246
265,8.833333333333313,ACQUIRING,0,0,1,0,25.989034216233286,12.866848198545558,26.198519636459555,12.883860611649839,26.20292745489112,12.876124421831022,26.019328197971667,12.865947660517696,0.21409429198831884,17.127543359065506,2.42458910109572,1,7.042199998977594,19.14309999847319
266,8.866666666666646,ACQUIRING,0,0,1,0,25.92987837494813,12.808911844581948,26.129385418747518,12.82800572313897,26.1254046395298,12.833504749171317,25.966398518085697,12.800784106138236,0.19706681886457408,15.765345509165925,2.9930917655135287,1,8.217800001148134,17.958700002054684
267,8.899999999999979,ACQUIRING,0,0,1,0,25.86858999373142,12.753236275464193,26.062061312268714,12.769018731925653,26.060990566899928,12.774854901143428,25.90866996523801,12.733303899244138,0.19361132593892783,15.488906075114224,3.5810199554847078,1,5.798400001367554,19.2663000052562
268,8.933333333333312,ACQUIRING,0,0,1,0,25.805346365778497,12.699792115894569,25.993382956931047,12.707416112729236,26.002770528802,12.703898959404516,25.836293066649066,12.673654009706125,0.19746687395395085,15.797349916316069,3.2406408155334745,1,5.944799995631911,20.232200011378154
269,8.966666666666645,ACQUIRING,0,0,1,0,25.740170134145686,12.648722619138708,25.917306454897627,12.648003660723456,25.91951032689569,12.639633875766412,25.768326667009134,12.61873854100055,0.17957034830866736,14.365627864693389,3.2905540296412044,1,6.131000001914799,20.264599996153265
270,8.999999999999979,ACQUIRING,0,0,1,0,25.67325513585283,12.599953595443147,25.840045218752245,12.591783217676412,25.837313481421763,12.594486641686212,25.69045137253089,12.566898524767694,0.16414940857095922,13.131952685676739,2.9808436424577662,1,6.181399992783554,17.619000005652197
271,9.033333333333312,ACQUIRING,0,0,1,0,25.604744290442046,12.553453071469212,25.757153883540642,12.538815353599752,25.753240866390424,12.543443989481057,25.611369460695347,12.520506444995,0.14883351366758146,11.906681093406517,2.688491713259574,1,6.554499996127561,20.50759999838192
272,9.066666666666645,ACQUIRING,0,0,1,0,25.534627365263493,12.509411597013239,25.671125233328098,12.49041276932569,25.676916076966172,12.489457855284115,25.533315698166668,12.478464858184715,0.14368099835051554,11.494479868041244,2.47796189115976,1,6.182299999636598,18.12239999708254
273,9.099999999999978,TRACKING,1,0,1,0,25.462980073845923,12.467906172051233,25.584061836000476,12.446699227704524,25.59187395237738,12.44238943859027,25.457941916986325,12.435051444868435,0.13139534089685154,10.511627271748122,2.659101951017894,1,5.741399989346974,18.500200007110834
274,9.133333333333312,TRACKING,1,0,1,0,25.389892917224746,12.42899213594879,25.498046873466883,12.404936694720586,25.494592781419524,12.40711808563868,25.383684039842684,12.395675381661738,0.10696043959976102,8.556835167980882,2.711228532832147,1,6.197900002007373,18.438300001434982
275,9.166666666666645,TRACKING,1,0,1,0,25.31554878135853,12.392536901330748,25.413524783172445,12.366403057484959,25.407320666037943,12.373472669371758,25.30930389676742,12.364280546055086,0.09373112480813313,7.49848998465065,2.315057075091773,1,5.82639999629464,20.653200001106597
276,9.199999999999978,TRACKING,1,0,1,0,25.239972340637625,12.358710339626805,25.3302290607728,12.33352720680856,25.328339240550573,12.331856405539714,25.237069907982992,12.342062889488258,0.09235714794307405,7.388571835445925,1.3518857026955682,1,6.074500008253381,20.84189999732189
277,9.233333333333311,TRACKING,1,0,1,0,25.16312118210526,12.327889338653698,25.249151925718625,12.308253178327528,25.256670997316768,12.30512033373151,25.16010974513194,12.320805750094816,0.09628081590459041,7.702465272367233,0.6157712796981514,1,6.69979999656789,20.310200008680113
278,9.266666666666644,TRACKING,1,0,1,0,25.085086389736706,12.30020169070832,25.167285950363805,12.287630348296673,25.164238571892145,12.286019737917126,25.095862929460488,12.297492237426775,0.0804126589843886,6.433012718751088,0.8889542458529637,1,6.121400001575239,18.667199998162687
279,9.299999999999978,TRACKING,1,0,1,0,25.00598178772933,12.275737500347596,25.091854034312874,12.268718098571764,25.087566430048813,12.270417689970083,25.03037722068403,12.268745083538851,0.08175790019839585,6.540632015871668,2.0302213347310487,1,5.814699994516559,20.0401000038255
280,9.33333333333331,TRACKING,1,0,1,0,24.925931988003146,12.254569972562118,25.019352441252504,12.248034859502544,25.015327627969285,12.250050033649167,24.952295352125063,12.239927738358816,0.08950983349739991,7.160786679791992,2.4125299454826097,1,7.631500004208647,19.347099994774908
281,9.366666666666644,TRACKING,1,0,1,0,24.845074790809853,12.236733259557878,24.94271573562637,12.226217386723052,24.9477724750661,12.22499797436072,24.87351065311627,12.22248776190585,0.10336600635728427,8.26928050858274,2.5443678582638127,1,5.411899997852743,17.152200001874007
282,9.399999999999977,TRACKING,1,0,1,0,24.76360901632361,12.221922376528587,24.863945192051734,12.20910435341872,24.863548686156303,12.20524429992345,24.79143389834944,12.204253287868955,0.1013217441890662,8.105739535125297,2.636871787631097,1,5.404800001997501,15.86949999909848
283,9.43333333333331,TRACKING,1,0,1,0,24.68163858537936,12.210222670567967,24.782221260012683,12.19369357904737,24.774724261225426,12.194210846387522,24.710712648247874,12.181578246276597,0.09445274777000565,7.556219821600451,3.26514114822994,1,5.502999993041158,18.05110000714194
284,9.466666666666644,TRACKING,1,0,1,0,24.599290412415826,12.201573215190953,24.69958162449377,12.177037201606346,24.691632788966814,12.184670808087636,24.63015512060137,12.165437123475645,0.09387654591521098,7.510123673216878,3.8018499377736914,1,6.074100005207583,19.76439999998547
285,9.499999999999977,TRACKING,1,0,1,0,24.516678618217046,12.195976240292923,24.616452233535497,12.162915336517738,24.62044701457022,12.1632223794489,24.55172802949406,12.14413073714428,0.10881495982584022,8.705196786067217,5.006502924861647,0,5.048899998655543,18.007599996053614
286,9.53333333333331,TRACKING,1,0,1,0,24.43392253727704,12.193243890351464,24.534201610926843,12.147200626539322,24.542296876970227,12.138731363598827,24.449708836967595,12.157526495172915,0.1213120483583178,9.704963868665423,3.124037978013085,2,6.040399995981716,18.544100006693043
287,9.566666666666643,TRACKING,1,0,1,0,24.35112166482498,12.193019859263535,24.441273801909038,12.147148336395405,24.437565706896606,12.147674423090029,24.35683973517676,12.164360091440193,0.09761547516375962,7.80923801310077,2.337969882079091,2,5.640899995341897,18.12459999928251
288,9.599999999999977,TRACKING,1,0,1,0,24.26834262939779,12.194934529599392,24.3471425983239,12.152102161573344,24.340656575425346,12.157293079100732,24.267574163027046,12.163470706296067,0.08152414112224267,6.521931289779413,2.5178565073341876,2,5.8659000060288236,18.643300005351193
289,9.63333333333331,TRACKING,1,0,1,0,24.185639947684287,12.19897199243462,24.253328330085665,12.157189273456114,24.26052814410448,12.154155839510965,24.179435495865057,12.164805867207127,0.08727387653786164,6.981910123028932,2.777992754994597,2,5.706000010832213,20.230399997672066
290,9.666666666666643,TRACKING,1,0,1,0,24.103078180687955,12.2052639952314,24.16025024807471,12.1636946971376,24.16687417263986,12.159675234675307,24.09750292271603,12.17410082970839,0.07841086454164678,6.272869163331742,2.5326367437821506,2,5.994599996483885,19.42840000265278
291,9.699999999999976,TRACKING,1,0,1,0,24.020706959346345,12.213691127806735,24.070877662862006,12.174685877774294,24.069883260615878,12.175251471587018,24.025607711188215,12.180857573759024,0.06241727146264813,4.99338171701185,2.6557826899287313,1,6.057799997506663,19.01100001123268
292,9.73333333333331,TRACKING,1,0,1,0,23.938598007614573,12.224375448761313,23.988748147265245,12.18655891911919,23.983137024360833,12.192861500435452,23.950842959017084,12.188165445211459,0.05456054391049122,4.364843512839298,3.0579503639454435,1,7.514800003264099,16.78229999379255
293,9.766666666666643,TRACKING,1,0,1,0,23.856826523489477,12.237393092662206,23.909381238850234,12.19919638169727,23.910641856825592,12.205821099170905,23.861742362960054,12.203352800699543,0.06239295533224787,4.991436426579829,2.751473152597435,1,5.715399995096959,20.04109999688808
294,9.799999999999976,TRACKING,1,0,1,0,23.775520203945984,12.253055693692762,23.82486919731624,12.21597288769852,23.82878562446447,12.215630497192256,23.770096459923522,12.217587415878636,0.06509877384492385,5.207901907593907,2.870446075796487,1,5.873600006452762,23.24870000302326
295,9.833333333333309,TRACKING,1,0,1,0,23.694702337605605,12.271069775654928,23.736658189228233,12.2341893566228,23.73777934707523,12.242110670062994,23.679839910280435,12.236192674964949,0.05190624761558873,4.152499809247098,3.0329432818012307,2,6.140299999970011,18.699799999012612
296,9.866666666666642,TRACKING,1,0,1,0,23.614452482789485,12.291465742676442,23.64686569215144,12.255377264656694,23.64011477209098,12.26757545082492,23.59086455906699,12.253558215874765,0.03506136245134319,2.8049089961074554,3.571774446413389,1,6.310400000074878,16.50260000315029
297,9.899999999999975,TRACKING,1,0,1,0,23.534864256614757,12.314307566664715,23.55664294366618,12.277331567848538,23.547883660791573,12.280420242351495,23.498810728496597,12.28449741638714,0.036302281391513716,2.9041825113210975,3.7425141917922713,1,6.179299991345033,19.233300001360476
298,9.933333333333309,TRACKING,1,0,1,0,23.456027507840034,12.33962162819941,23.46458654509296,12.306458490244575,23.470070344168185,12.309513724403818,23.418451472271954,12.31051303832039,0.03322178687403629,2.6577429499229033,3.8025410062292044,1,5.8437000116100535,21.12689999921713
299,9.966666666666642,TRACKING,1,0,1,0,23.377954008108837,12.367199940484133,23.377496793814295,12.336651660431311,23.378978439114658,12.335187649391887,23.332174826771237,12.331058856134659,0.03202867839702939,2.5622942717623514,4.66607255624458,0,5.1014000055147335,18.384099996183068
300,9.999999999999975,TRACKING,1,0,1,0,23.30058467103223,12.396696047838786,23.289973179466177,12.364907028846986,23.285416063049976,12.36688295521025,23.24589818127052,12.351604673948927,0.03345006965907398,2.6760055727259187,5.670326501630164,1,6.639400002313778,18.48529999551829
301,10.033333333333308,TRACKING,1,0,1,0,23.224025390480737,12.428235090788576,23.202654600302658,12.391966972053813,23.196241894300215,12.40020707121619,23.19521821046515,12.39403524775587,0.03946508002225633,3.157206401780506,3.5772462114086863,2,6.665299995802343,24.37540001119487
302,10.066666666666642,TRACKING,1,0,1,0,23.148188748539162,12.461474200400241,23.131369873681837,12.427761804290853,23.13324907088717,12.428273801705181,23.117239165746227,12.43790127068335,0.03640687355234383,2.9125498841875066,3.1123595581428805,2,5.858100004843436,17.91640000010375
303,10.099999999999975,TRACKING,1,0,1,0,23.073178810121775,12.49653905185252,23.056827031016237,12.468874081427018,23.065430393884146,12.459357669116738,23.041772197147537,12.481351687593472,0.03798016819784146,3.038413455827317,2.7908781375336966,2,5.93680000747554,21.953899995423853
304,10.133333333333308,TRACKING,1,0,1,0,22.998986754320143,12.53330280471697,22.983082975286774,12.51358231166849,22.985615131827792,12.513332233759831,22.97595510562416,12.513254473733085,0.024033809361647705,1.9227047489318163,2.4428081111960958,1,5.860200006281957,21.5063000068767
305,10.166666666666641,TRACKING,1,0,1,0,22.925626812153364,12.571700116524411,22.91428800853826,12.554992169222492,22.911110499301017,12.559368253342482,22.911558959822578,12.543826342850014,0.019047261965044672,1.5237809572035736,2.4978092520316326,1,6.689600006211549,19.94139999442268
306,10.199999999999974,TRACKING,1,0,1,0,22.853228719958945,12.61188159130271,22.84884855300564,12.594003012107711,22.84896513472637,12.594738775671797,22.85352162633207,12.577224945656052,0.01766505835798263,1.4132046686386104,2.7726306718308456,1,5.88870000501629,19.29369999561459
307,10.233333333333308,TRACKING,1,0,1,0,22.78176956908486,12.653710103409953,22.7886553657063,12.63265026363466,22.801165305617992,12.628297359930729,22.785961161880277,12.609834483957984,0.0319687679900786,2.557501439206288,3.5260306816194786,0,5.901500000618398,18.10799998929724
308,10.26666666666664,TRACKING,1,0,1,0,22.711122031194336,12.6968952867343,22.72649433214192,12.670257280533662,22.7289314647914,12.665711560444553,22.723418500040918,12.661846527820128,0.03591101099053247,2.8728808792425973,2.9714574444403272,1,7.492499993531965,19.70190000429284
309,10.299999999999974,TRACKING,1,0,1,0,22.641438655640524,12.741619573650667,22.665924977457323,12.716339165504339,22.654005437479697,12.719556080224372,22.661290707981948,12.717234760559684,0.025391371525884644,2.0313097220707714,2.515517399373778,1,7.091799998306669,18.631300001288764
310,10.333333333333307,TRACKING,1,0,1,0,22.57276802806273,12.787883810127914,22.606105963675223,12.76832115181609,22.605819082206704,12.76712551568656,22.586326464519075,12.763671645856114,0.03902920660405369,3.1223365283242956,2.219996537460959,1,6.676999997580424,17.92080000450369
311,10.36666666666664,TRACKING,1,0,1,0,22.505035833093427,12.83551136972728,22.540442150351637,12.819754225371156,22.545743321316408,12.815749631726998,22.514894927172744,12.812351456676005,0.04525070039475595,3.620056031580476,2.0136864639480785,1,5.849099994520657,20.293000008678064
312,10.399999999999974,TRACKING,1,0,1,0,22.43846231235512,12.884745514436592,22.473264692583875,12.872335453683373,22.483927092333943,12.8686169760713,22.44226099203633,12.862467260599612,0.048240812268486775,3.859264981478942,1.8079832943393732,1,5.878900003153831,21.31820000067819
313,10.433333333333307,TRACKING,1,0,1,0,22.372988002334118,12.935432291765839,22.40409245408976,12.926007085787248,22.395902745970567,12.92899845793766,22.372358721299456,12.908821221690998,0.02380083388566002,1.9040667108528018,2.1294807557128967,0,5.295800001476891,17.6979000098072
314,10.46666666666664,TRACKING,1,0,1,0,22.308525817696143,12.987400180124425,22.335017235959928,12.978206946022238,22.326569910309978,12.983579708592055,22.309656720750375,12.947456719112505,0.01844411236645142,1.4755289893161136,3.1967573764213455,1,5.876399998669513,19.661600003018975
315,10.499999999999973,TRACKING,1,0,1,0,22.24492807345826,13.040422454656964,22.26921742192793,13.025809798769618,22.26894244021745,13.02189817613035,22.24688568659546,13.002131569860518,0.03032884280312144,2.426307424249715,3.067271473021832,1,5.2798000106122345,19.692399990162812
316,10.533333333333307,TRACKING,1,0,1,0,22.18235086436151,13.094645397867493,22.2051092574187,13.07829345497541,22.211852042314447,13.074260374379483,22.182786902113122,13.053349165008717,0.0358590111857206,2.868720894857648,3.303882784600824,1,5.8720999950310215,21.548000004258938
317,10.56666666666664,TRACKING,1,0,1,0,22.120889379250677,13.150129814749368,22.14152965777636,13.13126233629135,22.136685581363707,13.132495722868905,22.12393870467461,13.114574496978461,0.023674484105135757,1.8939587284108605,2.8548670103736535,1,5.860799996298738,17.8821000008611
318,10.599999999999973,TRACKING,1,0,1,0,22.06031036771997,13.206576409249953,22.080948988623316,13.189712963951285,22.074958921073286,13.190344775906807,22.06255640955514,13.173944723436467,0.021864263910116862,1.749141112809349,2.616711368667665,1,5.4865999991307035,20.86490001238417
319,10.633333333333306,TRACKING,1,0,1,0,22.000479668197478,13.263815574717315,22.020688725770526,13.250093690209916,22.024319153471684,13.24834646967795,21.994801731846596,13.242962314315873,0.028418555010027696,2.2734844008022157,1.7289949553656752,1,6.445100007113069,19.126900006085634
320,10.66666666666664,TRACKING,1,0,1,0,21.941347555483166,13.32177614678741,21.95753897520097,13.316614139491268,21.961957793626993,13.307655720772216,21.92777536214335,13.31574097208516,0.024983361407062185,1.9986689125649748,1.1882835102516558,1,6.312199999229051,19.073200004640967
321,10.699999999999973,TRACKING,1,0,1,0,21.883048191465566,13.380574266008132,21.89319384325723,13.388222880546278,21.889642230306197,13.385883988028397,21.872010447600946,13.381414758921677,0.008466079149419898,0.6772863319535919,0.8855758549867272,1,5.826600012369454,18.82439998735208
322,10.733333333333306,TRACKING,1,0,1,0,21.825573949241743,13.440179183167277,21.833609562009254,13.45915828056001,21.826407800248155,13.465955884941208,21.80947678515286,13.444775856590462,0.025790185378221413,2.063214830257713,1.3392489794241447,0,4.663200001232326,17.71490000828635
323,10.766666666666639,TRACKING,1,0,1,0,21.768790165400695,13.500442244502093,21.7729438301996,13.528741339207722,21.775613206438845,13.531462161951607,21.753461395690742,13.498020760517035,0.03176144152243334,2.5409153217946674,1.2415081551356169,1,6.279599998379126,18.21780001046136
324,10.799999999999972,TRACKING,1,0,1,0,21.71268937625858,13.561341637983334,21.71511188800257,13.592523942906464,21.723785442727802,13.588907277792899,21.68821248145769,13.556963333682868,0.029715100356553198,2.377208028524256,1.9892316951287485,1,6.364300003042445,16.776499993284233
325,10.833333333333306,TRACKING,1,0,1,0,21.65720690716669,13.6228048814075,21.65428460884118,13.655589762588468,21.660310436762497,13.649572912548253,21.63576830149672,13.616774038393,0.026947344713428977,2.1557875770743182,1.781657440543091,1,6.63830000848975,18.827099993359298
326,10.866666666666639,TRACKING,1,0,1,0,21.602562330499477,13.68501424492789,21.598196788130444,13.718046397895664,21.587144116203497,13.719260503327321,21.59628177187583,13.667579900586135,0.03755699064671432,3.0045592517371453,1.4824882418462773,1,5.945900004007854,18.494299991289154
327,10.899999999999972,TRACKING,1,0,1,0,21.548895481861955,13.748069014977968,21.55083147930314,13.775514243737339,21.54579989826696,13.778345142332515,21.551095855124863,13.731106732544108,0.030433969924779036,2.434717593982323,1.3683523940556994,1,6.074299992178567,17.436000009183772
328,10.933333333333305,TRACKING,1,0,1,0,21.49628752561858,13.81200990650011,21.505577655371965,13.83655083398349,21.514188978396135,13.828410705194848,21.49743017043937,13.808814533687253,0.024278554515710392,1.9422843612568315,0.2714823851331831,1,5.880199998500757,19.5129000057932
329,10.966666666666638,TRACKING,1,0,1,0,21.444630998314587,13.87672186718469,21.45774055635896,13.906171580198853,21.4604701968183,13.901194267661367,21.445006186920953,13.87808718300546,0.029150962151031575,2.3320769720825263,0.11327428744897079,1,5.670700003975071,16.87760000640992
330,10.999999999999972,TRACKING,1,0,1,0,21.394003016535137,13.942241651446322,21.409217132258878,13.976226551893895,21.40722982869987,13.979304082783525,21.397541714394205,13.94300094212593,0.03935190435882327,3.1481523487058616,0.28953927400788,1,5.966900003841147,17.513700004201382
331,11.033333333333305,TRACKING,1,0,1,0,21.34431808304815,14.008479420529712,21.362492248909835,14.044884541783572,21.35417989055035,14.047655905074272,21.345297663702357,14.010329068098027,0.04039866567698213,3.2318932541585705,0.16744239625749913,1,4.93000001006294,15.935199990053661
332,11.066666666666638,TRACKING,1,0,1,0,21.295564397714795,14.075405595044375,21.314099890834335,14.11398240581011,21.316372297649085,14.114916795435448,21.287485966806898,14.075529029221475,0.0446553877602581,3.572431020820648,0.646349908602427,1,6.340699997963384,17.888500005938113
333,11.099999999999971,TRACKING,1,0,1,0,21.247662808957454,14.142944268878509,21.262044560212573,14.18202196288281,21.266838698802207,14.172186195823159,21.23678106133293,14.146353498831186,0.034968629409434134,2.797490352754731,0.9122641029317877,1,5.859600001713261,19.359500001883134
334,11.133333333333304,TRACKING,1,0,1,0,21.200310875579003,14.210869441488327,21.211424985419878,14.252262135581747,21.208093795702958,14.24736238837096,21.195820137540323,14.220224268161084,0.03731365725621712,2.9850925804973696,0.8301499053423824,1,5.697999993572012,18.672699996386655
335,11.166666666666638,TRACKING,1,0,1,0,21.153746532942915,14.27933692766695,21.166095427281835,14.325017750053979,21.160321846469333,14.326734645695424,21.157130472637316,14.294345259006068,0.047851629254158624,3.82813034033269,1.2308073641381105,1,5.578199998126365,18.35420000134036
336,11.19999999999997,TRACKING,1,0,1,0,21.108157525037402,14.348457670045358,21.12470388772928,14.399289296919642,21.124455088836793,14.40258872278534,21.10877567503667,14.369309484034977,0.05653124318935537,4.522499455148429,1.6688779580626523,1,6.189599997014739,19.075200005318038
337,11.233333333333304,TRACKING,1,0,1,0,21.063745384289696,14.41834040341317,21.08083573035578,14.474880387799391,21.087732847494784,14.469685211465302,21.061988784664504,14.441137265681547,0.05667175403078476,4.533740322462781,1.8291551212978487,0,4.659199999878183,17.856599995866418
338,11.266666666666637,TRACKING,1,0,1,0,21.020566384187532,14.488991720590759,21.03667287320959,14.549602714924836,21.037077224178322,14.546781953978561,21.027462415848305,14.50563079476508,0.060102569930229444,4.8082055944183555,1.440919799672312,1,6.638599996222183,18.565100006526336
339,11.29999999999997,TRACKING,1,0,1,0,20.978781517289327,14.560476401236688,20.997914986819225,14.62037250698025,20.99168009963559,14.621465473627005,20.997152674255137,14.566275478837415,0.06233811336232973,4.987049068986378,1.541176089680425,1,5.666900004143827,20.02110000466928
340,11.333333333333304,TRACKING,1,0,1,0,20.938145636258167,14.632620422760112,20.963950455983458,14.687025431516648,20.96397808940689,14.683859108958,20.958705844270344,14.637223965076483,0.05738221500575394,4.590577200460315,1.6855427714302855,1,7.469800009857863,20.06089998758398
341,11.366666666666637,TRACKING,1,0,1,0,20.898659707133493,14.705400200651448,20.92905116198971,14.756007851667345,20.934915475846235,14.747245866149765,20.9243572944594,14.708756756916676,0.055367323268773166,4.429385861501853,2.0732698260813915,1,6.180500000482425,18.121899993275292
342,11.39999999999997,TRACKING,1,0,1,0,20.86057775547166,14.778924343804407,20.895982730021505,14.826161393585048,20.903257970057012,14.821084544108626,20.881884243259236,14.782742779782913,0.0599923595697285,4.79938876557828,1.7316754895332498,1,5.71969999873545,25.563599992892705
343,11.433333333333303,TRACKING,1,0,1,0,20.82379529759309,14.853107127933624,20.85963095914743,14.898324350488604,20.858111253536812,14.898566173566822,20.84246021794709,14.853376505936613,0.05695708614573448,4.556566891658758,1.4933491301465538,0,5.433900005300529,17.96529999410268
344,11.466666666666637,TRACKING,1,0,1,0,20.788500253928817,14.928009027518934,20.82307422480604,14.969939378990848,20.816728280366974,14.969707227627817,20.806112601453535,14.919405640952641,0.05035435799326312,4.02834863946105,1.568108252876456,1,6.689200003165752,18.947899996419437
345,11.49999999999997,TRACKING,1,0,1,0,20.754731114870236,15.003611143335842,20.78750706564775,15.039195009161245,20.79039599177438,15.038084977090763,20.770961214135028,14.991070072676038,0.049602708175558397,3.9682166540446717,1.640867234973898,1,6.2870999972801656,18.878399991081096
346,11.533333333333303,TRACKING,1,0,1,0,20.722772074434733,15.079996052861171,20.75291272456015,15.10980413023999,20.755941877713266,15.107765007680767,20.72355776509221,15.068799646560336,0.04325911119416702,3.4607288955333617,0.897915181250854,1,5.575399991357699,20.476700010476634
347,11.566666666666636,TRACKING,1,0,1,0,20.692933050932552,15.157233785512947,20.712899894687684,15.183889272444167,20.707571917717303,15.181580591686618,20.687843643509364,15.14753547116151,0.028408861145776128,2.27270889166209,0.8762077166645071,1,7.209300005342811,19.872799995937385
348,11.59999999999997,TRACKING,1,0,1,0,20.66533007265513,15.235298567962955,20.675729643633346,15.260455922226724,20.6656852040008,15.264416885688798,20.66026862236363,15.218445378118664,0.029120483262744617,2.3296386610195694,1.4077460838796774,1,5.974300001980737,17.34510000096634
349,11.633333333333303,TRACKING,1,0,1,0,20.639888043514986,15.31409411239272,20.643673892145706,15.334679444582022,20.64464653606402,15.334462812444444,20.634605973636877,15.29150229973769,0.02091715069354163,1.6733720554833305,1.856086655282575,1,6.054700003005564,22.21100000315346
350,11.666666666666636,TRACKING,1,0,1,0,20.616579262297822,15.393546836618647,20.615418987941386,15.408902390403762,20.62498125837513,15.404035821688606,20.608639986820613,15.365328080254212,0.013439209272903478,1.0751367418322781,2.3451468946514797,1,5.5530000099679455,19.16959999653045
351,11.699999999999969,TRACKING,1,0,1,0,20.595559326275875,15.473635518455621,20.589321836793435,15.483289299765286,20.587172903427454,15.48594662919754,20.590400690974985,15.44281634729612,0.014896158427336695,1.1916926741869356,2.499834015771468,1,6.394099997123703,23.448699997970834
352,11.733333333333302,TRACKING,1,0,1,0,20.577102436143896,15.554353409133011,20.568441867823868,15.559549085489733,20.56221633484129,15.56447833493499,20.58464032464687,15.524989374170035,0.01800305903137216,1.4402447225097728,2.425288518773963,2,6.763400000636466,20.03060000424739
353,11.766666666666636,TRACKING,1,0,1,0,20.5615951827857,15.635689500519527,20.556609344603544,15.639113647454788,20.561044922638356,15.638253455205408,20.55482600542491,15.606268602372342,0.00262233671770193,0.2097869374161544,2.415166756881369,2,7.483100009267218,19.62959999218583
354,11.799999999999969,TRACKING,1,0,1,0,20.549114151259325,15.717544607390073,20.53763685895007,15.720047435897778,20.543123619744303,15.718766334379453,20.531663591027307,15.69361548909709,0.006113843690268811,0.4891074952215048,2.3693033638648866,2,6.2141000089468434,20.671099991886877
355,11.833333333333302,TRACKING,1,0,1,0,20.539585971612837,15.79979573784659,20.51877769809131,15.80494002070622,20.521946458793906,15.805339075281843,20.519154604737555,15.772580572524342,0.01849002440264243,1.4792019522113944,2.7224764913258777,2,5.979900000966154,25.74050000112038
356,11.866666666666635,TRACKING,1,0,1,0,20.532844385758285,15.882322010565748,20.50463686046744,15.887722056947766,20.498779808652017,15.89597193820624,20.51816206701194,15.857558374262442,0.03669762850675097,2.935810280540078,2.3031222866106447,2,6.255399988731369,22.21740000823047
357,11.899999999999968,TRACKING,1,0,1,0,20.528474280969093,15.965007782333824,20.49856257241174,15.97262872984342,20.493962922122854,15.977832450701523,20.5115313152652,15.94431192891897,0.036817197179515024,2.945375774361202,2.13973072760102,2,7.347499995375983,22.018400006345473
358,11.933333333333302,TRACKING,1,0,1,0,20.526463886535417,16.047784548294885,20.494055726841793,16.059295539455402,20.499075520416344,16.054016859927888,20.50460103518658,16.0413963094246,0.028088508450312,2.24708067602496,1.8221637510873565,2,6.382600011420436,20.695599989267066
359,11.966666666666635,TRACKING,1,0,1,0,20.516199648335192,16.12994707066926,20.490642240408228,16.152129923674156,20.496468698893942,16.14756270045454,20.493708636171668,16.128448297556925,0.026450345528653926,2.1160276422923143,1.8032716028055984,1,5.7003999972948804,20.88450000155717
360,11.999999999999968,TRACKING,1,0,1,0,20.49778412324361,16.210674408692707,20.485731198194006,16.24317742040388,20.48130381199881,16.249578069989877,20.482816237156754,16.215500285689252,0.0422503907798532,3.380031262388256,1.2581299206548027,1,6.008199998177588,18.158300008508377
361,12.033333333333301,TRACKING,1,0,1,0,20.471401313100014,16.289159961488608,20.479896521545903,16.33363296722254,20.476905545242374,16.345045667722964,20.46946368098154,16.28616527008866,0.05615611037803246,4.492488830242597,0.28534997243341814,2,6.614300000364892,20.269500004360452
362,12.066666666666634,TRACKING,1,0,1,0,20.43731482622237,16.3646195273573,20.47216212792837,16.416216417702742,20.47535482807388,16.413725668377108,20.43620100948705,16.362542327907825,0.06211646180136352,4.969316944109082,0.18855823966546503,2,5.597900002612732,20.109799996134825
363,12.099999999999968,TRACKING,1,0,1,0,20.39586524352006,16.436299139260235,20.45409158296997,16.49677769718363,20.46068812735643,16.486850029558227,20.39200420941651,16.436730850413166,0.08220339882743992,6.576271906195193,0.31080755582421343,1,6.768600011128001,19.666899999720044
364,12.1333333333333,TRACKING,1,0,1,0,20.34746671552204,16.503482598209413,20.424509635694278,16.574314417703828,20.423223565071325,16.569502934021585,20.354841401907095,16.512764035474667,0.10048773554213089,8.03901884337047,0.948366433777286,1,6.000399996992201,19.540799999958836
365,12.166666666666634,TRACKING,1,0,1,0,20.292602824321634,16.565498629290907,20.390851786339116,16.650790985822667,20.387456094548146,16.656181183852024,20.300865286748863,16.58256995382428,0.13122678299186308,10.498142639349046,1.5172573291253462,1,5.644999997457489,18.26209999853745
366,12.199999999999967,TRACKING,1,0,1,0,20.23182175178413,16.62172758882193,20.345548802033804,16.723319377824286,20.34773770433032,16.72054694213318,20.265882313100104,16.65874750488319,0.15232128099364398,12.18570247949152,4.024402383334669,0,4.9193000013474375,19.270299992058426
367,12.2333333333333,TRACKING,1,0,1,0,20.165730802294767,16.67160765562567,20.303453474167046,16.796936080180703,20.313447729612072,16.787886053695104,20.230899339451344,16.734925055942103,0.18799190534078683,15.039352427262948,7.269016513596631,0,6.003899994539097,20.182100008241832
368,12.266666666666634,TRACKING,1,0,1,0,20.094990334774085,16.714640444562782,20.26234284799541,16.87089072456744,20.260821304561844,16.86762451218106,20.116019905846798,16.74319507251667,0.22561922676443666,18.049538141154933,2.837023383294245,1,6.257899993215688,20.006900012958795
369,12.299999999999967,TRACKING,1,0,1,0,20.020307164589855,16.750395986230956,20.18638340023708,16.914751372067737,20.182463614194592,16.92216258924571,20.048223590609613,16.761284762524994,0.23621701898813566,18.89736151905085,2.397188073920886,1,5.852799993590452,22.097400011261925
370,12.3333333333333,TRACKING,1,0,1,0,19.94242750129159,16.77851702307705,20.11238833250611,16.946152568654092,20.114679022135814,16.949310713218924,19.989908809373162,16.7969180362767,0.24257178530370466,19.405742824296375,4.073777139833443,1,6.735299990396015,22.32170000206679
371,12.366666666666633,TRACKING,1,0,1,0,19.862129492731366,16.798722578996482,20.040931503207446,16.975863609754846,20.045603315176578,16.970177462108026,19.9160639824017,16.834403741861973,0.25111634846311814,20.08930787704945,5.173516906357833,1,6.024400005117059,18.196000004536472
372,12.399999999999967,TRACKING,1,0,1,0,19.78027873359048,16.81123209124963,19.96352683709511,17.004453734047,19.968734225820914,17.00321232710747,19.846152844269398,16.856858576743967,0.2690202288153189,21.521618305225513,6.410578575475072,1,6.561800008057617,19.70889999938663
373,12.4333333333333,TRACKING,1,0,1,0,19.69765810751498,16.81669714528805,19.885485030821037,17.02507237580114,19.881746819608733,17.034593884078696,19.76472040268796,16.859606131894562,0.2852501405712818,22.820011245702542,6.369192132365137,1,5.688799996278249,21.028999995905906
374,12.466666666666633,TRACKING,1,0,1,0,19.614862144767027,16.815768048204525,19.801269962667863,17.03188645735192,19.792877909422796,17.04159674729149,19.678872195726903,16.857446423370593,0.2875555838395223,23.004446707161783,6.110645703554121,1,6.522600000607781,24.282700003823265
375,12.499999999999966,TRACKING,1,0,1,0,19.53233225227108,16.809070920957865,19.711972515939998,17.028915082321745,19.715935625021782,17.027999502430937,19.60494270720165,16.87660138751805,0.2857270065486377,22.858160523891016,7.932774376344676,0,7.665199998882599,18.824500002665445
376,12.5333333333333,TRACKING,1,0,1,0,19.450387289003796,16.797194151031878,19.626026989424908,17.031101818231125,19.631284387975924,17.030683862696307,19.495031361616917,16.83936256202906,0.29536622330535733,23.629297864428587,4.912852112091505,1,7.574000002932735,20.85419998911675
377,12.566666666666633,TRACKING,1,0,1,0,19.369249372874087,16.78068133071313,19.524700955331344,17.008884513852685,19.516025680951124,17.013776912519948,19.404965432734198,16.804135825015283,0.2754575010243583,22.036600081948663,3.418303892775615,1,7.007499996689148,22.21310000459198
378,12.599999999999966,TRACKING,1,0,1,0,19.28906522400838,16.76002855996844,19.425186607109982,16.97540798658297,19.41421712851138,16.981816123863677,19.319928969446323,16.77196869265594,0.2546619773333109,20.372958186664874,2.647429003154049,1,9.015200004796498,21.55269999639131
379,12.633333333333299,TRACKING,1,0,1,0,19.209923543805342,16.735684584874154,19.32818752875038,16.935668952501356,19.329281330189634,16.936418325711347,19.23252634165933,16.751146459677155,0.23353868176610904,18.683094541288725,2.1908260261400296,1,7.337100003496744,19.978800002718344
380,12.666666666666632,TRACKING,1,0,1,0,19.131868991251626,16.708052692170433,19.231832506827686,16.897650616692268,19.236005773160482,16.894079887785377,19.146854707647083,16.73076909848682,0.21319143241390667,17.055314593112534,2.1771273723933517,1,6.598300009500235,19.97579999442678
381,12.699999999999966,TRACKING,1,0,1,0,19.05491330670815,16.67749361356527,19.137271614139795,16.860912823817223,19.132407125996124,16.860094026090618,19.06116687307865,16.714180290005864,0.19836381394363145,15.869105115490516,2.9772678166205298,0,8.15560000773985,18.931099999463186
382,12.733333333333299,TRACKING,1,0,1,0,18.979044085168436,16.6443289351904,19.044056767570563,16.827577077422287,19.035802477570943,16.832422880843698,18.97547903851022,16.697591481524906,0.19647098386159267,15.717678708927414,4.2705378769128695,0,6.232500003534369,18.925900003523566
383,12.766666666666632,TRACKING,1,0,1,0,18.904231637613663,16.608844680095846,18.951991021957166,16.796790170802396,18.952996682884358,16.802579525542303,18.866715069694344,16.642465612991092,0.19977792665961747,15.982234132769397,4.030174187553898,1,6.347700007609092,22.022199991624802
384,12.799999999999965,TRACKING,1,0,1,0,18.830434312905204,16.57129485273772,18.850576521529796,16.75094393488237,18.861016864264066,16.748175022090155,18.772591771225304,16.59747753404814,0.17950455915592808,14.360364732474245,5.079396769597892,1,5.443699992611073,18.611400009831414
385,12.833333333333298,TRACKING,1,0,1,0,18.75760259019533,16.53190481800985,18.75079146192204,16.701782188308727,18.76120797079045,16.69264082941888,18.693262691438818,16.55603201481231,0.16077644147361927,12.862115317889542,5.497195909213523,1,5.713100006687455,23.957199999131262
386,12.866666666666632,TRACKING,1,0,1,0,18.6856821961287,16.49087444406503,18.65823613026577,16.651243812016066,18.656383612805726,16.6519455114432,18.623246025949182,16.512122250909822,0.16371406699204297,13.097125359363437,5.276207512158164,1,5.318800001987256,20.44910000404343
387,12.899999999999965,TRACKING,1,0,1,0,18.614616453153488,16.448380975812466,18.574620185657018,16.598678808142843,18.572520863487004,16.60288507133944,18.560888311176196,16.465637184652916,0.16013604904573284,12.810883923658627,4.514502840492453,1,7.1964000089792535,18.759300000965595
388,12.933333333333298,TRACKING,1,0,1,0,18.54434802495826,16.4045816302954,18.5004858877193,16.54403985551348,18.507470866458647,16.542415856935442,18.501071413969704,16.422734179573325,0.14268216024599575,11.41457281967966,3.7543618186358794,1,5.613500004983507,22.482500004116446
389,12.966666666666631,TRACKING,1,0,1,0,18.47482019174561,16.35961592027649,18.43347158904426,16.490445310113103,18.437682128927033,16.48702117865473,18.450670088965378,16.3824616493661,0.13270770728312095,10.616616582649677,2.659509490933004,1,5.6354999978793785,18.426399998134002
390,12.999999999999964,TRACKING,1,0,1,0,18.405977760866936,16.313607721230387,18.375681615594523,16.439046996585088,18.370714605599936,16.438530849454118,18.384647538883353,16.342296242951008,0.1298047691134162,10.384381529073297,2.8599408647127897,0,5.0457999896025285,20.91900000232272
391,13.033333333333298,TRACKING,1,0,1,0,18.33776769635305,16.266667101637513,18.315282249592748,16.38936262841986,18.308748509610535,16.39411203716093,18.345580231570967,16.2646663713706,0.13070701890015352,10.456561512012282,0.6451722406036758,1,5.895199996302836,22.06339999975171
392,13.066666666666631,TRACKING,1,0,1,0,18.270139533211616,16.21889193843668,18.266935291993647,16.323260561317017,18.271759883594427,16.322078548302695,18.277494699091452,16.207568410803724,0.10319933134959826,8.255946507967861,1.0802095890683407,1,5.913300003157929,23.684700005105697
393,13.099999999999964,TRACKING,1,0,1,0,18.20304562824944,16.170369339725593,18.21090142887576,16.258576112959595,18.217182741347855,16.24821320636109,18.204893621692307,16.15844654398756,0.07911716336878132,6.329373069502505,0.9652129728950078,1,6.210699997609481,18.90589999675285
394,13.133333333333297,TRACKING,1,0,1,0,18.136441287948756,16.121176895977985,18.14924524596332,16.19746721988919,18.144533234738454,16.19229344713955,18.137689063048022,16.113239309539168,0.07157543888767255,5.726035111013805,0.6428049591447726,1,6.640399995376356,21.91789999778848
395,13.16666666666663,TRACKING,1,0,1,0,18.070284805022045,16.07138377963126,18.086425109240317,16.14060479705505,18.07653462123045,16.141788656038628,18.0701287943239,16.056270050331765,0.07068172907177185,5.654538325741748,1.2091627587421676,1,6.893300000228919,19.788599995081313
396,13.199999999999964,TRACKING,1,0,1,0,18.0045374282285,16.02105171119057,18.022167381460903,16.080735196342783,18.02678830185644,16.08132100304222,17.994664794131204,15.99900791274883,0.0642455361679388,5.139642893435104,1.9322905847874698,1,5.790200011688285,19.68529999430757
397,13.233333333333297,TRACKING,1,0,1,0,17.939163284479996,15.970235808188647,17.95294812468572,16.019759409421102,17.964901487798727,16.011559344390644,17.922007567495733,15.947409095728464,0.04868356760051678,3.8946854080413424,2.284385154193082,1,5.84859999071341,18.466000008629635
398,13.26666666666663,TRACKING,1,0,1,0,17.87421880900694,15.918871912558735,17.882363829517857,15.961104655376392,17.883814398141524,15.958700056989509,17.863933059101214,15.893561824848575,0.04096774853025566,3.2774198824204523,2.185621655850479,1,7.483399996999651,19.715100002940744
399,13.299999999999963,TRACKING,1,0,1,0,17.809850113986567,15.866788270499786,17.818003653042854,15.902668109387513,17.809650813339232,15.90997358170906,17.80952638580295,15.835128752513011,0.04318577109407596,3.4548616875260767,2.532893844239702,1,5.8517000143183395,16.682199988281354
400,13.333333333333297,TRACKING,1,0,1,0,17.74605654360565,15.814001766099457,17.75860674699995,15.842416203433492,17.75875064604283,15.848018789724701,17.75721879522337,15.788991547905182,0.03630837552144218,2.904670041715374,2.1910463258306856,1,5.646799996611662,20.662800001446158
401,13.36666666666663,TRACKING,1,0,1,0,17.682687245481517,15.760706675105956,17.703297884707002,15.787610853642406,17.71218522211073,15.787947171046016,17.694153891177404,15.760718983727594,0.04015190212527867,3.2121521700222937,0.9173321841676655,1,7.433899998432025,17.41099999344442
402,13.399999999999963,TRACKING,1,0,1,0,17.619683779369268,15.706979606261717,17.645052837681632,15.7446635207194,17.651219823127427,15.743956086397406,17.63006841597282,15.729754308995545,0.048598170121327514,3.887853609706201,2.0024429272299296,1,5.990399993606843,20.217500001308508
403,13.433333333333296,TRACKING,1,0,1,0,17.557162315308535,15.652692395977404,17.58499028899258,15.707086291039952,17.574989821312123,15.710459914079285,17.58167601018799,15.681253433738675,0.060455819554110536,4.836465564328843,3.011077271296855,1,6.495800000266172,17.540300003020093
404,13.46666666666663,TRACKING,1,0,1,0,17.49522814378487,15.597736112747658,17.531563891445536,15.664454531598134,17.525552032332097,15.667972665254599,17.52373754001274,15.637939535966465,0.07650301644173829,6.120241315339063,3.9428727896603517,0,4.570800010696985,17.589899987797253
405,13.499999999999963,TRACKING,1,0,1,0,17.434068861806416,15.54191875974135,17.476572023044152,15.622206427243807,17.486564899866327,15.618912434301027,17.465799069837487,15.594625638194255,0.09318723053181195,7.454978442544957,4.921672000737583,0,5.512500007171184,20.228399996994995
406,13.533333333333296,TRACKING,1,0,1,0,17.3738390299879,15.485099730993365,17.421161342915838,15.579746185238207,17.429958528339956,15.57290053273679,17.392737864118978,15.512199111901625,0.10420354543908182,8.336283635126545,2.643079872724203,1,5.514199991011992,16.755200005718507
407,13.56666666666663,TRACKING,1,0,1,0,17.314583778163776,15.427265054543932,17.358590431106236,15.519674214775396,17.356114975348685,15.523177042519679,17.330995549015018,15.44070364236999,0.10451770078351122,8.361416062680897,1.6969466513378964,2,5.495399993378669,19.990100001450628
408,13.599999999999962,TRACKING,1,0,1,0,17.256277252412783,15.36847403717223,17.296986639537927,15.454534360261109,17.29108691866864,15.460303961936535,17.266268110807353,15.372483851052978,0.09820615025069471,7.856492020055577,0.8612395116568485,2,6.1089000082574785,19.035499994060956
409,13.633333333333296,TRACKING,1,0,1,0,17.198901244859215,15.308774552869902,17.23381384275121,15.386323450522795,17.237563764567312,15.383551619913554,17.20985944090458,15.307767045874579,0.08418075900008143,6.734460720006514,0.8803531324709571,2,6.005600007483736,18.338900001253933
410,13.666666666666629,TRACKING,1,0,1,0,17.142516746099847,15.248137740879118,17.173875566559357,15.317615882846024,17.176875420090802,15.311675462372655,17.151460113184957,15.245743070893294,0.0722326832604673,5.778614660837384,0.7406732468667602,2,6.783300006645732,17.340199992759153
411,13.699999999999962,TRACKING,1,0,1,0,17.086999287846655,15.186706100026411,17.114573901128498,15.249884886316885,17.110834880068275,15.251106331289757,17.09142074508106,15.18436350720438,0.06866968212630438,5.493574570104351,0.4002960920558548,1,5.520099992281757,21.369000009144656
412,13.733333333333295,TRACKING,1,0,1,0,17.032316391621606,15.124530417246152,17.0550225898304,15.183159453168846,17.046864114933705,15.188433470999398,17.031381376977162,15.122983943515464,0.06553805407971405,5.243044326377125,0.14457293544853683,1,6.558999986737035,20.461700012674555
413,13.766666666666628,TRACKING,1,0,1,0,16.978449653528298,15.061646323900236,16.99538928401756,15.117241289256244,16.996789692469495,15.117444149967667,16.979014524592042,15.054396719240474,0.05873461008822618,4.698768807058094,0.5817262423731638,2,6.670699993264861,18.45280000998173
414,13.799999999999962,TRACKING,1,0,1,0,16.92546403656971,14.998018035660893,16.939115401628175,15.048780124468342,16.94153869307054,15.041461911555164,16.932194145559244,15.006308128700367,0.04632240207865399,3.7057921662923197,0.8542412197560965,2,6.645200002822094,19.912299991119653
415,13.833333333333295,TRACKING,1,0,1,0,16.873445179985637,14.93359697366688,16.887241512450533,14.9883939328761,16.889422835696962,14.980493619804472,16.87157478088499,14.95158340425798,0.04954372716080333,3.9634981728642664,1.4466735984687185,2,6.279900000663474,20.513600000413135
416,13.866666666666628,TRACKING,1,0,1,0,16.822419147221343,14.868386708761054,16.831686173380923,14.929422676157055,16.827565817092086,14.935404911167106,16.82101927435442,14.883634114090977,0.06721553142315373,5.377242513852298,1.2249225630081544,2,7.104500007699244,21.01050000055693
417,13.899999999999961,TRACKING,1,0,1,0,16.77227609939618,14.802495059642565,16.77937910293105,14.86553257971581,16.777247491406477,14.874640064419186,16.766204019645347,14.814311704822382,0.0723160870950488,5.785286967603904,1.0628362231122195,1,7.386899989796802,18.107000010786578
418,13.933333333333294,TRACKING,1,0,1,0,16.72272343410848,14.736158282274078,16.726358790851634,14.798494005562258,16.730037017624582,14.78980364424396,16.708114914898243,14.747906817148642,0.054141604748351745,4.33132837986814,1.4997320405240842,1,5.505599998286925,20.43940000294242
419,13.966666666666628,TRACKING,1,0,1,0,16.673754148661992,14.66938969870657,16.671474851912937,14.730946939861996,16.673235098519314,14.724725357713186,16.647432728645292,14.678077566646223,0.055338093306031795,4.427047464482543,2.217452521838338,1,6.6100999974878505,20.69490001304075
420,13.999999999999961,TRACKING,1,0,1,0,16.62530829486994,14.602240358284568,16.614200075676546,14.661223834328824,16.611945176142616,14.66357924277325,16.593021685502514,14.607492940109848,0.06277763688158751,5.022210950527001,2.616886406737237,1,6.306700001005083,20.595599999069236
421,14.033333333333294,TRACKING,1,0,1,0,16.577498857942555,14.534636420459636,16.55865131796023,14.590032064171684,16.552066775851323,14.597723199646477,16.552848162326608,14.536970747536243,0.06802008900070959,5.4416071200567675,1.9808779907919578,1,6.119800003943965,22.630999999819323
422,14.066666666666627,TRACKING,1,0,1,0,16.530148986940162,14.466709810174656,16.510953248926874,14.518046435938038,16.509283003819295,14.512102359076069,16.516612992016967,14.473045003436878,0.04995871042538496,3.996696834030797,1.1956128663890604,1,6.792600004700944,19.37490000273101
423,14.09999999999996,TRACKING,1,0,1,0,16.48310957578042,14.398567837305535,16.469421712653226,14.448955978755063,16.47601640974029,14.442127018655613,16.483697781697487,14.404563992094337,0.0441329274392928,3.5306341951434237,0.48199491085872576,1,5.644100005156361,20.546499988995492
424,14.133333333333294,TRACKING,1,0,1,0,16.43634100774436,14.330239690011707,16.433314296743138,14.379130308320963,16.43436790949033,14.37889348862985,16.461388632040055,14.33790822437929,0.048693790535290896,3.8955032428232714,2.0956181365202604,1,6.165099999634549,19.524899995303713
425,14.166666666666627,TRACKING,1,0,1,0,16.389842137655172,14.261727722085077,16.405754722716487,14.310145336142954,16.401224938608454,14.314902593173432,16.42984834660003,14.264399816864433,0.054379546456413706,4.350363716513097,3.207627753614158,1,6.8177999928593636,19.248600001446903
426,14.19999999999996,TRACKING,1,0,1,0,16.343379568160508,14.193191131093808,16.3782876394788,14.238187237660817,16.377496787509628,14.243077707089409,16.394227343513915,14.195416422297876,0.060437199808402856,4.834975984672228,4.071715651630684,0,5.208699993090704,17.50980000360869
427,14.233333333333293,TRACKING,1,0,1,0,16.296951885120784,14.124630902708002,16.349261764569086,14.167076068563142,16.351679259201617,14.162278307239635,16.332106397911584,14.12073655270148,0.06642599296775252,5.314079437420202,2.8295647513007776,1,6.0572999936994165,19.789800004218705
428,14.266666666666627,TRACKING,1,0,1,0,16.250544107208977,14.056057199161824,16.30659883695878,14.093541570816452,16.308758437632008,14.094487889465352,16.276142259162153,14.04478303797253,0.0697554745077939,5.580437960623512,2.237673211444489,1,5.172100005438551,18.917199995485134
429,14.29999999999996,TRACKING,1,0,1,0,16.204147825044867,13.987475717185278,16.259200726917012,14.018211165456766,16.248816688912555,14.028138791112614,16.231142078468654,13.968402052946503,0.06040523967711765,4.832419174169413,2.6442322262931786,1,7.061100011924282,18.528199987486005
430,14.333333333333293,TRACKING,1,0,1,0,16.157488073805972,13.919073215161776,16.21323399092283,13.941537776729978,16.214186629380073,13.945686470356778,16.18671863178918,13.897893249560994,0.06263378925359513,5.010703140287609,2.887785546453185,1,7.326999999349937,23.514100001193583
431,14.366666666666626,TRACKING,1,0,1,0,16.11065365397539,13.850790188076827,16.167826193509885,13.866946750155362,16.175384334388202,13.864130404498338,16.13785207051336,13.837595873972646,0.06609101573495661,5.287281258796529,2.418387941554787,1,6.982899998547509,25.77999999630265
432,14.39999999999996,TRACKING,1,0,1,0,16.063657699478032,13.782618236882563,16.12057739829194,13.798559329753724,16.121186528120123,13.794975544018323,16.080880256987435,13.779105927118895,0.058841049995548386,4.707283999643871,1.4061642738528264,1,7.159499989938922,22.53319999726955
433,14.433333333333293,TRACKING,1,0,1,0,16.01651645216565,13.714546675488807,16.068329370304237,13.73458629550284,16.057903910381693,13.739818623006343,16.022819354133173,13.71262512897039,0.04849322662922975,3.87945813033838,0.5271442412676789,1,8.674600001540966,28.399299990269355
434,14.466666666666626,TRACKING,1,0,1,0,15.969441785822427,13.646429053265,16.012795746736803,13.669409266280818,16.01300899464711,13.66946155970252,15.970935929748224,13.646525787939362,0.049280808004412896,3.9424646403530317,0.1197817660439264,0,6.108200002927333,23.705799991148524
435,14.49999999999996,TRACKING,1,0,1,0,15.922293351911108,13.578362469330878,15.958320387948351,13.60414507798487,15.968836870077446,13.599804233110268,15.919052505363275,13.580426446908334,0.051244983337604605,4.099598667008368,0.30738213128897396,0,6.0938999959034845,21.326799993403256
436,14.533333333333292,TRACKING,1,0,1,0,15.875260249766802,13.510216141686358,15.904202289497876,13.538732878502838,15.910487807971013,13.531527430535187,15.876112914029166,13.508565611708548,0.04117222230374805,3.293777784299844,0.14862108710602212,1,8.052500008489005,26.53269999427721
437,14.566666666666626,TRACKING,1,0,1,0,15.828077789851736,13.442173139510425,15.85441321510556,13.470626463282258,15.856285444109162,13.474034352754572,15.825290461557286,13.446686863983553,0.04255359759286449,3.404287807429159,0.424399115100756,1,6.119500001659617,23.662700012209825
438,14.599999999999959,TRACKING,1,0,1,0,15.780858440837726,13.374155731830891,15.803590534494772,13.405490304918308,15.796111646140506,13.41603846269294,15.781216340307576,13.370649392893645,0.04457379742036378,3.565903793629102,0.2819645909499107,1,5.397000000812113,23.019800006295554
439,14.633333333333292,TRACKING,1,0,1,0,15.733467907142288,13.30625748454267,15.755809823768693,13.335108856311376,15.759456114267978,13.337238011722299,15.735288601817999,13.31198871613945,0.040437358641923576,3.234988691353886,0.48107842000632633,1,5.489899995154701,25.871500009088777
440,14.666666666666625,TRACKING,1,0,1,0,15.685919961996749,13.238469376579785,15.708796222666452,13.270550075752341,15.719108814137153,13.264495450612948,15.687171881901843,13.249274241399968,0.0421764915086269,3.374119320690152,0.8701720555612986,1,5.80939999781549,27.103300002636388
441,14.699999999999958,TRACKING,1,0,1,0,15.638326515952336,13.170713206658748,15.661351765499571,13.206704101715475,15.661095813081657,13.20450297720427,15.637981332634972,13.19129083322155,0.04074542287524156,3.259633830019325,1.6464417224660066,1,5.585399994743057,27.95420000620652
442,14.733333333333292,TRACKING,1,0,1,0,15.590510593194809,13.103113856073131,15.613198387742745,13.146051195017813,15.602780669624035,13.150339189567502,15.594178231627401,13.130400234032752,0.048793307934937205,3.903464634794976,2.2025410689692357,1,6.292500009294599,26.698399989982136
443,14.766666666666625,TRACKING,1,0,1,0,15.542578193230685,13.035597045555823,15.567352917500623,13.085646607364371,15.570451957469151,13.088503306014667,15.53719074453491,13.058629619285583,0.059799825489382605,4.783986039150609,1.8923408675038242,1,6.478999988758005,24.820200007525273
444,14.799999999999958,TRACKING,1,0,1,0,15.49460258030629,12.968110934145551,15.515983473121205,13.020075857022144,15.526948346173187,13.018068074059737,15.481686339903806,12.983331131398677,0.0595144049615019,4.761152396920152,1.596964461588411,1,6.487399994512089,23.247000004630536
445,14.833333333333291,TRACKING,1,0,1,0,15.44639614274406,12.900789510762577,15.462638721216592,12.950016944354857,15.462903066474997,12.949135674017965,15.442089024377822,12.908609929353922,0.05108649559889211,4.086919647911369,0.7142446216904574,1,6.679899990558624,24.76369999931194
446,14.866666666666625,TRACKING,1,0,1,0,15.397896445319248,12.83367904944355,15.415863355989876,12.877490954247314,15.410386248578163,12.883458158638836,15.408546422632257,12.837139592513905,0.051322070279000744,4.105765622320059,0.8958477553134999,1,6.35609999881126,24.819400001433678
447,14.899999999999958,TRACKING,1,0,1,0,15.349025083008502,12.76683875759318,15.37541577327815,12.804962703980836,15.374466401139994,12.80556634459155,15.364066557380822,12.772304948126239,0.04633666650703514,3.7069333205628117,1.280312937338305,1,6.179200005135499,25.499600000330247
448,14.933333333333291,TRACKING,1,0,1,0,15.29976894049664,12.700281510853232,15.33326888152688,12.735610005848491,15.342735967305138,12.731553699457939,15.319981215887157,12.703518850104107,0.05314240465852564,4.2513923726820515,1.6375912884718642,0,5.490499999723397,24.424599992926233
449,14.966666666666624,TRACKING,1,0,1,0,15.250540397102334,12.633703848052367,15.290896224421944,12.66597756235956,15.297346210871126,12.657200974169797,15.265536628485544,12.635519613622801,0.05237269458732525,4.189815566986019,1.208460734138848,1,5.738599997130223,22.01900001091417
450,14.999999999999957,TRACKING,1,0,1,0,15.201395438780729,12.567064462248485,15.243307724116939,12.59685753004292,15.235923627628774,12.599401001779606,15.22547807243937,12.56776117393556,0.047305894072239965,3.784471525779197,1.9274167600993999,1,5.19229999918025,22.467299990239553
451,15.03333333333329,TRACKING,1,0,1,0,15.152579664715832,12.500183561602666,15.199682184088433,12.528148054121145,15.197116421129678,12.533137213780176,15.170078905400644,12.483692627976247,0.0554027604339579,4.432220834716632,1.9236204472457854,1,5.79450000077486,23.788999998942018
452,15.066666666666624,TRACKING,1,0,1,0,15.104021377299647,12.433115481326293,15.150327275975627,12.451800344601757,15.153719944113497,12.450213098756903,15.115317446518242,12.414150524405922,0.052557359762018335,4.204588780961467,1.7659368428712334,1,5.575599992880598,23.48790000542067
453,15.099999999999957,TRACKING,1,0,1,0,15.056001998184636,12.365660504503529,15.098437698698985,12.378521321674793,15.10596493660205,12.374790725716224,15.059125805895432,12.347882294364181,0.050790315560104916,4.063225244808393,1.4440452743546932,1,5.965499993180856,22.182300002896227
454,15.13333333333329,TRACKING,1,0,1,0,15.008427284754939,12.29789118024223,15.044033654039998,12.307958703610304,15.044038584676109,12.307179067629376,15.008609720315013,12.293554481539168,0.03680257510272641,2.9442060082181127,0.3472427473658747,1,5.824500010930933,25.595799990696833
455,15.166666666666623,TRACKING,1,0,1,0,14.960927551263858,12.230069281219665,14.990972195387936,12.2450998751793,14.987005927328019,12.251315557585052,14.96383749109065,12.229400614990274,0.033637567651930815,2.6910054121544653,0.2388621603771951,1,5.400299996836111,25.053900011698715
456,15.199999999999957,TRACKING,1,0,1,0,14.91344836493533,12.16223299642803,14.941363700017636,12.18156656456078,14.941080876292219,12.181405576333141,14.914429252086368,12.164187194746708,0.03363247692493728,2.6905981539949826,0.1749245445884905,0,5.474599995068274,24.0100000082748
457,15.23333333333329,TRACKING,1,0,1,0,14.865794636705248,12.094519210132148,14.891369168473071,12.11772432689061,14.896513511646619,12.109266963711994,14.865021013082085,12.098973774503142,0.034075585296740624,2.72604682373925,0.3616994309811569,0,5.597299998044036,24.63920001173392
458,15.266666666666623,TRACKING,1,0,1,0,14.817981875844833,12.026917623111903,14.841477016296494,12.053658588170574,14.842919786694985,12.049700316053187,14.824479422627546,12.01633351915645,0.033777958719066775,2.702236697525342,0.9935515953857039,1,5.430500008515082,21.77720000327099
459,15.299999999999956,TRACKING,1,0,1,0,14.769462830226862,11.959821148680884,14.795606566536526,11.981617503127591,14.788982073138804,11.982639235752524,14.782487757946468,11.951014551930282,0.03002775285405697,2.4022202283245573,1.2578200530853119,1,6.793599997763522,24.960800001281314
460,15.33333333333329,TRACKING,1,0,1,0,14.720066252938375,11.893368061311422,14.751375505761757,11.912866011384441,14.748782506895605,11.918628830631821,14.735324779616969,11.882710643955352,0.03824564953029962,3.05965196242397,1.4889527726083032,1,5.890000000363216,22.476099999039434
461,15.366666666666623,TRACKING,1,0,1,0,14.66988558307263,11.82750505924975,14.706033016634251,11.843855241485931,14.716501597261251,11.840342701940399,14.683538892884762,11.823747788067873,0.04835139965592074,3.868111972473659,1.1328687989284587,1,5.680999995092861,22.803800005931407
462,15.399999999999956,TRACKING,1,0,1,0,14.618939179189915,11.762232564275447,14.657939791440015,11.779554564308793,14.666221418836733,11.776434105074925,14.628129243093701,11.749456514627685,0.049368957322372946,3.9495165857898358,1.2590401910223357,1,5.669200007105246,26.214799989247695
463,15.43333333333329,TRACKING,1,0,1,0,14.567293508617851,11.697511938661098,14.606415882949529,11.710129475005466,14.607957071938362,11.715395698866088,14.571940856694292,11.679436011433095,0.04442245221721506,3.5537961773772047,1.4931030545451598,1,5.79309999011457,25.513800006592646
464,15.466666666666622,TRACKING,1,0,1,0,14.51495731663209,11.633348415712458,14.552447052350345,11.640523644510631,14.5500404560846,11.647518592495837,14.51903404568629,11.606897805748694,0.037836762333958905,3.0269409867167125,2.1410344972264297,1,5.714400002034381,21.50380000239238
465,15.499999999999956,TRACKING,1,0,1,0,14.461696263595549,11.569950506455216,14.498602030522683,11.569187187476928,14.504231889870592,11.568497540282468,14.465862226144438,11.546331242999386,0.04256043483458914,3.404834786767131,1.9187076486504322,1,6.836100001237355,27.478500007418916
466,15.533333333333289,TRACKING,1,0,1,0,14.407470924261112,11.507375373672168,14.444527841686106,11.502974395258763,14.445908856559514,11.501351006757487,14.415633199541183,11.49143488644495,0.038907166898905075,3.112573351912406,1.4326967484601523,1,6.107799999881536,23.570599994855
467,15.566666666666622,TRACKING,1,0,1,0,14.352423604904187,11.445522101322457,14.39186428661839,11.442179280088139,14.38590636294593,11.441744939261541,14.370831655206347,11.42477938395131,0.033695133763145826,2.695610701051666,2.2186361790845543,1,5.658399997628294,23.03369999572169
468,15.599999999999955,TRACKING,1,0,1,0,14.296527413464046,11.384434864920422,14.342698393687522,11.378677419224598,14.337396726906979,11.383288854513822,14.319291648898798,11.359449561958334,0.04088537784035658,3.2708302272285263,2.7040423417230732,1,5.606000006082468,24.261999991722405
469,15.633333333333288,TRACKING,1,0,1,0,14.239639806819673,11.32426980131183,14.292113119676,11.314825765288605,14.292966076732371,11.31509225145183,14.252971118659884,11.301172879706755,0.054110243801287566,4.328819504103006,2.133454157763086,1,5.575599992880598,23.907700000563636
470,15.666666666666622,TRACKING,1,0,1,0,14.181551257286856,11.265263402659444,14.233638160417,11.254111440486245,14.23690868290482,11.246107629361461,14.189004800694729,11.246130222636427,0.0585780523890325,4.6862441911226,1.642698048214541,1,5.339800001820549,23.958999998285435
471,15.699999999999955,TRACKING,1,0,1,0,14.122217090262723,11.207509690291293,14.17213720193407,11.196585190814623,14.174426165036003,11.197947742774964,14.129025891411775,11.181145664849035,0.053077474779674665,4.246197982373973,2.1783246562179093,1,6.541099995956756,22.610700005316176
472,15.733333333333288,TRACKING,1,0,1,0,14.061642804226679,11.151058024771357,14.110499286884014,11.135912979779661,14.10140327285751,11.140004963116503,14.070840805515918,11.119256460291329,0.04126820855924477,3.3014566847395814,2.6484020614331274,0,5.051200001616962,21.35969999653753
473,15.766666666666621,TRACKING,1,0,1,0,13.999683796513795,11.096129743968243,14.049511349867721,11.075340748598622,14.046066879916882,11.082759148014183,14.01092661977623,11.074472502661287,0.04827176464709463,3.8617411717675703,1.9521265138314423,1,5.641700001433492,23.32320000277832
474,15.799999999999955,TRACKING,1,0,1,0,13.936401824144957,11.04273099265456,13.98811403555607,11.022681015837367,13.987390949831122,11.021580106056907,13.952004904428005,11.01851047709263,0.0552019106744168,4.416152853953344,2.3049018907085435,1,6.0834000032627955,25.711399997817352
475,15.833333333333288,TRACKING,1,0,1,0,13.871815439781038,10.99091754243604,13.927104577968882,10.96890150861022,13.923837515374661,10.976041453204813,13.884067846642044,10.958871380915129,0.05410724886634019,4.328579909307215,2.744685561137484,1,6.077099998947233,26.54910000273958
476,15.866666666666621,TRACKING,1,0,1,0,13.805911628154298,10.940790481063782,13.86196694170731,10.913321869629968,13.854739955716964,10.91842152298333,13.821292315165753,10.901728325241127,0.05370824758053441,4.296659806442753,3.3584925670499226,1,5.724600006942637,20.75949999561999
477,15.899999999999954,TRACKING,1,0,1,0,13.738901056007146,10.892152863017026,13.797222971540998,10.8578618298148,13.793960428550468,10.864234881071065,13.750829616721507,10.843802739485827,0.06173287795655885,4.938630236524708,3.983987956767645,1,6.556499996804632,22.472000011475757
478,15.933333333333287,TRACKING,1,0,1,0,13.670816474932739,10.845030421562095,13.728585997451527,10.801842223685489,13.733600277856553,10.801626853975643,13.686690327518148,10.786118305822546,0.07632611341348419,6.106089073078735,4.881059935260498,0,5.66640000033658,22.616400005063042
479,15.96666666666662,TRACKING,1,0,1,0,13.601726973684544,10.799394082028488,13.661186182795758,10.7455764467109,13.66614779078975,10.745304092718753,13.62255103831479,10.728433872159265,0.08411758805404387,6.72940704432351,5.9162112483765315,0,5.126100004417822,23.81549999699928
480,15.999999999999954,TRACKING,1,0,1,0,13.5318770380415,10.754930375936738,13.594246467107883,10.689077011844597,13.59098455932437,10.692465751572746,13.55841174911143,10.670749438495983,0.08599725791639852,6.879780633311882,7.061114300717742,0,5.77299999713432,24.256300006527454
481,16.03333333333329,TRACKING,1,0,1,0,13.46119693961988,10.711798504242351,13.527730576042368,10.632381578088191,13.523108562483765,10.640944021850206,13.477338939813936,10.676906314125526,0.09409254338521564,7.527403470817251,3.0756115244040148,1,7.146200005081482,23.598400002811104
482,16.066666666666624,TRACKING,1,0,1,0,13.389949401557558,10.669610555858851,13.45444978465154,10.60236820005123,13.457459871953679,10.603896313670168,13.394756248550781,10.657157522805953,0.09421265965643043,7.537012772514434,1.067884069311865,1,5.867800005944446,22.396100001060404
483,16.09999999999996,TRACKING,1,0,1,0,13.317993933991474,10.62864172189818,13.376555669717554,10.576944355785587,13.381795377955612,10.57121695178865,13.309544874194376,10.637765074448449,0.08583838578422555,6.867070862738045,0.9947773160628125,1,5.950399994617328,25.01559999655001
484,16.133333333333294,TRACKING,1,0,1,0,13.24535920794537,10.588889599427068,13.293915892432048,10.557311918065533,13.289866944920588,10.558710831519422,13.227756536125128,10.596459777857417,0.05377449844562723,4.301959875650178,1.5329170240891108,1,5.6401000038022175,21.803299998282455
485,16.16666666666663,TRACKING,1,0,1,0,13.171995436767821,10.55049960401994,13.20977547820299,10.53076739654906,13.202389697670622,10.532872919717521,13.15500929742028,10.549952565935753,0.035135610074747275,2.810848805979782,1.3595956589507037,1,6.229399994481355,25.768699997570366
486,16.199999999999964,TRACKING,1,0,1,0,13.09793836152154,10.513464697854033,13.129101919688162,10.498031122968019,13.132620337722066,10.497918768047782,13.08212443663372,10.508022053847002,0.03800678106226198,3.0405424849809584,1.3379449175984355,1,6.48939999518916,30.62099999806378
487,16.2333333333333,TRACKING,1,0,1,0,13.023276665033872,10.477664338270166,13.050252431376407,10.463501638402455,13.057355388509412,10.459423898767309,13.007450930236041,10.46805735913466,0.038653240834110286,3.092259266728823,1.4810762141120808,0,6.468999999924563,23.07239999936428
488,16.266666666666634,TRACKING,1,0,1,0,12.947947058044775,10.443291602277537,12.971894525647878,10.428256767853105,12.968482503900322,10.428802691864359,12.93427541606271,10.432081096471487,0.025132311104376973,2.0105848883501576,1.4144154635201458,1,5.847000007634051,24.5773999922676
489,16.29999999999997,TRACKING,1,0,1,0,12.87204666706507,10.410198320211853,12.894820902233903,10.394168703452188,12.889491816952319,10.40337598288297,12.86287704547293,10.391553341158192,0.018731725526966576,1.498538042157326,1.6622244451183548,1,7.3087000055238605,22.7827999915462
490,16.333333333333304,TRACKING,1,0,1,0,12.795585987880841,10.37842098225794,12.819449478427051,10.358303562658783,12.81986877922206,10.364273635691497,12.782511854601493,10.365489450313424,0.02810340495726884,2.2482723965815072,1.471124695056233,1,6.473100002040155,23.808999991160817
491,16.36666666666664,TRACKING,1,0,1,0,12.718624188877167,10.347877305942394,12.740855367794502,10.328456515919074,12.748889694344998,10.322393318149361,12.699526808981306,10.34094202736758,0.03956557158766637,3.165245727013309,1.6254141779563216,1,5.334099987521768,29.41260000807233
492,16.399999999999974,TRACKING,1,0,1,0,12.641247352331375,10.318400877479693,12.659418831436012,10.302395872715643,12.662578970782086,10.295967523619748,12.618488513509272,10.315222555429543,0.030956312944732913,2.4765050355786333,1.8383757623901487,1,6.168499996419996,21.998700001859106
493,16.43333333333331,TRACKING,1,0,1,0,12.563508809390422,10.289892043582661,12.577256996506462,10.278119431665466,12.57455077033321,10.27918552506471,12.545392044351837,10.276434952710456,0.015380326402169374,1.2304261121735498,1.8054326377128387,1,6.265599993639626,24.610499996924773
494,16.466666666666644,TRACKING,1,0,1,0,12.485417603074527,10.262363909521682,12.498568435303627,10.248358907664516,12.491271006115408,10.253142452704889,12.468443224244364,10.24343064508761,0.01092234374953297,0.8737874999626376,2.034263367492607,0,5.192600001464598,26.765100003103726
495,16.49999999999998,TRACKING,1,0,1,0,12.407035797320768,10.235674451012171,12.419786813487814,10.218618384038614,12.422760133399121,10.21532796275383,12.40087796711346,10.218629303522812,0.02571447704216021,2.057158163372817,1.4498682440465278,1,6.609000003663823,23.052399992593564
496,16.533333333333314,TRACKING,1,0,1,0,12.328400316177948,10.209741927529333,12.3457765828693,10.192242060198101,12.351050820823357,10.18724653173252,12.331375702400456,10.203212112853521,0.031923160757465124,2.55385286059721,0.5740600825615844,1,5.703100003302097,23.803799995221198
497,16.56666666666665,TRACKING,1,0,1,0,12.249609680861996,10.18428469957224,12.273473726661884,10.172009749390963,12.27300495804482,10.174661432890693,12.26129621955999,10.177786871141109,0.025297159051668072,2.0237727241334458,1.0697198468687028,1,7.375000001047738,30.732800005353056
498,16.599999999999984,TRACKING,1,0,1,0,12.1706543438704,10.15934297891599,12.202262231158388,10.150493831555705,12.196270636084146,10.154869475494294,12.184237618519395,10.153797429684248,0.026003973920228993,2.0803179136183196,1.1737351427894867,1,5.892899993341416,28.102900003432296
499,16.63333333333332,TRACKING,1,0,1,0,12.09146373326545,10.135158648022495,12.128357719992994,10.129395316085755,12.124827423121515,10.124615281088653,12.106487822113836,10.13474203383628,0.03498997552318856,2.799198041855085,1.202389123315744,1,6.5270000050077215,29.734299998381175
500,16.666666666666654,TRACKING,1,0,1,0,12.012023783862851,10.111806365314724,12.052742240476766,10.110777786724281,12.054949820936628,10.105770129288976,12.018704079065259,10.11708610096902,0.043348365646443655,3.4678692517154923,0.6811846272865967,1,6.513999993330799,23.441600002115592
501,16.69999999999999,TRACKING,1,0,1,0,11.932360403934833,10.089228044580105,11.97095212988922,10.094051325744216,11.968877586690427,10.09280159155559,11.94016067320163,10.094995203780368,0.03669161858505869,2.9353294868046955,0.7760590735276056,0,5.997400003252551,28.196699990076013
502,16.733333333333324,TRACKING,1,0,1,0,11.85243654908643,10.067589835436962,11.890456778803646,10.076115014804266,11.88477838494326,10.07899132621315,11.861617267338001,10.072904306591715,0.03429268637056002,2.7434149096448017,0.8486382174544846,0,6.896400009281933,23.21959999972023
503,16.76666666666666,TRACKING,1,0,1,0,11.772263711940665,10.046893196754567,11.810205991995817,10.057544981594075,11.810414112453113,10.054250603766326,11.783073861474373,10.050813409403062,0.0388533717609793,3.108269740878344,0.9199213884693791,0,5.244100000709295,26.286399996024556
504,16.799999999999994,TRACKING,1,0,1,0,11.691841285715126,10.027188678776483,11.730212467058957,10.038416084071992,11.740521568455748,10.02903931182066,11.680708269282285,10.019084332647514,0.04871544693801983,3.8972357550415864,1.1016336409447267,1,6.366500005242415,24.89600000262726
505,16.83333333333333,TRACKING,1,0,1,0,11.611121042012094,10.008742082199495,11.640420987965514,10.014765132807929,11.638916126976973,10.011593479511397,11.597327061880016,9.99503611721378,0.027940959447291025,2.235276755783282,1.555639781592226,0,6.980699996347539,27.299699999275617
506,16.866666666666664,TRACKING,1,0,1,0,11.530124037757572,9.991551387898683,11.55311306336454,9.991647156037892,11.547658144984377,10.001584910241602,11.537956763352623,9.957897444525281,0.02020189315007239,1.6161514520057914,2.7642743653436472,1,5.893199995625764,21.345000001019798
507,16.9,TRACKING,1,0,1,0,11.448852901328806,9.975707239062984,11.476655078760368,9.962697993826813,11.472058570239534,9.965799282550911,11.465396047381839,9.947730666277605,0.025232333856373364,2.018586708509869,2.600140680683371,1,6.982999999308959,28.224800000316463
508,16.933333333333334,TRACKING,1,0,1,0,11.367421166327267,9.960710332602318,11.400991226506601,9.942472630902614,11.408354494452302,9.932731662009292,11.379427306275717,9.944806990494897,0.04958168371026599,3.9665346968212796,1.5941165561350086,1,7.427799995639361,21.988300009979866
509,16.96666666666667,TRACKING,1,0,1,0,11.285906314685,9.946171982266383,11.32048427032677,9.930349102972567,11.325035469516449,9.921823676053318,11.2907157108522,9.947252221418891,0.04608612343502798,3.686889874802238,0.3943375862963337,1,6.729500004439615,22.064899996621534
510,17.000000000000004,TRACKING,1,0,1,0,11.204269965093589,9.932332145051303,11.236040850129212,9.926187434370565,11.234509529417647,9.932393419600144,11.203662811452254,9.936490092655868,0.03023962640442427,2.4191701123539415,0.33616342527043225,1,6.830400001490489,27.366199996322393
511,17.03333333333334,TRACKING,1,0,1,0,11.12253214263552,9.919104785202713,11.149951716998906,9.920210639566289,11.149047853815592,9.92526473103912,11.128797675247718,9.921294817681225,0.027221827126267882,2.1777461701014307,0.5309803230791605,1,7.090400002198294,29.891999991377816
512,17.066666666666674,TRACKING,1,0,1,0,11.040643737136596,9.90684412805904,11.068899359889501,9.911521797337725,11.07258119440737,9.9128924278949,11.04298512504912,9.914918984292905,0.032505124331817695,2.6004099465454154,0.6725968804185484,1,7.43250000232365,27.875300002051517
513,17.10000000000001,TRACKING,1,0,1,0,10.958615308137727,9.895558229568962,10.984836569450897,9.905604024946365,10.991547228043027,9.900293590604111,10.958382419847407,9.911882857933158,0.03327063258764847,2.661650607011878,1.306103158400247,1,6.675700002233498,28.130199993029237
514,17.133333333333344,TRACKING,1,0,1,0,10.876477691027167,9.885096560287723,10.900234424936084,9.902435779076901,10.900390067752086,9.903741823350975,10.879208326159656,9.898580683633163,0.03032239428759424,2.425791543007539,1.1006265869856822,1,7.373800006462261,23.224599994136952
515,17.16666666666668,TRACKING,1,0,1,0,10.794247350004266,9.875390599026304,10.817917905362192,9.895578312841344,10.816001328538473,9.905665735956022,10.800942190267074,9.869363209787865,0.037280282968077824,2.982422637446226,0.7206677222738834,1,6.739899996318854,24.793400007183664
516,17.200000000000014,TRACKING,1,0,1,0,10.711937449845538,9.866384212147485,10.73723742826281,9.878862335770707,10.739064210824786,9.881675647234506,10.720076528540629,9.853917527414966,0.03113983218075892,2.4911865744607136,1.1910676359634225,0,5.813700001453981,26.288200009730645
517,17.23333333333335,TRACKING,1,0,1,0,10.629497052555083,9.858663100612027,10.656304774810321,9.863525731371537,10.660463433914158,9.857128835396022,10.64573910490184,9.852886835206522,0.03100436653487258,2.4803493227898064,1.3790884095683762,1,6.979400001000613,29.843599986634217
518,17.266666666666683,TRACKING,1,0,1,0,10.546936527928017,9.852354817005962,10.578494462717588,9.854950969799004,10.581065914386679,9.852222835940081,10.564028234284761,9.852415214518754,0.03412964164837488,2.73037133186999,1.3673450456582863,1,6.916099999216385,22.876300005009398
519,17.30000000000002,TRACKING,1,0,1,0,10.464261083544601,9.84779350526966,10.498844893648403,9.850325736729605,10.495694127508829,9.853937853362904,10.485248060812811,9.843957252613233,0.032027945084691554,2.562235606775324,1.7067771721938358,1,6.05090000317432,23.243599993293174
520,17.333333333333353,TRACKING,1,0,1,0,10.381507273043939,9.844993234502155,10.419853688263142,9.844554187889045,10.419033504171104,9.848619737511259,10.400037205481611,9.840834394347716,0.03770105498105396,3.0160843984843164,1.5192721364124728,1,6.944099994143471,20.73640000890009
521,17.36666666666669,TRACKING,1,0,1,0,10.298717551646643,9.84361602728858,10.337885271719886,9.841100770341026,10.343539672577034,9.841369247426652,10.311837968316558,9.841714682900186,0.044878397302561435,3.5902717842049148,1.0605973986782073,1,6.305999995674938,21.131100002094172
522,17.400000000000023,TRACKING,1,0,1,0,10.215916776167845,9.84387341582838,10.25285303163957,9.840737824887167,10.256017601697842,9.839192343888774,10.225133355657444,9.844946469261469,0.04037311782227167,3.229849425781733,0.7423068094889058,1,5.746300012106076,22.037699993234128
523,17.43333333333336,TRACKING,1,0,1,0,10.133138923355837,9.84583855006923,10.166731456031588,9.843262201282114,10.16274642582299,9.847277354558061,10.137910011978127,9.851817421185125,0.029642441881524123,2.37139535052193,0.6119356121016618,1,5.5373999930452555,23.52340001380071
524,17.466666666666693,TRACKING,1,0,1,0,10.05040702807401,9.849225019001292,10.079558914148755,9.849257441132417,10.070489502431817,9.852270784597248,10.05287206706954,9.851971922728286,0.020312126043264853,1.6249700834611882,0.2952628370504159,0,4.924299995764159,20.31429999624379
525,17.50000000000003,TRACKING,1,0,1,0,9.967737256524849,9.853888015973224,9.99288913065442,9.853771366951735,9.996455199651702,9.849515810048281,9.976178546449566,9.866234170966177,0.029048863008511908,2.323909040680953,1.1964826282483354,1,5.592000001342967,20.605800003977492
526,17.533333333333363,TRACKING,1,0,1,0,9.885186922154599,9.860328277156654,9.910430424129835,9.864357669374622,9.919124286403218,9.85833581163118,9.883855868738797,9.879397300178283,0.03399580284408098,2.7196642275264784,1.5292337264293105,1,6.365799999912269,20.344799995655194
527,17.5666666666667,TRACKING,1,0,1,0,9.802812284765452,9.868721952380136,9.822871667028387,9.877445821125724,9.819544678251154,9.88043560375207,9.802359360847786,9.882718242148409,0.020425048842624215,1.6340039074099373,1.1202892979301609,1,5.125700001372024,19.52399998845067
528,17.600000000000033,TRACKING,1,0,1,0,9.72069070142255,9.879308746890553,9.738135830810766,9.887508059393053,9.735440278841796,9.8944668242582,9.723692192823046,9.885232142602066,0.02114987809728349,1.6919902477826791,0.5312359468705873,1,5.8428000047570094,18.912999992608093
529,17.63333333333337,TRACKING,1,0,1,0,9.638924854364738,9.892361751283007,9.65596902516153,9.895603870139665,9.657279998328514,9.895931808474868,9.63875019366623,9.886816481078418,0.018699107419449062,1.495928593555925,0.44384161500432,1,5.498400001670234,21.685900006559677
530,17.666666666666703,TRACKING,1,0,1,0,9.557561043763029,9.907722903359591,9.572259139584721,9.901794260433524,9.579430941847441,9.898048821291725,9.544150749608072,9.884418858730173,0.02391401902814337,1.9131215222514697,2.150965528928618,1,5.382799994549714,23.03300000494346
531,17.70000000000004,TRACKING,1,0,1,0,9.47668175094594,9.925459156124996,9.483091321500709,9.904672504572128,9.479091275399856,9.900809530376778,9.455207576549338,9.883893712979864,0.024767112419925474,1.981368993594038,3.7427914544024046,1,5.623800010653213,20.867699990049005
532,17.733333333333373,TRACKING,1,0,1,0,9.39636412737858,9.945586600404956,9.393822651712524,9.906505833517388,9.386775073793157,9.907346498316436,9.375285496892243,9.89445250258417,0.03942404540892054,3.1539236327136435,4.424661522422101,1,5.459099993458949,20.2216000034241
533,17.76666666666671,TRACKING,1,0,1,0,9.316702967133912,9.968172751410036,9.308660406123167,9.913053986808887,9.30758570174186,9.91170429323994,9.292807526102107,9.919790392014281,0.057199749093304664,4.575979927464373,4.316920978886218,1,6.6413000022294,21.977800002787262
534,17.800000000000043,TRACKING,1,0,1,0,9.237701183761297,9.992966962280668,9.224369715831779,9.929365305109826,9.228409569348457,9.92001901788778,9.20451467694832,9.95279251783542,0.0735373149465279,5.882985195722233,4.168706443726431,1,6.2682999996468425,23.548900004243478
535,17.83333333333338,TRACKING,1,0,1,0,9.15945202335982,10.020042847588723,9.137950617691633,9.954924139686863,9.143719344793887,9.952288628087716,9.122757528031789,9.985368489343672,0.06955682162843252,5.5645457302746015,4.038849029778684,1,5.305800004862249,23.269800003618002
536,17.866666666666713,TRACKING,1,0,1,0,9.081996754263235,10.049312558177085,9.053803975591698,9.985744415717392,9.04754664246227,9.988109631846418,9.054953313964955,10.014117282354567,0.07023253088516757,5.618602470813405,3.550824222866402,1,5.224200009251945,21.923599997535348
537,17.90000000000005,TRACKING,1,0,1,0,9.005301982859931,10.080520677443484,8.977716123898077,10.017943269318808,8.966369334677708,10.025587558181392,8.992580857530498,10.044059275176282,0.06733051823908676,5.3864414591269405,3.089347773171915,1,6.398600002285093,22.53690001089126
538,17.933333333333383,TRACKING,1,0,1,0,8.92941847447289,10.113652653291968,8.908736233962223,10.051656879678355,8.909694335561568,10.05134105588475,8.917842322892856,10.069285901747563,0.06535883128722811,5.228706502978248,3.6681687446523386,0,4.483900003833696,19.51280000503175
539,17.96666666666672,TRACKING,1,0,1,0,8.85449635326125,10.148904751412498,8.837827926849652,10.083654280490578,8.835674686352787,10.080270547718584,8.843103788255213,10.094512528318843,0.0711681745017455,5.693453960139639,4.445801233873981,0,5.093200001283549,20.796700002392754
540,18.000000000000053,TRACKING,1,0,1,0,8.780679883532505,10.18641692897574,8.766380600375854,10.11461506176658,8.760886014711652,10.117393134082876,8.758689733242264,10.186211198211128,0.0718058598187454,5.744468785499633,1.7592890108175556,1,5.563499988056719,24.280900004669093
541,18.03333333333339,TRACKING,1,0,1,0,8.707829281722875,10.225772036455272,8.690092554398126,10.174355409846772,8.685934386277209,10.179567566003422,8.690367039298403,10.237491480948066,0.05112963461939128,4.090370769551303,1.6824273696503107,1,5.631300009554252,22.001999997883104
542,18.066666666666723,TRACKING,1,0,1,0,8.63583355975953,10.266670088826107,8.618222308897616,10.231819861874666,8.621755772784878,10.232435791530461,8.610439554519479,10.285533557862951,0.03701582360869875,2.9612658886959,2.530689665665967,1,5.434200007584877,21.890699994401075
543,18.10000000000006,TRACKING,1,0,1,0,8.564679890768849,10.309016163708149,8.542914292202436,10.288985397213722,8.550362951426672,10.285779724911611,8.536101567957964,10.331998748690648,0.027292981516734257,2.1834385213387404,2.933851799568269,1,5.183200002647936,19.553799997083843
544,18.133333333333393,TRACKING,1,0,1,0,8.494560029006829,10.35305296258393,8.46872861320645,10.344918618520607,8.468183287940219,10.349037185495893,8.468324068165892,10.369181999307855,0.026680684678542007,2.1344547742833604,2.4637811161077154,1,5.861500001628883,20.22150000266265
545,18.16666666666673,TRACKING,1,0,1,0,8.425333635157328,10.398481379498287,8.398137951332151,10.395136092135767,8.390460487117979,10.400718634741096,8.409572663499063,10.408044868425643,0.03494483889211429,2.795587111369143,1.474841926339311,1,5.702299997210503,19.658800010802224
546,18.200000000000063,TRACKING,1,0,1,0,8.356984419233374,10.44521915171019,8.334033234021597,10.442729655442431,8.330401189676751,10.440546376334614,8.342751363865542,10.449890342781048,0.026990793307546772,2.159263464603742,1.1983986411854155,1,5.11450000340119,20.41869999084156
547,18.2333333333334,TRACKING,1,0,1,0,8.289487794497166,10.493179972365914,8.269438832766399,10.489721001140383,8.273202258955163,10.48217699183342,8.27423761831549,10.491559441758387,0.01965411530668063,1.5723292245344502,1.226882861295757,0,5.44419999641832,20.34980000462383
548,18.266666666666733,TRACKING,1,0,1,0,8.222893435241076,10.542385927127727,8.204133735355438,10.535847619185665,8.201255564672673,10.540636642693554,8.22000550222178,10.531169895014365,0.021708464680087594,1.7366771744070075,0.926548981084227,1,5.200300001888536,20.608599996194243
549,18.300000000000068,TRACKING,1,0,1,0,8.157048316456795,10.592590060434008,8.145142540919505,10.580291135931311,8.135562470574,10.589470662106836,8.16282506673281,10.587232408016451,0.021711108198864182,1.7368886559091345,0.6303029528284146,1,5.479499988723546,22.64770001056604
550,18.333333333333403,TRACKING,1,0,1,0,8.091927915640767,10.643730729830397,8.087975703101034,10.631450922527156,8.087761678733166,10.641225739496962,8.1007881811806,10.63368156167481,0.0048613276520778695,0.38890621216622956,1.071791281339753,1,5.944599994109012,19.26370000001043
551,18.366666666666738,TRACKING,1,0,1,0,8.027350523515445,10.695555387041452,8.02988271861754,10.681398629771763,8.03897681588246,10.680378683196198,8.03916121854368,10.687466546807881,0.019118133115183733,1.5294506492146986,1.1452073443681963,1,6.536200002301484,22.11890000035055
552,18.400000000000073,TRACKING,1,0,1,0,7.963325762083791,10.74806123997587,7.971547602434055,10.734750826781266,7.973406065121309,10.740106556233975,7.97866030639745,10.737436680098593,0.012840930759168619,1.0272744607334896,1.4924439487357295,1,5.3152999898884445,20.38820000598207
553,18.433333333333408,TRACKING,1,0,1,0,7.9000393216499445,10.801454695810495,7.9134464371069,10.787817343243736,7.899662906695852,10.79304401693346,7.916842296904079,10.785800072916802,0.008419097777688723,0.6735278222150979,1.8372278166146956,0,4.845599993132055,20.497000004979782
554,18.466666666666743,TRACKING,1,0,1,0,7.837508063306359,10.855730624164773,7.854650131930645,10.840032832063486,7.843734454582457,10.847413374352215,7.8587177630505725,10.839171916432619,0.010389638721706016,0.8311710977364812,2.1526425286124202,1,5.120000001625158,19.464499986497685
555,18.500000000000078,TRACKING,1,0,1,0,7.775615504010683,10.910733767462062,7.797147945112957,10.894035959473559,7.804155074529766,10.889020520160852,7.7969138048818385,10.889274908776851,0.03586045445581028,2.8688363564648225,2.4187272501976524,1,5.691099999239668,20.86010000493843
556,18.533333333333413,TRACKING,1,0,1,0,7.714553047827659,10.966657028397448,7.7384340588134295,10.947247198791802,7.747226361361302,10.938755017998936,7.73225994796348,10.946788009579137,0.0429658888136439,3.4372711050915123,2.1291308592528737,1,5.443100002594292,20.146399998338893
557,18.566666666666748,TRACKING,1,0,1,0,7.654152389227406,11.023294428667999,7.677689163986289,11.00366697288285,7.680751393589468,11.00274793184127,7.674506273242853,11.015626438076945,0.03361049783778506,2.688839827022805,1.7400297454354738,1,5.157899999176152,19.820900008198805
558,18.600000000000083,TRACKING,1,0,1,0,7.594500451464307,11.080719867193606,7.619086497584573,11.067296500194253,7.615585176996366,11.075905030790967,7.617172320180161,11.07418184691663,0.02162748946009357,1.7301991568074857,1.887659868024626,1,5.361700008506887,21.063599997432902
559,18.633333333333418,TRACKING,1,0,1,0,7.535604135895273,11.138920027684309,7.561610238577434,11.129768472771334,7.565062907291859,11.123625126541414,7.545285660403151,11.130358730841657,0.03319266806340234,2.6554134450721874,1.033913637939693,1,5.722400004742667,19.74030000565108
560,18.666666666666753,TRACKING,1,0,1,0,7.477510053728034,11.197920979252034,7.497492153103784,11.190852371392403,7.504903427325745,11.182178005568488,7.478342844587591,11.187294106328197,0.03159490682791425,2.52759254623314,0.8527563544370939,2,5.684000003384426,20.66470000136178
561,18.700000000000088,TRACKING,1,0,1,0,7.420202774736773,11.257686441212673,7.432427956460741,11.251369136992833,7.430098970510344,11.247930377256045,7.4139937057522225,11.244182436330378,0.013896599393904203,1.1117279515123364,1.1890451578060757,0,5.2906000055372715,20.250899993698113
562,18.733333333333423,TRACKING,1,0,1,0,7.363722415683016,11.318233973861904,7.3676496842760635,11.311303175092224,7.362472567583737,11.316667895626178,7.349644566916854,11.30107076633256,0.0020036769479350445,0.16029415583480355,1.7758585864029248,0,5.146199997398071,20.396799998707138
563,18.766666666666758,TRACKING,1,0,1,0,7.308099221489421,11.379569892673418,7.302918635250375,11.370753046878932,7.301479512928567,11.370876951290592,7.303784907022566,11.390079845013522,0.010926471128223036,0.8741176902578429,0.9088803045864547,1,5.847199994605035,22.16160000534728
564,18.800000000000093,TRACKING,1,0,1,0,7.253410310363403,11.441740284891912,7.246497721122493,11.44414036525612,7.2579830693475715,11.440671308053329,7.243375613109934,11.45978636103436,0.004696044740919836,0.37568357927358687,1.6518712068106882,1,6.304099995759316,21.856300008948892
565,18.833333333333428,TRACKING,1,0,1,0,7.199544255966486,11.504624963888146,7.18819576962897,11.516550350886025,7.19619970604453,11.508691000088417,7.188501732763438,11.525803585073968,0.0052648518082056795,0.4211881446564543,1.9107633055256448,1,5.399600006057881,21.070199989480898
566,18.866666666666763,TRACKING,1,0,1,0,7.146458614506346,11.568169824730832,7.132200022873114,11.58788513946358,7.129045999997302,11.591655216577855,7.139239055346392,11.578009363204782,0.029236326278258538,2.338906102260683,0.9763230673318094,1,5.215800003497861,20.43079999566544
567,18.900000000000098,TRACKING,1,0,1,0,7.094263886234286,11.632448476002905,7.080122913470668,11.651686480126294,7.081939015636089,11.653076803157113,7.086512560073108,11.644993822930209,0.024029779783496328,1.9223823826797062,1.1797458350905996,1,5.7822000089799985,22.93749999080319
568,18.933333333333433,TRACKING,1,0,1,0,7.042883942486794,11.697380255966614,7.028558317399241,11.71856065293289,7.03629455178323,11.719644028906718,7.02791526018178,11.706482216221591,0.023218433525384812,1.857474682030785,1.4015012075493785,1,6.3658999861218035,23.132600006647408
569,18.966666666666768,TRACKING,1,0,1,0,6.992244193344582,11.762890945747479,6.974522566002229,11.783551924420493,6.9813691024512865,11.774855543759468,6.97173481428284,11.769327965733098,0.016168463363162366,1.2934770690529893,1.7196648153283072,0,5.129700002726167,20.85869999427814
570,19.000000000000103,TRACKING,1,0,1,0,6.942458369894237,11.829052917091463,6.920372217236506,11.848339719589765,6.915782602556321,11.847574107435447,6.912410274584809,11.824045401893837,0.0324750835999648,2.598006687997184,2.4369991253887138,1,6.193599998368882,22.971899990807287
571,19.033333333333438,TRACKING,1,0,1,0,6.893500474703648,11.895829852984466,6.864384206282442,11.908921020173848,6.862935954106416,11.910697102382908,6.86133306826943,11.877807652252159,0.03398860138361238,2.71908811068899,2.9497571489894656,1,6.143299993709661,21.271799996611662
572,19.066666666666773,TRACKING,1,0,1,0,6.845359913385314,11.96319839924091,6.81125568807717,11.96670182168861,6.809146357714293,11.96349068684695,6.82326417706712,11.938253243182384,0.036214735210723256,2.8971788168578607,2.665912075642309,1,5.889699998078868,22.20570000645239
573,19.100000000000108,TRACKING,1,0,1,0,6.798056861137495,12.031157621696668,6.765827418924015,12.025795823832404,6.772495372702518,12.01742242993678,6.779437581620682,12.01023526565735,0.029018014813084605,2.321441185046768,2.240603564344145,1,5.1798999920720235,23.007200012216344
574,19.133333333333443,TRACKING,1,0,1,0,6.7513967188136315,12.099559856945728,6.72193655143243,12.091060319710461,6.722012528073184,12.094168563382532,6.741259235482077,12.074735947711565,0.02987468345866742,2.3899746766933934,2.1451266263245405,1,5.781899992143735,20.092200007638894
575,19.166666666666778,TRACKING,1,0,1,0,6.705188859609591,12.168268432949969,6.682245020493761,12.155975056758862,6.675442834065346,12.156488512810718,6.7006276677428485,12.154628562655605,0.031993633025432025,2.5594906420345622,1.1505839432700349,1,5.343500000890344,21.269399992888793
576,19.200000000000113,TRACKING,1,0,1,0,6.659188175212011,12.237115885362568,6.643560513706584,12.228921338971636,6.644915593630722,12.226803168428738,6.656295369496906,12.22269543383545,0.017608484192339256,1.4086787353871404,1.1766195569378133,1,6.223000003956258,20.481400002609007
577,19.233333333333448,TRACKING,1,0,1,0,6.613304967863196,12.306041685699864,6.603706395529919,12.30005806272964,6.6119581915495695,12.296667770925783,6.611963071250964,12.290762305015294,0.009470168141626175,0.7576134513300941,1.2270554298727923,1,4.824700008612126,20.79139999113977
578,19.266666666666783,TRACKING,1,0,1,0,6.567297722454335,12.374884753895868,6.563168981619916,12.370768458004182,6.56425153280651,12.372677373677377,6.5714355031647065,12.384247060543956,0.0037618876643925898,0.30095101315140715,0.8188734309230291,2,6.035999991581775,25.037300001713447
579,19.300000000000118,TRACKING,1,0,1,0,6.520990866457672,12.443526648948781,6.523736245254515,12.4524134097825,6.518697364575017,12.456716348247872,6.5398117288146835,12.476142691248075,0.013387618103537568,1.0710094482830055,3.0125402704092963,2,6.151299996417947,23.61820000805892
580,19.333333333333453,TRACKING,1,0,1,0,6.474356615823933,12.511946538868164,6.488807025336699,12.539414862156558,6.4874672262038935,12.542558966538524,6.490005776740928,12.55086972013797,0.03330178422259221,2.6641427378073765,3.3561027660719343,2,5.677799999830313,21.89429999270942
581,19.366666666666788,TRACKING,1,0,1,0,6.427346209967888,12.580108525414925,6.4479110591155555,12.622365881291692,6.4549981040900555,12.621124670098189,6.445092391690404,12.615347620756491,0.04946666931603486,3.957333545282789,3.1564241096233636,2,6.072899996070191,22.763100001611747
582,19.400000000000123,TRACKING,1,0,1,0,6.379834408878273,12.647921971175863,6.4063630064572745,12.698401987051737,6.412028463657618,12.696451886968815,6.400108084599933,12.676821812887802,0.05823752990989913,4.659002392791931,2.824150452923752,2,6.027399998856708,21.016099999542348
583,19.433333333333458,TRACKING,1,0,1,0,6.3318698040924355,12.715415906877446,6.363854133291544,12.768693309396783,6.367148906354295,12.769581330927053,6.358916458229099,12.735356849809229,0.06464138162877173,5.171310530301739,2.6882413046414095,2,6.774499997845851,22.896900001796894
584,19.466666666666793,TRACKING,1,0,1,0,6.283275405956884,12.782457827633003,6.32259417003503,12.833766092686263,6.32646966813552,12.841030303754621,6.307681204158429,12.781643935678314,0.07277691422542105,5.822153138033684,1.9535492310659106,2,8.476400005747564,25.919599996996112
585,19.500000000000128,TRACKING,1,0,1,0,6.2340971400875835,12.84907263705883,6.276767371481892,12.88938876115855,6.286145204970946,12.889207980830928,6.245015188220137,12.839505825021774,0.06572554205031131,5.258043364024904,1.161316956086267,2,8.773000008659437,24.367999998503365
586,19.533333333333463,TRACKING,1,0,1,0,6.184377211013744,12.915284141509668,6.222834886225288,12.945523802316243,6.228501785936396,12.944210612610712,6.194217806720799,12.907316037046341,0.05276095945359863,4.220876756287891,1.0129655871215242,2,7.291400004760362,22.696300002280623
587,19.566666666666798,TRACKING,1,0,1,0,6.134144032705648,12.981107104568299,6.170300112230884,13.0062767946048,6.16816525171311,13.009089954015476,6.140391035455134,12.969888181212886,0.04405091606240535,3.524073284992428,1.027273781171792,2,7.612900008098222,23.13599998888094
588,19.600000000000133,TRACKING,1,0,1,0,6.083360476296372,13.046506378778162,6.116369404479336,13.066904574414806,6.115016780815141,13.074210288875879,6.0831622117081094,13.03604536555201,0.042066949621852,3.36535596974816,0.8370313506757026,1,7.32360000256449,20.071599996299483
589,19.633333333333468,TRACKING,1,0,1,0,6.032079296679302,13.111516187929032,6.060125955704331,13.129706629921271,6.062931052292503,13.128050988883261,6.015814257038813,13.103244251626622,0.035003292231055014,2.8002633784844013,1.4598113734541116,1,6.5851999970618635,20.638800007873215
590,19.666666666666803,TRACKING,1,0,1,0,5.98041108545654,13.176218820161353,5.997552530123849,13.194242161392602,6.003638644190147,13.191207530252797,5.957175638927615,13.16265730068479,0.02764382236465379,2.2115057891723033,2.1522836778256837,1,6.536400003824383,20.140699998592027
591,19.700000000000138,TRACKING,1,0,1,0,5.928290835068761,13.24055787648227,5.935947977933085,13.255972634601495,5.937401202350608,13.254554701575918,5.904108188530888,13.232329990882619,0.016700595938836823,1.3360476751069459,2.0435240072254666,1,6.611599994357675,22.908600003574975
592,19.733333333333473,TRACKING,1,0,1,0,5.875713713048231,13.304524124682311,5.8772726184463835,13.321556113999383,5.872457944471219,13.330079601219756,5.8478051455718925,13.297278502994706,0.02576203427687636,2.0609627421501084,2.3067028205245808,0,5.623400007607415,20.96559999336023
593,19.766666666666808,TRACKING,1,0,1,0,5.822852231532955,13.368255580344025,5.818668034966052,13.386591418740899,5.821457573382018,13.388701276334784,5.804750485909093,13.36025598629863,0.020493207555297606,1.6394566044238084,1.5832456780113098,1,5.91379999241326,22.765400004573166
594,19.800000000000143,TRACKING,1,0,1,0,5.769813138487097,13.431839298996081,5.766738421044861,13.450687358913624,5.771212630132103,13.440778169769086,5.746066647797516,13.431790997753481,0.009047761466844417,0.7238209173475533,1.8997231850231915,1,6.740800003171898,19.70469999650959
595,19.833333333333478,TRACKING,1,0,1,0,5.716700382563932,13.495361498477815,5.711050736675866,13.518325788475915,5.710055849998055,13.513967121443645,5.697108649946977,13.498823299234266,0.019756493083684105,1.5805194466947285,1.5916181479972953,1,5.900300006032921,19.938599987654015
596,19.866666666666813,TRACKING,1,0,1,0,5.6631843576208505,13.558544326390487,5.658606852429002,13.585653237483958,5.648847506996009,13.586765863414564,5.648244966873839,13.554054165075046,0.0316543904986398,2.532351239891184,1.2479665239884237,1,7.728399999905378,20.95299999928102
597,19.900000000000148,TRACKING,1,0,1,0,5.609115115575376,13.621254387252991,5.607725296902302,13.647242731847802,5.6020921868950895,13.65042066711124,5.60281822875431,13.608296685190238,0.029999890133433307,2.399991210674665,1.152535504381574,1,6.366300003719516,20.983399997930974
598,19.933333333333483,TRACKING,1,0,1,0,5.554204560860168,13.683229105079045,5.559652583626371,13.70523577762572,5.563854151798074,13.697810766314493,5.552979246177567,13.675812604125861,0.0174854067626206,1.398832541009648,0.6013631579535265,1,6.345499990857206,20.71290000458248
599,19.966666666666818,TRACKING,1,0,1,0,5.498410066859215,13.744409241626201,5.51096207968938,13.76757891329346,5.513555175425622,13.762431320397074,5.503037341538048,13.738510150321977,0.02354080790269937,1.8832646322159496,0.5997916927410765,0,5.168000003322959,19.63640000030864
600,20.000000000000153,TRACKING,1,0,1,0,5.441901104056876,13.804930079291875,5.462084349766241,13.829506544938369,5.455521657175013,13.832576996307102,5.46277192360219,13.807470265288899,0.03081998519939393,2.4655988159515143,1.6819867364852827,1,6.577399995876476,21.964400002616458
601,20.033333333333488,TRACKING,1,0,1,0,5.384554864359808,13.864658158629464,5.417650630137348,13.894555649625872,5.408704240330872,13.900456169784164,5.421578721426974,13.87225989413129,0.043182056023582445,3.4545644818865955,3.0236956193581856,1,6.43829999899026,20.41779999854043
602,20.066666666666823,TRACKING,1,0,1,0,5.3265648374055825,13.92376138563611,5.37510815206336,13.95930501796733,5.384213582093603,13.961399615066467,5.358484963299191,13.939138233007432,0.06884776015787802,5.507820812630241,2.8344643200658566,1,6.5633000049274415,20.785000000614673
603,20.100000000000158,TRACKING,1,0,1,0,5.26772764596202,13.982021316736176,5.323294963628616,14.025171392601969,5.331699444365266,14.019976363288826,5.299769672256208,14.002518949581917,0.07438398046460941,5.950718437168752,3.0429926336460595,1,6.81609999446664,21.33289999619592
604,20.133333333333493,TRACKING,1,0,1,0,5.207831887487257,14.039192400209238,5.268702629174218,14.089901853837414,5.268924127635779,14.090567055165039,5.243515944507024,14.05195481338748,0.07982240899767658,6.385792719814126,3.0318111978390023,1,6.103399995481595,22.004400001605973
605,20.166666666666828,TRACKING,1,0,1,0,5.146918340462264,14.095277821288025,5.213087179157962,14.14710735574438,5.207702010906869,14.150211037371328,5.183033470225711,14.10354085029421,0.08192870572621719,6.554296458097375,2.963868009139581,1,6.206599995493889,21.631100011290982
606,20.200000000000163,TRACKING,1,0,1,0,5.085057668268009,14.150316824771245,5.1545538587415365,14.201336724152657,5.158942268118606,14.199809300662105,5.10386452959089,14.152216636392652,0.08892940607521353,7.114352486017083,1.51220594791035,1,6.589099997654557,21.832500002346933
607,20.233333333333498,TRACKING,1,0,1,0,5.022382195859757,14.204426156934499,5.085022707404816,14.251995522936536,5.0943608643240905,14.247061127135218,5.026954606285614,14.209869302951029,0.0836580504070866,6.692644032566927,0.5687025270054507,1,5.974699990474619,19.241100002545863
608,20.266666666666833,TRACKING,1,0,1,0,4.958916063527925,14.257605896644177,5.010738792846846,14.305130727866436,5.010798606189855,14.30394884130419,4.9550302729161455,14.255517883675179,0.06956627597354989,5.565302077883991,0.3529003652005843,1,6.05530000757426,20.80779999960214
609,20.300000000000168,TRACKING,1,0,1,0,4.894567968450399,14.309714987296813,4.935772817303943,14.353334540187781,4.92730386123673,14.348988694274151,4.894607502294553,14.31680966490871,0.05112790565102387,4.090232452081909,0.567583020699359,1,5.098599998746067,19.24959999450948
610,20.333333333333503,TRACKING,1,0,1,0,4.829336138309675,14.360713448109298,4.866013042268834,14.40710933887802,4.867424848054965,14.406181337258031,4.830093843923211,14.367574289014174,0.059313394386954724,4.745071550956378,0.5522043431559956,1,5.333299995982088,20.25370000046678
611,20.366666666666838,TRACKING,1,0,1,0,4.7631893417230255,14.410519431385158,4.797041436329143,14.458247533672528,4.80745225652866,14.450754499298718,4.7589429596662605,14.424733242083795,0.05981694005129034,4.785355204103228,1.186764812821686,1,5.083100011688657,20.359199988888577
612,20.400000000000173,TRACKING,1,0,1,0,4.69630832679552,14.459335048876055,4.725702918076536,14.511714507399265,4.728046640328314,14.508194707564941,4.689714582196974,14.478743358520132,0.05826308259181328,4.661046607345062,1.6398242853598832,1,5.3397000010591,19.746100006159395
613,20.433333333333508,TRACKING,1,0,1,0,4.628798919908629,14.50727787576946,4.654308727024119,14.564717795053614,4.645456562772387,14.563839732197478,4.60864799623671,14.530776367941183,0.05896372332510982,4.7170978660087854,2.4764346748352213,1,5.126599993673153,23.398600009386428
614,20.466666666666843,TRACKING,1,0,1,0,4.560689778434181,14.554364811498647,4.576876041025744,14.616712835586053,4.570778160396571,14.621328469561181,4.537112668013509,14.58468967412734,0.06771932480271059,5.417545984216847,3.0729555068566787,0,5.050799998571165,21.460600008140318
615,20.500000000000178,TRACKING,1,0,1,0,4.491924038298307,14.600487556997114,4.501182644861265,14.669154223609874,4.506081931873691,14.662992730722682,4.468726372851833,14.645563783950886,0.06408855352522187,5.1270842820177505,4.055611751480682,1,5.248999994364567,24.170599994249642
616,20.533333333333513,TRACKING,1,0,1,0,4.422650571633331,14.64584416054023,4.4275753520291286,14.725116967430894,4.431124415377923,14.71430254098285,4.411639397978014,14.69777345105956,0.06898083705373662,5.51846696429893,4.246709528363554,1,5.146700001205318,19.886900001438335
617,20.566666666666848,TRACKING,1,0,1,0,4.352828674598221,14.690351883051829,4.360704328152948,14.778921361794598,4.359914628540125,14.777877935159575,4.342044381879776,14.748205942766846,0.0878124167805138,7.024993342441104,4.708048050695109,1,5.299000011291355,23.245599993970245
618,20.600000000000183,TRACKING,1,0,1,0,4.2825311176621685,14.734104461919518,4.29176018840508,14.830990200470422,4.28157857747103,14.839605053981858,4.27311268610762,14.783278917880562,0.10550489210610074,8.44039136848806,4.005463446453994,1,6.462600009399466,23.26389998779632
619,20.633333333333518,TRACKING,1,0,1,0,4.211747575311994,14.777066361331812,4.22263943846329,14.874354656759406,4.223214102856844,14.878791454400384,4.19965686394907,14.823830638984031,0.10236931089807313,8.18954487184585,3.864159802571639,1,6.4258000056724995,22.732600002200343
620,20.666666666666853,TRACKING,1,0,1,0,4.140502271564827,14.819258082826968,4.151055563569407,14.915681794848382,4.1554631562045365,14.911563904733256,4.13344301573166,14.879323653953549,0.09351038887202924,7.48083110976234,4.838317676336951,1,6.4131999970413744,21.572800003923476
621,20.700000000000188,TRACKING,1,0,1,0,4.0688404494588735,14.860738414566306,4.0818271645243405,14.962856642680947,4.081714758691972,14.965370787431475,4.0788013087113315,14.911457353434141,0.10542144606115549,8.433715684892439,4.135024625359475,2,6.088699999963865,21.20259999355767
622,20.733333333333523,TRACKING,1,0,1,0,3.996666344196675,14.901320839313382,4.019514368580263,15.00122982465502,4.011095603944839,15.006389438515875,4.0141610392699585,14.95552846896083,0.10605476922446311,8.484381537957049,4.556863108904376,1,6.356500001857057,19.852900004480034
623,20.766666666666858,TRACKING,1,0,1,0,3.9241151035940205,14.941225126749279,3.955964978038696,15.041564226674373,3.955807273068154,15.044040223829173,3.937296929286328,14.969851386656744,0.10758874380494098,8.607099504395277,2.521235614372771,2,5.245799999102019,19.304000001284294
624,20.800000000000193,TRACKING,1,0,1,0,3.851206146932421,14.980472020986504,3.886464384736232,15.068217773058771,3.887619958695792,15.062319006168668,3.862663026411156,14.99975691028116,0.08958177644224072,7.166542115379258,1.7945108169034423,2,6.050099997082725,23.380600003292784
625,20.833333333333528,TRACKING,1,0,1,0,3.7779593931332878,15.019084813253317,3.814736181013165,15.095167995525888,3.8162652186979273,15.093274382930119,3.7885839155456584,15.034499435921097,0.08349508081927755,6.679606465542204,1.497712535261181,2,5.72350001311861,20.683299997472204
626,20.866666666666863,TRACKING,1,0,1,0,3.7044374429417015,15.05717099852799,3.7415321981475844,15.12362694783176,3.7291276322306866,15.123199967791026,3.716754096244755,15.06424594996189,0.07049418578198333,5.639534862558666,1.1363235775208813,2,7.623099998454563,25.649800008977763
627,20.900000000000198,TRACKING,1,0,1,0,3.630648759261782,15.094737803416558,3.668440214688509,15.150565113600996,3.66100382703959,15.154342771137777,3.6386332104310872,15.100269910329022,0.06688932887122477,5.351146309697982,0.7770947632959752,2,6.6442000097595155,19.253699996625073
628,20.933333333333533,TRACKING,1,0,1,0,3.556721467264403,15.132031102636192,3.59217264728473,15.180147772097708,3.5939839772425355,15.17923138270729,3.5655538962719455,15.134358040801295,0.06013618784609161,4.810895027687328,0.7307046173002628,1,5.2580000046873465,21.58610000333283
629,20.966666666666868,TRACKING,1,0,1,0,3.4826981182692935,15.16913337308288,3.516832525006678,15.210226887719621,3.516872994342841,15.209224699979126,3.492474582112804,15.168446171273569,0.05268051486976904,4.214441189581523,0.7840469031283669,1,5.946699995547533,25.47680000134278
630,21.000000000000203,TRACKING,1,0,1,0,3.4086029039568206,15.20609191586719,3.441809299634995,15.240926138117864,3.4377649166297655,15.241425432667514,3.417599553921269,15.216228434106686,0.04581353940284144,3.6650831522273153,1.0842544722783032,2,7.452000005287118,29.75509999669157
631,21.033333333333537,TRACKING,1,0,1,0,3.3344133385739303,15.242860694158681,3.3662787072329783,15.278261972547664,3.3616734833386572,15.278058228731222,3.3457120816809636,15.259762857603715,0.04451945566355334,3.561556453084267,1.6264704852829917,2,7.347199993091635,28.65849999943748
632,21.066666666666872,TRACKING,1,0,1,0,3.2600042743687756,15.27918321930306,3.291899210497588,15.31756972097037,3.2942719996233905,15.319396010325871,3.272836040148527,15.29725763892328,0.052833186123590725,4.226654889887258,1.7732931762285666,2,8.056000006035902,28.019199991831556
633,21.100000000000207,TRACKING,1,0,1,0,3.185581983889535,15.315478637038286,3.2177133836097047,15.355845240224493,3.2290395152461913,15.349137348010746,3.1924788960822545,15.338171081933892,0.05496786202811944,4.397428962249555,1.8973909718502429,1,6.31529999373015,30.923600003006868
634,21.133333333333542,TRACKING,1,0,1,0,3.111112502713867,15.351677132064706,3.1400906693464776,15.395461328995609,3.134263062832334,15.39796443699709,3.122406271904337,15.369863013114548,0.05175386972683441,4.140309578146753,1.7125896033067332,1,7.8504999983124435,28.356099996017292
635,21.166666666666877,TRACKING,1,0,1,0,3.036638838191785,15.387867019621915,3.0658245343117345,15.431102673166926,3.05960751367469,15.43500315791946,3.0386605774658255,15.403331368574799,0.05243448852658324,4.194759082126659,1.2476756456163183,1,7.018800009973347,28.336799994576722
636,21.200000000000212,TRACKING,1,0,1,0,2.9621220148467047,15.423967957384098,2.9861975152023974,15.465638659398461,2.9895237845747626,15.470221841654745,2.9615244334393536,15.445493681585964,0.05376131317547815,4.300905054038252,1.7227213930581815,1,7.546600012574345,27.98909999546595
637,21.233333333333547,TRACKING,1,0,1,0,2.8876308369822854,15.460121782757389,2.9074025691255256,15.503709263039559,2.9188346444623274,15.500111048703813,2.88478272401017,15.487393956940675,0.05072296316448177,4.057837053158542,2.1936391421532524,1,8.180100005120039,32.05769999476615
638,21.266666666666882,TRACKING,1,0,1,0,2.813116132808383,15.496227094425157,2.8289096895119856,15.54340951721906,2.8321599830584345,15.539657781233673,2.8058546367839314,15.521169452589746,0.0474224924377225,3.7937993950177997,2.0782308712152404,1,9.175099999993108,27.609900003881194
639,21.300000000000217,TRACKING,1,0,1,0,2.738598595575184,15.532326558596385,2.749576748280007,15.5801403999208,2.744903143294665,15.584981431267318,2.7365710536832544,15.558909379183293,0.05303096206877081,4.242476965501664,2.132802515346264,1,7.010999994236045,26.564200001303107
640,21.333333333333552,TRACKING,1,0,1,0,2.664095382214991,15.568455575573829,2.6747438252945916,15.617452359373024,2.6699119031724337,15.622241540184858,2.6665248195883953,15.594343056812141,0.05409955549897997,4.327964439918397,2.0800982297039963,1,6.00940000731498,27.515999987372197
641,21.366666666666887,TRACKING,1,0,1,0,2.589831970064677,15.605074973227852,2.6018701023112554,15.653691014624577,2.603076573762621,15.65012354103569,2.5870630945759507,15.630571346342922,0.04695522323078599,3.756417858462879,2.0517024556127867,1,7.3127000068780035,27.87049999460578
642,21.400000000000222,TRACKING,1,0,1,0,2.515879237087483,15.642317797421981,2.525653327400091,15.689804674308428,2.5251956030127105,15.689026707094643,2.50733441375414,15.667002319302465,0.04762895040688575,3.8103160325508596,2.0897305108801385,1,7.101600000169128,25.38520000234712
643,21.433333333333557,TRACKING,1,0,1,0,2.442426478368964,15.680537254579168,2.4477267449664426,15.725887193746171,2.441884156593787,15.73279197744086,2.4335023191843894,15.701164128217496,0.052257537009124846,4.1806029607299875,1.7979695805981653,1,6.651700008660555,22.685999996610917
644,21.466666666666892,TRACKING,1,0,1,0,2.3695742238368798,15.71988930253532,2.3716333627321426,15.76081304794465,2.367871546708578,15.767598193779596,2.358234756941163,15.74214380662383,0.04773926489967627,3.819141191974101,1.998153486324101,1,7.039600008283742,20.964399998774752
645,21.500000000000227,TRACKING,1,0,1,0,2.297199613939731,15.760113058090793,2.295652712156568,15.798576189798036,2.299029776781597,15.79907730653409,2.282180057059431,15.774270661455635,0.03900720642110446,3.120576513688357,1.6512294995751464,1,7.231600000523031,18.818199998349883
646,21.533333333333562,TRACKING,1,0,1,0,2.2253008420780933,15.801181309496704,2.2194866192785727,15.833301188864972,2.2236239296398908,15.83139320859007,2.2047697329019016,15.807315511633453,0.03025840184400281,2.4206721475202246,1.714231965370764,1,7.242799998493865,20.51699999719858
647,21.566666666666897,TRACKING,1,0,1,0,2.1539021533447475,15.843112943329762,2.1425729803936786,15.86711983784538,2.138258845732926,15.869741128113064,2.133557684989214,15.84966245900373,0.030883220329035604,2.4706576263228484,1.70981832622365,1,7.691399994655512,21.40019999933429
648,21.600000000000232,TRACKING,1,0,1,0,2.0830218553463205,15.885915023003594,2.0683846528028513,15.904940033169606,2.058996073076155,15.91411877386707,2.0576695381013663,15.88445472912996,0.037049828291942345,2.963986263355388,2.0315471115559953,1,6.627599999774247,18.758500009425916
649,21.633333333333567,TRACKING,1,0,1,0,2.012500173489153,15.929305425822506,1.993224344785064,15.940993174056269,1.9935212557514432,15.944207786931766,1.9741145362501296,15.92947321296313,0.02413047212811151,1.9304377702489208,3.070880315500908,2,6.745999999111518,21.682899998268113
650,21.666666666666902,TRACKING,1,0,1,0,1.9423896287082738,15.973357056658143,1.9139056999122062,15.981574731436599,1.9250386837830915,15.976063302520116,1.8949019998430972,15.979459260109524,0.01756072482735699,1.4048579861885595,3.8302474340533554,2,7.957099995110184,23.486100006266497
651,21.700000000000237,TRACKING,1,0,1,0,1.872584592223778,16.017891218266385,1.8345357499923813,16.02690730241033,1.8377763551708521,16.028972666379296,1.8323819255353822,16.03541107076876,0.036529602502789776,2.9223682002231826,3.5083440110121162,2,9.504400004516356,21.4752000028966
652,21.733333333333572,TRACKING,1,0,1,0,1.7986822926534671,16.055234019272348,1.7632340390091406,16.078038862135205,1.757135930664932,16.0833388785408,1.7698045923862322,16.079793763209075,0.050159578437043696,4.012766274963496,3.0327308828440405,2,8.163099992088974,24.23110000381712
653,21.766666666666907,TRACKING,1,0,1,0,1.7214211373457955,16.085012342752268,1.6961273604469462,16.126703902446863,1.6990520300020568,16.12896653488696,1.7045260953904895,16.12348140389846,0.04931883990493979,3.9455071923951834,3.3612484424841487,2,6.282599992118776,20.72529999713879
654,21.800000000000242,TRACKING,1,0,1,0,1.641573094225455,16.10692865354134,1.6304589000922705,16.174088803096964,1.6366410302105037,16.170656896028998,1.6233110047167798,16.162573885105402,0.06391880901591884,5.113504721273507,4.685224918599269,1,7.6730000000679865,23.65509999799542
655,21.833333333333577,TRACKING,1,0,1,0,1.55993597854505,16.120763971106726,1.5578259304621216,16.218222757306425,1.5610038251548113,16.21752294447262,1.5517651555238186,16.175932429396532,0.09676486564452909,7.741189251562327,4.461620253795428,1,6.756100003258325,24.27529999113176
656,21.866666666666912,TRACKING,1,0,1,0,1.4773254813788166,16.126380057528664,1.4864646126706242,16.247515330381763,1.4776402387364882,16.24945973247594,1.4926375026005354,16.18023816503192,0.12308007741840943,9.846406193472754,4.479395486162231,1,7.735599996522069,21.093400006066076
657,21.900000000000247,TRACKING,1,0,1,0,1.3945670195070399,16.123720798728055,1.4214382979567621,16.264191463937987,1.4190123460898247,16.268692064787654,1.4205482011759465,16.179204612001204,0.14701782876461653,11.761426301169323,4.901249039984738,1,5.660599999828264,21.38639999611769
658,21.933333333333582,TRACKING,1,0,1,0,1.3124874881244326,16.1128127651398,1.3532342365792016,16.270489957994393,1.3575159565739854,16.271176960541172,1.3356737334795195,16.17207972972452,0.1646413719453174,13.171309755625392,5.09127885844182,1,6.822900002589449,20.65230000880547
659,21.966666666666917,TRACKING,1,0,1,0,1.2319069987766837,16.093764946229797,1.277369274629646,16.267440009179875,1.2836400535956405,16.271289095947694,1.2617801970502944,16.183131988248945,0.18490844408507526,14.792675526806022,7.5382231006928135,0,5.462899993290193,19.520700006978586
660,22.000000000000252,TRACKING,1,0,1,0,1.1536306850769877,16.066767661508223,1.20275631459345,16.268069869649377,1.1979023760398329,16.269564447412495,1.1721512906488725,16.132093325281296,0.20757292452006598,16.605833961605278,5.432026614451425,1,6.416300006094389,20.835799994529225
661,22.033333333333587,TRACKING,1,0,1,0,1.0784406580771226,16.032090658919902,1.1206978046968692,16.24063849941044,1.1158781490855325,16.241634270493943,1.0944284162681954,16.084265699365275,0.21286167077352708,17.028933661882167,4.365569475761024,1,6.792499989387579,19.014600009541027
662,22.066666666666922,TRACKING,1,0,1,0,1.0070881916723526,15.990080419612001,1.0403789104346215,16.200200048560223,1.0404546625447781,16.193932601932524,1.02251892190861,16.0316760211767,0.20656484118871732,16.525187295097385,3.549243529680878,1,6.928200004040264,18.490000002202578
663,22.100000000000257,TRACKING,1,0,1,0,0.9403203395619748,15.941110136854826,0.9632663386017694,16.14825676088922,0.9656718097928535,16.143058079481342,0.9377193051095571,15.963480515997482,0.2035329667988696,16.282637343909567,1.8016867531667222,1,7.238799997139722,22.066799996537156
664,22.133333333333592,TRACKING,1,0,1,0,0.8786029581080617,15.88591050374714,0.8816872877851653,16.0815333807336,0.8702832360656395,16.082018373897043,0.8632688542166334,15.908196766232043,0.19628426964378468,15.702741571502774,2.1641622677780368,1,6.31529999373015,19.30880000873003
665,22.166666666666927,TRACKING,1,0,1,0,0.8224647684510639,15.825045585027192,0.8032234174652806,16.013002718888874,0.79754407942292,16.018970805229763,0.7946965749012143,15.849711413493102,0.19551990121788904,15.641592097431124,2.9713034628529975,1,7.0106000057421625,21.622500004014
666,22.200000000000262,TRACKING,1,0,1,0,0.7725768008012395,15.758960599194396,0.7290902190443771,15.941456499556521,0.7327597813335072,15.93824567026182,0.7197804341497075,15.802500027614022,0.18365329223007432,14.692263378405945,5.4746766311581085,0,5.3275000100256875,19.395600000279956
667,22.233333333333597,TRACKING,0,1,1,0,0.729038245156662,15.688530287246095,0.6542876314655671,15.874603363977121,0.6653257988085031,15.870319762104252,0.6448642933982007,15.755288641734941,0.19263096580994285,15.410477264795428,8.594670738989507,0,5.536299999221228,20.57640001294203
668,22.266666666666932,TRACKING,1,0,1,0,0.6924406305156219,15.614256137830994,0.5794943526280545,15.810722913203325,0.5774565022191902,15.812960719854988,0.6595919015678929,15.661421106066745,0.22957539214258274,18.366031371406617,4.598137516628797,1,6.354199998895638,22.267299995291978
669,22.300000000000267,TRACKING,1,0,1,0,0.6630992369699656,15.536827995056226,0.5447420882089781,15.72856150061583,0.5364850173170963,15.733512485380242,0.6052704067529933,15.60349099303451,0.23391440603845412,18.71315248307633,7.060030097937483,0,6.285499999648891,22.541500002262183
670,22.333333333333602,TRACKING,1,0,1,0,0.6411588625783873,15.456986560698443,0.5013074063640819,15.653080073561373,0.49959501246417626,15.654561399933113,0.6234458519297847,15.484637596070229,0.2430558387650145,19.44446710120116,2.6270354435300876,1,6.289100012509152,20.099799992749467
671,22.366666666666937,TRACKING,1,0,1,0,0.6268131881824545,15.375437579742966,0.4885098305529821,15.553247229590998,0.49682071334361905,15.55240567587823,0.6033254223750442,15.384066721477998,0.21958085199867775,17.56646815989422,2.001818740576908,1,6.5442999912193045,17.336400007479824
672,22.400000000000272,TRACKING,1,0,1,0,0.6198699546517359,15.29292802770874,0.475435980368135,15.44834383319402,0.4803785388227307,15.445042685234933,0.5919773228586936,15.296232532568393,0.20638973841809902,16.51117907344792,2.2470156716280543,1,7.519000006141141,22.838899996713735
673,22.433333333333607,TRACKING,1,0,1,0,0.6203692232543545,15.210128357421876,0.46908181401860144,15.344643880906613,0.4647302378433009,15.354349255516926,0.5799791498138903,15.21995104459992,0.2121866188691569,16.974929509532554,3.3253866815623607,1,7.122600000002421,18.406100003630854
674,22.466666666666942,TRACKING,1,0,1,0,0.6283868733309962,15.127716271196618,0.46591871442561844,15.247287375465314,0.4636949733661674,15.251549587271944,0.5565801439041785,15.140264898131633,0.206053663117734,16.484293049418717,5.831596380508036,0,5.110500002047047,19.95780000288505
675,22.500000000000277,TRACKING,1,0,1,0,0.643704749393742,15.04634430217978,0.4587037362595958,15.152329067653701,0.4693021915460745,15.15223992961816,0.5650263003931321,15.071564794471067,0.20403464434839816,16.322771547871856,6.60974871222511,1,6.127300002845004,18.035400004009716
676,22.533333333333612,TRACKING,1,0,1,0,0.6659322300688114,14.96658232018591,0.4642782530763893,15.06500376778845,0.4737436790594098,15.06134859868176,0.5931651367758524,14.988775058488127,0.21428272603979637,17.14261808318371,6.086085112599389,1,5.624699988402426,20.61340000363998
677,22.566666666666947,TRACKING,0,1,1,0,0.694804444402638,14.888978003887058,0.48531672742934767,14.97574514491764,0.4815820570304528,14.97678264903013,0.5893779911387089,14.91040026036655,0.23059367334208222,18.44749386736658,8.606472028136817,0,5.810700007714331,19.86159999796655
678,22.600000000000282,TRACKING,1,0,1,0,0.7300999042627387,14.814076300421682,0.4999059132859929,14.888581603168076,0.49072777681925384,14.89026710295656,0.6677481639477977,14.812131534030627,0.25120520254908885,20.09641620392711,4.990564945409768,1,6.297999992966652,20.760500003234483
679,22.633333333333617,TRACKING,1,0,1,0,0.7716876451554509,14.74247675799164,0.5501743990710664,14.793455126919687,0.5540774764982225,14.791015512641248,0.7538415433732154,14.72662248322872,0.22295783504053482,17.836626803242783,1.909708043998418,1,5.940799994277768,19.081100006587803
680,22.666666666666952,TRACKING,1,0,1,0,0.8190638029341011,14.674568479093677,0.6228396435180018,14.70037792671609,0.6277148286021593,14.696607972522976,0.8325749220514413,14.65425974033756,0.19261404218931236,15.40912337514499,1.951401891428319,1,6.995100004132837,19.818700005998835
681,22.700000000000287,TRACKING,1,0,1,0,0.8718315708422828,14.610759409685487,0.7070349075206936,14.614379372570275,0.7017488742881426,14.614944348443316,0.9030856585359159,14.575984356534889,0.1701341746373565,13.61073397098852,3.7404789590111065,1,6.762899996829219,20.820000005187467
682,22.733333333333622,TRACKING,1,0,1,0,0.9293500650901331,14.551197194412623,0.7948239742791421,14.529702622841425,0.7873876718636782,14.53406169454221,0.9688724194774402,14.502878792512655,0.1429928195623526,11.439425564988209,4.993874301010108,1,6.749799998942763,20.208599991747178
683,22.766666666666957,TRACKING,1,0,1,0,0.9912649190163777,14.49621914850298,0.8822484450566619,14.44912595865359,0.8813495148847975,14.445157556907635,1.0239893269781952,14.454903211926176,0.12119687372889817,9.695749898311854,4.216458033312796,1,5.860000004759058,22.29530000477098
684,22.800000000000292,TRACKING,1,0,1,0,1.057172774791516,14.446097404560112,0.9633929740613912,14.383692709980522,0.9721517474389162,14.376079295749667,1.0660569468425907,14.406321651809794,0.11014132128081068,8.811305702464853,3.260467716030943,1,6.4833000069484115,17.817299987655133
685,22.833333333333627,TRACKING,1,0,1,0,1.1267148500489528,14.401153723829225,1.0336668263137732,14.326288017063305,1.0347414033659035,14.32355823019293,1.124841895749814,14.362892232752175,0.12033360099082889,9.62668807926631,3.064584442689279,1,5.647600002703257,21.896899997955188
686,22.866666666666962,TRACKING,1,0,1,0,1.1995683149658865,14.36180391673506,1.1053500629497213,14.276829612989486,1.099733367553367,14.282693525665175,1.17891470644203,14.30518182166349,0.1273792396746445,10.19033917397156,4.821706383661645,0,5.1411000022199005,24.10879998933524
687,22.900000000000297,TRACKING,1,0,1,0,1.2752343138024784,14.328178163378269,1.1738330217115032,14.224900261596508,1.1667439510066007,14.225905979394414,1.2600621035406645,14.285295874685216,0.14909647358810554,11.927717887048445,3.638977129058519,1,7.7062000054866076,21.167400002013892
688,22.933333333333632,TRACKING,1,0,1,0,1.3531318365579106,14.300106636570526,1.2530047009377585,14.19016194608856,1.2566581347379606,14.181990186486098,1.321151246715055,14.23738760838925,0.1525079372471859,12.200634979774872,5.632156033463896,0,6.05159999395255,19.63419999810867
689,22.966666666666967,TRACKING,0,1,1,0,1.4327886616158323,14.27750520098686,1.3276631346280323,14.15099420750153,1.3275275092183367,14.151114395247411,1.3822403898894455,14.189479342093284,0.1644826616379853,13.158612931038824,8.120563372959396,0,6.255900007090531,21.07679999608081
690,23.000000000000302,TRACKING,1,0,1,0,1.513805574508764,14.26040857868741,1.4003160028731587,14.110612566080626,1.396885192314894,14.11300693054165,1.5398115693038552,14.202114626031005,0.1881425567181638,15.051404537453104,5.106542740658659,1,8.013400001800619,20.730999996885657
691,23.033333333333637,TRACKING,1,0,1,0,1.595833568637384,14.249119519914155,1.512843212581999,14.095207447352085,1.5083500067864066,14.104210231725224,1.6305336677360418,14.187537452493403,0.16926923937194358,13.541539149755485,5.654844524275802,1,6.512699997983873,19.440500007476658
692,23.066666666666972,TRACKING,1,0,1,0,1.6784525399586494,14.243629506565641,1.6185082814211031,14.082041323391003,1.622542425299208,14.07825148878225,1.6943700994000455,14.194772023971803,0.17457327884643614,13.965862307714891,4.110803175227045,1,6.529899997985922,20.18069999758154
693,23.100000000000307,TRACKING,1,0,1,0,1.7612535718028997,14.243783760506862,1.711127226152692,14.082896668596032,1.714491099765895,14.080565385253946,1.7788693908570226,14.203433577826281,0.16978506062434695,13.582804849947756,3.522230496311142,1,6.221399991773069,20.34450000792276
694,23.133333333333642,TRACKING,1,0,1,0,1.843864038932716,14.24940028873562,1.8057092080649637,14.09259772437364,1.799788720965232,14.094381532086025,1.8647929962852419,14.21066072542589,0.1611628014373077,12.893024114984618,3.522521843263868,1,5.809599999338388,22.552800000994466
695,23.166666666666977,TRACKING,1,0,1,0,1.9259548593818907,14.260223036387316,1.9004585992208567,14.107113120977923,1.8905955258631795,14.109278559345785,1.952494139802099,14.21932584868416,0.1550306989477524,12.402455915820193,3.9002878804515557,1,6.038099993020296,21.7049000057159
696,23.200000000000312,TRACKING,1,0,1,0,2.00712057539333,14.276598665019565,1.995813183004669,14.125050776636064,1.9941217217084255,14.122521945964964,2.0360981714107673,14.216944781561311,0.15462407817591634,12.369926254073306,5.305566515335022,0,6.124999999883585,20.090899997740053
697,23.233333333333647,TRACKING,1,0,1,0,2.087070459211477,14.29814050213286,2.0889966067482666,14.138929608250583,2.095629088985159,14.13275539206134,2.1197022030194357,14.214563714438462,0.16560641526514572,13.248513221211658,7.177703318588821,0,6.631199998082593,22.395699998014607
698,23.266666666666982,TRACKING,1,0,1,0,2.165488141497668,14.324724365163144,2.1807090818026484,14.150343416892271,2.1810667736377702,14.149985737581565,2.2097762731116046,14.292189975057566,0.17543170109319028,14.034536087455223,4.396307644481895,1,7.31469999300316,21.77940000547096
699,23.300000000000317,TRACKING,1,0,1,0,2.2421131760388677,14.356103319102223,2.274049624914502,14.195394624986198,2.2681116394721554,14.201147262588755,2.294868242473195,14.30820847754489,0.1571219257490726,12.569754059925808,5.700252840591468,0,5.016399998567067,21.88200000091456
700,23.333333333333652,TRACKING,1,0,1,0,2.3167848167520173,14.3918829325987,2.365696463193886,14.230907465295688,2.3620700800766126,14.238391601658465,2.354072352488821,14.334929141375484,0.16003232094855843,12.802585675884675,5.445934795655775,1,6.2144000112311915,21.39829999941867
701,23.366666666666987,TRACKING,1,0,1,0,2.389427007402483,14.431621412769088,2.444924750344458,14.26842054827793,2.449864391723269,14.261337579930466,2.433369057663848,14.353343433005612,0.1806910654950884,14.455285239607074,7.181463203341628,0,8.096899997326545,23.665800006710924
702,23.400000000000322,TRACKING,1,0,1,0,2.459773186688185,14.475295772852034,2.5257835779842495,14.302282348004896,2.532303900980428,14.294624296762473,2.491549159948966,14.416467955293143,0.19468663741542128,15.574930993233703,5.348898710074517,1,6.716399992001243,20.196099998429418
703,23.433333333333657,TRACKING,1,0,1,0,2.527658167116925,14.522705308822559,2.59684763962206,14.353789909537312,2.5949998552972686,14.351249060808973,2.549119754665806,14.476364528721165,0.18420680755573302,14.736544604458642,4.085539486940965,1,5.982699993182905,18.86150000791531
704,23.466666666666992,TRACKING,1,0,1,0,2.592988869814496,14.573577049050238,2.661938730391917,14.413407744642361,2.657109520042261,14.416125657342285,2.6194010505435497,14.512753643031811,0.17000705437246622,13.600564349797297,5.30484458466959,0,5.179499989026226,20.643900003051385
705,23.500000000000327,TRACKING,1,0,1,0,2.6555366760797745,14.627833906682726,2.728805406903504,14.46762843181295,2.7319378621648394,14.46657394400994,2.6896823464212933,14.549142757342457,0.17844303515809412,14.27544281264753,6.862407175358437,0,6.1987999943085015,18.118799998774193
706,23.533333333333662,TRACKING,1,0,1,0,2.715012662345322,14.685441560050064,2.7961306723220964,14.519192333306675,2.798792306268467,14.516575146187407,2.7356257458423094,14.666470341404274,0.1885070143700847,15.080561149606776,2.2411516299048038,1,5.9785000048577785,20.325399993453175
707,23.566666666666997,TRACKING,1,0,1,0,2.7714403822612437,14.746038153137805,2.853141105796478,14.604195317486377,2.8466337371612784,14.60581124442496,2.784021392389663,14.756066863058619,0.15911513613821696,12.729210891057356,1.28712228112725,1,5.989299999782816,22.06560000195168
708,23.600000000000332,TRACKING,1,0,1,0,2.8246895662854006,14.809446031745376,2.905435864215043,14.695263657245519,2.8972795393833164,14.702931518000936,2.841651704754323,14.8128865761218,0.12889781158953229,10.311824927162583,1.3846044623242708,1,6.780199997592717,20.707100004074164
709,23.633333333333667,TRACKING,1,0,1,0,2.8747889820311476,14.875370861746566,2.9584288530506813,14.777177323733746,2.956663322526689,14.774516999262893,2.8996374846089354,14.886795746934867,0.12990346111422688,10.39227688913815,2.1879321114501766,1,7.294199996977113,22.717799991369247
710,23.666666666667002,TRACKING,1,0,1,0,2.9217752461639757,14.943549492207959,3.0116264695760355,14.862621212134309,3.0194551633219677,14.86061001030322,2.9591303855417164,14.951597038627982,0.12814181157849516,10.251344926279613,3.056973082053936,0,6.908700001076795,24.260200007120147
711,23.700000000000337,TRACKING,1,0,1,0,2.965492087273548,15.013869279410079,3.0659092603475866,14.9440421937134,3.063476700532071,14.945539130174689,3.0186232864744973,15.016398330321097,0.11945707902821394,9.556566322257115,4.255308535590027,0,5.854999995790422,22.316000002319925
712,23.733333333333672,TRACKING,1,0,1,0,3.005800594986474,15.086196721468456,3.120979874114881,15.022934570172907,3.1091039639686127,15.02810511127645,3.003889175186138,15.046654758699315,0.11851675500856358,9.481340400685086,3.1670507116007847,1,7.053200009977445,20.501599996350706
713,23.766666666667007,TRACKING,1,0,1,0,3.042634303934236,15.160354071433934,3.143467653832505,15.08415974839515,3.1387614636833803,15.087121447392525,3.0359322466073313,15.12666797856296,0.12084472708988149,9.66757816719052,2.747706447581359,1,6.543700001202524,20.57069999864325
714,23.80000000000034,TRACKING,1,0,1,0,3.0763306885264075,15.235988642459143,3.1690008459733408,15.157429165732205,3.1715200968864363,15.151582369545674,3.0368585301828297,15.21050563368203,0.12722201999290597,10.177761599432479,3.7586678666866726,1,6.867500007501803,21.15649999177549
715,23.833333333333677,TRACKING,1,0,1,0,3.1069832495464365,15.312907139400153,3.1785924798634193,15.237624719401786,3.184839365022338,15.228284021737299,3.068637691345354,15.27997901943506,0.1149897680664596,9.199181445316768,4.043478042033095,1,9.138099994743243,21.624100001645274
716,23.86666666666701,TRACKING,1,0,1,0,3.1344929065972797,15.391004856637572,3.1946933877280603,15.315427947088429,3.190821363616543,15.313184145122932,3.0956915781534806,15.35453017491897,0.09606746697407921,7.6853973579263375,4.260287686418838,1,5.687800003215671,18.950600002426654
717,23.900000000000347,TRACKING,1,0,1,0,3.1589035726642845,15.470125991936024,3.211055142188926,15.394858863534777,3.2073263170762814,15.396042045103808,3.1153603210075893,15.449161852548869,0.0885053295266912,7.080426362135296,3.8661690848341235,1,7.028200008790009,22.173999997903593
718,23.93333333333368,TRACKING,1,0,1,0,3.1801732188475897,15.55014871883275,3.224717575344944,15.4848496709818,3.228354870308743,15.485548416370994,3.1419757941028785,15.52633770816189,0.08058951926692666,6.4471615413541326,3.6008954320130413,0,4.889100004220381,19.748599996091798
719,23.966666666667017,TRACKING,1,0,1,0,3.1984947541764455,15.630897440258815,3.240975183411897,15.571326916381823,3.2448043802958666,15.567540763932362,3.1993861485709485,15.600142053415043,0.07847706611778714,6.278165289422971,2.4614641546872913,1,6.564700001035817,20.404499999131076
720,24.00000000000035,TRACKING,1,0,1,0,3.2140854779231502,15.712217573078462,3.2735022000331786,15.654836661401966,3.2626564535986606,15.656032519594705,3.2364277491045024,15.68387363880324,0.07426910470070089,5.9415283760560715,2.887274913673929,1,5.542400002013892,19.46209999732673
721,24.033333333333687,TRACKING,1,0,1,0,3.2267689289197903,15.79404155941234,3.3055530933715165,15.740975063762926,3.29703240102545,15.747710822492506,3.271690910490167,15.762101848333323,0.08416348790228304,6.733079032182643,4.409538440804237,0,5.059900009655394,25.817699992330745
722,24.06666666666702,TRACKING,1,0,1,0,3.2363939046356207,15.876281419037833,3.338055436600672,15.825400236094666,3.3391595867420696,15.82399254306902,3.27923964339812,15.840534209455335,0.11530356442402641,9.224285153922112,4.46398589462959,1,6.423800004995428,24.73689999897033
723,24.100000000000357,TRACKING,1,0,1,0,3.243011029286125,15.958817764547618,3.358052295055057,15.908981751679132,3.362802841338302,15.899751515143413,3.2726029476045415,15.927767786821157,0.13356234519288676,10.684987615430941,3.4314150984828866,1,6.910099997185171,19.201500006602146
724,24.13333333333369,TRACKING,1,0,1,0,3.246796115394767,16.041532381102982,3.3645524688942845,15.995948725444629,3.3630665645440803,15.999336697224734,3.253055464201621,16.019495571848825,0.12369031119427298,9.895224895541839,1.8326818112743322,1,7.335899994359352,20.535300005576573
725,24.166666666667027,TRACKING,1,0,1,0,3.2588199746161557,16.123455891026417,3.3562151757876384,16.086774736809936,3.3505557917588007,16.095714977897998,3.2582483282286048,16.114993253512456,0.09583850169961589,7.667080135969271,0.6785538188122443,1,6.54650000797119,21.455399997648783
726,24.20000000000036,TRACKING,1,0,1,0,3.278962468523511,16.20376974168708,3.351002538332343,16.181726323314056,3.3512070874780857,16.182568600070045,3.27057092383063,16.223718471744082,0.07529125695429202,6.023300556343362,1.7313483360105828,1,6.967899986193515,21.09080000082031
727,24.233333333333697,TRACKING,1,0,1,0,3.307022339975934,16.281671463637394,3.350126328086942,16.285680996255312,3.353402762065543,16.280122461042193,3.296620884984403,16.328802138150614,0.04640628149561482,3.7125025196491857,3.8611838566009937,1,7.662999996682629,23.323999994318
728,24.26666666666703,TRACKING,1,0,1,0,3.342719224013232,16.356382688622524,3.3590276777365653,16.39265183187781,3.3598172219945805,16.390708846006575,3.3381865003784705,16.40809353299893,0.03834874985869573,3.067899988695658,4.152729808437757,1,7.051299995509908,20.632200001273304
729,24.300000000000367,TRACKING,1,0,1,0,3.3856964491699255,16.42715692677866,3.381563133395022,16.488615159394296,3.3799204458689123,16.489719047124566,3.3916864097960424,16.47661365083859,0.06282818727536929,5.026254982029543,3.985451288307464,1,7.264900006703101,24.325999998836778
730,24.3333333333337,TRACKING,1,0,1,0,3.435524601218631,16.493287025313006,3.4182301053185795,16.57339251975266,3.414851554779961,16.58139880217972,3.4403534911596796,16.521935653349438,0.09050447542340152,7.2403580338721225,2.324219702431056,1,5.9742000012192875,19.70620000793133
731,24.366666666667037,TRACKING,1,0,1,0,3.4917058137350745,16.554112234140703,3.4610204863939256,16.639616371284156,3.469338416895215,16.642787890566474,3.5025835245897867,16.562638809307614,0.09145311631613835,7.316249305291068,1.1057003645204044,1,5.304599995724857,19.49839999724645
732,24.40000000000037,TRACKING,1,0,1,0,3.5536787426148315,16.60902480788129,3.514929383669676,16.692829385141614,3.5171029681702426,16.691210226308232,3.563606953660006,16.61082531608642,0.08995682452283969,7.196545961827175,0.807212306563327,1,7.3884000012185425,20.35710000200197
733,24.433333333333707,TRACKING,1,0,1,0,3.6208241748380625,16.657476078249633,3.5744322129650996,16.74160321205929,3.5663140066507073,16.747838708105913,3.6122919613418194,16.660093354594732,0.10553086425476099,8.44246914038088,0.713969422816798,1,6.982999999308959,17.285499998251908
734,24.46666666666704,TRACKING,1,0,1,0,3.692471215441322,16.698981936168074,3.631301801077778,16.78772723825177,3.627276711284284,16.790461052386327,3.6608636392227436,16.716771698937194,0.11233321893524892,8.986657514819914,2.9016018018133796,0,6.319300009636208,22.20909998868592
735,24.500000000000377,TRACKING,1,0,1,0,3.7679039908782643,16.733127668824306,3.6869308229643374,16.836073903053148,3.6956216198240286,16.831506121919485,3.709435317103668,16.773450043279656,0.1220780946714956,9.766247573719648,5.681960053180328,0,5.600700009381399,20.849799999268726
736,24.53333333333371,TRACKING,1,0,1,0,3.8463688017914848,16.759572103344702,3.7414581516580077,16.885663258147723,3.7488722569373416,16.881119356003328,3.7808696540963984,16.78536893795891,0.15581819819057027,12.465455855245622,5.631690346541758,1,6.524800002807751,21.704700004193
737,24.566666666667047,TRACKING,1,0,1,0,3.927081653727356,16.778051015680905,3.805265256431953,16.916356169358643,3.8029784137297566,16.91846967500286,3.859478977742958,16.78393196852483,0.18740067786344103,14.992054229075283,5.428639553540601,1,7.047199993394315,20.766600006027147
738,24.60000000000038,TRACKING,1,0,1,0,4.009236090549457,16.788379770649165,3.877332494556221,16.93057256817148,3.868931011593035,16.933890946013566,3.9436064432879663,16.791437531244373,0.20213613565341906,16.170890852273526,5.256067274775142,1,5.512199990334921,19.937700009904802
739,24.633333333333717,TRACKING,1,0,1,0,4.092011252281708,16.790455166744074,3.957596211096295,16.937769954140865,3.956890508711668,16.939584893439363,4.032199240611609,16.785506125057786,0.20123938661984664,16.09915092958773,4.801312989513853,1,7.6677999895764515,18.190600007073954
740,24.66666666666705,TRACKING,1,0,1,0,4.174580076869909,16.784256467293886,4.04532727254383,16.933039553760086,4.047696840249479,16.928970264547164,4.122439753852974,16.781120550477077,0.19246152563756455,15.396922051005165,4.17876326859884,1,7.635899994056672,20.078400004422292
741,24.700000000000387,TRACKING,1,0,1,0,4.256117563912401,16.76984560765449,4.138372700477026,16.922386300036276,4.1348113198664835,16.92306169009907,4.1997767407199795,16.793213728378856,0.19542357269324467,15.633885815459575,4.879578620619304,0,6.230999992112629,20.2047000057064
742,24.73333333333372,TRACKING,1,0,1,0,4.335809017791364,16.747366576371803,4.22792327361188,16.91657243600153,4.218336241989048,16.91975053541326,4.277113727586985,16.805306906280634,0.20860508716114326,16.68840697289146,6.5980452485240635,0,4.94780000008177,18.18450000428129
743,24.766666666667057,TRACKING,1,0,1,0,4.412858187842133,16.717043976495827,4.31564031980533,16.913439295288576,4.316354027395481,16.911737148576965,4.385392270772204,16.701572697907412,0.21729814596201383,17.383851676961104,2.521887625287098,1,6.006700001307763,21.360300001106225
744,24.80000000000039,TRACKING,1,0,1,0,4.48649522422663,16.6791807814212,4.415598679380409,16.860779783118364,4.421049921009919,16.857549747644686,4.476053880488042,16.6501959245776,0.1899962521334643,15.199700170677144,2.464653920126016,1,5.78940000559669,16.38269999239128
745,24.833333333333727,TRACKING,1,0,1,0,4.555984370018468,16.6341553076772,4.514017678611555,16.804583258061843,4.511881061089299,16.802483422249534,4.569233607556507,16.603155811990526,0.17400993079125718,13.920794463300576,2.696974338081941,1,6.948399997781962,20.12109999486711
746,24.86666666666706,TRACKING,1,0,1,0,4.620631312642954,16.582417434914035,4.613660463547419,16.74409447081731,4.604502239172931,16.745118015898363,4.639240496744881,16.55601197304632,0.16349809192660122,13.079847354128097,2.584322146342264,1,5.651200001011603,18.585199999506585
747,24.900000000000396,TRACKING,1,0,1,0,4.679790121218821,16.52448411085409,4.7022605326129465,16.68106654350371,4.696640952074316,16.684578150536137,4.715831205101706,16.50395012952295,0.1609784210452982,12.878273683623854,3.318413227322509,1,6.35830000101123,19.092299990006723
748,24.93333333333373,TRACKING,1,0,1,0,4.7328697004860825,16.460934186121158,4.787947411312275,16.614592998504506,4.786917425534464,16.610208990368438,4.759465656612409,16.455628198954045,0.1587580667744773,12.700645341958184,2.1696058732827113,1,6.089600006816909,17.538699990836903
749,24.966666666667066,TRACKING,1,0,1,0,4.779505179190619,16.392515133257575,4.85430240208933,16.548836104857674,4.858740840754426,16.53769695470268,4.794019185582687,16.39871237093673,0.16539664851977195,13.231731881581757,1.2625362065960613,1,6.450799992308021,18.60010001109913
750,25.0000000000004,TRACKING,1,0,1,0,4.819932771368087,16.3202541862704,4.905526579077523,16.479689379611692,4.897453102289776,16.479515840090826,4.852550291248013,16.332951836417507,0.17712615866614795,14.170092693291835,2.8001519071658234,1,5.30340000113938,17.566100010299124
751,25.033333333333736,TRACKING,1,0,1,0,4.854477024057592,16.245003078139856,4.959474250201537,16.40515139590067,4.954409088896074,16.409971465803405,4.912123649528175,16.281080939955263,0.19287557261403956,15.430045809123166,5.440438536040141,0,4.952799994498491,19.05070000793785
752,25.06666666666707,TRACKING,1,0,1,0,4.883512646631486,16.167459752891983,5.014249167886263,16.335286376859468,5.014280782752641,16.335673273053708,4.943040788774754,16.192418073372675,0.21306359095302974,17.04508727624238,5.163885339235847,1,5.97830000333488,22.29799999622628
753,25.100000000000406,TRACKING,1,0,1,0,4.907437289126849,16.088190300073006,5.056105938707203,16.25059874090063,5.069574850789357,16.251405035275635,4.961719746421994,16.101854406862095,0.23006007626080635,18.40480610086451,4.478065999937275,1,6.7515999980969355,19.043099993723445
754,25.13333333333374,TRACKING,1,0,1,0,4.926652653190753,16.007649599476085,5.085416154668966,16.15794616600088,5.087185908648077,16.164485250379006,5.0051998402484355,16.0328974304677,0.22442893641834377,17.9543149134675,6.600418684637834,0,5.7846999989124015,21.2284000008367
755,25.166666666667076,TRACKING,1,0,1,0,4.941551814603969,15.926199923860194,5.118910836874305,16.070651967451802,5.114788077048278,16.08098467434131,5.0029733300450285,15.92491667746956,0.23231255154893057,18.585004123914445,4.914793525103848,1,5.535399992368184,17.696700000669807
756,25.20000000000041,TRACKING,1,0,1,0,4.952414873255162,15.844114428031201,5.132507510429599,15.967889116848061,5.134122316462819,15.969523499093862,4.97974367731874,15.835611508177676,0.2207827665871221,17.662621326969766,2.289682147486384,1,6.938299993635155,20.55820000532549
757,25.233333333333746,TRACKING,1,0,1,0,4.9596383088837594,15.761628934479484,5.125711407806769,15.866291564891407,5.131543264915366,15.863760438605212,4.997723328161569,15.754222338035273,0.1999553901329296,15.996431210634368,3.1038828475608438,0,5.444599999464117,20.613100001355633
758,25.26666666666708,TRACKING,1,0,1,0,4.9632493673609765,15.678906537721259,5.1260535969268854,15.768337350913994,5.125836957698047,15.76622804550867,4.999298566772662,15.675997105300873,0.18455289283531132,14.764231426824905,2.8933132014157272,1,6.848699995316565,21.203399999649264
759,25.300000000000416,TRACKING,1,0,1,0,4.963369055479777,15.596105448697593,5.121253786635433,15.67438679285113,5.114769371592912,15.676930615674232,5.021869215715969,15.589215860721808,0.1716239008295719,13.729912066365753,4.712356638548454,1,6.303899994236417,21.256200008792803
760,25.33333333333375,TRACKING,1,0,1,0,4.960040847215976,15.5133711891765,5.124493869088932,15.579371868713542,5.12221394350618,15.58383421447481,5.0159978296847685,15.51274906075336,0.17681954387041704,14.145563509633364,4.476835261324784,2,7.712799997534603,25.289500001235865
761,25.366666666667086,TRACKING,1,0,1,0,4.953019452732348,15.430868251724212,5.118411900069473,15.489519566878897,5.119880612620152,15.485329571880705,4.993567914285996,15.442878018631516,0.1755240213540341,14.04192170832273,3.383169860859332,1,7.389799997326918,19.21270000457298
762,25.40000000000042,TRACKING,1,0,1,0,4.942177726427462,15.348779935628187,5.100044196595455,15.406058426542682,5.099542529498389,15.398679672213044,4.975918994351466,15.373070524254853,0.16508684065300175,13.20694725224014,3.3260242759901466,1,7.248599999002181,23.914899997180328
763,25.433333333333756,TRACKING,1,0,1,0,4.927933901741306,15.26721310335513,5.077239786821602,15.326771006706638,5.067145785778191,15.3255782536008,4.971635306801157,15.29767553286086,0.15095177846020424,12.07614227681634,4.261659707182008,0,6.117400000221096,21.72610000707209
764,25.46666666666709,TRACKING,1,0,1,0,4.910362802446693,15.186297770207885,5.058353591863642,15.247628099916257,5.052818322063203,15.251626582696645,4.967351619250848,15.222280541466866,0.1567208627158534,12.53766901726827,5.391836833266306,0,7.491099997423589,24.64420000615064
765,25.500000000000426,TRACKING,1,0,1,0,4.889317783234835,15.106215675860126,5.041654680748044,15.169088538062741,5.042901261443256,15.172434360359828,4.912024877213098,15.10983936215032,0.1672507068907858,13.380056551262864,1.8395533706069502,1,6.8546000111382455,19.102799997199327
766,25.53333333333376,TRACKING,1,0,1,0,4.865042546762888,15.027052884329118,5.004044239842942,15.07446260203935,5.006174786441388,15.0732590396107,4.882807449887815,14.98253548212181,0.14850359545336037,11.880287636268829,3.8344884465703872,1,5.856700008735061,20.335399996838532
767,25.566666666667096,TRACKING,1,0,1,0,4.837486775741885,14.94897142588866,4.966988524378629,14.964114536623171,4.962450735013548,14.964292005157631,4.849965011191404,14.872894111719457,0.12589960788654875,10.071968630923898,6.167509236576158,1,5.908400009502657,22.2178999974858
768,25.60000000000043,TRACKING,1,0,1,0,4.806779140555323,14.872074899244083,4.926837908560094,14.85152966693436,4.919693612295743,14.851796573574106,4.803017775832603,14.791788346638459,0.11472091535720841,9.177673228576673,6.429969029535627,1,7.281199999852106,18.118599997251295
769,25.633333333333766,TRACKING,1,0,1,0,4.773354375667335,14.79631990098698,4.878257102711619,14.750392947696945,4.878910128957761,14.748711028376738,4.773665015604488,14.698309786508318,0.11579560356044444,9.263648284835556,7.840848540729619,0,5.881700009922497,20.122199988691136
770,25.6666666666671,TRACKING,1,0,1,0,4.737225958042682,14.721816396984218,4.834124097676177,14.649312605946166,4.843566090533335,14.641746523648488,4.71977974772577,14.6532618539702,0.13311426818387845,10.649141454710275,5.659170609074274,1,6.930000003194436,22.36760000232607
771,25.700000000000436,TRACKING,1,0,1,0,4.698419771933917,14.648671919486304,4.780463384841601,14.572606252779028,4.780805245265881,14.571149305743642,4.6840371969011105,14.572397641022974,0.11312436456230715,9.049949164984572,6.209476123307522,0,5.658599999151193,20.583699995768256
772,25.73333333333377,TRACKING,1,0,1,0,4.6570773313893,14.576930458122838,4.73111898348026,14.492197293636819,4.7210295773392374,14.498894065192669,4.643006943049932,14.537041984724786,0.10089384710473205,8.071507768378565,3.3837883035890104,1,5.98270000773482,21.103899998706765
773,25.766666666667106,TRACKING,1,0,1,0,4.613417859818982,14.506575037500461,4.681360335803396,14.43271969306476,4.675396475644188,14.441609794532436,4.6230377529631905,14.46845258487274,0.08978770301941685,7.183016241553348,3.1453978963140212,1,6.96869999228511,21.352499999920838
774,25.80000000000044,TRACKING,1,0,1,0,4.567472498030305,14.437690653211579,4.641845171473356,14.369367638127882,4.646379542842248,14.372928178015378,4.578488990579032,14.410210636712085,0.10208084989111535,8.166467991289228,2.3684788906146332,1,5.845199993927963,20.082899995031767
775,25.833333333333776,TRACKING,1,0,1,0,4.519231642912306,14.370393888309875,4.59659191257414,14.310612466823729,4.598664600916572,14.307785040405173,4.5229439645083565,14.343719716471526,0.10114080607381756,8.091264485905405,2.1545008144170112,1,6.6612999944482,18.47060000000056
776,25.86666666666711,TRACKING,1,0,1,0,4.468900700333725,14.304645649642193,4.543844987905968,14.249969822694784,4.531230227435279,14.251922683668633,4.4784396824839305,14.281742005719094,0.08163749806156835,6.530999844925469,1.9848531801308593,1,5.92490000417456,18.494399992050603
777,25.900000000000446,TRACKING,1,0,1,0,4.416406549332007,14.24061129339994,4.492467841285658,14.190750667534328,4.489602480555137,14.195492001923181,4.450261599306997,14.219541399629259,0.08598485221820108,6.878788177456086,3.1900894857085227,1,6.204799996339716,21.031299998867325
778,25.93333333333378,TRACKING,1,0,1,0,4.361825880199862,14.17834585173413,4.449737829838911,14.13184592170586,4.457247844032727,14.132394472900403,4.412049985831416,14.155169860719049,0.10590977480120214,8.472781984096171,4.4250829387179005,0,4.8064000002341345,19.67809999769088
779,25.966666666667116,TRACKING,1,0,1,0,4.305031155163158,14.118093101782314,4.406805913755966,14.07191873433338,4.40906941355372,14.065765415716427,4.373838372355835,14.090798321808839,0.1164566268528813,9.316530148230504,5.921858168703813,0,5.4906000004848465,22.356600005878136
780,26.00000000000045,TRACKING,1,0,1,0,4.24615633643408,14.059871195352097,4.364652494705281,14.011312432441521,4.360248500231648,14.013887621695291,4.284273227390491,14.074015298183104,0.12301020643126277,9.840816514501022,3.252521996066016,1,6.151899986434728,25.45680000912398
781,26.033333333333786,TRACKING,1,0,1,0,4.185436394948856,14.003576227772552,4.300146906687978,13.971392136775634,4.291345214147929,13.980415891263217,4.2307851940400765,14.047025417965097,0.10841161917141373,8.672929533713098,5.0243220963016055,1,6.05760001053568,20.773199998075143
782,26.06666666666712,TRACKING,1,0,1,0,4.123195704449763,13.948967335502639,4.239537079798129,13.93838684465046,4.242507876808694,13.936319285542627,4.170562863231162,14.000994140416065,0.1199806969507933,9.598455756063464,5.628746878954561,1,5.3804999915882945,22.76400000846479
783,26.100000000000456,TRACKING,1,0,1,0,4.0594183858245545,13.896161196676461,4.1760080839608875,13.902241608850762,4.183828924622342,13.894684713361285,4.096808753794041,13.961094250129465,0.12441929981693303,9.953543985354642,5.994312529789801,1,5.36120000469964,18.88669999607373
784,26.13333333333379,TRACKING,1,0,1,0,3.994187132026165,13.845161998676483,4.10456063719123,13.867886807106492,4.104550763221345,13.86833536878833,4.0379211896080225,13.916133219722665,0.11277028053936226,9.021622443148981,6.669132241896216,0,8.557200009818189,23.333299992373213
785,26.166666666667126,TRACKING,1,0,1,0,3.927445430054488,13.796156081822751,4.036308732079363,13.831448525438917,4.031207449912676,13.834338484852676,3.9635476291260674,13.837609560626635,0.11056424678073218,8.845139742458574,4.397642774212948,1,6.693300005281344,20.259999990230426
786,26.20000000000046,TRACKING,1,0,1,0,3.859241704144511,13.749206252848115,3.96202849744434,13.77768360276234,3.961946796654334,13.778795557377483,3.8908392608396882,13.76566652033519,0.10688247269773914,8.550597815819131,2.850230581382194,1,6.227300007594749,19.194699998479337
787,26.233333333333796,TRACKING,1,0,1,0,3.789594820043205,13.704425160814422,3.885799797995815,13.717314961951962,3.8892474797659706,13.711486372816195,3.8253625737098673,13.707200894433335,0.09990251901106043,7.992201520884834,2.870023720578989,0,4.983300008461811,18.315299996174872
788,26.26666666666713,TRACKING,1,0,1,0,3.7185058810291878,13.661970509495488,3.811788531663196,13.658261927992775,3.8096615252488095,13.657072513573622,3.7507734491177427,13.68318160174189,0.09128713949480985,7.3029711595847875,3.089187734933456,1,6.281499998294748,20.393099999637343
789,26.300000000000466,TRACKING,1,0,1,0,3.6459034288599876,13.622159473239572,3.7348013619179583,13.615333948535369,3.7211719741850366,13.621349272293417,3.679708116318011,13.641430019988471,0.07527290575580371,6.021832460464297,3.112926202670303,1,5.8219999918947,22.412200007238425
790,26.3333333333338,TRACKING,1,0,1,0,3.5719490381897065,13.584919940893712,3.6582497357352945,13.572993385744226,3.648278605737059,13.577863709702394,3.5945449226721222,13.613009156076634,0.07665502775807466,6.1324022206459725,2.8839728211037268,1,6.179599993629381,19.470300001557916
791,26.366666666667136,TRACKING,1,0,1,0,3.4967001881899016,13.550370769522205,3.5750523378759613,13.538832119292326,3.5796890562634247,13.534688700833174,3.4939728757861293,13.566648958075413,0.08445756036313222,6.756604829050578,1.3204063750747652,1,6.909299991093576,25.598699998226948
792,26.40000000000047,TRACKING,1,0,1,0,3.420163077742388,13.518777963488299,3.480785791898422,13.500291022881378,3.491136343541906,13.500628859049296,3.382802944309567,13.529911168335488,0.07325704368991993,5.860563495193595,3.118694927343998,1,6.261799993808381,22.090400001616217
793,26.433333333333806,TRACKING,1,0,1,0,3.3425384716385103,13.489960343948013,3.3749899344831396,13.464735147350298,3.3743131243912807,13.471809767051015,3.2781125518875203,13.495946934544127,0.036593332715851176,2.927466617268094,5.176277212191162,1,6.428799999412149,23.610200005350634
794,26.46666666666714,TRACKING,1,0,1,0,3.263983370353997,13.463785341924503,3.265838344376588,13.43166461633032,3.263547405624518,13.435694231387576,3.2025362441461875,13.481291866398672,0.028094493347330586,2.2475594677864468,5.1113850762317075,1,5.991400001221336,22.313299996312708
795,26.500000000000476,TRACKING,1,0,1,0,3.1846970588172323,13.439916628686332,3.1691092057669255,13.409657451641001,3.167107383157616,13.40599976535397,3.1260963750969375,13.478527540199345,0.03820667884174962,3.0565343073399696,5.6141778356453145,1,8.174600006896071,24.22849999857135
796,26.53333333333381,TRACKING,1,0,1,0,3.104775224764802,13.41827095682227,3.0785512374282438,13.3994137979556,3.0836677969837,13.39256541827358,3.0430855094709672,13.449921264623127,0.033261061612831114,2.660884929026489,5.546811960424641,1,5.977499997243285,20.496700002695434
797,26.566666666667146,TRACKING,1,0,1,0,3.0242703470404675,13.398906057355944,2.989189828443231,13.382897349427187,2.9841351853120783,13.383255407221569,2.975303969256466,13.420390235114326,0.04307869608742337,3.446295686993869,4.277775906044099,1,7.177200008300133,19.395800001802854
798,26.60000000000048,TRACKING,1,0,1,0,2.943242248476147,13.381862527445692,2.9088961475065895,13.363265956870968,2.9067025144974727,13.367713041544405,2.9057032434988335,13.368607089526119,0.039183671478091396,3.134693718247312,3.184847655133469,1,5.6794999982230365,19.124300000839867
799,26.633333333333816,TRACKING,1,0,1,0,2.8617340884360805,13.367286707892958,2.832728984030185,13.330084605318714,2.8363137663078684,13.33109481967785,2.830066627603191,13.339823875868955,0.04422720372889318,3.5381762983114546,3.3533603143175186,1,7.237399986479431,18.729300005361438
800,26.66666666666715,TRACKING,1,0,1,0,2.779790346873323,13.3554015117462,2.7564812019525453,13.30086917681335,2.7588569531154357,13.295628592143286,2.7443857852232236,13.31486193168521,0.06333252633583417,5.066602106866733,4.305858734074501,1,5.653799991705455,21.185300007346086
801,26.700000000000486,TRACKING,1,0,1,0,2.697487724459306,13.346328859844654,2.67553045636308,13.274454955994491,2.6753106611953155,13.267857323334232,2.6652715545574432,13.284669096645711,0.0815451051708291,6.523608413666327,5.565498289078036,0,5.1706000085687265,19.21619998756796
802,26.73333333333382,TRACKING,1,0,1,0,2.6148983516464996,13.340410231022181,2.5954435759656374,13.24701503573433,2.58601864988416,13.242431335965053,2.586157323891663,13.254476261606213,0.10214646861491321,8.171717489193057,7.249030291447896,0,5.634400004055351,19.96740000322461
803,26.766666666667156,TRACKING,1,0,1,0,2.532159511103482,13.337197921207114,2.515470451568274,13.219171726441829,2.509820092578453,13.215123332114606,2.530343285072806,13.315215955429093,0.12410179258230318,9.928143406584255,1.7645495678353391,1,5.378500005463138,20.906599995214492
804,26.80000000000049,TRACKING,1,0,1,0,2.4493638525533643,13.33624210009242,2.446033957657444,13.231562444379284,2.451272247498235,13.225727910703906,2.457403880638704,13.330222679599594,0.1105306655524427,8.842453244195417,0.8034942675390215,1,5.754900004831143,19.170500003383495
805,26.833333333333826,TRACKING,1,0,1,0,2.3665747138292197,13.337653899676381,2.374833841778956,13.245908440137926,2.3745003433673024,13.246447555033718,2.383829161352848,13.326642699522433,0.09155005683587021,7.324004546869617,1.6374858546949682,0,5.215500001213513,22.366599994711578
806,26.86666666666716,TRACKING,1,0,1,0,2.2838674386439113,13.341596145251252,2.3032993714214656,13.25628452652015,2.298596855130577,13.259343293199834,2.310254442066992,13.323062719445272,0.08356127919455376,6.684902335564301,2.579627038785816,0,5.408900004113093,22.071600003982894
807,26.900000000000496,TRACKING,1,0,1,0,2.201350208808181,13.348447528249467,2.2314454412280007,13.2645701962907,2.2303656429098697,13.26717021591705,2.236679722781136,13.31948273936811,0.08630119881027622,6.904095904822097,3.6548125445832955,0,5.454900005133823,21.95009999559261
808,26.93333333333383,TRACKING,1,0,1,0,2.119098142623379,13.35796762683519,2.1593235937784656,13.27101328555226,2.158037212831024,13.269355020369401,2.16310500349528,13.31590275929095,0.0967907289635568,7.743258317084544,4.870191378786413,0,6.25459999719169,22.920200004591607
809,26.966666666667166,TRACKING,1,0,1,0,2.0371799350378894,13.370027557794012,2.0869750976688564,13.275902930879335,2.0857008022677457,13.275918298344747,2.089530284209424,13.312322779213789,0.10588119413203861,8.470495530563088,6.233022010870406,0,5.365100005292334,22.140800007036887
810,27.0000000000005,TRACKING,1,0,1,0,1.9556668568717612,13.384575848299553,2.0144349830109545,13.279478877418171,2.008654323758328,13.283953534738547,1.9654252014523546,13.343408932268595,0.11372124530370056,9.097699624296046,3.384614851427381,1,7.021000012173317,23.54479998757597
811,27.033333333333836,TRACKING,1,0,1,0,1.874598994702652,13.40142922754768,1.9226363855718902,13.29504516426404,1.920392833460347,13.299379380717792,1.8708681941530247,13.357980818280982,0.11185368525967111,8.948294820773688,3.488663368613375,1,6.024300004355609,20.833100003073923
812,27.06666666666717,TRACKING,1,0,1,0,1.7940017452615977,13.420406004178274,1.8302634799817192,13.311526391330109,1.8328905081534743,13.30768665990739,1.786647177358438,13.362442575606064,0.11923919847147026,9.539135877717621,4.674252005795387,0,7.048100000247359,18.177099991589785
813,27.100000000000506,TRACKING,1,0,1,0,1.7139250982321748,13.441471741034034,1.739770506177703,13.325481406763013,1.7462472818540349,13.320584848119646,1.7024261605638513,13.366904332931146,0.12513338656241993,10.010670924993594,6.035905323940168,0,5.4613999964203686,22.67310000024736
814,27.13333333333384,TRACKING,1,0,1,0,1.634354504660532,13.464374913465104,1.6502081150939427,13.338003535829698,1.6482604045901261,13.34157788733401,1.6209802309685217,13.41444090130338,0.12358189058066911,9.886551246453529,4.135525518126887,1,7.093799998983741,20.49599999736529
815,27.166666666667176,TRACKING,1,0,1,0,1.5553282518072837,13.489091022154083,1.5626956416533546,13.368271291805836,1.5569370831791494,13.379721110600883,1.5481988511832778,13.445168377888038,0.10938174386769443,8.750539509415555,3.559799574204484,1,6.144700004369952,18.52369999687653
816,27.20000000000051,TRACKING,1,0,1,0,1.4768857104877833,13.515601442371224,1.480551001425434,13.400910417508351,1.482897037349006,13.403707451096803,1.4798752176262613,13.479386829288933,0.11205534942140274,8.96442795371222,2.9070236089923847,1,6.139200006145984,20.717099992907606
817,27.233333333333846,TRACKING,1,0,1,0,1.3990965996098637,13.543972006298889,1.4040017474609376,13.438157457365879,1.4164902667985626,13.436420901401092,1.3989254229797374,13.496821282066302,0.10894851914095932,8.715881531276747,3.7720827962036436,1,6.53529999544844,20.41820000158623
818,27.26666666666718,TRACKING,1,0,1,0,1.3218809196337682,13.573868050093681,1.3248871413388603,13.46969460291063,1.324470471071505,13.466391939740193,1.313271119069401,13.528106021753448,0.10750730241878395,8.600584193502716,3.725193710782172,1,6.357299993396737,18.10650000697933
819,27.300000000000516,TRACKING,1,0,1,0,1.2452775115033903,13.605299762289514,1.2425363997825902,13.505171776680433,1.2339536216017948,13.51346921467559,1.233228618815883,13.578356117470154,0.09252610419539228,7.402088335631383,2.3612007943713844,1,5.934100001468323,20.675499996286817
820,27.33333333333385,TRACKING,1,0,1,0,1.1695059451800893,13.638686951534261,1.1611755441855969,13.551519569164904,1.1636909296610745,13.55387814382216,1.1464164150514782,13.627437619469953,0.08500793063611434,6.800634450889147,2.0547293714988086,1,6.804999997257255,19.4303000025684
821,27.366666666667186,TRACKING,1,0,1,0,1.0946718246719556,13.674125476849587,1.076676004595004,13.602821834147083,1.0826905591526323,13.59742683275539,1.0715571264366675,13.676186617302369,0.07762881378285273,6.210305102628219,1.8565129885451772,1,6.360300001688302,20.146499999100342
822,27.40000000000052,TRACKING,1,0,1,0,1.0209296973724455,13.711783587929324,0.9966683109586543,13.656962184794864,0.9973446612386078,13.651744996623654,0.9935943525037166,13.71499130905987,0.06450493295402827,5.160394636322262,2.2018327695898456,1,6.4937999995891005,22.00119999179151
823,27.433333333333856,TRACKING,1,0,1,0,0.948316364151774,13.751574774231502,0.917247483675838,13.707571327356453,0.9132496564156296,13.707833585300525,0.9140663827110337,13.754714843344281,0.05606215836504644,4.484972669203715,2.7514897930819533,0,5.291299996315502,20.394000006490387
824,27.46666666666719,TRACKING,1,0,1,0,0.8768234300465428,13.793345518081427,0.8376994289190668,13.756614895244716,0.8382656579727616,13.76134586433894,0.8345384129183507,13.794438377628692,0.05010668245785889,4.008534596628711,3.3839309832409272,0,5.715899998904206,18.698600004427135
825,27.500000000000526,TRACKING,1,0,1,0,0.8063780586534902,13.836859703332284,0.7581593269100076,13.80420441597844,0.7650686864738442,13.797534437273642,0.7738861737775442,13.82556937484723,0.057034557773857276,4.562764621908582,2.7518070863688187,1,6.1695999902440235,18.214900002931245
826,27.53333333333386,TRACKING,1,0,1,0,0.7371554653284527,13.882293911172933,0.6870431803337552,13.846737507093367,0.6913218744813325,13.84361213507705,0.7097597094104358,13.858098520648776,0.059974976880973,4.79799815047784,2.9240458162605383,1,5.812700008391403,18.92609999049455
827,27.566666666667196,TRACKING,1,0,1,0,0.6690602951438439,13.929401049339884,0.6191294989732151,13.886696369030604,0.6122974413626014,13.891771197388522,0.6471768392215244,13.903744137620434,0.06810306400795871,5.448245120636696,2.6977475191974447,1,5.568699998548254,19.88020000862889
828,27.60000000000053,TRACKING,1,0,1,0,0.601953939237454,13.977906427038814,0.5546080987237855,13.930743226293819,0.5525879626849455,13.937581732466999,0.577359142029657,13.952627222500917,0.06374229861946464,5.099383889557171,2.821565218681571,1,7.267499997396953,21.528100012801588
829,27.633333333333866,TRACKING,1,0,1,0,0.5359517707424182,14.027903911202557,0.48873902943199,13.97832147527294,0.4984083153295233,13.979667854846914,0.4919944933028904,14.015734731456874,0.06112469367681766,4.889975494145412,3.648851808953269,1,6.394399999408051,19.98180001100991
830,27.6666666666672,TRACKING,1,0,1,0,0.471054190175237,14.079327045152922,0.41452138869110333,14.035167868606122,0.421342729765829,14.030721982487169,0.42654689175695404,14.09828773347961,0.06952468204010705,5.5619745632085635,3.8702205120150075,1,6.733700007316656,20.52779999212362
831,27.700000000000536,TRACKING,1,0,1,0,0.40727886378559885,14.132135590035793,0.34575323998431884,14.106882043137114,0.3422856447354971,14.108791575832884,0.3512616974803924,14.156878300687886,0.06905839211565905,5.524671369252724,4.899060906763828,1,5.7406999985687435,20.294800007832237
832,27.73333333333387,TRACKING,1,0,1,0,0.3448863218914421,14.18657092217161,0.27412734180508036,14.174727537750154,0.2619979777734085,14.182203328758948,0.30994424523905334,14.202851445244976,0.08300333404657838,6.64026672372627,3.083897951436203,1,7.860799989430234,21.080699996673502
833,27.766666666667206,TRACKING,1,0,1,0,0.283877504863864,14.242552695220045,0.2184604028491106,14.235044170807507,0.21194032241351368,14.234990607376677,0.26494552722729015,14.239895468691591,0.07233355646894327,5.786684517515462,1.5294038159863494,1,6.113399998866953,19.70469999650959
834,27.80000000000054,TRACKING,1,0,1,0,0.22418194720289106,14.299932788146917,0.16898549825936868,14.286398600100272,0.1740251084923843,14.275940158421356,0.21134167843912147,14.295847229346505,0.05559995279296226,4.447996223436981,1.0779663598089477,1,5.757899998570792,19.9270000011893
835,27.833333333333876,TRACKING,1,0,1,0,0.16593031382064538,14.358778194739541,0.11947039036719825,14.341750959488722,0.12194791978363852,14.338628421316075,0.15961786773558262,14.33649034090787,0.048378345922980265,3.870267673838421,1.8531623203572687,1,7.098699992639013,20.326500001829118
836,27.86666666666721,TRACKING,1,0,1,0,0.10926209503313083,14.41914994018558,0.07121592288883744,14.390618961440783,0.06277052665606539,14.398365982399797,0.12313141459967537,14.38566505830212,0.05092581694387001,4.0740653555096005,2.899484467267335,1,5.721500012441538,19.063399988226593
837,27.900000000000546,TRACKING,1,0,1,0,0.05401949918365922,14.48082886910432,0.031080788527647042,14.440533621986933,0.02939658812930815,14.450138337748246,0.07382500139229896,14.456009910975036,0.0393471277694907,3.1477702215592562,2.5402218490323625,1,6.006999989040196,19.18610000575427
838,27.93333333333388,TRACKING,1,0,1,0,0.000548291300533077,14.544049629905425,-0.011387634084822316,14.501091430048675,-0.0063670457388990105,14.49559772251317,0.023972131834787608,14.510788824245957,0.048942917938315164,3.915433435065213,3.254493507497453,0,5.932200001552701,21.971099995425902
839,27.966666666667216,TRACKING,1,0,1,0,-0.05108735347697985,14.608778254617846,-0.054977811945341695,14.559381022073955,-0.05409077532839543,14.552807483983976,-0.025880737722723743,14.565567737516878,0.05605129532996391,4.484103626397113,4.00201730404319,0,5.848600005265325,24.149000004399568
840,28.00000000000055,TRACKING,1,0,1,0,-0.1010913823364695,14.674775464911693,-0.09953951895172244,14.617202348839466,-0.10699961651887485,14.618709494667792,-0.08912355682365755,14.615048621002503,0.05637641572984388,4.510113258387511,4.873126129856583,1,6.612299999687821,20.770000002812594
841,28.033333333333886,TRACKING,1,0,1,0,-0.14962846373058844,14.741858893554628,-0.15090001912817877,14.672176148121501,-0.1546654472798802,14.67976345890955,-0.13533904097381996,14.688931378460396,0.06229939170679789,4.98395133654383,4.38580215278117,1,5.827400003909133,19.959400000516325
842,28.06666666666722,TRACKING,1,0,1,0,-0.19675939200564058,14.80993759998096,-0.19861559374118767,14.736482029459562,-0.19897277428708657,14.73859767800892,-0.18667457914623747,14.747304333362191,0.07137424975508035,5.7099399804064275,5.075197438679725,0,6.444399987231009,20.514900010311976
843,28.100000000000556,TRACKING,1,0,1,0,-0.2426723248224541,14.878843603122267,-0.24736611069638595,14.798563007885363,-0.2422684994831853,14.796264050437793,-0.25606979181540984,14.845908654697825,0.08258054005921933,6.606443204737547,2.8444505404571907,1,7.028100008028559,20.87359999131877
844,28.13333333333389,TRACKING,1,0,1,0,-0.2874476658523297,14.948494184630315,-0.30481809005213295,14.8786924299502,-0.30704175252231897,14.880830293284605,-0.3217991431340955,14.934991031447424,0.07044381040570605,5.635504832456484,2.9528119613090436,1,6.050399999367073,23.344399989582598
845,28.166666666667226,TRACKING,1,0,1,0,-0.331083664143015,15.018864166312323,-0.365581523405333,14.964282147925651,-0.3738161194233894,14.967551885786953,-0.3801483632611643,15.020067893623583,0.0667758404440064,5.3420672355205125,3.92635701606007,1,7.981000002473593,24.27979999629315
846,28.20000000000056,TRACKING,1,0,1,0,-0.37357089596175497,15.089933637965991,-0.42543451700185764,15.052467727361709,-0.4226116252374738,15.049935837614854,-0.4384477491868012,15.09669196681901,0.06328362474466702,5.062689979573362,5.218233321434212,0,6.059799998183735,24.036699993303046
847,28.233333333333896,TRACKING,1,0,1,0,-0.4148808292364223,15.161693822480759,-0.48507883583776595,15.138198525590848,-0.48056039160287817,15.131152885721992,-0.485826407038235,15.158990302682104,0.07243309830976555,5.794647864781244,5.679765645269404,1,7.052300003124401,21.21649999753572
848,28.26666666666723,TRACKING,1,0,1,0,-0.4551459517497083,15.234045426317447,-0.5393260133033073,15.215745706696902,-0.5403993992054952,15.216188767813511,-0.5259456012465318,15.225549148240521,0.0871034474405164,6.968275795241312,5.70460984680061,1,6.84950000140816,21.184999990509823
849,28.300000000000566,TRACKING,1,0,1,0,-0.49452102866989617,15.30688523676668,-0.5871234636957451,15.290433098948053,-0.5926934811531763,15.297418689526806,-0.5676317265000267,15.29981404906252,0.09862781526134844,7.890225220907875,5.876148851896036,1,6.983500003116205,22.483599997940473
850,28.3333333333339,TRACKING,1,0,1,0,-0.5331383678845242,15.380129593414365,-0.6316443749135628,15.366392233291926,-0.6358510412338476,15.369213208666055,-0.6028547672832332,15.38543528870301,0.10329114542175405,8.263291633740325,5.59344001351083,1,7.276399992406368,18.607000005431473
851,28.366666666667236,TRACKING,1,0,1,0,-0.5710723500067006,15.453730188990116,-0.6706360456879785,15.448259738168382,-0.6648633087333742,15.443146730159176,-0.6305175004095899,15.464788718955031,0.09438619358621672,7.550895486897338,4.837200507008683,1,6.369299997459166,21.37669999501668
852,28.40000000000057,TRACKING,1,0,1,0,-0.6085168489523923,15.527581012732693,-0.7026689923436061,15.530102310776662,-0.6990944329355686,15.528263941894798,-0.651996265074327,15.542327145101787,0.09058015849218749,7.246412679374999,3.672956778314663,1,6.5704000007826835,20.99229999294039
853,28.433333333333906,TRACKING,1,0,1,0,-0.6454940428298785,15.601666920985867,-0.7276163501391594,15.611340135740257,-0.7347394837618745,15.61363141174636,-0.6636962285872717,15.607447137303364,0.09004386578942669,7.203509263154135,1.5278334297140221,1,7.6172999979462475,21.32349999737926
854,28.46666666666724,TRACKING,1,0,1,0,-0.6819830150224958,15.675994503867845,-0.7435694337315853,15.685873841354063,-0.7509806901590453,15.690792416562504,-0.6915108859613625,15.673887607153812,0.07056668756833906,5.645335005467125,0.7806431743788694,1,6.414099989342503,20.184699998935685
855,28.500000000000576,TRACKING,1,0,1,0,-0.7181176690791679,15.750494983362648,-0.7626342053284295,15.757393406969264,-0.7623602671463016,15.754740604287846,-0.7126928410083929,15.75587014386234,0.04444584098394839,3.555667278715871,0.6109460728800096,1,6.439300006604753,20.88019999791868
856,28.53333333333391,TRACKING,1,0,1,0,-0.7539547848054861,15.82513904411211,-0.7795737279759243,15.834563662687913,-0.7750523841400825,15.834900769768355,-0.7394534703092238,15.824171044677257,0.023246504801173105,1.8597203840938485,1.1626869433181193,1,5.936200002906844,24.740699998801574
857,28.566666666667246,TRACKING,1,0,1,0,-0.7894494763905306,15.899946540648443,-0.7987075636179736,15.907497809743639,-0.8031958228037793,15.911623193187024,-0.7589010966610676,15.86743511818494,0.018036248341043216,1.4428998672834572,3.5689291119401103,1,7.174999991548248,20.887300008325838
858,28.60000000000058,TRACKING,1,0,1,0,-0.8245876474985626,15.97492216068545,-0.8154458959122808,15.965997506228122,-0.8163388421791056,15.974006230859562,-0.7737225592999801,15.918343471543096,0.008299500987665133,0.6639600790132107,6.0865255836237795,1,6.638399994699284,22.158000007038936
859,28.633333333333916,TRACKING,1,0,1,0,-0.8595304863094098,16.04998901545232,-0.8290155834451696,16.020474068551284,-0.8268228328907796,16.018218654780352,-0.8146996714854134,15.97949012738638,0.04559765793744327,3.6478126349954616,6.683661356504332,1,6.40499999281019,21.68040000833571
860,28.66666666666725,TRACKING,1,0,1,0,-0.9017929370611489,16.121192385633847,-0.8541439951720211,16.07693740348131,-0.8475759148533735,16.071373750319744,-0.841500960775888,16.04522585689509,0.07363003410048156,5.8904027280385245,7.758777591553498,1,6.301400004304014,21.60599999479018
861,28.700000000000585,TRACKING,0,1,1,0,-0.9509527273159777,16.187820830691887,-0.8781600521629113,16.136501682522017,-0.8787695368831403,16.131220932862764,-0.8685458241913295,16.10735347702864,0.09172764804207327,7.338211843365861,9.214212565609357,0,6.066500005545095,21.154999994905666
862,28.73333333333392,TRACKING,1,0,1,0,-1.0065186686997358,16.249208621227854,-0.9027433654298445,16.19614153895641,-0.909969863295216,16.197958974550012,-0.9283762751889744,16.204436460103658,0.10930781358001589,8.744625086401271,7.204789551545488,1,5.873300004168414,20.332400003098883
863,28.766666666667255,TRACKING,1,0,1,0,-1.0679355646937752,16.30474239073082,-0.943319916848986,16.272826182389085,-0.9426160789916919,16.274983531770275,-1.0142802255853394,16.2834631272263,0.128804360109696,10.30434880877568,4.6176721201131175,1,5.735899991123006,26.769500007503666
864,28.80000000000059,TRACKING,1,0,1,0,-1.13458975797505,16.35386726413293,-1.0050400586806594,16.35018359516748,-0.9988973845520955,16.348366280654066,-1.096109802404687,16.355685979091387,0.13580383287812325,10.86430663024986,3.0818329141441523,1,6.053399993106723,20.92750000883825
865,28.833333333333925,TRACKING,1,0,1,0,-1.2058152618772404,16.39609240193768,-1.077833065669167,16.426047965554602,-1.0794390180172766,16.427960151250787,-1.1693665978228653,16.406109799488775,0.1303323001348327,10.426584010786618,3.0240141428721015,1,5.905500001972541,19.95370000076946
866,28.86666666666726,TRACKING,1,0,1,0,-1.2809004147093774,16.430995904525894,-1.1541517543596889,16.490378661770272,-1.160401010514078,16.494123908557242,-1.2320395541969615,16.448770636515807,0.13603400789657003,10.882720631725602,4.159480573207773,1,6.798800008255057,21.568700001807883
867,28.900000000000595,TRACKING,1,0,1,0,-1.3590949904442138,16.45822902763728,-1.227754888520056,16.54443768693841,-1.2281573583885212,16.545788119615924,-1.3012338625635096,16.498610568191996,0.15751589785312642,12.601271828250114,5.64472366002764,1,6.208999999216758,28.384999997797422
868,28.93333333333393,TRACKING,0,1,1,0,-1.4396176947286974,16.477519666907778,-1.3031544792919498,16.595770012272144,-1.2986454457083152,16.590898688995846,-1.3653788162766278,16.555595675085275,0.18090875502172732,14.472700401738184,8.618964810882108,0,5.159399996045977,19.61190000292845
869,28.966666666667265,TRACKING,0,1,1,0,-1.5216639713188846,16.488675076646437,-1.3763705757335691,16.648515742542163,-1.3710889120263665,16.639706323726596,-1.429523769989746,16.612580781978554,0.21326810843521188,17.06144867481695,12.352798035055493,0,6.074999997508712,21.652499999618158
870,29.0000000000006,TRACKING,0,1,1,0,-1.6044140409399799,16.491583795686637,-1.44821351932265,16.70187740146893,-1.4496836408339437,16.70498134179802,-1.4936687237028643,16.669565888871833,0.2635906094748718,21.08724875798974,16.769906529883027,0,5.692200007615611,24.418000000878237
871,29.033333333333935,TRACKING,1,0,1,0,-1.687041092249865,16.486216761069223,-1.5188673751330195,16.755794221116947,-1.5205317804129475,16.761437647408272,-1.622614357620036,16.498894399558562,0.32167046368240865,25.73363709459269,5.252977306010786,1,6.9524999998975545,23.39800000481773
872,29.06666666666727,TRACKING,1,0,1,0,-1.768719543064724,16.472627598429987,-1.6157537744765802,16.720822151876074,-1.611132169017651,16.717282658540878,-1.6994454752199861,16.48720466583495,0.2910152554367476,23.281220434939808,5.663292255152577,1,6.769100000383332,22.958199988352135
873,29.100000000000605,TRACKING,1,0,1,0,-1.8486332893033206,16.45095208619004,-1.7053228353427499,16.690743445540264,-1.6942088797071617,16.682571995793428,-1.788254202623798,16.47106869717359,0.27837866441917575,22.27029315353406,5.091365016632318,1,6.470799999078736,21.837299995240755
874,29.13333333333394,TRACKING,1,0,1,0,-1.9259838592292111,16.42140679890271,-1.7986795226165442,16.65690489189775,-1.7957544309882745,16.659925651517792,-1.8596256403003475,16.441641246900936,0.2717553072761913,21.740424582095304,5.5499743308690475,1,7.9317999916384,20.137800005613826
875,29.166666666667275,TRACKING,1,0,1,0,-1.9999983915163952,16.384286943312198,-1.8849437938939066,16.615023318424736,-1.8944451289730788,16.617727782052278,-1.937329489044705,16.433794742025725,0.25619546527058257,20.495637221646607,6.389197618713824,0,5.887899998924695,22.101199996541254
876,29.20000000000061,TRACKING,0,1,1,0,-2.069937357424211,16.339963408745376,-1.9704816725996197,16.580194772103642,-1.967307241884392,16.585031245051454,-2.0150333377890624,16.425948237150514,0.26569001676287907,21.255201341030325,8.161506562083385,0,5.520300008356571,23.146499996073544
877,29.233333333333945,TRACKING,0,1,1,0,-2.1351019499240556,16.28887906130822,-2.0547749501987944,16.54942488881318,-2.048218690390688,16.55254364300741,-2.09273718653342,16.418101732275304,0.27761072102811973,22.20885768224958,10.8791975789429,0,7.290200010174885,20.831399990129285
878,29.26666666666728,TRACKING,1,0,1,0,-2.1948410659482214,16.23154431891408,-2.1380533098421237,16.52219967813121,-2.1379131615733673,16.522721367656825,-2.1623753540094777,16.248450445340502,0.2966898380650205,23.735187045201634,2.9283055167773244,1,5.84569999773521,21.86019999498967
879,29.300000000000615,TRACKING,1,0,1,0,-2.2489327975054345,16.16885365576642,-2.217070062920312,16.429732498373877,-2.2175047509832244,16.43719308585582,-2.22751932278334,16.17151351759608,0.27017359576558736,21.61388766124699,1.7262431154419142,1,6.589399999938905,22.381500006304123
880,29.33333333333395,TRACKING,1,0,1,0,-2.297506261216145,16.10179656597052,-2.291364571487038,16.339673791426186,-2.2891254058332304,16.338345908373498,-2.3011696669110413,16.122648014711682,0.23669776113903207,18.935820891122564,1.6936652909298526,0,5.7161000004271045,18.57939999899827
881,29.366666666667285,TRACKING,1,0,1,0,-2.340787259827962,16.03120768704533,-2.366218597582427,16.25764319621561,-2.358144188735974,16.253313097319495,-2.3748200110387425,16.073782511827286,0.2227825761907167,17.822606095257335,4.36043583890531,0,5.493599994224496,22.349999999278225
882,29.40000000000062,TRACKING,1,0,1,0,-2.379061672133393,15.957783549110829,-2.4408488127031327,16.180636565981217,-2.437737980145343,16.176497622424016,-2.423132573938478,15.98079470742428,0.226448128689904,18.11585029519232,3.9773420614999986,1,6.208500009961426,19.511599995894358
883,29.433333333333955,TRACKING,1,0,1,0,-2.4121233131353077,15.881869370178224,-2.5042366018056494,16.08866278320986,-2.5112453553319267,16.090291878173396,-2.4531946598343177,15.90604663703363,0.23079237658169252,18.4633901265354,3.812732984948415,1,6.066799993277527,22.426100011216477
884,29.46666666666729,TRACKING,1,0,1,0,-2.4397586699055007,15.80381604401633,-2.552734821776844,15.997312725260214,-2.560222075678455,15.998899095647092,-2.4988276184359224,15.832285025953647,0.22927893310112485,18.34231464808999,5.245721220522132,1,5.818499994347803,18.59810001042206
885,29.500000000000625,TRACKING,1,0,1,0,-2.461548707053824,15.72393344922982,-2.5987426613218445,15.905865233938288,-2.5960953994095743,15.900264534762396,-2.5380428387203167,15.748821145308401,0.22180050529466686,17.74404042357335,6.435277570646617,1,9.125199998379685,24.62710000691004
886,29.53333333333396,TRACKING,1,0,1,0,-2.477406857860164,15.64266504379601,-2.6388239843100023,15.810137423134169,-2.6327398069129115,15.802082816446807,-2.5484374905045994,15.662639047539226,0.22258111172865713,17.80648893829257,5.902846282614664,1,6.186900005559437,21.595300000626594
887,29.566666666667295,TRACKING,1,0,1,0,-2.4873391133265303,15.560461728959552,-2.6610870414960144,15.711464078949168,-2.667795696979272,15.709203251796541,-2.5388421949984,15.580714497713368,0.23385597961028382,18.708478368822703,4.4273636860920575,1,6.85019999218639,21.338899998227134
888,29.60000000000063,TRACKING,1,0,1,0,-2.491534606820499,15.477766913504816,-2.663696427539254,15.613847813922082,-2.6651932054726246,15.619198009851718,-2.5178535778653712,15.488157084806941,0.22396442552268647,17.917154041814918,2.2636521238718164,1,6.572500002221204,21.682200007489882
889,29.633333333333965,TRACKING,1,0,1,0,-2.4900551672395,15.394978955882483,-2.649375243318655,15.511918186094885,-2.644800277723183,15.508222340804602,-2.5297139711209273,15.406694719615938,0.19175534789733167,15.340427831786533,3.3082489339600087,0,6.521000002976507,24.023999998462386
890,29.6666666666673,TRACKING,1,0,1,0,-2.483172281733991,15.312464347746293,-2.6418401558921487,15.414111731751452,-2.636451707022118,15.409324268095844,-2.524964528552086,15.336441916599265,0.18131857705921897,14.505486164737517,3.8545687818617207,1,6.339400002616458,22.976899999775924
891,29.700000000000635,TRACKING,1,0,1,0,-2.4707404588941944,15.230601752810443,-2.629222926403451,15.324118572855754,-2.6302596917648557,15.327548561214595,-2.532513233137508,15.257889402097648,0.186668340420639,14.933467233651122,5.402512862044493,0,6.3375000027008355,23.803899995982647
892,29.73333333333397,TRACKING,1,0,1,0,-2.4524855098165217,15.149837952114076,-2.6207819727805592,15.235189743695349,-2.6267539175739354,15.242900682770943,-2.5400619377229305,15.179336887596032,0.19756049650579605,15.804839720463685,7.392890820528591,0,5.9422000049380586,22.236899996642023
893,29.766666666667305,TRACKING,1,0,1,0,-2.428388164847807,15.070620828749178,-2.6147523039351754,15.147906054460144,-2.619437524115737,15.151045154001253,-2.4652361201203488,15.109351819101963,0.20728707091600806,16.582965673280647,4.276717561102072,1,5.93980000121519,20.28480000444688
894,29.80000000000064,TRACKING,1,0,1,0,-2.398578857179329,14.993371622636253,-2.5752566702078377,15.065668740203765,-2.5663401308844525,15.061395916665933,-2.4496179008305456,15.025319675915608,0.1810280352138909,14.482242817111272,4.817077676880042,1,7.888699998147786,21.957300006761216
895,29.833333333333975,TRACKING,1,0,1,0,-2.3635710081894565,14.918335063694274,-2.5430471273421795,14.980478932517915,-2.5418309242205184,14.973516698116168,-2.3912290847376463,14.948396571032283,0.1866054941336743,14.928439530693945,3.2679421505565105,1,6.381300001521595,21.239800000330433
896,29.86666666666731,TRACKING,1,0,1,0,-2.3239214869098923,14.845644279333033,-2.4918770490121087,14.897527036795845,-2.495306057087462,14.897239620009495,-2.3476333903720508,14.883891716732435,0.1789825412560413,14.318603300483304,3.6001074058821394,1,8.024399998248555,18.805899992003106
897,29.900000000000645,TRACKING,1,0,1,0,-2.27946647434061,14.775788810497616,-2.437993586600744,14.82188554548668,-2.4374089211326933,14.824119837631729,-2.318653678286554,14.809610841691146,0.16517174299046544,13.213739439237234,4.1411625398920995,0,5.101899994770065,20.24610000080429
898,29.93333333333398,TRACKING,1,0,1,0,-2.230359259754403,14.709121606083938,-2.389060917612697,14.745609683017891,-2.3847740827511394,14.743067507884946,-2.289673966201057,14.735329966649857,0.15810206137238433,12.648164909790747,5.18774714227652,0,8.21919999725651,18.57249999011401
899,29.966666666667315,TRACKING,1,0,1,0,-2.1766976188423985,14.646062404032358,-2.3431509867975695,14.66969232605813,-2.338087310447994,14.660670481135412,-2.26069425411556,14.661049091608568,0.1620494630450774,12.963957043606191,6.825849944659236,0,6.958600002690218,21.51900000171736
900,30.00000000000065,TRACKING,0,1,1,0,-2.1188389512799195,14.58683057764953,-2.2998658128994665,14.59402498901241,-2.3044409710707625,14.594363240259948,-2.2317145420300633,14.586768216567279,0.1857548135485131,14.860385083881047,9.030048638132051,0,5.622600001515821,18.347100005485117
901,30.033333333333985,TRACKING,1,0,1,0,-2.0571899311906314,14.531554606461487,-2.258795782973797,14.518572196431482,-2.2625506817735817,14.525502510686234,-2.0815240347082455,14.55276358894077,0.20544991054577152,16.435992843661722,2.582364227524858,1,5.304899998009205,18.627199999173172
902,30.06666666666732,TRACKING,1,0,1,0,-1.9920758997619974,14.480405827591785,-2.1712686143100526,14.459359933687558,-2.169231038420381,14.458393697807448,-2.008493365397157,14.505636236750604,0.17851744175489853,14.281395340391883,2.408128533716533,1,5.776899997727014,19.064400010393
903,30.100000000000655,TRACKING,1,0,1,0,-1.923803430837501,14.433556018032892,-2.08769518002548,14.404816402922533,-2.0816501484148833,14.398525642131405,-1.9529602750814359,14.44276281757107,0.16168708509263616,12.934966807410891,2.446073390887576,0,5.821500002639368,18.241199999465607
904,30.13333333333399,TRACKING,1,0,1,0,-1.8526083990011037,14.391279522073964,-2.0093974759082234,14.347884898814815,-2.0151338161234356,14.351408932457126,-1.8647518839443242,14.387450186085223,0.16734448042042566,13.387558433634053,1.0186360784684918,1,6.87689999176655,21.825100004207343
905,30.166666666667325,TRACKING,1,0,1,0,-1.7787900903856753,14.35377096329189,-1.9195704699691036,14.293570528486029,-1.9252077876006939,14.299495707198922,-1.7709847506517078,14.347974672126458,0.15615359580139712,12.492287664111771,0.7777724896635932,1,5.902299992158078,21.931600000243634
906,30.20000000000066,TRACKING,1,0,1,0,-1.7026545154661068,14.321222401105247,-1.8215011857318844,14.247968012564533,-1.8210530148556259,14.25317183420193,-1.699750479128412,14.292476643822544,0.13656165023004346,10.924932018403476,2.3113659875413592,0,5.3256999963195994,20.570500011672266
907,30.233333333333995,TRACKING,1,0,1,0,-1.624536782543213,14.293769633089283,-1.729375521335577,14.199504253159043,-1.7229453554272571,14.201769944257348,-1.628516207605116,14.23697861551863,0.13471521800541716,10.777217440433372,4.554421500411935,0,5.33529999665916,21.10040000115987
908,30.26666666666733,TRACKING,1,0,1,0,-1.5449141031629292,14.271048198340232,-1.6403785418073202,14.150031996868217,-1.6415730292472732,14.146795098135172,-1.543359669768274,14.21281037547475,0.15742230115948408,12.593784092758725,4.660685117217673,1,6.52129999070894,19.066799999563955
909,30.300000000000665,TRACKING,1,0,1,0,-1.4640926988021117,14.253049996599609,-1.547964604862148,14.113518743101885,-1.5508003667938652,14.119364734257186,-1.468420070875456,14.204471911094064,0.15934230152765672,12.747384122212537,3.901635792696342,1,6.369800001266412,21.069599999464117
910,30.333333333334,TRACKING,1,0,1,0,-1.3823937694870492,14.239584499300092,-1.4589693823288614,14.091370529038945,-1.4569673752089005,14.091005114029464,-1.4038044243616563,14.191739901609216,0.16624396650030865,13.299517320024691,4.19334457090189,1,6.200799994985573,20.378400004119612
911,30.366666666667335,TRACKING,1,0,1,0,-1.3000973265296834,14.230455964624912,-1.3769112559211785,14.076682381396932,-1.3682125053262724,14.071946290422156,-1.3370075186364352,14.18611612263723,0.17252534422036445,13.802027537629154,4.615371790077118,1,6.582400004845113,20.99669999734033
912,30.40000000000067,TRACKING,1,0,1,0,-1.217432992892466,14.225697539143122,-1.2983456230949684,14.070887150838775,-1.2964253330512925,14.066177952319144,-1.2585424244941137,14.177549911310571,0.17800642792961213,14.24051423436897,5.064814741733302,1,5.551700000069104,17.402099998435006
913,30.433333333334005,TRACKING,1,0,1,0,-1.134634182158768,14.225071751770164,-1.216747351838188,14.068745965264863,-1.2197097443075595,14.075772369956153,-1.1857434043745265,14.157377168842329,0.17183758810277405,13.747007048221926,6.785730511960333,0,5.535000003874302,19.371000002138317
914,30.46666666666734,TRACKING,0,1,1,0,-1.051903828383481,14.228495672471167,-1.137033333645014,14.062885730959815,-1.1422942326881504,14.06696331636043,-1.1129443842549394,14.137204426374087,0.1851030179685017,14.808241437480136,8.78545746562738,0,5.277999996906146,15.898700003162958
915,30.500000000000675,TRACKING,1,0,1,0,-0.9694309161504415,14.235861364329526,-1.0583642197279297,14.054867319228244,-1.0534938616651215,14.04799627368109,-1.0089076163903339,14.179208319191366,0.20581513815302652,16.465211052242122,5.524043380137723,1,6.658700003754348,19.63130000513047
916,30.53333333333401,TRACKING,1,0,1,0,-0.8873941657450628,14.2470866149582,-0.9666228316236875,14.072808313511254,-0.9644952445766648,14.065401383564726,-0.9250580527267368,14.200376284319685,0.1973679296732293,15.789434373858343,4.800282238987329,1,6.061099993530661,20.899400013149716
917,30.566666666667345,TRACKING,1,0,1,0,-0.805940757307841,14.261965355587368,-0.8769233063054125,14.09542798633865,-0.8765125829340038,14.092800739623971,-0.8337569029169213,14.21812807958654,0.18329498047205994,14.663598437764795,4.153413804546445,1,5.506000001332723,19.947999986470677
918,30.60000000000068,TRACKING,1,0,1,0,-0.7251307663931649,14.280014733336223,-0.7837845425631812,14.121321899406187,-0.788540693700786,14.123943667944653,-0.7501681885366367,14.223123747934993,0.16846066702235746,13.476853361788596,4.972536883330847,0,6.176599999889731,19.468099999357946
919,30.633333333334015,TRACKING,1,0,1,0,-0.6450244572068429,14.300967391814238,-0.6927763616550451,14.142987809911798,-0.6871792213224286,14.142674503672163,-0.6369723365878559,14.303406491636988,0.1638098366216147,13.104786929729176,0.673074637920301,1,7.258099998580292,20.89289999275934
920,30.66666666666735,TRACKING,1,0,1,0,-0.5657725842635237,14.324950204487628,-0.5888826320343642,14.19773686311423,-0.5872661162613898,14.193322499948211,-0.5345963345755048,14.331607213780376,0.1333710032955415,10.66968026364332,2.5503246128550003,1,6.262399998377077,23.513799998909235
921,30.700000000000685,TRACKING,1,0,1,0,-0.48740899293365875,14.351693095554916,-0.4834818896759402,14.244905410226885,-0.48796553646972946,14.245785185845278,-0.4405228266949578,14.356879778789764,0.1059093720110373,8.472749760882984,3.7737741469604744,0,5.716300001950003,22.302299999864772
922,30.73333333333402,TRACKING,1,0,1,0,-0.40996938584729115,14.381004218410581,-0.38043562892787247,14.28871945241932,-0.389029202128512,14.300937203850934,-0.34644931881441077,14.382152343799152,0.08276000310941879,6.620800248753503,5.0824353896261965,0,6.71100000909064,19.12699999229517
923,30.766666666667355,TRACKING,1,0,1,0,-0.3335768742838026,14.412945083235648,-0.278748221627144,14.329662880822468,-0.2803240333748599,14.332874757136477,-0.2905858868200048,14.4358209018753,0.09616195810454813,7.69295664836385,3.8958670051605258,1,6.096700002672151,18.73699999123346
924,30.80000000000069,TRACKING,1,0,1,0,-0.25835927089349764,14.44756222940586,-0.1951243392837831,14.380723551267874,-0.18972965399095867,14.375458177520112,-0.20508943707650212,14.467467546960279,0.09954405363723,7.9635242909784,4.549388960698865,0,5.543400009628385,19.993499998236075
925,30.833333333334025,TRACKING,1,0,1,0,-0.18454248411968002,14.485073783081223,-0.10880907140384906,14.426989784176921,-0.10793446046677821,14.42343554991355,-0.1991143751919346,14.482499533970175,0.09832629900507739,7.866103920406191,1.183802058879455,1,6.117500000982545,21.289600001182407
926,30.86666666666736,TRACKING,1,0,1,0,-0.11219795512618094,14.525351615613022,-0.05784015722434207,14.463772064073225,-0.05874546963910895,14.471435401376176,-0.13141343653330687,14.51042810596932,0.0759218437762093,6.073747502096744,1.9463950115732096,0,5.308099993271753,21.003700006986037
927,30.900000000000695,TRACKING,1,0,1,0,-0.041355719430804794,14.568216663267629,0.0007301651813488713,14.500223672910044,-0.001084617518176153,14.502966901124344,-0.0836514373918151,14.555537951540899,0.07667654862480833,6.134123889984666,3.532412196909624,1,6.4322999969590455,22.637100002611987
928,30.93333333333403,TRACKING,1,0,1,0,0.027848846759120152,14.613678324997213,0.05147099043734451,14.542992074151195,0.0597397482756073,14.531163330488464,-0.02055471261692063,14.587433949102191,0.08846329136038937,7.07706330883115,4.404849564842179,0,5.286700004944578,24.048299994319677
929,30.966666666667365,TRACKING,1,0,1,0,0.095321502914095,14.661672859479209,0.1053893291395036,14.582996566022167,0.1087581280543895,14.571934742395667,0.042542012157973846,14.619329946663484,0.09073848440909854,7.259078752727883,5.413226415480103,0,5.123700000694953,24.202500004321337
930,31.0000000000007,TRACKING,1,0,1,0,0.16110781520594433,14.711954026766675,0.16064360800537625,14.621808022854836,0.14918606506872548,14.621084271853997,0.13475548196105558,14.697077445249311,0.09164846143948303,7.3318769151586425,2.4209196865223572,1,5.973699997412041,21.225000004051253
931,31.033333333334035,TRACKING,1,0,1,0,0.22502557640006765,14.764590083540353,0.22963478806915666,14.679270038171921,0.23195536887535903,14.682445294475004,0.21539290521798654,14.766025908844883,0.0824365719468087,6.594925755744696,0.7791275054868921,1,5.37899999471847,20.55280000786297
932,31.06666666666737,TRACKING,1,0,1,0,0.2871532465691897,14.819327522904173,0.3019048994493403,14.74360654794529,0.30777581588244735,14.741808643887275,0.3093249432626882,14.832244687917711,0.08021512930312193,6.417210344249754,2.052802628611692,1,5.683700001100078,22.716099992976524
933,31.100000000000705,TRACKING,1,0,1,0,0.3476275678326226,14.875886263488436,0.3839690996378846,14.812537558055562,0.38882005304508555,14.811118909955416,0.40754862894109495,14.895477315899306,0.07675696008604117,6.140556806883294,5.043391175901072,1,5.914599998504855,19.147099999827333
934,31.13333333333404,TRACKING,1,0,1,0,0.4065532598622564,14.934056681121282,0.4742073000881918,14.883128573222907,0.47168102797716494,14.883268343006375,0.4908808184130993,14.951079301546441,0.08258983877029584,6.607187101623667,6.8822818249925835,0,5.586200000834651,18.640200010850094
935,31.166666666667375,TRACKING,1,0,1,0,0.463996282173468,14.99369168641603,0.5621504869511096,14.950794634838598,0.5576139874015054,14.954772590040378,0.5569206863944803,15.01211750706078,0.1013852592582423,8.110820740659383,7.5786883366504,1,6.354700002702884,18.72580000781454
936,31.20000000000071,TRACKING,0,1,1,0,0.5199257084072708,15.054748495617858,0.6411609020314233,15.019232111788586,0.6416876597778419,15.020897777306129,0.6357234280707187,15.069143423792482,0.1263797607680493,10.110380861443945,9.33512106793507,0,4.939000005833805,19.093700000667013
937,31.233333333334045,TRACKING,1,0,1,0,0.5741440538121871,15.117329688402146,0.7212184663327305,15.085556205336347,0.7294010226575544,15.083582853303739,0.6155778154452664,15.144572348289694,0.15888226853305693,12.710581482644555,3.966999164761567,1,5.527400004211813,18.880899995565414
938,31.26666666666738,TRACKING,1,0,1,0,0.6263910732887089,15.181565843521913,0.7557259564492421,15.158881184662444,0.7541000604448861,15.15785695631536,0.6393096927916179,15.210089601616255,0.12989109566490564,10.391287653192451,2.505029188729611,1,5.218100006459281,20.67959999840241
939,31.300000000000715,TRACKING,1,0,1,0,0.6765024468059537,15.247481584532434,0.7850713877512954,15.231098203974655,0.7788152204890937,15.237666036324626,0.6603065455580038,15.253738743329608,0.10278253083747847,8.222602466998278,1.3890065594002647,1,5.69889998587314,17.697300005238503
940,31.33333333333405,TRACKING,1,0,1,0,0.7244934860431076,15.314956726782665,0.8061203812885933,15.29254118364767,0.8059918181150743,15.29943031362014,0.696026798696416,15.293456701181633,0.08296413463784186,6.6371307710273495,2.853885367664872,1,5.152900004759431,17.644399995333515
941,31.366666666667385,TRACKING,1,0,1,0,0.7707008346873481,15.383665646145587,0.8294337760359418,15.345759966883515,0.8305540734969268,15.345399099574927,0.7279417137019945,15.354986125738424,0.07104040246536485,5.683232197229188,4.118918163382216,1,6.182299999636598,19.63189999514725
942,31.40000000000072,TRACKING,1,0,1,0,0.8148945489977669,15.453686716433037,0.8517940306912786,15.40444181043905,0.8535426342234145,15.402910042776833,0.7723823020141746,15.407070595565001,0.06381179420136626,5.104943536109301,5.047203657235815,1,5.99829999555368,21.132900001248345
943,31.433333333334055,TRACKING,1,0,1,0,0.8569558698315686,15.525009082900134,0.8806106405745393,15.460412354284804,0.8763349444047288,15.46718218049201,0.8222292673677258,15.468983620696482,0.06098769690216847,4.879015752173478,5.27320127971738,1,6.099600010202266,18.092499987687916
944,31.46666666666739,TRACKING,1,0,1,0,0.8968290117924139,15.597577445282932,0.9159309705836427,15.520215526900317,0.9118984010455209,15.522551141085023,0.8644436345732538,15.525425251559888,0.07652472028082702,6.1219776224661615,6.32695906314555,0,5.279999997583218,20.42010000150185
945,31.500000000000725,TRACKING,1,0,1,0,0.9345395820320909,15.671292759573445,0.9516648868028956,15.578996135696732,0.9545610627334447,15.573297086951161,0.9360533680819699,15.627372863612502,0.10002005569968742,8.001604455974993,3.5156780825780123,1,6.258800000068732,18.292799999471754
946,31.53333333333406,TRACKING,1,0,1,0,0.9700895598080505,15.746073998857637,1.002447971873784,15.659135444087084,1.0098433687874282,15.651865141305228,0.9866997152914819,15.727958049761853,0.10225299100612685,8.180239280490147,1.9662510550992667,1,6.2390999955823645,22.532499991939403
947,31.566666666667395,TRACKING,1,0,1,0,1.0034594688059684,15.821853177015107,1.0516068313245759,15.749962182727945,1.0511967860048115,15.74764345598797,1.0293472193170174,15.799115818161335,0.08823794052599278,7.059035242079422,2.75641867840725,1,5.477999991853721,22.445400012657046
948,31.60000000000073,TRACKING,1,0,1,0,1.0352314016905229,15.898316102341898,1.0973607762455428,15.834062589344459,1.0917727772546877,15.836927386036143,1.0774103860700446,15.87427621482421,0.08345958087814978,6.676766470251982,3.883901473643038,0,4.527299999608658,17.218099994352087
949,31.633333333334065,TRACKING,1,0,1,0,1.065027337724133,15.975570467038217,1.1439295367846216,15.917231783219465,1.1465469085911666,15.91702601180356,1.08266438369536,15.92698767432637,0.10036380658916844,8.029104527133475,4.134810767731785,1,6.563299990375526,18.537399999331683
950,31.6666666666674,TRACKING,1,0,1,0,1.0926341835755866,16.05363388184237,1.1704397343483954,15.988508139988628,1.1770556845639588,15.982774120406065,1.1015733598929642,15.997093101298075,0.1102183996433433,8.817471971467464,4.57944537273496,1,5.88640000205487,20.82940000400413
951,31.700000000000735,TRACKING,1,0,1,0,1.1278964476029882,16.128551218984132,1.1926215983283217,16.0612372955443,1.1897008797266961,16.0577206243423,1.1339701115864864,16.066686260299736,0.0940040476120563,7.520323808964505,4.972991056308187,0,6.194100002176128,21.370299989939667
952,31.73333333333407,TRACKING,1,0,1,0,1.1704618009203311,16.199573929195168,1.2173641648885347,16.13334855887245,1.2100170035140325,16.13836169150852,1.1663668632800086,16.1362794193014,0.07288039581969408,5.830431665575526,5.074146862341638,0,5.528499998035841,19.521599999279715
953,31.766666666667405,TRACKING,1,0,1,0,1.2199049445875034,16.26599237703203,1.2432260620077245,16.205072661013354,1.2420202894360834,16.2066146271662,1.2031441086314314,16.168787966336,0.06336249408680844,5.068999526944675,7.891108142494065,1,5.420100002083927,17.11839999188669
954,31.80000000000074,TRACKING,0,1,1,0,1.2757318590567128,16.32714293131896,1.2720295699965032,16.260095761944935,1.2787603068671267,16.2479803602765,1.2365224560860997,16.230071080682087,0.07922047809873961,6.337638247899169,8.375324315584866,0,5.5998000025283545,19.640300000901334
955,31.833333333334075,TRACKING,1,0,1,0,1.3373847402525076,16.382414595931202,1.301258799616885,16.31841929649316,1.2996264296121125,16.311423831218505,1.345977100903024,16.312579669686347,0.08040757860369915,6.432606288295933,5.628922787275253,1,5.94870001077652,20.87259999825619
956,31.86666666666741,TRACKING,1,0,1,0,1.4042475729657125,16.431255114666335,1.364690179794613,16.38641638459741,1.3597867076054502,16.386587764578678,1.4365358884148582,16.363879506721627,0.0630233346661115,5.04186677328892,5.977026878554285,1,6.988500012084842,17.363899998599663
957,31.900000000000745,TRACKING,1,0,1,0,1.4756522858737708,16.473176489205688,1.4397348857338916,16.4460125469667,1.436994660831669,16.45061129109743,1.507220272419401,16.430265839649486,0.04476159223665557,3.580927378932446,4.261726688471888,1,6.620000000111759,19.99200000136625
958,31.93333333333408,TRACKING,1,0,1,0,1.5508854266885654,16.507759855032226,1.515318528276588,16.508943540953567,1.5172406666392113,16.503090023562944,1.5708023505123903,16.488145567676842,0.03396729610566784,2.717383688453427,2.236288529597043,1,5.318100011209026,20.153899997239932
959,31.966666666667415,TRACKING,1,0,1,0,1.629195290735845,16.534659666586354,1.5887389596839612,16.568847616601744,1.5917781643056856,16.555891257280642,1.6339024899150023,16.55007306975238,0.04302117843225956,3.4416942745807653,1.2892930683644146,0,5.224000007729046,18.65179999731481
960,32.000000000000746,TRACKING,1,0,1,0,1.7097994317398482,16.553607149842914,1.6605484968962498,16.62943223430335,1.653476706656547,16.627045696668922,1.6970026293176144,16.612000571827917,0.09254982182978463,7.40398574638277,4.782334080075779,0,4.589099989971146,20.78270001220517
961,32.03333333333408,TRACKING,1,0,1,0,1.7918924797678497,16.564412987812418,1.7310072648124695,16.69019695470768,1.723868082479506,16.694425764367555,1.7836121538710132,16.590975921671223,0.14673322968577526,11.738658374862021,2.225888769397215,1,5.640200004563667,19.243399990955368
962,32.06666666666741,TRACKING,1,0,1,0,1.8746541882203078,16.566969212133802,1.8108585161828474,16.713964228382174,1.8163663269371488,16.714081713886944,1.8616219349360628,16.605549860260925,0.15823894256798168,12.659115405438536,3.2577843126381283,1,6.149600012577139,18.870899992180057
963,32.10000000000074,TRACKING,1,0,1,0,1.957257629463749,16.56125028185863,1.89178630896493,16.733062325232876,1.904334505719748,16.729689747629443,1.9324053949363387,16.64161668703072,0.17655795268404026,14.124636214723221,6.7297037753719104,0,4.587499992339872,17.83620000060182
964,32.13333333333407,TRACKING,1,0,1,0,2.038877457218336,16.54731333864778,1.9706308026517607,16.756245843854618,1.968950045646174,16.759548032265233,2.0228111752687785,16.590413101347114,0.2234578440423987,17.876627523391896,3.67975213114938,1,6.383800006005913,22.486000001663342
965,32.1666666666674,TRACKING,1,0,1,0,2.1186981531450733,16.525297635830874,2.057306165460272,16.741069285326763,2.05241340668835,16.751917886897566,2.125159429448226,16.538368440287798,0.23611523840354384,18.88921907228351,1.1664483408825077,1,5.612099994323216,16.157899997779168
966,32.200000000000735,TRACKING,1,0,1,0,2.1959221752354745,16.495423147033037,2.1536471778755755,16.70451850615058,2.1566556480757675,16.708366111825256,2.2135271003361443,16.512649292171076,0.21653306077752746,17.322644862202196,1.970459380537628,1,6.606499999179505,18.009499995969236
967,32.233333333334066,TRACKING,1,0,1,0,2.2697779265876807,16.457988368271142,2.24912452234832,16.665714706865018,2.2566918985546853,16.66096641652708,2.2975247701674943,16.50408425349584,0.203399440027427,16.27195520219416,4.304206659195588,0,4.934900003718212,18.121100001735613
968,32.2666666666674,TRACKING,1,0,1,0,2.339527464947646,16.413367335480284,2.342540160085031,16.632831262795737,2.3407278880046793,16.636603747891815,2.3440893932122973,16.4599217718217,0.22323963994301477,17.85917119544118,3.742193352617771,1,5.897099996218458,20.90920000046026
969,32.30000000000073,TRACKING,1,0,1,0,2.4044738759842095,16.36200588727036,2.4167232859973464,16.58671324132524,2.41041379044579,16.592013608117806,2.401643608587253,16.387232443016643,0.2300844067581453,18.406752540651624,2.0307862963628023,1,6.935099998372607,17.119199997978285
970,32.33333333333406,TRACKING,1,0,1,0,2.463968236626723,16.304417210254044,2.4852731448647503,16.521006931949014,2.4824718732193887,16.52585933575174,2.471620465795796,16.355200316748988,0.22221385985597422,17.77710878847794,4.108512541761293,0,5.1097000105073676,16.9325999886496
971,32.36666666666739,TRACKING,1,0,1,0,2.5177211723101824,16.241435811617933,2.5549560474112307,16.46383314616015,2.559793282523738,16.4588807750423,2.5415973230043387,16.323168190481333,0.22147770672563336,17.71821653805067,6.811873082383328,0,4.601000007824041,20.796400000108406
972,32.40000000000072,TRACKING,0,1,1,0,2.565863696661315,16.17406866815874,2.6246238687038748,16.410344863581187,2.627062529849225,16.412012137729104,2.6115741802128816,16.291136064213678,0.2456875900299902,19.655007202399215,10.05400569742489,0,5.440000008093193,18.638800000189804
973,32.433333333334055,TRACKING,0,1,1,0,2.6086260899760965,16.103164420142537,2.6943367002182543,16.360182104782854,2.6887274376567762,16.362593664152453,2.6815510374214244,16.259103937946023,0.2715138275444131,21.72110620355305,13.771897454788117,0,5.098099994938821,19.34080000501126
974,32.466666666667386,TRACKING,0,1,1,0,2.6463002146458705,16.029430472743,2.7640841823579096,16.312818687346805,2.76112044715891,16.319548769293984,2.7515278946299673,16.227071811678368,0.31201331988873854,24.961065591099082,17.912670553058188,0,5.608299994491972,18.007900012889877
975,32.50000000000072,TRACKING,1,0,1,0,2.679211996136242,15.953451203808108,2.8338611854290447,16.267822880884225,2.8358455808069083,16.261943874709264,2.71552249221519,15.977785985647623,0.3459794904998154,27.67835923998523,3.496863721840913,1,6.88580000132788,23.232899999129586
976,32.53333333333405,TRACKING,1,0,1,0,2.707182417884455,15.875517320445491,2.8635947017212238,16.14269229437956,2.8692945775645473,16.136353263056012,2.7457488689702774,15.928119141995586,0.30710867990609275,24.56869439248742,5.21801358663966,1,6.1412000068230554,21.44199999747798
977,32.56666666666738,TRACKING,1,0,1,0,2.7303618179046443,15.79602675444263,2.8942111877212793,16.0473982686644,2.892347816274879,16.05059090810287,2.7679051338219,15.851462923466435,0.30173228530728224,24.138582824582578,5.356219207522409,1,5.524899999727495,19.428600004175678
978,32.60000000000071,TRACKING,1,0,1,0,2.748659525274422,15.715272630252215,2.916419142959287,15.949042842354023,2.9141979206898325,15.956854353443454,2.791090204311428,15.771266679786617,0.29285608980650707,23.428487184520566,5.620360760977487,1,5.957000001217239,20.23209999606479
979,32.63333333333404,TRACKING,1,0,1,0,2.762281270083812,15.633599606939136,2.9339122845710515,15.84983322660466,2.9362824659576154,15.851811554851254,2.7975603130741975,15.678163971774616,0.27909294218434644,22.327435374747715,4.547064802710261,1,7.008000000496395,20.742099994095042
980,32.666666666667375,TRACKING,1,0,1,0,2.7711616468061453,15.551276016286028,2.940004441104292,15.744320713311646,2.9428696261707845,15.74058468146952,2.8016128929516237,15.596346760219575,0.255580517432457,20.44644139459656,4.351478167637919,1,5.97830000333488,19.625599990831688
981,32.700000000000706,TRACKING,1,0,1,0,2.7756159624942,15.468594738232879,2.939120240379864,15.642189124548903,2.9387874684128477,15.637497439352297,2.8224381834872716,15.5177973666735,0.2348468922280953,18.787751378247624,5.433654548719054,0,4.797899993718602,21.203500000410713
982,32.73333333333404,TRACKING,1,0,1,0,2.7760156546693535,15.385794527394282,2.942976918229636,15.543913139797386,2.93571554596481,15.550000359864866,2.783489244410108,15.389240818109986,0.2290580945898618,18.324647567188943,0.658393017266789,1,6.2870999972801656,23.332199998549186
983,32.76666666666737,TRACKING,1,0,1,0,2.7726007009419438,15.303063802994028,2.9207502612253298,15.42473132357815,2.920201479747632,15.430144544571455,2.753399037988734,15.283880534410068,0.19477038990543277,15.581631192434623,2.171379880143366,1,6.318800005828962,23.69590000307653
984,32.8000000000007,TRACKING,1,0,1,0,2.7655421067236965,15.220564039864593,2.889705044728556,15.306414165052363,2.8968647274303527,15.303997905889553,2.7189247730437107,15.196560513602217,0.15558547717937946,12.446838174350356,4.194735803807226,1,7.086199999321252,25.894799997331575
985,32.83333333333403,TRACKING,1,0,1,0,2.75504977613459,15.138430333826452,2.8500264946849363,15.196175087790362,2.8523023874878475,15.19739859182699,2.685802419615466,15.115348979984741,0.11373357405201774,9.098685924161419,5.839422042663007,1,5.551100010052323,23.892599987448193
986,32.86666666666736,TRACKING,1,0,1,0,2.741482221632488,15.056748290918703,2.8060249626807847,15.0939281373673,2.8011213411912763,15.103971288897704,2.674236357603513,15.035443248299769,0.07607125685745003,6.0857005485960025,5.643211040532418,1,6.417900003725663,19.729499996174127
987,32.900000000000695,TRACKING,1,0,1,0,2.724763431648634,14.975652565197635,2.77047162469456,14.997841450316326,2.771536565982305,15.00361604337556,2.66598650983744,14.954577442141863,0.05449479064280298,4.3595832514242385,4.995285681145453,1,7.116699998732656,20.855299997492693
988,32.933333333334026,TRACKING,1,0,1,0,2.704782969046122,14.895298251169448,2.741420630477628,14.905662811468348,2.7477268088580775,14.904101847293806,2.6520905585545482,14.869348808469436,0.04383693285935629,3.5069546287485034,4.698843227759767,0,6.132499998784624,22.907499995199032
989,32.96666666666736,TRACKING,1,0,1,0,2.681744056828526,14.815766853642554,2.714238426567662,14.814208788584308,2.720136922441727,14.807755179239583,2.6381946072716564,14.784120174797009,0.03921988088626141,3.137590470900913,4.306695690134174,0,6.2649000028613955,20.61130000220146
990,33.00000000000069,TRACKING,1,0,1,0,2.6557836637051393,14.73714056886685,2.689134912013918,14.723739383874126,2.68170459763442,14.72436531284436,2.630896671384129,14.726694250977252,0.028898131119612234,2.3118504895689784,2.159241265610238,1,7.48510000994429,20.09179999004118
991,33.03333333333402,TRACKING,1,0,1,0,2.6270160811500802,14.659497405209715,2.6687083921358803,14.646506991636429,2.661966916284338,14.652412278168253,2.6055712129976127,14.654736919584067,0.03566174283143921,2.852939426515137,1.7573518140087203,1,5.9960000071441755,17.82209999510087
992,33.06666666666735,TRACKING,1,0,1,0,2.5951885399543215,14.583057610009941,2.643228714112234,14.570400567857023,2.6448488041005436,14.569532124189674,2.5752313059516334,14.581422350590458,0.05146921994500008,4.117537595600006,1.60192936155287,1,5.74639999831561,19.04679999279324
993,33.10000000000068,TRACKING,1,0,1,0,2.5605987773743832,14.507827410000807,2.6130723459604233,14.495643581399584,2.6234500566953463,14.493957829935301,2.5552177151434723,14.503036770820488,0.0643634101293212,5.149072810345696,0.5763668525594199,1,6.160399992950261,19.76170000853017
994,33.133333333334015,TRACKING,1,0,1,0,2.5233464267273447,14.433879475343907,2.5851219191620833,14.41936606379827,2.581947657226163,14.418166662102848,2.529150027541469,14.435692244438059,0.060671218183946315,4.8536974547157055,0.4864099617296716,1,5.633100008708425,19.88379999238532
995,33.166666666667346,TRACKING,1,0,1,0,2.4833275208040453,14.361391394686098,2.555163699778588,14.347911402515544,2.5522256125925358,14.34798448305295,2.5077926699046675,14.361581660606074,0.07019040056613358,5.6152320452906865,1.9572711152189124,0,5.37600000097882,20.01429999654647
996,33.20000000000068,TRACKING,1,0,1,0,2.4406895986378636,14.290412226882427,2.5269485462415737,14.27544223637403,2.5284217748978537,14.273193095252735,2.486435312267866,14.28747107677409,0.08940600228952558,7.152480183162047,3.6672131583341243,0,5.74860000051558,21.9033000030322
997,33.23333333333401,TRACKING,1,0,1,0,2.3954655745753484,14.221052135213341,2.4997666980433966,14.202756908549487,2.5101554404101045,14.192655281978272,2.4650779546310644,14.213360492942105,0.11815306428040037,9.45224514243203,5.602882011450962,0,5.662399998982437,20.61659999890253
998,33.26666666666734,TRACKING,1,0,1,0,2.347835810090669,14.153321490717035,2.4734846614810553,14.129850737021407,2.4726737869897493,14.125459708295024,2.383787721821085,14.167493935014383,0.12790934053456288,10.232747242765031,3.0915607806367715,1,5.7302000059280545,19.186099991202354
999,33.30000000000067,TRACKING,1,0,1,0,2.2977296116516417,14.087401815757735,2.4227397637880648,14.068646292759974,2.4123787733011346,14.070611903862963,2.3223969379446294,14.10085421401714,0.1158720475713007,9.269763805704056,2.247763696298157,1,5.834200012031943,21.39119998901151
1000,33.333333333334004,TRACKING,1,0,1,0,2.2452985702293677,14.02331577543594,2.3662716391839105,14.005307794224064,2.366978166223979,14.00687109717568,2.258858530446835,14.042675010674811,0.12278579528795384,9.822863623036307,1.890866485200072,1,5.170199990971014,19.633000003523193
1001,33.366666666667335,TRACKING,1,0,1,0,2.190603288329431,13.961150987922128,2.3027715281629932,13.945832860157338,2.305513663744576,13.938832496755525,2.2085625302620158,13.9938544393645,0.11705771835297042,9.364617468237633,2.984815016887066,1,6.026599992765114,20.027799997478724
1002,33.40000000000067,TRACKING,1,0,1,0,2.133741260228103,13.900961749440862,2.241154801117785,13.893028320330146,2.245560778641486,13.887251041732808,2.146170189534377,13.942096607193736,0.11265694920446133,9.012555936356906,3.4377246484727797,1,5.976800006465055,16.934999992372468
1003,33.433333333334,TRACKING,1,0,1,0,2.074910527892385,13.84269529595694,2.1742145398216617,13.842580836872813,2.1685658906656315,13.839176901883992,2.094804282895455,13.883796824947604,0.09372142803564712,7.497714242851769,3.653029141733257,0,5.214799995883368,18.7354000081541
1004,33.46666666666733,TRACKING,1,0,1,0,2.0141685018047193,13.786424158279475,2.1106433859093165,13.790402584399573,2.1072623943220137,13.788770773635932,2.0434383762565327,13.825497042701471,0.09312346335726951,7.449877068581561,3.9056192113247965,0,5.965000003925525,19.984099999419414
1005,33.50000000000066,TRACKING,1,0,1,0,1.9515262479192734,13.732276372573113,2.048900648390213,13.737310112336257,2.053256861274265,13.734134940112146,1.9637278807261964,13.74909100716253,0.10174758948928439,8.139807159142752,1.6620214766951567,1,6.789299994125031,17.953200003830716
1006,33.53333333333399,TRACKING,1,0,1,0,1.8873242219004598,13.679987420357271,1.9760555184113522,13.675293763705104,1.9839271358522397,13.673926564872675,1.8997226750590026,13.69875343250248,0.09679285589949371,7.743428471959497,1.7993507318962805,1,5.587299994658679,22.177000006195158
1007,33.566666666667324,TRACKING,1,0,1,0,1.8215540709235278,13.629685115149433,1.9045352007510215,13.619872947302701,1.8967434573887547,13.623037473465999,1.8429826680864723,13.650369590817949,0.07548267998003634,6.038614398402907,2.382647012114928,1,6.280400004470721,19.612500007497147
1008,33.600000000000655,TRACKING,1,0,1,0,1.7541538191853434,13.581588953822564,1.8364167425733589,13.568297284468859,1.8327510046532396,13.571956292746233,1.7745884351269028,13.593464900871947,0.07918526203079926,6.334820962463941,1.8907973293804299,1,5.985099996905774,18.582100005005486
1009,33.63333333333399,TRACKING,1,0,1,0,1.6851925995411723,13.53575899796464,1.764795406193853,13.51517588576384,1.768094958728658,13.515515399173244,1.7056442966718994,13.553538775295115,0.08533817698356294,6.827054158685035,2.1679740182181195,1,5.578100011916831,18.430199997965246
1010,33.66666666666732,TRACKING,1,0,1,0,1.6147279391476712,13.492276055281566,1.6915738528975692,13.469998437366922,1.698431272778372,13.463482041919498,1.6445622375225541,13.517734395963918,0.08851747435612564,7.081397948490052,3.137604150757322,1,5.769099996541627,17.888999995193444
1011,33.70000000000065,TRACKING,1,0,1,0,1.5428425553053469,13.451184374145445,1.6215252692566324,13.430878356481786,1.6199030247694253,13.430150921453514,1.5817454562473974,13.470427022865035,0.07987942216971694,6.390353773577355,3.4721430675155474,0,4.792000007000752,19.507199991494417
1012,33.73333333333398,TRACKING,1,0,1,0,1.469499650303444,13.412754529562974,1.552414501524818,13.38953768031171,1.5445496908250433,13.398269309284705,1.5189286749722406,13.423119649766152,0.0764351371347214,6.114810970777712,4.040328063143237,1,5.629999999655411,20.351099999970756
1013,33.76666666666731,TRACKING,1,0,1,0,1.3948565692739017,13.376915373278708,1.4842872375033502,13.347332241067443,1.48072960927848,13.352246442044255,1.416977484517899,13.370329159890725,0.0893461536266565,7.147692290132521,1.8464462698260853,2,7.828600006178021,16.95419999305159
1014,33.800000000000644,TRACKING,1,0,1,0,1.318927909429736,13.343887002398207,1.3994789481998644,13.301883438274613,1.4002043816485812,13.295385554729258,1.3118770069950854,13.32423721270899,0.09464806053123602,7.571844842498882,1.6701223140326458,2,6.389799993485212,17.0259000005899
1015,33.833333333333975,TRACKING,1,0,1,0,1.2418344535799466,13.313677173966262,1.304031878834081,13.257423624679179,1.3021328554762324,13.24813402964449,1.2144666566810634,13.295712660602053,0.08906065932178282,7.124852745742626,2.618970848267073,2,5.810799993923865,17.842400004155934
1016,33.86666666666731,TRACKING,1,0,1,0,1.163709476162434,13.286245029094523,1.2045706671791723,13.221473165737518,1.194269254095752,13.222550969776057,1.1302111775851966,13.252734192290626,0.07064582945792369,5.651666356633895,3.790609188712263,1,7.193299999926239,21.72259999497328
1017,33.90000000000064,TRACKING,1,0,1,0,1.0846568961127556,13.261613255787672,1.1084608841319157,13.183220575594955,1.0975981456073316,13.187125183699932,1.04595569848933,13.2097557239792,0.07560389422397057,6.048311537917645,5.176554098782997,1,7.339000003412366,22.35899999504909
1018,33.93333333333397,TRACKING,1,0,1,0,1.004808791837169,13.239697167807698,1.0141245218763735,13.144310187400063,1.0214298126228114,13.138819103859063,0.9617002193934632,13.166777255667773,0.10223816370603285,8.179053096482628,6.776742629731727,1,7.060500007355586,20.16479999292642
1019,33.9666666666673,TRACKING,0,1,1,0,0.9242497092232486,13.220559015411125,0.9213505111620343,13.104767157459625,0.9252348189147628,13.100671741656855,0.8774447402975964,13.123798787356346,0.11989132099253653,9.591305679402923,8.598882475984972,1,5.617200004053302,19.019599989405833
1020,34.00000000000063,TRACKING,1,0,1,0,0.8430976926168764,13.204115631651387,0.8298937460454556,13.064693759672354,0.8270053160534099,13.065997036035604,0.8214054230411902,13.187028187089595,0.13905290733507358,11.124232586805888,2.2091233678493203,2,5.445499991765246,21.33489999687299
1021,34.033333333333964,TRACKING,1,0,1,0,0.7614104110847718,13.190579653495169,0.750787100795725,13.066465454217013,0.7456301015921917,13.074166448436552,0.7459627073210399,13.174333650113518,0.11747788081039422,9.398230464831538,1.793435456232337,1,6.342399996356107,22.93370000552386
1022,34.066666666667295,TRACKING,1,0,1,0,0.679329694548053,13.179680541532731,0.6714671189593145,13.062284995579533,0.670257547643128,13.061879252292801,0.6564437434075969,13.167285015338564,0.11815010620415942,9.452008496332754,2.0821770594969116,1,6.341400003293529,17.80799998959992
1023,34.10000000000063,TRACKING,1,0,1,0,0.5969513848302872,13.171322984665155,0.5869898963585867,13.061832951170159,0.5879424368227623,13.055135186543641,0.5724418840482751,13.169081448163187,0.11653654180782926,9.32292334462634,1.9689430496151672,1,6.989799992879853,20.32300000428222
1024,34.13333333333396,TRACKING,1,0,1,0,0.514373091168359,13.165251734000318,0.5023232780886424,13.067533676424814,0.49854046119009837,13.06369890300383,0.49721726170316405,13.160667432033152,0.10277961692587528,8.222369354070022,1.4206214058136892,1,5.430000004707836,22.81159999256488
1025,34.16666666666729,TRACKING,1,0,1,0,0.4316481806567363,13.161698728287554,0.421623712456174,13.071283833029392,0.4140703095066118,13.076209781927313,0.4172328443077777,13.149398581814728,0.08727738254527705,6.982190603622164,1.5159852776205336,0,6.816199995228089,24.108500001602806
1026,34.20000000000062,TRACKING,1,0,1,0,0.3488515097188746,13.160835044110115,0.34060455644097154,13.07252900564088,0.34154570631755693,13.070493713092672,0.3372484269123913,13.138129731596303,0.09063625573324373,7.2509004586594985,2.039863127900876,0,6.003999995300546,21.829899997101165
1027,34.23333333333395,TRACKING,1,0,1,0,0.2660622707741917,13.162240954388592,0.259771971865137,13.071850201828122,0.263371347375778,13.065772973795884,0.25726400951700495,13.126860881377878,0.09650550423872836,7.720440339098269,2.9166105998772296,0,5.15970001288224,22.323500001220964
1028,34.266666666667284,TRACKING,1,0,1,0,0.18334903786026108,13.166056156831031,0.1790700266016598,13.069533150590937,0.17726367882577374,13.069350362191024,0.1772795921216186,13.115592031159453,0.09689707070667232,7.751765656533786,4.0662247071178,0,6.1674000025959685,20.33379999920726
1029,34.300000000000615,TRACKING,1,0,1,0,0.1007699359526087,13.172116404093023,0.09848014266475762,13.065831633495083,0.08819409728772118,13.069223436043552,0.09729517472623223,13.104323180941028,0.10365864456066677,8.292691564853342,5.430577175021586,0,5.47530000039842,19.45779999368824
1030,34.33333333333395,TRACKING,1,0,1,0,0.018380018435737083,13.180358743585789,0.017984908436257926,13.060959501698093,0.019668843202332496,13.063275509611406,-0.01755341941051656,13.162988857648049,0.11709032729981969,9.367226183985576,3.1929170541716556,1,5.8902000018861145,18.38059999863617
1031,34.36666666666728,TRACKING,1,0,1,0,-0.06375793043537453,13.190817807788555,-0.07565757824259702,13.08163039560846,-0.06516193787857633,13.078838849404478,-0.12327106313336567,13.187343176334691,0.11198775985652781,8.959020788522224,4.7691582668769605,1,6.6393000015523285,22.863699996378273
1032,34.40000000000061,TRACKING,1,0,1,0,-0.14552901704604193,13.203837948466045,-0.1741547790803033,13.104733309039215,-0.1706378238057967,13.104525532425148,-0.21172776121666145,13.212752294131105,0.1024373377083715,8.19498701666972,5.343700164285153,1,5.707599993911572,17.646399996010587
1033,34.43333333333394,TRACKING,1,0,1,0,-0.2269099051634785,13.219108368171089,-0.2696212436815148,13.133257209243013,-0.27594746484351823,13.139977296249315,-0.3010234224319467,13.222622469919306,0.0930935486640314,7.447483893122512,5.935742502771014,0,7.27470000856556,24.015599992708303
1034,34.46666666666727,TRACKING,1,0,1,0,-0.30780758219647497,13.236760578214477,-0.3642701716750241,13.157673806305525,-0.36394853132241844,13.16321042444209,-0.39031908364723195,13.232492645707508,0.09252800272730224,7.40224021818418,6.60974462177404,0,4.765200006659143,17.850299991550855
1035,34.500000000000604,TRACKING,1,0,1,0,-0.38817544543865234,13.256686471585606,-0.4580822369869769,13.179912931001272,-0.4555959858462357,13.176469911560867,-0.44776593369295287,13.264952236842793,0.10478657247497514,8.382925797998011,4.812882157325924,1,6.860100009362213,20.91449999716133
1036,34.533333333333935,TRACKING,1,0,1,0,-0.46798233698891933,13.278752162824151,-0.5368628958880481,13.210399732981127,-0.5321107303463606,13.204465918396668,-0.5296473864124034,13.280081090397351,0.09813713336829505,7.850970669463604,4.934349395911426,0,6.597299987333827,20.420900007593445
1037,34.56666666666727,TRACKING,1,0,1,0,-0.5471742338958223,13.302932281373021,-0.6181296455967045,13.237086668012088,-0.6203899980518369,13.239965428410462,-0.6130410410443718,13.290815884854881,0.09656796929084527,7.725437543267621,5.357756753584998,1,6.734800001140684,17.5050999969244
1038,34.6000000000006,TRACKING,1,0,1,0,-0.6256406915567754,13.329371829230213,-0.7000424418000709,13.260118142090564,-0.703165910349855,13.263558724967005,-0.6952655775519296,13.30494782759502,0.1016932851356213,8.135462810849704,5.902762258177989,0,5.900599993765354,17.883799999253824
1039,34.63333333333393,TRACKING,1,0,1,0,-0.7033389433863102,13.35799029060369,-0.7819137826763753,13.282043896788574,-0.7776681938672649,13.281944758139558,-0.7800110721077542,13.343485521435305,0.10633795411241402,8.507036328993122,6.242565447663095,1,6.749599997419864,21.020800006226636
1040,34.66666666666726,TRACKING,1,0,1,0,-0.7802219101611308,13.388731859995195,-0.864973598130901,13.313686170713922,-0.8614428354306545,13.307315693858984,-0.8470138617916299,13.39227865576742,0.11500187307151442,9.200149845721155,5.35088452522656,1,6.733000001986511,22.571900000912137
1041,34.70000000000059,TRACKING,1,0,1,0,-0.8561481590887704,13.421765772759642,-0.9405016011585565,13.355417927094813,-0.9474105348902565,13.357136378271557,-0.925921678795529,13.4192091506174,0.11182924424687926,8.94633953975034,5.585627481483602,0,4.98410000000149,18.68500000273343
1042,34.733333333333924,TRACKING,1,0,1,0,-0.9311059005887802,13.456942066736817,-1.0175566485460623,13.393120640025625,-1.023668426750643,13.40297490021686,-1.0048294957994282,13.44613964546738,0.10714605131155475,8.57168410492438,5.960864794207425,0,5.278000011458062,17.680399992968887
1043,34.766666666667255,TRACKING,1,0,1,0,-1.0051836857396261,13.493935531239295,-1.0948370680112265,13.429258890451825,-1.0912395534832962,13.428906028157424,-1.0837373128033274,13.47307014031736,0.10786310140261597,8.629048112209277,6.502202390298597,0,6.263800009037368,18.101299996487796
1044,34.80000000000059,TRACKING,1,0,1,0,-1.0782686192740574,13.532853742388046,-1.172371285264959,13.463965077657145,-1.1590430762417527,13.46162416661697,-1.0955316782713922,13.50371767142311,0.10769477871723176,8.615582297378541,2.70930111988363,1,6.51310000102967,21.66389999911189
1045,34.83333333333392,TRACKING,1,0,1,0,-1.150324075036003,13.573646461881715,-1.2220921371359903,13.499019042020691,-1.215587542611625,13.492544396973287,-1.1555505951882226,13.52061174695337,0.10410026480468328,8.328021184374663,4.26333015408926,1,7.063199998810887,21.987300002365373
1046,34.86666666666725,TRACKING,1,0,1,0,-1.2213466681837681,13.616212010525166,-1.27610073149707,13.527989333877361,-1.2814343358730713,13.530032045646172,-1.2198192099079501,13.545922963218196,0.10505957431326654,8.404765945061325,5.624451361748724,0,5.1078999968012795,17.709899999317713
1047,34.90000000000058,TRACKING,1,0,1,0,-1.291224191630201,13.660632348049145,-1.3317861595049063,13.55708478359154,-1.3353765145197474,13.558453984467414,-1.2840878246276777,13.571234179483021,0.11130968331992976,8.904774665594381,7.174604224110168,0,5.356199995731004,16.586899990215898
1048,34.93333333333391,TRACKING,0,1,1,0,-1.3599687821507387,13.706786610505764,-1.3887917778741214,13.585551130613446,-1.3817385661151143,13.582578695622624,-1.3483564393474052,13.596545395747846,0.1261012672952693,10.088101383621545,8.868090008269824,0,4.855700011830777,21.339699989766814
1049,34.966666666667244,TRACKING,0,1,1,0,-1.4275545509437988,13.754621728624171,-1.4469194220400605,13.61352918556886,-1.4399189946908881,13.611357675396063,-1.4126250540671328,13.621856612012671,0.1437966217145633,11.503729737165065,10.688151515649267,0,5.629299994325265,20.067999997991137
1050,35.000000000000576,TRACKING,1,0,1,0,-1.4939148091627072,13.804142944258187,-1.5059954075818098,13.641091808360525,-1.5058947001772214,13.64648326869328,-1.5561909266054528,13.798998512097372,0.15811417105354933,12.649133684283946,4.9990591025111035,1,5.356099994969554,18.61319999443367
1051,35.03333333333391,TRACKING,1,0,1,0,-1.559158720219836,13.85512594866868,-1.597243453040913,13.728367966866614,-1.5986094647710758,13.730775471176939,-1.6387055694739996,13.852118391188386,0.1304584320696496,10.436674565571968,6.368294781248443,1,6.0138999979244545,19.659400000819005
1052,35.06666666666724,TRACKING,1,0,1,0,-1.6231770417537665,13.907639653324981,-1.6832454942896227,13.800983254722361,-1.6802533708196774,13.797796214711202,-1.6891401480410768,13.899670840607152,0.12378727053352183,9.902981642681747,5.3154165923376215,1,6.786899990402162,18.69280000391882
1053,35.10000000000057,TRACKING,1,0,1,0,-1.6857537070251232,13.9618632241431,-1.7548048360093975,13.86868809050997,-1.7486817871159128,13.862570386429642,-1.7455690499103522,13.956501672570498,0.11755428909701218,9.404343127760974,4.804412291878831,1,6.101000006310642,23.97239999845624
1054,35.1333333333339,TRACKING,1,0,1,0,-1.746998392373003,14.017586856341568,-1.8204927035229306,13.93688082478964,-1.82256518639782,13.934501873125079,-1.8132876220858147,14.009345578035001,0.11230963803375643,8.984771042700515,5.343964457393308,0,5.688799996278249,17.43390000774525
1055,35.16666666666723,TRACKING,1,0,1,0,-1.806815597290462,14.074840124061529,-1.8873730762160525,14.00233193788015,-1.896725962805252,14.00772034216807,-1.8317017972556582,14.041147135314588,0.11220044094578481,8.976035275662785,3.3509787842090026,1,5.811499999254011,19.98260000254959
1056,35.200000000000564,TRACKING,1,0,1,0,-1.8649936177532984,14.133758309741136,-1.930577887229498,14.055715159221668,-1.9280025029413856,14.054517230450617,-1.8686458179920213,14.09194198133246,0.10123866978468174,8.09909358277454,3.358041227302421,1,5.283000005874783,15.568200004054233
1057,35.233333333333896,TRACKING,1,0,1,0,-1.9215937365701314,14.194193905367152,-1.970144873943819,14.111166473299454,-1.9596365214708484,14.105198232451677,-1.936473697065083,14.141190088998876,0.09678575969986722,7.742860775989377,4.404229075919311,1,5.70569999399595,18.980199994985014
1058,35.26666666666723,TRACKING,1,0,1,0,-1.9762959613881625,14.25635258351195,-2.0209634670324936,14.16570305679362,-2.01982622592302,14.164409610308288,-1.973797116759067,14.20074501472088,0.10172705761990673,8.138164609592538,4.453094874414523,1,5.964399999356829,18.92399998905603
1059,35.30000000000056,TRACKING,1,0,1,0,-2.0290340987547,14.320186144714965,-2.0625265511244004,14.224747671258879,-2.0721508816965506,14.229501762015895,-2.032731583818874,14.274941580185642,0.10041271949691465,8.033017559753173,3.631631712823644,1,6.1209000123199075,19.338199999765493
1060,35.33333333333389,TRACKING,1,0,1,0,-2.079793501120406,14.385604167768458,-2.1110665114531337,14.293282607195488,-2.1169333730916975,14.29855069183658,-2.106444156279079,14.360700516692102,0.09464500917568751,7.571600734055001,2.9180259160679216,1,8.184299993445165,19.951200010837056
1061,35.36666666666722,TRACKING,1,0,1,0,-2.1285447248946667,14.452532135384866,-2.1702641478107667,14.372777303703133,-2.1645287723451077,14.363765452713796,-2.1679294779543543,14.460497513866757,0.09578296102826404,7.662636882261123,3.2145728454597284,2,6.308700001682155,20.414600003277883
1062,35.40000000000055,TRACKING,1,0,1,0,-2.175280810088302,14.520882504875631,-2.229531456826734,14.465563910399856,-2.2238078282598988,14.464767892874672,-2.2318316436925665,14.533665234580896,0.07418706876973015,5.934965501578413,4.638203072780703,1,5.996899999445304,18.75990000553429
1063,35.433333333333884,TRACKING,1,0,1,0,-2.2198787739560584,14.590646795795852,-2.290976481150616,14.552407735792276,-2.2982755883049015,14.555677349159984,-2.2925298333346262,14.608612848413099,0.08584242947439108,6.867394357951286,5.987162520178722,0,4.895299993222579,18.739899998763576
1064,35.466666666667216,TRACKING,1,0,1,0,-2.262138659809852,14.661851688298933,-2.3520288114307597,14.637686218041678,-2.357042948196732,14.641874450253894,-2.353228022976686,14.683560462245302,0.09698409144869212,7.75872731589537,7.491239875329128,0,6.479699994088151,18.396500003291294
1065,35.50000000000055,TRACKING,1,0,1,0,-2.302099964108285,14.73437153956408,-2.4130424192020463,14.721346641736588,-2.4071464711263437,14.721906551239742,-2.3578493107945873,14.78726014454516,0.10578347966776738,8.46267837342139,6.147620908439544,1,5.636699992464855,21.699000004446134
1066,35.53333333333388,TRACKING,1,0,1,0,-2.339775572717965,14.808104728730433,-2.4489680380328047,14.816494025809739,-2.4478757432893326,14.815962665630353,-2.4022114961092025,14.864325054050079,0.10838539592529013,8.67083167402321,6.721413903047893,1,6.438900003558956,21.20559998729732
1067,35.56666666666721,TRACKING,1,0,1,0,-2.375211088945004,14.882940274151537,-2.4886920253751397,14.905689457407943,-2.494157551207608,14.904439568553133,-2.4236479609260493,14.93425577810226,0.12087382075766283,9.669905660613027,5.645195628440113,1,5.234299998846836,17.770100006600842
1068,35.60000000000054,TRACKING,1,0,1,0,-2.408618573657201,14.958702894446477,-2.517418508791798,14.98891835429988,-2.521464007340481,14.996408435375011,-2.4463491652419687,14.979997371898815,0.11897814807720349,9.518251846176279,3.465996940614629,1,5.9197000082349405,19.277699990198016
1069,35.63333333333387,TRACKING,1,0,1,0,-2.440119570933928,15.035277837079969,-2.5408346124842103,15.056173504067766,-2.5338681954281013,15.057820823633683,-2.4819104241655405,15.048955965822383,0.09642090456592128,7.713672365273703,3.5177871405486814,0,5.375900000217371,18.87719999649562
1070,35.666666666667204,TRACKING,1,0,1,0,-2.4695531068181835,15.112670999788964,-2.567150694771567,15.125668088814017,-2.564202805705394,15.119372309107495,-2.5174716830891124,15.117914559745952,0.09488663259923505,7.5909306079388035,3.856369171419439,0,5.461499997181818,19.094600007520057
1071,35.700000000000536,TRACKING,1,0,1,0,-2.4972999280934554,15.190684771508252,-2.5948350414509447,15.19495706249142,-2.593791561693175,15.194500901359097,-2.5530329420126843,15.18687315366952,0.09656706582360812,7.72536526588865,4.4690561122953945,0,5.036099988501519,17.767299999832176
1072,35.73333333333387,TRACKING,1,0,1,0,-2.5234489051247855,15.269248539677593,-2.62374057022951,15.264196762369505,-2.6334833179070207,15.268063085229448,-2.5481133813814605,15.298407958439038,0.11004079833670764,8.803263866936613,3.055338244079849,1,6.195499998284504,19.840799999656156
1073,35.7666666666672,TRACKING,1,0,1,0,-2.5480295501862797,15.348317032499397,-2.6366260328683184,15.351318685492615,-2.6399819737297947,15.357227453767699,-2.5720696567633388,15.361422793511185,0.09238313592157703,7.3906508737261625,2.1904340332410297,1,5.579599994234741,19.331599993165582
1074,35.80000000000053,TRACKING,1,0,1,0,-2.570904106148172,15.42789585731038,-2.6528282629943436,15.427888692656204,-2.6527803767256954,15.425953166610846,-2.5955211372596945,15.441590141997779,0.08189931459321177,6.551945167456942,2.253575511184189,1,6.734199996571988,16.439400002127513
1075,35.83333333333386,TRACKING,1,0,1,0,-2.591864462612746,15.508000152611125,-2.6692342312414294,15.507891710237566,-2.6730356126603514,15.512313401090815,-2.604239682705461,15.508783244515344,0.08128566732517122,6.5028533860136974,0.9919977589445168,1,7.012700007180683,19.431699998676777
1076,35.86666666666719,TRACKING,1,0,1,0,-2.61113967526304,15.588526551053107,-2.6788789760259393,15.582554177843313,-2.6879373046094965,15.585379200943118,-2.6253296077031063,15.58225994892229,0.07686209524824705,6.148967619859763,1.2409660363948196,0,5.230300012044609,17.204399991896935
1077,35.900000000000524,TRACKING,1,0,1,0,-2.6291860010353085,15.669337223583856,-2.6913581313476262,15.657600062381999,-2.6939298515457386,15.661048878690305,-2.6112456738863603,15.651049096093828,0.06527222104380516,5.2217776835044125,2.0494853134233106,1,5.714700004318729,21.710400003939867
1078,35.933333333333856,TRACKING,1,0,1,0,-2.6461744357609494,15.750376891366514,-2.688242114074529,15.73011682709619,-2.6816850962735326,15.728533118738993,-2.6397409031430605,15.723438813198134,0.04169121505356732,3.3352972042853857,2.215653976379775,1,7.513799995649606,17.71020000160206
1079,35.96666666666719,TRACKING,1,0,1,0,-2.662322010751512,15.831588285214146,-2.6976372409839557,15.802952472134939,-2.6919487693137714,15.799317505740609,-2.6872277736480608,15.808186723534767,0.043808081797038816,3.5046465437631054,2.733999402478757,1,5.5376999953296036,18.19239999167621
1080,36.00000000000052,TRACKING,1,0,1,0,-2.6776050372538607,15.912966806764242,-2.722167806714217,15.881754796673087,-2.7235000526421116,15.879992043252006,-2.728422077578479,15.879134808170235,0.05651271950787429,4.521017560629943,4.883916930477011,1,5.281000005197711,18.437599996104836
1081,36.03333333333385,TRACKING,1,0,1,0,-2.6917796317678326,15.994545698268817,-2.7530163481277827,15.956941705271104,-2.757924360536848,15.964204487269535,-2.755146627409329,15.965650800176233,0.07277165814264201,5.821732651411361,5.5715226054845655,1,6.526800003484823,22.985500007052906
1082,36.06666666666718,TRACKING,1,0,1,0,-2.704897126891174,16.076301224017477,-2.781405357133599,16.03844304903519,-2.7785508309903757,16.04020644698659,-2.7705117433628437,16.04671890084392,0.082022564312768,6.56180514502144,5.757995061654888,1,6.477600007201545,17.46669999556616
1083,36.10000000000051,TRACKING,1,0,1,0,-2.726111022642159,16.15633874831588,-2.803388644280559,16.120223135904027,-2.7980489214326734,16.115718079932826,-2.7952985904233287,16.12546029577126,0.08261416332736285,6.6091330661890275,6.061233335630246,0,5.8929999941028655,20.400499997776933
1084,36.133333333333844,TRACKING,1,0,1,0,-2.7552093567868265,16.23385856267812,-2.826626069587033,16.20136941120695,-2.832466399353211,16.20047226963722,-2.7906724991898164,16.190301362393825,0.08416231454229911,6.732985163383929,4.493454201445176,1,5.776500009233132,25.635699988924898
1085,36.166666666667176,TRACKING,1,0,1,0,-2.7919013883890327,16.308086114743734,-2.83602568482925,16.275517805880444,-2.8452966098238854,16.28268654872548,-2.7932111894502984,16.246505343294487,0.05912856861105836,4.730285488884669,4.927575950005098,1,6.5704000007826835,22.957000008318573
1086,36.20000000000051,TRACKING,1,0,1,0,-2.835820502797781,16.378279747348852,-2.8415190470896974,16.341667971873427,-2.839111161660985,16.348369722871325,-2.840401902411445,16.307843236117016,0.030090496838706942,2.4072397470965554,5.646827831302209,1,5.952100007561967,19.92539998900611
1087,36.23333333333384,TRACKING,1,0,1,0,-2.8865278747396292,16.443738108919412,-2.8654834300452796,16.405266174372844,-2.8557559730788733,16.402604714113853,-2.862853246724325,16.37567661171021,0.05136989488065204,4.109591590452163,5.764917575276718,0,6.329600000753999,18.887799989897758
1088,36.26666666666717,TRACKING,1,0,1,0,-2.9435168529157623,16.503807161144255,-2.8870336592136185,16.470006172721845,-2.885023167016412,16.471597640966777,-2.9382027580852728,16.448474536255627,0.06677547813497996,5.342038250798397,4.446977566614367,1,6.54049999138806,21.52570000907872
1089,36.3000000000005,TRACKING,1,0,1,0,-3.0062180222942962,16.557886713909745,-2.9338866423335923,16.537539280788824,-2.9376309923685535,16.54618396971609,-2.9741962659987693,16.517578858232525,0.06957826453495998,5.566261162796799,4.11834227274672,0,6.095399992773309,21.379500001785345
1090,36.33333333333383,TRACKING,1,0,1,0,-3.074004893517052,16.60543642220097,-2.9757191692845684,16.604998833102822,-2.984058054253956,16.603109522510355,-3.0284740524189755,16.561632536066114,0.08997693235263898,7.198154588211119,5.054479474914118,1,6.1812000058125705,19.21990000118967
1091,36.366666666667165,TRACKING,1,0,1,0,-3.146200162574132,16.645981185050527,-3.0251967291361233,16.661288675639454,-3.0234944797708474,16.657862653247363,-3.082622300711406,16.61165921210439,0.12327957608108771,9.862366086487016,5.7800442052019,1,6.434099996113218,21.36919999611564
1092,36.400000000000496,TRACKING,1,0,1,0,-3.222082478201701,16.67911589259034,-3.07851956672483,16.714113655831287,-3.073093626583063,16.70594568267345,-3.174703600739396,16.665194646860186,0.15138532142365796,12.110825713892636,3.950541522185435,1,6.095500008086674,25.23749999818392
1093,36.43333333333383,TRACKING,1,0,1,0,-3.3008936493853667,16.70450947377555,-3.1528816116527296,16.76569975615464,-3.1584501184497236,16.77312546025293,-3.268058190033672,16.69406871023162,0.1581085484901999,12.64868387921599,2.756434722424807,1,7.25609999790322,26.091299994732253
1094,36.46666666666716,TRACKING,1,0,1,0,-3.3818462209541718,16.721908204336955,-3.23973363748663,16.80411463204717,-3.2413526503667667,16.813534859977725,-3.3349221361393195,16.74407292545541,0.16773159332788323,13.418527466230659,4.1516412931526006,0,5.116000000271015,24.76849999220576
1095,36.50000000000049,TRACKING,1,0,1,0,-3.464131341572363,16.731138241910045,-3.3213581679936746,16.846142776805408,-3.3106809683686307,16.84451759683784,-3.4593874160307845,16.752364511869857,0.19079280688801498,15.263424551041197,1.7399942362218659,1,6.586099989362992,18.40670000819955
1096,36.53333333333382,TRACKING,1,0,1,0,-3.546926845514568,16.73210736301043,-3.428339138685969,16.86936866576476,-3.4271755159948305,16.865584093708584,-3.5412495530530683,16.791507624938554,0.17932210839607016,14.345768671685613,4.773676330425698,0,7.438900007400662,24.702299997443333
1097,36.56666666666715,TRACKING,1,0,1,0,-3.6294054674739513,16.724805884500427,-3.5277983859551885,16.89768685839787,-3.5311656761564656,16.902418678402487,-3.634458931941054,16.758468529030488,0.20297133087162564,16.237706469730053,2.7231877084064706,1,7.554700001492165,25.599600005079992
1098,36.600000000000485,TRACKING,1,0,1,0,-3.7107431083237024,16.709306760339757,-3.6299411156597072,16.894519857515178,-3.63321145419195,16.904727731650567,-3.7339187120972013,16.739395092134927,0.2102391814587996,16.81913451670397,3.038332511606944,1,24.176500010071322,50.25349999777973
1099,36.633333333333816,TRACKING,1,0,1,0,-3.7901270692430997,16.68576485265371,-3.7355663767080385,16.880732845553414,-3.731433794070997,16.881341128930707,-3.8214799828170007,16.726581863237136,0.20419348763563702,16.335479010850964,4.117501022739055,1,24.304799997480586,54.748800001107156
1100,36.66666666666715,TRACKING,1,0,1,0,-3.8667641719354853,16.654415384401954,-3.83726960676216,16.8613759536611,-3.834960682739923,16.862419948037065,-3.908083324126023,16.68386531360009,0.21042186297541693,16.833749038033353,4.0592181848391045,1,25.11380000214558,67.68449999799486
1101,36.70000000000048,TRACKING,1,0,1,0,-3.9398886838036153,16.615571589108516,-3.9362300682613385,16.823466240626015,-3.9391739176738256,16.826274737440304,-3.9957577523737284,16.675700412030835,0.21070436067520734,16.856348854016588,6.5662546616058135,0,20.242700004018843,52.38019999524113
1102,36.73333333333381,TRACKING,0,1,1,0,-4.008769968896653,16.56962158113591,-4.033533287928904,16.7930871275021,-4.038348433964075,16.801437424775195,-4.0834321806214335,16.66753551046158,0.23369525232220376,18.6956201857763,9.850590533568132,0,26.939400006085634,51.64939998940099
1103,36.76666666666714,TRACKING,1,0,1,0,-4.072719788183074,16.517024477774743,-4.129342292725125,16.765964102076715,-4.131763387670642,16.766590017835913,-4.127935397872401,16.517223309632936,0.2564548799037983,20.51639039230386,4.41727741485866,1,20.179799990728498,52.1123000071384
1104,36.80000000000047,TRACKING,1,0,1,0,-4.131099176207568,16.458305811895517,-4.204570400041077,16.678154881367195,-4.197240068663116,16.6742666471787,-4.160176618186532,16.41298898919756,0.22586212615449008,18.068970092359205,4.307472243608642,1,23.55800000077579,52.682800000184216
1105,36.833333333333805,TRACKING,1,0,1,0,-4.183324825422656,16.39405228099788,-4.262214242520489,16.57774909251031,-4.258415169898953,16.57678323733427,-4.204604913455961,16.328475519434097,0.1975579971481292,15.804639771850335,5.515449604968752,1,25.520299997879192,62.32649998855777
1106,36.866666666667136,TRACKING,1,0,1,0,-4.229341695492758,16.325215645855664,-4.3133126277954705,16.474106632745244,-4.318326758300068,16.4829533935159,-4.24803659628654,16.25310898034734,0.18110642848818162,14.48851427905453,5.959259297016778,1,18.78079999005422,71.37580000562593
1107,36.90000000000047,TRACKING,1,0,1,0,-4.2694008240994625,16.252749785728135,-4.358502573891331,16.372356117750563,-4.357789588281546,16.37504917403925,-4.285849135511322,16.196835980619014,0.15089636846163382,12.071709476930707,4.662634825989116,1,18.807999993441626,42.425600011483766
1108,36.9333333333338,TRACKING,1,0,1,0,-4.303828097184452,16.177445087755945,-4.397181079733557,16.281903891100423,-4.38546264469199,16.281181983738254,-4.336839961576162,16.13315107601416,0.132005844320639,10.56046754565112,4.419406415742807,0,16.865099998540245,45.12769999564625
1109,36.96666666666713,TRACKING,1,0,1,0,-4.332990698529744,16.099949427545024,-4.438862602457483,16.194894734677288,-4.4331830048600835,16.193390748351383,-4.387830787641002,16.069466171409303,0.13700284187501227,10.960227350000983,5.0194273957840085,0,19.743400000152178,62.868100008927286
1110,37.00000000000046,TRACKING,1,0,1,0,-4.357273272222408,16.02078888634165,-4.481917173885912,16.111531117510697,-4.489554229731812,16.116472539197005,-4.372834273094725,15.990680232718658,0.16325934320383972,13.060747456307178,2.7113695681850043,1,18.046699988190085,46.017100001336075
1111,37.03333333333379,TRACKING,1,0,1,0,-4.377061446798047,15.940387003181396,-4.49665132924204,16.02444369552362,-4.501808549166174,16.025584653245403,-4.366583410291972,15.939394782733567,0.15106448664617728,12.085158931694183,0.8419928757502761,1,22.944700001971796,56.285300001036376
1112,37.066666666667125,TRACKING,1,0,1,0,-4.392618822245739,15.859060483903054,-4.499690920650342,15.948608069483729,-4.493723187263325,15.945709145579492,-4.383814118934464,15.877265080368845,0.13315435853146976,10.652348682517582,1.6177616791245786,1,24.472100005368702,53.56749999918975
1113,37.100000000000456,TRACKING,1,0,1,0,-4.403835607799832,15.777022575649708,-4.504584624674609,15.874238476341857,-4.501248927018403,15.866450609185225,-4.401743633039589,15.81799353559474,0.13223739237904247,10.578991390323399,3.2819466586425836,1,14.480699988780543,49.017600002116524
1114,37.13333333333379,TRACKING,1,0,1,0,-4.410602415811781,15.69449836721315,-4.509978388870144,15.803468802431722,-4.513969058776732,15.802470945702167,-4.4067570888249925,15.73504243828624,0.1494748827844014,11.957990622752114,3.258081142085981,1,19.807599994237535,42.721400008304045
1115,37.16666666666712,TRACKING,1,0,1,0,-4.413066265779092,15.611733857233995,-4.509730574141917,15.723303583405889,-4.516196000731833,15.734869813575441,-4.408414341553013,15.63767401691197,0.16061819939080782,12.849455951264625,2.1083184323041593,1,16.463899999507703,52.6092000072822
1116,37.20000000000045,TRACKING,1,0,1,0,-4.411214695584578,15.52895338636939,-4.505381563265376,15.631500985633844,-4.500757152294112,15.633752095484484,-4.4211205368168125,15.56121419586881,0.1378427400546323,11.027419204370583,2.6997902378680494,0,12.244900004588999,43.68460000841878
1117,37.23333333333378,TRACKING,1,0,1,0,-4.404974283166772,15.446387703900179,-4.504585781998403,15.543843768053945,-4.498709899313023,15.532484320845256,-4.433826732080612,15.484754374825652,0.12727526540418113,10.182021232334492,3.840387685620756,0,15.632799986633472,52.726699999766424
1118,37.26666666666711,TRACKING,1,0,1,0,-4.394436208520788,15.364259854473163,-4.50582335808946,15.457812686779878,-4.507124549819411,15.45358761954593,-4.421203142366683,15.350293992570538,0.14379885909676154,11.503908727740923,2.4153032719805037,1,10.809999992488883,47.71400000026915
1119,37.300000000000445,TRACKING,1,0,1,0,-4.379398652402983,15.282835616222169,-4.497510027096117,15.347329559713351,-4.50426799784109,15.348134421464106,-4.39051028098651,15.259940333834768,0.1409123394034949,11.272987152279592,2.0359367304543845,1,18.64470000145957,50.43170000135433
1120,37.333333333333776,TRACKING,1,0,1,0,-4.360148289479037,15.202303273675541,-4.476080471493286,15.243449396624621,-4.4820434744536035,15.248432417529976,-4.367917981014543,15.17229733627472,0.13033163097547326,10.426530478037861,2.479644343347846,1,21.76010000403039,47.58869999204762
1121,37.36666666666711,TRACKING,1,0,1,0,-4.336740333207004,15.122879711353535,-4.450167971633691,15.142629515845355,-4.447381581794283,15.143335220142367,-4.363367647818608,15.089962543707323,0.11251628206069568,9.001302564855655,3.3870849383142034,1,19.048499991185963,50.570899999001995
1122,37.40000000000044,TRACKING,1,0,1,0,-4.309148988352229,15.044810816409033,-4.429652828178281,15.046900726838484,-4.425796061228447,15.047528556474843,-4.334306996271747,15.016435595031519,0.116678728659748,9.33429829277984,3.0337604922751056,1,21.004700000048615,45.94320000614971
1123,37.43333333333377,TRACKING,1,0,1,0,-4.277675287373142,14.96822465045571,-4.3997511523971395,14.958998544085084,-4.39785461240578,14.964025499580895,-4.3090647518160035,14.957987258480625,0.12025266331092216,9.620213064873772,2.6413362345131044,1,27.34760000021197,39.5046000048751
1124,37.4666666666671,TRACKING,1,0,1,0,-4.242491826163529,14.89327027282463,-4.367695630758633,14.883579241643718,-4.372412838108466,14.890247755181415,-4.292559321170297,14.881741266610675,0.12995616552399508,10.396493241919606,4.110219101145191,0,23.998000004212372,52.30769999616314
1125,37.50000000000043,TRACKING,1,0,1,0,-4.203557851564578,14.820193735614119,-4.338734581541415,14.806507109752125,-4.331680076112828,14.804855162684081,-4.271131585005148,14.820621710692198,0.1290371118815133,10.322968950521062,5.406007096563396,1,16.66879998811055,33.142600004794076
1126,37.533333333333765,TRACKING,1,0,1,0,-4.161016531381034,14.749156627383334,-4.3093078913995955,14.73688263016516,-4.303085101036191,14.73499231310566,-4.245886958763693,14.739706728041831,0.1427729185903926,11.421833487231407,6.831592513224849,1,19.156399997882545,42.26319999725092
1127,37.566666666667096,TRACKING,1,0,1,0,-4.114974154214804,14.680337050418393,-4.278438537945332,14.661778997933803,-4.278543004480088,14.668332021122637,-4.205947710934581,14.672176805800502,0.16400880923139166,13.120704738511334,7.3071045382292015,1,23.032299999613315,50.33969999931287
1128,37.60000000000043,TRACKING,1,0,1,0,-4.065656655576479,14.613825254496092,-4.239919786591777,14.590771598119447,-4.244916000150988,14.594510252105724,-4.141881635605309,14.60671825578039,0.18029692713582862,14.423754170866289,6.124446495096496,1,15.389100008178502,43.84050000226125
1129,37.63333333333376,TRACKING,1,0,1,0,-4.013318712765281,14.549663159681142,-4.185441526082344,14.522598815587317,-4.186127268288818,14.522090266469709,-4.078119417124969,14.552740001111603,0.17499446077570638,13.99955686205651,5.189896793547941,1,20.37739999650512,51.22670000127982
1130,37.66666666666709,TRACKING,1,0,1,0,-3.957801385904504,14.488231400085763,-4.122279188253088,14.461977251301857,-4.117458116657092,14.45567901217796,-4.012460000787514,14.498554244372318,0.16294149144126707,13.035319315301367,4.449988976233498,1,20.06549999350682,49.15690000052564
1131,37.70000000000042,TRACKING,1,0,1,0,-3.8991965069716903,14.429737786468367,-4.0527370005045835,14.405421938596797,-4.057419847500049,14.399854938702036,-3.945272690782785,14.426621571220908,0.16102052688579396,12.881642150863517,3.6945152966523955,1,20.100399997318164,35.40920000523329
1132,37.73333333333375,TRACKING,1,0,1,0,-3.8378195889905147,14.37415983573354,-3.9788708601605336,14.342533863073896,-3.9834372780860825,14.34945043520991,-3.879035376202107,14.365065579119811,0.14769924120241992,11.815939296193593,3.3765749451917353,1,20.223999992595054,53.82169999938924
1133,37.766666666667085,TRACKING,1,0,1,0,-3.773930361026353,14.321489149209684,-3.9032675392138176,14.281773780777177,-3.902409284397546,14.284440001953254,-3.8311770827970624,14.311679409918849,0.1337141468321494,10.697131746571952,4.646490728072318,1,24.127500000759028,52.322999996249564
1134,37.800000000000416,TRACKING,1,0,1,0,-3.7077842632154283,14.271682237910763,-3.8362229151339444,14.2256530008519,-3.830844691457037,14.222185498231989,-3.7582979019831417,14.273486342241117,0.1326416082450619,10.611328659604952,4.0436676373726606,1,16.874299995834008,46.05820000870153
1135,37.83333333333375,TRACKING,1,0,1,0,-3.6394533107000697,14.22491776852326,-3.7614477870396708,14.179621903112317,-3.7637274854189746,14.183877302715324,-3.697999080699823,14.218936516334471,0.13087547644917033,10.470038115933626,4.708040824026854,0,20.046300007379614,44.35290000401437
1136,37.86666666666708,TRACKING,1,0,1,0,-3.569225806189059,14.181052836300506,-3.690065670643173,14.130870536775948,-3.6958907386032025,14.140952702292674,-3.6377002594165044,14.164386690427825,0.13286092672763344,10.628874138210676,5.637878274980868,0,19.095199997536838,57.891600008588284
1137,37.90000000000041,TRACKING,1,0,1,0,-3.497220448937771,14.140171750259828,-3.6203320276188573,14.081307394026402,-3.6274715051618953,14.08811019788268,-3.507148741748482,14.163601477278537,0.14027024945945807,11.221619956756644,2.0357180257494094,1,24.86039999348577,51.32660000526812
1138,37.93333333333374,TRACKING,1,0,1,0,-3.423534226151925,14.10240436697338,-3.5207001784724063,14.054972853213625,-3.5118156876448534,14.046291605504527,-3.430745964874751,14.121376059981618,0.10460525055171863,8.36842004413749,1.6236931946746853,0,24.093800006085075,50.06179999327287
1139,37.966666666667074,TRACKING,1,0,1,0,-3.348247185155387,14.067938497961608,-3.42909221415412,14.022793283353032,-3.423750745245811,14.010968285181015,-3.3225987159997374,14.1149205010262,0.0945853727094959,7.566829816759672,4.2821696048538005,1,29.88970000296831,68.06629999482539
1140,38.000000000000405,TRACKING,1,0,1,0,-3.271475955979403,14.036918938977648,-3.32557052600784,14.00504410896256,-3.327242946484212,14.003052108104987,-3.243800151241502,14.074608062159763,0.06524507232980044,5.219605786384035,3.740733766844877,1,6.135600007837638,17.29999999224674
1141,38.03333333333374,TRACKING,1,0,1,0,-3.193439418136913,14.009236210963442,-3.2293228874108744,13.979689265007762,-3.235751512748959,13.98454544597252,-3.174781664690657,14.04670518613187,0.04898925623333826,3.9191404986670606,3.34858619846269,1,4.881100001512095,18.938499997602776
1142,38.06666666666707,TRACKING,1,0,1,0,-3.1142896046429906,13.984918692738338,-3.141235686326359,13.957002296250241,-3.142179041085617,13.957800614337552,-3.110412396774564,14.008823110316829,0.03890001081283249,3.1120008650265993,1.937344856234904,1,8.24799999827519,21.404999992228113
1143,38.1000000000004,TRACKING,1,0,1,0,-3.0341736640002455,13.964002891924622,-3.060967017420411,13.929987299851708,-3.057632473845049,13.92678764074333,-3.039253994905422,13.992304063308394,0.043991938804982596,3.5193551043986075,2.3002832017641315,1,5.888900006539188,19.870599993737414
1144,38.13333333333373,TRACKING,1,0,1,0,-2.953257221541794,13.946436901812502,-2.9825189214198855,13.911303902159363,-2.9864832919492192,13.911940962843268,-2.956691950951309,13.973340644190776,0.04789510998096079,3.8316087984768634,2.1697686071256053,1,5.672800005413592,24.646299993037246
1145,38.16666666666706,TRACKING,1,0,1,0,-2.8716421920054787,13.932471887579165,-2.9001606911487805,13.895132774132513,-2.9042393303582417,13.897952967949198,-2.874734448577629,13.956169032418677,0.04747767097498889,3.798213677999111,1.911843883589304,1,5.862499994691461,21.759900002507493
1146,38.200000000000394,TRACKING,1,0,1,0,-2.789457344888712,13.922387961104592,-2.8164483591003244,13.8814807916727,-2.812980677447597,13.883374922360439,-2.7968066119218244,13.932362331149323,0.04555616716459723,3.6444933731677787,0.9911602371789167,0,5.959600006463006,20.359499991172925
1147,38.233333333333725,TRACKING,1,0,1,0,-2.7068983527721375,13.916059652527546,-2.733958385910306,13.865706911846681,-2.7250943067325766,13.861443409945295,-2.71887877526602,13.908555629879968,0.05756758371109257,4.605406696887406,1.1309206982695799,0,5.075000008218922,21.59639999445062
1148,38.26666666666706,TRACKING,1,0,1,0,-2.6241239604125504,13.91395379444779,-2.6521592733049317,13.848724128158434,-2.65377571381539,13.846352087464963,-2.6113077043780297,13.908388333876802,0.0738188137730138,5.905505101841105,1.1178000396768266,1,6.136800002423115,18.379500004812144
1149,38.30000000000039,TRACKING,1,0,1,0,-2.541345034573988,13.915873196897694,-2.557729034575966,13.841239370490962,-2.567671831240562,13.843188977392133,-2.528427396046959,13.886505069111255,0.07730521319973005,6.184417055978404,2.566681673813837,1,6.335099998977967,18.13399999809917
1150,38.33333333333372,TRACKING,1,0,1,0,-2.4587610444946213,13.921866464063603,-2.467509644908569,13.828992483576691,-2.4701364568457977,13.82992977967825,-2.444139204620876,13.86729142440948,0.09263775656788759,7.411020525431007,4.519988073996714,0,6.105799999204464,21.49970000027679
1151,38.36666666666705,TRACKING,1,0,1,0,-2.3766030591166767,13.932166954701836,-2.3779848680956244,13.815977335019383,-2.374272062924682,13.808446443214251,-2.359851013194793,13.848077779707705,0.12374246848191127,9.8993974785529,6.859327264395587,0,5.0967999995918944,20.644399992306717
1152,38.40000000000038,TRACKING,1,0,1,0,-2.2951062879930317,13.946806318252591,-2.289288050507267,13.801985350433863,-2.2832877699019645,13.798962719356,-2.2661812026137014,13.884143496831216,0.14831522883562884,11.865218306850307,5.52132723330247,1,6.134399998700246,20.562899997457862
1153,38.433333333333714,TRACKING,1,0,1,0,-2.2144721913543037,13.965625912509832,-2.1971660547018135,13.811409694526654,-2.204732682810662,13.815187266633423,-2.1793261262111217,13.915561749074126,0.1507535876846698,12.060287014773582,4.893532944164373,1,5.76569999975618,21.26160000625532
1154,38.466666666667045,TRACKING,1,0,1,0,-2.1348780680857904,13.98844717912384,-2.1063080436603094,13.832171753162974,-2.1093836526659038,13.840595295221897,-2.092848985105171,13.917580420069076,0.15003381215897757,12.002704972718204,6.5914083982677205,0,5.585699997027405,27.832699997816235
1155,38.50000000000038,TRACKING,1,0,1,0,-2.056518403013028,14.015201572378695,-2.016128397879945,13.847820498328884,-2.009955198329759,13.847701724946013,-2.0247142608666193,13.96195771338162,0.17385146223241157,13.908116978592926,4.961555871180291,1,6.956600002013147,20.76189999934286
1156,38.53333333333371,TRACKING,1,0,1,0,-1.9795443089836633,14.045714250352113,-1.9350193589147844,13.88110589348142,-1.929626706075059,13.874480359407052,-1.9588006671955682,14.015283182085616,0.17836146581682402,14.268917265345921,2.9462910547037025,1,7.5083999981870875,23.552500002551824
1157,38.56666666666704,TRACKING,1,0,1,0,-1.9040442896913383,14.079711040724286,-1.8602231574831276,13.927839146484985,-1.8593651404906315,13.930176058150458,-1.9050760476418982,14.061899418289666,0.15606709258089602,12.485367406471681,1.4273184215936825,1,6.60940000670962,24.22849999857135
1158,38.60000000000037,TRACKING,1,0,1,0,-1.8301271328051842,14.117024424202853,-1.7957932032880783,13.980042397714895,-1.8043345002112836,13.985826849802454,-1.832323108477096,14.099429278659368,0.13370887563909997,10.696710051127997,1.4185320995407442,1,6.378899997798726,22.919399998500012
1159,38.6333333333337,TRACKING,1,0,1,0,-1.757918361642655,14.15754513540032,-1.7281243598798919,14.031448952448551,-1.7257863692878377,14.026683819190753,-1.761694116013141,14.130052655443732,0.13474846571590407,10.779877257272325,2.2200436395416463,1,6.071800002246164,29.342399997403845
1160,38.666666666667034,TRACKING,1,0,1,0,-1.6874039200794497,14.200947303546394,-1.6605631682422985,14.07885222132839,-1.6514168211560245,14.072132841455899,-1.690282499927713,14.161395130675716,0.1337469137310771,10.69975309848617,3.172542804234957,0,6.215800007339567,20.79559999401681
1161,38.700000000000365,TRACKING,1,0,1,0,-1.6185161277858136,14.246887555414007,-1.5923322361669545,14.123860667653851,-1.5883203882279113,14.121469220339076,-1.6493794296691298,14.200030715418036,0.12900209866671306,10.320167893337045,4.488639425072167,1,6.450600005337037,19.27109999815002
1162,38.7333333333337,TRACKING,1,0,1,0,-1.5513214062555138,14.295270445646159,-1.5381909638209577,14.170232805465382,-1.5420774068511232,14.176660079580502,-1.599435187182651,14.237883980720806,0.11897004019171119,9.517603215336894,5.991002465288509,1,5.8197999896947294,21.11420000437647
1163,38.76666666666703,TRACKING,1,0,1,0,-1.4859897107319697,14.346140910837367,-1.487140161867301,14.216313599786947,-1.4832960742489154,14.220002466697968,-1.5425449621204739,14.304631405300896,0.12616720163105358,10.093376130484286,5.61229251383024,1,6.333500001346692,21.931900002527982
1164,38.80000000000036,TRACKING,1,0,1,0,-1.4224908066909085,14.399281515409907,-1.4354691930516765,14.276038256982417,-1.4287129179538014,14.26737242892753,-1.4730694412594871,14.384215108326508,0.13205575248804216,10.564460199043374,4.221995658718381,1,6.80800000554882,22.149700002046302
1165,38.83333333333369,TRACKING,1,0,1,0,-1.3610621419494424,14.454802266637097,-1.3773740142831599,14.349237830088517,-1.377097941649764,14.346087604518162,-1.3893753415576915,14.443331357371626,0.10989096701577879,8.791277361262303,2.4438907097439184,1,6.510199993499555,21.920700004557148
1166,38.86666666666702,TRACKING,1,0,1,0,-1.301683002625382,14.512509739999606,-1.3084683700240252,14.420104543525573,-1.3137856972672397,14.42625781118289,-1.3174418269130648,14.507495904733654,0.08709690259818668,6.967752207854935,1.3229762495323423,1,7.1232000045711175,18.98059999803081
1167,38.900000000000354,TRACKING,1,0,1,0,-1.244581206540364,14.572471557455517,-1.2391131989229247,14.492916373937367,-1.2362534264270846,14.495242611606207,-1.257844850224978,14.584496525864402,0.07767665027928769,6.214132022343016,1.4322549695404894,1,5.801400009659119,19.948099987232126
1168,38.933333333333685,TRACKING,1,0,1,0,-1.189763279970129,14.634528221846146,-1.174803928172205,14.572595235337454,-1.168093565312978,14.570039185002708,-1.2066472772014267,14.657805660870242,0.0680324364279034,5.442594914232271,2.3004813827050437,1,6.027900002663955,19.111800007522106
1169,38.96666666666702,TRACKING,1,0,1,0,-1.137335533686032,14.698616957894856,-1.1172454743017848,14.6536429370687,-1.111439568023496,14.647570117699676,-1.1252539930280812,14.730274371613493,0.057239679694312866,4.579174375545029,2.7107554289063285,1,5.918800001381896,21.926400004304014
1170,39.00000000000035,TRACKING,1,0,1,0,-1.0876140879961254,14.764827323452348,-1.0483498326537641,14.735025686135279,-1.0520523206054753,14.732460740526125,-1.0515352437006684,14.794340812211011,0.0480857046352317,3.8468563708185357,3.729003319411623,1,5.456399987451732,18.42800001031719
1171,39.03333333333368,TRACKING,1,0,1,0,-1.040721046706575,14.833070105835304,-0.9778593795064071,14.812023399912709,-0.9828956572780144,14.815655437685841,-0.9980651540378616,14.858634997695702,0.06039078016817323,4.831262413453858,3.9784128495257254,1,6.652299998677336,21.30379999289289
1172,39.06666666666701,TRACKING,1,0,1,0,-0.9968955277372674,14.903322212962577,-0.915849830035977,14.886443855278868,-0.9096283566107013,14.886504592470471,-0.9686714656625504,14.916472555841906,0.08887289528000006,7.109831622400005,2.490981105144136,1,5.804100001114421,20.696099993074313
1173,39.10000000000034,TRACKING,1,0,1,0,-0.956136221753789,14.97539657487093,-0.8702058916948655,14.95556709604769,-0.8630233143975985,14.948189802355492,-0.9334833105308541,14.98474280068154,0.09700629869770983,7.760503895816787,1.9604184431323157,1,6.511700004921295,19.444099991233088
1174,39.133333333333674,TRACKING,1,0,1,0,-0.9182646139965019,15.049029284957067,-0.8308061844382902,15.026647987155313,-0.8322582959266415,15.025328923890157,-0.9041111390289374,15.055848229274199,0.08921207240410846,7.1369657923286765,1.2568375685222006,1,6.400300000677817,21.47200000763405
1175,39.166666666667005,TRACKING,1,0,1,0,-0.8830023993351652,15.123946645334543,-0.7987409150365448,15.099529678967828,-0.8053726331791126,15.100394683594724,-0.8606272115876792,15.122611486779363,0.08112382815940918,6.489906252752734,1.7931990186974271,0,5.294200003845617,20.586699989507906
1176,39.20000000000034,TRACKING,1,0,1,0,-0.850184706042006,15.199966601107137,-0.7637346075477004,15.171097306366061,-0.762896929354391,15.170610923737847,-0.817143284146421,15.189374744284526,0.0920918658344851,7.367349266758808,2.77580747670466,0,5.247600012808107,22.212500000023283
1177,39.23333333333367,TRACKING,1,0,1,0,-0.8195637781461278,15.276897696533801,-0.7274920867914746,15.241940062801673,-0.7231365104487033,15.241918544888474,-0.8354433669073081,15.28703573435279,0.10257562578613677,8.206050062890942,1.5071905520796094,1,7.7735999948345125,24.95370000542607
1178,39.266666666667,TRACKING,1,0,1,0,-0.7911599665720002,15.354674673569505,-0.7177179110553475,15.325943484960186,-0.7205587067338293,15.32545969839254,-0.8260779830476911,15.370289926077685,0.07640715061646769,6.112572049317415,3.060043383212307,2,6.614300000364892,19.676800002343953
1179,39.30000000000033,TRACKING,1,0,1,0,-0.7650499746778583,15.433251406716403,-0.7100873836309898,15.410694481605649,-0.7217078122894336,15.416495435183531,-0.7765809005767454,15.455699261666325,0.04646832924169952,3.717466339335961,2.018900205856038,2,6.073800002923235,24.109000005410053
1180,39.33333333333366,TRACKING,1,0,1,0,-0.7414465182726656,15.512617088937871,-0.6869981375436354,15.498051318564048,-0.6889699035863037,15.50366460368131,-0.746351150532221,15.530698858591133,0.053234782625740426,4.258782610059233,1.498811927137203,2,6.479200004832819,22.40919999894686
1181,39.366666666666994,TRACKING,1,0,1,0,-0.7203300038881522,15.592680360723376,-0.6646997484492229,15.58175986276862,-0.6641562814795833,15.577893884068475,-0.7089594709429222,15.612353299208277,0.058087235956799446,4.6469788765439555,1.817802678997667,2,6.251999991945922,19.77550001174677
1182,39.400000000000325,TRACKING,1,0,1,0,-0.7015915273499561,15.673333346816753,-0.6376303409559311,15.666836991420555,-0.6395187580927181,15.669070602721062,-0.6816242852230308,15.6911467295961,0.06221896552087362,4.97751724166989,2.14066511413452,2,6.76799999200739,18.56130000669509
1183,39.43333333333366,TRACKING,1,0,1,0,-0.6851550146687451,15.754486755368898,-0.6128210472089285,15.75069649464893,-0.622473735007719,15.753305051841986,-0.6504929972328622,15.769871984932303,0.06269241774863434,5.015393419890747,3.033847185545496,1,6.321099994238466,22.85649999976158
1184,39.46666666666699,TRACKING,1,0,1,0,-0.6709131302225269,15.836053926437726,-0.5866762058150277,15.83376841546403,-0.588112832020383,15.839493240729011,-0.658104614159742,15.85654701379339,0.08287169761238261,6.629735808990609,1.9333282607524247,2,6.531399994855747,19.562700006645173
1185,39.50000000000032,TRACKING,1,0,1,0,-0.6583424795702101,15.917895318232638,-0.5782979896244411,15.919962199203052,-0.5737341468022886,15.91730267233651,-0.6789977705963555,15.935758471102556,0.08461040836047022,6.768832668837618,2.1846493947781216,1,6.0174999962328,21.62759999919217
1186,39.53333333333365,TRACKING,1,0,1,0,-0.6473327159211754,15.999961265940218,-0.5855210664133398,16.004059886873744,-0.5839241852384705,15.998207037600618,-0.6730843725163427,16.017140785345727,0.0634327918383464,5.074623347067711,2.476492622270063,1,5.583199992543086,20.232399998349138
1187,39.56666666666698,TRACKING,1,0,1,0,-0.6379767590320676,16.08223216443683,-0.5896202428974501,16.088193713002866,-0.5977629819024244,16.091695391834715,-0.6647749073828525,16.09761108974157,0.04131223237512926,3.3049785900103403,2.4717955883891425,1,6.967499997699633,22.617700000409968
1188,39.600000000000314,TRACKING,1,0,1,0,-0.6204541580697225,16.16315801397989,-0.5919232360807344,16.17162387396098,-0.6031941177437622,16.174264691582174,-0.6466388288040616,16.179661412503457,0.020524796696066928,1.6419837356853542,2.476124900621572,1,5.7591999939177185,22.034100009477697
1189,39.633333333333645,TRACKING,1,0,1,0,-0.5949399930707538,16.241930230231283,-0.5878002864175746,16.255353980001875,-0.5894632261967219,16.25727026179163,-0.5961086443879843,16.266422468981084,0.016288386772940176,1.303070941835214,1.9616083276797245,1,7.387100005871616,18.68829999875743
1190,39.66666666666698,TRACKING,1,0,1,0,-0.5616891931379698,16.317761747244862,-0.5634549465662861,16.341462655298784,-0.5575903350646065,16.33516729295425,-0.5553763338362643,16.35113886662554,0.01788165705260953,1.4305325642087623,2.717509790336889,1,6.173500005388632,19.722400000318885
1191,39.70000000000031,TRACKING,1,0,1,0,-0.5210339892730457,16.389894881569194,-0.5326869547540936,16.42771354602561,-0.5333052843641942,16.427282488473413,-0.5275336872108439,16.43438928686298,0.03934994070184092,3.1479952561472735,3.597330722170841,0,6.249999991268851,21.44350000889972
1192,39.73333333333364,TRACKING,1,0,1,0,-0.47338059483417594,16.457608902770158,-0.5033692733409769,16.513387657440603,-0.5111660602138203,16.521958733485423,-0.4996910405854236,16.51763970710042,0.07462333486946038,5.96986678955683,5.243471841697429,0,5.447899995488115,22.852699999930337
1193,39.76666666666697,TRACKING,1,0,1,0,-0.419205146786476,16.520227234731188,-0.4742228720765473,16.598689021541407,-0.4687426675197737,16.60472225857987,-0.4718483939600032,16.600890127337863,0.09794577589457948,7.835662071566358,7.705712672203268,0,5.180299995117821,19.51060000283178
1194,39.8000000000003,TRACKING,0,1,1,0,-0.3590489482988163,16.577124215778202,-0.44528388009000897,16.683668421867246,-0.4365072661846188,16.681291270713768,-0.44400574733458287,16.684140547575304,0.12980973131336193,10.384778505068955,10.931101455560192,0,6.777999995392747,18.512700000428595
1195,39.833333333333634,TRACKING,0,1,1,0,-0.29351306022149,16.62773135008422,-0.41651653179267606,16.768376019325828,-0.41686573087941214,16.769655010222003,-0.4161631007091625,16.767390967812744,0.18803777988837037,15.04302239106963,14.869639674064626,0,5.118000000948086,18.28729998669587
1196,39.866666666666966,TRACKING,0,1,1,0,-0.2232522954848814,16.671542987891744,-0.3878945219055997,16.85285379680674,-0.3997224061300488,16.862488106199855,-0.38832045408374216,16.850641388050185,0.26000334258777547,20.800267407022037,19.48517121054376,0,5.882999990717508,24.708400000235997
1197,39.9000000000003,TRACKING,1,0,1,0,-0.1489686764251177,16.70812137779801,-0.359395375603941,16.937137276629983,-0.36596371575653935,16.941600850969607,-0.18838511101301755,16.737416877975978,0.31874678270836065,25.49974261666885,3.9288729346106517,1,6.0935999936191365,19.656800010125153
1198,39.93333333333363,TRACKING,1,0,1,0,-0.0714044204089443,16.73710104062228,-0.2682930171692145,16.94966501346433,-0.26411766689325006,16.949598973781736,-0.13521773542012697,16.791754540950496,0.28686890205730003,22.949512164584004,6.721497105064648,0,5.642399992211722,19.56410000275355
1199,39.96666666666696,TRACKING,1,0,1,0,0.008665476156859447,16.75819242115302,-0.19390778414325627,16.981039239083636,-0.1847751896152507,16.980333252574027,-0.051218246322057646,16.78060425296632,0.2945604185201636,23.56483348161309,5.115216780178698,1,5.810400005429983,19.164900004398078
1200,40.00000000000029,TRACKING,1,0,1,0,0.09044098133339688,16.771184781287847,-0.10931707774285324,16.98794298701908,-0.11093629475399239,16.993937582917624,0.042740759687038624,16.780692166612337,0.300285893705135,24.022871496410797,3.8910782224530243,1,5.8250000001862645,19.88179999170825
1201,40.03333333333362,TRACKING,1,0,1,0,0.17310502130433214,16.775948305658996,-0.014810899448721382,16.985533497523782,-0.01563790484286586,16.990788600622434,0.11918398779920869,16.786805866120087,0.2859724541115515,22.87779632892412,4.400265063599242,1,6.889300013426691,18.203100000391714
1202,40.066666666666954,TRACKING,1,0,1,0,0.25583164430737426,16.772435398705564,0.07780586634471266,16.978280293987723,0.08185388580913827,16.979777837617906,0.20623942484791213,16.780127823438853,0.2706642706863776,21.653141654910208,4.014821842477414,1,7.168299998738803,18.919199996162206
1203,40.100000000000286,TRACKING,1,0,1,0,0.33779427327126277,16.76068116023262,0.17513245837626962,16.961572933946776,0.17853922058675642,16.954754401282642,0.29220055060355365,16.770726045395946,0.25105098027533285,20.08407842202663,3.7349696777516543,1,7.787599999574013,16.936600004555658
1204,40.13333333333362,TRACKING,1,0,1,0,0.41817396470063345,16.740803034705547,0.27357027054123173,16.939013090158458,0.2669387826884081,16.941667240476963,0.4126909245788307,16.7611244625865,0.2514329124010082,20.114632992080654,1.6838511289980793,1,6.2356999987969175,21.836400002939627
1205,40.16666666666695,TRACKING,1,0,1,0,0.49616759128871746,16.712999637783778,0.38976980499617464,16.913613462538766,0.38101491445572566,16.92330361253357,0.5368606653673542,16.740359012087822,0.2397663462151527,19.181307697212215,3.9228248109978874,1,6.719199998769909,22.44549999886658
1206,40.20000000000028,TRACKING,1,0,1,0,0.570995866499912,16.677548771818774,0.5163930555777843,16.881613392012383,0.5148421422400639,16.886187124896537,0.6371012829380887,16.736486582621048,0.21606296101658054,17.285036881326445,7.085124303611608,0,4.698099990491755,19.039500009967014
1207,40.23333333333361,TRACKING,0,1,1,0,0.6419111309432458,16.63480465014476,0.6369686188166698,16.855395308854316,0.6418216705519322,16.84914538433778,0.7373419005088231,16.732614153154273,0.21434075286227225,17.14726022898178,10.932148746546497,0,5.525000000488944,19.40910000121221
1208,40.26666666666694,TRACKING,1,0,1,0,0.7082048227378711,16.58519435789617,0.7545131717456064,16.832544190189882,0.7584963173509528,16.826446895234977,0.798799448665267,16.605989490080606,0.24643867635342764,19.71509410827421,7.436052186796081,1,5.5554999999003485,20.4000000085216
1209,40.300000000000274,TRACKING,1,0,1,0,0.769376461213447,16.529390546960318,0.8520734164440187,16.757880236189756,0.8464097060138686,16.76019340852772,0.8627878166669591,16.529758659605527,0.2433188889342186,19.465511114737488,7.472966461942971,1,5.55750000057742,21.655399992596358
1210,40.333333333333606,TRACKING,1,0,1,0,0.8254206087855656,16.468439023667905,0.9387047336652228,16.677483952686103,0.9391996802923569,16.684292538511507,0.9142074288845026,16.453536248573897,0.2440049527843328,19.520396222746623,7.202307243114178,1,6.510999999591149,17.97499999520369
1211,40.36666666666694,TRACKING,1,0,1,0,0.8764566072421285,16.403236557991423,1.0107727226159806,16.589262698128724,1.017726437972996,16.58931567016239,0.9399164351205751,16.39492321898952,0.233629195652133,18.69033565217064,5.120163347220971,1,5.958599998848513,20.768799993675202
1212,40.40000000000027,TRACKING,1,0,1,0,0.9226870075607523,16.334543146697975,1.0606056387141432,16.5050728916882,1.0620984438358463,16.498216658379505,1.0023072975303073,16.341760340122395,0.214998992998685,17.1999194398948,6.395737808640514,1,5.903600002056919,22.35810000274796
1213,40.4333333333336,TRACKING,1,0,1,0,0.9643664478335324,16.262996945350185,1.1154450043482225,16.426034445777947,1.1128633459136588,16.432967208336006,0.9813261206857489,16.228809512148587,0.22570161505600383,18.056129204480307,3.0530363558062845,1,6.350700001348741,19.836599996779114
1214,40.46666666666693,TRACKING,1,0,1,0,1.0017788138142796,16.189129838052867,1.1314341147150737,16.322411459435855,1.128854716821037,16.324517192026853,0.9783972258377873,16.151610832757083,0.18568258060749843,14.854606448599874,3.536664566226273,1,5.390499994973652,21.07869999599643
1215,40.50000000000026,TRACKING,1,0,1,0,1.0352208205036146,16.113382449600582,1.135644067573797,16.22390513800344,1.139054777899416,16.22587545430302,1.0033643892395647,16.071387820540913,0.1530887546995385,12.247100375963079,4.216828064972319,1,5.5533000122522935,19.310099989525042
1216,40.533333333333594,TRACKING,1,0,1,0,1.0649904829243322,16.03611795666814,1.144056473043536,16.12544646630444,1.148090144295284,16.12752107576396,1.0335947548264692,16.00292366610517,0.1235317121245041,9.882536969960327,3.655179486721939,1,7.106599994585849,20.042100004502572
1217,40.566666666666926,TRACKING,1,0,1,0,1.091379252797668,15.957634407479006,1.1566868761382616,16.033898079484484,1.1510432210728487,16.041919104083878,1.0623019374949347,15.930861433659413,0.10326518867516324,8.261215094013059,3.162057449050984,0,5.443600006401539,18.612100000609644
1218,40.60000000000026,TRACKING,1,0,1,0,1.1142736656017178,15.87806129310544,1.1716572473910818,15.945014724334762,1.1610040600265166,15.948577794916178,1.1227771536060713,15.833092967530478,0.08459495724167679,6.767596579334143,3.6612213160143603,1,5.330399988451973,19.605200010119006
1219,40.63333333333359,TRACKING,1,0,1,0,1.1336395443135836,15.797556650938244,1.2038911247358268,15.846506037130503,1.2035942821378582,15.849919227921118,1.1437974159067745,15.735812287045604,0.08738137566066609,6.990510052853287,5.005947712270563,1,6.003199989208952,19.43290000781417
1220,40.66666666666692,TRACKING,1,0,1,0,1.149592954423177,15.716306891710133,1.2272499173896296,15.743825319687854,1.2341392447559951,15.739981728118504,1.1638269580902885,15.660691319423156,0.08779847998686718,7.023878398949375,4.592654128464362,1,5.4832000023452565,19.028599999728613
1221,40.70000000000025,TRACKING,1,0,1,0,1.162642857982129,15.634540549699175,1.2469701970248066,15.649278742614358,1.2459653283602654,15.649825595431428,1.1931897967314888,15.579414938525238,0.08471284845259604,6.777027876207683,5.041871699601845,0,5.5816000094637275,19.612199990660883
1222,40.73333333333358,TRACKING,1,0,1,0,1.172847569111633,15.552370612742193,1.268916282301307,15.556190573996732,1.2609924265859964,15.55788302054627,1.2225526353726892,15.49813855762732,0.08831705689714936,7.065364551771949,5.885145728832162,0,5.763099994510412,23.983699997188523
1223,40.766666666666914,TRACKING,1,0,1,0,1.1801800304239434,15.469894739422449,1.2919614452748973,15.464965865122725,1.292044232343899,15.461199009805997,1.2286162835694108,15.427527121806278,0.11220167282510114,8.976133826008091,5.148101407698536,1,7.496799997170456,20.19819999986794
1224,40.800000000000246,TRACKING,1,0,1,0,1.1845579599648448,15.38720938157908,1.3056058918054136,15.38002902305412,1.3101484820775018,15.379292724500672,1.2372435243650695,15.37315215939439,0.1258397898274901,10.067183186199207,4.362292382109165,1,6.001999994623475,20.757799997227266
1225,40.83333333333358,TRACKING,1,0,1,0,1.1862197261556753,15.304424883018795,1.3153215171054933,15.306475680640569,1.3196551334508306,15.309165564945705,1.2369357379582138,15.30516332301754,0.13351959401210042,10.681567520968034,4.057710997525157,1,6.061399995815009,17.30449999740813
1226,40.86666666666691,TRACKING,1,0,1,0,1.185581302176688,15.221626168755988,1.3177315946918937,15.233904163356057,1.3124060089474778,15.238664944096847,1.2205281223515252,15.221365544022913,0.12796415948465073,10.23713275877206,2.7958233598954347,1,6.046300011803396,20.557600000756793
1227,40.90000000000024,TRACKING,1,0,1,0,1.1824904207065832,15.138882703029148,1.3078325553661092,15.155289317101822,1.3041020848457083,15.154195643161128,1.1963079979058806,15.12819203626376,0.1225719502585031,9.805756020680247,1.3976341050151702,1,5.5342999985441566,21.783500007586554
1228,40.93333333333357,TRACKING,1,0,1,0,1.1767733913245781,15.056279130202084,1.2869756372635397,15.068897683093812,1.291702637394904,15.063890249854497,1.1939484776715807,15.047955498918272,0.11518099124706682,9.214479299765346,1.5268612065821197,1,7.04500000574626,18.550699998741038
1229,40.9666666666669,TRACKING,1,0,1,0,1.1684779582331974,14.973894541482,1.2707908611997594,14.984555951891165,1.2731664870262942,14.979477692336673,1.1915889574372809,14.967718961572784,0.10483730077758144,8.386984062206515,1.9137499463430654,0,5.462799992528744,20.779500002390705
1230,41.000000000000234,TRACKING,1,0,1,0,1.1574361837029794,14.891832894630534,1.256632686281307,14.900786570640932,1.251271632407154,14.907356205835438,1.14059959578191,14.886906716728864,0.09511080182754253,7.608864146203402,1.4033968426193353,1,6.460799995693378,18.410700009553693
1231,41.033333333333566,TRACKING,1,0,1,0,1.1438286718997717,14.81015749875591,1.2225239145737135,14.817312164654794,1.2189873369503506,14.823164971262754,1.1144176965202965,14.796232200418649,0.07627594164087008,6.1020753312696066,2.6032833502990864,1,6.156299990834668,21.35800001269672
1232,41.0666666666669,TRACKING,1,0,1,0,1.1279013274667282,14.728902625867805,1.1889208455175266,14.729671510996539,1.189830450175398,14.726920761571147,1.0973668011042217,14.72290056117079,0.06196082654028954,4.956866123223163,2.4895070430071944,1,6.308000010903925,19.934700001613237
1233,41.10000000000023,TRACKING,1,0,1,0,1.1096828851565204,14.64813058226025,1.1583324367156973,14.647929311903935,1.1691829729351764,14.637430758366058,1.086318481392108,14.677833351069399,0.06045450088318079,4.836360070654463,3.023269581836134,1,6.2252000061562285,21.634799995808862
1234,41.13333333333356,TRACKING,1,0,1,0,1.089200115089341,14.567902838934604,1.1326629040942773,14.583148828429941,1.1330746756310095,14.58112197607258,1.0711792633343968,14.6071736205677,0.04582273070646469,3.6658184565171754,3.4566530753761153,0,6.249600002774969,20.586300001014024
1235,41.16666666666689,TRACKING,1,0,1,0,1.0665515217239536,14.488259409278918,1.1082637775956417,14.515274105757126,1.1021785302904403,14.52016222259159,1.0835573965584675,14.526225660597081,0.04782335451073851,3.825868360859081,3.328073093467614,1,5.891199994948693,20.16379999986384
1236,41.20000000000022,TRACKING,1,0,1,0,1.0418231592588425,14.409236989937664,1.0984589781958443,14.442187599133897,1.1023112247081064,14.442983990146368,1.0755843408217698,14.452886634344306,0.06926518667325389,5.541214933860311,4.414600384978006,0,6.920899992110208,21.391900008893572
1237,41.233333333333555,TRACKING,1,0,1,0,1.014966743511089,14.330912232664279,1.0871994854717089,14.369705985697607,1.089669508337732,14.363368808818914,1.067611285085072,14.379547608091531,0.08144895584613925,6.51591646769114,5.733744326624781,0,5.904499994358048,21.87019999837503
1238,41.266666666666886,TRACKING,1,0,1,0,0.9860944086845796,14.253307961194102,1.0765495845781483,14.297056693033886,1.0759523695339628,14.296231206843455,1.0035617325329598,14.302473459831678,0.09958342304361707,7.966673843489366,4.1740943228102,1,6.925800000317395,19.51149999513291
1239,41.30000000000022,TRACKING,1,0,1,0,0.9553760707729106,14.176415709408271,1.0420320918797668,14.22268908920769,1.0346340234099347,14.228030281524658,0.9663133864574098,14.221190725922241,0.09458269985029219,7.566615988023376,3.6873205258745347,1,6.543499999679625,21.451900000101887
1240,41.33333333333355,TRACKING,1,0,1,0,0.9226889444651861,14.100339521001558,1.0056045832313736,14.145404202179293,1.0067921970986584,14.147092784973973,0.9254723830520941,14.12173947267717,0.09622486578636484,7.6979892629091875,1.7264167971112596,1,5.980199988698587,19.17179999873042
1241,41.36666666666688,TRACKING,1,0,1,0,0.8882172090239769,14.025055165890937,0.9640088161200306,14.057596242066955,0.96714379521804,14.057052067249685,0.870291230252444,14.022553864589103,0.0851657660378298,6.813261283026384,1.447971763525803,1,6.299100001342595,22.966599994106218
1242,41.40000000000021,TRACKING,1,0,1,0,0.8520844297723348,13.950553777096479,0.9122122550928653,13.96361652325972,0.9158584358777985,13.963829370231949,0.8330978558578457,13.933372446876604,0.0651411177969664,5.211289423757312,2.048512587626071,1,5.776000005425885,22.655599997960962
1243,41.43333333333354,TRACKING,1,0,1,0,0.8145244734813492,13.876761607104195,0.8637988743054181,13.87049758985813,0.8605885707116188,13.876090451015244,0.7969396662990405,13.846009184419824,0.04606898635888863,3.685518908711091,2.8340071357394145,0,6.103899999288842,20.48300000024028
1244,41.466666666666875,TRACKING,1,0,1,0,0.7752247187382462,13.803881129979777,0.817273481614767,13.778372198770159,0.8159076758418565,13.77845820136672,0.7392696251400839,13.768533675430119,0.04797320395761381,3.8378563166091046,4.033627686372859,1,6.484900004579686,22.275199997238815
1245,41.500000000000206,TRACKING,1,0,1,0,0.7341286052702697,13.731998279962696,0.7620452493682436,13.691716436421789,0.7677934931323193,13.689242069005507,0.6824292624573787,13.70089979386305,0.05441891445242151,4.353513156193721,4.826551819243016,1,7.357099995715544,22.4988999980269
1246,41.53333333333354,TRACKING,1,0,1,0,0.6909621005105887,13.661339327694895,0.7030565372904909,13.612923966460961,0.7087703097786898,13.608995624673957,0.6235529155154972,13.638758760758709,0.055290103664947396,4.423208293195792,5.687251835387391,1,6.81980000808835,26.115599990589544
1247,41.56666666666687,TRACKING,1,0,1,0,0.6452205121990944,13.592319462674071,0.6405820534904112,13.54169702637915,0.6385625278907805,13.543216073453284,0.5740025496096871,13.58692449727588,0.04955271524364659,3.9642172194917276,5.7137609873897315,1,6.752300003427081,21.75119999446906
1248,41.6000000000002,TRACKING,1,0,1,0,0.5970180158807169,13.524995217283367,0.5807846201628171,13.480428844563766,0.5797133893562914,13.48568298008242,0.5579250460273859,13.524141586904934,0.04295232348655213,3.4361858789241704,3.128183091088044,1,6.309600008535199,23.058899998432025
1249,41.63333333333353,TRACKING,1,0,1,0,0.546622491018945,13.45929646735114,0.5392504029564776,13.419609585348269,0.5500969477048602,13.416037439097108,0.5184803484608995,13.456510412513932,0.04339833377844543,3.4718667022756344,2.2623772124924244,1,5.956399996648543,21.116900010383688
1250,41.66666666666686,TRACKING,1,0,1,0,0.49421737241273433,13.395189227411956,0.4960995481779484,13.357265318672482,0.5013543429046925,13.350876382981614,0.49210981612941007,13.397403518575056,0.04488390055811542,3.590712044649233,0.2445551565416285,1,7.577500000479631,25.664300002972595
1251,41.700000000000195,TRACKING,1,0,1,0,0.4398799895092148,13.332711363428404,0.46032074079419877,13.298327408992206,0.45791391814308646,13.297292318777295,0.4561888883956803,13.332476352174716,0.03974583381901563,3.17966670552125,1.3048473643845144,0,6.400199999916367,18.75839999411255
1252,41.733333333333526,TRACKING,1,0,1,0,0.38374749221874316,13.271841194899919,0.4236698290720467,13.237948930020838,0.4154960520091185,13.245587490196192,0.4202679606619505,13.267549185774376,0.041197427825454526,3.2957942260363624,2.941744742313356,0,6.81609999446664,20.242200000211596
1253,41.76666666666686,TRACKING,1,0,1,0,0.32570204706777084,13.212792393337343,0.38718229663799064,13.176900809529059,0.38191461221829964,13.178716327171257,0.38068562576999293,13.249016591117647,0.06573454773677201,5.258763818941761,5.267492113242484,1,5.3410999971674755,17.14419999916572
1254,41.80000000000019,TRACKING,1,0,1,0,0.2658068074035911,13.155620766333021,0.34914403590073295,13.135976732213896,0.3505715714419392,13.136353039263016,0.32066195256938085,13.186858856703749,0.08692704141359606,6.954163313087684,5.050088468877118,1,6.456299990531988,20.05190000636503
1255,41.83333333333352,TRACKING,1,0,1,0,0.2038353859409707,13.100706491406976,0.300975562812859,13.08649063002347,0.2999479883125539,13.081915122643327,0.245370855876125,13.135292959169169,0.09793236377546248,7.834589102036999,4.324012221998854,1,5.2986000082455575,21.32970000093337
1256,41.86666666666685,TRACKING,1,0,1,0,0.1396602111334791,13.04838458770328,0.23950776437577154,13.038820374759883,0.2295196423977074,13.037972012542706,0.1808861313678164,13.071399775229546,0.09046070477619092,7.236856382095273,3.777216207557827,1,6.271199992625043,18.61250000365544
1257,41.90000000000018,TRACKING,1,0,1,0,0.07334606016367165,12.998801646585346,0.17493414498459417,12.985302440321831,0.16356869286072268,12.9862099625074,0.12109038542547557,13.017183450234434,0.09109705790367631,7.287764632294104,4.09285136801116,1,6.262099996092729,22.630799998296425
1258,41.933333333333515,TRACKING,1,0,1,0,0.005149963839388538,12.951840736086506,0.11001690824220553,12.933376051386343,0.11028298028125103,12.926984013474883,0.06505714568728688,12.960674118939387,0.1080315130189156,8.642521041513247,4.84439409764828,0,5.637199996272102,22.495600002002902
1259,41.966666666666846,TRACKING,1,0,1,0,-0.06471595027240447,12.907402141215893,0.04676066619908789,12.880506776727222,0.05208743295370459,12.872618232930819,-0.022808625222021164,12.924484375649932,0.12187268196215995,9.749814556972796,3.620410254001999,1,7.859000004827976,21.763700002338737
1260,42.00000000000018,TRACKING,1,0,1,0,-0.13612415593262678,12.865486716451992,-0.030627944663919895,12.836814241843234,-0.0344808763375687,12.83515362191003,-0.09977146272926926,12.87878294985451,0.10607286604655679,8.485829283724543,3.096638823841566,1,5.758600003900938,21.837799999048002
1261,42.03333333333351,TRACKING,1,0,1,0,-0.20881735493476122,12.825841622334472,-0.1100187623733307,12.793308644432642,-0.11323273554069008,12.794564308104345,-0.16740867836098708,12.829015738544252,0.10057181439230166,8.045745151384134,3.322412144745069,0,4.913400000077672,22.762900000088848
1262,42.06666666666684,TRACKING,1,0,1,0,-0.28268363794683793,12.788427628926515,-0.1869161382536892,12.748566645830532,-0.18483778573387444,12.745221600457022,-0.2350458939927049,12.779248527233992,0.10696060812929094,8.556848650343275,3.8811219465891207,0,5.168699994101189,17.707800012431107
1263,42.10000000000017,TRACKING,1,0,1,0,-0.3576030737201069,12.75316982394427,-0.2624215649372485,12.70306597732631,-0.2562025026889706,12.700512242388015,-0.3026831096244227,12.729481315923733,0.11425802685498392,9.140642148398713,4.784874748461659,0,4.729699998279102,21.13499998813495
1264,42.1333333333335,TRACKING,1,0,1,0,-0.43344937469253,12.71995276059497,-0.33670758809683377,12.656906827037629,-0.338639109048476,12.656817306772204,-0.4244025836958077,12.718438417111212,0.11390817354739118,9.112653883791294,0.7338126781141832,1,7.33169999148231,19.506900003761984
1265,42.166666666666835,TRACKING,1,0,1,0,-0.5101549087970288,12.688771104024246,-0.43248859358357955,12.626319324199722,-0.4383442669457969,12.63053842724763,-0.5028154039625379,12.676386820741548,0.09245438295535628,7.396350636428503,1.151663294242888,0,4.856100000324659,20.358199995826
1266,42.200000000000166,TRACKING,1,0,1,0,-0.5876114448865469,12.659504746448283,-0.5221738901772758,12.591519937131984,-0.521193532910777,12.597365136792844,-0.5812282242292681,12.634335224371885,0.09095421990953184,7.276337592762547,2.077306482945725,0,5.789800008642487,19.582599998102523
1267,42.2333333333335,TRACKING,1,0,1,0,-0.6658099830553811,12.632283003355521,-0.6103180341244924,12.555746228996105,-0.6058189608572244,12.553540399813905,-0.6596410444959984,12.592283628002221,0.09899151659052388,7.91932132724191,3.2377827787335205,0,5.319300005794503,20.405699993716553
1268,42.26666666666683,TRACKING,1,0,1,0,-0.7446809095290783,12.607075630903566,-0.6969447500963806,12.518995220763006,-0.695465694932404,12.522818558934329,-0.7104432089909622,12.56483792175008,0.09757761794912734,7.806209435930188,4.349708376558378,1,5.561199999647215,23.826100004953332
1269,42.30000000000016,TRACKING,1,0,1,0,-0.8241585130337794,12.58385182393958,-0.7712682461155089,12.487263370340667,-0.7766780461631977,12.492328493199672,-0.7907845714730016,12.531709280935413,0.10310632766215246,8.248506212972197,4.952681546794589,1,6.182899989653379,21.967300010146573
1270,42.33333333333349,TRACKING,1,0,1,0,-0.904195562165676,12.562636135522531,-0.8501750315891157,12.45611619405462,-0.8500741306467207,12.452782968153349,-0.8710646113919309,12.52733601207432,0.12246161737745684,9.796929390196548,3.8729904639232036,1,7.181199995102361,19.743400000152178
1271,42.36666666666682,TRACKING,1,0,1,0,-0.9847306761376717,12.543397370326485,-0.9304628303486151,12.439403405619931,-0.9269002612239667,12.437177422340229,-0.9639580088042171,12.504836910209528,0.12094227647640093,9.675382118112076,3.503975152950957,1,5.9329999930923805,20.12339999782853
1272,42.400000000000155,TRACKING,1,0,1,0,-1.0657147594787628,12.526145909108543,-1.0181101802334518,12.422109988685287,-1.0170210568099936,12.416820307766582,-1.0410737269213315,12.493556702433136,0.11967942090591825,9.57435367247346,3.2685036353451253,1,5.783300002804026,17.66230000066571
1273,42.433333333333486,TRACKING,1,0,1,0,-1.1471363854438086,12.51109421505242,-1.1017526906923667,12.411196730053886,-1.1082856260304017,12.411795470327762,-1.1319182310648803,12.483981241533412,0.10662843059377376,8.5302744475019,2.487351112480378,1,6.679400001303293,18.068599994876422
1274,42.46666666666682,TRACKING,1,0,1,0,-1.2289061860214339,12.49806600019979,-1.1907320014506622,12.404188111356643,-1.1984936920675073,12.405460280308228,-1.2149518204553877,12.465043857678307,0.09747173510886166,7.7977388087089325,2.8679595144255603,0,5.342500007827766,18.878100003348663
1275,42.50000000000015,TRACKING,1,0,1,0,-1.3109902913974134,12.487192439909986,-1.2780764283500412,12.394561845736568,-1.2754695081171172,12.390945181319168,-1.300030444314827,12.484087406902127,0.1025926938485074,8.207415507880592,0.9112961426138465,1,5.24790000054054,18.70440000493545
1276,42.53333333333348,TRACKING,1,0,1,0,-1.3933482237669061,12.478636410189784,-1.3657733426897647,12.401709815974366,-1.3583519149414214,12.397794892167399,-1.4127803427899928,12.489361293260744,0.0880913881578237,7.047311052625896,1.7756222420110348,1,5.576399998972192,18.830499990144745
1277,42.56666666666681,TRACKING,1,0,1,0,-1.475926952080882,12.472571074354278,-1.4666130814380762,12.410777689987635,-1.4734241253653562,12.408415656857505,-1.5082153196626618,12.493601997226714,0.06420421898717525,5.1363375189740195,3.0826880716283704,1,6.6396000038366765,17.55419999244623
1278,42.60000000000014,TRACKING,1,0,1,0,-1.5586631157604107,12.469290542637445,-1.5662047834263344,12.42150403462406,-1.5763522612881105,12.424599530607939,-1.5977097616365707,12.48498671656087,0.04806446115085072,3.845156892068057,3.3666699796803665,1,5.5998000025283545,16.31769999221433
1279,42.633333333333475,TRACKING,1,0,1,0,-1.6414628218344793,12.468797244757097,-1.6631180759091422,12.426685074688717,-1.6622161307202696,12.42441021872135,-1.6732053688380182,12.472546060552538,0.048999060297183775,3.919924823774702,2.5570519402030474,1,5.909599989536218,20.45380001072772
1280,42.666666666666806,TRACKING,1,0,1,0,-1.724229132190286,12.471199855594746,-1.7513529745817826,12.42675140334903,-1.7463410601943075,12.419743082803485,-1.753334053260546,12.451485209521174,0.05600657841848945,4.480526273479156,2.812274467757101,1,6.312399986200035,23.18590000504628
1281,42.70000000000014,TRACKING,1,0,1,0,-1.8068526752737701,12.47662063017801,-1.8369441037868348,12.419011386169272,-1.836647959513521,12.421156564464736,-1.8383431948751103,12.44069538551374,0.06296047608122009,5.036838086497607,3.8218538152682267,0,5.202500004088506,18.69789999909699
1282,42.73333333333347,TRACKING,1,0,1,0,-1.8892403635956536,12.484885222226447,-1.922815223665947,12.411678983161071,-1.929699271115057,12.421160520040813,-1.9233523364896747,12.429905561506306,0.0754835138709868,6.038681109678944,5.176185336789564,0,5.507800000486895,18.619599999510683
1283,42.7666666666668,TRACKING,1,0,1,0,-1.9713020369245091,12.495926799976893,-2.008528979363278,12.403760088487946,-2.0086251414925647,12.410027657410586,-1.9819299865023927,12.478394685083458,0.09365723051758841,7.492578441407073,1.6401528999292647,1,5.5127000086940825,19.99400000204332
1284,42.80000000000013,TRACKING,1,0,1,0,-2.0529374322657223,12.509772264802415,-2.0823193826133957,12.421895593405173,-2.076485675540385,12.422921211818496,-2.056399162519959,12.505193172558558,0.08998680550913096,7.198944440730478,0.45922830665957237,1,7.162200010498054,19.601599997258745
1285,42.833333333333464,TRACKING,1,0,1,0,-2.134132339661819,12.526002535338984,-2.1565409809784386,12.444811692309958,-2.1563457726637982,12.440389253550785,-2.1370927629949463,12.527612670679341,0.08844812391610637,7.0758499132885095,0.2695969391587967,1,6.601799992495216,23.71440001297742
1286,42.866666666666795,TRACKING,1,0,1,0,-2.21486941533663,12.544375321742539,-2.2328441382822724,12.470811719794204,-2.2369985812449884,12.479719176318982,-2.211967324595716,12.536999668000064,0.06833825520769313,5.467060416615451,0.634084657047667,1,7.464199996320531,17.677900003036484
1287,42.90000000000013,TRACKING,1,0,1,0,-2.2951432486305077,12.564676709799953,-2.307477018008121,12.492531707794697,-2.3131940170332133,12.495033134220966,-2.294547070397862,12.566162106770877,0.07194482510475719,5.755586008380575,0.12804580796103962,1,6.341399988741614,18.336799999815412
1288,42.93333333333346,TRACKING,1,0,1,0,-2.374872402484624,12.58702165765081,-2.385321665430524,12.521814264554797,-2.3815217458501947,12.516266976642532,-2.3770677654801626,12.600431089319118,0.0710664382938702,5.6853150635096155,1.0870362683161998,1,6.02650000655558,21.076200006064028
1289,42.96666666666679,TRACKING,1,0,1,0,-2.454051018605672,12.611245229185716,-2.464792017446326,12.55699578751702,-2.460366447947524,12.552238272426184,-2.4595838445173945,12.623686468597509,0.05934396004475287,4.747516803580229,1.089283362717987,1,6.574200000613928,22.021999990101904
1290,43.00000000000012,TRACKING,1,0,1,0,-2.5325705700707464,12.637526680943076,-2.545406260274113,12.58986763670944,-2.548759038947033,12.595017888866835,-2.5478354373627505,12.6446109269911,0.04548696437815541,3.6389571502524327,1.3462902284697726,1,6.100500002503395,21.154100002604537
1291,43.03333333333345,TRACKING,1,0,1,0,-2.6103179901497646,12.666011296787556,-2.629683726181578,12.620452726226423,-2.6338370187625206,12.63001797190439,-2.6485486766956092,12.66715302890605,0.04299609450906809,3.439687560725447,3.0598185002350977,1,5.244599989964627,20.42010000150185
1292,43.066666666666784,TRACKING,1,0,1,0,-2.6871338503132023,12.69692016761944,-2.7222540717377903,12.650151106926781,-2.7170249564458233,12.648750122281111,-2.7259560624111674,12.706463289223732,0.05669066496107027,4.535253196885622,3.1982348352889303,1,6.160400007502176,21.377199998823926
1293,43.100000000000115,TRACKING,1,0,1,0,-2.7629448273507737,12.73021777157768,-2.8076911699379306,12.687324538742395,-2.802657622346955,12.68493781934162,-2.802726769039173,12.735818023962882,0.06022773581090814,4.818218864872651,3.2139353683877725,1,5.783999993582256,19.69939999980852
1294,43.13333333333345,TRACKING,1,0,1,0,-2.837657211770628,12.76591222889322,-2.889663354851321,12.723045208199135,-2.892209728866352,12.721226166053361,-2.8663884960129655,12.770237223932972,0.0705182340505421,5.641458724043368,2.324398969275816,1,5.909999992582016,18.604099997901358
1295,43.16666666666678,TRACKING,1,0,1,0,-2.911298202753848,12.803767732003866,-2.9626717712367707,12.760843727593041,-2.969445380704848,12.765824547630546,-2.9436014283578453,12.799796498916974,0.06943183379439911,5.554546703551929,2.603713135232137,0,4.8362000088673085,19.900500003132038
1296,43.20000000000011,TRACKING,1,0,1,0,-2.983856417797324,12.843659336364377,-3.0374960943421443,12.796943791267646,-3.0394790632197597,12.79923607538953,-3.020814360702725,12.829355773900977,0.07118500403476402,5.694800322781122,3.1703440246820134,0,5.7803999952739105,18.178099999204278
1297,43.23333333333344,TRACKING,1,0,1,0,-3.0553579892121427,12.885415293471867,-3.1126184560216394,12.832056652936801,-3.1081877725214344,12.831250179261062,-3.098027293047605,12.85891504888498,0.07566270945436937,6.05301675634955,4.018304082445033,0,6.160999997518957,24.701899994397536
1298,43.26666666666677,TRACKING,1,0,1,0,-3.125644248351347,12.929186019362211,-3.1880662380150073,12.866308198256453,-3.1907132538287053,12.865973617634443,-3.12394531444296,12.92418485401726,0.0907181525716059,7.257452205728471,0.42254869528685546,1,5.9560000081546605,21.21160000388045
1299,43.300000000000104,TRACKING,1,0,1,0,-3.194574289976724,12.975062854805326,-3.24223610578766,12.914834875741409,-3.249292416392174,12.915761422435944,-3.171915294916039,12.975124505603752,0.08068911475210032,6.455129180168026,1.8127263144443708,1,7.49020000512246,21.07339999929536
1300,43.333333333333435,TRACKING,1,0,1,0,-3.2622124547792395,13.022823857002713,-3.2933704006192492,12.965466011940078,-3.300991794250272,12.968935476102311,-3.2385506483636517,13.02077951246871,0.0663912250668441,5.311298005347528,1.899996509339882,1,6.947099987883121,22.09670000593178
1301,43.36666666666677,TRACKING,1,0,1,0,-3.328740285235688,13.072119723396447,-3.349133091263538,13.01636806623857,-3.3463911679311935,13.009711158990996,-3.3162181080715807,13.076413118047036,0.06485663089522847,5.188530471618278,1.0590204033690649,1,6.26570000895299,22.24799999385141
1302,43.4000000000001,TRACKING,1,0,1,0,-3.394293544933957,13.122704353588654,-3.412697943087753,13.072507032366648,-3.406453930054378,13.068749009696786,-3.394391677741373,13.122032438283064,0.0553087163181962,4.424697305455696,0.05432348888810863,1,5.667100005666725,17.803800001274794
1303,43.43333333333343,TRACKING,1,0,1,0,-3.458868854723322,13.174531605438993,-3.481383882830958,13.126257565750544,-3.4844215223800683,13.126387398264699,-3.464969645725381,13.167403919161464,0.05450507782599247,4.360406226079397,0.7505669857772834,0,6.060299987439066,21.343400003388524
1304,43.46666666666676,TRACKING,1,0,1,0,-3.522524431343026,13.227484435712396,-3.549740207113444,13.17874147913808,-3.550114974374889,13.179707428049928,-3.5355476137093893,13.212775400039863,0.05517137415338327,4.413709932270661,1.5716671593966198,0,5.708200013032183,20.466099987970665
1305,43.50000000000009,TRACKING,1,0,1,0,-3.5852245885844023,13.281565161952505,-3.618475401345106,13.23012222584108,-3.612972335397982,13.225478718667672,-3.584299206564111,13.286227626609646,0.06257496762742548,5.0059974101940385,0.3802728162785618,1,6.501099996967241,21.612099997582845
1306,43.533333333333424,TRACKING,1,0,1,0,-3.646872218497811,13.336842683557677,-3.67770524204944,13.293163216588457,-3.6699573808071606,13.287479602241456,-3.6360791541828203,13.355244990233919,0.054494389765193725,4.359551181215498,1.7067116983279458,1,5.983299997751601,21.74860000377521
1307,43.566666666666755,TRACKING,1,0,1,0,-3.7074478074502557,13.393292950977907,-3.7330290886002127,13.360506316465699,-3.7395833103536593,13.364149458172042,-3.6892153350323094,13.39749081264145,0.0433824125629288,3.470593005034304,1.4967593645310895,1,7.5087000004714355,20.11369999672752
1308,43.60000000000009,TRACKING,1,0,1,0,-3.7669098835393817,13.450914962188223,-3.7858768065425865,13.418607788085804,-3.7934652941987386,13.425653978677484,-3.7395720529316816,13.457079795367964,0.03665115445953792,2.9320923567630337,2.2419450847430973,1,6.181299992022105,21.284800008288585
1309,43.63333333333342,TRACKING,1,0,1,0,-3.8254324785881373,13.509490900401028,-3.8356394828943463,13.480281547283873,-3.832354269432463,13.478987264002482,-3.8088447215936996,13.528024288411393,0.03127911478970082,2.5023291831760655,1.9897982261513902,1,6.321399996522814,27.14130000094883
1310,43.66666666666675,TRACKING,1,0,1,0,-3.8830656184926604,13.568942190155722,-3.8931541576321096,13.548633227209152,-3.8874090703762434,13.54079895980674,-3.8776726083866713,13.593779773765542,0.028476428651446006,2.2781142921156805,2.0333068515351482,1,6.442699988838285,21.95390000997577
1311,43.70000000000008,TRACKING,1,0,1,0,-3.940082602498071,13.62898466015553,-3.9544790792654063,13.617901476567248,-3.9544762639901676,13.618821023107293,-3.940716216383956,13.654801656145505,0.01762035780559974,1.409628624447979,2.0659816045691115,0,5.175099999178201,21.077199999126606
1312,43.73333333333341,TRACKING,1,0,1,0,-3.996713818981376,13.689391116667826,-4.015603076306539,13.685533322908404,-4.027154248607745,13.686422581432547,-4.003759824381241,13.715823538525468,0.03058483214407193,2.4467865715257546,2.1884337666636804,0,5.329500010702759,22.509699992951937
1313,43.766666666666744,TRACKING,1,0,1,0,-4.052866787519462,13.750242400903343,-4.0770504751522365,13.752162156637773,-4.080835278558844,13.75691312508798,-4.076739306443417,13.788839839484435,0.028753000750660767,2.3002400600528614,3.630677666592451,1,7.064000004902482,20.610699997632764
1314,43.800000000000075,TRACKING,1,0,1,0,-4.108550983698403,13.811522944019867,-4.143185464157277,13.823284381076743,-4.139909437853628,13.815397318113723,-4.16292968019465,13.866610833290071,0.031596889429570715,2.527751154365657,6.192495162050152,1,5.9452999994391575,18.716699996730313
1315,43.83333333333341,TRACKING,1,0,1,0,-4.163788261899721,13.873206635265293,-4.218042189178626,13.898866172758261,-4.214737909411329,13.897820335837725,-4.234084469133869,13.925624543958916,0.05658357391881914,4.526685913505531,7.015043904441638,1,5.941800001892261,19.32910000323318
1316,43.86666666666674,TRACKING,1,0,1,0,-4.218503305942213,13.935354029612755,-4.291330290363468,13.968462655746178,-4.299849827977943,13.97529531122029,-4.268411001819661,13.978024458455701,0.090623190319928,7.24985522559424,5.252987633223169,1,7.021600002190098,20.479799990425818
1317,43.90000000000007,TRACKING,1,0,1,0,-4.272590815407027,13.99804833548374,-4.346401694895141,14.031697224757995,-4.350058967410143,14.037705073284213,-4.312541644937706,14.03311643618473,0.0870285667338797,6.962285338710376,4.252690793905804,1,6.178900002851151,18.377500004135072
1318,43.9333333333334,TRACKING,1,0,1,0,-4.326196214397489,14.061155354648207,-4.396353056635325,14.092188840352284,-4.386165209650668,14.089230459731393,-4.368413536348445,14.092824152760528,0.06621549604969929,5.297239683975943,4.222010930608044,0,4.914199991617352,18.666900010430254
1319,43.96666666666673,TRACKING,1,0,1,0,-4.379568283810167,14.124459832178308,-4.4481187159190965,14.15291809367471,-4.443033405669764,14.145074028026313,-4.424285427759184,14.152531869336325,0.06672905486452946,5.338324389162357,4.223865326003211,0,4.913099997793324,20.26340000156779
1320,44.000000000000064,TRACKING,1,0,1,0,-4.432828822378943,14.18785817364017,-4.500464791631205,14.213464994417215,-4.508747954874902,14.219337994717703,-4.426300542433336,14.15797313580362,0.08218694430390099,6.574955544312079,2.4471814651671404,1,6.3322999922093,24.02920000895392
1321,44.033333333333395,TRACKING,1,0,1,0,-4.485653114160168,14.251620457684602,-4.5292375807865835,14.249576369443645,-4.532426751234912,14.254690458050675,-4.454392718469951,14.226837386429153,0.046874278953894906,3.7499423163115924,3.191401407092797,1,7.63839999854099,19.86290000786539
1322,44.06666666666673,TRACKING,1,0,1,0,-4.537970176366169,14.315799579452388,-4.556690799467997,14.300673494603878,-4.5506293493707055,14.29596486958935,-4.5018170636455475,14.275695378369154,0.023530201369935454,1.8824161095948364,4.31955146109558,1,6.217100002686493,21.888399991439655
1323,44.10000000000006,TRACKING,1,0,1,0,-4.590012725163752,14.380201503207834,-4.590437208722846,14.348737772076454,-4.582147578982491,14.3412868360841,-4.566328310518708,14.347529111337344,0.0397015345018758,3.176122760150064,3.228311447297198,1,6.849600002169609,26.381800009403378
1324,44.13333333333339,TRACKING,1,0,1,0,-4.641965066729006,14.444676218210214,-4.636096113294347,14.407674432050321,-4.632666847372639,14.406290661491546,-4.63278344583885,14.415039726042659,0.03949566872204039,3.159653497763231,2.482094380372294,1,5.905199999688193,22.059499999159016
1325,44.16666666666672,TRACKING,1,0,1,0,-4.6938840794108785,14.509177774709965,-4.68997299357495,14.470264503910967,-4.690452708983335,14.473033628204767,-4.690346644495365,14.496157854005263,0.03630666095360741,2.904532876288593,1.0793532313402088,1,6.34060001175385,18.626399993081577
1326,44.20000000000005,TRACKING,1,0,1,0,-4.74581569147295,14.573669187606454,-4.744844967621054,14.542534309988875,-4.742653230141064,14.536373389593889,-4.74485923494875,14.56227059996554,0.03742963680119947,2.9943709440959574,0.915091634459487,0,5.292900008498691,22.043699995265342
1327,44.233333333333384,TRACKING,1,0,1,0,-4.797502829096531,14.638356701649212,-4.799454767229566,14.612554648175074,-4.792996652134155,14.602106993295653,-4.799371825402135,14.628383345925817,0.03652871454806897,2.9222971638455175,0.8117574872365729,0,5.906099991989322,22.193400000105612
1328,44.266666666666715,TRACKING,1,0,1,0,-4.848888068212048,14.703284291083843,-4.85406142795531,14.682044988105844,-4.848056937641356,14.677144332553299,-4.833522540336763,14.731318420013935,0.026153168259392966,2.0922534607514374,2.557513582218659,1,6.0418999928515404,20.6157000066014
1329,44.30000000000005,TRACKING,1,0,1,0,-4.8998496171915935,14.76854496219866,-4.899546444051369,14.767473109090915,-4.9040241781581315,14.77230879115363,-4.883352157783903,14.805899834220954,0.0056207977783951065,0.4496638222716085,3.2668542723154865,0,5.982600006973371,19.432599990977906
1330,44.33333333333338,TRACKING,1,0,1,0,-4.950509923385396,14.834039756229187,-4.946986590904014,14.848900221746835,-4.947900448152068,14.849144409208089,-4.893642650568472,14.855929079153702,0.01532840182818831,1.2262721462550648,4.874770427893037,1,5.756700003985316,18.946199998026714
1331,44.36666666666671,TRACKING,1,0,1,0,-5.000820865815646,14.899803300389543,-4.977275433673892,14.918571897394553,-4.968064437912359,14.910578960563118,-4.935918174756736,14.91883806701423,0.03448330641280813,2.7586645130246503,5.410911433550286,1,7.174400001531467,21.096700002090074
1332,44.40000000000004,TRACKING,1,0,1,0,-5.050806707747373,14.965814286407987,-5.012309303130965,14.98686145344521,-5.014711650604627,14.9838079823329,-4.991498321833383,14.970587197923182,0.040331454761467926,3.226516380917434,4.760010301874348,1,6.963200008613057,18.032299994956702
1333,44.43333333333337,TRACKING,1,0,1,0,-5.1004233825504866,15.032103201395586,-5.054956372600393,15.047713748570606,-5.065939585601551,15.054415261134674,-5.036558400689207,15.034000299086813,0.04107262180353244,3.285809744282595,5.1114521695763475,0,4.6719999954802915,22.05520001007244
1334,44.466666666666704,TRACKING,1,0,1,0,-5.1496409364085265,15.098688988625158,-5.097088725793722,15.109940287678326,-5.102979105419144,15.116275828636509,-5.115918565496423,15.118952187955806,0.04986605471527244,3.989284377221795,3.1473626262477676,1,8.41549999313429,20.780499995453283
1335,44.500000000000036,TRACKING,1,0,1,0,-5.1987336929240655,15.165366840468607,-5.156044676733003,15.182536142211642,-5.149506458904659,15.17696130931431,-5.197107105749344,15.20667757909047,0.05057422542180345,4.045938033744276,3.3074199359098113,1,6.155499999294989,19.97180000762455
1336,44.53333333333337,TRACKING,1,0,1,0,-5.2475361128515186,15.232257486137307,-5.2250951953509075,15.26218004702074,-5.222241331402285,15.2567854888403,-5.249659239354909,15.27636879324584,0.0352342005040921,2.8187360403273685,3.532989742162509,1,6.087799993110821,21.565700008068234
1337,44.5666666666667,TRACKING,1,0,1,0,-5.2959227936970334,15.299449478111836,-5.287171323693162,15.337785043175398,-5.294010791486046,15.338404986670126,-5.282422040508388,15.340977775651522,0.03900240248356304,3.1201921986850434,3.493417657898202,1,5.800799990538508,19.49330000206828
1338,44.60000000000003,TRACKING,1,0,1,0,-5.344022126969896,15.366847466267693,-5.336446737624874,15.409230900895578,-5.346431601520642,15.41462179846428,-5.330277935284504,15.391843852991263,0.04783505392952488,3.8268043143619908,2.282065246140458,1,5.7120999990729615,18.786599990562536
1339,44.63333333333336,TRACKING,1,0,1,0,-5.391733928030287,15.434520346421596,-5.385846894434773,15.471173474748348,-5.382314348507167,15.471001359502772,-5.395165671170675,15.45517266236496,0.03767748391043739,3.0141987128349914,1.674839722110517,1,5.524499996681698,18.9031000045361
1340,44.66666666666669,TRACKING,1,0,1,0,-5.43903789377756,15.502478933026467,-5.442822588846221,15.533991584896052,-5.433477599043587,15.529684117684164,-5.4556130194931525,15.523534891366282,0.027767588116148476,2.221407049291878,2.1437733821961147,1,5.742900000768714,18.229399996926077
1341,44.700000000000024,TRACKING,1,0,1,0,-5.485708691242947,15.570873898723482,-5.501465813611105,15.599062810761236,-5.499280107720183,15.599860864166653,-5.493902273310787,15.587638150926338,0.03200667915923395,2.5605343327387162,1.4927557100040505,1,5.851399997482076,20.525200001429766
1342,44.733333333333356,TRACKING,1,0,1,0,-5.53196922955824,15.639547017653163,-5.550369770848916,15.663222724350607,-5.552920210785642,15.667059976583555,-5.545017631129141,15.652782230468302,0.03458188143372776,2.766550514698221,1.4868633116840602,0,6.003500006045215,17.35539999208413
1343,44.76666666666669,TRACKING,1,0,1,0,-5.57794254032869,15.708412751988567,-5.600767590015585,15.72763847193725,-5.599552479947114,15.729004807442735,-5.583682542457797,15.719609195971037,0.02984999561372586,2.387999649098069,1.0065640002932703,1,6.053099990822375,21.88169999863021
1344,44.80000000000002,TRACKING,1,0,1,0,-5.623603229276598,15.777486163324285,-5.6452767022401895,15.792959098526989,-5.641487835817553,15.785882635706626,-5.631571385087771,15.78518939297411,0.01975752766902207,1.5806022135217657,0.8866340993002331,0,6.1516999994637445,19.78180000151042
1345,44.83333333333335,TRACKING,1,0,1,0,-5.668791169917319,15.84686976866014,-5.691097120712773,15.858211087974059,-5.692587870140381,15.85291656593721,-5.697693173606194,15.863200743201991,0.02455293666379344,1.9642349331034754,2.6557428149196958,1,5.718800006434321,19.736799993552268
1346,44.86666666666668,TRACKING,1,0,1,0,-5.7134431094334905,15.916599525336864,-5.7455049893105485,15.929186036567572,-5.7538914411764,15.934277551030156,-5.7499361582312,15.931749577672315,0.04414272457831708,3.531417966265366,3.161029398224728,0,4.956000004312955,22.94619999884162
1347,44.90000000000001,TRACKING,1,0,1,0,-5.757487951884235,15.98671433491544,-5.798431192972443,15.998998783251523,-5.801024694320474,16.001691463048605,-5.806444742431955,16.017344958383102,0.046040876502046066,3.6832701201636855,4.61995839617702,1,6.42130000051111,21.87460000277497
1348,44.933333333333344,TRACKING,1,0,1,0,-5.800753354028917,16.057312774317527,-5.85323960003257,16.076332206327553,-5.845062633865578,16.07088166830413,-5.859681051834546,16.089863400514016,0.046340340564816854,3.7072272451853485,5.385620460124586,0,4.639899998437613,17.85540000128094
1349,44.966666666666676,TRACKING,1,0,1,0,-5.850850692790748,16.123239182666026,-5.907531845490955,16.151840769160906,-5.899960642613889,16.144920942704623,-5.912917361237136,16.16238184264493,0.05368319932718953,4.294655946175163,5.870288122268884,0,6.24049999169074,20.887800012133084
1350,45.00000000000001,TRACKING,0,1,1,0,-5.907279412120799,16.183834845081098,-5.961676901639987,16.22694807770792,-5.96578771984683,16.22733066964615,-6.002396192215464,16.222990133438316,0.07290479289839452,5.832383431871562,8.2288617776852,1,6.372700008796528,19.02449999761302
1351,45.03333333333334,TRACKING,1,0,1,0,-5.969475694908379,16.23849430973415,-6.031238969985988,16.296535456813874,-6.038076689891171,16.299002830208774,-6.0607573384360816,16.277622802327105,0.0914733707843821,7.317869662750567,7.945163007602746,1,5.931300009251572,20.554000002448447
1352,45.06666666666667,TRACKING,1,0,1,0,-6.036818096455232,16.28667143732239,-6.096035990504087,16.36007126706123,-6.095220148369078,16.36083431288703,-6.128006966189706,16.32499923036654,0.09439773185709359,7.551818548567487,7.91330209026241,1,5.659100002958439,19.377600008738227
1353,45.1,TRACKING,0,1,1,0,-6.10863375374554,16.327884857912192,-6.163722193325826,16.41592029596493,-6.1540845405509215,16.407173877689186,-6.190121302535691,16.386552231312226,0.09139213685227364,7.311370948181891,8.032765425475365,0,5.709199991542846,19.990800006780773
1354,45.13333333333333,TRACKING,1,0,1,0,-6.184205108470758,16.361722780628373,-6.230093194221159,16.473796838996652,-6.231052922524307,16.476409612297243,-6.258595171802913,16.410577613816073,0.12388618583134887,9.91089486650791,7.119854492158132,1,6.315499995253049,23.368699999991804
1355,45.166666666666664,TRACKING,1,0,1,0,-6.262777076635041,16.38784710813248,-6.298855282341785,16.514334874560962,-6.30134859985465,16.522651479221647,-6.3149367849132325,16.428351004471097,0.14021405374721457,11.217124299777165,5.283151051424024,1,40.215799992438406,33.639000001130626
1356,45.199999999999996,TRACKING,1,0,1,0,-6.343564593104931,16.405996814779648,-6.3628916656064956,16.54267070380773,-6.355452604693323,16.543055719158566,-6.376753766561642,16.471305580660736,0.1375735006790012,11.005880054320096,5.860651778442619,0,39.877399991382845,62.30879999930039
1357,45.23333333333333,TRACKING,1,0,1,0,-6.4257604557206625,16.415990554700553,-6.427075903438721,16.57527251318028,-6.419529373261734,16.56957859955132,-6.438570748210051,16.514260156850376,0.1537143907046161,12.297151256369286,7.928084076384971,0,39.86830000940245,96.31259999878239
1358,45.26666666666666,TRACKING,0,1,1,0,-6.50854339059332,16.417728473749396,-6.49086459187014,16.609352588929205,-6.4887575757302285,16.603603708762332,-6.5190580543610785,16.52696194639434,0.1869253365943496,14.954026927547966,8.77906954531214,1,43.80250000394881,72.54480000119656
1359,45.29999999999999,TRACKING,0,1,1,0,-6.591086258002055,16.411193207213522,-6.562595582163123,16.631447559592157,-6.572329468774868,16.63375433925428,-6.5667573687801895,16.533199554200408,0.2233501167167313,17.868009337338503,9.952669931102275,1,10.676599995349534,67.42279999889433
1360,45.33333333333332,TRACKING,0,1,1,0,-6.672564316900764,16.396450053315885,-6.623982935571242,16.644085263554764,-6.627082610082557,16.641976368159746,-6.646559106575226,16.524210703872,0.24970333785495172,19.976267028396137,10.430433868513026,1,82.43419999780599,54.937799999606796
1361,45.36666666666665,TRACKING,0,1,1,0,-6.752163465457997,16.373646320776793,-6.6952389073131755,16.64293907710968,-6.693831732856276,16.63665153038259,-6.726723900964073,16.497090382704222,0.26939623476973096,21.551698781578477,10.083049655110049,1,50.276099995244294,80.73380000132602
1362,45.399999999999984,TRACKING,0,1,1,0,-6.82908837529335,16.343009856953863,-6.7713340994339735,16.62433796280464,-6.768165320724488,16.619626061747514,-6.801379142748335,16.46194348809325,0.28324572959259897,22.659658367407918,9.769506905627114,1,44.93259999435395,90.85700000287034
1363,45.433333333333316,TRACKING,0,1,1,0,-6.902570438135743,16.304846771266543,-6.847968363215208,16.59145701773544,-6.850730398288223,16.593049340281997,-6.855644836927334,16.400227851408495,0.292827783037231,23.42622264297848,8.503952021620417,1,7.918200004496612,131.42710000101943
1364,45.46666666666665,TRACKING,0,1,1,0,-6.971875445503194,16.259538376651985,-6.914864875442882,16.536787238296853,-6.914110565048066,16.540536638008966,-6.922137137702348,16.378539183411235,0.2868741959459605,22.949935675676837,10.318167673689011,0,5.571000001509674,97.82759999507107
1365,45.49999999999998,TRACKING,1,0,1,0,-7.0363109246712785,16.207537379612216,-6.982796277148291,16.49061718533195,-6.976457245097656,16.48582337881444,-7.003062698845606,16.263530829857807,0.28464989076141034,22.771991260912827,5.2096593307188925,1,8.214400004362687,66.1472999927355
1366,45.53333333333331,TRACKING,1,0,1,0,-7.095233057631686,16.149363356920407,-7.057335981099896,16.403437042815167,-7.050038300488425,16.396007372363698,-7.068228857086981,16.181210786767444,0.2507505462152151,20.060043697217207,3.3404053741262922,1,53.44889999832958,70.37919999856967
1367,45.56666666666664,TRACKING,1,0,1,0,-7.1480531139089445,16.085597564181523,-7.127879866861636,16.311198404653098,-7.129057311151063,16.30876995360477,-7.132195061696132,16.09551773009909,0.2239793649497603,17.918349195980824,1.496422425528498,1,47.34879999887198,69.66900000406895
1368,45.59999999999997,TRACKING,1,0,1,0,-7.19424333296072,16.01687712811844,-7.196134715166234,16.211882699192522,-7.2041269412926585,16.214055909470495,-7.181817335961009,16.017585355956836,0.1974263344367726,15.79410675494181,0.9956930871963198,1,7.985199990798719,61.905000009573996
1369,45.633333333333304,TRACKING,1,0,1,0,-7.233342197386703,15.94388868061235,-7.255673607389698,16.11277020792842,-7.254424259365806,16.108824370658752,-7.230669656377154,15.94801173691131,0.16627758474422696,13.302206779538157,0.3930766332784588,1,46.72129999380559,62.085300000035204
1370,45.666666666666636,TRACKING,1,0,1,0,-7.2650855165247625,15.867413871957146,-7.309910813118697,16.0183267901142,-7.301880273695794,16.00848734292672,-7.266760840304924,15.88617202803546,0.14579292975545366,11.663434380436293,1.506625642637038,1,39.82400000677444,75.7924999925308
1371,45.69999999999997,TRACKING,1,0,1,0,-7.28927880256645,15.788225996753576,-7.3542508012798535,15.931201100659715,-7.357178842758504,15.928489651212054,-7.318978633237827,15.819840047018403,0.1558342331457686,12.466738651661489,3.4701267905877358,0,6.047599992598407,72.02439999673516
1372,45.7333333333333,TRACKING,1,0,1,0,-7.306141341247035,15.707160039299188,-7.401185352582704,15.846888662001064,-7.409194115022225,15.856533707544074,-7.37119642617073,15.753508066001345,0.18147277191825123,14.517821753460098,6.390144238053099,0,46.107599991955794,52.65009999857284
1373,45.76666666666663,TRACKING,1,0,1,0,-7.31579271053816,15.624923272950083,-7.448854055485472,15.765380425633996,-7.4517732775115135,15.768471423730562,-7.360145995684241,15.659751905059629,0.1977290726901074,15.81832581520859,4.511494665227785,1,49.58950000582263,56.49620000622235
1374,45.79999999999996,TRACKING,1,0,1,0,-7.317947093394562,15.542150129339012,-7.468952427968836,15.67396069749354,-7.464429905191823,15.672430670378953,-7.3978293814356935,15.587119854653864,0.1960363066518331,15.682904532146647,7.333629338909166,0,43.38459999416955,63.49460000637919
1375,45.83333333333329,TRACKING,0,1,1,0,-7.312403530267316,15.459534733820954,-7.49575733052612,15.58717578417831,-7.494209719494341,15.58291493134876,-7.435512767187146,15.514487804248098,0.21971837334017705,17.577469867214162,10.785389870183756,0,27.449400004115887,55.47089999890886
1376,45.866666666666625,TRACKING,0,1,1,0,-7.299347122245514,15.377769430187206,-7.524006517910213,15.502477558395658,-7.529518606961884,15.510955235506003,-7.473196152938598,15.441855753842333,0.26592737940075784,21.27419035206063,14.822802402256794,0,6.914300000062212,68.05359999998473
1377,45.899999999999956,TRACKING,1,0,1,0,-7.279041118530201,15.297496764342196,-7.553727629466986,15.419652348685549,-7.5575251736753195,15.422039471800138,-7.312629029491439,15.294576201838073,0.3050643455912606,24.40514764730085,2.6971717905456774,1,51.625699998112395,48.64820001239423
1378,45.93333333333329,TRACKING,1,0,1,0,-7.25192056791182,15.219263073371446,-7.504769717219775,15.308316225402228,-7.4981369692801305,15.306636335128054,-7.313468162608112,15.208071140873255,0.2612596470424583,20.900771763396662,5.004552018116703,0,55.99330000404734,97.44420000060927
1379,45.96666666666662,TRACKING,1,0,1,0,-7.21822995411552,15.143625931630238,-7.47600929791015,15.20552719102233,-7.474243122864934,15.198386738173884,-7.236818178119395,15.116262280670181,0.26180429428568674,20.944343542854938,2.6464061251223687,1,5.66709999111481,91.00840000610333
1380,45.99999999999995,TRACKING,1,0,1,0,-7.178299148183708,15.071089282918107,-7.41787646168003,15.102705346075613,-7.4222677549551035,15.109957900909281,-7.221283702994677,15.02863651613302,0.24704544228647413,19.76363538291793,4.833158377711223,0,7.973999992827885,46.50240000046324
1381,46.03333333333328,TRACKING,1,0,1,0,-7.1324126848275515,15.00216565018292,-7.371258530415766,15.002585827158823,-7.372656490570566,15.011223035798512,-7.205749227869959,14.941010751595858,0.2404144804958233,19.233158439665864,7.639128815923387,0,39.663500007009134,143.19639999303035
1382,46.06666666666661,TRACKING,1,0,1,0,-7.081008841764391,14.937252788690849,-7.32915348031394,14.904379275961828,-7.322641265581201,14.90514778768668,-7.069977225474466,14.873145543702297,0.24375594214103632,19.500475371282906,5.203958750330208,1,6.3882999966153875,72.24570000835229
1383,46.099999999999945,TRACKING,1,0,1,0,-7.024444961362759,14.876783274862303,-7.239482351538242,14.816307530773557,-7.23371112156251,14.810424844336255,-7.028869337621391,14.789722667250572,0.21953534363885024,17.56282749110802,6.973836592522866,0,52.63589999231044,33.96929999871645
1384,46.133333333333276,TRACKING,1,0,1,0,-6.963091755757831,14.821179148839585,-7.164899598680507,14.72771120394441,-7.16632868064652,14.726559856207478,-6.96046231451042,14.773258343024722,0.2241830907459587,17.934647259676698,3.8394312839018574,1,40.62020000128541,64.63379999331664
1385,46.16666666666661,TRACKING,1,0,1,0,-6.897475394902191,14.770676397856956,-7.083015157194225,14.669493402882416,-7.0882153554079546,14.677654929522484,-6.8807472926286275,14.722534322374536,0.21221386878533977,16.977109502827183,4.077245217000234,1,46.394400007557124,63.28219998977147
1386,46.19999999999994,TRACKING,1,0,1,0,-6.828265456660831,14.72522291485094,-6.993260474795519,14.613643969962968,-6.987464064512565,14.612925184448304,-6.8311824092653,14.69994021769001,0.19482037109992728,15.585629687994182,2.0360328299562087,2,41.995400009909645,46.842199997627176
1387,46.23333333333327,TRACKING,1,0,1,0,-6.755833264455563,14.68510294225511,-6.913501500868628,14.575780912337585,-6.90743079664348,14.568178679421912,-6.76292038006754,14.665650090558932,0.19144998042453062,15.315998433962449,1.656291079366946,1,81.11040000221692,113.05980000179261
1388,46.2666666666666,TRACKING,1,0,1,0,-6.680648894117097,14.650413676976651,-6.8300085552149135,14.542375819151543,-6.833928586003427,14.538529948085262,-6.675763037793754,14.650632308853607,0.18976994687096801,15.181595749677442,0.3912596429787509,1,49.4240000116406,58.63369999860879
1389,46.29999999999993,TRACKING,1,0,1,0,-6.603120376709159,14.621338538846663,-6.736578823672955,14.522280997877731,-6.747639157554092,14.527379198980427,-6.5883406233358945,14.6333221237885,0.17237759589054716,13.790207671243772,1.5222034930091861,1,41.31719999713823,60.29120000312105
1390,46.333333333333265,TRACKING,1,0,1,0,-6.5237022464356915,14.59791215942906,-6.638424636708907,14.50800513375327,-6.644596920075392,14.511203198033721,-6.513379418912585,14.60074921920305,0.1487748839714147,11.901990717713176,0.8564472709345436,1,7.060600008117035,57.584599999245256
1391,46.366666666666596,TRACKING,1,0,1,0,-6.442831063425867,14.58013896536208,-6.544181629658626,14.489575865910101,-6.542225785225943,14.486803602443059,-6.451593361080664,14.569558078750562,0.13634808650267083,10.907846920213666,1.099041099656018,1,10.818599999765866,58.98519999755081
1392,46.39999999999993,TRACKING,1,0,1,0,-6.360930570419501,14.567959313722355,-6.459012867429861,14.46966547064404,-6.455853864417558,14.468414688426432,-6.385145795628629,14.540332383318088,0.13754840663834478,11.003872531067582,2.9389787782736057,1,71.634299994912,86.28989999124315
1393,46.43333333333326,TRACKING,1,0,1,0,-6.278408763915467,14.561163276637277,-6.377215658438972,14.44920711244765,-6.383629906989993,14.457310945174061,-6.316254201614313,14.509127363294155,0.14784044000291552,11.827235200233241,5.147434891793086,0,7.287400003406219,90.9006000001682
1394,46.46666666666659,TRACKING,1,0,1,0,-6.19561746670823,14.55988430224585,-6.297244738711491,14.426919364891862,-6.30327715144112,14.431560537217969,-6.247362607599996,14.477922343270222,0.16750401901959266,13.400321521567413,7.754357670381188,0,10.010199999669567,123.94510000012815
1395,46.49999999999992,TRACKING,0,1,1,0,-6.11292876015967,14.564198520376292,-6.2190013465113045,14.403265209714007,-6.214004767883164,14.39849488169591,-6.178471013585679,14.44671732324629,0.19409805565548194,15.527844452438556,10.762191200905612,0,56.795800002873875,38.760900002671406
1396,46.53333333333325,TRACKING,1,0,1,0,-6.030709176844473,14.573995192680005,-6.142207694114107,14.378445037505983,-6.1327980885410796,14.37078105894615,-6.071912204843159,14.515996425525417,0.22741620443714788,18.19329635497183,5.691563726196931,1,38.943099993048236,74.8230000026524
1397,46.566666666666585,TRACKING,1,0,1,0,-5.949329680559802,14.589273028037283,-6.050823212620751,14.394834932307726,-6.054832184040715,14.392644346273896,-5.988058826640346,14.527311502503622,0.22314483353362155,17.851586682689724,5.84557399889478,1,18.798299992340617,64.9190000112867
1398,46.599999999999916,TRACKING,1,0,1,0,-5.8691915334136775,14.61010358349644,-5.960918461548253,14.410347802121555,-5.970293386364956,14.415738544827565,-5.915288424383969,14.546210275257408,0.2190875462616137,17.527003700929093,6.3029025414542605,1,23.609200012288056,63.813399989157915
1399,46.63333333333325,TRACKING,1,0,1,0,-5.79060536097008,14.636185151114512,-5.875665326365464,14.433147081751114,-5.874228718244977,14.43337223105422,-5.858334330527815,14.57795597293637,0.2193762667776706,17.55010134221365,7.145505108485191,1,23.297099993214943,48.784700004034676
1400,46.66666666666658,TRACKING,1,0,1,0,-5.713823286097607,14.66717785424007,-5.801131577145525,14.466458486890062,-5.801081812303803,14.461341467983745,-5.7942219616876995,14.616177531476284,0.2235680395377215,17.88544316301772,7.616815065062854,1,29.915500010247342,55.10359999607317
1401,46.69999999999991,TRACKING,0,1,1,0,-5.639084109378126,14.70281617816313,-5.729512368015736,14.50889208841287,-5.732661574952962,14.508958456803823,-5.724960618099634,14.633502957780106,0.2152616040868243,17.22092832694594,8.828715791574155,0,23.347499998635612,68.25799999933224
1402,46.73333333333324,TRACKING,1,0,1,0,-5.566579554991519,14.742805229939217,-5.657880431984376,14.545709305895608,-5.669134385646641,14.558481534732245,-5.6364794215838785,14.689313401489708,0.2109329701716957,16.874637613735658,7.0415303157203315,1,24.49160000833217,43.01829999894835
1403,46.76666666666657,TRACKING,1,0,1,0,-5.496382747477189,14.786719269648028,-5.577423745092978,14.59807739338539,-5.584621247853546,14.607100647941339,-5.56688698230162,14.726414586050002,0.20012216821851367,16.009773457481092,7.422129933451311,1,38.51399999985006,63.29619999451097
1404,46.799999999999905,TRACKING,1,0,1,0,-5.428794045694185,14.834550243504298,-5.501388267824717,14.648785634373228,-5.492890622050336,14.64407023099506,-5.49065515204761,14.777569191516028,0.20097513842786371,16.0780110742291,6.728393217978729,1,35.59949999907985,67.94330000411719
1405,46.833333333333236,TRACKING,1,0,1,0,-5.364109994524647,14.886241714687147,-5.423909949467514,14.70614183549504,-5.421905447909567,14.70326758474384,-5.416729070753004,14.81323780159736,0.19188498289464667,15.350798631571733,7.199261521927053,0,29.339200002141297,51.37859999376815
1406,46.86666666666657,TRACKING,1,0,1,0,-5.302285087379779,14.94132088974705,-5.347207110746097,14.75883623809312,-5.357030184703604,14.761476272425487,-5.323506672201297,14.896028641433059,0.18799231915303025,15.03938553224242,4.001394492662296,1,18.445799985784106,56.96290000923909
1407,46.8999999999999,TRACKING,1,0,1,0,-5.24339766895484,14.999530052427826,-5.261795671045631,14.831272315174335,-5.2677813600615275,14.834622142676242,-5.241895861389421,14.950073988222096,0.1667008790937314,13.336070327498511,3.958308901688047,1,33.06860000884626,49.43189999903552
1408,46.93333333333323,TRACKING,1,0,1,0,-5.187576417175748,15.060685775942197,-5.177312382462497,14.899918576161973,-5.173083388843363,14.8937878212087,-5.1623209548255256,14.999436443566672,0.16752604324243892,13.402083459395113,5.300154923001245,0,17.624300002353266,45.889200002420694
1409,46.96666666666656,TRACKING,1,0,1,0,-5.134948737815738,15.124610434986504,-5.0936942166348596,14.965361503479004,-5.090524487446677,14.955804429540454,-5.081435851594071,15.064624796055847,0.17455366365535016,13.964293092428013,6.430878444351937,1,17.898799997055903,45.3583000053186
1410,46.99999999999989,TRACKING,0,1,1,0,-5.085692014692644,15.191167252037244,-5.010088455803042,15.035724843338137,-5.020953118372792,15.034384853582322,-5.001533415767252,15.117943485266089,0.16962265521442163,13.56981241715373,8.924354020137615,0,23.616299993591383,54.112800004077144
1411,47.033333333333225,TRACKING,1,0,1,0,-5.040161730682,15.260326690342229,-4.927143676125811,15.102453581321365,-4.92769622723799,15.10455481186461,-4.9754208604289065,15.232233923583758,0.1921285184176484,15.37028147341187,5.645860118861575,1,22.26870000595227,42.66539998934604
1412,47.066666666666556,TRACKING,1,0,1,0,-4.99845944990514,15.331859581006306,-4.869152986563607,15.19491933108191,-4.864483789458927,15.188101241603224,-4.964997821916415,15.327025801508098,0.19650938333812656,15.720750667050124,2.7047170314315605,1,20.05490000010468,46.40540000400506
1413,47.09999999999989,TRACKING,1,0,1,0,-4.960763105796434,15.405582171232023,-4.832753680791694,15.292279750508355,-4.82351902626073,15.291546692542516,-4.947205288094763,15.425649497090237,0.17843774199296433,14.275019359437145,1.937440766258839,1,22.92180000222288,44.560599999385886
1414,47.13333333333322,TRACKING,1,0,1,0,-4.927313671709362,15.48132628009869,-4.80744182001503,15.396281122576019,-4.807439901601805,15.402076404292277,-4.91020000273546,15.515200435516121,0.14370199572424597,11.496159657939677,3.0361407830257514,1,18.18160001130309,42.367399990325794
1415,47.16666666666655,TRACKING,1,0,1,0,-4.898360847457375,15.558900558287949,-4.780582501126708,15.499563089113163,-4.784534360158986,15.506082738950052,-4.894911296481307,15.592689489217058,0.1254838286405898,10.038706291247184,2.7171647049303265,1,19.224999996367842,46.385399997234344
1416,47.19999999999988,TRACKING,1,0,1,0,-4.874090155493798,15.638064743247815,-4.764465241199577,15.596356516710424,-4.759467365775726,15.599344528835292,-4.860698120899712,15.674354931303423,0.12098611047101693,9.678888837681354,3.094588142864198,0,26.42359999299515,56.85920000541955
1417,47.23333333333321,TRACKING,1,0,1,0,-4.8550176565271785,15.7186393946707,-4.743902131626548,15.69120519220802,-4.737040624042516,15.68299958931373,-4.826484945318117,15.756020373389788,0.12324275199690148,9.859420159752117,3.7620872325339136,0,27.306399992085062,46.303299997816794
1418,47.266666666666545,TRACKING,1,0,1,0,-4.840967175597348,15.800239754071816,-4.721332182875327,15.78398990817605,-4.719913902395778,15.781575210470212,-4.792271769736522,15.837685815476153,0.12248371377726205,9.798697102180965,4.914273133083558,0,21.56680000189226,57.15829999826383
1419,47.299999999999876,TRACKING,1,0,1,0,-4.831906378810686,15.882543682473452,-4.6969614491595415,15.87505444086656,-4.701878790133211,15.873485197974194,-4.837703884544412,15.876799072509158,0.13034274033754964,10.427419227003972,0.6529275187924949,2,21.50719999917783,56.5647000039462
1420,47.33333333333321,TRACKING,1,0,1,0,-4.827695094972508,15.96523769529896,-4.704567793350827,15.946768462964581,-4.702491720382316,15.946890466453706,-4.8265818663454905,15.941275592209156,0.12654053032555307,10.123242426044245,1.91903586203059,2,23.8425000134157,47.37619998923037
1421,47.36666666666654,TRACKING,1,0,1,0,-4.828282677741344,16.04803678596571,-4.706207405386227,16.017635809438264,-4.697025341612893,16.01043640064287,-4.830977427416874,16.018469943681293,0.13653672496424982,10.922937997139984,2.3751511459918557,2,27.375900011975318,62.24859999201726
1422,47.39999999999987,TRACKING,1,0,1,0,-4.837133441160293,16.130363565664982,-4.7146789976597425,16.091750683184838,-4.708214699984761,16.086218231630223,-4.823883956019447,16.089762583760532,0.13626757627302366,10.901406101841895,3.416654352412506,2,24.939199996879324,51.429600003757514
1423,47.4333333333332,TRACKING,1,0,1,0,-4.854158951326947,16.211395452427638,-4.720851309704575,16.164562001539547,-4.726675116850943,16.164409889747116,-4.813756394185873,16.162043350734614,0.13586674042277733,10.869339233822187,5.102467835896748,0,16.53529999020975,49.72490000363905
1424,47.466666666666534,TRACKING,1,0,1,0,-4.879189094971606,16.290322802426726,-4.724321849528455,16.23739807952804,-4.720327836381845,16.237296499679402,-4.803628832352299,16.234324117708695,0.16747742613192299,13.398194090553838,7.523916417291423,0,21.473300002980977,61.594599988893606
1425,47.499999999999865,TRACKING,0,1,1,0,-4.911973779172838,16.36635699967097,-4.725705187122043,16.310138659942545,-4.719237010367653,16.30824001371697,-4.793501270518725,16.306604884682777,0.2013083359074851,16.104666872598806,10.615023482551099,0,18.512700000428595,61.761499993735924
1426,47.533333333333196,TRACKING,1,0,1,0,-4.95218543020328,16.438738335595065,-4.725312066080061,16.382805416453866,-4.7188467405377335,16.3802609447828,-4.903771942351091,16.40154182157445,0.24055467015014403,19.244373612011522,4.884225358469725,1,22.449700001743622,32.533899997361004
1427,47.56666666666653,TRACKING,1,0,1,0,-4.999422266538041,16.50674359981655,-4.774187533125725,16.464963081726303,-4.776260744167463,16.4728428806733,-4.939361544976171,16.46705015170883,0.22572178411749041,18.057742729399234,5.759366685857148,2,15.774400002555922,44.69429999880958
1428,47.59999999999986,TRACKING,1,0,1,0,-5.053212313322885,16.569693306214873,-4.8193925444863845,16.5398879546988,-4.824564516370988,16.54995930497013,-4.958500301336993,16.541450135091303,0.22949781231219485,18.359824984975585,7.906672394187032,1,19.533200000296347,48.33890000008978
1429,47.63333333333319,TRACKING,1,0,1,0,-5.113018118190965,16.62695848213211,-4.859691442571914,16.615532436228353,-4.859370220536691,16.61300182792455,-5.067781188934996,16.5946033387612,0.2540315810703509,20.32252648562807,4.449348767493408,2,19.220700007281266,40.453099994920194
1430,47.66666666666652,TRACKING,1,0,1,0,-5.178242121309208,16.677966952859848,-4.938161669448155,16.681178609223064,-4.931330698513444,16.67510608526557,-5.149949498099809,16.63266360756806,0.24692799612522742,19.754239690018196,4.272977882607721,2,15.157100002397783,48.5367000073893
1431,47.699999999999854,TRACKING,1,0,1,0,-5.2482326259986465,16.72220905861973,-5.024624439626481,16.733981294977035,-5.018262367814116,16.73021037256293,-5.231703513585871,16.666750474412737,0.23010941022539091,18.408752818031275,4.629551075876399,1,22.20649999799207,50.2178000024287
1432,47.733333333333185,TRACKING,1,0,1,0,-5.322290310272209,16.7592427469155,-5.118223657143047,16.776680106263544,-5.116928935103892,16.77989655039961,-5.291397852261457,16.720655764688534,0.20639736919200868,16.511789535360695,3.9543791699474156,0,17.737700007273816,40.07550000096671
1433,47.76666666666652,TRACKING,1,0,1,0,-5.399675214228848,16.788697989375418,-5.204808463198191,16.82271165430899,-5.203324726084063,16.82372120955571,-5.377367129567631,16.74483433091573,0.19944959299655776,15.95596743972462,3.9368382641670183,1,19.14089999627322,41.76069999812171
1434,47.79999999999985,TRACKING,1,0,1,0,-5.479614133488279,16.810280478953434,-5.299849096624394,16.855713642301122,-5.297007786788453,16.850057160913437,-5.469657236098183,16.7806028506711,0.18688836850591928,14.951069480473542,2.5042701785245853,1,12.163999999756925,51.236799990874715
1435,47.83333333333318,TRACKING,1,0,1,0,-5.561308344793554,16.823774570547904,-5.401133828092609,16.88764705705344,-5.399681585679067,16.884724805471393,-5.557344052313114,16.830056083556986,0.17273720039146412,13.81897603131713,0.5942283496635851,1,17.547499999636784,46.48450000968296
1436,47.86666666666651,TRACKING,1,0,1,0,-5.643941586589827,16.829045435656173,-5.50360901964133,16.924815970933142,-5.510271474765096,16.92786683582748,-5.641007266400259,16.861308219330596,0.16623287258257224,13.298629806605781,2.5916758382451928,1,19.99939999950584,52.63290001312271
1437,47.89999999999984,TRACKING,1,0,1,0,-5.726688214839989,16.826040409536393,-5.604592295789688,16.955922120796828,-5.612171365083363,16.960382550091552,-5.722052592104316,16.866281859051664,0.17652739052941246,14.122191242352997,3.2406056295576384,1,30.29519999108743,52.77059999934863
1438,47.933333333333174,TRACKING,1,0,1,0,-5.808721452586961,16.814789517416223,-5.702858744785196,16.971289237342937,-5.698953296670838,16.970929985528937,-5.801597301782653,16.897194391258562,0.19086354768704195,15.269083814963356,6.616980221293396,0,20.61360000516288,52.334899999550544
1439,47.966666666666505,TRACKING,0,1,1,0,-5.8892216508357595,16.79540517449068,-5.798120569204753,16.99128998898597,-5.792681126608204,16.989204115726118,-5.88114201146099,16.92810692346546,0.21651351561070828,17.321081248856665,10.635799096528231,0,19.95260000694543,51.047899993136525
1440,47.99999999999984,TRACKING,0,1,1,0,-5.96738447821531,16.76808106270666,-5.890959228753046,17.012842587265062,-5.899508703620356,17.017671082547203,-5.960686721139327,16.959019455672358,0.25865478688952903,20.692382951162323,15.284466333251634,0,19.52970000274945,50.22389999066945
1441,48.03333333333317,TRACKING,0,1,1,0,-6.042428957591632,16.73309019555696,-5.9817421257290135,17.03584768046055,-5.987296657661514,17.043926030899552,-6.040231430817664,16.989931987879256,0.31568732478310013,25.254985982648012,20.548095449612994,0,22.26620000146795,37.796399992657825
1442,48.0666666666665,TRACKING,0,1,1,0,-6.1136052693332035,16.690782190219704,-6.070787273675708,17.060072546694016,-6.072143038631607,17.06136146067019,-6.1197761404960005,17.020844520086154,0.3728915556329592,29.83132445063674,26.40960082973189,0,19.993499998236075,43.421299997135065
1443,48.09999999999983,TRACKING,0,1,1,0,-6.180202243260863,16.641579774299046,-6.158363118732929,17.08532924192304,-6.155581646377537,17.083780400038183,-6.199320850174337,17.051757052293052,0.4428855012246114,35.43084009796891,32.849808085930356,0,15.317199999117292,55.26860000099987
1444,48.13333333333316,COASTING,0,0,1,0,-6.2415544644251595,16.58597456207071,-6.244696660666722,17.11145833398214,-6.252182845204654,17.111576271357045,-6.278865559852674,17.08266958449995,0.525709158454283,42.05673267634264,39.847554556673835,0,19.21339999535121,45.85619999852497
1445,48.166666666666494,COASTING,0,0,1,0,-6.297048921712566,16.524522142434645,-6.32997982843588,17.138325052474652,-6.33805852787853,17.140052592994582,-6.358410269531011,17.113582116706848,0.6168950667369671,49.35160533895737,47.37978426599529,0,9.97129999450408,48.516499999095686
1446,48.199999999999825,COASTING,0,0,1,0,-6.346131132849896,16.457836527654383,-6.414374899920963,17.165815445855802,-6.4175520216562365,17.159898604691843,-6.437954979209348,17.144494648913746,0.705685555592603,56.45484444740825,55.42164165026841,0,22.41130000038538,54.94600000383798
1447,48.23333333333316,COASTING,0,0,1,0,-6.388310684607887,16.386584018349474,-6.498019082629841,17.19383316707629,-6.496940594138534,17.18543865715592,-6.517499688887685,17.175407181120644,0.8062066677888582,64.49653342310866,63.94656674198504,0,17.986399994697422,33.98429999651853
1448,48.26666666666649,COASTING,0,0,1,0,-6.423868931225276,16.31180671051984,-6.581028386831472,17.222296753743677,-6.58026875939806,17.21155726468355,-6.597044398566021,17.20631971332754,0.9132425559348288,73.0594044747863,72.88975805939216,1,17.4198000022443,51.44599999766797
1449,48.29999999999982,COASTING,0,0,1,0,-6.4531902694325805,16.234370970744955,-6.663500900322212,17.251137328595075,-6.671147817176749,17.255252228836966,-6.676589108244358,17.23723224553444,1.0438889000953016,83.51111200762413,82.19538780850775,0,20.924500000546686,50.49259999941569
1450,48.33333333333315,COASTING,0,0,1,0,-6.476703797689055,16.154978599211645,-6.745519557273054,17.280296655217043,-6.747667904134408,17.28526925760858,-6.756133817922695,17.268144777741337,1.1623160153078433,92.98528122462747,91.81616684589426,0,17.812600010074675,42.31989999243524
1451,48.36666666666648,COASTING,0,0,1,0,-6.494855485985426,16.074191527964185,-6.827154479316945,17.309725494138263,-6.8221101943754,17.30671315783654,-6.835678527601032,17.299057309948235,1.2752275139231484,102.01820111385187,101.71195499673416,0,15.602100000251085,45.57139999815263
1452,48.399999999999814,COASTING,0,0,1,0,-6.508089228137324,15.992454738588727,-6.908464954960971,17.339382212889806,-6.903083696239568,17.337130852658262,-6.915223237279369,17.329969842155133,1.401490093286614,112.11920746292911,111.84860492414428,0,12.202500001876615,40.66120000788942
1453,48.433333333333145,COASTING,0,0,1,0,-6.516574676141052,15.910089504169544,-6.9895011131986635,17.369231610797538,-6.989682729655395,17.37802855027052,-6.9947679469577055,17.36088237436203,1.5422957801174118,123.38366240939294,122.20556469046888,0,18.59340000373777,62.596399991889484
1454,48.46666666666648,COASTING,0,0,1,0,-6.5198645590031505,15.82735371179705,-7.070305338565535,17.399243925332637,-7.072754569882907,17.401717395142335,-7.074312656636042,17.39179490656893,1.6686246946414127,133.489975571313,132.7828650359495,0,17.506999996840023,46.88019999593962
1455,48.49999999999981,COASTING,0,0,1,0,-6.518235793374191,15.744568557383491,-7.150913467582342,17.429393991971242,-7.142712626641183,17.426799707247472,-7.153857366314379,17.422707438775827,1.7944004449564375,143.552035596515,143.55854307932057,0,18.632500010426156,62.388299993472174
1456,48.53333333333314,COASTING,0,0,1,0,-6.5120603778569155,15.661997988099152,-7.231355800359536,17.45966053384761,-7.224384186957783,17.454791860898933,-7.233402075992716,17.453619970982725,1.9291228782429608,154.32983025943685,154.51069969466542,0,18.71860001119785,38.82859999430366
1457,48.56666666666647,COASTING,0,0,1,0,-6.5014282657174345,15.579882259641051,-7.311657955918697,17.490025561148922,-7.311252051416705,17.49357287663017,-7.312946785671053,17.484532503189623,2.077986126382103,166.23889011056824,165.62617877091475,1,23.35809999203775,47.64000000432134
1458,48.5999999999998,COASTING,0,0,1,0,-6.486847564256539,15.498374972766447,-7.391841595375152,17.520473863297717,-7.396781797389355,17.52235180919411,-7.39249149534939,17.51544503539652,2.2191130081685193,177.52904065348153,176.88437023065757,0,24.93220000178553,48.587599987513386
1459,48.633333333333134,COASTING,0,0,1,0,-6.468340097265714,15.417668663630579,-7.471925033395931,17.550992579587213,-7.463952244879872,17.54637046639187,-7.4720362050277265,17.54635756760342,2.3500244495655886,188.0019559652471,188.2759222270753,1,21.703699996578507,38.89169999456499
1460,48.666666666666465,COASTING,0,0,1,0,-6.445744441904836,15.338010198747282,-7.551923755193437,17.581570836149247,-7.5443909040432295,17.579193853560025,-7.551580914706063,17.577270099810317,2.495982416478331,199.6785933182665,199.79444170985403,1,12.625999996089377,48.46620000898838
1461,48.6999999999998,COASTING,0,0,1,0,-6.419145356706426,15.25959767847559,-7.631850853648642,17.612199439007167,-7.63062425463662,17.617880325563156,-7.6311256243844,17.608182632017215,2.6512597314643656,212.10077851714925,211.42938230235293,0,20.022700002300553,66.73500000033528
1462,48.73333333333313,COASTING,0,0,1,0,-6.388657887487132,15.18261359642382,-7.711717398903003,17.642870614549015,-7.721653310813171,17.64685432611729,-7.710670334062737,17.639095164224113,2.801670782316931,224.13366258535447,223.1701571711544,0,19.15059999737423,40.16730000148527
1463,48.76666666666646,COASTING,0,0,1,0,-6.354514627849124,15.107179701588393,-7.791532750852046,17.673577790095106,-7.79353769116824,17.670762928893776,-7.790215043741074,17.67000769643101,2.9398548161577325,235.1883852926186,235.00567503399708,0,12.968199996976182,42.14999999385327
1464,48.79999999999979,COASTING,0,0,1,0,-6.317154115298087,15.033286354319003,-7.871304823361732,17.70431540836575,-7.8662528984205515,17.703327109427537,-7.869759753419411,17.70092022863791,3.086879439468288,246.95035515746304,246.9248274913133,0,17.809200013289228,59.62770000041928
1465,48.83333333333312,COASTING,0,0,1,0,-6.276449698338399,14.961180979285496,-7.951040307665971,17.735078770611917,-7.95227491127276,17.735833826572662,-7.949304463097747,17.731832760844807,3.241463954336879,259.31711634695034,258.9202732411453,0,21.951900009298697,46.45229999732692
1466,48.866666666666454,COASTING,0,0,1,0,-6.232564633098158,14.890966054108503,-8.030744861251405,17.76586390398067,-8.03878004177161,17.772334249354735,-8.028849172776084,17.762745293051704,3.400690632666537,272.0552506133229,270.98344326942055,1,15.577300000586547,49.22519999672659
1467,48.899999999999785,COASTING,0,0,1,0,-6.185434695298973,14.822886661985807,-8.110423267561332,17.796667449371355,-8.112382680342185,17.79788882522471,-8.10839388245442,17.793657825258602,3.5445403663011437,283.5632293040915,283.10567174818647,1,22.668400008114986,54.585399993811734
1468,48.93333333333312,COASTING,0,0,0,0,-6.1354629343696985,14.756865015699317,-8.190079571026931,17.82748656661692,-8.180001173912858,17.816419568090797,-8.187938592132756,17.8245703574655,3.6798112277688477,294.3848982215078,295.27990668771946,0,18.41650001006201,56.08110000321176
1469,48.96666666666645,COASTING,0,0,0,0,-6.0827031912452485,14.693049310937926,-8.269717191237484,17.858318854313765,-8.266219984065371,17.85256977372807,-8.267483301811092,17.8554828896724,3.840613901359667,307.2491121087734,307.4982955028549,0,8.303800001158379,28.6667999898782
1470,48.99999999999978,COASTING,0,0,0,0,-6.0273610523582155,14.631459682491577,-8.349339019472406,17.889162282037145,-8.358742058272057,17.89139947098805,-8.347028011489428,17.886395421879296,4.0078104769759575,320.62483815807656,319.75452053177065,0,5.582800004049204,25.9898000076646
1471,49.03333333333311,COASTING,0,0,0,0,-5.969566536050205,14.572165259874657,-8.428947500320021,17.920015133028585,-8.434704914050654,17.928775492685244,-8.426572721167764,17.917307954086194,4.1645815489313485,333.1665239145079,332.04201216923394,0,7.96059999265708,25.74040000035893
1472,49.06666666666644,COASTING,0,0,0,0,-5.909478469166839,14.515196330738057,-8.508544700687038,17.950875955737562,-8.508172990207362,17.94994945490218,-8.5061174308461,17.948220486293092,4.307057259619522,344.56458076956176,344.3550609466699,0,6.921100008185022,23.908399991341867
1473,49.099999999999774,COASTING,0,0,0,0,-5.847260810919195,14.460561198534224,-8.588132368146725,17.981743522849516,-8.579502521584951,17.97487034913861,-8.585662140524436,17.97913301849999,4.451461958898834,356.1169567119067,356.68867764921004,0,6.334999998216517,26.2706000066828
1474,49.133333333333105,COASTING,0,0,0,0,-5.783161752578182,14.408146072963962,-8.667711980272875,18.012616796643616,-8.66851304392042,18.0103794568476,-8.665206850202772,18.010045550706888,4.615337195310444,369.2269756248355,369.0408219588218,0,6.964900007005781,29.150300004403107
1475,49.16666666666644,COASTING,0,0,0,0,-5.71748835589096,14.357717513235237,-8.747284786352138,18.043494899702445,-8.75219778467609,18.04589823938125,-8.744751559881108,18.040958082913786,4.776205437988644,382.09643503909155,381.41281447048345,0,12.609000012162142,24.242799991043285
1476,49.19999999999977,COASTING,0,0,0,0,-5.650307264159629,14.309315699400036,-8.826851842652218,18.074377090146722,-8.823260981061125,18.073199299205655,-8.824296269559444,18.071870615120684,4.92285029657461,393.8280237259687,393.8001580514666,0,8.346799993887544,27.10210000805091
1477,49.2333333333331,COASTING,0,0,0,0,-5.581712864102491,14.262938518054549,-8.90641404224147,18.105262740696038,-8.904273962810842,18.103458121865962,-8.90384097923778,18.10278314732758,5.078287416236877,406.2629932989503,406.19949376889616,0,8.97699999040924,26.229300012346357
1478,49.26666666666643,COASTING,0,0,0,0,-5.511813043902316,14.218553274958063,-8.985972140201666,18.136151320964494,-8.989339413097918,18.13713641807196,-8.983385688916115,18.13369567953448,5.23913003254807,419.1304026038456,418.6084121675188,0,8.68379999883473,23.513699998147786
1479,49.29999999999976,COASTING,0,0,0,0,-5.44074832740218,14.1760580900837,-9.065526774945623,18.167042382491495,-9.069885581029341,18.171212584699244,-9.062930398594451,18.164608211741378,5.397397209906946,431.79177679255565,431.02657016823235,0,7.5809999980265275,26.502500011702068
1480,49.333333333333094,COASTING,0,0,0,0,-5.368605877025463,14.13541941980041,-9.14507848624148,18.197935546085134,-9.148527895432121,18.19668085842839,-9.142475108272787,18.195520743948276,5.548121748675138,443.84973989401107,443.4519986607075,0,7.108700010576285,25.614899990614504
1481,49.366666666666426,COASTING,0,0,0,0,-5.295440288641004,14.096653051062718,-9.224627730452397,18.228830491120906,-9.21872076585326,18.222919919625152,-9.222019817951123,18.226433276155174,5.6936989710969845,455.4959176877587,455.88146885829497,0,7.066999998642132,25.617500010412186
1482,49.39999999999976,COASTING,0,0,0,0,-5.22119691892519,14.059993035760048,-9.304174893421852,18.259726946493668,-9.302835571344527,18.25389601848396,-9.30156452762946,18.25734580836207,5.852230029435281,468.1784023548225,468.3053371113023,0,9.607999993022531,23.8173999969149
1483,49.43333333333309,COASTING,0,0,0,0,-5.146025638919959,14.025275412985353,-9.383720301368308,18.29062468296742,-9.387990845926844,18.292608575368227,-9.381109237307795,18.28825834056897,6.017009318276779,481.3607454621423,480.72582806387624,0,9.14740000735037,25.94009999302216
1484,49.46666666666642,COASTING,0,0,0,0,-5.0699219976872625,13.99265225464843,-9.463264230096751,18.32152350670698,-9.462292522334682,18.330444782879,-9.460653946986131,18.319170872775867,6.173278127847829,493.86225022782634,493.13553774091565,0,8.273100000224076,25.41600000404287
1485,49.49999999999975,COASTING,0,0,0,0,-4.993049477345534,13.961884572170522,-9.542806912787126,18.352423253808958,-9.530978494249725,18.350368339680184,-9.540198656664467,18.350083404982765,6.312811540047496,505.02492320379963,505.5395828159885,0,9.435499989194795,33.22640000260435
1486,49.53333333333308,SEARCH,0,0,0,0,-4.915438234626697,13.933030981884585,-9.622348546579552,18.383323785677618,-9.609990782528186,18.375649093756913,nan,nan,6.463410811092269,517.0728648873815,nan,0,6.13609999709297,31.809600011911243
1487,49.566666666666414,SEARCH,0,0,0,0,-4.837106435675589,13.906195111452751,-9.613001291483089,18.39323101235216,-9.616152058687867,18.39809925848487,nan,nan,6.558694987034932,524.6955989627945,nan,0,7.580899997265078,26.93839999847114
1488,49.599999999999746,SEARCH,0,0,0,0,-4.758160543675443,13.881223511482942,-9.5976904004702,18.41967652230963,-9.602091608800801,18.420261195844002,nan,nan,6.638262669082651,531.0610135266121,nan,0,4.242500013788231,25.745499995537102
1489,49.63333333333308,SEARCH,0,0,0,0,-4.678616781130813,13.858227326821252,-9.581998768197678,18.466807618850964,-9.582267540013447,18.459203009406462,nan,nan,6.724192739417176,537.935419153374,nan,0,3.771300005610101,23.31180000328459
1490,49.66666666666641,SEARCH,0,0,0,0,-4.598487726399941,13.837361822832905,-9.571740227669933,18.536820434987717,-9.562844709202768,18.527532170845003,nan,nan,6.8295342554287775,546.3627404343022,nan,0,4.335999998147599,25.605500006349757
1491,49.69999999999974,SEARCH,0,0,0,0,-4.517893243269908,13.818373301095976,-9.573102159871581,18.629967313228942,-9.574192588217812,18.632322011220367,nan,nan,6.98142286711161,558.5138293689288,nan,0,3.519699996104464,28.725500000291504
1492,49.73333333333307,SEARCH,0,0,0,0,-4.436817697735246,13.801556922621174,-9.592219696467607,18.744625897295585,-9.600732050174912,18.751097000098525,nan,nan,7.152898602516807,572.2318882013445,nan,0,3.612000000430271,25.68730000348296
1493,49.7666666666664,SEARCH,0,0,0,0,-4.355361320136359,13.786694445801396,-9.634773765748454,18.877431552006577,-9.641168068744031,18.880517282962753,nan,nan,7.340761818776917,587.2609455021533,nan,0,3.5863999946741387,24.000200006412342
1494,49.799999999999734,SEARCH,0,0,0,0,-4.273542802439947,13.773975765417296,-9.705624444913557,19.02347152997106,-9.694901706822204,19.026438692903696,nan,nan,7.548476612850025,603.8781290280019,nan,0,3.9643999916734174,26.901200006250292
1495,49.833333333333066,SEARCH,0,0,0,0,-4.191423653003612,13.763370108219185,-9.808490695941174,19.176536317523652,-9.805642210323436,19.17373822303018,nan,nan,7.796892531458784,623.7514025167028,nan,0,8.977100005722605,24.603099998785183
1496,49.8666666666664,SEARCH,0,0,0,0,-4.109097429728341,13.754514170664013,-9.945686599604727,19.32942089055333,-9.952562766249443,19.33017629170487,nan,nan,8.076762669976969,646.1410135981575,nan,0,4.189700004644692,27.034200000343844
1497,49.89999999999973,SEARCH,0,0,0,0,-4.026633239788465,13.747051460277635,-10.117922729293259,19.463536712442664,-10.122950016897128,19.46797236694301,nan,nan,8.360264007026185,668.8211205620947,nan,0,4.534599996986799,26.93800000997726
1498,49.93333333333306,SEARCH,0,0,0,0,-3.9440617767380886,13.740888006824317,-10.324179400536254,19.570829369954133,-10.317011549031992,19.563387290806276,nan,nan,8.63226428650973,690.5811429207783,nan,0,4.537299988442101,25.86670000164304
1499,49.96666666666639,SEARCH,0,0,0,0,-3.8614300813028652,13.735592954581758,-10.561656280412794,19.656663495963308,-10.556725819446687,19.65138540016706,nan,nan,8.934404584551283,714.7523667641025,nan,0,3.744300003745593,25.773100001970306
1500,49.99999999999972,SEARCH,0,0,0,0,-3.778757020083461,13.730988650360324,-10.825800337977718,19.725330796770645,-10.830607684370554,19.72594151765163,nan,nan,9.255704061412647,740.4563249130118,nan,0,4.145400002016686,27.029399992898107
1501,50.033333333333054,SEARCH,0,0,0,0,-3.6960554829796926,13.726927809385238,-11.110411462578783,19.770484840169118,-11.11716602560091,19.77475636725152,nan,nan,9.573354268549073,765.8683414839259,nan,0,3.2260000007227063,25.626699993154034
1502,50.066666666666386,SEARCH,0,0,0,0,-3.613331398526698,13.723355622357,-11.407822374438712,19.76952259568034,-11.399949968633004,19.76453489274509,nan,nan,9.855317130021295,788.4253704017035,nan,0,3.9880999975139275,24.097100002109073
1503,50.09999999999972,SEARCH,0,0,0,0,-3.530588096902025,13.720260350963514,-11.709146804090844,19.718932576834405,-11.6999212979334,19.710813661792976,nan,nan,10.13038666188825,810.4309329510601,nan,0,5.341000010957941,25.466199993388727
1504,50.13333333333305,SEARCH,0,0,0,0,-3.44782250015194,13.71783328208249,-12.004587424140244,19.61689274164366,-12.002654585296671,19.612406684206103,nan,nan,10.388991654537264,831.119332362981,nan,0,3.375700005562976,29.001299990341067
1505,50.16666666666638,SEARCH,0,0,0,0,-3.3650432171257894,13.715929346572194,-12.283792772329063,19.463479703082037,-12.288729301018234,19.469184180228826,nan,nan,10.617538062321655,849.4030449857324,nan,0,4.168400002527051,25.437200005399063
1506,50.19999999999971,SEARCH,0,0,0,0,-3.28225112594319,13.714702844895434,-12.536180152917913,19.261500330264916,-12.537002249058126,19.26230450290479,nan,nan,10.790102061924406,863.2081649539525,nan,0,4.0096000011544675,27.819900002214126
1507,50.23333333333304,SEARCH,0,0,0,0,-3.1994541661477798,13.713867310702176,-12.752093393157415,19.019618363472556,-12.74159677804257,19.00971076735038,nan,nan,10.913223334242819,873.0578667394255,nan,0,3.530500005581416,26.484099988010712
1508,50.266666666666374,SEARCH,0,0,0,0,-3.1166536422057445,13.713538823753687,-12.924720260466863,18.74714319459147,-12.917714517145205,18.74441985882117,nan,nan,11.016830681428791,881.3464545143032,nan,0,3.6196000000927597,26.94320000591688
1509,50.299999999999706,SEARCH,0,0,0,0,-3.0338528584216435,13.713793526501075,-13.049720091335272,18.453510808403937,-13.05464206102101,18.457401668539905,nan,nan,11.086840598121231,886.9472478496986,nan,0,5.293900001561269,24.586399988038465
1510,50.33333333333304,SEARCH,0,0,0,0,-2.9510571190956614,13.714742324801524,-13.124859933974038,18.14791228397051,-13.123266224854518,18.151694428184815,nan,nan,11.097764732548658,887.8211786038927,nan,0,5.08050000644289,29.996199999004602
1511,50.36666666666637,SEARCH,0,0,0,0,-2.8682675143630845,13.716126527450923,-13.149673083378774,17.839034415616933,-13.146919409457427,17.836424098953376,nan,nan,11.07373183973025,885.89854717842,nan,0,6.446500003221445,26.818400001502596
1512,50.3999999999997,SEARCH,0,0,0,0,-2.7854856293814754,13.717913756491235,-13.12514691060687,17.53488557687693,-13.119881493601401,17.53328933243402,nan,nan,11.016207544518513,881.2966035614811,nan,0,3.612699991208501,27.92320000298787
1513,50.43333333333303,SEARCH,0,0,0,0,-2.702716066149768,13.720201565745374,-13.053442691539935,17.242686251666786,-13.059712794792391,17.250023401612996,nan,nan,10.941984437481251,875.3587549985001,nan,0,3.395100007764995,26.415499989525415
1514,50.46666666666636,SEARCH,0,0,0,0,-2.619970547335087,13.723236987436046,-12.937647635909968,16.96880838770998,-12.93890266504134,16.9742398282322,nan,nan,10.81893615475636,865.5148923805089,nan,0,3.3281000069109723,26.487700000870973
1515,50.499999999999694,SEARCH,0,0,0,0,-2.5372600630655513,13.727111321010977,-12.781557862295108,16.718751327784922,-12.774937687473964,16.71719009876505,nan,nan,10.665393299756365,853.2314639805093,nan,0,4.170300002442673,32.30149998853449
1516,50.533333333333026,SEARCH,0,0,0,0,-2.4545871772833836,13.7317187742337,-12.589490266999679,16.49714484042892,-12.58643497476632,16.490849831885004,nan,nan,10.50081634848719,840.0653078789752,nan,0,3.6634999996749684,25.72130000044126
1517,50.56666666666636,SEARCH,0,0,0,0,-2.37195920487943,13.737071609478914,-12.366120849108627,16.307771910506354,-12.369990999083752,16.30797678935845,nan,nan,10.32328403183076,825.8627225464608,nan,0,4.145099999732338,27.810800005681813
1518,50.59999999999969,SEARCH,0,0,0,0,-2.289365246944412,13.742925905455326,-12.11634692471812,16.15360561126544,-12.127130743720569,16.157856533698954,nan,nan,10.129833162929614,810.3866530343691,nan,0,5.413899998529814,25.605600007111207
1519,50.63333333333302,SEARCH,0,0,0,0,-2.2068384141382578,13.7496606315623,-11.845170690256552,16.03685567381101,-11.840409663467863,16.037951282322872,nan,nan,9.901614470290601,792.1291576232481,nan,0,4.013500001747161,36.18049999931827
1520,50.66666666666635,SEARCH,0,0,0,0,-2.1243685119536746,13.757059949261672,-11.55760171325385,15.959021380428908,-11.551995757150193,15.952505207523789,nan,nan,9.679883023900512,774.3906419120409,nan,0,3.781499995966442,30.542000007699244
1521,50.69999999999968,SEARCH,0,0,0,0,-2.0419279439675146,13.764779238015842,-11.258576097158624,15.92094819811516,-11.260677226773385,15.91946510185121,nan,nan,9.46720705969008,757.3765647752066,nan,0,3.3194999996339902,30.354000002262183
1522,50.733333333333015,SEARCH,0,0,0,0,-1.9595431055555637,13.773072190963234,-10.952890258105205,15.922886186486613,-10.96315055723393,15.927682230449376,nan,nan,9.257823262850328,740.6258610280262,nan,0,7.096700006513856,32.511700002942234
1523,50.766666666666346,SEARCH,0,0,0,0,-1.87719850799925,13.781755618975238,-10.64514744903128,15.964548697446178,-10.648917184301498,15.968195396723921,nan,nan,9.040108817813609,723.2087054250887,nan,0,3.5645000025397167,31.266099991626106
1524,50.79999999999968,SEARCH,0,0,0,0,-1.7948897553914087,13.790772487217156,-10.339715359892631,16.045170261641776,-10.334493524979944,16.03685411350586,nan,nan,8.83004616146045,706.403692916836,nan,0,4.123999999137595,27.629999996861443
1525,50.83333333333301,SEARCH,0,0,0,0,-1.7126386077289533,13.800300518333808,-10.04069330586242,16.16356285157863,-10.033099404403867,16.160068559091638,nan,nan,8.648616830174996,691.8893464139996,nan,0,3.6567000061040744,25.936399993952364
1526,50.86666666666634,SEARCH,0,0,0,0,-1.6304461038879134,13.810321844647802,-9.751887685100417,16.31816994096287,-9.75654433803859,16.32253599783256,nan,nan,8.505568320960604,680.4454656768482,nan,0,6.968399990000762,30.604900006437674
1527,50.89999999999967,SEARCH,0,0,0,0,-1.548285349284926,13.82060022349948,-9.476794542517387,16.507117958379787,-9.480105832526133,16.50992703261155,nan,nan,8.375336104573577,670.0268883658862,nan,0,5.060600000433624,26.003000006312504
1528,50.933333333333,SEARCH,0,0,0,0,-1.466155555865886,13.831123136674867,-9.21858821568203,16.72826487166791,-9.210329520757728,16.72399538640748,nan,nan,8.266857943123352,661.3486354498682,nan,0,3.328900013002567,27.912599995033816
1529,50.966666666666335,SEARCH,0,0,0,0,-1.3840651637686752,13.841949132891248,-8.980115164072597,16.979245745934655,-8.977495809390211,16.97101719173003,nan,nan,8.21287135456957,657.0297083655656,nan,0,4.008299991255626,30.169600009685382
1530,50.999999999999666,SEARCH,0,0,0,0,-1.3019942798786979,13.852922039810965,-8.763892194124432,17.257515199837417,-8.7634401167239,17.261519327509898,nan,nan,8.20315240903661,656.2521927229288,nan,0,3.8188000035006553,28.503199995611794
1531,51.033333333333,SEARCH,0,0,0,0,-1.2199295702621393,13.863941028162936,-8.572108391044843,17.560386746860132,-8.57759503579608,17.570439957637518,nan,nan,8.238529930570563,659.082394445645,nan,0,3.7712000048486516,27.46090000437107
1532,51.06666666666633,SEARCH,0,0,0,0,-1.1378595960959499,13.874920737135032,-8.406630155321741,17.885069055055496,-8.407096298668657,17.887619295757137,nan,nan,8.303225395013557,664.2580316010846,nan,0,4.1440999921178445,29.39640000113286
1533,51.09999999999966,SEARCH,0,0,0,0,-1.055792219321863,13.885919843379222,-8.269008818411477,18.2286991934159,-8.264639010661181,18.227178790095948,nan,nan,8.415105543215201,673.208443457216,nan,0,3.298499999800697,27.81660000619013
1534,51.13333333333299,SEARCH,0,0,0,0,-0.973768124937164,13.897237202131198,-8.160490379379496,18.58295935473272,-8.164783581635561,18.581841147451982,nan,nan,8.582320048972207,686.5856039177766,nan,0,4.5396999921649694,25.768400009837933
1535,51.16666666666632,SEARCH,0,0,0,0,-0.8918445140720993,13.909260373575554,-8.082026963337519,18.866367483786174,-8.085936104765274,18.86832284436736,nan,nan,8.737691594723287,699.015327577863,nan,0,5.1860000094166026,28.03499999572523
1536,51.199999999999655,SEARCH,0,0,0,0,-0.8099751651413932,13.92164764019952,-8.034289654338297,19.09309398702894,-8.028999922640306,19.092418526213848,nan,nan,8.879819255200841,710.3855404160673,nan,0,3.776899990043603,27.14869999908842
1537,51.233333333332986,SEARCH,0,0,0,0,-0.7281754343779261,13.93448659326335,-8.017682400827168,19.274475189623153,-8.0115465123037,19.264565096336746,nan,nan,9.025365981925098,722.029278554008,nan,0,6.158800009870902,28.222799999639392
1538,51.26666666666632,SEARCH,0,0,0,0,-0.6464481092039542,13.947778658139011,-8.032356731590188,19.419580151698522,-8.032842361900004,19.4135027123795,nan,nan,9.18874090903451,735.0992727227607,nan,0,3.815000003669411,25.556199994753115
1539,51.29999999999965,SEARCH,0,0,0,0,-0.56477212690708,13.96138264963385,-8.07822705507578,19.535664121358817,-8.086594363805757,19.540259673058255,nan,nan,9.364917437222614,749.1933949778091,nan,0,3.808500012382865,28.865599990240298
1540,51.33333333333298,SEARCH,0,0,0,0,-0.4831432522741374,13.975266506983674,-8.154986345613354,19.628531297087054,-8.155472823885882,19.636651481276203,nan,nan,9.534984052559986,762.7987242047989,nan,0,4.0320999978575855,25.984699997934513
1541,51.36666666666631,SEARCH,0,0,0,0,-0.40155950386780437,13.989413120172811,-8.262122046946565,19.702825037669644,-8.24948816911367,19.697782418329247,nan,nan,9.704404380430711,776.3523504344568,nan,0,4.685899999458343,28.173900005640462
1542,51.39999999999964,SEARCH,0,0,0,0,-0.3199975501013322,14.00368485330326,-8.39893204711229,19.762260030135714,-8.392545601039302,19.75888601185294,nan,nan,9.914049243879818,793.1239395103854,nan,0,3.8139999960549176,31.002100004116073
1543,51.433333333332975,SEARCH,0,0,0,0,-0.23846523270891318,14.018124932574953,-8.564540599440704,19.80980802410857,-8.573084207317379,19.813295393301846,nan,nan,10.151348389292185,812.1078711433748,nan,0,4.581100001814775,26.187600000412203
1544,51.466666666666306,SEARCH,0,0,0,0,-0.15692520399630364,14.032521403889053,-8.757914082686007,19.847846419286856,-8.76490925951104,19.85111401330863,nan,nan,10.390063014938267,831.2050411950613,nan,0,3.4853999968618155,29.42000000621192
1545,51.49999999999964,SEARCH,0,0,0,0,-0.07539934602928947,14.046997907316786,-8.977876509333807,19.878277135429485,-8.978225641676651,19.878002931997226,nan,nan,10.642412116072121,851.3929692857696,nan,0,3.364300006069243,30.24839999852702
1546,51.53333333333297,SEARCH,0,0,0,0,0.006093978331824193,14.0616564458976,-9.223124705241966,19.902621708343588,-9.219326338104889,19.900381379868872,nan,nan,10.917833524536865,873.4266819629493,nan,0,3.8963999977568164,23.581699992064387
1547,51.5666666666663,SEARCH,0,0,0,0,0.08753780203360208,14.076587562720686,-9.49224309619302,19.92209736667487,-9.494793014084363,19.925042740336448,nan,nan,11.226107599435549,898.088607954844,nan,0,3.7778999976580963,24.232000010670163
1548,51.59999999999963,SEARCH,0,0,0,0,0.1689569330085275,14.091652747088588,-9.783718047874073,19.937677893339895,-9.78930516907215,19.94693236695316,nan,nan,11.552111647683192,924.1689318146555,nan,0,3.556999989086762,25.6775000016205
1549,51.63333333333296,SEARCH,0,0,0,0,0.25040810082828713,14.106543748718709,-10.09595171543294,19.950142314671915,-10.091195227874682,19.948256167065065,nan,nan,11.877472937746578,950.1978350197262,nan,0,7.453300000634044,30.852500000037253
1550,51.666666666666295,SEARCH,0,0,0,0,0.3318229803808669,14.121631891619339,-10.427275367243242,19.960113851737532,-10.421101089424205,19.952850171483703,nan,nan,12.232272179706335,978.5817743765069,nan,0,3.5857000038959086,27.132400005939417
1551,51.699999999999626,SEARCH,0,0,0,0,0.4131872417897025,14.13699065570196,-10.775962154981752,19.968091081390025,-10.782067849489328,19.97387861787194,nan,nan,12.625489996104463,1010.039199688357,nan,0,4.8174999974435195,29.520500000216998
1552,51.73333333333296,SEARCH,0,0,0,0,0.4945361354702403,14.152430609254463,-11.140239308696954,19.97447286511202,-11.143015822410543,19.98751463670368,nan,nan,13.01847998730143,1041.4783989841144,nan,0,3.4844000037992373,25.97319999767933
1553,51.76666666666629,SEARCH,0,0,0,0,0.5758618716849209,14.16799207762641,-11.518299741331868,19.979578292089617,-11.522691309687778,19.984465740617214,nan,nan,13.424096057268404,1073.9276845814722,nan,0,4.313599987654015,23.365300003206357
1554,51.79999999999962,SEARCH,0,0,0,0,0.6572406366702501,14.183273807836484,-11.908313052247179,19.983662633671692,-11.90048440899961,19.97838513010845,nan,nan,13.830393109386618,1106.4314487509293,nan,0,3.1773999944562092,25.267899996833876
1555,51.83333333333295,SEARCH,0,0,0,0,0.7386497613578032,14.198392970721953,-12.308435923751752,19.986930106937354,-12.309461622640603,19.988021292078024,nan,nan,14.274908293529494,1141.9926634823594,nan,0,3.9317999908234924,25.901200002408586
1556,51.86666666666628,SEARCH,0,0,0,0,0.8200539228123147,14.213538833742552,-12.716821908556218,19.989544085549884,-12.72130589301022,19.99417239501549,nan,nan,14.723591614524235,1177.8873291619386,nan,0,5.370799990487285,26.936200010823086
1557,51.899999999999615,SEARCH,0,0,0,0,0.9014587554731971,14.228681088799334,-13.13163060948261,19.991635268439907,-13.134633158773346,19.995448573641273,nan,nan,15.174566993802735,1213.965359504219,nan,0,3.732899989699945,26.29190000880044
1558,51.933333333332946,SEARCH,0,0,0,0,0.982845244659378,14.243921628379631,-13.551036255742714,19.993308214751927,-13.545794018643724,19.991769012237995,nan,nan,15.624311453351151,1249.9449162680921,nan,0,5.5533000122522935,26.03819999785628
1559,51.96666666666628,SEARCH,0,0,0,0,1.0642501288362667,14.259063606483508,-13.973235682687468,19.994646571801542,-13.971876216499659,19.999757209633923,nan,nan,16.094740088555554,1287.5792070844443,nan,0,4.09149999904912,26.03709998948034
1560,51.99999999999961,SEARCH,0,0,0,0,1.1456987250126307,14.273968667692724,-14.396455724171188,19.995717257441235,-14.40298483726247,20.004043017102177,nan,nan,16.570917674333067,1325.6734139466453,nan,0,4.23219999356661,29.510099993785843
1561,52.03333333333294,SEARCH,0,0,0,0,1.2271086544489729,14.28908349676621,-14.818960028604977,19.996573805952988,-14.826596856167251,20.004042120942714,nan,nan,17.040604821943358,1363.2483857554685,nan,0,7.912400003988296,29.93209999112878
1562,52.06666666666627,SEARCH,0,0,0,0,1.3084728170172402,14.304442784455276,-15.239055311426139,19.99725904476239,-15.2339235295838,19.995011686412855,nan,nan,17.493811800632994,1399.5049440506393,nan,0,4.25369999720715,24.371400009840727
1563,52.0999999999996,SEARCH,0,0,0,0,1.3897869175068087,14.320064939566631,-15.6550970581143,19.997807235809912,-15.649835200589663,19.990214770108945,nan,nan,17.95826609192328,1436.6612873538627,nan,0,4.998400007025339,25.233799999114126
1564,52.133333333332935,SEARCH,0,0,0,0,1.4710503154489156,14.335948730790822,-16.065494693066213,19.998245788647928,-16.064923426645986,19.99609944444797,nan,nan,18.42681961665538,1474.1455693324303,nan,0,3.466499998467043,23.99449999211356
1565,52.166666666666266,SEARCH,0,0,0,0,1.5522797982185534,14.35200506280433,-16.468716230623283,19.998596630918342,-16.470152185506322,20.00410982737111,nan,nan,18.887941732164144,1511.0353385731314,nan,0,5.403499992098659,23.965300002600998
1566,52.1999999999996,SEARCH,0,0,0,0,1.633416505072859,14.368523823943999,-16.863292425349535,19.998877304734673,-16.861733618943816,20.002327634671648,nan,nan,19.334175014406057,1546.7340011524846,nan,0,3.7923999916529283,25.347100003273226
1567,52.23333333333293,SEARCH,0,0,0,0,1.7144301491015579,14.385635929306641,-17.247820439301666,19.999101843787738,-17.232781730560397,19.988936899654014,nan,nan,19.75838606205221,1580.6708849641766,nan,0,4.317400002037175,25.569199991878122
1568,52.26666666666626,SEARCH,0,0,0,0,1.7952631505313925,14.40358197479291,-17.62096704453393,19.99928147503019,-17.614014684969657,19.994255836156743,nan,nan,20.198408361051847,1615.8726688841477,nan,0,5.0103999965358526,24.05390000785701
1569,52.29999999999959,SEARCH,0,0,0,0,1.8758772376750041,14.422487096394029,-17.98147137945364,19.999425180024154,-17.984414619338875,20.003583524523535,nan,nan,20.629586277622042,1650.3669022097633,nan,0,4.516699991654605,24.026900005992502
1570,52.333333333332924,SEARCH,0,0,0,0,1.9562988623188264,14.442194885676418,-18.32814727790192,19.999540144019324,-18.335626045354914,20.005842219556545,nan,nan,21.040826697505526,1683.2661358004423,nan,0,3.9569999935338274,28.5273000044981
1571,52.366666666666255,SEARCH,0,0,0,0,2.036480133179523,14.462858827021536,-18.659885189991112,19.99963211521546,-18.655543082597873,19.997407128312386,nan,nan,21.419408247232045,1713.5526597785636,nan,0,8.517900001606904,24.348599996301346
1572,52.39999999999959,SEARCH,0,0,0,0,2.116353534034781,14.48468254129217,-18.97565371379579,19.999705692172366,-18.974876396435924,19.999745797003563,nan,nan,21.800364737647882,1744.0291790118306,nan,0,3.1313999934354797,24.696399996173568
1573,52.43333333333292,SEARCH,0,0,0,0,2.1958927883972703,14.507694314022887,-19.274500756978963,19.999764553737894,-19.28482078604933,20.004233329294955,nan,nan,22.1727985787501,1773.823886300008,nan,0,3.8128000014694408,24.832600000081584
1574,52.46666666666625,SEARCH,0,0,0,0,2.2750728707300727,14.531913092491703,-19.555554347347524,19.999811642990316,-19.561807915108407,20.00840534968855,nan,nan,22.51313682937273,1801.0509463498183,nan,0,4.681399994296953,25.81819999613799
1575,52.49999999999958,SEARCH,0,0,0,0,2.353734349697418,14.557766649218404,-19.81802311117957,19.999849314392254,-19.811117822108773,19.99920743143522,nan,nan,22.823013595587984,1825.8410876470389,nan,0,3.239099998609163,24.250500006019138
1576,52.53333333333291,SEARCH,0,0,0,0,2.43193448150949,14.584983813900374,-20.06119643795839,19.999879451513802,-20.054903376683598,19.997979647554807,nan,nan,23.1291677488799,1850.333419910392,nan,0,4.219899987219833,22.680300011415966
1577,52.566666666666244,SEARCH,0,0,0,0,2.5096891224869977,14.61344871290265,-20.284444349890197,19.999903561211042,-20.285401473254993,20.004901270245554,nan,nan,23.42400298723863,1873.9202389790903,nan,0,3.8610999908996746,23.331999997026287
1578,52.599999999999575,SEARCH,0,0,0,0,2.5870633820756583,14.642931905095109,-20.48721709428147,19.999922848968833,-20.492907747195467,20.00763953043885,nan,nan,23.69525596471602,1895.6204771772814,nan,0,4.080899991095066,23.883900008513592
1579,52.63333333333291,SEARCH,0,0,0,0,2.6639617575618577,14.673634910100066,-20.66904447651225,19.999938279175066,-20.65674297424159,19.998650495960852,nan,nan,23.920933513924993,1913.6746811139994,nan,0,3.1473000126425177,24.334899993846193
1580,52.66666666666624,SEARCH,0,0,0,0,2.7404720004011605,14.705292727608889,-20.8295349509694,19.99995062334005,-20.820915665026977,19.993357227773114,nan,nan,24.147517778821207,1931.8014223056964,nan,0,3.941200004192069,23.771199994371273
1581,52.69999999999957,SEARCH,0,0,0,0,2.8165826741628646,14.737899475503923,-20.968374486902672,19.93400733171879,-20.970354072516912,19.93354803649934,nan,nan,24.34775397772695,1947.8203182181558,nan,0,6.6876000055344775,23.308399991947226
1582,52.7333333333329,SEARCH,0,0,0,0,2.892253016814907,14.771515452533803,-21.08532522574133,19.80273041261189,-21.092368815159205,19.80689434837726,nan,nan,24.50749120264077,1960.5992962112616,nan,0,4.305099995690398,24.277899996377528
1583,52.76666666666623,SEARCH,0,0,0,0,2.9675564184021455,14.805945561132848,-21.180223945963103,19.61927429901834,-21.180493878518565,19.62156008199029,nan,nan,24.62353500933823,1969.8828007470586,nan,0,3.841499987174757,24.391900005866773
1584,52.799999999999564,SEARCH,0,0,0,0,3.042534968315484,14.8410774799766,-21.25298035114436,19.39440846226965,-21.24179546564514,19.39198776204752,nan,nan,24.707073663654402,1976.565893092352,nan,0,3.5785999934887514,28.359800009639002
1585,52.833333333332895,SEARCH,0,0,0,0,3.117010459453909,14.877263608374664,-21.30357519634352,19.136989015775757,-21.299818291393112,19.136044479087555,nan,nan,24.785454217200453,1982.8363373760362,nan,0,3.504699998302385,24.141000001691282
1586,52.86666666666623,SEARCH,0,0,0,0,3.1910236106964334,14.914386217548888,-21.33205826748168,18.85433543598037,-21.33604074853493,18.85798303150722,nan,nan,24.842078051421943,1987.3662441137553,nan,0,3.886700011207722,30.3964999911841
1587,52.89999999999956,SEARCH,0,0,0,0,3.2647216397206833,14.952130557345628,-21.338546227887882,18.552531416926033,-21.334149724413393,18.557369572736263,nan,nan,24.86166166504786,1988.932933203829,nan,0,6.358700004057027,25.08079999824986
1588,52.93333333333289,SEARCH,0,0,0,0,3.338106873058505,14.990479510352253,-21.323220345673672,18.236665071062113,-21.319250097232484,18.229232150480804,nan,nan,24.869153009789,1989.53224078312,nan,0,5.312900000717491,28.729900004691444
1589,52.96666666666622,SEARCH,0,0,0,0,3.411200772732155,15.029380879213122,-21.28632411509485,17.911020645831645,-21.28034498368924,17.90762721456484,nan,nan,24.858735563347082,1988.6988450677666,nan,0,5.988000004435889,26.05329999641981
1590,52.99999999999955,SEARCH,0,0,0,0,3.483894063141962,15.069025805725179,-21.228160784549207,17.579231491019094,-21.231855090277936,17.587025751687527,nan,nan,24.843682898126094,1987.4946318500872,nan,0,5.015799993998371,28.70700000494253
1591,53.033333333332884,SEARCH,0,0,0,0,3.5560401365183356,15.109658043728048,-21.14909080334975,17.244402064129435,-21.155524994848314,17.24947804931853,nan,nan,24.804037592660215,1984.3230074128173,nan,0,4.960199992638081,34.77300000668038
1592,53.066666666666215,SEARCH,0,0,0,0,3.6275449819697116,15.151408393974792,-21.049529198904647,16.909205202837217,-21.049161054097738,16.903555889326487,nan,nan,24.738832665183597,1979.106613214688,nan,0,6.169100000988692,30.744400006369688
1593,53.09999999999955,SEARCH,0,0,0,0,3.698406865857684,15.194240952625876,-20.929942895429384,16.575959646903552,-20.929624756855695,16.56914146384993,nan,nan,24.66637981190459,1973.3103849523673,nan,0,5.036699993070215,28.103300006478094
1594,53.13333333333288,SEARCH,0,0,0,0,3.7686653732472704,15.238056210335245,-20.790847984814892,16.246691794596597,-20.791733380388056,16.24583784143382,nan,nan,24.581066102867698,1966.4852882294158,nan,0,6.89609999244567,27.399300000979565
1595,53.16666666666621,SEARCH,0,0,0,0,3.8382890567770804,15.282873365092009,-20.632806959778467,15.923184880717363,-20.63972944564876,15.926953736389518,nan,nan,24.486490751632676,1958.919260130614,nan,0,4.17820000438951,26.061399999889545
1596,53.19999999999954,SEARCH,0,0,0,0,3.9072294083874772,15.3287347059859,-20.45642591893349,15.60701812494723,-20.45471426274447,15.604145602050279,nan,nan,24.363500376527938,1949.0800301222348,nan,0,3.751399999600835,33.04529999149963
1597,53.23333333333287,SEARCH,0,0,0,0,3.9755262536955334,15.375548972932188,-20.26235175292996,15.299597888491725,-20.254950004965444,15.294500378777068,nan,nan,24.230611808127087,1938.448944650167,nan,0,4.997099997126497,32.36230000038631
1598,53.266666666666204,SEARCH,0,0,0,0,4.043186378237851,15.423278861007365,-20.05126932034162,15.002182468373103,-20.052506570766685,15.003032955512838,nan,nan,24.09935736308734,1927.9485890469869,nan,0,4.1739000007510185,30.004999993252568
1599,53.299999999999535,SEARCH,0,0,0,0,4.110146072015671,15.47198649981209,-19.82389862150771,14.715901831802478,-19.83545870007643,14.72462212331097,nan,nan,23.957264898408226,1916.5811918726579,nan,0,3.8828999968245625,30.042800004594028
1600,53.33333333333287,SEARCH,0,0,0,0,4.176409613001865,15.521637056754807,-19.58099197807844,14.441773331505003,-19.581627119902407,14.442755410050907,nan,nan,23.782520787536868,1902.6016630029494,nan,0,3.3416999940527603,28.613500006031245
1601,53.3666666666662,SEARCH,0,0,0,0,4.241843333846135,15.572376221560951,-19.323331225564313,14.180714233609853,-19.316110584601834,14.175445381362772,nan,nan,23.5993349185102,1887.9467934808158,nan,0,3.6975999973947182,31.431099996552803
1602,53.39999999999953,SEARCH,0,0,0,0,4.306410063942397,15.62421416165725,-19.05172492575011,13.933551722295245,-19.04802432733214,13.93264522402745,nan,nan,23.415614687791155,1873.2491750232925,nan,0,3.8921000086702406,28.37770000041928
1603,53.43333333333286,SEARCH,0,0,0,0,4.370182679246634,15.67702598046714,-18.767005605405863,13.701030911432786,-18.771154697649735,13.703487321557287,nan,nan,23.2253385428405,1858.0270834272399,nan,0,4.557200009003282,29.608500000904314
1604,53.46666666666619,SEARCH,0,0,0,0,4.433246095612306,15.730682668634048,-18.47002702730923,13.483821286313322,-18.471829297196184,13.485715976544332,nan,nan,23.01482900650868,1841.1863205206946,nan,0,3.891900007147342,30.67929999087937
1605,53.499999999999524,SEARCH,0,0,0,0,4.495694809512533,15.785053550555887,-18.16166149918697,13.282521912804372,-18.155260939632807,13.2820818692267,nan,nan,22.78882760449243,1823.1062083593943,nan,0,7.5480999948922545,29.75259999220725
1606,53.533333333332855,SEARCH,0,0,0,0,4.557570977394791,15.840075132839184,-17.842797225787837,13.097665682704092,-17.836192473710263,13.097703330802556,nan,nan,22.56105592840579,1804.8844742724634,nan,0,4.7341000026790425,32.939900003839284
1607,53.56666666666619,SEARCH,0,0,0,0,4.618815994953561,15.895798399909385,-17.514335708915308,12.92972280919163,-17.513214087960094,12.92915600580694,nan,nan,22.329973638262114,1786.397891060969,nan,0,5.247499997494742,33.507300002384
1608,53.59999999999952,SEARCH,0,0,0,0,4.679136498610482,15.952521159956179,-17.177189199876324,12.779103742387395,-17.18475481693762,12.789894577597398,nan,nan,22.09144518490228,1767.3156147921823,nan,0,4.954299991368316,33.48070000356529
1609,53.63333333333285,SEARCH,0,0,0,0,4.738704810095245,16.010033340714738,-16.83227820844178,12.646161639935434,-16.82854926587903,12.650757309028428,nan,nan,21.827303631797747,1746.1842905438198,nan,0,4.29670000448823,31.378600004245527
1610,53.66666666666618,SEARCH,0,0,0,0,4.8037171656451,16.06131129206432,-16.480529072065853,12.531194499449049,-16.47574166259005,12.531152608691905,nan,nan,21.5702894823492,1725.623158587936,nan,0,4.2864999995799735,30.32980000716634
1611,53.69999999999951,SEARCH,0,0,0,0,4.87352398329362,16.105842661665278,-16.122871588774338,12.434447037215934,-16.12394262778446,12.435780517532917,nan,nan,21.315791334715495,1705.2633067772394,nan,0,3.2248000061372295,30.092100001638755
1612,53.733333333332844,SEARCH,0,0,0,0,4.947427776393928,16.143182506792673,-15.760236716807446,12.356112379616766,-15.769551836498282,12.36196172557936,nan,nan,21.059223035935368,1684.7378428748293,nan,0,4.748400009702891,30.878499994287267
1613,53.766666666666175,SEARCH,0,0,0,0,5.024690122674711,16.172957740056905,-15.393554343789074,12.296333619372831,-15.39216935107748,12.3042319784075,nan,nan,20.780163372548213,1662.413069803857,nan,0,4.417899996042252,30.551200004993007
1614,53.79999999999951,SEARCH,0,0,0,0,5.104539042311467,16.19487085716958,-15.023751127893386,12.255205277284269,-15.01556141763183,12.253888477119855,nan,nan,20.502433627208084,1640.1946901766466,nan,0,4.1560000099707395,28.97129999473691
1615,53.83333333333284,SEARCH,0,0,0,0,5.18617671129373,16.20870290950802,-14.651748413189786,12.23277470097563,-14.650671037078679,12.233211948540998,nan,nan,20.23128905860519,1618.503124688415,nan,0,4.282900001271628,32.16400000383146
1616,53.86666666666617,SEARCH,0,0,0,0,5.268787433018855,16.21431569177753,-14.278460221069157,12.229043424868923,-14.282542586997376,12.237033763056699,nan,nan,19.951773783103025,1596.1419026482417,nan,0,4.289500007871538,30.494599996018223
1617,53.8999999999995,SEARCH,0,0,0,0,5.351545788462838,16.21165312291301,-13.904791319387668,12.243968509787667,-13.906717742444995,12.250772210507195,nan,nan,19.661365461944786,1572.909236955583,nan,0,4.788400008692406,32.207199998083524
1618,53.93333333333283,SEARCH,0,0,0,0,5.433624883494358,16.20074180642243,-13.53163537070902,12.277463875963736,-13.521628785511117,12.268804225042375,nan,nan,19.358764805643318,1548.7011844514655,nan,0,4.0388999914284796,30.72999999858439
1619,53.966666666666164,SEARCH,0,0,0,0,5.514204610927601,16.181690764573357,-13.15987316078187,12.329401639535812,-13.157545194383296,12.32722078197943,nan,nan,19.065444648338133,1525.2355718670506,nan,0,3.858399999444373,27.117199992062524
1620,53.999999999999496,SEARCH,0,0,0,0,5.592479844762172,16.154690349078514,-12.790370908155927,12.399613459705133,-12.794309237586043,12.40426770691835,nan,nan,18.765385227955942,1501.2308182364754,nan,0,4.077699995832518,26.661800002329983
1621,54.03333333333283,SEARCH,0,0,0,0,5.667668484735947,16.120010339164374,-12.423978655617873,12.48789190139972,-12.430979201361477,12.488906160419601,nan,nan,18.459305664687864,1476.744453175029,nan,0,3.6326999979792163,28.01769999496173
1622,54.06666666666616,SEARCH,0,0,0,0,5.739019270812369,16.07799724602631,-12.061528743916536,12.593991816471064,-12.058325951265308,12.589741705063844,nan,nan,18.13597043647972,1450.877634918378,nan,0,3.836599993519485,34.534000005805865
1623,54.09999999999949,SEARCH,0,0,0,0,5.805819289522396,16.029070850603276,-11.70383436804537,12.717631745010705,-11.69459028637715,12.713384352826907,nan,nan,17.811740854722007,1424.9392683777605,nan,0,3.4137000038754195,28.445000003557652
1624,54.13333333333282,SEARCH,0,0,0,0,5.8674010971602275,15.973720009265424,-11.351688216159225,12.858495337250245,-11.358310299254576,12.859458212535767,nan,nan,17.504963857464677,1400.397108597174,nan,0,9.261800005333498,27.59189999778755
1625,54.16666666666615,SEARCH,0,0,0,0,5.923321988216347,15.912655382743676,-11.005861191021312,13.016232795635112,-11.01374249988557,13.020069356333185,nan,nan,17.18229342649893,1374.5834741199144,nan,0,6.40719999501016,27.610799996182323
1626,54.199999999999484,SEARCH,0,0,0,0,5.973088812547404,15.846479119138419,-10.667101213704907,13.190462335989919,-10.669994787003782,13.185850552609727,nan,nan,16.854411175436482,1348.3528940349186,nan,0,3.8982999976724386,28.474399994593114
1627,54.233333333332816,SEARCH,0,0,0,0,6.016395396925306,15.775905934299766,-10.336132109112587,13.380771666181577,-10.329609656155808,13.372433149039082,nan,nan,16.521760276218817,1321.7408220975053,nan,0,3.3583000040380284,27.46599999954924
1628,54.26666666666615,SEARCH,0,0,0,0,6.052912879154522,15.701592354380685,-10.013652572723318,13.586719480303486,-10.01633836882963,13.582461398675761,nan,nan,16.208379057705525,1296.6703246164423,nan,0,5.709800010663457,26.39410000119824
1629,54.29999999999948,SEARCH,0,0,0,0,6.082375897062483,15.62421041046283,-9.700335217834365,13.80783696612433,-9.708061305350101,13.812679727491341,nan,nan,15.894009892367706,1271.5207913894164,nan,0,3.344700002344325,31.36389999417588
1630,54.33333333333281,SEARCH,0,0,0,0,6.10490202100892,15.544532255309107,-9.396825702430418,14.043629323347812,-9.396388085484912,14.049333789962839,nan,nan,15.573233877921997,1245.8587102337597,nan,0,5.520299993804656,30.181100009940565
1631,54.36666666666614,SEARCH,0,0,0,0,6.1202828410967225,15.463172160408858,-9.103741934686433,14.293577290098394,-9.095317528331375,14.28769228402404,nan,nan,15.260938619296198,1220.8750895436958,nan,0,3.937500005122274,24.930600004154257
1632,54.39999999999947,SEARCH,0,0,0,0,6.128793088246962,15.38080948462551,-8.821673355993049,14.557138674969638,-8.816373412076285,14.55073841548947,nan,nan,14.968200282672624,1197.4560226138099,nan,0,5.755700010922737,24.726399991777726
1633,54.433333333332804,SEARCH,0,0,0,0,6.130503627279157,15.298025979475208,-8.551180300284013,14.833749891935195,-8.554346238648494,14.837868138988968,nan,nan,14.692057746381078,1175.3646197104863,nan,0,3.4841000015148893,25.403899999218993
1634,54.466666666666136,SEARCH,0,0,0,0,6.1257328011834975,15.215362360590502,-8.292793428343405,15.122827495419548,-8.29634869105256,15.125114983914251,nan,nan,14.422363854711708,1153.7891083769366,nan,0,3.245899992180057,28.09730000444688
1635,54.49999999999947,SEARCH,0,0,0,0,6.114811645000757,15.133284574214509,-8.047013235676474,15.423769712849115,-8.039695917204895,15.413172190046959,nan,nan,14.157274504862627,1132.5819603890102,nan,0,3.8860000058775768,28.13859999878332
1636,54.5333333333328,SEARCH,0,0,0,0,6.098142273330397,15.052178676051266,-7.814309632441291,15.73595797204894,-7.807295267920943,15.725274780798483,nan,nan,13.921718700644256,1113.7374960515403,nan,0,4.463199991732836,32.95300000172574
1637,54.56666666666613,SEARCH,0,0,0,0,6.075608576446027,14.972502662261203,-7.595121593858922,16.058758420911232,-7.600851113218917,16.06163919919854,nan,nan,13.719758308334809,1097.5806646667845,nan,0,3.980499997851439,28.636800008825958
1638,54.59999999999946,ACQUIRING,0,0,0,0,6.0473215165913,14.894683147269614,-7.38985687944726,16.391523436836057,-7.400533542610941,16.39644265794714,-9.783606879447259,13.903082902855473,13.53144808663218,1082.5158469305745,1268.9562701375576,1,6.16420000733342,28.82089999911841
1639,54.63333333333279,ACQUIRING,0,0,0,0,6.013933241800681,14.81891205927916,-7.2734810539244865,16.635399563871992,-7.272816352420307,16.638716345920333,-9.783606879447259,13.903082902855473,13.41079425020044,1072.8635400160351,1265.92515905469,0,4.3231000017840415,24.77540000109002
1640,54.666666666666124,ACQUIRING,0,0,0,0,5.97533752184085,14.745656308177058,-7.245994117290602,16.79038680201904,-7.239263211305868,16.790770876876856,-9.783606879447259,13.903082902855473,13.371917070322786,1069.7533656258229,1262.516239480494,0,6.822200011811219,24.851900001522154
1641,54.699999999999456,ACQUIRING,0,0,0,0,5.931983014503615,14.675112553228114,-7.307396069545606,16.856485151277198,-7.305694368005909,16.855856926812184,-9.783606879447259,13.903082902855473,13.416100346461441,1073.2880277169154,1258.7633181713686,0,3.889800005708821,26.813599994056858
1642,54.73333333333279,ACQUIRING,0,0,0,0,5.884337496449634,14.60739298974666,-7.4576869106895,16.833694611646468,-7.463547375400587,16.839937255799782,-9.783606879447259,13.903082902855473,13.533302791708115,1082.6642233366492,1254.7013251981734,0,4.935399992973544,30.76609999698121
1643,54.76666666666612,SEARCH,0,0,0,0,5.8327975730532815,14.542588121372063,-7.696866640722281,16.72201518312685,-7.693852149491191,16.726498209494455,nan,nan,13.701814332029727,1096.1451465623782,nan,0,5.118599990964867,26.17630000167992
1644,54.79999999999945,SEARCH,0,0,0,0,5.777239237361124,14.481193447304449,-7.847157481866175,16.69922464349612,-7.841357662874939,16.694505375974664,nan,nan,13.797279848749652,1103.7823878999723,nan,0,3.521799997542985,27.50240000023041
1645,54.83333333333278,SEARCH,0,0,0,0,5.717911637204122,14.423432989131388,-7.908559434121179,16.765322992754278,-7.907836141232816,16.761720963128376,nan,nan,13.824926515931942,1105.9941212745553,nan,0,4.684599989559501,25.60269999958109
1646,54.86666666666611,SEARCH,0,0,0,0,5.655174968602121,14.369394622377076,-7.8810724974872945,16.920310230901325,-7.887861734946308,16.925968372245332,nan,nan,13.782231767466957,1102.5785413973565,nan,0,3.880899996147491,27.595899999141693
1647,54.899999999999444,SEARCH,0,0,0,0,5.589175332630097,14.319393795180806,-7.764696671964521,17.16418635793726,-7.772904213389962,17.16930976355895,nan,nan,13.662620203349881,1093.0096162679904,nan,0,4.2320000065956265,28.778799998690374
1648,54.933333333332776,SEARCH,0,0,0,0,5.520248435791923,14.273512235039387,-7.559431957552859,17.496951373862085,-7.551889685341607,17.498101289595258,nan,nan,13.46398045262819,1077.1184362102551,nan,0,5.191100004594773,29.650299999048002
1649,54.96666666666611,SEARCH,0,0,0,0,5.448686951771769,14.231859039800797,-7.265278354252308,17.9186052786758,-7.259312630941848,17.91935204945848,nan,nan,13.232190222730466,1058.5752178184373,nan,0,4.179800002020784,29.588699995656498
1650,54.99999999999944,SEARCH,0,0,0,0,5.374959953004669,14.194171318702978,-7.007091468572002,18.334884222940637,-7.011152040483154,18.33799580820595,nan,nan,13.060897814278599,1044.871825142288,nan,0,3.944199997931719,31.39990000636317
1651,55.03333333333277,SEARCH,0,0,0,0,5.299300237329396,14.160531430286284,-6.796784182529009,18.66790737835251,-6.80042934596415,18.67258353439986,nan,nan,12.913638920887665,1033.091113671013,nan,0,4.141099998378195,29.614700004458427
1652,55.0666666666661,SEARCH,0,0,0,0,5.221962501093199,14.130952565828508,-6.628115070747234,18.93432590268201,-6.625100302386499,18.933722566115136,nan,nan,12.783563538593043,1022.6850830874434,nan,0,3.622100004577078,29.114899996784516
1653,55.09999999999943,SEARCH,0,0,0,0,5.143188468718326,14.105444008594645,-6.49608528074124,19.147460722145606,-6.4933570946499595,19.14249972122286,nan,nan,12.679949641085592,1014.3959712868474,nan,0,5.452400000649504,28.148599987616763
1654,55.133333333332764,SEARCH,0,0,0,0,5.063247540236233,14.083868962310296,-6.396684242556321,19.317968577716485,-6.402756038933894,19.316881531616737,nan,nan,12.603716064243171,1008.2972851394537,nan,0,4.289400007110089,25.353399993036874
1655,55.166666666666096,SEARCH,0,0,0,0,4.982277759573269,14.066550495630409,-6.326686352473478,19.45437486217319,-6.334581951729807,19.454535596733038,nan,nan,12.53402158826203,1002.7217270609625,nan,0,4.571799989207648,29.996200013556518
1656,55.19999999999943,SEARCH,0,0,0,0,4.90054588009822,14.053286463580275,-6.283488442988027,19.56349988973855,-6.287488077915749,19.55739147173694,nan,nan,12.468651722880425,997.492137830434,nan,0,4.171200009295717,28.59399998851586
1657,55.23333333333276,SEARCH,0,0,0,0,4.818261063686298,14.044053714433506,-6.264979888413464,19.65079991179084,-6.264079812513536,19.63921062108603,nan,nan,12.414671163842847,993.1736931074278,nan,0,3.802699997322634,25.52310000464786
1658,55.26666666666609,SEARCH,0,0,0,0,4.735630435176603,14.038742038535661,-6.269438825180234,19.72063992943267,-6.272435304309252,19.716319955151956,nan,nan,12.385976034374169,990.8780827499336,nan,0,4.009500000393018,28.350599997793324
1659,55.29999999999942,SEARCH,0,0,0,0,4.652840697835853,14.037365790083996,-6.295449269677566,19.776511943546137,-6.308239180091117,19.77654383924347,nan,nan,12.372689148695585,989.8151318956468,nan,0,5.057899994426407,28.13580000656657
1660,55.33333333333275,SEARCH,0,0,0,0,4.570078621645696,14.039910080445866,-6.341834959514078,19.82120955483691,-6.3436829469188964,19.82326334605777,nan,nan,12.351411521374445,988.1129217099556,nan,0,3.7548999971477315,23.164500002167188
1661,55.366666666666084,SEARCH,0,0,0,0,4.487517854401519,14.046215187963082,-6.407606578500042,19.856967643869528,-6.407434828541765,19.852034061690375,nan,nan,12.345344335339583,987.6275468271666,nan,0,4.457900009583682,23.414600000251085
1662,55.399999999999416,SEARCH,0,0,0,0,4.405287579296509,14.05592170767435,-6.491919693201481,19.885574115095622,-6.489882438422039,19.88259919450844,nan,nan,12.355359171249228,988.4287336999383,nan,0,4.303699999582022,24.493100005201995
1663,55.43333333333275,SEARCH,0,0,0,0,4.323488601211054,14.068765455294345,-6.594041262960198,19.908459292076497,-6.598209976345388,19.91141414053807,nan,nan,12.38628449044259,990.9027592354071,nan,0,5.038599992985837,24.174300007871352
1664,55.46666666666608,SEARCH,0,0,0,0,4.242211819135017,14.084580617769495,-6.713323012515266,19.926767433661198,-6.716107871385484,19.9285744596991,nan,nan,12.419220364586517,993.5376291669213,nan,0,3.8997999945422634,24.58440000191331
1665,55.49999999999941,SEARCH,0,0,0,0,4.161564992794888,14.103345586994516,-6.84918029816152,19.941413946928957,-6.84423039022623,19.94338502184115,nan,nan,12.459277371239985,996.7421896991987,nan,0,5.159300009836443,25.950899987947196
1666,55.53333333333274,SEARCH,0,0,0,0,4.0816958205126825,14.125184771679534,-7.001075371827546,19.953131157543165,-7.003234079554897,19.94902396539493,nan,nan,12.521692131803425,1001.735370544274,nan,0,3.9739999920129776,24.220200008130632
1667,55.56666666666607,SEARCH,0,0,0,0,4.002754964911491,14.150172288276881,-7.168504166220726,19.962504926034534,-7.1761594139698754,19.962620731427194,nan,nan,12.59970966310895,1007.976773048716,nan,0,5.4801000078441575,24.60119999886956
1668,55.599999999999405,SEARCH,0,0,0,0,3.9248897927719377,14.17833342526438,-7.350985899206526,19.970003940827628,-7.358842193010553,19.97772037140512,nan,nan,12.686823734806065,1014.9458987844852,nan,0,3.6610999959520996,25.80560000205878
1669,55.633333333332736,SEARCH,0,0,0,0,3.848042892453788,14.209165041833144,-7.5480549356128614,19.976003152662102,-7.5488347984151805,19.974817240331195,nan,nan,12.77229683238971,1021.7837465911769,nan,0,3.656899993075058,22.511200004373677
1670,55.66666666666607,SEARCH,0,0,0,0,3.7723017791297253,14.242621258313529,-7.759254456677418,19.980802522129682,-7.756591742310293,19.97031544749315,nan,nan,12.873300530690008,1029.8640424552007,nan,0,3.626400008215569,25.403999999980442
1671,55.6999999999994,SEARCH,0,0,0,0,3.6977261649228472,14.278600591748402,-7.984131576985803,19.984642017703745,-7.985377148898562,19.983862069616713,nan,nan,13.00172725341802,1040.1381802734415,nan,0,3.557599993655458,25.32340001198463
1672,55.73333333333273,SEARCH,0,0,0,0,3.6244928532416756,14.317238872364383,-8.222233620460898,19.987713614162995,-8.22703423963371,19.99476641051127,nan,nan,13.14127137607224,1051.3017100857792,nan,0,3.451399999903515,25.475800008280203
1673,55.76666666666606,SEARCH,0,0,0,0,3.552610163213515,14.358335265674093,-8.473105324342495,19.990170891330397,-8.474334507082329,19.991199435657133,nan,nan,13.280683599116287,1062.454687929303,nan,0,3.842199992504902,25.632899996708147
1674,55.79999999999939,SEARCH,0,0,0,0,3.482107879333245,14.40175717991583,-8.736286786008083,19.99213671306432,-8.731173546839372,19.98778586193802,nan,nan,13.430113909839617,1074.4091127871693,nan,0,3.5481000086292624,26.663399999961257
1675,55.833333333332725,SEARCH,0,0,0,0,3.4130429192119554,14.447430650904968,-9.011312004224076,19.993709370451455,-9.011423644070598,19.99462673190273,nan,nan,13.606570241731129,1088.5256193384903,nan,0,3.498200007015839,29.395499994279817
1676,55.866666666666056,SEARCH,0,0,0,0,3.3453741210476,14.495148241201866,-9.29770789581647,19.994967496361163,-9.30353987922781,19.99402641039198,nan,nan,13.792486596185581,1103.3989276948464,nan,0,3.795600001467392,25.410599992028438
1677,55.89999999999939,SEARCH,0,0,0,0,3.279155371793744,14.544858520983878,-9.59499369227898,19.99597399708893,-9.599522204305453,19.99481398720872,nan,nan,13.984360932590173,1118.7488746072138,nan,0,4.2351000010967255,22.91529999638442
1678,55.93333333333272,SEARCH,0,0,0,0,3.2144446943191927,14.596516655769557,-9.902680639668956,19.996779197671145,-9.897093809215573,19.987928799008788,nan,nan,14.176733291839207,1134.1386633471366,nan,0,3.4352000075159594,26.313700000173412
1679,55.96666666666605,SEARCH,0,0,0,0,3.151205856583412,14.649966483370575,-10.220271940216707,19.997423358136917,-10.216996135635322,19.992638028287182,nan,nan,14.396282983521216,1151.7026386816972,nan,0,3.75960000383202,26.80059999693185
1680,55.99999999999938,SEARCH,0,0,0,0,3.089445220477298,14.705117716326141,-10.547262886143116,19.997938686509535,-10.554401771751174,20.0022092927779,nan,nan,14.636042495041414,1170.8833996033131,nan,0,4.1046999976970255,28.465800001868047
1681,56.03333333333271,SEARCH,0,0,0,0,3.029121137642798,14.761836669938909,-10.883141145845451,19.998350949207627,-10.886714232347241,20.00258511884701,nan,nan,14.869966992209447,1189.5973593767558,nan,0,6.518200010759756,26.74750000005588
1682,56.066666666666045,SEARCH,0,0,0,0,2.9702739148383936,14.820086468539072,-11.22738717035238,19.998680759366103,-11.227116488819414,19.998143575289735,nan,nan,15.112186131551114,1208.9748905240892,nan,0,5.459399995743297,25.32410000276286
1683,56.099999999999376,SEARCH,0,0,0,0,2.912926927322031,14.87981382986995,-11.579474694151559,19.99894460749288,-11.57404263895203,19.991072643044195,nan,nan,15.362202116539224,1228.976169323138,nan,0,3.558399999747053,25.72189999045804
1684,56.13333333333271,SEARCH,0,0,0,0,2.8571251162149407,14.94098729262889,-11.938871309464277,19.999155685994303,-11.943051230404325,19.999397159658127,nan,nan,15.640739441403888,1251.259155312311,nan,0,3.565499995602295,24.686700009624474
1685,56.16666666666604,SEARCH,0,0,0,0,2.8028855582149292,15.003550101203269,-12.305039097027757,19.999324548795443,-12.312352138461458,20.00193778585208,nan,nan,15.920247801874059,1273.6198241499249,nan,0,3.5200999991502613,26.146599993808195
1686,56.19999999999937,SEARCH,0,0,0,0,2.750472307578201,15.06765069267045,-12.677435299643959,19.999459639036353,-12.671700842737321,19.997772010571026,nan,nan,16.191032113102942,1295.2825690482355,nan,0,5.65749999077525,26.511300005950034
1687,56.2333333333327,SEARCH,0,0,0,0,2.7002364155444782,15.133471584645012,-13.055513027321316,19.999567711229083,-13.047914682384542,19.991397511942807,nan,nan,16.480403736508254,1318.4322989206603,nan,0,3.7038000009488314,25.017199994181283
1688,56.26666666666603,SEARCH,0,0,0,0,2.652135809300342,15.200868664312438,-13.43872198489914,19.999654168983266,-13.43768502797747,19.993510370918415,nan,nan,16.788440937251988,1343.0752749801588,nan,0,3.815600008238107,24.61100000073202
1689,56.299999999999365,SEARCH,0,0,0,0,2.605868431850056,15.269537175674078,-13.826509214704009,19.999723335186612,-13.836214874584439,20.00798058463801,nan,nan,17.11125212822503,1368.9001702580024,nan,0,3.7100999907124788,24.222000007284805
1690,56.333333333332696,SEARCH,0,0,0,0,2.5613591754600837,15.339358094920122,-14.218319848124082,19.99977866814929,-14.219560451955022,20.00320518217544,nan,nan,17.416966819600518,1393.3573455680414,nan,0,9.333299996796995,38.17690000869334
1691,56.36666666666603,SEARCH,0,0,0,0,2.519004734975554,15.410506784577722,-14.61359786106538,19.999822934519432,-14.607013689246608,19.993339208989635,nan,nan,17.728588779060733,1418.2871023248588,nan,0,4.078400001162663,32.02389999933075
1692,56.39999999999936,SEARCH,0,0,0,0,2.4789027790850757,15.482948953253908,-15.01178682912535,19.999858347615547,-15.008575207265636,19.99317546121746,nan,nan,18.05973503338955,1444.778802671164,nan,0,11.07870000123512,59.99790001078509
1693,56.43333333333269,SEARCH,0,0,0,0,2.4407668012244828,15.556445088263631,-15.412330679024617,19.999886678092437,-15.415138663033273,19.993790139428473,nan,nan,18.39900516472581,1471.920413178065,nan,0,10.45059999160003,50.962599998456426
1694,56.46666666666602,SEARCH,0,0,0,0,2.4046237007608244,15.630941470441726,-15.81467443341074,19.99990934247395,-15.819957000831598,20.004408091563157,nan,nan,18.741999680794958,1499.3599744635967,nan,0,10.731699992902577,50.144799999543466
1695,56.49999999999935,SEARCH,0,0,0,0,2.3704857134162807,15.706377751426507,-16.21826494661469,19.99992747397916,-16.21056268940073,19.99869370381048,nan,nan,19.070378496058186,1525.6302796846549,nan,0,7.9566000058548525,49.7929999983171
1696,56.533333333332685,SEARCH,0,0,0,0,2.338504675942134,15.78275345378549,-16.62255162932224,19.999941979183326,-16.616687904627202,19.9937686804253,nan,nan,19.417311219771474,1553.3848975817177,nan,0,13.506599992979318,68.33189999451861
1697,56.566666666666016,SEARCH,0,0,0,0,2.3085543428949267,15.859948092324137,-17.02698716043599,19.99995358334666,-17.03216561039916,19.998551571440416,nan,nan,19.778561299273044,1582.2849039418434,nan,0,17.635199998039752,43.50480000721291
1698,56.59999999999935,SEARCH,0,0,0,0,2.280781839672424,15.937952725093652,-17.431028184662424,19.99996286667733,-17.4370523432954,20.006572974230576,nan,nan,20.133222682886647,1610.6578146309316,nan,0,12.091799988411367,55.530400000861846
1699,56.63333333333268,SEARCH,0,0,0,0,2.255272982667608,16.016726660396255,-17.83413599457306,19.999970293341864,-17.828673963654968,20.00410208118211,nan,nan,20.47593923826175,1638.07513906094,nan,0,12.310199992498383,57.25779999920633
1700,56.66666666666601,SEARCH,0,0,0,0,2.222027292592359,16.092560417788143,-18.235777196068348,19.99997623467349,-18.231031614346414,19.998499675633955,nan,nan,20.822679465829765,1665.814357266381,nan,0,10.725100000854582,53.231900004902855
1701,56.69999999999934,SEARCH,0,0,0,0,2.1813769493923454,16.164696291432758,-18.635424356323913,19.99998098773879,-18.637007469103576,20.002177747035365,nan,nan,21.169114145810816,1693.5291316648654,nan,0,12.683699998888187,60.1944999943953
1702,56.73333333333267,SEARCH,0,0,0,0,2.133728117859605,16.232413523525597,-19.03255663342698,19.999984790191032,-19.037690860857737,20.004177669239304,nan,nan,21.50477124601153,1720.3816996809223,nan,0,12.914999999338761,57.874400008586235
1703,56.766666666666005,SEARCH,0,0,0,0,2.079556889368203,16.29503550586793,-19.426660387020526,19.999987832152826,-19.426307670007223,20.000941038170634,nan,nan,21.82283084891948,1745.8264679135584,nan,0,8.934400000725873,65.41360000846907
1704,56.799999999999336,SEARCH,0,0,0,0,2.019404524926598,16.351936540312263,-19.817229769367398,19.99999026572226,-19.810741433136148,19.99409451085677,nan,nan,22.131890728826672,1770.5512583061338,nan,0,10.428699999465607,53.20619999838527
1705,56.83333333333267,SEARCH,0,0,0,0,1.9538720470765625,16.40254809053141,-20.203767296329413,19.99999221257781,-20.200496510892343,19.991431251037394,nan,nan,22.443175544964323,1795.4540435971458,nan,0,11.67870000062976,63.192500005243346
1706,56.866666666666,SEARCH,0,0,0,0,1.883614234674617,16.44636446264554,-20.58578439782906,19.999993770062247,-20.586078763816147,20.004860831632783,nan,nan,22.74972526986909,1819.978021589527,nan,0,6.514900000183843,55.25380000472069
1707,56.89999999999933,SEARCH,0,0,0,0,1.8093330805581365,16.482947857948254,-20.962801947426183,19.999995016049798,-20.963594058871347,20.0066885589219,nan,nan,23.043935406641424,1843.514832531314,nan,0,14.663599999039434,53.50619999808259
1708,56.93333333333266,SEARCH,0,0,0,0,1.731770777464968,16.511932747246547,-21.334350770700116,19.999996012839837,-21.327346868142847,19.998382315769636,nan,nan,23.321197164550462,1865.6957731640368,nan,0,11.688299986417405,55.41380000067875
1709,56.96666666666599,SEARCH,0,0,0,0,1.65170230228893,16.533029523107686,-21.69997213218017,19.99999681027187,-21.6937531769996,19.996481610338854,nan,nan,23.600970147347518,1888.0776117878015,nan,0,14.836999995168298,53.1335000123363
1710,56.999999999999325,SEARCH,0,0,0,0,1.569927672766862,16.54602739352093,-22.059218200615465,19.999997448217496,-22.061458703871676,20.001128623562096,nan,nan,23.882632739960005,1910.6106191968004,nan,0,9.395000000949949,46.25840000517201
1711,57.033333333332656,SEARCH,0,0,0,0,1.4872639539658503,16.550796488061636,-22.411652492419165,19.999997958573996,-22.415104129700193,20.001177752202793,nan,nan,24.15012072174782,1932.0096577398258,nan,0,13.143999996827915,49.04759999772068
1712,57.06666666666599,SEARCH,0,0,0,0,1.404537094439162,16.547289155513603,-22.756850293163115,19.999998366859195,-22.74947953095238,20.00148088983617,nan,nan,24.399753270825375,1951.98026166603,nan,0,11.355199996614829,36.09680000226945
1713,57.09999999999932,SEARCH,0,0,0,0,1.3225736736213236,16.535540439984285,-23.094399057036902,19.999998693487356,-23.082889898772113,19.997210486151907,nan,nan,24.649742629324898,1971.979410345992,nan,0,9.96389999636449,50.201299993204884
1714,57.13333333333265,SEARCH,0,0,0,0,1.2421926429196422,16.515667730755638,-23.42389878422114,19.999998954789884,-23.423566841400383,20.000108595288904,nan,nan,24.910660751508633,1992.8528601206908,nan,0,11.974499997450039,51.96320000686683
1715,57.16666666666598,SEARCH,0,0,0,0,1.164197143022453,16.487869589369236,-23.744962376158256,19.99999916383191,-23.747643679717992,20.00925029221944,nan,nan,25.15948996366904,2012.7591970935232,nan,0,12.842900003306568,50.36539999127854
1716,57.199999999999314,SEARCH,0,0,0,0,1.0893664791828441,16.452423765664964,-24.057215968735814,19.999999331065528,-24.055295847113243,20.002112651824834,nan,nan,25.393982253517873,2031.5185802814296,nan,0,6.6826999973272905,48.41250000754371
1717,57.233333333332645,SEARCH,0,0,0,0,1.018448334658172,16.409684422596445,-24.36029924342743,19.999999464852422,-24.35025516607144,20.001288616908926,nan,nan,25.621684917205073,2049.734793376406,nan,0,15.622399994754232,42.92390000773594
1718,57.26666666666598,SEARCH,0,0,0,0,0.9519852006043164,16.36030136395798,-24.65386571646477,19.999999571881936,-24.656037912675597,20.000820928766235,nan,nan,25.865502710599497,2069.2402168479593,nan,0,11.995399996521883,48.28040000575129
1719,57.29999999999931,SEARCH,0,0,0,0,0.8900844580407422,16.305307430303177,-24.93758300614132,19.999999657505548,-24.942084460593303,20.012326537709065,nan,nan,26.096799453257006,2087.7439562605605,nan,0,13.34320000023581,50.46079999010544
1720,57.33333333333264,SEARCH,0,0,0,0,0.8327160676497352,16.24560062622947,-25.211133078374242,19.99999972600444,-25.214290933703694,20.00606715032172,nan,nan,26.317060668079424,2105.3648534463537,nan,0,10.317400010535493,61.935299992910586
1721,57.36666666666597,SEARCH,0,0,0,0,0.7797546532520527,16.18195219141959,-25.474212470675436,19.999999780803552,-25.470274050323482,19.992616887602995,nan,nan,26.52517996857473,2122.014397485978,nan,0,8.406699998886324,47.843799999100156
1722,57.3999999999993,SEARCH,0,0,0,0,0.7310115769258595,16.115018289852372,-25.72653249470608,19.999999824642842,-25.723526709660582,19.993881056021134,nan,nan,26.737392773328484,2138.991421866279,nan,0,6.451499997638166,47.60399999213405
1723,57.433333333332634,SEARCH,0,0,0,0,0.6862589366618251,16.04535312023262,-25.967819417611516,19.999999859714272,-25.970493379505193,20.00301952651784,nan,nan,26.948943716385514,2155.915497310841,nan,0,10.830600003828295,50.514400005340576
1724,57.466666666665965,SEARCH,0,0,0,0,0.6452471987301955,15.973422097574948,-26.197814622354368,19.999999887771416,-26.202787270989376,20.00147376979834,nan,nan,27.148520312557586,2171.881625004607,nan,0,12.868899997556582,49.95519999647513
1725,57.4999999999993,SEARCH,0,0,0,0,0.6081188949060566,15.899411802859326,-26.416274747284263,19.999999910217134,-26.405476827859623,20.00175878833849,nan,nan,27.323316135899283,2185.8652908719428,nan,0,12.246500002220273,52.756199991563335
1726,57.53333333333263,SEARCH,0,0,0,0,0.5751229910108231,15.823469028384809,-26.622971805201658,19.999999928173708,-26.61471888382452,19.99953608202789,nan,nan,27.50867203656099,2200.6937629248796,nan,0,8.862500006216578,57.30629999015946
1727,57.56666666666596,SEARCH,0,0,0,0,0.5462376948892637,15.74586958034089,-26.817693282191673,19.999999942538967,-26.821632065356827,20.00937673929159,nan,nan,27.697974447750077,2215.8379558200063,nan,0,13.193600010708906,51.64009999134578
1728,57.59999999999929,SEARCH,0,0,0,0,0.5219019696325553,15.66672536295907,-27.000242216521222,19.999999954031175,-27.008065577999634,20.007851380290855,nan,nan,27.870136136589583,2229.6108909271666,nan,0,6.60789999528788,48.46970000653528
1729,57.63333333333262,SEARCH,0,0,0,0,0.5022925643613309,15.586279692512116,-27.17043725790925,19.99999996322494,-27.165117606408995,19.998655197864913,nan,nan,28.017042012994207,2241.363361039537,nan,0,19.373300005099736,52.734899989445694
1730,57.666666666665954,SEARCH,0,0,0,0,0.48721160647341955,15.50486348173113,-27.328112707495443,19.999999970579953,-27.324064043118145,19.991029287415333,nan,nan,28.170778066884395,2253.6622453507516,nan,0,9.712099999887869,42.84639999968931
1731,57.699999999999285,SEARCH,0,0,0,0,0.4765339070987358,15.422753668646367,-27.473118538847636,19.99999997646396,-27.472400952677976,19.99578947876037,nan,nan,28.320586440196237,2265.646915215699,nan,0,9.737699991092086,57.515299995429814
1732,57.73333333333262,SEARCH,0,0,0,0,0.47009716681953867,15.340203059664185,-27.60532040036193,19.999999981171168,-27.607180818856868,20.00882364624743,nan,nan,28.462774939671956,2277.0219951737567,nan,0,14.220500001101755,44.23729999689385
1733,57.76666666666595,SEARCH,0,0,0,0,0.4678414268349718,15.25743261623253,-27.72459959942268,19.999999984936935,-27.722959849230193,20.006275420625915,nan,nan,28.587983219657804,2287.0386575726243,nan,0,8.116099998005666,43.45709999324754
1734,57.79999999999928,SEARCH,0,0,0,0,0.46975475818004775,15.174653549845459,-27.83085306870179,19.999999987949547,-27.824451939070986,19.99550209935903,nan,nan,28.701963580286844,2296.1570864229475,nan,0,7.195899990620092,36.40920000907499
1735,57.83333333333261,SEARCH,0,0,0,0,0.4753860548086695,15.092044088117207,-27.923993314988067,19.999999990359637,-27.921195132673745,19.999431969747988,nan,nan,28.817499526469273,2305.399962117542,nan,0,14.33809999434743,51.14229999890085
1736,57.86666666666594,SEARCH,0,0,0,0,0.4846862132509659,15.00976686331168,-28.003948350948303,19.99999999228771,-28.008498783262205,20.001660766230863,nan,nan,28.927160178343208,2314.1728142674565,nan,0,11.459500005003065,42.4427999969339
1737,57.899999999999274,SEARCH,0,0,0,0,0.497663761026039,14.927989006146696,-28.070661610231426,19.999999993830166,-28.074126214127947,20.009287188055445,nan,nan,29.020109813675397,2321.6087850940316,nan,0,11.68899999174755,49.22709999664221
1738,57.933333333332605,SEARCH,0,0,0,0,0.5140632061204214,14.846828098873877,-28.124091846336345,19.975206621263453,-28.115484136817923,19.972039235010588,nan,nan,29.084682742837813,2326.7746194270253,nan,0,8.935400008340366,47.42930000065826
1739,57.96666666666594,SEARCH,0,0,0,0,0.5339728576673407,14.766456210479792,-28.164213015672523,19.875609665041083,-28.160768361293126,19.8711624336617,nan,nan,29.14526032218791,2331.6208257750327,nan,0,7.590699999127537,39.466800008085556
1740,57.99999999999927,SEARCH,0,0,0,0,0.5575579459236336,14.687085067860489,-28.19101414524994,19.716331701753838,-28.20085300052727,19.721028196764202,nan,nan,29.19566378060249,2335.653102448199,nan,0,10.013999999500811,43.74009999446571
1741,58.0333333333326,SEARCH,0,0,0,0,0.5843514457758119,14.608738765877419,-28.2044991854422,19.509558554651715,-28.20793478491524,19.5224863470412,nan,nan,29.208571715875365,2336.685737270029,nan,0,12.979100007214583,41.27349999907892
1742,58.06666666666593,SEARCH,0,0,0,0,0.6142533952281898,14.531525372688812,-28.204686848272676,19.265125811783786,-28.19565199608462,19.26573116853897,nan,nan,29.196290058393654,2335.7032046714926,nan,0,9.634300004108809,43.02820000157226
1743,58.09999999999926,SEARCH,0,0,0,0,0.6468631663455878,14.455415994183783,-28.191610431679432,18.990987954382113,-28.182963888744187,18.98773836440726,nan,nan,29.18391464649687,2334.71317171975,nan,0,12.44089999818243,49.86450000433251
1744,58.133333333332594,SEARCH,0,0,0,0,0.6820300652115866,14.380453844448736,-28.165317630219356,18.693593575693725,-28.16582132407568,18.696533095092068,nan,nan,29.168940156890123,2333.51521255121,nan,0,8.811600011540577,44.125799991888925
1745,58.166666666665925,SEARCH,0,0,0,0,0.7196226885689807,14.306678310984992,-28.125870332676477,18.378185474472513,-28.13559913205182,18.385881540841137,nan,nan,29.14212973184526,2331.3703785476205,nan,0,7.773799996357411,42.47169999871403
1746,58.19999999999926,SEARCH,0,0,0,0,0.7596767158422832,14.2342096310747,-28.073344407042985,18.049040650545816,-28.070488921735123,18.052061598885544,nan,nan,29.081857649370786,2326.5486119496627,nan,0,12.013900006422773,51.32210000010673
1747,58.23333333333259,SEARCH,0,0,0,0,0.8019449094890169,14.163009669876725,-28.007829473344607,17.709662224429113,-27.998205537299576,17.70436222616181,nan,nan,29.017061251711276,2321.364900136902,nan,0,13.371099994401447,49.91699999663979
1748,58.26666666666592,SEARCH,0,0,0,0,0.8464262214271312,14.093170944537448,-27.92942866478446,17.362932898605735,-27.925083076405727,17.362130370705685,nan,nan,28.95662002038941,2316.5296016311527,nan,0,12.036200001602992,38.19310000108089
1749,58.29999999999925,SEARCH,0,0,0,0,0.8932533818829353,14.024882938911297,-27.83825837768135,17.011237654599793,-27.843174558658514,17.01951016625659,nan,nan,28.89204186298866,2311.3633490390926,nan,0,13.156400003936142,48.06649999227375
1750,58.33333333333258,SEARCH,0,0,0,0,0.9425653633316461,13.9583670524303,-27.734448010679895,16.6565618411763,-27.737077599512183,16.661856462170135,nan,nan,28.806783497377367,2304.5426797901896,nan,0,12.387199996737763,52.93599999276921
1751,58.366666666665914,SEARCH,0,0,0,0,0.994153285835314,13.893600387235104,-27.61813969371055,16.30056957796357,-27.611855427194623,16.296570783201265,nan,nan,28.70675880718397,2296.540704574718,nan,0,14.859999995678663,52.70490000839345
1752,58.399999999999245,SEARCH,0,0,0,0,1.0478766602703293,13.830593770851854,-27.489488007177908,15.944666413958801,-27.485684311555463,15.93778749532898,nan,nan,28.61126294180975,2288.90103534478,nan,0,9.223199987900443,61.06460001319647
1753,58.43333333333258,SEARCH,0,0,0,0,1.1038606568070048,13.76958699417473,-27.34865969185534,15.59004939250695,-27.356917335017425,15.596839645983742,nan,nan,28.519374750394878,2281.54998003159,nan,0,12.113400007365271,71.41330000013113
1754,58.46666666666591,SEARCH,0,0,0,0,1.1619451567259282,13.710576609174126,-27.19583334996332,15.237747044043568,-27.209178988760755,15.23649820803996,nan,nan,28.412129839287,2272.9703871429597,nan,0,12.70690000092145,46.15040001226589
1755,58.49999999999924,SEARCH,0,0,0,0,1.2220272149861748,13.653601343102231,-27.031199137907457,14.888651323649198,-27.030483717905476,14.884912239888642,nan,nan,28.279329916702537,2262.3463933362027,nan,0,8.568000004743226,64.84169999021105
1756,58.53333333333257,SEARCH,0,0,0,0,1.2840472636252123,13.598741993529325,-26.8549584511506,14.543543107065803,-26.85586745226903,14.537036472713964,nan,nan,28.15555356847863,2252.44428547829,nan,0,10.938099992927164,62.71450000349432
1757,58.5666666666659,SEARCH,0,0,0,0,1.3480011735583772,13.546149864146578,-26.667323601691102,14.203112536104866,-26.670643587117528,14.210251886582059,nan,nan,28.0265139773243,2242.1211181859435,nan,0,11.234399993554689,51.0917000065092
1758,58.599999999999234,SEARCH,0,0,0,0,1.413953801218402,13.496087047870533,-26.468517488616854,13.867975246197288,-26.469187742928312,13.87276242662982,nan,nan,27.885685695565815,2230.854855645265,nan,0,14.330399993923493,61.66829999710899
1759,58.633333333332565,SEARCH,0,0,0,0,1.4817210552185698,13.448509385527501,-26.25877326220153,13.538685302288755,-26.25314948935006,13.540264714892531,nan,nan,27.735022321325932,2218.8017857060745,nan,0,11.240600011660717,66.34389999089763
1760,58.6666666666659,SEARCH,0,0,0,0,1.5511259004672517,13.403354074380777,-26.038333982006087,13.215745504044328,-26.029582768188728,13.213749575671248,nan,nan,27.581360382171255,2206.5088305737004,nan,0,7.751600001938641,63.65530000766739
1761,58.69999999999923,SEARCH,0,0,0,0,1.6219888995926648,13.360523360824935,-25.807452269444788,12.899615589131427,-25.808793271674332,12.907046339788941,nan,nan,27.434530284590387,2194.762422767231,nan,0,7.7748000039719045,70.37250000576023
1762,58.73333333333256,SEARCH,0,0,0,0,1.6942365142546378,13.320071947445351,-25.566389955270697,12.59071875759201,-25.569680764752032,12.596270181449249,nan,nan,27.273523321950496,2181.8818657560396,nan,0,10.47870000184048,59.32970000139903
1763,58.76666666666589,SEARCH,0,0,0,0,1.7678203845099314,13.28210553193107,-25.315417722431107,12.289446855705572,-25.313446543911915,12.290482351501804,nan,nan,27.099415768248576,2167.953261459886,nan,0,11.668200007989071,64.02330000128131
1764,58.79999999999922,SEARCH,0,0,0,0,1.8426510894215806,13.246659794935253,-25.054814744738444,11.996164490054777,-25.05253464269595,11.989872820872714,nan,nan,26.924533961858497,2153.96271694868,nan,0,9.74000000860542,70.8118999900762
1765,58.833333333332554,SEARCH,0,0,0,0,1.918706292482293,13.213923870385232,-24.78486832179689,11.711212288351179,-24.782354183376246,11.704834438718875,nan,nan,26.74367180190899,2139.493744152719,nan,0,8.792500011622906,79.45330000075046
1766,58.866666666665886,SEARCH,0,0,0,0,1.9957731556596832,13.183646266967056,-24.505873510619494,11.434909480252793,-24.509631943848092,11.439823217853837,nan,nan,26.562707285132504,2125.0165828106005,nan,0,10.452400005306117,55.952899987460114
1767,58.89999999999922,SEARCH,0,0,0,0,2.0738979987424826,13.156213739521723,-24.218132754364618,11.167555936742398,-24.21594975824337,11.175655809868106,nan,nan,26.36434533225143,2109.147626580115,nan,0,9.926899991114624,67.67640000907704
1768,58.93333333333255,SEARCH,0,0,0,0,2.1530084344104203,13.13176842019102,-23.921955508614417,10.909433778902882,-23.91247177408519,10.91047464614869,nan,nan,26.159958037620694,2092.7966430096553,nan,0,6.7008999903919175,74.65120000415482
1769,58.96666666666588,SEARCH,0,0,0,0,2.2329577919719013,13.110224630035678,-23.617657865611754,10.66080864473796,-23.61117974272528,10.65934875559256,nan,nan,25.960089319266046,2076.8071455412837,nan,0,13.288800008012913,61.56649999320507
1770,58.99999999999921,SEARCH,0,0,0,0,2.313677535127284,13.091775843254972,-23.30556217686511,10.421930684933939,-23.30744526728351,10.432010800673481,nan,nan,25.75880982766775,2060.70478621342,nan,0,12.407100002747029,69.52720000117552
1771,59.03333333333254,SEARCH,0,0,0,0,2.3950331678068615,13.076371438039041,-22.985996674524255,10.193035344254218,-22.99284156215652,10.204908532924769,nan,nan,25.54974525351986,2043.9796202815887,nan,0,13.909900008002296,65.0712999922689
1772,59.066666666665874,SEARCH,0,0,0,0,2.476912263669226,13.0640487626188,-22.659295091922306,9.974343973893175,-22.656053337620072,9.976307717462198,nan,nan,25.321929323760777,2025.7543459008623,nan,0,12.442299994290806,65.47180000052322
1773,59.099999999999206,SEARCH,0,0,0,0,2.5591876585793796,13.05473242958862,-22.32579628367237,9.766064311022063,-22.320062203738278,9.7580710532784,nan,nan,25.09671392715964,2007.7371141727715,nan,0,5.149599994183518,58.57700000342447
1774,59.13333333333254,SEARCH,0,0,0,0,2.6417453222385268,13.048386813787609,-21.985843845699456,9.568390854482722,-21.98986359097045,9.568420832153022,nan,nan,24.87621998790431,1990.097599032345,nan,0,10.660900006769225,72.69849999283906
1775,59.16666666666587,SEARCH,0,0,0,0,2.7244676401242987,13.044773948947036,-21.639785735580595,9.381505159761637,-21.640438950345114,9.387606179119912,nan,nan,24.63784790234249,1971.027832187399,nan,0,10.55570000607986,62.38780000421684
1776,59.1999999999992,SEARCH,0,0,0,0,2.80726292687861,13.043786447037027,-21.287973893558195,9.205576071716786,-21.27851552978685,9.20644143037463,nan,nan,24.389545724356445,1951.1636579485157,nan,0,8.372299998882227,53.49649999698158
1777,59.23333333333253,SEARCH,0,0,0,0,2.8900497358415227,13.045328825229664,-20.930763864583515,9.040759909799892,-20.92183129759285,9.03308984442752,nan,nan,24.147541075428357,1931.8032860342687,nan,0,7.556800002930686,56.34270000155084
1778,59.26666666666586,SEARCH,0,0,0,0,2.9727722264889778,13.04893773224324,-20.56851442173893,8.887200617531576,-20.568359868190196,8.888593502408245,nan,nan,23.905927390709092,1912.4741912567274,nan,0,10.054099999251775,48.341600006096996
1779,59.299999999999194,SEARCH,0,0,0,0,3.0553812211629485,13.0545758762381,-20.201587191379343,8.745029885597265,-20.207314148442197,8.748109050450525,nan,nan,23.657951145030662,1892.6360916024532,nan,0,14.492899994365871,66.04760000482202
1780,59.333333333332526,SEARCH,0,0,0,0,3.1378481460662084,13.062008302877567,-19.830346280324502,8.614367256018678,-19.82917115473772,8.622091474612981,nan,nan,23.392238819860896,1871.3791055888717,nan,0,9.24519999534823,69.56069999432657
1781,59.36666666666586,SEARCH,0,0,0,0,3.2201168354109777,13.07138366539028,-19.45515790542535,8.495320213324053,-19.449734735910766,8.495236237063537,nan,nan,23.127111699292247,1850.16893594338,nan,0,12.806900005671196,56.29659999976866
1782,59.39999999999919,SEARCH,0,0,0,0,3.3021392635731237,13.082713093757876,-19.07639002581892,8.38798426741374,-19.073703738988666,8.392085311110534,nan,nan,22.862203285568008,1828.9762628454405,nan,0,8.54950000939425,58.01459999929648
1783,59.43333333333252,SEARCH,0,0,0,0,3.383866829594638,13.096003677678455,-18.69441197817741,8.292443031835383,-18.696713206950555,8.303269416960568,nan,nan,22.594740902345773,1807.5792721876621,nan,0,11.12910000665579,65.72769999911543
1784,59.46666666666585,SEARCH,0,0,0,0,3.465290039383644,13.111046801569671,-18.309594115248075,8.208768300395953,-18.31417289549336,8.2162644883149,nan,nan,22.322721599881877,1785.81772799055,nan,0,11.128300000564195,57.930599999963306
1785,59.49999999999918,SEARCH,0,0,0,0,3.546367181690236,13.12785547980883,-17.92230744797176,8.137020124407336,-17.91266790873426,8.132956174152678,nan,nan,22.03268494954063,1762.6147959632503,nan,0,7.494699995731935,59.64950000634417
1786,59.533333333332514,SEARCH,0,0,0,0,3.6271369869166836,13.146083843214045,-17.53292329145877,8.07724689235676,-17.527457364112276,8.070989693329325,nan,nan,21.754848719004702,1740.3878975203763,nan,0,12.805199992726557,66.0109000018565
1787,59.566666666665846,SEARCH,0,0,0,0,3.7076014631168217,13.165615938303622,-17.141812915091684,8.029485413388144,-17.14670933275264,8.031672143215651,nan,nan,21.47695643385812,1718.1565147086496,nan,0,11.513000004924834,50.71189999580383
1788,59.59999999999918,SEARCH,0,0,0,0,3.787710550482407,13.186557972354878,-16.74934719701565,7.993761005655516,-16.75300517513241,7.997772294990733,nan,nan,21.18595051740986,1694.876041392789,nan,0,7.035799993900582,47.87639999995008
1789,59.63333333333251,SEARCH,0,0,0,0,3.867436240352663,13.20891527638427,-16.355896283267448,7.970087590348876,-16.353358300057838,7.970990654271949,nan,nan,20.88818771919732,1671.0550175357855,nan,0,14.254699999582954,50.83140000351705
1790,59.66666666666584,SEARCH,0,0,0,0,3.9466760865153176,13.23293779600378,-15.961829251785543,7.958467791983667,-15.95374055345292,7.953078910557237,nan,nan,20.588916734363504,1647.1133387490804,nan,0,7.52440000360366,63.11259999347385
1791,59.69999999999917,SEARCH,0,0,0,0,4.025438578987891,13.25848196262277,-15.567513781534048,7.95889304537693,-15.5695524301304,7.959119378769532,nan,nan,20.29893880089721,1623.915104071777,nan,0,6.489400009741075,63.622799993027
1792,59.7333333333325,SEARCH,0,0,0,0,4.103772776511222,13.285310830789854,-15.173315826964352,7.971343709598256,-15.181948540288953,7.981333706752622,nan,nan,20.00178042179223,1600.1424337433784,nan,0,7.213599994429387,59.79309999383986
1793,59.766666666665834,SEARCH,0,0,0,0,4.181716580716829,13.313253594695897,-14.779599298029009,7.995789189075085,-14.775661259775678,8.005169147848184,nan,nan,19.686491182586675,1574.919294606934,nan,0,12.686999994912185,53.290399999241345
1794,59.799999999999166,SEARCH,0,0,0,0,4.259360715849977,13.342018555119587,-14.386725745953246,8.032188061944721,-14.380758135568412,8.028972351817693,nan,nan,19.38253055597808,1550.6024444782463,nan,0,6.090000009862706,59.3518999958178
1795,59.8333333333325,SEARCH,0,0,0,0,4.336763778655193,13.37142604629314,-13.995054054960336,8.080488215675132,-13.992074796002145,8.07321588373579,nan,nan,19.079238832366265,1526.3391065893013,nan,0,18.24309999938123,70.28130000981037
1796,59.86666666666583,SEARCH,0,0,0,0,4.41383044429883,13.401704152497507,-13.604940140137886,8.140626989920166,-13.614353608677138,8.145987222395355,nan,nan,18.77865758507086,1502.2926068056688,nan,0,10.65789999847766,55.5443000048399
1797,59.89999999999916,SEARCH,0,0,0,0,4.490528941543606,13.432903113844706,-13.216736651623034,8.212531326529302,-13.217754408527124,8.215024260299549,nan,nan,18.46102811158322,1476.8822489266577,nan,0,12.978500002645887,63.01789999997709
1798,59.93333333333249,SEARCH,0,0,0,0,4.566881088416967,13.46494034744219,-12.8307926852755,8.296117926595402,-12.819744280850689,8.29007188930904,nan,nan,18.140397054371302,1451.231764349704,nan,0,9.468999996897765,66.02769999881275
1799,59.96666666666582,SEARCH,0,0,0,0,4.642807604549731,13.497973646046658,-12.447453499998362,8.39129341439448,-12.43979622815185,8.382656727234837,nan,nan,17.83204477576571,1426.5635820612567,nan,0,8.901699999114498,54.718599989428185
1800,59.999999999999154,SEARCH,0,0,0,0,4.718235614222904,13.532129904997173,-12.067060241857611,8.497954508047743,-12.068638942272525,8.49649755709827,nan,nan,17.525888009419646,1402.0710407535719,nan,0,12.313400002312846,63.24819999281317
1801,60.033333333332486,SEARCH,0,0,0,0,4.793112750435105,13.567477452881153,-11.689949675142456,8.61598819671714,-11.691634532392996,8.619418954268255,nan,nan,17.21133858490977,1376.9070867927815,nan,0,10.20530000096187,80.66099999996368
1802,60.06666666666582,SEARCH,0,0,0,0,4.8674630307673565,13.603920154252847,-11.31645392049974,8.74527192413033,-11.313420312041252,8.742256609794678,nan,nan,16.895465609834336,1351.6372487867468,nan,0,9.610200009774417,51.558299994212575
1803,60.09999999999915,SEARCH,0,0,0,0,4.941264360867668,13.641462108706177,-10.946900200266919,8.885673778218795,-10.94243335666834,8.882065925641923,nan,nan,16.581426513102702,1326.514121048216,nan,0,6.934899996849708,62.468800009810366
1804,60.13333333333248,SEARCH,0,0,0,0,5.014371860309807,13.68033791344471,-10.58161059111952,9.037052686643083,-10.590931432005412,9.034760321258217,nan,nan,16.282103119995572,1302.5682495996457,nan,0,13.161499999114312,78.47510000283364
1805,60.16666666666581,SEARCH,0,0,0,0,5.0867180918851505,13.720612687753174,-10.220901784140336,9.199258617971525,-10.23353901004407,9.211120036394934,nan,nan,15.970153463316084,1277.612277065287,nan,0,8.732800008147024,56.67979999270756
1806,60.19999999999914,SEARCH,0,0,0,0,5.158242169375898,13.762330082300876,-9.865084852409153,9.372132788272761,-9.861116482446802,9.377393353948635,nan,nan,15.64636713182117,1251.7093705456937,nan,0,5.635399997117929,51.513700003852136
1807,60.233333333332475,SEARCH,0,0,0,0,5.229004102552017,13.805327564575183,-9.514465026203478,9.555507872877806,-9.50440651651333,9.553700724436094,nan,nan,15.334592242957704,1226.7673794366165,nan,0,15.26059999014251,74.24480000918265
1808,60.266666666665806,SEARCH,0,0,0,0,5.298860880633717,13.849780519761481,-9.169341475892367,9.749208223063949,-9.1659739098921,9.748771801048685,nan,nan,15.034949884458026,1202.7959907566421,nan,0,12.860499991802499,61.05690001277253
1809,60.29999999999914,SEARCH,0,0,0,0,5.367803489005362,13.895638468032908,-8.830007102597337,9.95305008741026,-8.834723639682776,9.95320287257892,nan,nan,14.739558177415807,1179.1646541932644,nan,0,8.94160001189448,68.62439999531489
1810,60.33333333333247,SEARCH,0,0,0,0,5.4357831900408335,13.942912085578838,-8.49674833668628,10.166841837572822,-8.497963239791229,10.166613477446887,nan,nan,14.436402624914459,1154.9122099931567,nan,0,9.781700005987659,67.37920000159647
1811,60.3666666666658,SEARCH,0,0,0,0,5.502660847867287,13.991732302214968,-8.169844944158315,10.390384198226776,-8.159771246845832,10.383951714062484,nan,nan,14.130751272133303,1130.4601017706643,nan,0,11.34900000761263,58.32929999451153
1812,60.39999999999913,SEARCH,0,0,0,0,5.568573149048661,14.041848200109017,-7.8495698409696955,10.623470480921876,-7.844711198178299,10.623892442528543,nan,nan,13.841915277169603,1107.3532221735684,nan,0,10.016699990956113,64.53079999482725
1813,60.43333333333246,SEARCH,0,0,0,0,5.633556205343371,14.093163276483796,-7.536188915343249,10.865886821598261,-7.539713122952881,10.869145259113886,nan,nan,13.56205430501429,1084.964344401143,nan,0,9.858599994913675,74.29770000453573
1814,60.466666666665795,SEARCH,0,0,0,0,5.697631289858442,14.145607706246523,-7.229960858096157,11.117412421509767,-7.2339535942526485,11.127508573690152,nan,nan,13.279111792168479,1062.3289433734783,nan,0,11.024099992937408,64.09570001414977
1815,60.499999999999126,SEARCH,0,0,0,0,5.760852289255013,14.199078632029135,-6.931137001013477,11.3778197913029,-6.924037796016235,11.373261722446488,nan,nan,12.995833089182703,1039.6666471346164,nan,0,8.060299995122477,54.36190000909846
1816,60.53333333333246,SEARCH,0,0,0,0,5.8234011625659345,14.25333425953712,-6.639961163287498,11.646874998000886,-6.6251094232524315,11.64146172205811,nan,nan,12.719563434224813,1017.5650747379851,nan,0,13.399999996181577,65.98890000896063
1817,60.56666666666579,SEARCH,0,0,0,0,5.885446444834717,14.308165068549371,-6.3566695060358525,11.924337914643715,-6.358701467974372,11.924501636797707,nan,nan,12.474013366459781,997.9210693167826,nan,0,12.387299997499213,47.43429999507498
1818,60.59999999999912,SEARCH,0,0,0,0,5.9471062923169065,14.363428961619114,-6.081490394904226,12.209962472336882,-6.086359002747013,12.215867159521444,nan,nan,12.223596389824754,977.8877111859804,nan,0,7.554800002253614,55.22759999439586
1819,60.63333333333245,SEARCH,0,0,0,0,6.0082021949878595,14.419315680484802,-5.814644270752666,12.503496914463609,-5.810311552434258,12.503282180859651,nan,nan,11.972821370491225,957.825709639298,nan,0,12.657300001592375,51.34849999740254
1820,60.66666666666578,SEARCH,0,0,0,0,6.068686705160765,14.475863524810599,-5.556343528417707,12.804684052817521,-5.555055322769656,12.79770472752838,nan,nan,11.744257987662385,939.5406390129907,nan,0,11.960700008785352,46.18289999780245
1821,60.699999999999115,SEARCH,0,0,0,0,6.128408611681435,14.533216193016074,-5.3067924035358995,13.113261525415318,-5.31166035971853,13.110800258116598,nan,nan,11.528158793243794,922.2527034595036,nan,0,11.335700008203276,47.81590000493452
1822,60.733333333332446,SEARCH,0,0,0,0,6.1872828166984775,14.591438720034077,-5.066186867407946,13.428962055751516,-5.078660422987987,13.438044630047113,nan,nan,11.324830904108635,905.9864723286909,nan,0,12.902100002975203,53.716399997938424
1823,60.76666666666578,SEARCH,0,0,0,0,6.245321506266976,14.650494161628584,-4.834714529876253,13.751513713260243,-4.834093809592781,13.758685446656814,nan,nan,11.115249278599528,889.2199422879622,nan,0,7.013499998720363,44.08409999450669
1824,60.79999999999911,SEARCH,0,0,0,0,6.302379426937764,14.710497731168045,-4.612554550182616,14.080640174752006,-4.603307526625242,14.077095574300404,nan,nan,10.924065462154598,873.9252369723678,nan,0,10.545700002694502,45.175000006565824
1825,60.83333333333244,SEARCH,0,0,0,0,6.358680162447587,14.771212324552206,-4.399877555766725,14.416060986596488,-4.395884445736502,14.419389368693047,nan,nan,10.760317806825004,860.8254245460002,nan,0,13.698099995963275,50.667200004681945
1826,60.86666666666577,SEARCH,0,0,0,0,6.4141496776537625,14.832687258887614,-4.196845568960319,14.757491827425751,-4.202658246831012,14.763633045865442,nan,nan,10.61703249452213,849.3625995617705,nan,0,11.81289998930879,41.898200011928566
1827,60.8999999999991,SEARCH,0,0,0,0,6.468916091228802,14.894789389389542,-4.003611941526167,15.1046447711355,-4.007544200943409,15.114304896459803,nan,nan,10.478759817426171,838.3007853940937,nan,0,6.910500000230968,48.83020000124816
1828,60.933333333332435,SEARCH,0,0,0,0,6.523047958273221,14.957445399787877,-3.8203212969854645,15.457228549965768,-3.81616274922671,15.455896887329317,nan,nan,10.35121886250665,828.0975090005321,nan,0,9.616299998015165,49.50020000978839
1829,60.966666666665766,SEARCH,0,0,0,0,6.576738449404484,15.020480039715736,-3.6471094806718987,15.814948817445831,-3.6488431139218096,15.80775528452496,nan,nan,10.255843242724024,820.467459417922,nan,0,7.463400004780851,48.28079999424517
1830,60.9999999999991,SEARCH,0,0,0,0,6.629707231747543,15.08412234298836,-3.4841035174453987,16.17750841099206,-3.491368061104634,16.183833217657295,nan,nan,10.18064482689814,814.4515861518512,nan,0,11.22380000015255,41.824300002190284
1831,61.03333333333243,SEARCH,0,0,0,0,6.682136615442029,15.148209739519716,-3.3314215769935243,16.544607613951143,-3.3352079937493393,16.548493932217134,nan,nan,10.114741165230756,809.1792932184605,nan,0,12.67520000692457,50.23750000691507
1832,61.06666666666576,SEARCH,0,0,0,0,6.733972316728406,15.212778266999445,-3.189172946643552,16.91594441688518,-3.186504902054942,16.91502121952145,nan,nan,10.065460710658515,805.2368568526812,nan,0,7.860400000936352,44.14239998732228
1833,61.09999999999909,SEARCH,0,0,0,0,6.785325283322959,15.277731384635857,-3.057458011603573,17.29121477789905,-3.05380278205708,17.288968882370508,nan,nan,10.04258519302889,803.4068154423112,nan,0,10.435100004542619,48.46510000061244
1834,61.13333333333242,SEARCH,0,0,0,0,6.835998463782489,15.343216218382816,-2.9363682425463447,17.670112881814646,-2.9384116660334554,17.670557035406734,nan,nan,10.047666826902358,803.8133461521887,nan,0,15.318500009016134,53.667400003178045
1835,61.166666666665755,SEARCH,0,0,0,0,6.8860750645106545,15.40915838037545,-2.825986190445197,18.05233139800074,-2.8355457089969174,18.053908806076844,nan,nan,10.07494988960946,805.9959911687569,nan,0,10.275900000124238,47.31100000208244
1836,61.199999999999086,SEARCH,0,0,0,0,6.936050546548198,15.475177209991447,-2.7263854885670384,18.437561736671494,-2.7273158575366407,18.43912699519339,nan,nan,10.107702438674883,808.6161950939908,nan,0,10.20470001094509,42.46440000133589
1837,61.23333333333242,SEARCH,0,0,0,0,6.985929256398194,15.541269183577132,-2.637630861523426,18.750049389337196,-2.6318877778894763,18.74554405785969,nan,nan,10.137543192262738,811.003455381019,nan,0,12.682200002018362,42.08680000738241
1838,61.26666666666575,SEARCH,0,0,0,0,7.035391978565761,15.607673052323802,-2.559778141276681,19.00003951146976,-2.5581937593781006,18.99956578896443,nan,nan,10.175550287240258,814.0440229792207,nan,0,7.888799998909235,38.40210000635125
1839,61.29999999999908,SEARCH,0,0,0,0,7.08461473126022,15.674254996467324,-2.4928742899942833,19.200031609175806,-2.4954720489410627,19.207021241694804,nan,nan,10.210705169556412,816.856413564513,nan,0,8.711000002222136,43.527400004677474
1840,61.33333333333241,SEARCH,0,0,0,0,7.1335536009521725,15.741045876847995,-2.436957429641122,19.360025287340644,-2.437690546470408,19.36350993461156,nan,nan,10.23381455662354,818.7051645298833,nan,0,10.366000002250075,35.17039999132976
1841,61.36666666666574,SEARCH,0,0,0,0,7.182315148186377,15.807966323499802,-2.3920568781957257,19.488020229872514,-2.386302666153928,19.480004106661543,nan,nan,10.249014994519133,819.9211995615307,nan,0,8.88890000351239,44.80360000161454
1842,61.399999999999075,SEARCH,0,0,0,0,7.230724110889062,15.87514226412441,-2.35819319237328,19.59041618389801,-2.356436425754714,19.583088426527464,nan,nan,10.27922720337766,822.3381762702128,nan,0,12.246799989952706,46.67360000894405
1843,61.433333333332406,SEARCH,0,0,0,0,7.278645725164975,15.94266673046026,-2.335378216735072,19.67233294711841,-2.3428669257992416,19.678809977198025,nan,nan,10.321447187909682,825.7157750327746,nan,0,13.993999993545003,45.32879999896977
1844,61.46666666666574,SEARCH,0,0,0,0,7.32597890347743,16.01060497373746,-2.3236151390610074,19.737866357694728,-2.333639101844276,19.738776503399617,nan,nan,10.354104643247467,828.3283714597973,nan,0,11.073899993789382,40.788400001474656
1845,61.49999999999907,SEARCH,0,0,0,0,7.379858120001516,16.073478375868262,-2.3228985518590015,19.79029308615578,-2.316741197231717,19.78640784631638,nan,nan,10.383153835491898,830.6523068393519,nan,0,7.553599993116222,53.771100006997585
1846,61.5333333333324,SEARCH,0,0,0,0,7.439745031415827,16.13065872660176,-2.333214519882323,19.832234468924625,-2.3291574470977037,19.82587823499892,nan,nan,10.444429273538443,835.5543418830754,nan,0,12.859000009484589,44.19369999959599
1847,61.56666666666573,SEARCH,0,0,0,0,7.50504126749749,16.181574698774728,-2.3545406535234505,19.8657875751397,-2.360006949723172,19.867494533401526,nan,nan,10.531152897730799,842.4922318184639,nan,0,6.182500001159497,35.520099991117604
1848,61.59999999999906,SEARCH,0,0,0,0,7.575094409839645,16.225717556823803,-2.386846187950588,19.89263006011176,-2.391724938418254,19.89403995181626,nan,nan,10.62045559825054,849.6364478600432,nan,0,14.019499998539686,48.607600008836016
1849,61.633333333332395,SEARCH,0,0,0,0,7.649204510600499,16.262646239903045,-2.4300920678507314,19.914104048089406,-2.426923150617417,19.90873387813442,nan,nan,10.715516959569635,857.2413567655708,nan,0,14.32329999806825,61.77580000075977
1850,61.666666666665726,SEARCH,0,0,0,0,7.726631086150791,16.291991768818125,-2.484231037641105,19.931283238471526,-2.4786498010631832,19.92163552108853,nan,nan,10.83153136704734,866.5225093637871,nan,0,5.6250000052386895,47.154899992165156
1851,61.69999999999906,SEARCH,0,0,0,0,7.8066005157414455,16.313460932744466,-2.549207737008788,19.94502659077722,-2.5505603682758315,19.940370780153298,nan,nan,10.9738442042271,877.907536338168,nan,0,14.172900002449751,49.90840000391472
1852,61.73333333333239,SEARCH,0,0,0,0,7.888313771266373,16.32683921889288,-2.624958801636558,19.956021272621776,-2.6321276682222963,19.96212426620962,nan,nan,11.130812434721696,890.4649947777357,nan,0,12.855900000431575,51.284400004078634
1853,61.76666666666572,SEARCH,0,0,0,0,7.970954400887178,16.331992955850442,-2.711412968971318,19.96481701809742,-2.7081399355028375,19.965398977763705,nan,nan,11.280279037576724,902.422323006138,nan,0,10.427800007164478,35.98819999024272
1854,61.79999999999905,SEARCH,0,0,0,0,8.053696686750051,16.328870649181077,-2.8084911888899198,19.971853614477936,-2.805886212814562,19.962603570725168,nan,nan,11.45139972656747,916.1119781253976,nan,0,7.956800007377751,41.11019999254495
1855,61.833333333332384,SEARCH,0,0,0,0,8.135713895285612,16.317503495940922,-2.9161067391158073,19.977482891582348,-2.915546321729498,19.9687135027918,nan,nan,11.638800921843659,931.1040737474929,nan,0,7.970100006787106,57.889300005626865
1856,61.866666666665715,SEARCH,0,0,0,0,8.21618653765746,16.298005072967676,-3.0341653452386432,19.981986313265878,-3.0403062896505086,19.983777993396416,nan,nan,11.844557939923362,947.5646351938689,nan,0,8.968099995399825,42.650800009141676
1857,61.89999999999905,SEARCH,0,0,0,0,8.294310557823733,16.270570202058362,-3.1625653051879654,19.985589050612703,-3.1681911470974855,19.983441503096977,nan,nan,12.048832251857357,963.9065801485887,nan,0,10.524099998292513,46.924700000090525
1858,61.93333333333238,SEARCH,0,0,0,0,8.369305366399297,16.235473003374345,-3.3011976180109377,19.988471240490163,-3.2965679040119378,19.98927942959294,nan,nan,12.254944383668796,980.3955506935038,nan,0,5.098800000268966,46.952800010330975
1859,61.96666666666571,SEARCH,0,0,0,0,8.440421640046855,16.193064156523285,-3.4499461168033503,19.99077699239213,-3.4474666837446195,19.9856561539753,nan,nan,12.478206716434649,998.2565373147718,nan,0,6.932099990081042,41.39410000061616
1860,61.99999999999904,SEARCH,0,0,0,0,8.506948808468033,16.143767396684417,-3.6086876056423303,19.992621593913704,-3.6171078561600885,19.99867656286301,nan,nan,12.722148980679377,1017.7719184543502,nan,0,15.3983999916818,48.400400002719834
1861,62.03333333333237,SEARCH,0,0,0,0,8.568222154186925,16.088075280786708,-3.7772920003686385,19.99409727513096,-3.7860870107014892,19.997563580665698,nan,nan,12.958126936734978,1036.650154938798,nan,0,9.802499989746138,48.67480001121294
1862,62.066666666665704,SEARCH,0,0,0,0,8.623629454187384,16.02654426604284,-3.9556224730658536,19.995277820104768,-3.9560398754932766,19.987024256086983,nan,nan,13.18838436639031,1055.0707493112247,nan,0,12.07359999534674,60.55229999765288
1863,62.099999999999035,SEARCH,0,0,0,0,8.672617097043023,15.959789150012687,-4.1435356000834895,19.996222256083815,-4.1387072979934825,19.989263106574583,nan,nan,13.430066757893204,1074.4053406314563,nan,0,14.683899993542582,54.823700003908016
1864,62.13333333333237,SEARCH,0,0,0,0,8.714719908476106,15.888491268289727,-4.34088151345074,19.99697780486705,-4.346486296106809,19.99966106190693,nan,nan,13.692947987580533,1095.4358390064424,nan,0,10.51269999879878,55.46590000449214
1865,62.1666666666657,SEARCH,0,0,0,0,8.74980956408844,15.813492930056412,-4.54750405552752,19.99758224389364,-4.5559518568366935,20.004943865638836,nan,nan,13.95032429501101,1116.0259436008807,nan,0,11.264400003710762,49.407099999370985
1866,62.19999999999903,SEARCH,0,0,0,0,8.77787285686334,15.73559244053689,-4.76324093673938,19.99806579511491,-4.762264669560693,19.997631310265945,nan,nan,14.1950801181803,1135.606409454424,nan,0,12.875000000349246,65.89009999879636
1867,62.23333333333236,SEARCH,0,0,0,0,8.79935223362609,15.655625753456363,-4.987923896242993,19.99845263609193,-4.986042180725992,19.989182134470393,nan,nan,14.450495149533008,1156.0396119626405,nan,0,9.171099998638965,64.35549999878276
1868,62.26666666666569,SEARCH,0,0,0,0,8.814133905145384,15.574154673582296,-5.3014957446354956,19.998762108873542,-5.302869195204019,19.997838293014492,nan,nan,14.793875533480314,1183.5100426784252,nan,0,11.631699991994537,46.24350000813138
1869,62.299999999999024,SEARCH,0,0,0,0,8.821954755229108,15.491723678363757,-5.703956481916887,19.999009687098834,-5.7149466993634395,20.005940813357565,nan,nan,15.221683883276732,1217.7347106621385,nan,0,10.398799990070984,62.17800000740681
1870,62.333333333332355,SEARCH,0,0,0,0,8.822693916733781,15.40892580212879,-6.195306108087166,19.999207749679066,-6.192916621154763,19.999964615513676,nan,nan,15.701789618115383,1256.1431694492308,nan,0,10.164099992834963,54.91059999621939
1871,62.36666666666569,SEARCH,0,0,0,0,8.816506165634685,15.326356156343632,-6.775544623146335,19.999366199743253,-6.773641944309518,19.991066175254748,nan,nan,16.273052499470605,1301.8441999576485,nan,0,9.388100006617606,62.419399997452274
1872,62.39999999999902,SEARCH,0,0,0,0,8.80344827094833,15.2445910901166,-7.444672027094393,19.9994929597946,-7.442614909017885,20.000651124268117,nan,nan,16.92792591831342,1354.2340734650736,nan,0,12.09440000820905,52.35749999701511
1873,62.43333333333235,SEARCH,0,0,0,0,8.783588118389595,15.164206956053373,-8.20268831993134,19.99959436783568,-8.207333862934757,20.002363113581048,nan,nan,17.666329125771263,1413.306330061701,nan,0,14.303200005088001,59.26460000046063
1874,62.46666666666568,SEARCH,0,0,0,0,8.757030499644372,15.085780381760381,-9.036021653264674,19.999675494268544,-9.040105767914152,19.99779778668597,nan,nan,18.462556007019693,1477.0044805615755,nan,0,9.7436999931233,46.94210000161547
1875,62.49999999999901,SEARCH,0,0,0,0,8.723946125116198,15.00987610763283,-9.869354986598008,19.999740395414836,-9.865075135943743,19.997873399253685,nan,nan,19.24660563386062,1539.7284507088498,nan,0,9.579699995811097,53.73090000648517
1876,62.533333333332344,SEARCH,0,0,0,0,8.684829811142214,14.936897010284072,-10.702688319931342,19.99979231633187,-10.697884536121949,19.995872130275536,nan,nan,20.032045445543815,1602.5636356435052,nan,0,7.426900003338233,48.56660000223201
1877,62.566666666665675,SEARCH,0,0,0,0,8.640179298519824,14.867166339906477,-11.536021653264676,19.999833853065496,-11.537823946354225,19.999704252159653,nan,nan,20.820536985651064,1665.642958852085,nan,0,6.969800000661053,39.20139999536332
1878,62.59999999999901,SEARCH,0,0,0,0,8.590268217711893,14.801098808687767,-12.36935498659801,19.999867082452397,-12.376786395492381,20.00569021372256,nan,nan,21.60335971200898,1728.2687769607185,nan,0,13.81530000071507,41.54739998921286
1879,62.63333333333234,SEARCH,0,0,0,0,8.535347589497631,14.739133017598636,-13.202688319931344,19.999893665961917,-13.200951523489897,19.993635654218355,nan,nan,22.36239023645518,1788.9912189164143,nan,0,15.724800003226846,51.92719999467954
1880,62.66666666666567,SEARCH,0,0,0,0,8.476156296858713,14.68123288336317,-14.02606864319163,19.999914932769535,-14.019097616332505,19.997274315985223,nan,nan,23.114859833715176,1849.1887866972143,nan,0,8.140200006891973,36.63659999438096
1881,62.699999999999,SEARCH,0,0,0,0,8.412952400664773,14.627741742277411,-14.760560077563028,19.99993194621563,-14.759821134338688,19.999507761067107,nan,nan,23.787250859760583,1902.9800687808465,nan,0,9.033499998622574,44.44119999243412
1882,62.73333333333233,SEARCH,0,0,0,0,8.346118322374613,14.578861882950122,-15.406162623045535,19.999945556972502,-15.416777631745813,20.00288663364609,nan,nan,24.37406959501255,1949.925567601004,nan,0,13.686099991900846,48.668500006897375
1883,62.766666666665664,SEARCH,0,0,0,0,8.27600205260917,14.534819365050588,-15.968320211948026,19.999956445578,-15.968824657678972,19.99718491289138,nan,nan,24.852546340166825,1988.2037072133462,nan,0,7.376199995633215,37.43090000352822
1884,62.799999999998995,SEARCH,0,0,0,0,8.202963818676146,14.49581358275237,-16.474579270837154,19.9999651564624,-16.467302854991004,19.996257226896542,nan,nan,25.276015074221213,2022.0812059376972,nan,0,10.37049999285955,34.18830000737216
1885,62.83333333333233,SEARCH,0,0,0,0,8.127400931757526,14.461956754943571,-16.929938927286052,19.999972125169922,-16.929863544887066,19.997196294861453,nan,nan,25.661359664226392,2052.9087731381114,nan,0,12.106199996196665,51.00390000734478
1886,62.86666666666566,SEARCH,0,0,0,0,8.04967720288617,14.433407558123296,-17.33570856123223,19.999977700135936,-17.34731603492899,20.00884597531204,nan,nan,26.00178415158262,2080.1427321266096,nan,0,8.799600007478148,40.75849999208003
1887,62.89999999999899,SEARCH,0,0,0,0,7.970080626394249,14.410594849395117,-17.690420483777597,19.99998216010875,-17.690648653768676,20.005101275779055,nan,nan,26.263501848471428,2101.080147877714,nan,0,7.240899998578243,50.58880000433419
1888,62.93333333333232,SEARCH,0,0,0,0,7.889089054821739,14.393378577935653,-17.99059744296093,19.999985728087,-17.986004733089306,20.0028869214078,nan,nan,26.476160265202285,2118.092821216183,nan,0,14.508000007481314,51.06569999770727
1889,62.96666666666565,SEARCH,0,0,0,0,7.807107770920917,14.381755163690103,-18.232266063547904,19.9999885824696,-18.225718449323267,19.99791224701567,nan,nan,26.631734104222748,2130.5387283378195,nan,0,9.8030000081053,39.35490000003483
1890,62.999999999998984,SEARCH,0,0,0,0,7.724526635063443,14.375722695767246,-18.413158810672208,19.960590752056987,-18.41802407325147,19.96032273457577,nan,nan,26.73239074849604,2138.591259879683,nan,0,8.768900006543845,47.55849999492057
1891,63.033333333332315,SEARCH,0,0,0,0,7.641727174312866,14.375189809133392,-18.532569255716425,19.848678280936202,-18.53807160815196,19.856289134621335,nan,nan,26.74741696138547,2139.7933569108377,nan,0,9.519799990812317,50.32610001217108
1892,63.06666666666565,SEARCH,0,0,0,0,7.559069676834647,14.380065542861683,-18.59117032836048,19.683766129612692,-18.587683157202893,19.683105544997186,nan,nan,26.679110124374454,2134.3288099499564,nan,0,11.145399999804795,42.644400004064664
1893,63.09999999999898,SEARCH,0,0,0,0,7.47692064988204,14.390437237009259,-18.590818538974133,19.482799618604282,-18.588208852432967,19.47767779910807,nan,nan,26.55693868858223,2124.555095086578,nan,0,3.079799993429333,50.35710000083782
1894,63.13333333333231,SEARCH,0,0,0,0,7.395602447525829,14.406038026550343,-18.53435835757514,19.26039336983183,-18.536739504081368,19.26322239456724,nan,nan,26.38330151971118,2110.6641215768946,nan,0,8.038699990720488,52.95749999640975
1895,63.16666666666564,SEARCH,0,0,0,0,7.315450396207048,14.426815017144325,-18.42543528215425,19.02905229968144,-18.431199927938252,19.034062451616062,nan,nan,26.155625242694118,2092.4500194155294,nan,0,8.742300007725134,44.93530000036117
1896,63.19999999999897,SEARCH,0,0,0,0,7.236821886705663,14.452768671267423,-18.268322459171586,18.79937534186928,-18.26716837560264,18.794166341095636,nan,nan,25.870857214779463,2069.6685771823572,nan,0,8.697099998244084,50.58110000391025
1897,63.233333333332304,SEARCH,0,0,0,0,7.1599169994760645,14.483455362013636,-18.067763331550616,18.580242874172363,-18.062479892200532,18.57033951657741,nan,nan,25.551358614642815,2044.1086891714253,nan,0,8.974500000476837,46.31249999511056
1898,63.266666666665635,SEARCH,0,0,0,0,7.085042700622776,14.51880891968439,-17.82883124578087,18.378988945450537,-17.822078624195345,18.372340497856204,nan,nan,25.203460046453483,2016.2768037162784,nan,0,11.717900008079596,47.30729998846073
1899,63.29999999999897,SEARCH,0,0,0,0,7.012629149639378,14.558962528522523,-17.556805967376523,18.20155942320148,-17.561071065346443,18.202223167107924,nan,nan,24.842304448997073,1987.384355919766,nan,0,9.520599996903911,38.306200003717095
1900,63.3333333333323,SEARCH,0,0,0,0,6.943069723618266,14.603879350765025,-17.257066447258232,18.052657151140078,-17.25492620502599,18.055172634361938,nan,nan,24.442881014563014,1955.430481165041,nan,0,12.352999998256564,43.01980001037009
1901,63.36666666666563,SEARCH,0,0,0,0,6.876515075385402,14.653139004309795,-16.934998826624987,17.935875147023115,-16.93167802196118,17.932597409786204,nan,nan,24.032996192605516,1922.6396954084414,nan,0,6.347600006847642,40.23049998795614
1902,63.39999999999896,SEARCH,0,0,0,0,6.813092776269627,14.70637101200836,-16.595918480795795,17.853818798589842,-16.592874845995993,17.85579708011248,nan,nan,23.61690506592683,1889.3524052741463,nan,0,6.0680999886244535,35.665800009155646
1903,63.43333333333229,SEARCH,0,0,0,0,6.752642517118699,14.762955469568157,-16.245004826318304,17.808217939119405,-16.246557824163908,17.818857089035202,nan,nan,23.2013308033465,1856.1064642677202,nan,0,9.724299990921281,41.75109999778215
1904,63.466666666665624,SEARCH,0,0,0,0,6.695055509312091,14.822451445908012,-15.887247611404453,17.800029608900093,-15.893261733509284,17.804533866055337,nan,nan,22.78431239741268,1822.7449917930144,nan,0,14.248999999836087,43.996300009894185
1905,63.499999999998956,SEARCH,0,0,0,0,6.640470467883358,14.884713054632606,-15.527403450820204,17.829532237678272,-15.52000148959456,17.827543858371637,nan,nan,22.35501667450956,1788.4013339607648,nan,0,10.330299992347136,61.45249999826774
1906,63.53333333333229,SEARCH,0,0,0,0,6.588598931113292,14.94925279697686,-15.16996143455702,17.896411917281668,-15.158832896602066,17.890307077431686,nan,nan,21.94540023288955,1755.6320186311639,nan,0,8.400300008361228,69.07509999291506
1907,63.56666666666562,SEARCH,0,0,0,0,6.539507317490875,15.015931490280629,-14.819116722637325,17.99984137360131,-14.821663743330339,18.003421701913616,nan,nan,21.569068752597286,1725.525500207783,nan,0,6.107499997597188,38.223900002776645
1908,63.59999999999895,SEARCH,0,0,0,0,6.493439695032806,15.08473417067763,-14.478751128011247,18.13855219296966,-14.485889405140304,18.14303237055738,nan,nan,21.20107160906632,1696.085728725306,nan,0,6.779499992262572,44.478600000729784
1909,63.63333333333228,SEARCH,0,0,0,0,6.4502787537801005,15.15539652146595,-14.152419780267335,18.310900809405954,-14.146844873011455,18.30925703336281,nan,nan,20.837186418176454,1666.9749134541164,nan,0,14.230300002964213,47.08299999765586
1910,63.66666666666561,SEARCH,0,0,0,0,6.4103979474376,15.227960672079202,-13.843343051342586,18.514928715784187,-13.830639069958046,18.505642915509643,nan,nan,20.50470142256356,1640.376113805085,nan,0,7.414799998514354,36.791799997445196
1911,63.699999999998944,SEARCH,0,0,0,0,6.3738960983500625,15.302281932038527,-13.554403008464261,18.748417323224622,-13.552021798441247,18.745632763908155,nan,nan,20.22124795805159,1617.699836644127,nan,0,8.806099998764694,52.75450000772253
1912,63.733333333332276,SEARCH,0,0,0,0,6.340319184136248,15.377969615981353,-13.288143737998992,18.998733858579698,-13.295682139948418,19.00934995964899,nan,nan,19.968962697141542,1597.5170157713237,nan,0,16.258599993307143,52.784300001803786
1913,63.76666666666561,SEARCH,0,0,0,0,6.3097000103225245,15.454901409563174,-13.04677495615999,19.19898708686376,-13.049166509607927,19.204933617972728,nan,nan,19.7187335927182,1577.4986874174558,nan,0,7.41030000790488,41.78630000387784
1914,63.79999999999894,SEARCH,0,0,0,0,6.282063167402643,15.532954209526869,-12.832178388482284,19.35918966949101,-12.828026163288051,19.353904325724006,nan,nan,19.488334305872456,1559.0667444697965,nan,0,16.60440000705421,45.26039998745546
1915,63.83333333333227,SEARCH,0,0,0,0,6.257352255406841,15.611982087500952,-12.64591645973816,19.487351735592807,-12.645462753336547,19.48477379834618,nan,nan,19.295463997799217,1543.6371198239376,nan,0,9.026400002767332,57.59799999941606
1916,63.8666666666656,SEARCH,0,0,0,0,6.235578110443734,15.691869015592326,-12.48924288981589,19.589881388474247,-12.499230966162598,19.595454284455027,nan,nan,19.13716408165465,1530.973126532372,nan,0,12.078400002792478,41.84190000523813
1917,63.89999999999893,SEARCH,0,0,0,0,6.216740139165768,15.772498820918157,-12.363114839404895,19.6719051107794,-12.37287005720903,19.676801383749876,nan,nan,18.99518848959642,1519.6150791677132,nan,0,12.844400000176392,44.606600000406615
1918,63.933333333332264,SEARCH,0,0,0,0,6.201000569122847,15.853790275595847,-12.26820629254803,19.73752408862352,-12.260503468751557,19.73245041682355,nan,nan,18.864547061395392,1509.1637649116312,nan,0,7.277099997736514,44.80139999941457
1919,63.966666666665596,SEARCH,0,0,0,0,6.188434237974431,15.935632330740004,-12.204922401679825,19.790019270898817,-12.19585141265834,19.78664909358783,nan,nan,18.78329813935234,1502.6638511481872,nan,0,7.199300001957454,36.663200007751584
1920,63.99999999999893,SEARCH,0,0,0,0,6.1792742321743,16.01792527674689,-12.17341455510621,19.832015416719052,-12.179335172539686,19.832963066866977,nan,nan,18.750814718696816,1500.0651774957453,nan,0,7.072000007610768,35.92690000368748
1921,64.03333333333227,SEARCH,0,0,0,0,6.161944402283398,16.09889262612121,-12.173595957415154,19.865612333375243,-12.179737324226922,19.871677261383486,nan,nan,18.725682696785015,1498.0546157428012,nan,0,17.966100000194274,59.113200011779554
1922,64.0666666666656,SEARCH,0,0,0,0,6.136617902233515,16.177725379872264,-12.20515754043175,19.892489866700195,-12.200317034504671,19.892030943372717,nan,nan,18.709335869913176,1496.7468695930543,nan,0,16.50359999621287,54.90260000806302
1923,64.09999999999893,SEARCH,0,0,0,0,6.103547786041322,16.253635867183213,-12.267584046407368,19.913991893360155,-12.262477877658162,19.90759380165171,nan,nan,18.725979474156574,1498.0783579325257,nan,0,9.657100003096275,42.01570000441279
1924,64.13333333333226,SEARCH,0,0,0,0,6.063064479376283,16.325865615557518,-12.360170146491559,19.931193514688125,-12.362131639057706,19.93071271351669,nan,nan,18.7745246172152,1501.961969377216,nan,0,16.107700008433312,38.829099998110905
1925,64.16666666666559,SEARCH,0,0,0,0,6.015572478056595,16.393692929225402,-12.482036476476146,19.9449548117505,-12.490256095345607,19.951060793565265,nan,nan,18.844642668684045,1507.5714134947236,nan,0,5.969199992250651,45.66760000307113
1926,64.19999999999892,SEARCH,0,0,0,0,5.961546306460674,16.456440100089427,-12.63214548859226,19.955963849400398,-12.62897620446213,19.955165245471964,nan,nan,18.916886764794558,1513.3509411835646,nan,0,13.83900000655558,48.37340000085533
1927,64.23333333333225,SEARCH,0,0,0,0,5.90152577623643,16.513480179159775,-12.80931703302331,19.964771079520318,-12.806106218675176,19.95645138690728,nan,nan,19.02181762068017,1521.7454096544138,nan,0,12.166100001195446,51.16940000152681
1928,64.26666666666559,SEARCH,0,0,0,0,5.836110592681713,16.56424324082132,-13.012243595984229,19.971816863616255,-13.012667441977555,19.97177134777978,nan,nan,19.15431233951158,1532.3449871609264,nan,0,4.061200001160614,41.930999999749474
1929,64.29999999999892,SEARCH,0,0,0,0,5.765954362687218,16.608222077341974,-13.23950513289995,19.977453490893005,-13.24811492885499,19.982914888240717,nan,nan,19.3112242644401,1544.8979411552077,nan,0,11.448499994003214,46.341699999175034
1930,64.33333333333225,SEARCH,0,0,0,0,5.6917580641124825,16.644977266724695,-13.489583445562861,19.981962792714405,-13.490467343231671,19.9838239086416,nan,nan,19.4706360573146,1557.6508845851681,nan,0,11.829499999294057,52.16620001010597
1931,64.36666666666558,SEARCH,0,0,0,0,5.614263041846831,16.674141563266822,-13.76087606130905,19.985570234171526,-13.756772206344401,19.983560878894654,nan,nan,19.651698725385494,1572.1358980308394,nan,0,5.990500008920208,42.99940000055358
1932,64.39999999999891,SEARCH,0,0,0,0,5.534243600536293,16.69542356695774,-14.051709580358919,19.98845618733722,-14.049797156396702,19.99092103719027,nan,nan,19.8593795458348,1588.7503636667839,nan,0,8.266899996669963,43.193799996515736
1933,64.43333333333224,SEARCH,0,0,0,0,5.452499267987532,16.708610635051464,-14.36035246463569,19.990764949869778,-14.368869455941544,19.99755697458333,nan,nan,20.092382290666126,1607.3905832532903,nan,0,11.20180000725668,46.17859999416396
1934,64.46666666666557,SEARCH,0,0,0,0,5.369846806550292,16.713571006722667,-14.685027247708963,19.99261195989582,-14.68924832116153,19.99615580366073,nan,nan,20.325911056867316,1626.0728845493854,nan,0,13.179700006730855,44.62829999101814
1935,64.4999999999989,SEARCH,0,0,0,0,5.287112052297982,16.71025511957729,-15.023922151100901,19.994089567916657,-15.016537565334973,19.997730933011354,nan,nan,20.568074412047444,1645.4459529637957,nan,0,10.689900009310804,43.022199999541044
1936,64.53333333333224,SEARCH,0,0,0,0,5.205121663546619,16.698696104863604,-15.375202097120729,19.995271654333326,-15.367877016697479,19.98667782760994,nan,nan,20.83408501726052,1666.7268013808418,nan,0,14.266099999076687,48.036600011982955
1937,64.56666666666557,SEARCH,0,0,0,0,5.1246948611581855,16.679009456435725,-15.737019112730255,19.99621732346666,-15.740447411655577,19.99417915768847,nan,nan,21.126867070459454,1690.1493656367563,nan,0,9.057200004463084,42.62860000017099
1938,64.5999999999989,SEARCH,0,0,0,0,5.046635243156581,16.651391876777208,-16.107522122752684,19.996973858773327,-16.11111439557946,20.003093156867017,nan,nan,21.421584237548604,1713.7267390038885,nan,0,8.99040000513196,38.710799999535084
1939,64.63333333333223,SEARCH,0,0,0,0,4.971500157491751,16.616595992381356,-16.484866134074853,19.99757908701866,-16.48066682353541,19.994969247649284,nan,nan,21.716557600913216,1737.3246080730573,nan,0,11.615099996561185,58.557299998938106
1940,64.66666666666556,SEARCH,0,0,0,0,4.89957557088528,16.575572968233455,-16.867220815409354,19.998063269614928,-16.85301905517982,19.987662387990113,nan,nan,22.018576865327415,1761.4861492261932,nan,0,10.538900009123608,39.87819999747444
1941,64.6999999999989,SEARCH,0,0,0,0,4.830996769490292,16.529172723967097,-17.25277847972183,19.998450615691944,-17.25497703900596,19.99095584078124,nan,nan,22.355629747726677,1788.450379818134,nan,0,8.775199996307492,47.24079999141395
1942,64.73333333333223,SEARCH,0,0,0,0,4.76578839130733,16.478144280099986,-17.639761478629634,19.998760492553554,-17.647180761587467,19.999400252548757,nan,nan,22.6878917017893,1815.031336143144,nan,0,17.989700005273335,52.06979998911265
1943,64.76666666666556,SEARCH,0,0,0,0,4.7038959277567,16.4231410290653,-18.026429019976064,19.999008394042843,-18.02863779578647,19.99986019619417,nan,nan,23.012192626791013,1840.975410143281,nan,0,17.484299998614006,39.9184999987483
1944,64.79999999999889,SEARCH,0,0,0,0,4.645210090124047,16.364728640566753,-18.41108342141091,19.999206715234273,-18.402421648643703,19.996058033640725,nan,nan,23.33194980979638,1866.5559847837105,nan,0,13.580800005001947,45.70659999444615
1945,64.83333333333222,SEARCH,0,0,0,0,4.589585372111383,16.30339410368285,-18.792075814191126,19.99936537218742,-18.78994710053052,19.994857096292492,nan,nan,23.669166391428398,1893.533311314272,nan,0,14.30350000737235,48.654500002157874
1946,64.86666666666555,SEARCH,0,0,0,0,4.53685398722146,16.239554964306276,-19.167811312580053,19.999492297749935,-19.17750718377825,20.001136490334854,nan,nan,24.010839663068392,1920.8671730454712,nan,0,10.82470000255853,40.2367999922717
1947,64.89999999999888,SEARCH,0,0,0,0,4.486836178380146,16.173568196939897,-19.536753665192418,19.99959383819995,-19.538812117482752,20.004202195579875,nan,nan,24.329108756138936,1946.328700491115,nan,0,7.786500005749986,49.192099992069416
1948,64.93333333333221,SEARCH,0,0,0,0,4.439347718557944,16.10573840368895,-19.89742940542534,19.99967507055996,-19.89134697691777,19.99879807563854,nan,nan,24.640182993918902,1971.214639513512,nan,0,16.651300000376068,51.35069999960251
1949,64.96666666666555,SEARCH,0,0,0,0,4.394205260182604,16.03632519802474,-20.248431518750984,19.99974005644797,-20.245485034791546,19.994937342799815,nan,nan,24.95565963754523,1996.4527710036182,nan,0,15.63470000110101,35.619900008896366
1950,64.99999999999888,SEARCH,0,0,0,0,4.351230053424492,15.965549734247748,-20.588422645140806,19.999792045158376,-20.594594393842545,20.000266642111544,nan,nan,25.270003915323553,2021.600313225884,nan,0,8.858699991833419,47.06789999909233
1951,65.03333333333221,SEARCH,0,0,0,0,4.3106673914245,15.89336452024775,-20.91613783525889,19.999833636126702,-20.92218636709188,20.00487752217638,nan,nan,25.565630208616064,2045.250416689285,nan,0,11.748299992177635,53.719900010037236
1952,65.06666666666554,SEARCH,0,0,0,0,4.272470967566627,15.819899781268969,-21.23038687931646,19.99986690890136,-21.222901530837852,19.99773192700329,nan,nan,25.835407878923267,2066.8326303138615,nan,0,10.108700007549487,38.896400001249276
1953,65.09999999999887,SEARCH,0,0,0,0,4.236791735931271,15.7451801245603,-21.530056227632755,19.99989352712109,-21.522741740521802,19.99227015611936,nan,nan,26.1073043162383,2088.584345299064,nan,0,7.74509999610018,49.960400006966665
1954,65.1333333333322,SEARCH,0,0,0,0,4.20373419087825,15.669264161918584,-21.81411052201043,19.99991482169687,-21.814046229368646,19.997762527187792,nan,nan,26.375382387641718,2110.0305910113375,nan,0,9.695900007500313,47.86479999893345
1955,65.16666666666553,SEARCH,0,0,0,0,4.173028652233304,15.592366798080317,-22.081593757015856,19.999931857357495,-22.087539512458005,20.010377280015845,nan,nan,26.629612407072145,2130.368992565772,nan,0,10.563700008788146,49.003499996615574
1956,65.19999999999887,SEARCH,0,0,0,0,4.144892988946219,15.514492417696607,-22.331630090165483,19.999945485885995,-22.327637508585017,20.004791825221012,nan,nan,26.850654735256185,2148.0523788204946,nan,0,12.10469999932684,39.90380000323057
1957,65.2333333333322,SEARCH,0,0,0,0,4.119618023175663,15.435643126171266,-22.56342431986659,19.999956388708796,-22.552729765238404,19.99679838235041,nan,nan,27.0595320324851,2164.762562598808,nan,0,11.065899991081096,54.40330000419635
1958,65.26666666666553,SEARCH,0,0,0,0,4.096819380737864,15.356042519567144,-22.77626204975165,19.999965110967036,-22.7770215097036,19.998418630861334,nan,nan,27.271871592603954,2181.7497274083166,nan,0,13.30489999963902,46.140100006596185
1959,65.29999999999886,SEARCH,0,0,0,0,4.07677698855075,15.275703629954647,-22.969509557787067,19.999972088773628,-22.982150836317757,20.003383416569076,nan,nan,27.46882835499552,2197.5062683996416,nan,0,9.969799997634254,43.3301000011852
1960,65.33333333333219,SEARCH,0,0,0,0,4.059231611687685,15.194782715355984,-23.14261338823495,19.999977671018904,-23.149623025008687,19.99922039269221,nan,nan,27.629773651557148,2210.381892124572,nan,0,13.563599990447983,57.146400009514764
1961,65.36666666666552,SEARCH,0,0,0,0,4.044281573593121,15.11334236276759,-23.29509968420663,19.999982136815124,-23.295497030673975,19.994152998414325,nan,nan,27.772032813450714,2221.7626250760572,nan,0,10.33580000512302,40.53779999958351
1962,65.39999999999885,SEARCH,0,0,0,0,4.03213194149192,15.03143741109459,-23.42657327817364,19.999985709452098,-23.425825440089223,19.998837861911447,nan,nan,27.90366446916071,2232.293157532857,nan,0,5.836299998918548,41.58109999843873
1963,65.43333333333219,SEARCH,0,0,0,0,4.022709140227776,14.949174141738897,-23.536716557400588,19.99998856756168,-23.540627238126124,20.002129803449062,nan,nan,28.02266713261777,2241.813370609422,nan,0,9.93190000008326,32.83140000712592
1964,65.46666666666552,SEARCH,0,0,0,0,4.016153861905129,14.866632861188718,-23.62528812083864,19.999990854049344,-23.62883751430515,20.0029108547347,nan,nan,28.118088480864508,2249.4470784691607,nan,0,12.128900008974597,60.18719999701716
1965,65.49999999999885,SEARCH,0,0,0,0,4.0123927219670446,14.783917152311158,-23.692121243572455,19.963591074080263,-23.68553800699755,19.964288046443258,nan,nan,28.17821160519759,2254.256928415807,nan,0,14.199500001268461,42.987400011043064
1966,65.53333333333218,SEARCH,0,0,0,0,4.011460589306027,14.701121223682673,-23.737122164450078,19.854309458775614,-23.731100565289985,19.844437048711075,nan,nan,28.215304306218055,2257.2243444974447,nan,0,13.057299991487525,50.604200005182065
1967,65.56666666666551,SEARCH,0,0,0,0,4.013195981926484,14.618338235809537,-23.7602682120484,19.68731931552143,-23.766857397111036,19.68858675849643,nan,nan,28.238958653321166,2259.1166922656935,nan,0,8.608400006778538,40.92669999226928
1968,65.59999999999884,SEARCH,0,0,0,0,4.017670900266914,14.535658070264242,-23.761605783638586,19.47499362432565,-23.76822728768972,19.482855460351843,nan,nan,28.222879019121724,2257.830321529738,nan,0,12.607699987711385,48.564000011538155
1969,65.63333333333217,SEARCH,0,0,0,0,4.025048657784812,14.453186236510177,-23.741248191319258,19.227458633245796,-23.742600251319676,19.22490011994479,nan,nan,28.174662009057965,2253.9729607246372,nan,0,5.702499998733401,52.740800005267374
1970,65.6666666666655,SEARCH,0,0,0,0,4.0352858391123885,14.371020338552343,-23.69937338898234,18.9530362518564,-23.69472488773294,18.95041673095433,nan,nan,28.105593148512295,2248.447451880984,nan,0,11.234600009629503,41.942700001527555
1971,65.69999999999884,SEARCH,0,0,0,0,4.04880292536299,14.28932992878446,-23.636221593269646,18.658597521932933,-23.636948898960373,18.660423449377554,nan,nan,28.028687315744833,2242.294985259586,nan,0,13.92860000487417,48.869300007936545
1972,65.73333333333217,SEARCH,0,0,0,0,4.065550083722484,14.208240056694088,-23.552092811169178,18.349844988047266,-23.56074057891378,18.35403040971162,nan,nan,27.93563160960634,2234.8505287685075,nan,0,14.373699988937005,44.25520000222605
1973,65.7666666666655,SEARCH,0,0,0,0,4.085442113047273,14.127863804989417,-23.447344286390745,18.03153822551513,-23.447345687987305,18.038246007186412,nan,nan,27.809090115716796,2224.7272092573435,nan,0,8.21390000055544,39.93100000661798
1974,65.79999999999883,SEARCH,0,0,0,0,4.108424787097344,14.048316137756121,-23.322387876152202,17.707673930870552,-23.31905728671766,17.704984029415293,nan,nan,27.670164310667445,2213.6131448533956,nan,0,11.385899997549132,40.35150000709109
1975,65.83333333333216,SEARCH,0,0,0,0,4.134635080972339,13.969772804724366,-23.17768736950186,17.38162969817404,-23.177058575501277,17.380523831638396,nan,nan,27.523841173656272,2201.9072938925015,nan,0,10.004700001445599,59.91609999909997
1976,65.8666666666655,SEARCH,0,0,0,0,4.16402399640967,13.892362687051232,-23.01375575780088,17.056278778917324,-23.016695951691272,17.06125838449271,nan,nan,27.36482115487612,2189.1856923900896,nan,0,6.9349000114016235,45.920699994894676
1977,65.89999999999883,SEARCH,0,0,0,0,4.196599995332269,13.816238847401976,-22.831152467492448,16.734081662808094,-22.834560474498193,16.742345089286097,nan,nan,27.18907379968134,2175.125903974507,nan,0,13.18100000207778,70.50509999680799
1978,65.93333333333216,SEARCH,0,0,0,0,4.2322935075068,13.741526011440559,-22.63048056479378,16.417159148296612,-22.626711492596574,16.415141631127565,nan,nan,26.99174633248861,2159.339706599089,nan,0,11.604900006204844,63.89520000084303
1979,65.96666666666549,SEARCH,0,0,0,0,4.270845405735854,13.668247189044948,-22.41238394146295,16.107350636934925,-22.40366032010673,16.10303141792271,nan,nan,26.78539583353587,2142.8316666828696,nan,0,6.736299998010509,61.00380000134464
1980,65.99999999999882,SEARCH,0,0,0,0,4.312124743556847,13.596469400434465,-22.177544490316343,15.806260637814324,-22.182519432385963,15.812350098110896,nan,nan,26.587145338982054,2126.971627118565,nan,0,8.3938999887323,47.53520000667777
1981,66.03333333333215,SEARCH,0,0,0,0,4.355890864039139,13.526180273489535,-21.92667927870466,15.515295870026184,-21.928597511410178,15.521916366956122,nan,nan,26.360145897052533,2108.811671764203,nan,0,10.356700004194863,61.43560000055004
1982,66.06666666666548,SEARCH,0,0,0,0,4.402119228286861,13.457485491972081,-21.660537727696656,15.23569487243123,-21.65818880072163,15.23275268179458,nan,nan,26.120704970617936,2089.656397649435,nan,0,8.40149998839479,55.624600005103275
1983,66.09999999999881,SEARCH,0,0,0,0,4.450650284417424,13.390397704263712,-21.379898804270617,14.968551647078199,-21.374826347695922,14.966945707670428,nan,nan,25.87355303940451,2069.8842431523603,nan,0,9.26749999052845,51.917400007369
1984,66.13333333333215,SEARCH,0,0,0,0,4.50146300489542,13.325021086835338,-21.085568233374445,14.714834556245501,-21.084752824967676,14.715544539727155,nan,nan,25.623973071430182,2049.9178457144144,nan,0,10.358200001064688,66.20859999384265
1985,66.16666666666548,SEARCH,0,0,0,0,4.554674415947534,13.261581506110101,-20.77837573628657,14.475401447976886,-20.782784423753103,14.483057152803026,nan,nan,25.36688438119644,2029.3507504957154,nan,0,10.102100000949576,54.03650000516791
1986,66.19999999999881,SEARCH,0,0,0,0,4.609936330554717,13.199919885447818,-20.4591723012921,14.251011788894619,-20.458767836123776,14.251766980803952,nan,nan,25.090761465297398,2007.2609172237917,nan,0,9.36369999544695,54.22059999546036
1987,66.23333333333214,SEARCH,0,0,0,0,4.667306756957557,13.140215037712418,-20.128827492281875,14.042336426201361,-20.121891913243246,14.037269893903275,nan,nan,24.805424368990362,1984.433949519229,nan,0,11.52530001127161,48.63999999361113
1988,66.26666666666547,SEARCH,0,0,0,0,4.726823091982598,13.082649070909644,-19.788226800486715,13.849965475284506,-19.78617427488837,13.850474593545895,nan,nan,24.52501979492442,1962.0015835939537,nan,0,6.886900009703822,49.571499999728985
1989,66.2999999999988,SEARCH,0,0,0,0,4.788221495051378,13.027094856223856,-19.438269044175197,13.674414728941999,-19.444926901168056,13.683028728580465,nan,nan,24.242024058194836,1939.361924655587,nan,0,17.701300006592646,49.59009999583941
1990,66.33333333333213,SEARCH,0,0,0,0,4.851379128352358,12.97354909986007,-19.079863820771163,13.516130903938349,-19.081485072541867,13.513435493163218,nan,nan,23.93895290475584,1915.1162323804672,nan,0,13.160500006051734,61.4447999978438
1991,66.36666666666547,SEARCH,0,0,0,0,4.916422247221014,12.922310175626743,-18.713929015486613,13.375495976359272,-18.707974075659244,13.36736083372565,nan,nan,23.628588017670303,1890.2870414136241,nan,0,12.889399993582629,50.19420001190156
1992,66.3999999999988,SEARCH,0,0,0,0,4.983122600876663,12.873247995783586,-18.341388370217032,13.252830805851092,-18.34219011282209,13.247983427285574,nan,nan,23.32832269657336,1866.2658157258686,nan,0,16.441800005850382,55.65139999089297
1993,66.43333333333213,SEARCH,0,0,0,0,5.051351939522615,12.826335396018843,-17.96316911610934,13.148398207737072,-17.968822305694214,13.156703738691032,nan,nan,23.022544722988034,1841.8035778390426,nan,0,13.42339999973774,96.69649999705143
1994,66.46666666666546,SEARCH,0,0,0,0,5.1210517082738445,12.781636661083992,-17.580199672887783,13.062405599141467,-17.58579757471302,13.06806213924248,nan,nan,22.708655704704746,1816.6924563763798,nan,0,11.645800012047403,41.14129999652505
1995,66.49999999999879,SEARCH,0,0,0,0,5.1920040582653035,12.738954127192008,-17.193407417709835,12.995007318978217,-17.184508600026195,12.993741332104314,nan,nan,22.37796316170144,1790.2370529361153,nan,0,10.02830000652466,54.5570999966003
1996,66.53333333333212,SEARCH,0,0,0,0,5.264098617381006,12.6982305564416,-16.80371652602286,12.946306700659061,-16.80135030669212,12.942186808262095,nan,nan,22.06679747660911,1765.3437981287288,nan,0,8.245000004535541,65.20179999643005
1997,66.56666666666545,SEARCH,0,0,0,0,5.337300915318175,12.659533550802031,-16.41204588660258,12.916357959592212,-16.419492788218946,12.919110002108532,nan,nan,21.758342128763978,1740.6673703011181,nan,0,9.78380000742618,55.67529999825638
1998,66.59999999999879,SEARCH,0,0,0,0,5.411572540370433,12.622930813461121,-16.0193070926762,12.905167944135396,-16.01981409591511,12.905680766700556,nan,nan,21.43325175259264,1714.660140207411,nan,0,13.16699999733828,61.43760000122711
1999,66.63333333333212,SEARCH,0,0,0,0,5.4868561110441405,12.588457364904764,-15.626402510766443,12.91269778796165,-15.623546987058461,12.916124651873607,nan,nan,21.112945905660098,1689.0356724528078,nan,0,11.699599999701604,60.134700004709885
2000,66.66666666666545,SEARCH,0,0,0,0,5.563073838098901,12.556101642824165,-15.234223428637339,12.93886449325353,-15.226111648457268,12.939770894975664,nan,nan,20.792725537780854,1663.4180430224683,nan,0,16.74730000377167,49.86509999434929
2001,66.69999999999878,SEARCH,0,0,0,0,5.640167374703025,12.525892020472678,-14.843648283478469,12.983542467329704,-14.847702495992344,12.984767054047879,nan,nan,20.493008030423102,1639.440642433848,nan,0,6.345899993903004,49.002500003552996
2002,66.73333333333211,SEARCH,0,0,0,0,5.7180303606284495,12.49772483936544,-14.455540971231112,13.04656502988168,-14.460501385089483,13.057621574349206,nan,nan,20.186298020360045,1614.9038416288035,nan,0,16.327899997122586,74.52030001149978
2003,66.76666666666544,SEARCH,0,0,0,0,5.79657346583626,12.471513862789475,-14.070749237737434,13.127725903681515,-14.069484123192142,13.12823160146931,nan,nan,19.876909274806525,1590.152741984522,nan,0,12.273800006369129,55.312900003627874
2004,66.79999999999878,SEARCH,0,0,0,0,5.875839629629709,12.44757832548151,-13.690103152182072,13.226780698192242,-13.681239421731458,13.21899669376494,nan,nan,19.572287227611262,1565.7829782089009,nan,0,10.495399998035282,50.62230001203716
2005,66.8333333333321,SEARCH,0,0,0,0,5.955770436832578,12.425965812239209,-13.314413663094184,13.343448392794613,-13.311867702104635,13.342942840590814,nan,nan,19.289445982805013,1543.1556786244012,nan,0,7.863200007705018,61.41300000308547
2006,66.86666666666544,SEARCH,0,0,0,0,6.0362723470697075,12.40658858031811,-12.944471236986875,13.477412824194667,-12.952724075794105,13.485880457454227,nan,nan,19.019643953123484,1521.5715162498786,nan,0,10.92159999825526,78.26029999705497
2007,66.89999999999877,SEARCH,0,0,0,0,6.1173127177311795,12.389603498869903,-12.58104457952988,13.62832418088314,-12.59002759481207,13.635729196610034,nan,nan,18.74879758341516,1499.9038066732128,nan,0,17.164700009743683,68.08250000176486
2008,66.9333333333321,SEARCH,0,0,0,0,6.198769300283124,12.374742145374707,-12.224879438980027,13.795800506189233,-12.2209446062148,13.795181645325037,nan,nan,18.474401445520563,1477.9521156416447,nan,0,13.637700001709163,71.83440000517294
2009,66.96666666666543,SEARCH,0,0,0,0,6.280611477431984,12.36217660884476,-11.876697491432214,13.979429210434516,-11.872985509325812,13.972914756733077,nan,nan,18.2249159377673,1457.9932750213839,nan,0,15.3413000080036,68.43980000121519
2010,66.99999999999876,SEARCH,0,0,0,0,6.36276724184095,12.351858418929396,-11.537195307301216,14.17876859189006,-11.544684969220995,14.180192010180035,nan,nan,18.000545780957943,1440.0436624766355,nan,0,8.17470000765752,56.825299994670786
2011,67.0333333333321,SEARCH,0,0,0,0,6.4451822888473655,12.343871260756355,-11.207043398301233,14.393349365624104,-11.211678271126765,14.400407477775628,nan,nan,17.7762219283593,1422.0977542687438,nan,0,10.593200000585057,76.48849999532104
2012,67.06666666666543,SEARCH,0,0,0,0,6.527774024186533,12.337985691759568,-10.886885344055568,14.622676198861619,-10.879582888870821,14.617954938242338,nan,nan,17.556034132556047,1404.4827306044838,nan,0,11.04029999987688,58.1495999940671
2013,67.09999999999876,SEARCH,0,0,0,0,6.610483570722389,12.33409139072036,-10.57733699734287,14.866229251130871,-10.571287932843,14.866882626040157,nan,nan,17.367449537639207,1389.3959630111367,nan,0,10.936600010609254,74.77179999114014
2014,67.13333333333209,SEARCH,0,0,0,0,6.69326074945877,12.332098064556359,-10.278985766868802,15.12346571722157,-10.283646494812755,15.122986640172767,nan,nan,17.20477952843643,1376.3823622749144,nan,0,8.006900010514073,62.33649999194313
2015,67.16666666666542,SEARCH,0,0,0,0,6.776061909356157,12.332148940860208,-9.992389976342507,15.393821370805068,-10.000789849700027,15.403847734802843,nan,nan,17.055734766525166,1364.4587813220132,nan,0,11.185600000317208,61.30390000180341
2016,67.19999999999875,SEARCH,0,0,0,0,6.858831334012065,12.33444175809691,-9.718078298535662,15.676712106454051,-9.717973824999978,15.679384023162736,nan,nan,16.91091683015655,1352.8733464125237,nan,0,12.163999999756925,56.7946000082884
2017,67.23333333333208,SEARCH,0,0,0,0,6.9415047334429545,12.339039985504446,-9.456549262907878,15.971535477734575,-9.453726628447136,15.966031726182555,nan,nan,16.791625308374755,1343.3300246699805,nan,0,12.957800005096942,68.96699999924749
2018,67.26666666666542,SEARCH,0,0,0,0,7.0240214846733995,12.345897130327463,-9.208270835295624,16.277672229017476,-9.214817357321976,16.27797679825003,nan,nan,16.708115915661697,1336.6492732529357,nan,0,11.386900005163625,52.74059998919256
2019,67.29999999999875,SEARCH,0,0,0,0,7.1063252469965255,12.354959435564506,-8.973680068082361,16.59448781866088,-8.984824038715429,16.600793130346247,nan,nan,16.641880575788672,1331.3504460630936,nan,0,9.489100004429929,58.35279999882914
2020,67.33333333333208,SEARCH,0,0,0,0,7.188356583472952,12.36622418166205,-8.753182819194983,16.921333931244405,-8.75292820107719,16.927130861116638,nan,nan,16.580905594111055,1326.4724475288845,nan,0,9.344500009319745,69.86639999377076
2021,67.36666666666541,SEARCH,0,0,0,0,7.270021458983144,12.379894689211365,-8.547153538205718,17.25754997658364,-8.54201172629422,17.26085284700712,nan,nan,16.54823694507864,1323.858955606291,nan,0,7.699399997363798,54.92769999545999
2022,67.39999999999874,SEARCH,0,0,0,0,7.3512525064565795,12.395943103311188,-8.355935117759143,17.602464573316087,-8.353000416788523,17.600710703543573,nan,nan,16.544278940155753,1323.5423152124604,nan,0,11.1046000092756,57.64959999942221
2023,67.43333333333207,SEARCH,0,0,0,0,7.431928617534816,12.41458176662278,-8.179838808490599,17.955397014924053,-8.185575599051035,17.95797291246274,nan,nan,16.572133940770986,1325.7707152616788,nan,0,12.327700009336695,57.921699990401976
2024,67.4666666666654,SEARCH,0,0,0,0,7.511935168419104,12.435912178816425,-8.01914419555489,18.315658716142828,-8.021152541831391,18.324652613778543,nan,nan,16.611865570269128,1328.94924562153,nan,0,16.021699993871152,47.560400009388104
2025,67.49999999999874,SEARCH,0,0,0,0,7.591259099845278,12.459655568882853,-7.874099234842535,18.652526972914263,-7.870320174769357,18.649721977813805,nan,nan,16.654649675456046,1332.3719740364836,nan,0,8.531500003300607,46.841099989251234
2026,67.53333333333207,SEARCH,0,0,0,0,7.6698719709784715,12.485656552728601,-7.744920346924534,18.92202157833141,-7.741130081982454,18.918645209227392,nan,nan,16.699770277791487,1335.981622223319,nan,0,14.224500002455898,44.57410000031814
2027,67.5666666666654,SEARCH,0,0,0,0,7.747737008528456,12.513818061851701,-7.631792566735816,19.137617262665128,-7.64235751190758,19.13781767783048,nan,nan,16.755070285153757,1340.4056228123004,nan,0,8.755999995628372,53.400600008899346
2028,67.59999999999873,SEARCH,0,0,0,0,7.82487137157198,12.543923289082544,-7.5348697469815775,19.310093810132102,-7.541516343692689,19.315825172576,nan,nan,16.792394901725576,1343.391592138046,nan,0,7.51470000250265,49.29199999605771
2029,67.63333333333206,SEARCH,0,0,0,0,7.901197922275385,12.576021456109206,-7.454274813229723,19.448075048105682,-7.452119043082416,19.448412086039987,nan,nan,16.821239395749174,1345.699151659934,nan,0,12.627500007511117,46.90149999805726
2030,67.66666666666539,SEARCH,0,0,0,0,7.976815072569214,12.609756915942908,-7.390100068636183,19.558460038484547,-7.382344937435366,19.552680670902753,nan,nan,16.855503151199894,1348.4402520959916,nan,0,7.899599993834272,40.550900012021884
2031,67.69999999999872,SEARCH,0,0,0,0,8.051643487955577,12.645207486030241,-7.342407546237883,19.646768030787637,-7.34067872240685,19.639757029532202,nan,nan,16.90701943998764,1352.561555199011,nan,0,11.074800000642426,46.057800005655736
2032,67.73333333333206,SEARCH,0,0,0,0,8.12550195535114,12.68263690577901,-7.311229406740361,19.71741442463011,-7.316525299761976,19.71664109057199,nan,nan,16.968601021278726,1357.4880817022981,nan,0,12.199300006614067,44.82599999755621
2033,67.76666666666539,SEARCH,0,0,0,0,8.198407359587005,12.721890398642143,-7.296568379723222,19.773931539704087,-7.296378366319412,19.774817852554385,nan,nan,17.02445800493814,1361.956640395051,nan,0,8.900300003006123,42.944500004523434
2034,67.79999999999872,SEARCH,0,0,0,0,8.270147845648069,12.763234531581091,-7.298398246186666,19.81914523176327,-7.290633375818629,19.813099362854622,nan,nan,17.08328148692686,1366.6625189541487,nan,0,7.127599994419143,47.986200006562285
2035,67.83333333333205,SEARCH,0,0,0,0,8.34044869481906,12.806981820349524,-7.316664360365983,19.855316185410615,-7.317825352315501,19.852550662627404,nan,nan,17.170369432439262,1373.6295545951411,nan,0,12.810499989427626,61.07730000803713
2036,67.86666666666538,SEARCH,0,0,0,0,8.40927314280379,12.853016915965236,-7.351284208748011,19.88425294832849,-7.36270500046209,19.8881119355729,nan,nan,17.269853979885447,1381.5883183908359,nan,0,12.60030000412371,35.04429999156855
2037,67.89999999999871,SEARCH,0,0,0,0,8.476446120422699,12.901429990093623,-7.40214800423389,19.907402358662793,-7.408674567452724,19.907341677645853,nan,nan,17.361447458151314,1388.915796652105,nan,0,11.735600011888891,44.04239999712445
2038,67.93333333333204,SEARCH,0,0,0,0,8.541891334889144,12.95215432914493,-7.4691193134058995,19.925921886930233,-7.4589721882259425,19.923905789322774,nan,nan,17.45373747676545,1396.298998141236,nan,0,8.498099996359088,46.12050000287127
2039,67.96666666666538,SEARCH,0,0,0,0,8.605468414254581,13.005201380411819,-7.552035714872507,19.940737509544185,-7.5446539841773275,19.935866686457484,nan,nan,17.57442958018146,1405.9543664145167,nan,0,14.873499996610917,37.837399999261834
2040,67.9999999999987,SEARCH,0,0,0,0,8.666992178895173,13.060616730750873,-7.65070948668482,19.952590007635347,-7.6579322150432585,19.958638763347356,nan,nan,17.722467786118067,1417.7974228894452,nan,0,10.670400006347336,46.626700001070276
2041,68.03333333333204,SEARCH,0,0,0,0,8.726521814853305,13.118168942797354,-7.764928320839318,19.96207200610828,-7.773954731116745,19.97358166595947,nan,nan,17.867915654854674,1429.4332523883738,nan,0,15.794299994013272,49.372100009350106
2042,68.06666666666537,SEARCH,0,0,0,0,8.783974944397098,13.177794210716039,-7.894456062905801,19.969657604886624,-7.890673053855866,19.967680693403253,nan,nan,18.004067438038,1440.3253950430399,nan,0,11.11279999895487,42.35960000369232
2043,68.0999999999987,SEARCH,0,0,0,0,8.83929792504893,13.23940104865265,-8.03903347484583,19.9757260839093,-8.030469790324425,19.970476568413076,nan,nan,18.163051517390223,1453.044121391218,nan,0,13.181700007407926,43.65009999310132
2044,68.13333333333203,SEARCH,0,0,0,0,8.892579123024408,13.302782028536594,-8.198379019115379,19.98058086712744,-8.195435602600934,19.978167931655946,nan,nan,18.34559958733301,1467.6479669866408,nan,0,12.77970000228379,61.201300006359816
2045,68.16666666666536,SEARCH,0,0,0,0,8.943616325946007,13.367983551422878,-8.372189662175867,19.984464693701952,-8.376974462757738,19.99335188496783,nan,nan,18.544497049660563,1483.559763972845,nan,0,10.296399996150285,37.932199993520044
2046,68.1999999999987,SEARCH,0,0,0,0,8.992487248162659,13.434824165052952,-8.56014169556993,19.98757175496156,-8.561190236939376,19.988816073195725,nan,nan,18.737299783666245,1498.9839826932996,nan,0,5.548999994061887,43.471800003317185
2047,68.23333333333203,SEARCH,0,0,0,0,9.039126698024349,13.503240510945947,-8.761891572752283,19.99005740396925,-8.755294277251586,19.98137405024899,nan,nan,18.936938295257317,1514.9550636205852,nan,0,16.160899991518818,52.791200010688044
2048,68.26666666666536,SEARCH,0,0,0,0,9.083625946346498,13.57306780910014,-8.977076759901454,19.9920459231754,-8.980091078821754,19.993132301510393,nan,nan,19.17068336945922,1533.6546695567374,nan,0,15.488299992284738,42.47129999566823
2049,68.29999999999869,SEARCH,0,0,0,0,9.126056334965353,13.644171232297646,-9.205316598975159,19.99363673854032,-9.214615285947422,19.998850765651575,nan,nan,19.410362888874143,1552.8290311099315,nan,0,15.53829999465961,43.78960000758525
2050,68.33333333333202,SEARCH,0,0,0,0,9.166198462588781,13.716591148471412,-9.446213181310243,19.994909390832255,-9.448619181683899,19.98986454847619,nan,nan,19.643456800694043,1571.4765440555234,nan,0,14.529100008076057,57.32079999870621
2051,68.36666666666535,SEARCH,0,0,0,0,9.204026152049789,13.79024643055486,-9.699352230107587,19.995927512665805,-9.69326410595279,19.990866631539213,nan,nan,19.888571340648234,1591.085707251859,nan,0,11.043500009691343,51.24970000179019
2052,68.39999999999868,SEARCH,0,0,0,0,9.239796000889264,13.864922749309551,-9.964303990182824,19.996742010132643,-9.963396307778478,19.99409863238027,nan,nan,20.157613743925435,1612.6090995140348,nan,0,13.367200008360669,51.71439998957794
2053,68.43333333333202,SEARCH,0,0,0,0,9.273592173665218,13.940512784198079,-10.240624123405178,19.997393608106115,-10.24960372426365,19.99955719070873,nan,nan,20.44180024334879,1635.3440194679033,nan,0,11.83590000437107,46.433399998932146
2054,68.46666666666535,SEARCH,0,0,0,0,9.305216843296702,14.017036734301628,-10.52785460828904,19.997914886484892,-10.535721992650739,20.00501078213149,nan,nan,20.724832619089867,1657.9866095271893,nan,0,13.628700005938299,43.4497999958694
2055,68.49999999999868,SEARCH,0,0,0,0,9.334633012035217,14.094436499711467,-10.825524642245913,19.998331909187915,-10.826541986672659,19.993584905434634,nan,nan,21.006497310148347,1680.5197848118678,nan,0,18.629699989105575,50.14570000639651
2056,68.53333333333201,SEARCH,0,0,0,0,9.361863009934508,14.172632163805812,-11.133151545048127,19.998665527350333,-11.125363964257549,19.995996549385527,nan,nan,21.29878029041336,1703.9024232330692,nan,0,13.586100001703016,53.04769999929704
2057,68.56666666666534,SEARCH,0,0,0,0,9.38683327995091,14.251578476474986,-11.450241662099932,19.998932421880266,-11.453485477529394,20.003208124680395,nan,nan,21.61943869584733,1729.5550956677864,nan,0,10.651799995684996,50.551699998322874
2058,68.59999999999867,SEARCH,0,0,0,0,9.409572044488412,14.331196208520423,-11.776291266156335,19.999145937504213,-11.780141812169502,20.007037774832767,nan,nan,21.936707838983484,1754.9366271186786,nan,0,5.23300000349991,29.03399999195244
2059,68.633333333332,SEARCH,0,0,0,0,9.43044228474929,14.41132402978248,-12.110787456175133,19.99931675000337,-12.108125103967252,19.998837807896525,nan,nan,22.251521192469024,1780.121695397522,nan,0,7.659399998374283,30.442200004472397
2060,68.66666666666534,SEARCH,0,0,0,0,9.4495920120249,14.491880361712505,-12.45320905203305,19.999453400002697,-12.447256209427323,19.996433627678524,nan,nan,22.578132533298067,1806.2506026638453,nan,0,3.7708000018028542,24.76109999406617
2061,68.69999999999867,SEARCH,0,0,0,0,9.466696631286538,14.572895586631438,-12.803027483882424,19.999562720002157,-12.80458708404237,20.00156947303933,nan,nan,22.923363158438192,1833.8690526750554,nan,0,3.5833000001730397,25.2011999982642
2062,68.733333333332,SEARCH,0,0,0,0,9.481521499452972,14.654358817310062,-13.159707674970747,19.999650176001726,-13.167921249795972,20.003398588535532,nan,nan,23.272504878625707,1861.8003902900568,nan,0,5.151500008651055,23.915600002510473
2063,68.76666666666533,SEARCH,0,0,0,0,9.494072884403685,14.736203165951675,-13.522708916791096,19.99972014080138,-13.52176820824209,19.99648603211627,nan,nan,23.609309965223183,1888.7447972178545,nan,0,5.13890000001993,27.767799998400733
2064,68.79999999999866,SEARCH,0,0,0,0,9.50454481536866,14.81833947540502,-13.891485735477366,19.999776112641104,-13.88041395979151,19.991027196023754,nan,nan,23.95021910486375,1916.0175283890999,nan,0,2.923499996541068,26.091700012329966
2065,68.83333333333199,SEARCH,0,0,0,0,9.512796813000074,14.90072842614383,-14.265488748403966,19.999820890112883,-14.259175760948665,20.000485392521057,nan,nan,24.312840253098443,1945.0272202478757,nan,0,5.710699988412671,25.395400007255375
2066,68.86666666666532,SEARCH,0,0,0,0,9.518692969346764,14.983319406335896,-14.644165509995227,19.999856712090306,-14.64964967847869,20.007755772510173,nan,nan,24.685091596760042,1974.8073277408034,nan,0,4.049099996336736,25.974999996833503
2067,68.89999999999866,SEARCH,0,0,0,0,9.522504414143429,15.066032812488181,-15.026961345795234,19.999885369672246,-15.0302168798827,20.008542359447425,nan,nan,25.04524952089532,2003.6199616716258,nan,0,4.109099987545051,25.255400003516115
2068,68.93333333333199,SEARCH,0,0,0,0,9.524173750736294,15.148817158738488,-15.413320173893906,19.999908295737796,-15.410958186981352,19.993545163235744,nan,nan,25.40142110569695,2032.1136884557561,nan,0,5.539600009797141,22.69509999314323
2069,68.96666666666532,SEARCH,0,0,0,0,9.524044354023644,15.231618233159306,-15.802685312850095,19.99992663659024,-15.805045582119426,19.99454688083922,nan,nan,25.773014691652083,2061.841175332167,nan,0,4.777900001499802,26.57829999225214
2070,68.99999999999865,SEARCH,0,0,0,0,9.521859754812619,15.3143905847934,-16.194500275296924,19.99994130927219,-16.20362174040025,20.006403474803687,nan,nan,26.14986392164522,2091.9891137316176,nan,0,3.92920000012964,25.00740000687074
2071,69.03333333333198,SEARCH,0,0,0,0,9.51784767211432,15.397094501636396,-16.588209546458707,19.999953047417755,-16.593968386421583,20.004592730444482,nan,nan,26.51520276753099,2121.2162214024793,nan,0,5.102499999338761,24.28440000221599
2072,69.06666666666531,SEARCH,0,0,0,0,9.512010678804586,15.479689684170566,-16.983259346852474,19.999962437934204,-16.97811736296233,19.994380407385968,nan,nan,26.872091768142894,2149.7673414514315,nan,0,4.7119999944698066,29.61660000437405
2073,69.09999999999864,SEARCH,0,0,0,0,9.504263859652955,15.562127669722027,-17.379098378490248,19.999969950347364,-17.36948836457347,19.993240295940126,nan,nan,27.236617222323044,2178.929377785844,nan,0,5.069999999250285,27.648700008285232
2074,69.13333333333198,SEARCH,0,0,0,0,9.49414435747154,15.644308143950102,-17.77517855394089,19.99997596027789,-17.7769684165867,19.997780089080024,nan,nan,27.616413777180338,2209.313102174427,nan,0,5.361700008506887,26.85909999127034
2075,69.16666666666531,SEARCH,0,0,0,0,9.481597506523201,15.726153187783135,-18.170955707652375,19.99998076822231,-18.172803936918786,20.00194826383669,nan,nan,27.983000960001593,2238.6400768001276,nan,0,4.86490000912454,26.77909999329131
2076,69.19999999999864,SEARCH,0,0,0,0,9.466984947413504,15.80765476927096,-18.565890288976792,19.999984614577848,-18.564109608235917,19.99763300418804,nan,nan,28.342515407014204,2267.4012325611366,nan,0,5.513199997949414,22.937200003070757
2077,69.23333333333197,SEARCH,0,0,0,0,9.450238998881945,15.888744891212719,-18.959448036381247,19.999987691662277,-18.952716424561974,19.995151908241755,nan,nan,28.698265720695524,2295.861257655642,nan,0,4.121499994653277,24.79920000769198
2078,69.2666666666653,SEARCH,0,0,0,0,9.431434994922016,15.969382624959557,-19.351100632367874,19.999990153329822,-19.34535849236371,19.994336554041475,nan,nan,29.056911355839635,2324.5529084671707,nan,0,4.006899995147251,31.592600003932603
2079,69.29999999999863,SEARCH,0,0,0,0,9.410736853482373,16.049555074153126,-19.740326338665774,19.99999212266386,-19.747927351264384,19.99937878316539,nan,nan,29.424969083033123,2353.9975266426495,nan,0,3.7188000133028254,27.43940000073053
2080,69.33333333333196,SEARCH,0,0,0,0,9.382138227012476,16.12726062886311,-20.126610611296226,19.999993698131085,-20.124611583425263,20.003104243394667,nan,nan,29.76021586111352,2380.8172688890813,nan,0,4.46189999638591,24.425700001302175
2081,69.3666666666653,SEARCH,0,0,0,0,9.345924863534563,16.201722880872886,-20.5094466951507,19.999994958504868,-20.500493739398156,19.997956287164712,nan,nan,30.086875735053223,2406.950058804258,nan,0,5.597399998805486,27.42089999082964
2082,69.39999999999863,SEARCH,0,0,0,0,9.302458595005959,16.27219782797432,-20.88833619775824,19.999995966803894,-20.887810028533213,19.99486531944817,nan,nan,30.418918008593437,2433.513440687475,nan,0,3.976899999543093,25.50859999610111
2083,69.43333333333196,SEARCH,0,0,0,0,9.252173722013763,16.3379813077919,-21.262789641955276,19.999996773443115,-21.268860602601276,20.00697620343156,nan,nan,30.740771945228687,2459.261755618295,nan,0,3.933100000722334,24.980699992738664
2084,69.46666666666529,SEARCH,0,0,0,0,9.195572674386947,16.39841603354041,-21.632326997206565,19.999997418754493,-21.633053033238863,20.007304643408474,nan,nan,31.039140452327647,2483.1312361862115,nan,0,4.7304000036092475,23.317800005315803
2085,69.49999999999862,SEARCH,0,0,0,0,9.133220991083576,16.452898161417238,-21.996478189360648,19.999997935003595,-21.986798417281314,20.003176401783502,nan,nan,31.32187867227995,2505.750293782396,nan,0,3.607999999076128,29.18610000051558
2086,69.53333333333195,SEARCH,0,0,0,0,9.065741669512493,16.500883324010037,-22.354783588657234,19.999998348002876,-22.349092639879014,19.999712219307558,nan,nan,31.609074936244035,2528.7259948995224,nan,0,3.3272000000579283,25.235100009012967
2087,69.56666666666528,SEARCH,0,0,0,0,8.993808940749137,16.541892069435963,-22.706794475837018,19.9999986784023,-22.711271107786565,20.00242944307081,nan,nan,31.893375798092936,2551.4700638474346,nan,0,5.201699997996911,24.140000008628704
2088,69.59999999999862,SEARCH,0,0,0,0,8.918141532841513,16.57551465186641,-23.05207348623658,19.999998942721838,-23.059158227385524,20.006901998276486,nan,nan,32.16087870498129,2572.870296398504,nan,0,5.469099996844307,23.350700008450076
2089,69.63333333333195,SEARCH,0,0,0,0,8.839495489517116,16.601415125571883,-23.39019503178249,19.99999915417747,-23.393032163340262,20.003345733646317,nan,nan,32.411556129787556,2592.9244903830045,nan,0,21.898299994063564,26.269900001352653
2090,69.66666666666528,SEARCH,0,0,0,0,8.758656616043915,16.619334701580673,-23.720745700829106,19.999999323341974,-23.71257409964032,19.991980167589517,nan,nan,32.645911867040645,2611.672949363252,nan,0,16.8441999994684,59.22880000434816
2091,69.69999999999861,SEARCH,0,0,0,0,8.676432627723877,16.629094333412723,-24.04332463581423,19.999999458673578,-24.046938039201248,19.999901842216705,nan,nan,32.896524604681034,2631.721968374483,nan,0,16.34800000465475,59.47860000014771
2092,69.73333333333194,SEARCH,0,0,0,0,8.593645079468658,16.630596506052875,-24.357543888735442,19.99999956693886,-24.36172935695202,20.010842408661453,nan,nan,33.12827744702087,2650.2621957616693,nan,0,18.217000004369766,67.16589999268763
2093,69.76666666666527,SEARCH,0,0,0,0,8.5111211570945,16.623826210288662,-24.663028754477665,19.99999965355109,-24.66540343678075,20.004903046105305,nan,nan,33.348365247755474,2667.869219820438,nan,0,8.940800005802885,50.0742000003811
2094,69.7999999999986,SEARCH,0,0,0,0,8.429685412354983,16.608851092677394,-24.959418082049577,19.999999722840872,-24.9501944252501,19.997870294532614,nan,nan,33.55148028214996,2684.1184225719967,nan,0,15.472899991436861,53.608800008078106
2095,69.83333333333194,SEARCH,0,0,0,0,8.349968208771447,16.58646354878415,-25.246364563812275,19.9999997782727,-25.2444264201345,19.992650249605962,nan,nan,33.76663232132455,2701.3305857059645,nan,0,16.215800002100877,49.888699999428354
2096,69.86666666666527,SEARCH,0,0,0,0,8.272383292496624,16.557539243513677,-25.523535002808877,19.999999822618157,-25.52924547134565,20.00396851667416,nan,nan,33.97687422090954,2718.149937672763,nan,0,9.416500004590489,57.02209999435581
2097,69.8999999999986,SEARCH,0,0,0,0,8.197185883644348,16.52287825145265,-25.79061055832781,19.999999858094526,-25.793801909062353,20.003074351557352,nan,nan,34.16868472767309,2733.494778213847,nan,0,12.366499999188818,62.21459999505896
2098,69.93333333333193,SEARCH,0,0,0,0,8.124510870584949,16.483199829790905,-26.047286969855886,19.99999988647562,-26.04168690450639,19.99567162283407,nan,nan,34.346273866368385,2747.701909309471,nan,0,15.64199999847915,51.542800007155165
2099,69.96666666666526,SEARCH,0,0,0,0,8.054403579236707,16.439143021366284,-26.293274759599655,19.999999909180495,-26.291076364997345,19.998256330836263,nan,nan,34.529397332554616,2762.3517866043694,nan,0,7.322399993427098,42.21880000841338
2100,69.9999999999986,SEARCH,0,0,0,0,7.986844129884215,16.391270738446636,-26.528299413775052,19.999999927344398,-26.538744519575975,20.006998845878844,nan,nan,34.71440279392128,2777.152223513702,nan,0,12.81070000550244,45.454299994162284
2101,70.03333333333192,SEARCH,0,0,0,0,7.921766437831069,16.340075732188343,-26.752101542885928,19.99999994187552,-26.760495748248047,20.0063746733745,nan,nan,34.87550800017221,2790.040640013777,nan,0,17.979600001126528,51.71449999033939
2102,70.06666666666526,SEARCH,0,0,0,0,7.85907284467,16.285987396613052,-26.964437021231817,19.999999953500414,-26.96360147103468,19.995730919377888,nan,nan,35.019720779902485,2801.5776623921993,nan,0,10.257100002490915,39.41359999589622
2103,70.09999999999859,SEARCH,0,0,0,0,7.798645247270409,16.229378738783495,-27.165077105904203,19.99999996280033,-27.157767567793805,19.99742492879041,nan,nan,35.15891023605838,2812.7128188846705,nan,0,9.136799999396317,54.129700001794845
2104,70.13333333333192,SEARCH,0,0,0,0,7.740353457581705,16.170573110450498,-27.35380853554845,19.999999970240264,-27.356581630890737,20.00186353588896,nan,nan,35.3054335609762,2824.4346848780956,nan,0,6.118599994806573,52.861600008327514
2105,70.16666666666525,SEARCH,0,0,0,0,7.68406139699946,16.10985047394519,-27.530433609185774,19.99999997619221,-27.540973076444132,20.004841424185038,nan,nan,35.439723590312326,2835.177887224986,nan,0,10.68239999585785,36.008299997774884
2106,70.19999999999858,SEARCH,0,0,0,0,7.629631613249814,16.047453091710693,-27.694770245405913,19.999999980953767,-27.691998156395996,20.001936867201078,nan,nan,35.5423053770369,2843.384430162952,nan,0,11.407300000428222,43.59809999004938
2107,70.23333333333191,SEARCH,0,0,0,0,7.576928508679534,15.983590603210754,-27.846652022256528,19.999999984763015,-27.84193612419656,19.99316697661393,nan,nan,35.645093274897654,2851.607461991812,nan,0,10.766999999759719,49.45639999641571
2108,70.26666666666524,SEARCH,0,0,0,0,7.525960654648627,15.9183348561517,-27.985928198170104,19.999999987810412,-27.978819672614055,19.99510028001429,nan,nan,35.73806713307787,2859.045370646229,nan,0,9.443600007216446,39.550599991343915
2109,70.29999999999858,SEARCH,0,0,0,0,7.476530658813651,15.851906622843075,-28.112463714282796,19.99999999024833,-28.120373017145514,20.003144423521025,nan,nan,35.838140668752516,2867.0512535002013,nan,0,12.16480000584852,48.114999997778796
2110,70.33333333333191,SEARCH,0,0,0,0,7.428825569323205,15.784229011290511,-28.22613917851272,19.999999992198664,-28.22311899044544,20.004044453363253,nan,nan,35.90080769645681,2872.064615716545,nan,0,13.089399988530204,48.86790001182817
2111,70.36666666666524,SEARCH,0,0,0,0,7.3828171502665585,15.715386727447957,-28.326850831777342,19.99999999375893,-28.322268956651026,19.99144127606241,nan,nan,35.960225477673596,2876.818038213888,nan,0,11.734299987438135,41.480300002149306
2112,70.39999999999857,SEARCH,0,0,0,0,7.3386523100616925,15.645347441626145,-28.414510496741066,19.999999995007144,-28.408942231943435,19.996655389215466,nan,nan,36.01144812964828,2880.9158503718622,nan,0,8.157000003848225,50.0709000043571
2113,70.4333333333319,SEARCH,0,0,0,0,7.296563828458267,15.5740410997969,-28.489045509494705,19.999999996005716,-28.49512193592704,20.001297568216643,nan,nan,36.064461311569126,2885.15690492553,nan,0,7.2428999992553145,42.69779998867307
2114,70.46666666666523,SEARCH,0,0,0,0,7.256460197871477,15.501599858210984,-28.550398634578396,19.999999996804572,-28.55216349433293,19.9968800013909,nan,nan,36.08968099464957,2887.1744795719655,nan,0,13.182399998186156,38.02960000757594
2115,70.49999999999856,SEARCH,0,0,0,0,7.2180718382912366,15.428235231056686,-28.598527963768696,19.99999999744366,-28.594677939565067,19.987128736735517,nan,nan,36.1017528195996,2888.1402255679677,nan,0,7.746000002953224,49.453599989647046
2116,70.5333333333319,SEARCH,0,0,0,0,7.1814798867882725,15.35395829147275,-28.633406799058907,19.930282013180385,-28.63117937778038,19.922681473102152,nan,nan,36.10290563251735,2888.232450601388,nan,0,11.411100000259466,45.91200000140816
2117,70.56666666666523,SEARCH,0,0,0,0,7.146726729600821,15.27880343311845,-28.655023520269445,19.794522285020992,-28.651092412189293,19.79785333832148,nan,nan,36.08192992834544,2886.554394267635,nan,0,8.03329999325797,40.703200007556006
2118,70.59999999999856,SEARCH,0,0,0,0,7.113748989440159,15.20285276937779,-28.663381437731967,19.60618303704583,-28.663091450653933,19.61429473065893,nan,nan,36.04778955849726,2883.8231646797803,nan,0,9.527999995043501,48.32190000161063
2119,70.63333333333189,SEARCH,0,0,0,0,7.082611923573332,15.126129123753017,-28.658498630497277,19.376120930969122,-28.65768580402324,19.3803911208558,nan,nan,35.992605168245845,2879.4084134596674,nan,0,8.849000005284324,37.87919999740552
2120,70.66666666666522,SEARCH,0,0,0,0,7.053503781901382,15.048612991514904,-28.64040777052267,19.113107260475264,-28.6306966958217,19.111837920934942,nan,nan,35.91478749152489,2873.1829993219912,nan,0,7.911499997135252,40.37999999127351
2121,70.69999999999855,SEARCH,0,0,0,0,7.026435670191453,14.970361141714342,-28.609155933299295,18.82424402280692,-28.608172899813418,18.824312033844777,nan,nan,35.84240875578004,2867.3927004624034,nan,0,8.83320000139065,46.29759999806993
2122,70.73333333333188,SEARCH,0,0,0,0,7.001237819616471,14.891487172655141,-28.564804395384407,18.515296694456186,-28.575318298968256,18.521643965420818,nan,nan,35.76128330469799,2860.9026643758393,nan,0,7.85399999585934,49.57620000641327
2123,70.76666666666522,SEARCH,0,0,0,0,6.977539985539294,14.812149619574638,-28.507428419307132,18.190960372484955,-28.50957542235114,18.19413217432585,nan,nan,35.64790549209836,2851.8324393678686,nan,0,12.502099998528138,43.18210000928957
2124,70.79999999999855,SEARCH,0,0,0,0,6.955251238772192,14.732404736125586,-28.437117026319328,17.85507261073709,-28.43302501706882,17.84811009701895,nan,nan,35.52517017912258,2842.013614329807,nan,0,12.29800000146497,58.41250000230502
2125,70.83333333333188,SEARCH,0,0,0,0,6.934338551511816,14.65228798269473,-28.3539727574657,17.510783614390608,-28.351969054094035,17.506514397122125,nan,nan,35.401555232252896,2832.1244185802316,nan,0,11.520100000780076,55.340299993986264
2126,70.86666666666521,SEARCH,0,0,0,0,6.9149525151058455,14.57178819225266,-28.258111423449183,17.160692323643204,-28.266741831105456,17.161965355398838,nan,nan,35.276913623596954,2822.1530898877563,nan,0,8.281300004455261,46.26109999662731
2127,70.89999999999854,SEARCH,0,0,0,0,6.897500405308384,14.490847111629973,-28.14966184376886,16.80695521119704,-28.1540598752685,16.814930784354345,nan,nan,35.12852463484254,2810.281970787403,nan,0,7.908899991889484,51.45060000359081
2128,70.93333333333187,SEARCH,0,0,0,0,6.88162514639173,14.409582046423083,-28.028765575608606,16.45137325330358,-28.02689826079106,16.448628126542403,nan,nan,34.96802418477027,2797.441934781622,nan,0,15.250900003593415,54.00220000592526
2129,70.9666666666652,SEARCH,0,0,0,0,6.8678297659254595,14.327938172516085,-27.895576632954754,16.09546144220187,-27.89065192732229,16.08924232525286,nan,nan,34.80307805264193,2784.2462442113547,nan,0,8.804199998849072,46.40419999486767
2130,70.99999999999854,SEARCH,0,0,0,0,6.856041115472268,14.245980485937928,-27.75026119642087,15.740504334238414,-27.752368550417263,15.739681953075463,nan,nan,34.64062880022481,2771.250304017985,nan,0,18.69730000908021,58.66989999776706
2131,71.03333333333187,SEARCH,0,0,0,0,6.846428086457226,14.163739229005005,-27.59299731425697,15.387600429117608,-27.59644587565282,15.388303145413646,nan,nan,34.46463583958444,2757.1708671667548,nan,0,11.97719998890534,52.309500009869225
2132,71.0666666666652,SEARCH,0,0,0,0,6.8388632746546945,14.081284342605572,-27.423974595019217,15.037697616657193,-27.420822949258188,15.02726709322597,nan,nan,34.27274403261924,2741.8195226095386,nan,0,12.89879999239929,58.998399996198714
2133,71.09999999999853,SEARCH,0,0,0,0,6.83315801188413,13.99867995624825,-27.243393892374403,14.691621480160485,-27.23594323090568,14.684487485242235,nan,nan,34.076003161437335,2726.080252914987,nan,0,18.58080000965856,60.09009999979753
2134,71.13333333333186,SEARCH,0,0,0,0,6.8290724467679125,13.915979636862941,-27.05146698251136,14.350097887704148,-27.046371296118462,14.35208896004619,nan,nan,33.87825084208491,2710.260067366793,nan,0,14.517000003252178,72.24760000826791
2135,71.1666666666652,SEARCH,0,0,0,0,6.82637527301508,13.833222401997958,-26.84841623462887,14.013771016386933,-26.84866687237558,14.014431897973786,nan,nan,33.67552969702584,2694.042375762067,nan,0,10.626800009049475,66.69619999593124
2136,71.19999999999852,SEARCH,0,0,0,0,6.82483808266004,13.750435496544478,-26.634474274966497,13.683217725579237,-26.637171769100192,13.685285270986107,nan,nan,33.46207327514524,2676.965862011619,nan,0,5.361900010029785,54.83269999967888
2137,71.23333333333186,ACQUIRING,0,0,0,0,6.824289375133896,13.667636139126671,-26.40988364484141,13.358959012006263,-26.403806389934548,13.354325887807175,-23.614863416378775,10.779312415147624,33.22957284537587,2658.36582763007,2446.070398463042,1,15.54720000422094,72.89159999345429
2138,71.26666666666519,ACQUIRING,0,0,0,0,6.824371315255283,13.5848350041431,-26.096404125827437,12.945811409544401,-26.095951215260765,12.943097553535303,-23.66987617997253,10.817353393902868,32.92657684103701,2634.126147282961,2449.565623224788,1,11.335900009726174,68.22139999712817
2139,71.29999999999852,ACQUIRING,0,0,0,0,6.825143338588865,13.502037427797392,-25.761743880486748,12.621552695971427,-25.767488494556893,12.624419277715702,-23.721487780934726,10.835813894107112,32.604445455004125,2608.35563640033,2453.0215433983954,1,20.723800000268966,87.70950000325684
2140,71.33333333333185,ACQUIRING,0,0,0,0,6.8267781284332045,13.419252392127195,-25.4896400678086,12.363519527552358,-25.48879250045864,12.367952150917748,-23.77289019249534,10.854695215569084,32.332666720641285,2586.613337651303,2456.5558392027465,2,20.191100004012696,87.78889999666717
2141,71.36666666666518,ACQUIRING,0,0,0,0,6.8293146635325686,13.336490077886712,-25.26681239914381,12.144371727546657,-25.259006436845038,12.141119078243854,-23.764141204911546,10.861422275480011,32.11057867537933,2568.8462940303466,2455.4729109982186,1,13.934999995399266,77.19199999701232
2142,71.39999999999851,ACQUIRING,0,0,0,0,6.832528486715459,13.253751296113592,-25.051842873554016,11.953879230349632,-25.046939142276315,11.953292302094114,-23.79473584727498,10.87861962017516,31.905981412629526,2552.4785130103623,2457.5377219481047,0,9.737599990330637,74.42590000573546
2143,71.43333333333184,ACQUIRING,0,0,0,0,6.83627069945715,13.171034728773385,-24.878676590840993,11.796495089449982,-24.881652109767902,11.802731334156295,-23.78621565944825,10.92717189980486,31.7474232263294,2539.793858106352,2456.3668666667186,1,14.083799993386492,73.69310001377016
2144,71.46666666666518,ACQUIRING,0,0,0,0,6.840407753984705,13.088336969138755,-24.718080147702622,11.681054213384547,-24.724589005947973,11.687694197465222,-23.80659195196496,10.95256040097505,31.596057042428594,2527.6845633942876,2457.706420255238,0,9.247199996025302,53.50329999055248
2145,71.49999999999851,ACQUIRING,0,0,0,0,6.845188768867031,13.005673938916981,-24.587955776880907,11.585424829242358,-24.58153763608169,11.582847520718236,-23.826968244481673,10.977948902145242,31.45891872820529,2516.7134982564235,2459.128801410798,0,11.529800001881085,57.739399999263696
2146,71.53333333333184,ACQUIRING,0,0,0,0,6.850673291520705,12.923054602923449,-24.480968475481767,11.508637031429904,-24.47886297061475,11.502940277697157,-23.847344536998385,11.003337403315433,31.36170542392702,2508.9364339141616,2460.638762892656,0,12.824199991882779,60.091799998190254
2147,71.56666666666517,ACQUIRING,0,0,0,0,6.856654049384088,12.840469705974124,-24.39369957296498,11.447655815449119,-24.39841583117244,11.44755354636997,-23.867720829515097,11.028725904485624,31.286092895504837,2502.887431640387,2462.2196520068483,0,12.126599991461262,67.55170000542421
2148,71.5999999999985,SEARCH,0,0,0,0,6.863222732655221,12.757929491115945,-24.323093405929963,11.400046484395823,-24.32763317785135,11.402925038381934,nan,nan,31.22027433410718,2497.6219467285746,nan,0,15.382300000055693,68.6139000026742
2149,71.63333333333183,SEARCH,0,0,0,0,6.870168954793885,12.675420190629568,-24.34137612778384,11.441326042231415,-24.337192989467752,11.438017101367345,nan,nan,31.231884444033557,2498.5507555226845,nan,0,8.672700001625344,77.3516000044765
2150,71.66666666666517,SEARCH,0,0,0,0,6.877648664604072,12.59295754084249,-24.448547738526603,11.451068393872553,-24.440359264159873,11.44514650305842,nan,nan,31.339034618261305,2507.1227694609047,nan,0,14.85540000430774,56.747700000414625
2151,71.6999999999985,SEARCH,0,0,0,0,6.885558824148102,12.51053506790738,-24.48980551024788,11.404409705958711,-24.490760648391184,11.406785527113922,nan,nan,31.39572720437687,2511.6581763501495,nan,0,11.665400001220405,61.08749999839347
2152,71.73333333333183,ACQUIRING,0,0,0,0,6.893827809067559,12.428147820367771,-24.462227852682044,11.314523073163,-24.467144753428748,11.319308951878408,-24.129774378736634,11.065400864726277,31.380569206149193,2510.4455364919354,2484.281429432328,1,12.239899995620362,66.8227999994997
2153,71.76666666666516,ACQUIRING,0,0,0,0,6.902312705066464,12.345782529081704,-24.406634243983394,11.272864303863305,-24.403825328275403,11.277939414933492,-24.129774378736634,11.065400864726277,31.324344645644032,2505.9475716515226,2484.6792063146104,0,7.757700004731305,54.098599997814745
2154,71.79999999999849,ACQUIRING,0,0,0,0,6.911351109674403,12.263476138619637,-24.362932106133204,11.240116343779022,-24.354586485007935,11.23357939527396,-24.129774378736634,11.065400864726277,31.28289534196802,2502.6316273574416,2485.13900578516,0,15.379799995571375,61.431000009179115
2155,71.83333333333182,ACQUIRING,0,0,0,0,6.920541603581053,12.181186591953596,-24.325789552311512,11.21228377242632,-24.326579811725807,11.211038319320293,-24.129774378736634,11.065400864726277,31.262178177692963,2500.9742542154368,2485.628580963272,0,16.76140000927262,73.47079999453854
2156,71.86666666666515,ACQUIRING,0,0,0,0,6.929721195793854,12.098895828464869,-24.294400547606692,11.188762591913767,-24.29727533620649,11.19106635405649,-24.175045866417143,11.197810528795028,31.240189928426588,2499.2151942741266,2489.425300697894,1,12.025799995171838,75.57430000451859
2157,71.89999999999849,ACQUIRING,0,0,0,0,6.938795709302848,12.016593411286964,-24.28900868872054,11.230721582238193,-24.288104038211852,11.228987404727809,-24.203616305167095,11.217970993545531,31.23683068211149,2498.946454568919,2492.2120280202435,1,14.88709999830462,66.43740000436082
2158,71.93333333333182,ACQUIRING,0,0,0,0,6.947657704183716,11.934267839831417,-24.29149427759335,11.256860344227713,-24.28323937166832,11.254022599620027,-24.240659846257522,11.220179491330624,31.23830446341948,2499.0643570735583,2495.7193095976163,1,16.71630000055302,56.12360000668559
2159,71.96666666666515,ACQUIRING,0,0,0,0,6.956297423975189,11.851918644870715,-24.305603965724693,11.271304219544625,-24.294295036214095,11.265022539230255,-24.26795797629874,11.22234802192731,31.256103022476353,2500.488241798108,2498.4481384677924,1,8.677599995280616,54.41090000385884
2160,71.99999999999848,ACQUIRING,0,0,0,0,6.964688151385345,11.769543707163427,-24.3224684260868,11.27849570452291,-24.324493762683737,11.286654158371546,-24.282533408957026,11.213207485373685,31.292907937231405,2503.4326349785124,2500.1739014496416,1,22.020600008545443,54.7526000009384
2161,72.03333333333181,ACQUIRING,0,0,0,0,6.972804440036962,11.687141276815321,-24.335636919578377,11.275271163397749,-24.33836039416759,11.282195232385392,-24.31488411443273,11.215058475975011,31.31378330022783,2505.1026640182267,2503.2999880987086,1,15.842399996472523,53.26440000499133
2162,72.06666666666514,ACQUIRING,0,0,0,0,6.980477594480972,11.604696402082993,-24.356448992210957,11.27185497393488,-24.356605595932418,11.267953677804424,-24.347811655342408,11.228523008498811,31.33889242690692,2507.1113941525537,2506.44380905555,1,18.690800003241748,49.15489999984857
2163,72.09999999999847,ACQUIRING,0,0,0,0,6.987992152704761,11.522236920618141,-24.381472817305287,11.27370709077926,-24.380036683647152,11.26689618797851,-24.38256840807575,11.250337660596106,31.36906807617896,2509.525446094317,2509.7391088065847,1,29.062399989925325,65.00130001222715
2164,72.1333333333318,ACQUIRING,0,0,0,0,6.9952714282269515,11.43975633613535,-24.41032913647118,11.28275803912235,-24.414964343348622,11.28234762803179,-24.41158652627914,11.262212038345867,31.41063018672743,2512.8504149381943,2512.5887826570593,1,29.723500003456138,68.13630000397097
2165,72.16666666666514,ACQUIRING,0,0,0,0,7.002314736332903,11.357255266568492,-24.43874979868927,11.29122194077228,-24.443053572905622,11.296373858271101,-24.442060968283236,11.271241232531738,31.44542724546033,2515.634179636826,2515.5594677823606,1,20.3693000075873,54.71479998959694
2166,72.19999999999847,ACQUIRING,0,0,0,0,7.008984690741476,11.27472317355651,-24.4680358217477,11.29870880424337,-24.464584541858905,11.298224826733904,-24.47888559543805,11.28805218274905,31.473578007067953,2517.886240565436,2519.029848584416,1,15.315500000724569,61.16929999552667
2167,72.2333333333318,ACQUIRING,0,0,0,0,7.015471953498246,11.192176519531797,-24.500976034216905,11.309726290875629,-24.494728176942463,11.307500201226162,-24.52883707511657,11.31815605369464,31.5104111653908,2520.832893231264,2523.5648473516544,1,20.476999998209067,60.01060000562575
2168,72.26666666666513,ACQUIRING,0,0,0,0,7.021753457168797,11.109613953072246,-24.542502285642154,11.329317292640624,-24.540301311628593,11.326889773167041,-24.56562295854255,11.336000264444431,31.562802632379842,2525.0242105903876,2527.0550127321744,0,21.582200002740137,59.69500000355765
2169,72.29999999999846,ACQUIRING,0,0,0,0,7.027746559755699,11.027029951049252,-24.582163738792044,11.347579216565439,-24.587376775414878,11.350552690578386,-24.60102406656604,11.359532731325615,31.616778622450447,2529.3422897960354,2530.441465902883,1,18.800799996824935,54.76650000491645
2170,72.3333333333318,ACQUIRING,0,0,0,0,7.033257979633159,10.944412404972857,-24.620790935953153,11.368550415396527,-24.62148623648614,11.369240251279631,-24.63194952739015,11.372694207550632,31.657594824732595,2532.607585978608,2533.4482957616665,1,26.811699994141236,73.01410000945907
2171,72.36666666666513,ACQUIRING,0,0,0,0,7.038388741811419,10.861770345776458,-24.656543695998344,11.38597386725711,-24.65094833511785,11.378622662926434,-24.664603696383992,11.390899219680488,31.693551721020278,2535.484137681622,2536.5926208536985,1,16.818200005218387,57.41919999127276
2172,72.39999999999846,ACQUIRING,0,0,0,0,7.042984067835593,10.779096785024048,-24.691383832922504,11.404089337145642,-24.681539771033684,11.395640763575555,-24.690444628204144,11.40855961919538,31.730514324234854,2538.4411459387884,2539.1736863995625,1,30.838900012895465,58.34399999002926
2173,72.43333333333179,ACQUIRING,0,0,0,0,7.047228854034663,10.696404485147488,-24.72205497283874,11.422016135933415,-24.725871123836022,11.42334990513573,-24.696721582870865,11.428041839348456,31.781414881144105,2542.5131904915283,2540.190459075101,1,33.64319998945575,68.0354000069201
2174,72.46666666666512,ACQUIRING,0,0,0,0,7.051276033991876,10.613702278386453,-24.74056774765406,11.440784313496138,-24.743371941579927,11.444415325968464,-24.696597944350586,11.42960566857793,31.805498330602447,2544.439866448196,2540.6685110647113,1,22.971799990045838,50.076600004103966
2175,72.49999999999845,ACQUIRING,0,0,0,0,7.0549462346914185,10.530982484530472,-24.749126320257506,11.45095060082889,-24.745087776218654,11.450664950009138,-24.704416483480298,11.435373732587259,31.813330208143036,2545.066416651443,2541.7789597605306,1,17.25790000637062,59.8147999990033
2176,72.53333333333178,ACQUIRING,0,0,0,0,7.057915220259464,10.448234555290837,-24.755630387843244,11.458799868543052,-24.75564222975674,11.454114310498765,-24.73956561268984,11.434592914755795,31.829455410160865,2546.3564328128696,2545.022046439758,1,19.22279999416787,59.152500005438924
2177,72.56666666666511,ACQUIRING,0,0,0,0,7.060089024275012,10.365461919445089,-24.774209168243807,11.461530770333853,-24.78032715602084,11.465533505406368,-24.762928131694924,11.455377046364639,31.85941399380543,2548.7531195044344,2547.3340867886736,1,19.333599993842654,58.21730000025127
2178,72.59999999999845,ACQUIRING,0,0,0,0,7.06133238734644,10.282670079768563,-24.793171790694984,11.472312488096533,-24.798253407077006,11.472886663757462,-24.779300903736754,11.476786742633951,31.881810213804208,2550.5448171043367,2549.041348249046,1,19.11419999669306,49.99499999394175
2179,72.63333333333178,ACQUIRING,0,0,0,0,7.061739278387836,10.199869903993198,-24.80988863613988,11.48732161462637,-24.810297686191046,11.48651364582343,-24.816122827903925,11.492413519111201,31.897996683018725,2551.839734641498,2552.324445162547,1,24.437500003841706,62.80210000113584
2180,72.66666666666511,ACQUIRING,0,0,0,0,7.061316835024528,10.117069806104634,-24.835910644458465,11.502300045548616,-24.82765457034407,11.492662299911176,-24.83619351626542,11.518802480272823,31.918627038164296,2553.4901630531435,2554.2635993653967,1,14.879900001687929,54.49739999312442
2181,72.69999999999844,ACQUIRING,0,0,0,0,7.06003194361812,10.03427860051597,-24.858292667218493,11.523063296507006,-24.858865667662176,11.524330168682363,-24.844671984935193,11.52680229350762,31.953658294398625,2556.29266355189,2555.1676387966863,1,17.747700010659173,56.11389999103267
2182,72.73333333333177,ACQUIRING,0,0,0,0,7.057789868108285,9.951507785815624,-24.873679666731654,11.537621498216923,-24.883620689687096,11.543937232313871,-24.86383468524436,11.541981937931448,31.981080969281148,2558.486477542492,2556.897773041392,0,24.37600000121165,69.25339999725111
2183,72.7666666666651,SEARCH,0,0,0,0,7.054317461757537,9.868779452924853,-24.89057444302097,11.552954940200877,-24.889797126982042,11.554757682915028,nan,nan,31.98857576464644,2559.0860611717153,nan,1,18.59990000957623,54.921000002650544
2184,72.79999999999843,SEARCH,0,0,0,0,7.04984889875985,9.786098943652796,-24.818580330421398,11.47939949329594,-24.818569748586743,11.476375007382636,nan,nan,31.913212628222908,2553.0570102578326,nan,0,17.372500005876645,53.91729999973904
2185,72.83333333333177,SEARCH,0,0,0,0,7.044390950934929,9.703477847834044,-24.657697328932937,11.316955157502115,-24.65782787738828,11.30952556673348,nan,nan,31.742874285645158,2539.429942851613,nan,1,21.79969999997411,59.45359999896027
2186,72.8666666666651,SEARCH,0,0,0,0,7.0379666690948595,9.620926268372532,-24.407925438555587,11.098715669976656,-24.41392336731205,11.100280907560098,nan,nan,31.486661890564363,2518.932951245149,nan,1,20.030099985888228,51.755600012256764
2187,72.89999999999843,SEARCH,0,0,0,0,7.030940173328148,9.53842376522268,-24.13874070994565,10.879602735595757,-24.140671102029145,10.885460745830724,nan,nan,31.20070284671657,2496.0562277373256,nan,1,16.11929999489803,61.20029999874532
2188,72.93333333333176,SEARCH,0,0,0,0,7.023002977598724,9.456003891450004,-23.85531939679379,10.661906075094299,-23.852287618272022,10.659747260414177,nan,nan,30.898747021162357,2471.8997616929887,nan,1,18.38059999863617,57.47759999940172
2189,72.96666666666509,SEARCH,0,0,0,0,7.013961127892037,9.373697879381428,-23.55921501819365,10.447495070910433,-23.55492300169633,10.442064244873942,nan,nan,30.58754785233879,2447.003828187103,nan,0,22.64199999626726,58.744099995237775
2190,72.99999999999842,SEARCH,0,0,0,0,7.003495019550045,9.291560827785181,-23.251740652738327,10.237900519156428,-23.256053238836955,10.239540124483058,nan,nan,30.27439389234109,2421.951511387287,nan,0,22.573199996259063,59.535399996093474
2191,73.03333333333175,SEARCH,0,0,0,0,6.991915236053345,9.209573369702127,-22.93401782425899,10.034380018429411,-22.93584240555716,10.042045396195597,nan,nan,29.939333444982875,2395.14667559863,nan,1,21.382099992479198,71.37260001036339
2192,73.06666666666509,SEARCH,0,0,0,0,6.979255041857595,9.12774578174014,-22.607015534068115,9.837970270518607,-22.60040702374669,9.83951910706347,nan,nan,29.588224502020918,2367.0579601616737,nan,0,17.200600006617606,46.88569999416359
2193,73.09999999999842,SEARCH,0,0,0,0,6.965418780783859,9.04610882596489,-22.271581410698065,9.649528913023993,-22.25967558101828,9.646691985921452,nan,nan,29.231264779141227,2338.501182331298,nan,1,16.88750000903383,64.14449999283534
2194,73.13333333333175,SEARCH,0,0,0,0,6.950423594554146,8.964676774175148,-21.928466553996103,9.46976797986627,-21.929045562554197,9.469718672708854,nan,nan,28.883884886137572,2310.710790891006,nan,1,18.457799989846535,71.28230000671465
2195,73.16666666666508,SEARCH,0,0,0,0,6.934224203931352,8.883475700215495,-21.57834533513129,9.299280666438396,-21.58300658969473,9.301819693536546,nan,nan,28.520299154000533,2281.6239323200425,nan,1,14.749800000572577,55.13770000834484
2196,73.19999999999841,SEARCH,0,0,0,0,6.916609687416105,8.80256980749633,-21.221831161822575,9.138562740763618,-21.221355745906823,9.141664044878395,nan,nan,28.140008593259203,2251.200687460736,nan,1,12.151799994171597,47.572700001182966
2197,73.23333333333174,SEARCH,0,0,0,0,6.897631035126041,8.721972999705923,-20.85948901629863,8.98802967371533,-20.857510446296782,8.977395868395545,nan,nan,27.75631674944728,2220.5053399557823,nan,0,16.77789998939261,69.74130000162404
2198,73.26666666666507,SEARCH,0,0,0,0,6.8769513024655895,8.641795800167381,-20.49184541205933,8.848030346704832,-20.492533019174218,8.844997078848076,nan,nan,27.370238632356582,2189.6190905885264,nan,0,15.75990000856109,47.17789999267552
2199,73.2999999999984,SEARCH,0,0,0,0,6.854449343132099,8.56211081729793,-20.11939628635416,8.718858023522461,-20.130212554533433,8.72415870135965,nan,nan,26.985148457031894,2158.811876562552,nan,0,22.09049998782575,72.06420000875369
2200,73.33333333333174,SEARCH,0,0,0,0,6.830096612792323,8.482971830737897,-19.742613241967724,8.600759135639743,-19.74478219250126,8.602751917269249,nan,nan,26.57514874436588,2126.0118995492703,nan,0,16.57530000375118,65.04040000436362
2201,73.36666666666507,SEARCH,0,0,0,0,6.803993381614131,8.404392851418942,-19.361948469240264,8.493940320376735,-19.354648215255196,8.487414508454302,nan,nan,26.158773342590038,2092.701867407203,nan,0,12.741599988657981,57.857300009345636
2202,73.3999999999984,SEARCH,0,0,0,0,6.776314966955999,8.32635478358815,-18.977838613119633,8.398574063414914,-18.976844165344648,8.394258375793846,nan,nan,25.753248653158973,2060.259892252718,nan,0,24.182199995266274,61.201500007882714
2203,73.43333333333173,SEARCH,0,0,0,0,6.747314800244383,8.248798191350936,-18.59070779713407,8.314803226795679,-18.59754807494239,8.32212556161462,nan,nan,25.34496894977878,2027.5975159823026,nan,0,20.390000005136244,58.835999996517785
2204,73.46666666666506,SEARCH,0,0,0,0,6.716929951617294,8.171773548264065,-18.200969973847656,8.242744687271484,-18.202217867216376,8.246137420491008,nan,nan,24.91925877714615,1993.540702171692,nan,0,19.58010000817012,62.067999999271706
2205,73.4999999999984,SEARCH,0,0,0,0,6.685095523038847,8.095336621155274,-17.809030737496474,8.182492264857098,-17.80181590887347,8.177392230239777,nan,nan,24.487048915647232,1958.9639132517786,nan,0,18.207799992524087,49.45200000656769
2206,73.53333333333173,SEARCH,0,0,0,0,6.651833343317303,8.019510094999037,-17.415288707410514,8.134119085412067,-17.409863178050617,8.127443702257445,nan,nan,24.061938599164968,1924.9550879331973,nan,0,17.636000004131347,68.63769999472424
2207,73.56666666666506,ACQUIRING,0,0,0,0,6.617183109093928,7.944307728433774,-17.020136569150132,8.097679492271489,-17.02878275148224,8.096099905291242,-16.88888656915013,5.116214899996811,23.646453060543536,1891.7162448434829,1894.0469616390765,1,21.78049999929499,49.169200006872416
2208,73.59999999999839,ACQUIRING,0,0,0,0,6.581168878588391,7.869748960539951,-16.71387331977864,7.972351010242021,-16.718549444204267,7.976501171409267,-16.88888656915013,5.116214899996811,23.299962874562812,1863.997029965025,1890.4821861821256,0,24.765299996943213,57.70510000002105
2209,73.63333333333172,ACQUIRING,0,0,0,0,6.543862913822787,7.795828059154359,-16.496498959296034,7.758133639323665,-16.490343861671647,7.7568677049906825,-16.88888656915013,5.116214899996811,23.034239724493407,1842.7391779594725,1886.837057112454,0,19.736799993552268,75.19269999465905
2210,73.66666666666505,ACQUIRING,0,0,0,0,6.505143573166721,7.722637572560059,-16.368013487702317,7.45502737951642,-16.36081688091908,7.4484035536657345,-16.88888656915013,5.116214899996811,22.867604854573962,1829.408388365917,1883.102266703845,0,20.296799993957393,52.81160000595264
2211,73.69999999999838,ACQUIRING,0,0,0,0,6.464977118630099,7.650231146058618,-16.32841690499749,7.074370428186088,-16.3286385551983,7.070723190959106,-16.88888656915013,5.116214899996811,22.80098122792568,1824.0784982340545,1879.2750729708096,0,18.37119999981951,57.27099999785423
2212,73.73333333333171,SEARCH,0,0,0,0,6.423453619709212,7.5785943279682115,-16.37770921118155,6.759945972471305,-16.376795869101855,6.759623433687699,nan,nan,22.814953212262086,1825.1962569809666,nan,0,21.1661999928765,67.41050000709947
2213,73.76666666666505,SEARCH,0,0,0,0,6.380599599354281,7.507745421073539,-16.338112628476722,6.534410405645412,-16.343257020406753,6.535325223966775,nan,nan,22.744653453398637,1819.5722762718908,nan,0,18.586300007882528,61.26550000044517
2214,73.79999999999838,SEARCH,0,0,0,0,6.33659131160632,7.437607661783384,-16.209627156883005,6.397763727708407,-16.203198121290246,6.395305766370012,nan,nan,22.56387601722049,1805.1100813776393,nan,0,23.518300004070625,47.10419999901205
2215,73.83333333333171,SEARCH,0,0,0,0,6.291143828656234,7.368393783390012,-15.9922527964004,6.35000593866029,-15.996787275790304,6.346564558036859,nan,nan,22.311342583590555,1784.9074066872447,nan,0,15.262700006132945,65.36989999585785
2216,73.86666666666504,SEARCH,0,0,0,0,6.244345543272687,7.300085986222258,-15.685989547028907,6.391137038501063,-15.695198129564286,6.403476370351832,nan,nan,21.957857030584567,1756.6285624467655,nan,0,16.235600007348694,52.061899987165816
2217,73.89999999999837,SEARCH,0,0,0,0,6.19594230706492,7.232905919287445,-15.290837408768525,6.521157027230725,-15.2946273548449,6.530208387883502,nan,nan,21.502054976537472,1720.164398122998,nan,0,14.109299998381175,57.99469999328721
2218,73.9333333333317,SEARCH,0,0,0,0,6.145807762016753,7.167007800486038,-14.844370772487938,6.740065904849275,-14.841169611376285,6.7358198128924975,nan,nan,20.991406392901748,1679.31251143214,nan,0,9.39400000788737,62.9989999870304
2219,73.96666666666503,SEARCH,0,0,0,0,6.094011672983756,7.102407492207852,-14.409287000427815,7.047863671356715,-14.40574440780878,7.048954333238054,nan,nan,20.499825770288744,1639.9860616230994,nan,0,8.340899992617778,46.510500003932975
2220,73.99999999999837,SEARCH,0,0,0,0,6.040842653939723,7.038932378323383,-13.983911747470371,7.333019855208427,-13.989091632895965,7.338444656857077,nan,nan,20.03217350014592,1602.5738800116737,nan,0,11.744999996153638,60.650899991742335
2221,74.0333333333317,SEARCH,0,0,0,0,5.986227364481938,6.976697301186825,-13.56697338994908,7.584733784568714,-13.571456915155387,7.590896966695802,nan,nan,19.567326225396364,1565.386098031709,nan,0,11.828499991679564,68.92289999814238
2222,74.06666666666503,SEARCH,0,0,0,0,5.930013976117205,6.91590182736429,-13.15752153976667,7.811965981723019,-13.153246475004718,7.806985700961669,nan,nan,19.104053494354005,1528.3242795483204,nan,0,9.43409999308642,52.37430000852328
2223,74.09999999999836,SEARCH,0,0,0,0,5.87220714300843,6.856619412478548,-12.754861804463838,8.021858102953374,-12.753435518751997,8.016701852878068,nan,nan,18.661735070247712,1492.9388056198168,nan,0,14.241900003980845,72.52050000533927
2224,74.13333333333169,SEARCH,0,0,0,0,5.812904965043059,6.798832853857062,-12.358503545529228,8.220094867313417,-12.366382975932165,8.222667044755413,nan,nan,18.234961306349362,1458.796904507949,nan,0,8.545299991965294,62.10910000663716
2225,74.16666666666502,SEARCH,0,0,0,0,5.752067439584868,6.742664979009647,-11.968118036804249,8.41119364031128,-11.978852411445375,8.420416182393579,nan,nan,17.81011981610777,1424.8095852886215,nan,0,9.175999992294237,61.16890000703279
2226,74.19999999999835,SEARCH,0,0,0,0,5.689812973276092,6.688071791766546,-11.583504944485334,8.598736142621417,-11.579893663674614,8.603113636945288,nan,nan,17.375561936096478,1390.0449548877182,nan,0,9.254800010239705,58.57339999056421
2227,74.23333333333169,SEARCH,0,0,0,0,5.62618806812448,6.635082112458219,-11.204565465943542,8.785553859869216,-11.195511898767869,8.776948004820985,nan,nan,16.95751099887637,1356.6008799101096,nan,0,11.122700001578778,68.58069999725558
2228,74.26666666666502,SEARCH,0,0,0,0,5.561303081032844,6.583643089150335,-10.831280797153724,8.97387641427051,-10.831711248897605,8.97214372318049,nan,nan,16.566105580373062,1325.288446429845,nan,0,14.372899997397326,59.30390000867192
2229,74.29999999999835,SEARCH,0,0,0,0,5.495255740103443,6.533705293595201,-10.463694864581582,9.165450306698785,-10.470777443528446,9.172032658441486,nan,nan,16.182551928077704,1294.6041542462162,nan,0,10.961799998767674,49.94820000138134
2230,74.33333333333168,ACQUIRING,0,0,0,0,5.428270739927909,6.48503246318403,-10.101900470220295,9.361633955985619,-10.105301752421713,9.359742043434329,-14.083473746082365,6.392883955985619,15.797336153474221,1263.7868922779378,1560.9569664479156,1,16.96310000261292,56.65499999304302
2231,74.36666666666501,ACQUIRING,0,0,0,0,5.360347480968081,6.437677784840416,-9.828994964747897,9.468928716383564,-9.817856186215224,9.462627791192334,-14.083473746082365,6.392883955985619,15.476698262337003,1238.1358609869603,1555.5098259214715,0,10.08749999164138,51.555300000472926
2232,74.39999999999834,ACQUIRING,0,0,0,0,5.2913611469576995,6.3918856415343965,-9.644978348164388,9.48733458789262,-9.646380794534483,9.484361896858179,-14.083473746082365,6.392883955985619,15.254492574332193,1220.3594059465756,1549.986793500785,0,9.491599994362332,54.63539999618661
2233,74.43333333333167,ACQUIRING,0,0,0,0,5.2214755722989254,6.347477971888671,-9.549850620469767,9.416851570512788,-9.554885033192761,9.417719497137394,-14.083473746082365,6.392883955985619,15.091958645811623,1207.35669166493,1544.4002173295098,0,11.169799996423535,60.13200001325458
2234,74.466666666665,ACQUIRING,0,0,0,0,5.150589878730469,6.304684828558579,-9.543611781664035,9.257479664244068,-9.547952770580919,9.265814908464005,-14.083473746082365,6.392883955985619,14.993846983471139,1199.507758677691,1538.7412676276456,0,10.85639999655541,53.86110000836197
2235,74.49999999999834,SEARCH,0,0,0,0,5.078791265318861,6.263441722699279,-9.626261831747193,9.009218869086459,-9.6296712732124,9.004203787796063,nan,nan,14.961639179744012,1196.931134379521,nan,0,9.481799992499873,57.40900000091642
2236,74.53333333333167,SEARCH,0,0,0,0,5.006206762690201,6.223597969777384,-9.620022992941461,8.849846962817738,-9.616626045661386,8.848866568949056,nan,nan,14.85662392869929,1188.5299142959432,nan,0,7.972700012032874,70.84479999321047
2237,74.566666666665,SEARCH,0,0,0,0,4.932874181148482,6.185148429426712,-9.52489526524684,8.779363945437906,-9.529250564076795,8.778154163881661,nan,nan,14.692744157759419,1175.4195326207537,nan,0,10.91949999681674,49.83820000779815
2238,74.59999999999833,SEARCH,0,0,0,0,4.858882058508958,6.147983924101758,-9.340878648663331,8.797769816946962,-9.340642029160604,8.804674048534045,nan,nan,14.445915918818168,1155.6732735054534,nan,0,12.021299990010448,65.78889999946114
2239,74.63333333333166,SEARCH,0,0,0,0,4.784459968027037,6.111688096282962,-9.067973143190933,8.905064577344907,-9.066357178088706,8.899960023246619,nan,nan,14.128679908392982,1130.2943926714386,nan,0,9.646299993619323,80.2856999944197
2240,74.666666666665,SEARCH,0,0,0,0,4.709776619738622,6.075932926626223,-8.706178748829647,9.101248226631741,-8.695686385213596,9.094551836290359,nan,nan,13.741124353520872,1099.28994828167,nan,0,18.73189999605529,52.109700001892634
2241,74.69999999999833,SEARCH,0,0,0,0,4.634876251135844,6.040634634147422,-8.31847185119756,9.386320764807465,-8.317264223819613,9.383007758978042,nan,nan,13.376449491123171,1070.1159592898537,nan,0,8.517900001606904,81.03149999806192
2242,74.73333333333166,SEARCH,0,0,0,0,4.559754754836756,6.00580942111811,-7.950705329144125,9.760282191872077,-7.957008976104506,9.75989652666681,nan,nan,13.067614330559866,1045.4091464447895,nan,0,9.910200009471737,73.08829999237787
2243,74.76666666666499,SEARCH,0,0,0,0,4.484511688926346,5.971247654653524,-7.600533497489517,10.223132507825579,-7.605929161568337,10.22498823600432,nan,nan,12.816905589600838,1025.352447168067,nan,0,10.400999992270954,64.1265000012936
2244,74.79999999999832,SEARCH,0,0,0,0,4.409099271288512,5.9370569843651575,-7.266124133480227,10.677368944120603,-7.264403612701083,10.668665413013958,nan,nan,12.595983006680097,1007.6786405344078,nan,0,7.949999999254942,62.2816000104649
2245,74.83333333333165,SEARCH,0,0,0,0,4.3335449708133105,5.903180999531445,-6.9460541595305525,11.101321957273433,-6.946847660284028,11.097333886294155,nan,nan,12.418795518196623,993.50364145573,nan,0,14.388199997483753,72.35180000134278
2246,74.86666666666498,SEARCH,0,0,0,0,4.257774216040281,5.869791968550052,-6.639226166775851,11.502539500455605,-6.646406660105122,11.502460782993456,nan,nan,12.273064757952612,981.845180636209,nan,0,10.373900004196912,60.149400000227615
2247,74.89999999999831,SEARCH,0,0,0,0,4.181766083671852,5.836946900691784,-6.344801612896868,11.887005948677821,-6.352125076389561,11.895494018319194,nan,nan,12.151907510696887,972.152600855751,nan,0,9.234600001946092,66.93869999435265
2248,74.93333333333165,SEARCH,0,0,0,0,4.105389165344133,5.80496876729548,-6.06214736097693,12.259453880470634,-6.060971048298822,12.255701517487294,nan,nan,12.040217315644252,963.2173852515401,nan,0,8.8361999951303,46.62360000656918
2249,74.96666666666498,SEARCH,0,0,0,0,4.02855457761612,5.774106479670983,-5.790792892794427,12.62361355598943,-5.792137789880867,12.615910621910285,nan,nan,11.968971655818073,957.5177324654459,nan,0,10.045399991213344,58.93939999805298
2250,74.99999999999831,SEARCH,0,0,0,0,3.95140195983337,5.744048065906784,-5.53039606326436,12.982412552402518,-5.534185196805925,12.985421292033081,nan,nan,11.933727410422073,954.6981928337658,nan,0,8.768499988946132,60.74230000376701
2251,75.03333333333164,SEARCH,0,0,0,0,3.873885007585097,5.714942108047783,-5.2807156893906635,13.338135525203786,-5.282267120021753,13.341411809492591,nan,nan,11.91629816222031,953.3038529776247,nan,0,8.814600005280226,63.53369999851566
2252,75.06666666666497,ACQUIRING,0,0,0,0,3.796095310409956,5.686573151737217,-5.041589608408197,13.69255207031844,-5.03700638195031,13.69395314704685,-7.188977174545763,13.76297585949223,11.922324433467775,953.7859546774221,1090.7614901821607,1,14.141699997708201,57.179400013410486
2253,75.0999999999983,ACQUIRING,0,0,0,0,3.718109228291271,5.658748600266823,-4.891352416314619,13.958079726544206,-4.882081651631537,13.959088849154183,-7.261403848218837,13.794450293183624,11.952360913995483,956.1888731196385,1093.2208543444772,1,14.542199991410598,68.7134000036167
2254,75.13333333333163,ACQUIRING,0,0,0,0,3.639984631758599,5.63131537068374,-4.830004113109929,14.134718493881083,-4.832842412818359,14.133758732588095,-7.278615703417136,13.859461421236345,12.00334708528026,960.2677668224209,1093.744308572417,1,12.262099990039133,77.04090001061559
2255,75.16666666666497,ACQUIRING,0,0,0,0,3.561585341798041,5.604677315153516,-4.857544698794129,14.222468372329072,-4.8663913721166185,14.23266841821109,-7.317458138955414,13.91090987289934,12.061219754433147,964.8975803546518,1094.9983345652531,0,14.05220000015106,57.246199998189695
2256,75.1999999999983,ACQUIRING,0,0,0,0,3.4830097139827165,5.57856399705377,-4.973974173367218,14.221329361888172,-4.9773330469652795,14.223609606363308,-7.328124898121693,13.904828414706516,12.096041220984958,967.6832976787965,1091.662396908384,1,15.638899989426136,50.41789999813773
2257,75.23333333333163,ACQUIRING,0,0,0,0,3.404239948702955,5.553042266185309,-5.179292536829195,14.20084040791568,-5.1720676165250445,14.196895212296223,-7.338032215488841,13.897748701568261,12.176585942183356,974.1268753746685,1088.207441231067,1,12.559099995996803,59.48999999964144
2258,75.26666666666496,ACQUIRING,0,0,0,0,3.325229957915484,5.528274221762814,-5.473499789180061,14.17201381996626,-5.471348935160682,14.17632075351693,-7.362248543301726,13.919488943673805,12.335660056822963,986.852804545837,1087.0427589696983,0,16.209499997785315,61.16630000178702
2259,75.29999999999829,ACQUIRING,0,0,0,0,3.2459887402338605,5.50425622665322,-5.807801142667462,14.153332624889096,-5.816073492272567,14.161631363933747,-7.36591084652994,13.887337125152532,12.532801609114477,1002.6241287291581,1081.89007409172,1,12.908899996546097,54.59970000083558
2260,75.33333333333162,ACQUIRING,0,0,0,0,3.166560668032394,5.480863577912439,-6.079794461722295,14.11585574441708,-6.082220014646265,14.118210987289933,-7.382436962410591,13.894720478498844,12.654790175525235,1012.3832140420188,1079.4793973411802,1,12.942799992742948,76.69899999746121
2261,75.36666666666495,ACQUIRING,0,0,0,0,3.086992577466748,5.457951711282063,-6.313030062064906,14.088361025874088,-6.308249744065256,14.085459074171943,-7.39932404206798,13.902403252184829,12.755565905792858,1020.4452724634286,1077.097130095251,1,13.758400004007854,59.26710000494495
2262,75.39999999999829,ACQUIRING,0,0,0,0,3.007270807406397,5.435580434000794,-6.512335527740874,14.065991559377068,-6.512032575658444,14.06073515310823,-7.417412020794031,13.910504110738696,12.845638591653238,1027.651087332259,1074.797375196228,0,16.553599998587742,79.6602000045823
2263,75.43333333333162,ACQUIRING,0,0,0,0,2.9274045389765195,5.413730632266277,-6.683697450885874,14.048378740113714,-6.688835071685776,14.044972495653525,-7.399634750313563,13.918157623433519,12.921702687879764,1033.736215030381,1070.246383388453,1,10.090499999932945,66.77210000634659
2264,75.46666666666495,ACQUIRING,0,0,0,0,2.8474026481234755,5.3923827487953435,-6.814351429975697,14.034529849813174,-6.81817053989294,14.040665902054503,-7.408536326311666,13.926143900343293,12.96981520885506,1037.5852167084047,1067.361198137558,0,11.888700013514608,63.72849999752361
2265,75.49999999999828,ACQUIRING,0,0,0,0,2.7672459212030605,5.371623803779834,-6.928412784130441,14.02408838139392,-6.922475450290449,14.025016885229453,-7.41743790230977,13.934130177253067,12.99122442571362,1039.2979540570896,1064.4639589372857,0,16.141700005391613,60.8697999996366
2266,75.53333333333161,ACQUIRING,0,0,0,0,2.686919942280342,5.351529730552689,-7.026048820460376,14.016497855988694,-7.025729816165429,14.013030071285431,-7.439631654986942,13.963988670474805,13.0137294225272,1041.098353802176,1063.4931010407872,1,20.431799988728017,65.6483000057051
2267,75.56666666666494,ACQUIRING,0,0,0,0,2.606399163402583,5.332231056047168,-7.115691865934567,14.020785201898338,-7.122888010670617,14.020338348941387,-7.436387456198847,13.965393000264044,13.043858219423692,1043.5086575538953,1059.476242654024,1,16.71820000046864,50.31599999347236
2268,75.59999999999827,ACQUIRING,0,0,0,0,2.5256476389394127,5.313921878959572,-7.1857083329059375,14.019947402619632,-7.194898500651895,14.029517138810517,-7.445392744440458,13.98354174603462,13.055673785196218,1044.4539028156973,1057.0417739077664,1,11.366399994585663,57.050599993090145
2269,75.6333333333316,ACQUIRING,0,0,0,0,2.4446882591096117,5.296554856004415,-7.247471032581063,14.02540769143912,-7.24266546190071,14.026350371566373,-7.453884803344139,13.995705643170307,13.040481274074901,1043.2385019259923,1054.2317713765494,0,14.776399999391288,63.37530000018887
2270,75.66666666666494,ACQUIRING,0,0,0,0,2.3634895861947864,5.280343434548475,-7.300856993342621,14.031354600336726,-7.291802254780748,14.02814937581308,-7.462376862247821,14.007869540305995,13.028766991562673,1042.301359325014,1051.375825141314,0,12.859800001024269,60.21650000184309
2271,75.69999999999827,ACQUIRING,0,0,0,0,2.2820649619423925,5.2653079686725075,-7.3472692073340475,14.038300295681202,-7.348234748099275,14.036347121729467,-7.519897163975987,14.04648646437602,13.025889617591835,1042.0711694073468,1052.8059491970032,1,21.911100004217587,68.4834999992745
2272,75.7333333333316,ACQUIRING,0,0,0,0,2.200455914285014,5.251308039772449,-7.409676298036262,14.057870354032408,-7.417731997239059,14.063101969110033,-7.539636747734246,14.064718926501643,13.044433715362981,1043.5546972290385,1050.8529610499481,0,17.324799991911277,79.08830000087619
2273,75.76666666666493,ACQUIRING,0,0,0,0,2.118709751096954,5.238132324506024,-7.462355558096948,14.075570843194278,-7.4650744997702265,14.078727056232607,-7.580413947638109,14.035315091244575,13.03859792223848,1043.0878337790784,1047.5523476134745,1,14.584600008674897,70.77320000098553
2274,75.79999999999826,ACQUIRING,0,0,0,0,2.03681978795545,5.225882075307169,-7.519399105498576,14.072367651271227,-7.515080343520811,14.06644616361729,-7.6048976350965685,14.042805293738073,13.015159219971716,1041.2127375977373,1045.2202827138503,0,6.061399995815009,47.63430000457447
2275,75.8333333333316,ACQUIRING,0,0,0,0,1.954751287424239,5.214891356981713,-7.570030618770136,14.073820154160744,-7.564790804246587,14.075505745921784,-7.6293813225550275,14.050295496231572,13.00508242898077,1040.4065943184617,1042.8268172678845,0,20.03810000314843,57.15029999555554
2276,75.86666666666493,ACQUIRING,0,0,0,0,1.872533126506978,5.205082754424044,-7.616657735392563,14.076033086322559,-7.618591989383494,14.084986714217804,-7.647553133160943,14.030719658787335,12.997467072497157,1039.7973657997725,1038.534071958515,1,23.528100005933084,56.080399997881614
2277,75.89999999999826,ACQUIRING,0,0,0,0,1.7901595264416914,5.196678905244344,-7.657112404595526,14.067487637296816,-7.657811318422306,14.073568536045507,-7.670705134102989,14.032499439281194,12.963923889117265,1037.1139111293812,1035.6205780415157,0,16.596100002061576,68.41409999469761
2278,75.93333333333159,ACQUIRING,0,0,0,0,1.70763092810971,5.189965848853295,-7.695248479159175,14.062249321926169,-7.688786865358012,14.06121288109181,-7.693857135045035,14.034279219775053,12.922526504379764,1033.802120350381,1032.6195250672542,0,24.622500000987202,67.12259999767412
2279,75.96666666666492,ACQUIRING,0,0,0,0,1.624985335386227,5.184892322255839,-7.731002364882237,14.057999793571211,-7.729933669976487,14.050377738110491,-7.702572389573084,14.076418727345613,12.888418881136197,1031.0735104908958,1030.922150076854,1,16.858000002685003,55.4446000023745
2280,75.99999999999825,ACQUIRING,0,0,0,0,1.5422525854722937,5.181526796972991,-7.758677915687191,14.07171707691661,-7.765606003290634,14.07256697758605,-7.722771016438921,14.086455033808205,12.871939519811445,1029.7551615849156,1028.0495217555451,0,13.356700001168065,59.73439999797847
2281,76.03333333333158,ACQUIRING,0,0,0,0,1.459472828841214,5.179643565481609,-7.786065449587726,14.082325551228287,-7.792852199546406,14.08681936149468,-7.7514019988224545,14.084853362830845,12.843025309171086,1027.4420247336868,1024.9463646476509,1,23.518700007116422,61.828899997635745
2282,76.06666666666491,ACQUIRING,0,0,0,0,1.3766726173205344,5.179244014631747,-7.8159392874735305,14.087903678248994,-7.813515780811633,14.084231106454322,-7.773462927111269,14.092319400297837,12.796810458027805,1023.7448366422243,1021.8975081665786,0,14.8847999953432,57.628299997304566
2283,76.09999999999825,ACQUIRING,0,0,0,0,1.293878640910247,5.180335865777134,-7.844034557877858,14.094503812976429,-7.8403861631940375,14.090133647695438,-7.782637890876847,14.079045152757086,12.760066223424335,1020.8052978739469,1016.8820716712046,1,27.970600000116974,58.76919999718666
2284,76.13333333333158,ACQUIRING,0,0,0,0,1.2111079269615888,5.1825816576598145,-7.865386571547702,14.091865639351894,-7.868716555514014,14.09663540939571,-7.79937658198648,14.061384289781723,12.724133248335626,1017.9306598668501,1011.998315464742,1,19.15950000693556,71.36869999521878
2285,76.16666666666491,ACQUIRING,0,0,0,0,1.128376932955398,5.185990073640673,-7.886070074811993,14.081893800708817,-7.889688431453428,14.083791286532316,-7.817858816792448,14.058965584698887,12.668716167824035,1013.4972934259227,1008.0153284863247,0,15.095899987500161,50.07720000867266
2286,76.19999999999824,ACQUIRING,0,0,0,0,1.0457113839557777,5.19072733839391,-7.906469407561648,14.074296870906885,-7.901192810382087,14.07481807874499,-7.854687810910978,14.096966877291662,12.608495665441309,1008.6796532353047,1007.2956540828252,1,20.75279998825863,55.9829000121681
2287,76.23333333333157,ACQUIRING,0,0,0,0,0.9631320023843981,5.19678377365233,-7.935121867625621,14.086375411816238,-7.923323087006585,14.081887309520651,-7.881270817460828,14.111799898710991,12.566389652516058,1005.3111722012846,1004.6323864968468,1,26.462000008905306,78.74319999245927
2288,76.2666666666649,ACQUIRING,0,0,0,0,0.8806531596639134,5.2040827579817055,-7.96337449783756,14.098614129478438,-7.956605296052278,14.097854702226819,-7.8947239572876455,14.117872604474435,12.53779551633256,1003.0236413066049,1000.6810256129498,1,29.01850000489503,59.038799998234026
2289,76.29999999999824,ACQUIRING,0,0,0,0,0.7983047666848191,5.212730118417791,-7.9856324526547855,14.108442773402599,-7.987450577377148,14.110477998436306,-7.907594560349852,14.11788206853185,12.504375806176308,1000.3500644941046,996.2952633739313,1,23.08650000486523,79.08909999241587
2290,76.33333333333157,ACQUIRING,0,0,0,0,0.7161016579360339,5.22266407939951,-8.004232080291157,14.114039733163045,-8.006971379709645,14.114573189603833,-7.933002509432235,14.13215483269747,12.45624545536237,996.4996364289896,993.3733344714714,1,21.30860000033863,67.21960000868421
2291,76.3666666666649,ACQUIRING,0,0,0,0,0.6341046311534692,5.2341759110335415,-8.02661931147362,14.124322520321595,-8.022040660719384,14.122117719525283,-7.958318091252513,14.132412124205063,12.406625685703105,992.5300548562484,989.5723066324465,1,26.820700004464015,59.44969999836758
2292,76.39999999999823,ACQUIRING,0,0,0,0,0.5523479646414892,5.24728629430787,-8.050588230751426,14.129631960257072,-8.04390561171119,14.125921143217186,-7.980346120815836,14.138551863134175,12.358225290438073,988.6580232350458,985.856693103478,0,15.482300004805438,60.641399992164224
2293,76.43333333333156,ACQUIRING,0,0,0,0,0.47084427875952073,5.261887111285161,-8.073951182998128,14.135627528591984,-8.078568137470343,14.140464883000734,-7.976514227475578,14.159290774528833,12.325647890118686,986.0518312094948,981.4981452601996,1,29.221300006611273,71.51569999405183
2294,76.46666666666489,ACQUIRING,0,0,0,0,0.38964725788219534,5.278106805160142,-8.084745521534831,14.148582493472585,-8.090965718474827,14.153027006026385,-7.983555270627214,14.159507547648984,12.275382072526249,982.0305658020999,976.4910231464257,1,20.661300004576333,69.18690000020433
2295,76.49999999999822,ACQUIRING,0,0,0,0,0.30882056561602883,5.296081244958404,-8.093885997219333,14.15552654221302,-8.090147081267888,14.161135299108143,-8.015185110503865,14.168970214198453,12.21195483599573,976.9563868796583,973.2986523168738,1,30.055700000957586,63.279900001361966
2296,76.53333333333156,ACQUIRING,0,0,0,0,0.2283793258991752,5.315708817950667,-8.113005080721102,14.164211390038554,-8.106253433551746,14.16146203675118,-8.033311625919762,14.176934170730421,12.153742355457108,972.2993884365687,969.2119756127278,0,13.562500011175871,64.70299999637064
2297,76.56666666666489,ACQUIRING,0,0,0,0,0.14836227092860538,5.336999792155426,-8.130740365453102,14.172621182071527,-8.133251632327145,14.177893331922583,-8.051438141335659,14.18489812726239,12.113898110191268,969.1118488153014,965.0601034111241,0,13.673499997821636,56.956499989610165
2298,76.59999999999822,ACQUIRING,0,0,0,0,0.06879919007807342,5.359929049324437,-8.148565988446396,14.180977241502399,-8.150668286381682,14.195629411383868,-8.069564656751556,14.192862083794358,12.067694331755211,965.4155465404168,960.8452015839006,0,16.13040000665933,53.95469999348279
2299,76.63333333333155,ACQUIRING,0,0,0,0,-0.01038733128500545,5.384126766224293,-8.166393353635009,14.189277239770389,-8.15919813611252,14.190559506968254,-8.087691172167453,14.200826040326326,11.998182160232476,959.854572818598,956.5840004612602,0,17.86589999392163,59.251500002574176
2300,76.66666666666488,ACQUIRING,0,0,0,0,-0.08914841707798944,5.409675269770707,-8.18422676665092,14.197530450140828,-8.173161172542665,14.190362114530066,-8.114690219194914,14.200787731097831,11.935314143173846,954.8251314539077,952.2788819255912,1,19.266700008301996,49.12569999578409
2301,76.69999999999821,ACQUIRING,0,0,0,0,-0.16749665067283434,5.436463120772953,-8.205594595525177,14.202560803204314,-8.203829426960324,14.201935303064541,-8.134418852026606,14.207306714548617,11.89185212949439,951.3481703595512,947.9225173699351,0,19.930299997213297,62.075499998172745
2302,76.73333333333154,ACQUIRING,0,0,0,0,-0.24539275294423302,5.464538589062453,-8.226109441476579,14.208330905449076,-8.237894097174154,14.215755170018486,-8.142423744666427,14.229501146312979,11.851745415098861,948.1396332079089,943.8225837153066,1,25.34900000318885,52.862299999105744
2303,76.76666666666488,ACQUIRING,0,0,0,0,-0.3227875971533124,5.493967703194605,-8.241524867351286,14.220838529218264,-8.241615918456702,14.219592061937236,-8.174860977391782,14.219077319979226,11.783223770775102,942.6579016620083,939.0466457204164,1,19.87209999060724,53.469100006623194
2304,76.7999999999982,ACQUIRING,0,0,0,0,-0.39969875685691875,5.524638669625373,-8.264803270997035,14.222771859231752,-8.261084547678632,14.215864132489738,-8.195751669731521,14.224054272525127,11.71916322091622,937.5330576732975,934.5228441588916,0,22.774199998821132,61.995500000193715
2305,76.83333333333154,ACQUIRING,0,0,0,0,-0.47605935454323234,5.556655755528682,-8.286674884849914,14.226511925750907,-8.288843979586934,14.223605761502784,-8.227366993186902,14.241571322338674,11.66857429180505,933.4859433444041,931.2719165065008,1,25.08069999748841,53.90790000092238
2306,76.86666666666487,ACQUIRING,0,0,0,0,-0.5519369644274887,5.5898012376794,-8.31345616297963,14.23626438380562,-8.320734480024681,14.23860625754364,-8.261875480906125,14.244159410043164,11.625663125601825,930.053050048146,927.2447523399729,1,20.276900002500042,50.318200010224245
2307,76.8999999999982,ACQUIRING,0,0,0,0,-0.6272662035770584,5.624174779799727,-8.344236942529852,14.242331612708242,-8.345769511950428,14.246045217217045,-8.295225328212808,14.247874255023392,11.572032801585957,925.7626241268766,923.1798603559159,1,16.54749999579508,56.14400000195019
2308,76.93333333333153,ACQUIRING,0,0,0,0,-0.7020236171802117,5.659774832891232,-8.377044853693425,14.247436135498816,-8.373967431339906,14.244080763319866,-8.319828304476133,14.256068993779232,11.512993971804876,921.0395177443902,918.8766064861761,2,31.55960000003688,71.39659998938441
2309,76.96666666666486,ACQUIRING,0,0,0,0,-0.7760174841344953,5.696935865195282,-8.406864941183153,14.253983495626855,-8.403301424790762,14.252774874736776,-8.347089885517082,14.262058254281081,11.462017338522262,916.9613870817809,914.5314300890778,1,24.31819999765139,54.8828000028152
2310,76.9999999999982,ACQUIRING,0,0,0,0,-0.8492295140959358,5.735614455367056,-8.436502985167895,14.26010337224271,-8.44170074262368,14.264369900295954,-8.374363285586437,14.268437931759207,11.418637781952185,913.4910225561748,910.1620594442584,0,11.32770000549499,46.56499999691732
2311,77.03333333333153,ACQUIRING,0,0,0,0,-0.9217000224850534,5.775665174244172,-8.465722092904752,14.266312074337543,-8.470693291522402,14.270874744049282,-8.401636685655792,14.274817609237333,11.364677074641387,909.1741659713109,905.7506750917132,0,22.107400000095367,59.91939999512397
2312,77.06666666666486,ACQUIRING,0,0,0,0,-0.993487181679374,5.816928213923287,-8.494602259838725,14.272549556352809,-8.487422073858408,14.273487236033532,-8.410673848043224,14.26382140075534,11.299223453965878,903.9378763172701,899.296302862403,1,25.343900008010678,52.54140000033658
2313,77.09999999999819,ACQUIRING,0,0,0,0,-1.0645418239157118,5.859440241461584,-8.515043976280568,14.271047549570625,-8.509418868350705,14.2624602814036,-8.420741299850318,14.26874506411927,11.22661747804842,898.1293982438734,893.8190540107837,1,22.42550000664778,57.251399994129315
2314,77.13333333333152,ACQUIRING,0,0,0,0,-1.134989062704511,5.902951403429347,-8.531094610808047,14.272398894958105,-8.535048338710597,14.272148195252353,-8.404415645966695,14.26645176881924,11.171585931668977,893.7268745335183,886.4949451364182,1,17.687700004898943,56.89979999442585
2315,77.16666666666485,ACQUIRING,0,0,0,0,-1.204812219311202,5.947457149914811,-8.531234746520719,14.271277434038138,-8.538576048161298,14.281144413087475,-8.415072197924585,14.26808149309833,11.101100634518916,888.0880507615133,880.8019561088979,0,25.6917000078829,51.91349999222439
2316,77.19999999999818,ACQUIRING,0,0,0,0,-1.2740154426009398,5.992920855824709,-8.535207718757855,14.270932519756267,-8.534452096331858,14.278272118819311,-8.425728749882476,14.269711217377422,11.016396232618254,881.3116986094603,875.0854108481607,0,16.434000004664995,52.486700005829334
2317,77.23333333333152,ACQUIRING,0,0,0,0,-1.3424261845579415,6.039568525151734,-8.540042157472852,14.270877206067995,-8.534944735950653,14.262250054313865,-8.46116949724192,14.273431520301319,10.924505235577142,873.9604188461713,870.7624472372302,1,16.063199989730492,61.57550000352785
2318,77.26666666666485,ACQUIRING,0,0,0,0,-1.4099801645611019,6.087448525720693,-8.556792113764795,14.272020239207395,-8.554042868574,14.266295304824284,-8.498231237826166,14.280505613691199,10.859611712898452,868.7689370318762,866.697595148433,1,22.268000000622123,67.99609999870881
2319,77.29999999999818,SEARCH,0,0,0,0,-1.4766674853420771,6.136528418913387,-8.581312992767533,14.275445409678088,-8.590205266971026,14.276603231882003,nan,nan,10.810330139796314,864.8264111837051,nan,1,22.385300006135367,64.19350000214763
2320,77.33333333333151,SEARCH,0,0,0,0,-1.5423841023004243,6.186900642651284,-8.516944982881382,14.367759469037672,-8.516795463025494,14.367407597869152,nan,nan,10.750028273124625,860.0022618499701,nan,0,28.696800000034273,79.65519999561366
2321,77.36666666666484,SEARCH,0,0,0,1,-1.6069964324103179,6.2386817344370025,-8.363688084106343,14.548962417286145,-8.353568869447274,14.543446406218347,nan,nan,10.69978298386721,855.9826387093768,nan,0,13.468700009980239,54.4781999924453
2322,77.39999999999817,SEARCH,0,0,0,1,-1.6705414462268855,6.291767192782986,-8.121542296442415,14.819054254423506,-8.114523045091586,14.813590796992404,nan,nan,10.683930755474206,854.7144604379365,nan,0,11.321500001940876,52.21989999699872
2323,77.4333333333315,SEARCH,0,0,0,1,-1.7329739421118395,6.346156696607953,-7.790507619889598,15.166998756148677,-7.799797677755283,15.165038519033171,nan,nan,10.704159324172478,856.3327459337983,nan,0,30.044399987673387,67.98640001215972
2324,77.46666666666484,SEARCH,0,0,0,1,-1.794448509379729,6.401626618619586,-7.370584054447892,15.52007098681287,-7.372126264496863,15.524153937306615,nan,nan,10.692567223081634,855.4053778465307,nan,0,17.338900011964142,62.714799991226755
2325,77.49999999999817,SEARCH,0,0,0,1,-1.8552029901896705,6.457884309029568,-6.861771600117297,15.878038821105388,-6.856332644692812,15.876382321434429,nan,nan,10.663929980585255,853.1143984468204,nan,0,19.325500004924834,56.79909999889787
2326,77.5333333333315,SEARCH,0,0,0,1,-1.9154298415720779,6.514706496960977,-6.2640702568978135,16.240654855692082,-6.257557682274723,16.23820721209568,nan,nan,10.648968980245465,851.9175184196372,nan,0,17.14759999595117,62.64670001110062
2327,77.56666666666483,SEARCH,0,0,0,1,-1.975103305169291,6.572109566661673,-5.587648707426921,16.607659163836036,-5.591069803775938,16.605542164193768,nan,nan,10.665129319809735,853.2103455847788,nan,0,16.615899992757477,56.2013000017032
2328,77.59999999999816,SEARCH,0,0,0,1,-2.0342015181989486,6.630104703401336,-5.0001160468449175,16.97878155074245,-5.001747934672264,16.98132044262138,nan,nan,10.768193860337043,861.4555088269635,nan,0,20.140900000114925,49.80530000466388
2329,77.63333333333149,SEARCH,0,0,0,1,-2.092889621476362,6.688514815560538,-4.501472275151803,17.353743409131734,-4.503799755747625,17.35113095273628,nan,nan,10.93178258859425,874.5426070875402,nan,0,19.17220000177622,55.51089999789838
2330,77.66666666666482,SEARCH,0,0,0,1,-2.151110866789337,6.747390288067834,-4.091717392347578,17.73225925460816,-4.090156019281569,17.726762660941777,nan,nan,11.149283107250943,891.9426485800753,nan,0,19.733199995243922,48.51619999681134
2331,77.69999999999816,SEARCH,0,0,0,1,-2.2088586151569807,6.806730259648702,-3.7708513984322405,18.114038004443234,-3.7749870516041266,18.11605475093697,nan,nan,11.417249175204203,913.3799340163362,nan,0,21.781999996164814,66.30279999808408
2332,77.73333333333149,SEARCH,0,0,0,1,-2.2662701888642593,6.866395541624107,-3.5127883846497823,18.49123040355459,-3.5207316134410793,18.501373049986253,nan,nan,11.702408943710875,936.1927154968699,nan,0,21.063599997432902,57.42060000193305
2333,77.76666666666482,SEARCH,0,0,0,1,-2.323485038075592,6.9262494946971955,-3.296926776397263,18.792984322843672,-3.296658761505624,18.80159653960216,nan,nan,11.915155665492067,953.2124532393653,nan,0,23.015300001134165,63.34519998927135
2334,77.79999999999815,SEARCH,0,0,0,1,-2.3806476552912246,6.986153333153592,-3.1170550646718063,19.03438745827494,-3.106143166343075,19.030558600113032,nan,nan,12.066235617263434,965.2988493810748,nan,0,12.823699988075532,62.88920000952203
2335,77.83333333333148,SEARCH,0,0,0,1,-2.4377725916861226,7.046093105514101,-2.9682062977070127,19.22750996661995,-2.9674039431839936,19.221040998893653,nan,nan,12.186462389676366,974.9169911741094,nan,0,19.466400000965223,60.76910000410862
2336,77.86666666666481,SEARCH,0,0,0,1,-2.4950605106465127,7.105877125201127,-2.846407425613768,19.382007973295963,-2.852638488251,19.384656017278818,nan,nan,12.283984414293286,982.7187531434628,nan,0,14.551000000210479,68.50480000139214
2337,77.89999999999814,SEARCH,0,0,0,1,-2.5526000913851044,7.165418970294961,-2.748478788630294,19.50560637863677,-2.750446069680699,19.513649075845187,nan,nan,12.349814969089403,987.9851975271522,nan,0,24.588000000221655,59.99060001340695
2338,77.93333333333148,SEARCH,0,0,0,1,-2.610409037091231,7.224699325093975,-2.67187372146725,19.604485102909415,-2.666278376112574,19.60388591829582,nan,nan,12.379312666394325,990.3450133115459,nan,0,17.67709999694489,72.30070000514388
2339,77.9666666666648,SEARCH,0,0,0,1,-2.6683205292157175,7.28387950546432,-2.6145502517099333,19.68358808232753,-2.6133212783529842,19.68351319725682,nan,nan,12.399755667279543,991.9804533823634,nan,0,17.06680000643246,50.5358999944292
2340,77.99999999999814,SEARCH,0,0,0,1,-2.7263836729081987,7.3429109040018545,-2.5748684746201373,19.746870465862024,-2.577809172384009,19.751866896431686,nan,nan,12.409845414196997,992.7876331357597,nan,0,4.010000004200265,33.04900000512134
2341,78.03333333333147,SEARCH,0,0,0,1,-2.7845043542299037,7.4018856534413535,-2.5515084701842112,19.79749637268962,-2.5625764997959255,19.801786475764917,nan,nan,12.401886645830716,992.1509316664572,nan,0,3.787000008742325,24.083099997369573
2342,78.0666666666648,SEARCH,0,0,0,1,-2.842997131893652,7.460491366728799,-2.5434046550565803,19.837997098151696,-2.542112843850652,19.836586357109486,nan,nan,12.379751958973857,990.3801567179086,nan,0,3.1790000066393986,24.491499993018806
2343,78.09999999999813,SEARCH,0,0,0,1,-2.901893496302802,7.51869147779515,-2.549693283489846,19.870397678521357,-2.5439408249699387,19.862926931977924,nan,nan,12.349424240150524,987.9539392120419,nan,0,4.915099998470396,26.198099993052892
2344,78.13333333333146,SEARCH,0,0,0,1,-2.9611126883979497,7.5765630766701495,-2.569670468495644,19.896318142817087,-2.571838555586679,19.8939460631937,nan,nan,12.323532691041793,985.8826152833434,nan,0,5.1091000059386715,22.604199999477714
2345,78.1666666666648,SEARCH,0,0,0,1,-3.0204914692998104,7.634270918835315,-2.602758620202592,19.91705451425367,-2.6127806473651876,19.925969734766305,nan,nan,12.29845876099448,983.8767008795584,nan,0,4.53890000062529,24.430400007986464
2346,78.19999999999813,SEARCH,0,0,0,1,-3.0800664152099135,7.691776227186451,-2.6484796189550748,19.933643611402935,-2.6529665803515483,19.933709775160626,nan,nan,12.249381668555829,979.9505334844663,nan,0,7.130400001187809,38.596400001551956
2347,78.23333333333146,SEARCH,0,0,0,1,-3.139776111879402,7.749141606923611,-2.706433377158258,19.946914889122347,-2.702242047594163,19.939145406279728,nan,nan,12.19785344582097,975.8282756656777,nan,0,3.455999991274439,27.76520000770688
2348,78.26666666666479,SEARCH,0,0,0,1,-3.1995205762481196,7.806470776166204,-2.7762807130437985,19.957531911297878,-2.77026477949753,19.956064069847834,nan,nan,12.1571739208139,972.5739136651121,nan,0,3.926699995645322,23.34590000100434
2349,78.29999999999812,SEARCH,0,0,0,1,-3.259290415798744,7.863773489442659,-2.857729674865758,19.9660255290383,-2.8598051562901996,19.97207953971686,nan,nan,12.114894299153889,969.1915439323111,nan,0,4.703600003267638,26.254299998981878
2350,78.33333333333145,SEARCH,0,0,0,1,-3.319239837440999,7.920888299374147,-2.95052462630407,19.97282042323064,-2.9495972944779165,19.976869503281677,nan,nan,12.06164658736691,964.9317269893528,nan,0,4.3150999990757555,26.281200000084937
2351,78.36666666666478,SEARCH,0,0,0,1,-3.3793235988434134,7.977861769379832,-3.0544375416669967,19.97825633858451,-3.04700678070386,19.975535236519985,nan,nan,12.0022749131878,960.181993055024,nan,0,3.8631000061286613,25.800000003073364
2352,78.39999999999812,SEARCH,0,0,0,1,-3.4394845726471615,8.034753701142918,-3.1692610697351515,19.98260507086761,-3.164599978598579,19.973094331420864,nan,nan,11.941504869345005,955.3203895476005,nan,0,4.817500011995435,25.314099999377504
2353,78.43333333333145,SEARCH,0,0,0,1,-3.4998560609606364,8.091422193866537,-3.2948030132904673,19.98608405669409,-3.304448222026864,19.984615695648202,nan,nan,11.89479869078659,951.5838952629273,nan,0,3.285300001152791,24.025299993809313
2354,78.46666666666478,SEARCH,0,0,0,1,-3.5606195276930643,8.147670178536282,-3.430881941934031,19.988867245355273,-3.4410969487293563,19.993465516646282,nan,nan,11.846398306627663,947.711864530213,nan,0,3.846199993859045,29.341300003579818
2355,78.49999999999811,SEARCH,0,0,0,1,-3.621485822797555,8.203806875883062,-3.5773237122450423,19.99109379628422,-3.574207216883174,19.9853318808422,nan,nan,11.781619867787901,942.5295894230321,nan,0,4.555799998342991,28.466999996453524
2356,78.53333333333144,SEARCH,0,0,0,1,-3.6823666144889637,8.25992785121117,-3.73395871449182,19.992875037027375,-3.7299818815908257,19.986114948613352,nan,nan,11.726283770101361,938.1027016081089,nan,0,5.485799993039109,24.23980001185555
2357,78.56666666666477,SEARCH,0,0,0,1,-3.743216109281217,8.316082758853144,-3.9006197012327055,19.9943000296219,-3.9051212104455195,19.995368896887086,nan,nan,11.680408295768382,934.4326636614705,nan,0,4.6938000014051795,27.780600008554757
2358,78.5999999999981,SEARCH,0,0,0,1,-3.8038566311148267,8.37246326772366,-4.0771400820461645,19.99544002369752,-4.079975625623605,19.999740389248537,nan,nan,11.630555230076695,930.4444184061356,nan,0,5.343400000128895,23.06469999894034
2359,78.63333333333144,SEARCH,0,0,0,1,-3.864207673852307,8.429153534165525,-4.263352591750688,19.996352018958014,-4.258905678431101,19.994532179849593,nan,nan,11.572111723141266,925.7689378513012,nan,0,5.199899998842739,26.44420000433456
2360,78.66666666666477,SEARCH,0,0,0,1,-3.9242546413785124,8.486165781618663,-4.459088257972085,19.99708161516641,-4.450837591807294,19.987988827341926,nan,nan,11.513870894656282,921.1096715725025,nan,0,4.031400007079355,25.936199992429465
2361,78.6999999999981,SEARCH,0,0,0,1,-3.9838592271596687,8.543640367503276,-4.664175608713506,19.997665292133128,-4.66607168125752,19.996309662488567,nan,nan,11.472970313429085,917.8376250743269,nan,0,4.128600005060434,24.796600002446212
2362,78.73333333333143,SEARCH,0,0,0,1,-4.043074541053549,8.601515934621016,-4.878440072421734,19.998132233706503,-4.886336816754564,19.999812190275822,nan,nan,11.429446565660772,914.3557252528618,nan,0,3.28990000707563,23.679199992329814
2363,78.76666666666476,SEARCH,0,0,0,1,-4.101851117289788,8.659837017898822,-5.101703532514019,19.998505786965204,-5.103842679860585,20.001272389013113,nan,nan,11.385611242644176,910.848899411534,nan,0,4.136899995501153,24.117099994327873
2364,78.7999999999981,SEARCH,0,0,0,1,-4.160090553024496,8.718694496557474,-5.413855881495193,19.998804629572163,-5.406163426152175,19.994756103938464,nan,nan,11.344701978394859,907.5761582715887,nan,0,4.278699998394586,27.567099998123012
2365,78.83333333333142,SEARCH,0,0,0,1,-4.217849527051024,8.778023541621032,-5.814897119365256,19.99904370365773,-5.813457912624402,19.99741669252318,nan,nan,11.332287888799073,906.5830311039258,nan,0,4.526600008830428,29.076099992380477
2366,78.86666666666476,SEARCH,0,0,0,1,-4.275216874382096,8.837731347885766,-6.304827246124208,19.999234962926185,-6.309437175237843,20.008402059936603,nan,nan,11.354379612708216,908.3503690166574,nan,0,4.987299995264038,27.43059999193065
2367,78.89999999999809,SEARCH,0,0,0,1,-4.33218091043261,8.897824053479596,-6.883646261772048,19.999387970340948,-6.886163695399874,20.004023108872193,nan,nan,11.396073250199498,911.6858600159599,nan,0,4.017500003101304,25.99009999539703
2368,78.93333333333142,SEARCH,0,0,0,1,-4.3887501875299595,8.958288518725178,-7.551354166308777,19.99951037627276,-7.550121453652818,19.994034774103586,nan,nan,11.479632559248827,918.3706047399062,nan,0,4.316100006690249,24.581599995144643
2369,78.96666666666475,SEARCH,0,0,0,1,-4.444970395202445,9.019077686493898,-8.307950959734395,19.999608301018206,-8.301358151183493,19.98996836785712,nan,nan,11.628936704054372,930.3149363243497,nan,0,3.5866999969584867,25.998500001151115
2370,78.99999999999808,SEARCH,0,0,0,1,-4.500674214295617,9.080340392989662,-9.141284293067729,19.999686640814566,-9.148588005997631,20.00117797257784,nan,nan,11.868773991227533,949.5019192982027,nan,0,4.55810000130441,25.62960000068415
2371,79.03333333333141,SEARCH,0,0,0,1,-4.555773389352686,9.142147476538243,-9.974617626401063,19.99974931265165,-9.975028163421825,20.00418684140816,nan,nan,12.138872331079803,971.1097864863842,nan,0,4.327600006945431,27.3451999964891
2372,79.06666666666474,SEARCH,0,0,0,1,-4.610214136952932,9.204535293213274,-10.807950959734397,19.999799450121323,-10.801922738487407,20.002350775633595,nan,nan,12.44709100949744,995.7672807597952,nan,0,4.811399994650856,26.783299996168353
2373,79.09999999999808,SEARCH,0,0,0,1,-4.664141144867271,9.267367709099963,-11.64128429306773,19.999839560097058,-11.632472669757451,19.99799269122429,nan,nan,12.794684706852648,1023.5747765482118,nan,0,3.5903999960282817,28.3832999994047
2374,79.13333333333141,SEARCH,0,0,0,1,-4.717691172709297,9.330521720745061,-12.474617626401065,19.999871648077647,-12.47856290991488,20.001756920323142,nan,nan,13.194938075113148,1055.5950460090517,nan,0,4.977599994163029,26.05349999794271
2375,79.16666666666474,SEARCH,0,0,0,1,-4.770742772678439,9.394095004516352,-13.307950959734399,19.999897318462118,-13.311051706315366,20.004436080746462,nan,nan,13.620433709537103,1089.6346967629684,nan,0,5.03749999916181,27.376800004276447
2376,79.19999999999807,SEARCH,0,0,0,1,-4.823026054678803,9.458301648191453,-14.128991213423708,19.999917854769695,-14.127580433167662,19.99480088157047,nan,nan,14.056761656841621,1124.5409325473297,nan,0,3.6019999970449135,26.759700005641207
2377,79.2333333333314,SEARCH,0,0,0,1,-4.87457259333384,9.52310125483714,-14.861142578224129,19.999934283815755,-14.85471552554995,19.991645146831658,nan,nan,14.463528759126485,1157.0823007301187,nan,0,3.754100005608052,26.39689999341499
2378,79.26666666666473,SEARCH,0,0,0,1,-4.925355788662662,9.588500809430009,-15.504405054135662,19.999947427052604,-15.502957154211602,19.999543989984367,nan,nan,14.841680186415223,1187.3344149132179,nan,0,3.695000006700866,25.858699998934753
2379,79.29999999999806,SEARCH,0,0,0,1,-4.975186599284027,9.654628904681337,-16.06501314785418,19.999957941642084,-16.075123838021145,20.004180351167655,nan,nan,15.176357331302201,1214.1085865041762,nan,0,3.6951999936718494,27.52920000057202
2380,79.3333333333314,SEARCH,0,0,0,1,-5.024008821838786,9.721505098155282,-16.569832623791033,19.999966353313667,-16.572202418898566,20.003327832331927,nan,nan,15.462103805504741,1236.9683044403794,nan,0,3.244099993025884,26.536800010944717
2381,79.36666666666473,SEARCH,0,0,0,1,-5.07172191778666,9.789177065348646,-17.023842836849354,19.999973082650932,-17.017837764117186,19.99630886112,nan,nan,15.712899901361167,1257.0319921088935,nan,0,5.7416000054217875,24.354199995286763
2382,79.39999999999806,SEARCH,0,0,0,1,-5.118539647770119,9.857471536778966,-17.428337324413487,19.999978466120744,-17.427394140456535,19.9946482044835,nan,nan,15.945853684089158,1275.6682947271327,nan,0,6.156999996164814,25.10949999850709
2383,79.43333333333139,SEARCH,0,0,0,1,-5.164596155469291,9.926281657889941,-17.78183569939544,19.999982772896594,-17.787948764997182,20.001651779074457,nan,nan,16.151226398739272,1292.0981118991417,nan,0,4.9196000036317855,26.685999997425824
2384,79.46666666666472,SEARCH,0,0,0,1,-5.210037873407343,9.995499321384091,-18.080850527401527,19.999986218317275,-18.080084847757774,19.998361561781064,nan,nan,16.30016448145068,1304.0131585160543,nan,0,3.479100007098168,25.76520000002347
2385,79.49999999999805,SEARCH,0,0,0,1,-5.254938386785354,10.065069275869789,-18.321400263634764,19.99998897465382,-18.31875286727247,19.993441783103286,nan,nan,16.408407278678048,1312.6725822942437,nan,0,3.5846999962814152,29.94639999815263
2386,79.53333333333138,SEARCH,0,0,0,1,-5.299426214646987,10.134903850694188,-18.501210814222993,19.96709834118448,-18.499875415128074,19.960858064582343,nan,nan,16.45603947819487,1316.4831582555896,nan,0,7.2032000025501475,27.067100003478117
2387,79.56666666666472,SEARCH,0,0,0,1,-5.343481258192148,10.2050122510966,-18.61957048024647,19.860319724758607,-18.6209751682631,19.860639560062516,nan,nan,16.417155151292796,1313.3724121034236,nan,0,5.761399996117689,23.589000003994443
2388,79.59999999999805,SEARCH,0,0,0,1,-5.387013928719654,10.275446200762188,-18.677147952300825,19.69944354882993,-18.679932010790182,19.70988726363506,nan,nan,16.300624199872207,1304.0499359897765,nan,0,3.9013999921735376,26.51690000493545
2389,79.63333333333138,SEARCH,0,0,0,1,-5.4300149082236695,10.346206008778081,-18.675796326898354,19.501635495495997,-18.68155824214141,19.505003078628405,nan,nan,16.108599085500845,1288.6879268400673,nan,0,3.8290999946184456,27.534799999557436
2390,79.66666666666471,SEARCH,0,0,0,1,-5.472290559775788,10.417401542026978,-18.618357320630412,19.281686467259547,-18.615660534772754,19.280178194420078,nan,nan,15.852349488005114,1268.1879590404092,nan,0,3.4180999937234446,27.701300001353957
2391,79.69999999999804,SEARCH,0,0,0,1,-5.513883838796407,10.488997867414973,-18.50847420665307,19.05224239638622,-18.513947546109126,19.051649680700212,nan,nan,15.566652256337788,1245.332180507023,nan,0,4.658500009099953,27.498800001922064
2392,79.73333333333137,SEARCH,0,0,0,1,-5.554911385887473,10.560919874119746,-18.35041832970926,18.82401502080473,-18.360957829975774,18.83202573612017,nan,nan,15.244868569737308,1219.5894855789847,nan,0,4.651700000977144,27.5862000125926
2393,79.7666666666647,SEARCH,0,0,0,1,-5.595444246072386,10.63312182640624,-18.148931669740684,18.605974953264848,-18.150286436130365,18.611104709947917,nan,nan,14.87522347083713,1190.0178776669704,nan,0,4.781700001331046,25.34709998872131
2394,79.79999999999804,SEARCH,0,0,0,1,-5.635275422403871,10.705713231274869,-17.909086381482208,18.405528422300147,-17.90646508500422,18.40754038689136,nan,nan,14.487934196099225,1159.0347356879379,nan,0,3.9641000039409846,26.89029999601189
2395,79.83333333333137,SEARCH,0,0,0,1,-5.674080230648651,10.778858439770277,-17.636161255911144,18.228679030934565,-17.633774731704225,18.233183097675145,nan,nan,14.09259552616293,1127.4076420930344,nan,0,3.8764999917475507,26.926400008960627
2396,79.8666666666647,SEARCH,0,0,0,1,-5.711873203916312,10.852531540969702,-17.335534443419036,18.080175803182016,-17.341464835915566,18.07964003933092,nan,nan,13.692278801359253,1095.3823041087403,nan,0,4.114600000320934,25.326599992695265
2397,79.89999999999803,SEARCH,0,0,0,1,-5.748607407775319,10.926738231608725,-17.012591424112895,17.963648693006277,-17.01418647914708,17.964522006437868,nan,nan,13.283210164511356,1062.6568131609085,nan,0,4.116299998713657,29.566600001999177
2398,79.93333333333136,SEARCH,0,0,0,1,-5.784509950511953,11.001350845112041,-16.67264702399784,17.881732629168717,-16.667038013016057,17.87710741044584,nan,nan,12.872662715107554,1029.8130172086044,nan,0,4.832599996007048,28.65330000349786
2399,79.9666666666647,SEARCH,0,0,0,1,-5.819472731159479,11.076408413938536,-16.320880199955962,17.83618106991047,-16.315379909168534,17.831331370169593,nan,nan,12.481708682468092,998.5366945974473,nan,0,4.098900011740625,32.41949999937788
2400,79.99999999999802,SEARCH,0,0,0,1,-5.853440331115326,11.151921570553727,-15.962280312475668,17.82796994772052,-15.968501238079085,17.833737332827738,nan,nan,12.122752122870446,969.8201698296358,nan,0,4.254999992554076,28.47269999620039
2401,80.03333333333136,SEARCH,0,0,0,1,-5.8862833711506335,11.227930579164484,-15.601603646373905,17.857392798422715,-15.602991387823957,17.860419267481085,nan,nan,11.764536577440323,941.1629261952259,nan,0,5.161300010513514,34.93969999544788
2402,80.06666666666469,SEARCH,0,0,0,1,-5.918074240942073,11.304385633063195,-15.243339008131176,17.924147791108616,-15.239565528334342,17.920541347650712,nan,nan,11.430823078877525,914.465846310202,nan,0,3.369800004293211,28.275599994231015
2403,80.09999999999802,SEARCH,0,0,0,1,-5.949006372110596,11.381192129729325,-14.891681311625439,18.027417305966104,-14.883398118846365,18.022549119251025,nan,nan,11.132429139518877,890.59433116151,nan,0,6.773300003260374,34.05239999119658
2404,80.13333333333135,SEARCH,0,0,0,0,-5.9790867294980705,11.458336194751805,-14.550512153769203,18.165940645333944,-14.55225357466847,18.175113298191075,nan,nan,10.891018520433017,871.2814816346414,nan,0,3.7714000063715503,34.32289999909699
2405,80.16666666666468,SEARCH,0,0,0,0,-6.008247770191681,11.535832442237838,-14.223386472410164,18.338080408687357,-14.231961071435144,18.34641746300411,nan,nan,10.67771177669329,854.2169421354631,nan,0,3.877499999362044,30.742500006454065
2406,80.19999999999801,SEARCH,0,0,0,0,-6.036547241556313,11.613647444578218,-13.913524467390832,18.54188301399725,-13.911755834106803,18.539413457467205,nan,nan,10.487380284964843,838.9904227971875,nan,0,3.446400005486794,25.82039999833796
2407,80.23333333333134,SEARCH,0,0,0,0,-6.064113944779464,11.691725044068454,-13.623808049767728,18.775133805273867,-13.609994323455036,18.772088175954163,nan,nan,10.347552984577918,827.8042387662335,nan,0,5.2715000056196,29.782400000840425
2408,80.26666666666468,SEARCH,0,0,0,0,-6.091188975875027,11.769974500040526,-13.356781162680099,19.020107044219095,-13.350754751442166,19.021858985560517,nan,nan,10.261146321981343,820.8917057585076,nan,0,3.686099997139536,26.075500005390495
2409,80.29999999999801,SEARCH,0,0,0,0,-6.117970981237369,11.848324732060108,-13.11465338967057,19.216085635375276,-13.12033050378964,19.22069497972078,nan,nan,10.167835657192278,813.4268525753822,nan,0,4.286099996534176,27.25240000290796
2410,80.33333333333134,SEARCH,0,0,0,0,-6.144401583018456,11.926794203564896,-12.899306332248887,19.372868508300222,-12.902660311366363,19.37363984623862,nan,nan,10.05631995638063,804.5055965104503,nan,0,4.255499996361323,25.072000004001893
2411,80.36666666666467,SEARCH,0,0,0,0,-6.17035297666051,12.005423459168558,-12.712302298275965,19.498294806640178,-12.703266806344415,19.494470073638276,nan,nan,9.93804720756425,795.0437766051399,nan,0,3.2945999992080033,24.905500002205372
2412,80.399999999998,SEARCH,0,0,0,0,-6.195530838968098,12.084303811084425,-12.554894896615314,19.598635845312142,-12.558421505632692,19.601194956724516,nan,nan,9.848351645393752,787.8681316315001,nan,0,4.801599992788397,25.387700006831437
2413,80.43333333333133,SEARCH,0,0,0,0,-6.219881458293809,12.163443447217055,-12.4280411818342,19.678908676249712,-12.434628201756599,19.688776741669404,nan,nan,9.75980113926377,780.7840911411017,nan,0,4.416700001456775,26.695799999288283
2414,80.46666666666466,SEARCH,0,0,0,0,-6.243145025119605,12.24290942186843,-12.33241503596659,19.74312694099977,-12.336258488553282,19.751438235499066,nan,nan,9.669748529480911,773.5798823584728,nan,0,3.9066000026650727,27.04870000889059
2415,80.499999999998,SEARCH,0,0,0,0,-6.265224014238856,12.32271263551439,-12.26842151291782,19.794501552799815,-12.263511128610936,19.794586818009783,nan,nan,9.58166750130077,766.5334001040616,nan,0,5.2604999946197495,25.20869999716524
2416,80.53333333333133,SEARCH,0,0,0,0,-6.285964763503864,12.402874072556632,-12.23621190543535,19.835601242239854,-12.23048662610784,19.831416809659064,nan,nan,9.51423078193576,761.1384625548609,nan,0,3.599300005589612,25.68779999273829
2417,80.56666666666466,SEARCH,0,0,0,0,-6.305272375307606,12.483392708878833,-12.235699325110192,19.868480993791884,-12.2347043549172,19.868988010560535,nan,nan,9.471281938631105,757.7025550904884,nan,0,4.627200003596954,26.274799995007925
2418,80.59999999999799,SEARCH,0,0,0,0,-6.323332077734217,12.564200393024668,-12.266574613002547,19.89478479503351,-12.271544065667861,19.894866808578755,nan,nan,9.44033346601327,755.2266772810615,nan,0,4.264400005922653,24.563600003602915
2419,80.63333333333132,SEARCH,0,0,0,0,-6.340273766682201,12.64524984610327,-12.32832242256541,19.915827836026807,-12.328136637188711,19.916906805005702,nan,nan,9.419739735467463,753.5791788373971,nan,0,4.52850000874605,23.514200001955032
2420,80.66666666666465,SEARCH,0,0,0,0,-6.3558306900947725,12.726576451852473,-12.420237337902023,19.932662268821446,-12.415067124613426,19.929055880274294,nan,nan,9.412229071066951,752.9783256853561,nan,0,4.269500001100823,24.635800000396557
2421,80.69999999999798,SEARCH,0,0,0,0,-6.369980276671968,12.808159684617824,-12.541439909336429,19.946129815057155,-12.54394496491624,19.94566190681594,nan,nan,9.437254788526705,754.9803830821364,nan,0,4.435800001374446,25.411300011910498
2422,80.73333333333132,SEARCH,0,0,0,0,-6.382483485613829,12.890011406865478,-12.69089250506972,19.956903852045723,-12.697703033539694,19.960303544096828,nan,nan,9.480033166835463,758.402653346837,nan,0,5.6317999988095835,26.043400008347817
2423,80.76666666666465,SEARCH,0,0,0,0,-6.393256600833081,12.972108755526829,-12.867414892578461,19.96552308163658,-12.867468681780908,19.9687237340503,nan,nan,9.532473090798096,762.5978472638475,nan,0,3.76769999274984,26.04820000124164
2424,80.79999999999798,SEARCH,0,0,0,0,-6.402448609253522,13.054398133030547,-13.069699476600368,19.972418465309264,-13.065069389798756,19.969425092843597,nan,nan,9.602505585538312,768.2004468430649,nan,0,4.35359998664353,22.867500010761432
2425,80.83333333333131,SEARCH,0,0,0,0,-6.41001679882213,13.136852709467544,-13.29632613223605,19.977934772247412,-13.290857954650365,19.97172802330613,nan,nan,9.698530588056098,775.8824470444879,nan,0,3.1113000004552305,24.17089999653399
2426,80.86666666666464,SEARCH,0,0,0,0,-6.416019857956394,13.219435988342758,-13.545776582043201,19.98234781779793,-13.55176119454954,19.989238247733716,nan,nan,9.83610832870496,786.8886662963967,nan,0,7.039500007522292,25.46720000100322
2427,80.89999999999797,SEARCH,0,0,0,0,-6.42062883091447,13.302108789414348,-13.816448275160395,19.985878254238344,-13.819684867688261,19.992248276165544,nan,nan,9.975169000448375,798.01352003587,nan,0,4.0683999977773055,24.636600006488152
2428,80.9333333333313,SEARCH,0,0,0,0,-6.42361457279089,13.384856115740932,-14.106667734603905,19.988702603390674,-14.096884654856959,19.987222922101015,nan,nan,10.122762527988872,809.8210022391098,nan,0,4.549899997073226,22.8787999949418
2429,80.96666666666464,SEARCH,0,0,0,0,-6.4251003521554795,13.46764395982707,-14.414703346049365,19.99096208271254,-14.412204630497664,19.982171446864243,nan,nan,10.306934710789376,824.5547768631501,nan,0,3.9570999942952767,23.298300002352335
2430,80.99999999999797,SEARCH,0,0,0,0,-6.424830975843393,13.550444697173747,-14.738777567744059,19.99276966617003,-14.745351005132639,19.99488325333034,nan,nan,10.524345198722871,841.9476158978297,nan,0,3.446400005486794,24.316999988514
2431,81.0333333333313,SEARCH,0,0,0,0,-6.42289413490266,13.633223216826622,-15.077078546786343,19.994215732936023,-15.081626217846091,19.995089914466092,nan,nan,10.74462605969738,859.5700847757903,nan,0,4.4572000042535365,26.180999993812293
2432,81.06666666666463,SEARCH,0,0,0,0,-6.419731267200095,13.715963962149871,-15.427771131936955,19.995372586348818,-15.425602838315731,19.996347284522763,nan,nan,10.979478012700257,878.3582410160205,nan,0,4.389699999592267,24.972000013804063
2433,81.09999999999796,SEARCH,0,0,0,0,-6.415340138307462,13.798648620072603,-15.789007277464288,19.996298069079053,-15.788063896454585,19.98775520294753,nan,nan,11.23178485106981,898.5427880855848,nan,0,3.5207000037189573,25.138599987258203
2434,81.1333333333313,SEARCH,0,0,0,0,-6.409767426758562,13.881262054541482,-16.158935836335257,19.997038455263244,-16.161351169821916,19.991762475288976,nan,nan,11.507892982207158,920.6314385765727,nan,0,3.9969000063138083,24.988999997731298
2435,81.16666666666463,SEARCH,0,0,0,0,-6.402618837753323,13.963754068360913,-16.535711744401524,19.997630764210594,-16.542540759139584,19.99988274709676,nan,nan,11.80054515681657,944.0436125453256,nan,0,3.267099993536249,26.21260000159964
2436,81.19999999999796,SEARCH,0,0,0,0,-6.394072808352823,14.04611303903343,-16.917504600147115,19.998104611368476,-16.913071910524273,19.994224771741813,nan,nan,12.084261470866428,966.7409176693143,nan,0,4.2824999982258305,25.78519999224227
2437,81.23333333333129,SEARCH,0,0,0,0,-6.3843363092005525,14.128339769802741,-17.30250664710246,19.99848368909478,-17.290651994721088,19.99220345303636,nan,nan,12.3827549086533,990.6203926922641,nan,0,4.117199991014786,24.250800008303486
2438,81.26666666666462,SEARCH,0,0,0,0,-6.373566067742347,14.210437495518395,-17.688940168230822,19.998786951275825,-17.691827440672387,19.99449072659788,nan,nan,12.710559086284176,1016.8447269027341,nan,0,3.9612000109627843,27.956199992331676
2439,81.29999999999795,SEARCH,0,0,0,0,-6.3616587109364,14.292378019818932,-18.075064303491114,19.99902956102066,-18.086710839676226,20.00601741425938,nan,nan,13.04310248949107,1043.4481991592854,nan,0,4.388800007291138,22.620899995672517
2440,81.33333333333128,SEARCH,0,0,0,0,-6.348411302444734,14.374112595348544,-18.459181303407732,19.99922364881653,-18.459723405158183,19.997629664429443,nan,nan,13.35319531331649,1068.2556250653192,nan,0,3.234299991163425,28.506500006187707
2441,81.36666666666461,SEARCH,0,0,0,0,-6.333656380454396,14.455588523976637,-18.83964223286105,19.99937891905322,-18.838589409754892,19.990621448465873,nan,nan,13.675157752014064,1094.0126201611251,nan,0,3.2193999941227958,28.12479999556672
2442,81.39999999999795,SEARCH,0,0,0,0,-6.317223925899548,14.536742754341134,-19.214852140476953,19.999503135242577,-19.21169683931425,19.9950618838621,nan,nan,14.00216695495665,1120.173356396532,nan,0,4.266600008122623,26.37339998909738
2443,81.43333333333128,SEARCH,0,0,0,0,-6.298971687670388,14.617507167719657,-19.583274709962538,19.999602508194062,-19.59021554551283,20.00401262417982,nan,nan,14.341255325846115,1147.3004260676892,nan,0,3.422199995839037,28.582300001289696
2444,81.46666666666461,SEARCH,0,0,0,0,-6.278596164009673,14.697762215562783,-19.943436410528125,19.99968200655525,-19.95034094315842,20.004982583823548,nan,nan,14.66571489370576,1173.2571914964608,nan,0,3.3414000063203275,22.180599989951588
2445,81.49999999999794,SEARCH,0,0,0,0,-6.256011293126569,14.777423738746466,-20.293930164171247,19.9997456052442,-20.29058164579828,19.996456676838847,nan,nan,14.97355902225603,1197.8847217804823,nan,0,4.356599994935095,22.696100000757724
2446,81.53333333333127,SEARCH,0,0,0,0,-6.231193183177674,14.856418017572944,-20.63341854809241,19.99979648419536,-20.62387813230157,19.99904066672425,nan,nan,15.28384597397859,1222.7076779182871,nan,0,4.063400003360584,27.36949999234639
2447,81.5666666666646,SEARCH,0,0,0,0,-6.204366664625535,14.93475301978219,-20.960636550880224,19.999837187356288,-20.962804110459114,20.000145524494343,nan,nan,15.603514894708077,1248.2811915766463,nan,0,4.9522000044817105,28.66379999613855
2448,81.59999999999793,SEARCH,0,0,0,0,-6.1756505732746065,15.012415242041639,-21.274393901357826,19.99986974988503,-21.28121715994692,20.006077743885854,nan,nan,15.909582241112307,1272.7665792889845,nan,0,4.054600009112619,24.784199995337985
2449,81.63333333333127,SEARCH,0,0,0,0,-6.145275766773175,15.089443845811612,-21.573576989135887,19.999895799908025,-21.566765436750998,19.99650025607151,nan,nan,16.183372524128135,1294.669801930251,nan,0,4.070100010721944,24.70080000057351
2450,81.6666666666646,SEARCH,0,0,0,0,-6.11328891044223,15.165817111361898,-21.857150395980245,19.99991663992642,-21.851940478134956,19.995163957922625,nan,nan,16.462920279635163,1317.0336223708132,nan,0,3.9378999936161563,26.02900000056252
2451,81.69999999999793,SEARCH,0,0,0,0,-6.0800449806339625,15.241651640434437,-22.124158057084603,19.999933311941135,-22.127048244981133,20.000671842627142,nan,nan,16.737819064945317,1339.0255251956255,nan,0,4.811100006918423,25.026799994520843
2452,81.73333333333126,SEARCH,0,0,0,0,-6.045519144713052,15.31691120011102,-22.37372407124941,19.999946649552907,-22.382123034935553,20.007307744750452,nan,nan,16.9966010252638,1359.7280820211042,nan,0,3.9782999956514686,28.826499998103827
2453,81.76666666666459,SEARCH,0,0,0,0,-6.010060386067424,15.391735735552693,-22.6050531788152,19.999957319642327,-22.60624470550491,20.005093775020075,nan,nan,17.225458088685507,1378.0366470948404,nan,0,3.6991000088164583,24.15249998739455
2454,81.79999999999792,SEARCH,0,0,0,0,-5.973974276306342,15.466259740752777,-22.817430925989726,19.99996585571386,-22.80819095461398,19.994543336076045,nan,nan,17.432618951032136,1394.6095160825712,nan,0,3.8382000057026744,22.34419999876991
2455,81.83333333333125,SEARCH,0,0,0,0,-5.937179157656099,15.540436245875798,-23.010223533949492,19.999972684571087,-23.01271640800848,19.999975192527092,nan,nan,17.64827073695526,1411.861658956421,nan,0,3.5446999972919,23.858000000473112
2456,81.86666666666459,SEARCH,0,0,0,0,-5.899633091006325,15.614235484001144,-23.18287749079447,19.99997814765687,-23.186269926569057,20.011194473152404,nan,nan,17.837069866906738,1426.9655893525392,nan,0,4.031300006317906,24.39289999892935
2457,81.89999999999792,SEARCH,0,0,0,0,-5.861459101075649,15.687711882671218,-23.33491888409463,19.999982518125496,-23.334361731827126,20.006686245651707,nan,nan,17.99877401079875,1439.9019208639002,nan,0,4.152599998633377,23.34580000024289
2458,81.93333333333125,SEARCH,0,0,0,0,-5.822755711256943,15.760910805377035,-23.465952491394006,19.999986014500397,-23.45757149124739,19.99302849213236,nan,nan,18.135532738487374,1450.8426190789899,nan,0,5.7994999951915815,23.22390000335872
2459,81.96666666666458,SEARCH,0,0,0,0,-5.783718728375618,15.833932368194288,-23.57566064563676,19.999988811600318,-23.57017721722235,19.991284185669382,nan,nan,18.26586104484898,1461.2688835879185,nan,0,4.575700004352257,25.132700000540353
2460,81.99999999999791,SEARCH,0,0,0,0,-5.744520668898854,15.906867591522985,-23.66380189205394,19.999991049280254,-23.66643760185101,20.002120593394263,nan,nan,18.3838571497108,1470.708571976864,nan,0,5.184399997233413,28.01069999986794
2461,82.03333333333124,SEARCH,0,0,0,0,-5.704949349961147,15.979600977160402,-23.730209452603756,19.966419280487454,-23.73007306311596,19.971398276345667,nan,nan,18.461839847434454,1476.9471877947565,nan,0,4.772300002514385,25.98500000021886
2462,82.06666666666457,SEARCH,0,0,0,0,-5.6649398160322,16.05209423107785,-23.774789513594893,19.85936882526981,-23.763432877999207,19.863562653778573,nan,nan,18.495478978694024,1479.638318295522,nan,0,3.618199989432469,24.044800011324696
2463,82.0999999999979,SEARCH,0,0,0,0,-5.617892913899641,16.12023103220969,-23.797519351645477,19.694132706518893,-23.791131316355294,19.692856085281125,nan,nan,18.52107566536897,1481.6860532295175,nan,0,6.970500005991198,28.260799997951835
2464,82.13333333333124,SEARCH,0,0,0,0,-5.564278720657939,16.183330580162053,-23.798445312642073,19.483179672831753,-23.797835467293474,19.483253698950023,nan,nan,18.52976211997039,1482.3809695976313,nan,0,4.4787999941036105,25.993500006734394
2465,82.16666666666457,SEARCH,0,0,0,0,-5.504632931603471,16.24076240510973,-23.77768065786651,19.236712583364092,-23.787430588439374,19.24228884942952,nan,nan,18.52754304155722,1482.2034433245776,nan,0,7.038499999907799,24.799700011499226
2466,82.1999999999979,SEARCH,0,0,0,0,-5.4395515077441905,16.291952667242285,-23.735403290955468,18.963114632837517,-23.734272997887526,18.963499652919282,nan,nan,18.488753275940272,1479.100262075222,nan,0,3.523399995174259,26.31929999915883
2467,82.23333333333123,SEARCH,0,0,0,0,-5.3696847211542424,16.33638989038174,-23.67185337885082,18.66930588745496,-23.660736689161872,18.659926694998568,nan,nan,18.43804234127812,1475.0433873022496,nan,0,4.944399988744408,28.057500006980263
2468,82.26666666666456,SEARCH,0,0,0,0,-5.295730657670344,16.373630072483476,-23.587330879389814,18.361028107680816,-23.585219305424772,18.360741448298594,nan,nan,18.39711951953979,1471.769561563183,nan,0,3.570200002286583,26.434799990965985
2469,82.2999999999979,SEARCH,0,0,0,0,-5.218428241848863,16.403301121957902,-23.48219298767463,18.04307223793572,-23.48967313758895,18.05429204438611,nan,nan,18.345685080313807,1467.6548064251047,nan,0,4.1658999980427325,28.508599993074313
2470,82.33333333333123,SEARCH,0,0,0,0,-5.138549853875907,16.425106575486613,-23.356851512852582,17.719460066468393,-23.35661807469601,17.719649464728374,nan,nan,18.264004243060768,1461.1203394448612,nan,0,4.732800007332116,25.020200002472848
2471,82.36666666666456,SEARCH,0,0,0,0,-5.056893612199817,16.438828560185875,-23.211770196432624,17.3935892571813,-23.20846037771522,17.391126328638094,nan,nan,18.176530116685154,1454.1224093348126,nan,0,4.037099992274307,26.622999997925945
2472,82.39999999999789,SEARCH,0,0,0,0,-4.974275398995455,16.44432997052046,-23.047461982761845,17.068349113948937,-23.048703790672047,17.06780723554046,nan,nan,18.085178616365436,1446.814289309235,nan,0,4.135600000154227,25.0400999939302
2473,82.43333333333122,SEARCH,0,0,0,0,-4.8915207081392085,16.44155583821683,-22.86448625178886,16.746212964932997,-22.877425461204446,16.756582997667838,nan,nan,17.98866342721233,1439.0930741769866,nan,0,4.338600003393367,26.993599996785633
2474,82.46666666666455,SEARCH,0,0,0,0,-4.80945639714705,16.430533881487953,-22.66344602375007,16.429311875932864,-22.66743167601894,16.43249408062742,nan,nan,17.857975386453536,1428.6380309162828,nan,0,3.123500006040558,25.68720000272151
2475,82.49999999999788,SEARCH,0,0,0,0,-4.728902425487559,16.411374228082092,-22.444985144930794,16.11949345900353,-22.43963166725256,16.11758917090626,nan,nan,17.71316572312611,1417.0532578500886,nan,0,7.47030001366511,27.745100000174716
2476,82.53333333333121,SEARCH,0,0,0,0,-4.650663661817953,16.38426831492274,-22.209785463177134,15.818368788299594,-22.20444589903827,15.816801811027592,nan,nan,17.562952173959665,1405.0361739167731,nan,0,5.803899999591522,27.599799999734387
2477,82.56666666666455,SEARCH,0,0,0,0,-4.575385773030595,16.349782460888527,-21.958564001366405,15.52734983166094,-21.965040382414482,15.52743222666013,nan,nan,17.40908806748366,1392.7270453986923,nan,0,5.508000002009794,24.74330000404734
2478,82.59999999999788,SEARCH,0,0,0,0,-4.503382338649084,16.308897988212237,-21.692070136585397,15.24767932368143,-21.701546975774594,15.249868838709274,nan,nan,17.23074025180495,1378.4592201443959,nan,0,8.325599992531352,25.741000004927628
2479,82.63333333333121,SEARCH,0,0,0,0,-4.434806607833474,16.26249320600333,-21.411082792316417,14.980454619766737,-21.406059779688974,14.975149386101712,nan,nan,17.020008470440146,1361.6006776352115,nan,0,4.1874999878928065,26.539800004684366
2480,82.66666666666454,SEARCH,0,0,0,0,-4.3696938608545235,16.21134279203036,-21.116407650492004,14.72664676168693,-21.112069400629068,14.718128754217485,nan,nan,16.808831811805433,1344.7065449444347,nan,0,4.201500007184222,25.540199989336543
2481,82.69999999999787,SEARCH,0,0,0,0,-4.307994812252878,16.156122668249235,-20.80887438985052,14.487115737920481,-20.80459066079175,14.486198700345767,nan,nan,16.58090228692662,1326.4721829541295,nan,0,8.189599990146235,24.738699998124503
2482,82.7333333333312,SEARCH,0,0,0,0,-4.249601484856378,16.097417864490804,-20.48933395660706,14.26262272431374,-20.49178342489921,14.272475089008996,nan,nan,16.34438406019746,1307.5507248157967,nan,0,4.227900004480034,24.697699991520494
2483,82.76666666666453,SEARCH,0,0,0,0,-4.194366940377841,16.03573172532649,-20.158655873047316,14.053839932359447,-20.158184741802433,14.054560654571032,nan,nan,16.08628352381864,1286.9026819054914,nan,0,4.709400003775954,31.88909999153111
2484,82.79999999999787,SEARCH,0,0,0,0,-4.142120104555892,15.97149542083016,-19.817725589256675,13.861358565822014,-19.815763583177272,13.857633944384272,nan,nan,15.815546472902303,1265.2437178321843,nan,0,5.114600004162639,28.37619998899754
2485,82.8333333333312,SEARCH,0,0,0,0,-4.092983660617565,15.904849756711279,-19.46744188281292,13.685695285179708,-19.469501531019503,13.682050497605477,nan,nan,15.536348939344515,1242.9079151475612,nan,0,4.088100002263673,31.370099997729994
2486,82.86666666666453,SEARCH,0,0,0,0,-4.047054387803807,15.835954643912546,-19.108714310898726,13.527297498353386,-19.117828632609335,13.53521871686543,nan,nan,15.245380354189232,1219.6304283351385,nan,0,4.345900000771508,29.363900001044385
2487,82.89999999999786,SEARCH,0,0,0,0,-4.004488919139197,15.764932002831598,-18.742460718929575,13.386547731398954,-18.744759727991934,13.391824447654237,nan,nan,14.9300777957369,1194.4062236589518,nan,0,3.428600000916049,28.799600011552684
2488,82.93333333333119,SEARCH,0,0,0,0,-3.965252343703554,15.69201749250043,-18.369604809444155,13.26376728101664,-18.36407351189944,13.256215059160946,nan,nan,14.603396335371732,1168.2717068297386,nan,0,3.561899997293949,31.790499997441657
2489,82.96666666666452,SEARCH,0,0,0,0,-3.9294440800644543,15.617359586529906,-17.99107377466748,13.159219309282886,-17.98106497894566,13.149179101570741,nan,nan,14.266743314162778,1141.3394651330223,nan,0,4.772100000991486,43.43510000035167
2490,82.99999999999785,SEARCH,0,0,0,0,-3.896904851702662,15.541220022002848,-17.60779599583196,13.073111507866459,-17.609183628649898,13.076636956275586,nan,nan,13.932004842971711,1114.560387437737,nan,0,4.660199992940761,33.8023000076646
2491,83.03333333333119,SEARCH,0,0,0,0,-3.868164835774725,15.463566650194453,-17.22069881202855,13.00559843249048,-17.224758127338244,13.012040441505262,nan,nan,13.57971152521767,1086.3769220174136,nan,0,7.187900002463721,40.701200006878935
2492,83.06666666666452,ACQUIRING,0,0,0,0,-3.843390974456376,15.384558483122117,-16.830706361058724,12.956783587218819,-16.832277912995256,12.955551653881408,-12.864419653176189,12.500408007620674,13.214055322975,1057.124425838,757.6691938311676,1,5.23010001052171,31.18529998755548
2493,83.09999999999785,ACQUIRING,0,0,0,0,-3.8223907050747807,15.304464642193794,-16.351825021200007,12.880467448630462,-16.345286727445355,12.877803572500401,-12.864419653176189,12.500408007620674,12.755846061091763,1020.467684887341,757.3470374223848,0,7.128500001272187,33.92689999600407
2494,83.13333333333118,ACQUIRING,0,0,0,0,-3.8050828287080694,15.223492597113868,-15.790393920146803,12.820475329269023,-15.78986363831073,12.825086173776102,-12.864419653176189,12.500408007620674,12.222410745255129,977.7928596204104,756.7795911865463,0,4.402200007461943,32.783399990876205
2495,83.16666666666451,ACQUIRING,0,0,0,0,-3.7916207749194064,15.141793100318955,-15.317851707982488,12.769487880327784,-15.323588222842599,12.77683082511662,-12.893846385334228,12.438336996813398,11.771971788238805,941.7577430591044,759.6175288824151,2,7.005199993727729,35.9833999973489
2496,83.19999999999784,ACQUIRING,0,0,0,0,-3.7818563928282187,15.059569675973284,-14.934198384707061,12.692253756904003,-14.929795358055669,12.694972130387152,-12.903641699608285,12.4176753394163,11.395958262692455,911.6766610153965,759.7328914549715,0,5.915100002312101,36.18249999999534
2497,83.23333333333117,ACQUIRING,0,0,0,0,-3.775557638840742,14.97700842376042,-14.616998778702893,12.627678635647369,-14.611227906503435,12.619631019655223,-12.940141217790199,12.47925371545775,11.089137855347234,887.1310284277787,759.9089240519212,1,8.64599998749327,34.49620000901632
2498,83.2666666666645,ACQUIRING,0,0,0,0,-3.772590528476423,14.89426042725998,-14.362798934502797,12.608987794717374,-14.361462450334113,12.604567686620982,-12.958141322734566,12.46474374125162,10.83360057524926,866.6880460199408,760.1132324973249,1,11.844900000141934,37.46169999067206
2499,83.29999999999784,ACQUIRING,0,0,0,0,-3.773092817171779,14.811460775238865,-14.149432778233855,12.580821395089398,-14.157879435695135,12.588652672686852,-12.98993412608606,12.436577308398185,10.620012663506227,849.6010130804982,761.4312216126972,1,11.842799998703413,37.27299999445677
2500,83.33333333333117,ACQUIRING,0,0,0,0,-3.776972501106407,14.728750541764898,-13.9789351721036,12.545564821172608,-13.982490824648,12.549321033564443,-13.03675313980816,12.411746570623155,10.43563688681041,834.8509509448329,763.6210363960907,1,4.822499991860241,31.195100003969856
2501,83.3666666666645,ACQUIRING,0,0,0,0,-3.7840018151649994,14.64624827868917,-13.849993210760228,12.508310864806928,-13.843878560572541,12.507839608732592,-13.085264561645067,12.388673836203774,10.284644465052592,822.7715572042074,765.7054516401821,1,6.390700000338256,33.99129999161232
2502,83.39999999999783,ACQUIRING,0,0,0,0,-3.7939520447553847,14.564047137578784,-13.753987968488723,12.470992422891117,-13.749202655403833,12.468446514610367,-13.115440419648772,12.350138742271305,10.173424039712584,813.8739231770068,766.463195332266,1,17.693000001600012,77.66480000282172
2503,83.43333333333116,ACQUIRING,0,0,0,0,-3.8065892838422237,14.482216001346828,-13.674958969595153,12.426358831458256,-13.678287979644594,12.427249919463291,-13.121839214464647,12.31502023071517,10.083318934676122,806.6655147740897,765.1221864385523,1,15.564600005745888,64.4927999965148
2504,83.4666666666645,ACQUIRING,0,0,0,0,-3.822175850808289,14.400895071697915,-13.600183308396751,12.380303983055443,-13.604206364752708,12.382601594629406,-13.120352436901292,12.26952991939664,9.98807436572821,799.0459492582569,763.1463513161282,1,13.992499996675178,67.47970001015346
2505,83.49999999999783,ACQUIRING,0,0,0,0,-3.8404276145751615,14.320130551095431,-13.529058617866754,12.328386769090999,-13.526901056385125,12.325425644321985,-13.119106497964372,12.223176890553964,9.88972271623405,791.1778172987241,761.0144659881777,1,19.62630001071375,71.68379999347962
2506,83.53333333333116,ACQUIRING,0,0,0,0,-3.861237208413047,14.239986958256994,-13.463775591955244,12.273463225458052,-13.461215437114719,12.271342950205192,-13.159949680101905,12.200019298917676,9.799752100027039,783.9801680021632,761.5879061320961,1,13.19070000317879,63.03740000294056
2507,83.56666666666449,ACQUIRING,0,0,0,0,-3.8848633076093755,14.160628013546797,-13.425993293287442,12.228788367597291,-13.428262694751284,12.232567534361227,-13.193095363336687,12.18287794642713,9.7362153362535,778.89722690028,761.2817794483673,1,18.222500002593733,63.698600002680905
2508,83.59999999999782,ACQUIRING,0,0,0,0,-3.9108604799088216,14.082013881857998,-13.40177775246857,12.192814914675774,-13.405886552403123,12.198579556179086,-13.217149926744497,12.154857405406588,9.680022984295654,774.4018387436522,760.2987006823618,0,11.537300000782125,58.82259999634698
2509,83.63333333333115,ACQUIRING,0,0,0,0,-3.9391398081975875,14.00419155691016,-13.384371764122726,12.157166829892475,-13.380567884738534,12.160832688004763,-13.25504883124427,12.148268854361692,9.619695215757506,769.5756172606004,759.9183535239239,1,13.609000001451932,77.36740000837017
2510,83.66666666666448,ACQUIRING,0,0,0,0,-3.96950933222071,13.92716087030177,-13.380048608287842,12.132962921985756,-13.368736891648092,12.13092720641751,-13.272810234863234,12.126027095940085,9.569322551213869,765.5458040971095,758.0838605146766,1,22.596900002099574,61.96799999452196
2511,83.69999999999781,ACQUIRING,0,0,0,0,-4.001829212947667,13.85092793792641,-13.375127378364192,12.10778642564161,-13.376302813348184,12.109329364038874,-13.305814690392268,12.104862302990142,9.53487917475483,762.7903339803864,757.312684551391,1,14.687399991089478,71.78779999958351
2512,83.73333333333115,ACQUIRING,0,0,0,0,-4.036238839395203,13.77561517488792,-13.379408948696284,12.08371414655041,-13.383939414393293,12.087009434868436,-13.338671023697374,12.098241067866255,9.498994440731417,759.9195552585132,756.19607378382,1,18.990800002939068,58.42760000086855
2513,83.76666666666448,ACQUIRING,0,0,0,0,-4.072863635249222,13.701354424841867,-13.3895337959183,12.067530539359366,-13.38927306729527,12.065555665494633,-13.379714280570207,12.077153763517952,9.45892817853051,756.7142542824407,755.8010181419199,1,14.77090000116732,71.3633999985177
2514,83.79999999999781,ACQUIRING,0,0,0,0,-4.1117993717861685,13.62827882639015,-13.408407833401338,12.048476332189452,-13.403390461022433,12.041708915543909,-13.400095508768667,12.03341259648615,9.426073893810582,754.0859115048465,753.9381127687219,1,17.217999993590638,69.73570000263862
2515,83.83333333333114,ACQUIRING,0,0,0,0,-4.153147404872109,13.556540588129968,-13.422651714086475,12.01713783989115,-13.418135242958494,12.011247818210826,-13.428954805456264,12.00752338567469,9.392972340247415,751.4377872197931,752.3405919182474,0,21.28410000295844,64.30529999488499
2516,83.86666666666447,ACQUIRING,0,0,0,0,-4.196813921044626,13.486189539565599,-13.43999041042047,11.988209031877972,-13.449355838316722,11.988998827743277,-13.457814102143862,11.98163417486323,9.372892400878408,749.8313920702727,750.5936261910025,0,21.323000008123927,64.17969999893103
2517,83.8999999999978,ACQUIRING,0,0,0,0,-4.24265569388724,13.417236174662955,-13.459104368081913,11.959662686485816,-13.453702064687853,11.965476385614936,-13.483175874456393,11.957613568509565,9.324751027782774,745.980082222622,748.4072104832759,1,32.81710000010207,59.81349998910446
2518,83.93333333333113,ACQUIRING,0,0,0,0,-4.290570149653084,13.349706628555982,-13.478205845395497,11.932373090310806,-13.47436353860745,11.925222043318197,-13.511231654580312,11.93215364838254,9.293611641583803,743.4889313267043,746.3192026581462,0,22.926299992832355,59.48960001114756
2519,83.96666666666447,ACQUIRING,0,0,0,0,-4.340477834202879,13.283636531752443,-13.498953378590535,11.905253515082087,-13.499295107604073,11.899709664999211,-13.54967903887954,11.865764506607732,9.26278507901773,741.0228063214184,745.4169213336913,1,26.063999990583397,72.68720000865869
2520,83.9999999999978,ACQUIRING,0,0,0,0,-4.3921834672224085,13.218963800382872,-13.525444433343708,11.860342513779955,-13.531933608039326,11.864234996986697,-13.587650401930178,11.82770569349948,9.239606201960887,739.168496156871,744.0095107661898,1,21.246999996947125,60.06780000461731
2521,84.03333333333113,ACQUIRING,0,0,0,0,-4.445672931954643,13.15575848548444,-13.555400578087072,11.818035249023088,-13.566152637873364,11.823239710413725,-13.60198056243362,11.789498264031941,9.217307435037153,737.3845948029723,740.6143889142462,1,30.092200002400205,62.56569999095518
2522,84.06666666666446,ACQUIRING,0,0,0,0,-4.500671903823613,13.093862219344171,-13.57670205816941,11.775531365837102,-13.574448285493219,11.772864866387467,-13.619960652177703,11.768829666969255,9.16943028933989,733.5544231471911,737.2039654400596,1,29.879599998821504,64.75299999874551
2523,84.09999999999779,ACQUIRING,0,0,0,0,-4.557177103584703,13.03333786830502,-13.595424011726834,11.74189705573773,-13.590603439426037,11.737376198218508,-13.63089542810731,11.76682729473944,9.125914092046079,730.0731273636864,732.934543394345,1,23.005700000794604,63.401599996723235
2524,84.13333333333112,ACQUIRING,0,0,0,0,-4.614984174814101,12.974055685613841,-13.608650144687406,11.722616744053983,-13.616443691669533,11.720991117693925,-13.650328470056765,11.778391914372412,9.088258592544754,727.0606874035803,729.1290514576785,1,14.435399993089959,59.19949999952223
2525,84.16666666666445,ACQUIRING,0,0,0,0,-4.6737295644649945,12.91570318897903,-13.623229286057793,11.718536752501747,-13.626857778949638,11.719825514912053,-13.670755630933582,11.765203190396923,9.032642372879202,722.6113898303362,725.6230571306959,0,26.081900010467507,61.18169998808298
2526,84.19999999999779,ACQUIRING,0,0,0,0,-4.733346127176277,12.858241026478455,-13.638791556396727,11.7109668814908,-13.63930203416945,11.716763830913365,-13.698878602994268,11.72448247618925,8.978809542768003,718.3047634214402,722.9547417106594,1,23.632700002053753,72.35600000421982
2527,84.23333333333112,ACQUIRING,0,0,0,0,-4.793803553232551,12.801664226432843,-13.658819674168933,11.6895101175574,-13.652575254741272,11.682277023979905,-13.721309145214079,11.704126596699052,8.92921406219311,714.3371249754487,719.5774090663742,0,18.144300003768876,52.65719999442808
2528,84.26666666666445,ACQUIRING,0,0,0,0,-4.854967191875956,12.745851647414758,-13.678774998524835,11.669957541012721,-13.677469083884931,11.668300988760727,-13.75858314214118,11.67873149744403,8.888062502956856,711.0450002365484,717.3869133093112,1,29.569500009529293,66.58060000336263
2529,84.29999999999778,ACQUIRING,0,0,0,0,-4.916728659348643,12.690701345472057,-13.705953022027186,11.647885044422448,-13.713221620350016,11.649654693621693,-13.784559787815162,11.657171747630732,8.857881605907563,708.6305284726052,714.2284781893876,0,31.835199988563545,71.9085000018822
2530,84.33333333333111,ACQUIRING,0,0,0,0,-4.9791638093245725,12.636314888368895,-13.732048483796936,11.626220928382265,-13.734096098490786,11.626585866582374,-13.821774596964318,11.61577255445516,8.812967269048666,705.0373815238933,712.104586462378,1,19.90079999086447,61.4108000008855
2531,84.36666666666444,ACQUIRING,0,0,0,0,-5.042121947323831,12.582534710529684,-13.763278544189983,11.595632146520181,-13.757118554554458,11.590272742488796,-13.849473248025378,11.57731422384039,8.771302621461748,701.7042097169399,709.1624588409247,1,20.379099994897842,74.50279999466147
2532,84.39999999999777,ACQUIRING,0,0,0,0,-5.105518858161095,12.529272469072504,-13.793015549686022,11.561293158998932,-13.78778494610244,11.558760752392836,-13.889672219058776,11.5484202069656,8.736340046840484,698.9072037472388,707.0996373484019,1,18.7218000064604,67.04919999174308
2533,84.4333333333311,ACQUIRING,0,0,0,0,-5.169339388609055,12.476518563415274,-13.828392080294474,11.528601213530317,-13.833496579899261,11.52952779314837,-13.921187017202168,11.51930242531991,8.71575649925791,697.2605199406329,704.3231060773904,0,20.30249999370426,58.463299996219575
2534,84.46666666666444,ACQUIRING,0,0,0,0,-5.233565155255098,12.424258774212877,-13.862460356668022,11.496406255697563,-13.866733276940339,11.500814814202368,-13.952701815345561,11.49018464367422,8.682415595015144,694.5932476012115,701.5221784829901,0,25.328300005639903,70.88529999600723
2535,84.49999999999777,ACQUIRING,0,0,0,0,-5.298391756200281,12.372746188579413,-13.896218600191999,11.464695854729735,-13.889549911475644,11.466605664331647,-13.960042564498337,11.478983721154755,8.638812944996458,691.1050355997168,696.6112537618318,1,9.631599998101592,48.43019999680109
2536,84.5333333333311,ACQUIRING,0,0,0,0,-5.3639527699864535,12.322171608600136,-13.918869629090947,11.441394143131317,-13.9155430108146,11.429364798922514,-13.977879411654294,11.461389758300943,8.5980695302163,687.845562417304,692.5462703125136,1,28.46960000169929,85.96009999746457
2537,84.56666666666443,ACQUIRING,0,0,0,0,-5.430349731629053,12.27269961497362,-13.93989714376181,11.42007795321024,-13.941601836968522,11.422372089098875,-14.01129200640166,11.434370319969265,8.553623168102849,684.2898534482279,689.7436802979713,1,59.09039999824017,108.9399000047706
2538,84.59999999999776,SEARCH,0,0,0,0,-5.4974736895083485,12.224218598612888,-13.966313170629737,11.396272428440197,-13.972557670566085,11.401322269601941,nan,nan,8.514940214369162,681.1952171495329,nan,1,30.465099989669397,80.25150001049042
2539,84.6333333333311,SEARCH,0,0,0,0,-5.565177060320763,12.176550073888626,-14.081618086386554,11.461355792559042,-14.07783270216958,11.45965523080037,nan,nan,8.542789023073613,683.423121845889,nan,0,20.59430000372231,81.36419999937061
2540,84.66666666666443,SEARCH,0,0,0,0,-5.6334728231275175,12.12973422773164,-14.16000824220048,11.615328045566775,-14.155129909870984,11.609672115246116,nan,nan,8.537511587394073,683.0009269915258,nan,0,29.979099999764003,143.25660000031348
2541,84.69999999999776,SEARCH,0,0,0,0,-5.70227147749782,12.083660592910991,-14.149509509125517,11.858189187463397,-14.148616978987201,11.859687031096788,nan,nan,8.449314557224252,675.9451645779402,nan,0,37.64920000685379,114.44459999620449
2542,84.73333333333109,SEARCH,0,0,0,0,-5.7714894315977086,12.03821931763205,-14.057641577803215,12.097174492382793,-14.069670227616932,12.096999399001724,nan,nan,8.298388977469546,663.8711181975638,nan,0,36.52919999149162,117.15980000735726
2543,84.76666666666442,SEARCH,0,0,0,0,-5.841200860991806,11.993538770627982,-13.90726085052721,12.312086165388427,-13.90918915875332,12.311343474933567,nan,nan,8.074245166137542,645.9396132910035,nan,1,41.16769999382086,107.94340001302771
2544,84.79999999999775,SEARCH,0,0,0,0,-5.911246945803761,11.94938471451456,-13.711255172057879,12.51127474035071,-13.700526135314835,12.506002476162047,nan,nan,7.809141670166559,624.7313336133248,nan,0,20.859500000369735,98.179100008565
2545,84.83333333333108,SEARCH,0,0,0,0,-5.98159059248653,11.905706275438504,-13.480091440638205,12.701347708798775,-13.480433120033803,12.701495851772572,nan,nan,7.540949562406151,603.2759649924922,nan,0,19.182800009730272,74.91949999530334
2546,84.86666666666441,SEARCH,0,0,0,0,-6.052133089879299,11.862349721950686,-13.222295040792563,12.88751169264385,-13.234947095975913,12.895599257855611,nan,nan,7.256750074904429,580.5400059923544,nan,0,21.045600005891174,67.8765999909956
2547,84.89999999999775,SEARCH,0,0,0,0,-6.122940891979273,11.819427818095873,-12.944833166813686,13.073846478696039,-12.94673752437431,13.079216730597318,nan,nan,6.939111512603571,555.1289210082856,nan,0,22.165500005939975,91.41919999092352
2548,84.93333333333108,ACQUIRING,0,0,0,0,-6.194070829230391,11.777041892419973,-12.653421275389242,13.26352454710359,-12.648191293831227,13.26240491904196,-14.336571512918933,10.990736542352995,6.622837329455929,529.8269863564743,654.430285301222,2,22.709700002451427,70.70839998777956
2549,84.96666666666441,ACQUIRING,0,0,0,0,-6.265425154718841,11.735034810840325,-12.450898272853689,13.364313726622251,-12.447862748388449,13.361124673246316,-14.336571512918933,10.990736542352995,6.3927070040976215,511.4165603278097,648.431379613096,0,28.89549999963492,72.58970000839327
2550,84.99999999999774,ACQUIRING,0,0,0,0,-6.3369989900313906,11.693402842746048,-12.337264159207024,13.376214017252025,-12.345770758474949,13.382474869529183,-14.333139215165172,10.992107648003856,6.241658631878678,499.3326905502943,642.1467667761743,1,64.45489999896381,125.88389999291394
2551,85.03333333333107,ACQUIRING,0,0,0,0,-6.408769068796539,11.65211010170364,-12.312518934449248,13.29922541899291,-12.32226323088513,13.308791607100655,-14.342596639543022,10.991623327547808,6.141173081373001,491.2938465098401,636.9018144796729,1,31.068099997355603,88.72759999940172
2552,85.0666666666644,ACQUIRING,0,0,0,0,-6.480741733142298,11.611171486000082,-12.37666259858036,13.133347931844906,-12.373295478477056,13.131589514896037,-14.34544333069882,10.991830121807912,6.08554521996596,486.8436175972768,631.1240255620509,0,30.914300004951656,102.81840000243392
2553,85.09999999999773,ACQUIRING,0,0,0,0,-6.5528622132001075,11.570493838268408,-12.529695151600361,12.878581555808013,-12.524617872301283,12.871792164720883,-14.34829002185462,10.992036916068015,6.111893567989787,488.951485439183,625.3488351608469,1,33.34979999635834,193.07789999584202
2554,85.13333333333107,ACQUIRING,0,0,0,0,-6.625203178660156,11.530209605806327,-12.77161659350925,12.56968727079325,-12.77769363301635,12.56782944895598,-14.351136713010419,10.992243710328118,6.239374466229927,499.1499572983942,619.5712390065664,0,19.318399994517677,95.97019999637268
2555,85.1666666666644,ACQUIRING,0,0,0,0,-6.697847202132833,11.490474476229942,-13.032963829244546,12.314139870239599,-13.049723783117546,12.317464949919207,-14.353983404166218,10.992450504588222,6.405485878810041,512.4388703048033,613.7853666312535,0,22.981400004937313,78.03730000159703
2556,85.19999999999773,SEARCH,0,0,0,0,-6.770709590445379,11.451141194671665,-13.250990250955784,12.097816552728712,-13.252588476974617,12.099116660850184,nan,nan,6.514186526681807,521.1349221345446,nan,0,26.45999999367632,89.21960000589024
2557,85.23333333333106,SEARCH,0,0,0,0,-6.843719100631656,11.412081674819126,-13.380127783778134,11.970382124106715,-13.375088387205684,11.967537984710436,nan,nan,6.554945954758178,524.3956763806542,nan,1,30.542900000000373,86.2040999927558
2558,85.26666666666439,SEARCH,0,0,0,0,-6.916849357609525,11.373248696783675,-13.420376427711595,11.931836584373606,-13.422783261044875,11.934069653440355,nan,nan,6.530060956935612,522.404876554849,nan,1,25.848300007055514,68.63539999176282
2559,85.29999999999772,SEARCH,0,0,0,0,-6.990227123857455,11.33488545800988,-13.371736182756166,11.982179933529386,-13.381633242635349,11.990859495910597,nan,nan,6.42498047573308,513.9984380586463,nan,1,19.703199999639764,72.55760001135059
2560,85.33333333333105,SEARCH,0,0,0,0,-7.063932763168285,11.297155981436084,-13.234207048911848,12.121412171574054,-13.236217837983368,12.121252015991471,nan,nan,6.227056874555984,498.16454996447874,nan,1,41.62839999480639,93.69110000261571
2561,85.36666666666439,SEARCH,0,0,0,0,-7.137978404981695,11.2600982211531,-13.007789026178642,12.34953329850761,-12.995535648907975,12.344226287738545,nan,nan,5.9570387383860055,476.5630990708804,nan,0,29.056900006253272,129.26809999044053
2562,85.39999999999772,SEARCH,0,0,0,0,-7.212556606906926,11.224124251864872,-12.692482114556547,12.666543314330058,-12.68409630445231,12.661214847382297,nan,nan,5.657117290770952,452.56938326167614,nan,0,28.004699997836724,100.23870000441093
2563,85.43333333333105,SEARCH,0,0,0,0,-7.287789850618186,11.18954110988163,-12.288286314045564,13.072442219041394,-12.293126967458411,13.071082877167717,nan,nan,5.347298296828079,427.7838637462463,nan,0,21.03210000495892,104.37079999246635
2564,85.46666666666438,SEARCH,0,0,0,0,-7.363530582582836,11.156084030059715,-11.795201624645692,13.567230012641618,-11.798490488957642,13.574203031670741,nan,nan,5.051353172874011,404.10825382992084,nan,0,46.99849999451544,110.45219999505207
2565,85.49999999999771,SEARCH,0,0,0,0,-7.43980290834242,11.123857224571505,-11.21322804635693,14.150455410630261,-11.203622716620396,14.151492659876064,nan,nan,4.830415704501786,386.4332563601429,nan,0,23.041899999952875,157.22910000476986
2566,85.53333333333104,SEARCH,0,0,0,0,-7.516578620025745,11.092848761786811,-10.698877932791973,14.683624012666474,-10.690603579395049,14.679814030811391,nan,nan,4.789650747589837,383.17205980718694,nan,0,37.31909999623895,149.11660000507254
2567,85.56666666666437,SEARCH,0,0,0,0,-7.593821620334141,11.06302337709343,-10.245272522745559,15.17865194602988,-10.247781738410158,15.181318111035791,nan,nan,4.899373003145959,391.94984025167673,nan,0,20.885699996142648,83.74600000388455
2568,85.5999999999977,SEARCH,0,0,0,0,-7.671557831510164,11.034508185690465,-9.843287873933722,15.644934811873132,-9.843618493953159,15.649756889904932,nan,nan,5.100820338248115,408.06562705984925,nan,0,14.926300005754456,77.4226999928942
2569,85.63333333333104,SEARCH,0,0,0,0,-7.749787591012784,11.007376296760404,-9.485687506672944,16.089849951814948,-9.479939461480038,16.092653943388814,nan,nan,5.371543003474879,429.72344027799033,nan,0,35.74259999732021,89.27260000200476
2570,85.66666666666437,SEARCH,0,0,0,0,-7.828460575613434,10.981557773123741,-9.166738447727454,16.519158554902507,-9.155531921019874,16.519728814680402,nan,nan,5.694950117545863,455.59600940366903,nan,0,28.38519999932032,155.96540000115056
2571,85.6999999999977,SEARCH,0,0,0,0,-7.907559810929123,10.957076236382266,-8.881904076291141,16.93732763240816,-8.88567625685983,16.94035157970578,nan,nan,6.0626970578962,485.01576463169596,nan,0,30.897300006472506,118.18219999258872
2572,85.73333333333103,SEARCH,0,0,0,0,-7.987003069367391,10.93373521332282,-8.627598423317908,17.34778788204095,-8.637666857172047,17.351074563809124,nan,nan,6.450240902792724,516.0192722234178,nan,0,25.59389999078121,113.38249999971595
2573,85.76666666666436,SEARCH,0,0,0,0,-8.066798535282643,10.911628239578805,-8.40098964476208,17.753140258469674,-8.399941268155894,17.75140479992181,nan,nan,6.84788489067127,547.8307912537015,nan,0,29.564800002845004,105.09140000795014
2574,85.7999999999977,SEARCH,0,0,0,0,-8.146873349201778,10.890555535799582,-8.199842844764062,18.15532150333095,-8.187776728585963,18.15155279497143,nan,nan,7.261112468771307,580.8889975017045,nan,0,33.1949999963399,122.99190000339877
2575,85.83333333333103,SEARCH,0,0,0,0,-8.227242074224007,10.870633118600546,-8.022394389191483,18.52425720266476,-8.018533144554187,18.52227087721887,nan,nan,7.654483640745308,612.3586912596246,nan,0,25.031099998159334,96.0207000025548
2576,85.86666666666436,SEARCH,0,0,0,0,-8.307942788802889,10.85210127208681,-7.86725142144325,18.819405762131808,-7.881080476076416,18.826938971527973,nan,nan,7.98625367531324,638.9002940250592,nan,0,58.72119999548886,135.1165999949444
2577,85.89999999999769,SEARCH,0,0,0,0,-8.388947050699393,10.8349448090669,-7.73331154961978,19.055524609705447,-7.743173681259893,19.061800680961227,nan,nan,8.252162188275229,660.1729750620183,nan,0,65.74600000749342,130.57759999355767
2578,85.93333333333102,SEARCH,0,0,0,0,-8.470235291448793,10.81918864885514,-7.619698679918146,19.244419687764356,-7.613644142167146,19.244032291232152,nan,nan,8.468278384390064,677.4622707512052,nan,0,35.710199997993186,253.21560000884347
2579,85.96666666666435,SEARCH,0,0,0,0,-8.551747192096231,10.80463376233573,-7.525711775714931,19.395535750211486,-7.520621040551717,19.38832705467079,nan,nan,8.645404078311024,691.632326264882,nan,0,119.66530000790954,202.53819999925327
2580,85.99999999999768,SEARCH,0,0,0,0,-8.633474675832908,10.791342672432258,-7.450783965483264,19.51642860016919,-7.456917533496364,19.52282899664248,nan,nan,8.81039954480234,704.8319635841873,nan,0,106.24880000250414,118.08620000374503
2581,86.03333333333102,SEARCH,0,0,0,0,-8.715391015996676,10.779270063645233,-7.394449937638564,19.61314288013535,-7.4011033486273,19.62098111808224,nan,nan,8.938859347967885,715.1087478374307,nan,0,15.924500010441989,89.47979999356903
2582,86.06666666666435,SEARCH,0,0,0,0,-8.797422870723107,10.7680090921555,-7.3563199723677615,19.69051430410828,-7.354553430559453,19.690356961587973,nan,nan,9.038261100705398,723.0608880564318,nan,0,16.379599997890182,138.45189999847207
2583,86.09999999999768,SEARCH,0,0,0,0,-8.879578134895196,10.757686920021442,-7.336059290067451,19.752411443286626,-7.329655585859095,19.74413601559255,nan,nan,9.11912974221232,729.5303793769855,nan,0,33.37749998900108,131.63070000882726
2584,86.13333333333101,SEARCH,0,0,0,0,-8.961823313631076,10.748107502322322,-7.333371659675985,19.8019291546293,-7.333954440226326,19.80281380342196,nan,nan,9.199873002828546,735.9898402262836,nan,0,14.089900010731071,189.24029999470804
2585,86.16666666666434,SEARCH,0,0,0,0,-9.044207964770614,10.73981268916183,-7.34798642111584,19.84154332370344,-7.35204191960717,19.847747510808684,nan,nan,9.263795261110394,741.1036208888315,nan,0,16.988100003800355,129.71169999218546
2586,86.19999999999767,SEARCH,0,0,0,0,-9.126700806094547,10.732673655679957,-7.379648244811796,19.87323465896275,-7.377518215863146,19.875670865413078,nan,nan,9.308815054084825,744.7052043267861,nan,0,18.789999987347983,56.42370000714436
2587,86.233333333331,SEARCH,0,0,0,0,-9.209295169003497,10.726825075987787,-7.428109086254498,19.898587727170202,-7.4217364853553205,19.894830351033942,nan,nan,9.340647020991648,747.2517616793318,nan,0,10.468599997693673,70.48840000061318
2588,86.26666666666434,SEARCH,0,0,0,0,-9.29197650067189,10.722371755620694,-7.493121901587377,19.91887018173616,-7.494275413409487,19.919867552114834,nan,nan,9.371534459504046,749.7227567603237,nan,0,18.856999988202006,77.95800000894815
2589,86.29999999999767,SEARCH,0,0,0,0,-9.374704652323908,10.718895034033975,-7.574435776607205,19.93509614538893,-7.579401028999298,19.94241625733448,nan,nan,9.396619544101872,751.7295635281498,nan,0,13.039700002991594,64.76629999815486
2590,86.333333333331,SEARCH,0,0,0,0,-9.457462402345895,10.716213713454628,-7.671792190704409,19.948076916311145,-7.6747872198529175,19.95097145233021,nan,nan,9.405247540708263,752.4198032566611,nan,0,23.19530000386294,121.29519999143668
2591,86.36666666666433,SEARCH,0,0,0,0,-9.540242010050644,10.714323947067246,-7.7849221925843395,19.958461533048915,-7.776569761503745,19.951198931376677,nan,nan,9.403743896770893,752.2995117416715,nan,0,35.04550000070594,90.90769999602344
2592,86.39999999999766,SEARCH,0,0,0,0,-9.623038503627816,10.713443424451773,-7.913544308869518,19.966769226439133,-7.910525943995857,19.964248059432265,nan,nan,9.407979892701395,752.6383914161116,nan,0,23.50700000533834,97.177699994063
2593,86.43333333333099,SEARCH,0,0,0,0,-9.705839655069122,10.713506580962166,-8.057363042096974,19.973415381151305,-8.063810672195522,19.976628517009868,nan,nan,9.407533533433991,752.6026826747193,nan,0,24.629200008348562,118.69649999425747
2594,86.46666666666432,SEARCH,0,0,0,0,-9.788635845859067,10.714415128938859,-8.216067842963495,19.978732304921046,-8.22016628368018,19.98367248202025,nan,nan,9.401022744634494,752.0818195707595,nan,0,14.011699997354299,86.7731000034837
2595,86.49999999999766,SEARCH,0,0,0,0,-9.87141598457248,10.71628148992729,-8.389332464350222,19.982985843936838,-8.38156162421937,19.97841017286745,nan,nan,9.381188291171112,750.495063293689,nan,0,22.246199994697236,132.3460999992676
2596,86.53333333333099,SEARCH,0,0,0,0,-9.954172730703382,10.718993617980376,-8.576814622808733,19.98638867514947,-8.570763540873308,19.97987357158794,nan,nan,9.363638101808332,749.0910481446666,nan,0,29.602899987366982,82.56850000179838
2597,86.56666666666432,SEARCH,0,0,0,0,-10.036902572983074,10.722429875410795,-8.778155907719675,19.989110940119577,-8.784763559834449,19.990311670625417,nan,nan,9.3520845311791,748.166762494328,nan,0,13.325199994142167,75.73960001172964
2598,86.59999999999765,SEARCH,0,0,0,0,-10.11959705797243,10.726631877445088,-8.992981889966192,19.991288752095663,-9.001649248427213,19.992127579589464,nan,nan,9.332696175882019,746.6156940705615,nan,0,17.929900001036003,96.38109999650624
2599,86.63333333333098,SEARCH,0,0,0,0,-10.202245277093787,10.731662438528993,-9.220902391278154,19.99303100167653,-9.220601991112646,19.994992420850494,nan,nan,9.315197577200836,745.2158061760668,nan,0,16.654399994877167,95.1887999981409
2600,86.66666666666431,SEARCH,0,0,0,0,-10.284837775238227,10.737537293336715,-9.461511882862705,19.994424801341225,-9.450379897361103,19.98380239337306,nan,nan,9.28384286005,742.707428804,nan,0,27.92330000374932,57.16820000088774
2601,86.69999999999764,SEARCH,0,0,0,0,-10.367371460275319,10.744187519118517,-9.714389987913155,19.99553984107298,-9.714671661932808,19.994278878304893,nan,nan,9.273090486997893,741.8472389598314,nan,0,21.33299999695737,98.94080000231043
2602,86.73333333333098,SEARCH,0,0,0,0,-10.449899933062628,10.750902118745099,-9.979102067378403,19.996431872858384,-9.984793761891199,20.00534229844946,nan,nan,9.266120374255248,741.2896299404199,nan,0,20.09780000662431,88.03230000194162
2603,86.7666666666643,SEARCH,0,0,0,0,-10.532403824917134,10.757912289756625,-10.255199872216272,19.997145498286706,-10.254798032044702,20.001109267995613,nan,nan,9.247364778939062,739.7891823151249,nan,0,12.035799998557195,87.43959999992512
2604,86.79999999999764,SEARCH,0,0,0,0,-10.614902078715788,10.764988502650809,-10.5422222484362,19.997716398629365,-10.535236289295996,19.99681187234693,nan,nan,9.232167100268027,738.5733680214422,nan,0,50.761799997417256,132.86040000093635
2605,86.83333333333097,SEARCH,0,0,0,0,-10.697398593569009,10.772084959923516,-10.839695883711626,19.99817311890349,-10.833780392668288,19.99185388343938,nan,nan,9.22077757014854,737.6622056118832,nan,0,32.74500000406988,134.00629999523517
2606,86.8666666666643,SEARCH,0,0,0,0,-10.779878593601886,10.779370854743474,-11.147136086331576,19.998538495122794,-11.153331753032969,20.000635987648145,nan,nan,9.228824297472157,738.3059437977726,nan,0,19.094599992968142,122.1446000126889
2607,86.89999999999763,SEARCH,0,0,0,0,-10.862329926767243,10.786974296596094,-11.464047588861622,19.998830796098236,-11.468303496069435,20.004444079406568,nan,nan,9.237367220356512,738.989377628521,nan,0,16.496900003403425,128.92160000046715
2608,86.93333333333096,SEARCH,0,0,0,0,-10.944740383033505,10.795008683115148,-11.78992537017413,19.99906463687859,-11.783884235012813,20.000100946800302,nan,nan,9.243261653078472,739.4609322462776,nan,0,19.849299991619773,75.4023000044981
2609,86.9666666666643,SEARCH,0,0,0,0,-11.02710603173079,10.803490108904844,-12.124255490549013,19.99925170950287,-12.119934967538052,19.9951923300403,nan,nan,9.25643909961947,740.5151279695576,nan,0,15.565399997285567,85.69669999997132
2610,86.99999999999763,SEARCH,0,0,0,0,-11.109433724741175,10.812332372887496,-12.466515935388367,19.999401367602296,-12.47894133189799,20.006091883907068,nan,nan,9.29520118300423,743.6160946403384,nan,0,16.39699999941513,104.66799999994691
2611,87.03333333333096,SEARCH,0,0,0,0,-11.19172424974548,10.821514102749923,-12.81617746377155,19.999521094081835,-12.81963888951105,20.001787202356866,nan,nan,9.323492921525169,745.8794337220135,nan,0,13.712100000702776,62.690199993085116
2612,87.06666666666429,SEARCH,0,0,0,0,-11.27399236305778,10.830894518560841,-13.172704458632984,19.999616875265467,-13.167770792338802,20.00018404266621,nan,nan,9.362812991621617,749.0250393297293,nan,0,20.64109999628272,68.76880000345409
2613,87.09999999999762,SEARCH,0,0,0,0,-11.356272174270913,10.84017176683186,-13.535555775798775,19.999693500212373,-13.530545180771975,19.995887085122654,nan,nan,9.410344632179198,752.8275705743359,nan,0,9.695900007500313,66.52529998973478
2614,87.13333333333095,SEARCH,0,0,0,0,-11.438552833173116,10.849441493870462,-13.904185589490488,19.9997548001699,-13.903736673203575,19.99843642600621,nan,nan,9.47529628209023,758.0237025672185,nan,0,17.20690001093317,71.54789999185596
2615,87.16666666666428,SEARCH,0,0,0,0,-11.52081331122192,10.858888632057932,-14.278044232211238,19.999803840135918,-14.283427280197541,20.007395068713688,nan,nan,9.556526877642893,764.5221502114315,nan,0,18.688100011786446,75.18469999195077
2616,87.19999999999762,SEARCH,0,0,0,0,-11.603033287773599,10.868682003519902,-14.656579027183819,19.999843072108735,-14.660515724849349,20.001891777970744,nan,nan,9.631392403860984,770.5113923088787,nan,0,15.011600000434555,75.2993000060087
2617,87.23333333333095,SEARCH,0,0,0,0,-11.685223150085255,10.878724971305466,-15.039235111723091,19.99987445768699,-15.031954180267215,19.998052026042288,nan,nan,9.71404830745852,777.1238645966816,nan,0,8.877300002495758,43.22239999601152
2618,87.26666666666428,SEARCH,0,0,0,0,-11.767367485122099,10.88913376038516,-15.425456250103716,19.99989956614959,-15.428815057717493,20.000569881756846,nan,nan,9.819596046717065,785.5676837373651,nan,0,12.459400008083321,37.301699994714
2619,87.29999999999761,SEARCH,0,0,0,0,-11.849420845932544,10.900236942292253,-15.81468563463617,19.999919652919672,-15.823868651537213,20.00743021340692,nan,nan,9.936659631732992,794.9327705386394,nan,0,20.68909999798052,55.49840000458062
2620,87.33333333333094,SEARCH,0,0,0,0,-11.931359012760447,10.912160510786356,-16.206366673794022,19.99993572233574,-16.21188966265138,20.003704208942267,nan,nan,10.048836224167163,803.906897933373,nan,0,13.46269999339711,40.16770000453107
2621,87.36666666666427,SEARCH,0,0,0,0,-12.013153861030707,10.925030532744229,-16.599943766348016,19.99994857786859,-16.598746618279637,19.995450053387234,nan,nan,10.163669180753352,813.0935344602683,nan,0,12.344600007054396,42.466299986699596
2622,87.3999999999976,SEARCH,0,0,0,0,-12.09480573878856,10.938778460856044,-16.994863060560935,19.99995886229487,-16.990942925052266,19.99850584793348,nan,nan,10.298097866833235,823.8478293466588,nan,0,10.598699998809025,42.458299998543225
2623,87.43333333333094,SEARCH,0,0,0,0,-12.17631532827252,10.953346284677998,-17.39057319758418,19.9999670898359,-17.397311014281296,20.00514155798893,nan,nan,10.449583418646718,835.9666734917373,nan,0,12.437299999874085,58.93590000050608
2624,87.46666666666427,SEARCH,0,0,0,0,-12.257690667258588,10.968646247869234,-17.78652603827467,19.99997367186872,-17.785929476170896,20.0032144422106,nan,nan,10.5917348336601,847.338786692808,nan,0,9.10509999084752,51.649400003952906
2625,87.4999999999976,SEARCH,0,0,0,0,-12.338955955943666,10.984520362763675,-18.182177372720773,19.999978937494976,-18.17627430408204,20.000717159235467,nan,nan,10.740860774175463,859.268861934037,nan,0,9.48670000070706,52.95440000190865
2626,87.53333333333093,SEARCH,0,0,0,0,-12.420094451500496,11.001030335735342,-18.576987611829914,19.99998314999598,-18.57603358897652,19.999283932443294,nan,nan,10.902483866302058,872.1987093041647,nan,0,16.212100003031082,63.75859999388922
2627,87.56666666666426,SEARCH,0,0,0,0,-12.501169798382776,11.017847671929552,-18.970422460389123,19.999986519996785,-18.982846348646643,19.9991156889063,nan,nan,11.075888501380373,886.0710801104299,nan,0,11.874399991938844,54.3242999992799
2628,87.59999999999759,SEARCH,0,0,0,0,-12.5822283370392,11.034745836907913,-19.361953571064472,19.999989215997427,-19.37102237528544,20.002449358901593,nan,nan,11.247552220465817,899.8041776372654,nan,0,15.662499994505197,56.06289999559522
2629,87.63333333333092,SEARCH,0,0,0,0,-12.663311104455362,11.051527359392109,-19.751059178856142,19.999991372797943,-19.74834871770594,20.000754426042754,nan,nan,11.414307822713035,913.1446258170427,nan,0,10.405499997432344,42.26400000334252
2630,87.66666666666426,SEARCH,0,0,0,0,-12.744379224358136,11.06837949884621,-20.137224715573826,19.999993098238356,-20.132238404538942,19.99734373219531,nan,nan,11.589083895917282,927.1267116733826,nan,0,6.830099999206141,39.422000001650304
2631,87.69999999999759,SEARCH,0,0,0,0,-12.82541420847085,11.085390260692849,-20.519943403942527,19.999994478590686,-20.52098476873775,20.002732637605593,nan,nan,11.778828520490926,942.3062816392741,nan,0,13.04389999131672,42.56400000303984
2632,87.73333333333092,SEARCH,0,0,0,0,-12.90640909786144,11.102590916533748,-20.89871683099181,19.99999558287255,-20.904869655941408,20.004121012489183,nan,nan,11.967147084763406,957.3717667810726,nan,0,10.119599988684058,48.5086999979103
2633,87.76666666666425,SEARCH,0,0,0,0,-12.98737994502289,11.119904396216006,-21.273055500422803,19.99999646629804,-21.26930984297992,20.000588391929472,nan,nan,12.143183728594236,971.4546982875389,nan,0,12.513800000306219,46.640800006571226
2634,87.79999999999758,SEARCH,0,0,0,0,-13.068311411072246,11.137401037946724,-21.64247936368652,19.99999717303843,-21.63521821940167,19.995961344752082,nan,nan,12.323391699199878,985.8713359359903,nan,0,10.776200011605397,57.18059999344405
2635,87.83333333333091,SEARCH,0,0,0,0,-13.149198265415153,11.155102774111862,-22.006518329544896,19.999997738430743,-22.0028410007534,19.993468900542002,nan,nan,12.510144102680648,1000.8115282144519,nan,0,13.43730000371579,55.421800003387034
2636,87.86666666666424,SEARCH,0,0,0,0,-13.23008579149181,11.172801440557363,-22.36471275192233,19.999998190744595,-22.36887225114169,20.00315282784053,nan,nan,12.707970867844077,1016.6376694275261,nan,0,11.757000000216067,48.39179999544285
2637,87.89999999999758,SEARCH,0,0,0,0,-13.310939447234274,11.190654200059186,-22.71661389589045,19.999998552595677,-22.716375231142784,20.001816847484157,nan,nan,12.887932707948305,1031.0346166358645,nan,0,9.543499996652827,34.78460000769701
2638,87.9333333333309,SEARCH,0,0,0,0,-13.3917524624147,11.208690032343812,-23.061784381662708,19.999998842076543,-23.051096090772564,19.990124172896778,nan,nan,13.054367272892504,1044.3493818314003,nan,0,13.091200002236292,39.73509999923408
2639,87.96666666666424,SEARCH,0,0,0,0,-13.472526541752432,11.226899446828982,-23.399798606507865,19.999999073661236,-23.396131929751082,19.994724110008242,nan,nan,13.242080396258375,1059.3664317006699,nan,0,10.888500008150004,59.14209999900777
2640,87.99999999999757,SEARCH,0,0,0,0,-13.553162065673233,11.245712924730976,-23.730243144523026,19.999999258928987,-23.735798336133843,19.999970478560574,nan,nan,13.42844394318577,1074.2755154548615,nan,0,14.607599994633347,51.12319999898318
2641,88.0333333333309,SEARCH,0,0,0,0,-13.633693112508626,11.264968707351962,-24.05271712423715,19.99999940714319,-24.05908157614565,20.000174838572235,nan,nan,13.601196666935017,1088.0957333548015,nan,0,12.291999999433756,56.413600002997555
2642,88.06666666666423,SEARCH,0,0,0,0,-13.714144867930376,11.284553132753537,-24.366832584045344,19.99999952571455,-24.36427256891281,19.999193243576673,nan,nan,13.761183535888215,1100.8946828710573,nan,0,12.959200001205318,56.82169999636244
2643,88.09999999999756,SEARCH,0,0,0,0,-13.794479459025782,11.304612747462816,-24.67221480550252,19.99999962057164,-24.66676210256978,19.994118028296604,nan,nan,13.918118835056209,1113.4495068044967,nan,0,9.497299994109198,47.1590999950422
2644,88.1333333333309,SEARCH,0,0,0,0,-13.874767429599824,11.32485815311083,-24.968502624532356,19.999999696457312,-24.96705156743361,19.996886793041096,nan,nan,14.079873867553282,1126.3899094042627,nan,0,10.634499994921498,45.376399997621775
2645,88.16666666666423,SEARCH,0,0,0,0,-13.954984030631165,11.345384516347647,-25.255348720633716,19.99999975716585,-25.262083756986677,20.002818780881032,nan,nan,14.240845208991832,1139.2676167193465,nan,0,10.322100002667867,50.246500002685934
2646,88.19999999999756,SEARCH,0,0,0,0,-14.035173272729114,11.36601750257135,-25.53241988419215,19.999999805732678,-25.529950300170025,19.99846012301204,nan,nan,14.375290066839844,1150.0232053471875,nan,0,16.171399998711422,52.73690000467468
2647,88.23333333333089,SEARCH,0,0,0,0,-14.115304330471346,11.386875312951686,-25.799397262028414,19.999999844586142,-25.79122067117169,19.994378695400005,nan,nan,14.505727726449734,1160.4582181159788,nan,0,10.593700004392304,53.450499995960854
2648,88.26666666666422,SEARCH,0,0,0,0,-14.195414247622939,11.407814172584342,-26.055976581339436,19.999999875668912,-26.051371167129705,19.995578209211708,nan,nan,14.639446903008007,1171.1557522406406,nan,0,11.852700001327321,48.78750001080334
2649,88.29999999999755,SEARCH,0,0,0,0,-14.27546340268762,11.428984138153075,-26.30186835220971,19.99999990053513,-26.306797580226377,20.00334847711422,nan,nan,14.774055838152933,1181.9244670522346,nan,0,10.069399999338202,58.1699999893317
2650,88.33333333333088,SEARCH,0,0,0,0,-14.355517794412034,11.450134292629702,-26.536798048892667,19.999999920428102,-26.536404747705582,19.999757855283708,nan,nan,14.881870515227767,1190.5496412182213,nan,0,10.115099998074584,64.24389999301638
2651,88.36666666666422,SEARCH,0,0,0,0,-14.435589703405823,11.47121803183415,-26.76050627008233,19.999999936342483,-26.75325258459974,19.994922139244572,nan,nan,14.97926401948466,1198.3411215587728,nan,0,13.728899997659028,53.788899997016415
2652,88.39999999999755,SEARCH,0,0,0,0,-14.515630435373934,11.492419821729344,-26.97274887841531,19.999999949073988,-26.97096666121862,19.996297096583618,nan,nan,15.081489621540104,1206.5191697232083,nan,0,12.935699996887706,71.0873000061838
2653,88.43333333333088,SEARCH,0,0,0,0,-14.595713306185036,11.513461886062558,-27.173297119462134,19.999999959259192,-27.176009549832795,20.00352442451453,nan,nan,15.177121449232837,1214.169715938627,nan,0,11.842099993373267,49.63940000743605
2654,88.46666666666421,SEARCH,0,0,0,0,-14.675821761017081,11.534406339580686,-27.361937720485013,19.999999967407355,-27.364305627070635,20.008579534963545,nan,nan,15.25808750022252,1220.6470000178015,nan,0,12.693900003796443,38.5690999974031
2655,88.49999999999754,SEARCH,0,0,0,0,-14.755972373576725,11.55518887973017,-27.53847296925619,19.999999973925885,-27.536165195433135,19.997476155006794,nan,nan,15.316838544625575,1225.347083570046,nan,0,10.510799998883158,51.55439999361988
2656,88.53333333333087,SEARCH,0,0,0,0,-14.83610292833288,11.57604862237532,-27.702720773247428,19.999999979140707,-27.692301193067866,19.993674133204706,nan,nan,15.366790590840385,1229.343247267231,nan,0,12.895299994852394,66.647900006501
2657,88.5666666666642,SEARCH,0,0,0,0,-14.91622498475012,11.596940983281247,-27.85451469951665,19.999999983312566,-27.85312622434971,19.99884811677455,nan,nan,15.425804911349006,1234.0643929079206,nan,0,12.899599998490885,46.81919999711681
2658,88.59999999999754,SEARCH,0,0,0,0,-14.996352850557733,11.61781105251611,-27.993703995632327,19.999999986650053,-27.99891246904534,20.004613633357362,nan,nan,15.472718383087377,1237.8174706469902,nan,0,10.222800003248267,63.85250001039822
2659,88.63333333333087,SEARCH,0,0,0,0,-15.07658311624365,11.638283940361205,-28.12015359199008,19.99999998932004,-28.121854987257667,20.00145786918821,nan,nan,15.495863846603754,1239.6691077283003,nan,0,10.613200007355772,39.17899999942165
2660,88.6666666666642,SEARCH,0,0,0,0,-15.156885246325768,11.658473110057495,-28.233744085888915,19.999999991456033,-28.23241427395065,19.997361091561395,nan,nan,15.508272377035782,1240.6617901628626,nan,0,12.65810000768397,41.727999996510334
2661,88.69999999999753,SEARCH,0,0,0,0,-15.237125847610212,11.678905451437323,-28.33437170774674,19.999999993164828,-28.33363610421231,19.998014858129032,nan,nan,15.515352468500044,1241.2281974800037,nan,0,11.113300002762116,53.43189999985043
2662,88.73333333333086,SEARCH,0,0,0,0,-15.317268264796878,11.699719572514836,-28.42194826984617,19.999999994531862,-28.428373962482933,20.00306537112141,nan,nan,15.519234648240008,1241.5387718592006,nan,0,15.88350000383798,51.68910000065807
2663,88.7666666666642,SEARCH,0,0,0,0,-15.397302369579242,11.720946365500035,-28.496401098012342,19.99999999562549,-28.49956865296919,20.001883156262817,nan,nan,15.499783736990194,1239.9826989592154,nan,0,10.09479998901952,58.08290001004934
2664,88.79999999999752,SEARCH,0,0,0,0,-15.477282953363105,11.742373938539078,-28.55767294663429,19.999999996500392,-28.554306715218164,19.995681915809147,nan,nan,15.463687886005447,1237.0950308804358,nan,0,10.4328000015812,57.5259999895934
2665,88.83333333333086,SEARCH,0,0,0,0,-15.557120634041105,11.764327968071457,-28.605721897450533,19.999999997200312,-28.609197407051163,20.003323849872046,nan,nan,15.434952582657186,1234.796206612575,nan,0,11.90850000421051,48.15200000302866
2666,88.86666666666419,SEARCH,0,0,0,0,-15.636845134523293,11.786689513000569,-28.640521242527964,19.930810260530187,-28.650372195174825,19.937496984659663,nan,nan,15.355375247722323,1228.430019817786,nan,0,10.833200009074062,55.14219999895431
2667,88.89999999999752,SEARCH,0,0,0,0,-15.716434676909,11.809526750390077,-28.66205935187086,19.795467293515593,-28.666252929144665,19.803024765149846,nan,nan,15.218206309480246,1217.4565047584197,nan,0,9.948599996278062,50.527200000942685
2668,88.93333333333085,SEARCH,0,0,0,0,-15.795896986628536,11.832802832594504,-28.670339526103657,19.607455682022348,-28.665907464548052,19.602886527671078,nan,nan,15.033674545175339,1202.693963614027,nan,0,7.401099996059202,36.52259999944363
2669,88.96666666666418,SEARCH,0,0,0,0,-15.875219957191373,11.856549432558255,-28.665379834677573,19.377649976480402,-28.658781028290537,19.373598163959773,nan,nan,14.829883859585253,1186.3907087668201,nan,0,8.864799994626082,33.077700005378574
2670,88.99999999999751,SEARCH,0,0,0,0,-15.954553896492342,11.88025936178086,-28.64721294005668,19.114835780841943,-28.648392188900015,19.11529811070024,nan,nan,14.61093139714783,1168.8745117718265,nan,0,4.530699996394105,32.82520000357181
2671,89.03333333333084,SEARCH,0,0,0,0,-16.034026293680668,11.903500978632795,-28.61588590834404,18.82612653986689,-28.619521553927665,18.829680740863452,nan,nan,14.36546751917365,1149.2374015338921,nan,0,7.2106000006897375,31.688500006566755
2672,89.06666666666418,SEARCH,0,0,0,0,-16.113634375601038,11.926273505100248,-28.57146000681275,18.517296887371852,-28.56619375775626,18.516037818072625,nan,nan,14.088691524290905,1127.0953219432722,nan,0,7.9166000068653375,32.36599999945611
2673,89.09999999999751,SEARCH,0,0,0,0,-16.193494922801143,11.948144208556029,-28.514010488810502,18.19304924559665,-28.50794833666092,18.184136712919535,nan,nan,13.803382389711608,1104.2705911769287,nan,0,6.388099995092489,38.96109999914188
2674,89.13333333333084,SEARCH,0,0,0,0,-16.273534460789516,11.969350505435939,-28.443626366509303,17.85722702785335,-28.44386334610881,17.85487148093525,nan,nan,13.518737453249082,1081.4989962599266,nan,0,13.68940000247676,47.21129999961704
2675,89.16666666666417,SEARCH,0,0,0,0,-16.353651595745593,11.990261731014105,-28.36041017197443,17.51298512622785,-28.36306649240724,17.52232989238464,nan,nan,13.22232295408822,1057.7858363270575,nan,0,13.367199993808754,55.692100009764545
2676,89.1999999999975,SEARCH,0,0,0,0,-16.43397036504774,12.01038460274106,-28.264477707028682,17.162926229784812,-28.265983393704243,17.16156486573441,nan,nan,12.904696447888632,1032.3757158310907,nan,0,10.295700005372055,58.08049999177456
2677,89.23333333333083,SEARCH,0,0,0,0,-16.514550323659773,12.029434666752339,-28.155957782389198,16.809209809667934,-28.154971165525303,16.800938814340178,nan,nan,12.580407354540846,1006.4325883632677,nan,0,12.953400000697002,53.62970000714995
2678,89.26666666666416,SEARCH,0,0,0,0,-16.595407726948192,12.047270445462692,-28.03499194655499,16.453639240237074,-28.040293969150635,16.448629502267654,nan,nan,12.262030119188006,980.9624095350405,nan,0,7.511399991926737,50.601100010680966
2679,89.2999999999975,SEARCH,0,0,0,0,-16.67651601372498,12.063928190954956,-27.901734204923528,16.09773143158029,-27.911259608386285,16.098473475207076,nan,nan,11.937211537392818,954.9769229914255,nan,0,10.362099987105466,60.72180000774097
2680,89.33333333333083,SEARCH,0,0,0,0,-16.757856221860415,12.079413836218716,-27.756350729614464,15.742772473692618,-27.761195215808993,15.74529929150416,nan,nan,11.597938833561017,927.8351066848812,nan,0,16.455100005259737,65.43519999831915
2681,89.36666666666416,SEARCH,0,0,0,0,-16.83942676382807,12.09363640110183,-27.59901956047777,15.389862092573594,-27.59079066678162,15.386024709717324,nan,nan,11.24418278704329,899.5346229634631,nan,0,29.419999991660006,86.14569999917876
2682,89.39999999999749,SEARCH,0,0,0,0,-16.921188904801795,12.106712599790407,-27.429930297762404,15.039949158460264,-27.424246116240145,15.03495386924257,nan,nan,10.90361443370362,872.2891546962896,nan,0,20.64050000626594,67.39310000557452
2683,89.43333333333082,SEARCH,0,0,0,0,-17.003110872987193,12.11874695882534,-27.249283786919758,14.693860038381402,-27.25414415890652,14.694047259482653,nan,nan,10.5695721326642,845.565770613136,nan,0,10.491900000488386,67.75610000477172
2684,89.46666666666415,SEARCH,0,0,0,0,-17.085164163344785,12.129850661371945,-27.05729179601406,14.352321226790787,-27.062842679004333,14.351395958054846,nan,nan,10.22200235115743,817.7601880925945,nan,0,11.97890000184998,47.4087999900803
2685,89.49999999999748,SEARCH,0,0,0,0,-17.167371197892557,12.139752082462508,-26.854176686209264,14.01597740129228,-26.85399402075413,14.011893729386333,nan,nan,9.865879385971093,789.2703508776874,nan,0,15.13820000400301,64.29859998752363
2686,89.53333333333082,SEARCH,0,0,0,0,-17.249730698339988,12.14829300482489,-26.640171075798904,13.68540582107038,-26.634460983105097,13.679055964676941,nan,nan,9.50875374363236,760.7002994905888,nan,0,12.601299997186288,50.97369999566581
2687,89.56666666666415,SEARCH,0,0,0,0,-17.33224669000855,12.15515928385393,-26.415517498241922,13.361127802118096,-26.413274645476417,13.360083072144803,nan,nan,9.1606173407461,732.849387259688,nan,0,10.760499993921258,52.08810001204256
2688,89.59999999999748,SEARCH,0,0,0,0,-17.414884167756465,12.160363315004263,-26.18046805466376,13.043617856533745,-26.185560083470417,13.051449682173786,nan,nan,8.81582616277341,705.2660930218727,nan,0,14.28719999967143,49.34270000376273
2689,89.63333333333081,SEARCH,0,0,0,0,-17.49761355502742,12.16381050959163,-25.93528406127761,12.733310965699394,-25.92903131885564,12.734605201764612,nan,nan,8.450716661254884,676.0573329003907,nan,0,17.91419999790378,48.42230000940617
2690,89.66666666666414,SEARCH,0,0,0,0,-17.580396068766873,12.165568374127965,-25.680235692176343,12.430608363184174,-25.674175842663892,12.424588600093417,nan,nan,8.097923345265974,647.8338676212779,nan,0,11.583400002564304,57.291999997687526
2691,89.69999999999747,SEARCH,0,0,0,0,-17.66319724418767,12.16557257947276,-25.415601617940585,12.135882128037476,-25.41965890201911,12.138163486563727,nan,nan,7.756510085585095,620.5208068468077,nan,0,11.493700003484264,54.92019999655895
2692,89.7333333333308,SEARCH,0,0,0,0,-17.74598367912999,12.164010254829108,-25.141668640503223,11.849478828992131,-25.1560696658096,11.858780283914964,nan,nan,7.416369709307229,593.3095767445784,nan,0,8.886199997505173,59.53830000362359
2693,89.76666666666414,SEARCH,0,0,0,0,-17.82873453783261,12.161124071756289,-24.85873132470507,11.571722411979376,-24.859736385892816,11.56921716030557,nan,nan,7.055872786498433,564.4698229198747,nan,0,8.235300003434531,58.37450000399258
2694,89.79999999999747,SEARCH,0,0,0,0,-17.911426390052846,12.156870573767836,-24.567091626970548,11.302916484860555,-24.559994878632306,11.295887595780588,nan,nan,6.7040849215769605,536.3267937261568,nan,0,17.183600008138455,70.76770000276156
2695,89.8333333333308,SEARCH,0,0,0,0,-17.99401849243198,12.15099015768174,-24.267058521526103,11.04334612248074,-24.25834032000129,11.041844803385715,nan,nan,6.361755369103545,508.9404295282836,nan,0,17.282399989198893,58.898200004477985
2696,89.86666666666413,SEARCH,0,0,0,0,-18.076471333054858,12.14340308038087,-23.958947624577654,10.79327929050764,-23.96223316435834,10.800388927012625,nan,nan,6.0370422684437415,482.9633814754993,nan,0,5.701299989596009,63.60980001045391
2697,89.89999999999746,SEARCH,0,0,0,0,-18.15876832621383,12.134279507301041,-23.643080816856774,10.552967966803557,-23.647698085901013,10.559924956338987,nan,nan,5.710248870138193,456.81990961105544,nan,0,11.519000006956048,56.629099999554455
2698,89.9333333333308,SEARCH,0,0,0,0,-18.240898330448488,12.123758239641369,-23.31978586493821,10.322649023303736,-23.31668191175223,10.322179275274383,nan,nan,5.386025039774905,430.8820031819924,nan,0,14.81459999922663,52.08860000129789
2699,89.96666666666412,SEARCH,0,0,0,0,-18.322822135727627,12.111736392972208,-22.989396041724486,10.102544918753045,-22.981570993803956,10.096926760690296,nan,nan,5.075765831572953,406.0612665258363,nan,0,16.059999994467944,50.23120000259951
2700,89.99999999999746,SEARCH,0,0,0,0,-18.404546873983758,12.098428431981976,-22.652249746485687,9.892864242553907,-22.6557398212235,9.892650491495196,nan,nan,4.789373424300825,383.149873944066,nan,0,10.157800003071316,64.658800009056
2701,90.03333333333079,SEARCH,0,0,1,0,-18.486053527002962,12.083844187662923,-22.30869012483516,9.693802141897441,-22.313418090802532,9.698681261773062,nan,nan,4.5097363212573915,360.77890570059134,nan,0,21.249799989163876,53.97100000118371
2702,90.06666666666412,SEARCH,0,0,1,0,-18.567294408071728,12.067845627980196,-21.959064689014046,9.505540657883365,-21.959591828707595,9.506258783871614,nan,nan,4.250812739931379,340.06501919451034,nan,0,7.775499994750135,45.92870001215488
2703,90.09999999999745,ACQUIRING,0,0,1,0,-18.648201679000383,12.050237442962198,-21.603724938849645,9.328248991159406,-21.59935615578206,9.327393202041549,-18.639126338527205,12.043518117643357,4.015369659961992,321.22957279695936,0.9033666363359238,1,14.827499995590188,66.98139999934938
2704,90.13333333333078,ACQUIRING,0,0,1,0,-18.72875436897311,12.03107240169147,-21.159496299796356,9.239846213324334,-21.165146934810675,9.243933538126841,-18.7175191098596,12.048437238382984,3.701911908684603,296.15295269476826,1.6546054044068075,1,25.655099991126917,51.560000007157214
2705,90.16666666666411,ACQUIRING,0,0,1,0,-18.808930072905255,12.010386871296149,-20.804156549631955,9.240332324378153,-20.80922456272812,9.247180627154487,-18.81828895535329,12.033152450190952,3.4112295134861825,272.8983610788946,1.9691383099687367,1,18.641599992406555,69.44940000539646
2706,90.19999999999744,ACQUIRING,0,0,1,0,-18.888728003630106,11.988288796249154,-20.537705688356443,9.32970732432086,-20.533367856445853,9.329598387490078,-18.90968633312549,12.025904033109466,3.126255737315376,250.1004589852301,3.4447944443005394,0,15.791500001796521,55.6596999958856
2707,90.23333333333078,ACQUIRING,0,0,1,0,-18.96821007304897,11.965080278208436,-20.36014371596982,9.507971213152457,-20.35228401375236,9.501939038089102,-18.94076033132408,11.990970093257953,2.825371735207746,226.02973881661967,3.0186310476758873,1,15.01240000652615,69.48059999558609
2708,90.26666666666411,ACQUIRING,0,0,1,0,-19.04728697069928,11.940526685258458,-20.2003297882137,9.775123990872942,-20.2018503002012,9.777105782341788,-19.018967392442217,11.980734618660339,2.452224803113969,196.17798424911751,3.934403270521547,1,14.240000004065223,47.236300000804476
2709,90.29999999999744,ACQUIRING,0,0,1,0,-19.12600657915579,11.914850667007869,-20.082716321587544,10.123135832440866,-20.094134934618005,10.130108745223016,-19.083070261111597,11.925201736226434,2.0304128250250653,162.43302600200522,3.533313043507538,1,22.234099989873357,58.072800005902536
2710,90.33333333333077,ACQUIRING,0,0,1,0,-19.204371410541906,11.88811140990195,-19.989361967855892,10.387368869035493,-19.991032884662395,10.389669900838179,-19.167521542755168,11.894684723763527,1.6923838899465837,135.3907111957267,2.99452429453273,1,10.764200007542968,61.48879999818746
2711,90.3666666666641,ACQUIRING,0,0,1,0,-19.282350085097477,11.860266105391002,-19.928639266515443,10.607417998074686,-19.920948208406216,10.599537734315291,-19.2423501277215,11.867690452660618,1.4132386878120267,113.05909502496213,3.254650848208187,0,9.992399995098822,55.6741000036709
2712,90.39999999999743,ACQUIRING,0,0,1,0,-19.359852722392265,11.831122051433063,-19.888014457028927,10.789378710899625,-19.87986359181888,10.787119513170303,-19.317178712687834,11.840696181557709,1.1663415469839473,93.30732375871578,3.498786140955761,0,18.453700002282858,56.00699999195058
2713,90.43333333333076,ACQUIRING,0,0,1,0,-19.436840742214677,11.800644527377218,-19.865309854389444,10.939002079142112,-19.86813081570457,10.945636437394889,-19.392007297654168,11.8137019104548,0.9576272559958537,76.6101804796683,3.7356942093228436,0,16.012699998100288,62.136599997757
2714,90.4666666666641,ACQUIRING,0,0,1,0,-19.51336148385392,11.769012095163887,-19.85770182681039,11.061291985740219,-19.85976681751287,11.066780013747604,-19.4668358826205,11.78670763935189,0.7830239787883989,62.64191830307191,3.9821713508010452,0,14.854799999739043,61.44299999868963
2715,90.49999999999743,ACQUIRING,0,0,1,0,-19.589337090500155,11.73609186030009,-19.862861258155778,11.160470877833493,-19.857594557193305,11.15103095652732,-19.610289918986535,11.72065806385654,0.6436290310109061,51.490322480872486,2.0818808330785434,1,10.207599989371374,63.25020000804216
2716,90.53333333333076,ACQUIRING,0,0,1,0,-19.664871678320093,11.70217194415009,-19.90602185939615,11.224625954273856,-19.901720313821894,11.220858558611011,-19.71895090441018,11.686182522114242,0.5364325225395586,42.91460180316469,4.511478204965096,1,23.884099995484576,58.455999998841435
2717,90.56666666666409,ACQUIRING,0,0,1,0,-19.73995874956947,11.667272568798346,-19.960778947944927,11.275829988424647,-19.9654704658969,11.275462499071327,-19.808695338303338,11.665075222016672,0.4520737383883669,36.16589907106935,5.501736141196235,1,24.945800003479235,70.75240000267513
2718,90.59999999999742,ACQUIRING,0,0,1,0,-19.81470701204714,11.631653305396073,-20.01931118818343,11.319718865629152,-20.020204003270326,11.31889384198277,-19.87373642728728,11.651282094282072,0.3742292016349855,29.93833613079884,4.976592387069032,1,14.179599995259196,66.11880000855308
2719,90.63333333333075,ACQUIRING,0,0,1,0,-19.889102084927174,11.595302132101038,-20.0701979381556,11.359648839445391,-20.064904011939568,11.359779529337334,-19.940286056648915,11.61681562224213,0.29390000672654004,23.512000538123203,4.441714421626247,1,17.867800008389167,66.15289999172091
2720,90.66666666666409,ACQUIRING,0,0,1,0,-19.963111744545255,11.558172562322131,-20.11904609092473,11.384070360753016,-20.110405039413468,11.377857464305237,-19.992177872467217,11.576348617697585,0.2328279392297594,18.62623513838075,2.742505460501268,1,16.169099995750003,58.22700000135228
2721,90.69999999999742,ACQUIRING,0,0,1,0,-20.036536169496063,11.51989870062261,-20.159808957186833,11.394774982850365,-20.15796861892012,11.391099031953154,-20.06313218596116,11.544298750530908,0.17701749750374296,14.161399800299437,2.8874465146509656,0,15.51750001090113,71.15219999104738
2722,90.73333333333075,ACQUIRING,0,0,1,0,-20.109336593310935,11.48045084946281,-20.206907411212697,11.39954362732627,-20.21007589917409,11.405855542383895,-20.1340864994551,11.512248883364231,0.12535097759486308,10.028078207589045,3.223585893147849,0,17.818100008298643,46.832599997287616
2723,90.76666666666408,ACQUIRING,0,0,1,0,-20.181503737222414,11.439856046736221,-20.257624606366296,11.398535266107285,-20.25648351322898,11.398107833879617,-20.184250514961285,11.431939203846436,0.08581887954707224,6.865510363765779,0.6703846742319176,1,14.723300002515316,53.84379999304656
2724,90.79999999999741,ACQUIRING,0,0,1,0,-20.2531125095334,11.39828420053155,-20.302205361547315,11.371101755468997,-20.29390450242829,11.363464652340936,-20.25580221548645,11.395830595461629,0.053631964541078554,4.290557163286285,0.2912559941004165,1,17.712200002279133,59.70759999763686
2725,90.83333333333074,ACQUIRING,0,0,1,0,-20.324134923568757,11.355718353032161,-20.353904950397016,11.347434358873171,-20.351670666995307,11.342873222063487,-20.313296146952126,11.35388938767637,0.030384445949453165,2.430755675956253,0.8793604687695108,1,20.325499994214624,55.344000007607974
2726,90.86666666666407,ACQUIRING,0,0,1,0,-20.394512902556716,11.312095254307735,-20.40293303426576,11.320127962030549,-20.407776605729836,11.320008014710222,-20.37455296685983,11.311775323870933,0.015444662477755788,1.235572998220463,1.5969999644497255,1,15.994999994290993,53.11140000412706
2727,90.8999999999974,ACQUIRING,0,0,1,0,-20.464261836516258,11.267473276760137,-20.453307096311775,11.290381742557768,-20.464038292797348,11.293205734984303,-20.447693570957966,11.26259154608829,0.025733429193418873,2.0586743354735098,1.381798753422552,1,19.096799995168112,59.42439999489579
2728,90.93333333333074,ACQUIRING,0,0,1,0,-20.53352162463898,11.222095788751803,-20.510634356494172,11.255029434368753,-20.505145480575802,11.251116556493013,-20.54250616329091,11.212158639193463,0.040588305115925316,3.2470644092740253,1.0717279539370812,1,16.783900005975738,42.48119999829214
2729,90.96666666666407,ACQUIRING,0,0,1,0,-20.60229649865505,11.175986664136122,-20.58311941415171,11.215463211023204,-20.577903568546414,11.208619887618847,-20.617188361354984,11.166401370468522,0.040742389647126044,3.259391171770084,1.4168030025214837,0,16.459700011182576,52.92009998811409
2730,90.9999999999974,ACQUIRING,0,0,1,0,-20.67070286020859,11.129332571413643,-20.654225179482694,11.175282367869325,-20.65917692875678,11.174121706361353,-20.69187055941906,11.120644101743581,0.046248391379549426,3.699871310363954,1.830516421249463,0,17.85760000348091,50.88929999328684
2731,91.03333333333073,ACQUIRING,0,0,1,0,-20.73887535250868,11.082337401849683,-20.726016895652155,11.134172496851727,-20.734058972375372,11.13715059179673,-20.774104523284215,11.027902867378343,0.05502438831790528,4.4019510654324225,5.187192237281989,1,16.516400006366894,38.53599999274593
2732,91.06666666666406,ACQUIRING,0,0,1,0,-20.806665371169537,11.034792180862592,-20.80165598668594,11.071288753333048,-20.80087557026656,11.067758749851299,-20.850523715499854,10.971338738948797,0.033471128833418386,2.6776903066734707,6.17084430299988,0,21.90580000751652,72.38479999068659
2733,91.0999999999974,ACQUIRING,0,0,1,0,-20.874138680153614,10.986798564167344,-20.876969135995903,11.01230030013196,-20.86477438082098,11.007451163012929,-20.942124056586103,10.95200824256786,0.022676418171039166,1.8141134536831334,6.1096005162564895,1,23.871199999121018,75.70220000343397
2734,91.13333333333073,ACQUIRING,0,0,1,0,-20.941276140371908,10.938336247836117,-20.959208501542218,10.969894170598263,-20.958848752609548,10.974920986256087,-20.999402330402948,10.920889355328827,0.04058620191779555,3.246896153423644,4.855049676819695,1,17.196400003740564,56.11400000634603
2735,91.16666666666406,ACQUIRING,0,0,1,0,-21.00839653905092,10.8898503039975,-21.029818578894552,10.93204347469721,-21.03772251641133,10.946001228133696,-21.04125438148967,10.871498927984618,0.06334776420278741,5.067821136222993,3.0108186913683412,1,17.33529999910388,52.51029999635648
2736,91.19999999999739,ACQUIRING,0,0,1,0,-21.07540273278478,10.841206654154467,-21.086863952239085,10.889699433458336,-21.095390891381143,10.89438390411119,-21.107056478175355,10.825998957242815,0.05680973857564557,4.544779086051646,2.809394118433928,0,21.009200005210005,60.61450000561308
2737,91.23333333333072,ACQUIRING,0,0,1,0,-21.142427932996867,10.792589196330338,-21.147255735024114,10.847213204912531,-21.147389535843114,10.840570458283544,-21.140423098437587,10.801091819655545,0.048237112283241505,3.8589689826593205,0.698862916551414,1,15.107900006114505,42.97290000249632
2738,91.26666666666405,ACQUIRING,0,0,1,0,-21.209398687394025,10.74389676648517,-21.192964778707385,10.813991888789205,-21.20139271036874,10.816291261704182,-21.189122101272527,10.751809620542351,0.0728358332563367,5.826866660506936,1.7412697970347824,1,25.03150000120513,50.11739999463316
2739,91.29999999999738,ACQUIRING,0,0,1,0,-21.27620803396319,10.694983109090206,-21.238395191171136,10.774000163448182,-21.249628895694652,10.778581093918062,-21.232656235649692,10.703873598475258,0.08772156894616324,7.017725515693059,3.555997694348254,1,27.598900007433258,61.686699991696514
2740,91.33333333333071,ACQUIRING,0,0,1,0,-21.342720565741853,10.645666602876332,-21.28011597761879,10.731592178726725,-21.285484070040795,10.732881616354163,-21.288055359416237,10.644129607947553,0.10431910187533015,8.345528150026412,4.374944762007052,1,16.1322000058135,57.23189999116585
2741,91.36666666666405,ACQUIRING,0,0,1,0,-21.408938318201663,10.595954995299003,-21.32585252310133,10.681373255453133,-21.3244610735457,10.675606408731696,-21.367173129611903,10.611122237344489,0.11610664290422584,9.288531432338068,3.5547162670049404,1,21.144500002264977,94.77339999284595
2742,91.39999999999738,ACQUIRING,0,0,1,0,-21.4750298299158,10.546075673450257,-21.385617749836513,10.640101774022352,-21.37972902672221,10.634086349345559,-21.42906851892917,10.567929334631645,0.1297232521982525,10.377860175860201,4.0713827545073595,1,14.802199992118403,70.82350000564475
2743,91.43333333333071,ACQUIRING,0,0,1,0,-21.540859753714177,10.495851617446675,-21.444627140796545,10.597751998969875,-21.451646839499137,10.602429315694105,-21.501997017722136,10.513941789059487,0.13898830823655675,11.11906465892454,3.4293477469797975,1,25.439399993047118,45.55460000119638
2744,91.46666666666404,ACQUIRING,0,0,1,0,-21.60636445639756,10.445204123973527,-21.51004909059817,10.55000268294936,-21.51277281678526,10.556158496893408,-21.5663006779434,10.467227848763326,0.14515601219158145,11.612480975326516,3.657453363325632,0,21.594999998342246,41.50390000722837
2745,91.49999999999737,ACQUIRING,0,0,1,0,-21.67166594110173,10.394294883513842,-21.574564039814263,10.503013600842781,-21.567716466054566,10.499515919387289,-21.65248728238016,10.417740897040837,0.1479086196029894,11.832689568239152,2.4232691976470315,1,21.70040000055451,56.84020000626333
2746,91.5333333333307,ACQUIRING,0,0,1,0,-21.736703092592016,10.343048385147801,-21.64955044949627,10.454664814688346,-21.646358299219877,10.447954919222003,-21.74359169089631,10.35426537237397,0.13844696667286063,11.07575733382885,1.0530674098991033,1,19.258100001025014,37.93310000037309
2747,91.56666666666403,ACQUIRING,0,0,1,0,-21.801510221363916,10.291511304040181,-21.732471072385888,10.398951079024554,-21.74082423907023,10.403316761645602,-21.81330349902999,10.3039440758543,0.12721339865480863,10.17707189238469,1.370909684765038,1,22.86939999612514,49.523199995746836
2748,91.59999999999737,ACQUIRING,0,0,1,0,-21.866020950593725,10.239603689155762,-21.810226405199764,10.345450032873515,-21.81690930445829,10.351256840259227,-21.87294745174676,10.248254234432096,0.12197696478214812,9.75815718257185,0.8865514376085394,1,19.65149999887217,50.37119999178685
2749,91.6333333333307,ACQUIRING,0,0,1,0,-21.930346194055854,10.187466392310906,-21.880784052463383,10.289915828865528,-21.878622983027096,10.287534130236505,-21.936978785516608,10.205645478847606,0.11264476344984613,9.01158107598769,1.5480991323174638,1,26.03199999430217,54.028200000175275
2750,91.66666666666403,ACQUIRING,0,0,1,0,-21.994436005780685,10.135039960982553,-21.949185063837852,10.240050494610138,-21.94271338034806,10.237915125538581,-22.00680710224157,10.16526525426134,0.11514568799600579,9.211655039680464,2.6127225725615886,1,23.821899987524375,45.04260000248905
2751,91.69999999999736,ACQUIRING,0,0,1,0,-22.058404805699112,10.082465943580921,-22.0187022196422,10.194217233247702,-22.02537268705429,10.195931350401228,-22.075518761501122,10.118251343782598,0.11817579873672686,9.454063898938148,3.1733715579866972,0,18.905900011304766,50.70149998937268
2752,91.73333333333069,ACQUIRING,0,0,1,0,-22.122295593364644,10.02979714902258,-22.08800505067313,10.147611705821351,-22.097487718347487,10.155848062939128,-22.14864367203316,10.076350587520718,0.1284689206075309,10.277513648602472,4.27939725514499,1,23.353000011411496,51.71459999110084
2753,91.76666666666402,ACQUIRING,0,0,1,0,-22.186122933817675,9.97705148304476,-22.159357018762343,10.103373958470202,-22.162177388508777,10.101781745549225,-22.229519826962715,10.02952417919786,0.12700798212936623,10.160638570349299,5.447450296036981,1,25.395099990419112,48.734299998614006
2754,91.79999999999735,ACQUIRING,0,0,1,0,-22.25007703564716,9.924459587015669,-22.235479351681963,10.058002868811752,-22.230152065617744,10.051598964580345,-22.299689539446977,9.962709247166426,0.128691203111193,10.29529624889544,5.011626185539618,1,23.99219998915214,55.80950000148732
2755,91.83333333333069,ACQUIRING,0,0,1,0,-22.314191855092734,9.87206374179668,-22.309186438047668,10.002461210261337,-22.310897354205267,9.995890015359961,-22.348639681318172,9.88992651244105,0.12387009227681299,9.90960738214504,3.104300301711948,1,18.630999999004416,58.2429000060074
2756,91.86666666666402,ACQUIRING,0,0,1,0,-22.378321950462357,9.81968659471292,-22.37142625114734,9.938294463864763,-22.37950491677469,9.943073402555864,-22.387713951309557,9.811466234866563,0.12339247853482736,9.871398282786188,0.9985076734163503,1,24.508699993020855,59.21560000570025
2757,91.89999999999735,ACQUIRING,0,0,1,0,-22.4423433181961,9.767176603832597,-22.42235477462999,9.86586205033453,-22.424814339861637,9.869702046623928,-22.440648566927614,9.737677160634002,0.10401313138738084,8.321050510990467,2.3638468050385417,1,21.779999995487742,71.87090000661556
2758,91.93333333333068,ACQUIRING,0,0,1,0,-22.506316605162088,9.714608046466825,-22.473414545376357,9.79081396030199,-22.46428012683297,9.78747446886477,-22.486898380968423,9.685536326597445,0.08412241688985202,6.729793351188161,2.796835156528613,1,27.278599998680875,61.29529999452643
2759,91.96666666666401,ACQUIRING,0,0,1,0,-22.5701792841924,9.66190517277077,-22.520369080032662,9.724832838027245,-22.515609261144665,9.716882896243364,-22.54052712335662,9.623223955593177,0.07746249088209958,6.196999270567967,3.8991176064918367,0,17.390799999702722,58.530900001642294
2760,91.99999999999734,ACQUIRING,0,0,1,0,-22.633913922227375,9.609047528259294,-22.569021389779113,9.658444799682174,-22.575255579063704,9.66343491750781,-22.594155865744813,9.56091158458891,0.07999243296697899,6.399394637358319,4.994571214947058,0,14.23610000347253,52.840100004686974
2761,92.03333333333067,ACQUIRING,0,0,1,0,-22.697375501891344,9.555862355745663,-22.618432179809105,9.592702199911256,-22.621560756822188,9.596049396443911,-22.659858216081243,9.495022419810311,0.08580718973363327,6.864575178690662,5.7182064540130675,1,23.523299998487346,51.94170000322629
2762,92.066666666664,ACQUIRING,0,0,1,0,-22.760437205168756,9.502203654228552,-22.673917336727932,9.525849085326723,-22.667683161717665,9.523722237793612,-22.719433835184304,9.439328944772175,0.09521744596014602,7.6173956768116815,6.005067427727715,1,23.109300003852695,43.46190000069328
2763,92.09999999999734,ACQUIRING,0,0,1,0,-22.823164654060314,9.448154585556575,-22.730251279155578,9.463133927369661,-22.723844554740268,9.45664887674995,-22.78511583388083,9.423848759083944,0.09968267207404541,7.974613765923633,3.6119675901698085,1,25.24059999268502,65.39750000229105
2764,92.13333333333067,ACQUIRING,0,0,1,0,-22.885399935508683,9.39353952891655,-22.790630065513948,9.421872748611449,-22.793587400017383,9.418693463586719,-22.854194239456316,9.387339962525209,0.09519591431743463,7.61567314539477,2.5452450909768585,1,29.494400005205534,48.008600002503954
2765,92.166666666664,ACQUIRING,0,0,1,0,-22.947010859857965,9.338221099170417,-22.855139080763795,9.382853633762169,-22.858431841070537,9.384281323704872,-22.916216002926486,9.341360512462378,0.09983880434734763,7.9871043477878105,2.4763574917986264,0,17.62579999922309,52.40490000869613
2766,92.19999999999733,ACQUIRING,0,0,1,0,-23.007943444929193,9.282156362077583,-22.918708142123947,9.342065775439258,-22.916134503416743,9.34474788911447,-23.01379630965078,9.275141111772651,0.11111516997442822,8.889213597954257,0.7308943006045129,1,38.87260000919923,72.2617999999784
2767,92.23333333333066,ACQUIRING,0,0,1,0,-23.068269763603226,9.225439786511085,-22.999086112076526,9.290806297678602,-22.989342405233444,9.280346370840682,-23.085080689202425,9.223889373392913,0.0961470795291004,7.691766362328031,1.3505815051925865,0,14.327299999422394,71.46900000225287
2768,92.266666666664,ACQUIRING,0,0,1,0,-23.12794430010501,9.168037832171114,-23.075841016605764,9.240782897833105,-23.07340509830018,9.232552026569426,-23.183287208928018,9.128521977676783,0.08447843400756788,6.758274720605431,5.44020018067504,1,23.96730000327807,74.14029999927152
2769,92.29999999999733,ACQUIRING,0,0,1,0,-23.186783851256738,9.109780284256582,-23.164228880491848,9.170269011264187,-23.171278285568604,9.170452235557805,-23.240478498248425,9.054920821867155,0.06262194696755358,5.009755757404286,6.1411012584877955,1,18.210499998531304,50.18720000225585
2770,92.33333333333066,ACQUIRING,0,0,1,0,-23.24480458069259,9.050707197114614,-23.239714807242017,9.098369057490823,-23.23682457870889,9.10577463323695,-23.299018319796023,8.986473599576339,0.05564263610530499,4.451410888424399,6.724324589564185,1,19.664000006741844,55.35310000414029
2771,92.36666666666399,ACQUIRING,0,0,1,0,-23.302040496877765,8.990873389219791,-23.309380878268325,9.026335343474926,-23.29729088382629,9.019603828142115,-23.34812968170544,8.952541770759115,0.029120387099215075,2.329630967937206,4.795682012407036,1,21.15629999025259,43.93220000201836
2772,92.39999999999732,ACQUIRING,0,0,1,0,-23.35848357824467,8.930291104395266,-23.369947535206,8.971209580158133,-23.364186248949565,8.963172424873127,-23.41151663847941,8.895658679766761,0.033372169386125694,2.6697735508900555,5.067171400936373,0,23.145899991504848,56.403900001896545
2773,92.43333333333065,ACQUIRING,0,0,1,0,-23.41431778420913,8.869147207618322,-23.43217608651031,8.913755995529263,-23.439037224779522,8.914974630364547,-23.474903595253377,8.838775588774407,0.05206921756349352,4.165537405079482,5.421778737552132,0,23.084399988874793,60.23760000243783
2774,92.46666666666398,ACQUIRING,0,0,1,0,-23.469534235836626,8.807444872667213,-23.49453834817942,8.856472228457218,-23.493704407909544,8.862753428802673,-23.538290552027345,8.781892497782053,0.06035920476467302,4.828736381173842,5.868072189543598,0,34.67000000819098,60.17440000141505
2775,92.49999999999731,ACQUIRING,0,0,1,0,-23.524041259367095,8.745114951645284,-23.557089013627685,8.799205316670239,-23.54850284719685,8.800282836830155,-23.601677508801313,8.725009406789699,0.06034786520601912,4.82782921648153,6.415790600149963,0,18.087000004015863,68.92859999788925
2776,92.53333333333065,TRACKING,1,0,1,0,-23.57775641867895,8.682101331460016,-23.619794412160815,8.74196031230151,-23.611599988506146,8.739910931151663,-23.61200531991702,8.704950064414668,0.06698758866504168,5.359007093203334,3.293680575791855,1,26.581400001305155,70.31100000313018
2777,92.56666666666398,TRACKING,1,0,1,0,-23.630680750522806,8.61842205879118,-23.66149139743353,8.69940454932454,-23.664541606439943,8.702180713018317,-23.666831827816836,8.624257649909799,0.09034417369914918,7.227533895931934,2.9295236617280396,1,28.908400010550395,54.37449998862576
2778,92.59999999999731,TRACKING,1,0,1,0,-23.682671476936807,8.553978292330061,-23.708872276827336,8.640396125329653,-23.710964324625508,8.646638844451916,-23.720822308385834,8.56775797068939,0.09688376102248965,7.750700881799172,3.2450483888544985,0,24.934400003985502,74.48690000455827
2779,92.63333333333064,TRACKING,1,0,1,0,-23.73349668741365,8.488611384427546,-23.757035399250835,8.583797740748608,-23.756740100950868,8.58247766985403,-23.774812788954833,8.511258291468982,0.09670127099799901,7.736101679839921,3.769267425995578,0,22.359599999617785,60.311000008368865
2780,92.66666666666397,TRACKING,1,0,1,0,-23.78310464038043,8.422315942116654,-23.806140512208046,8.527055005396265,-23.79850304064258,8.52219704554267,-23.82880326952383,8.454758612248574,0.10106109811511005,8.084887849208803,4.483492603495434,0,18.624799995450303,53.52490000950638
2781,92.6999999999973,TRACKING,1,0,1,0,-23.831598259826784,8.355201088755098,-23.8560253439946,8.470319832274951,-23.855358964735366,8.46681047071062,-23.88279375009283,8.398258933028165,0.11411058337527734,9.128846670022186,5.351609060175904,0,16.397900006268173,49.91439999139402
2782,92.73333333333063,TRACKING,1,0,1,0,-23.87915922839975,8.287422117553461,-23.90657033597348,8.413583496192654,-23.91368096155002,8.417737495222742,-23.93678423066183,8.341759253807757,0.13481041397750274,10.784833118200218,6.336265278296296,0,20.637000008719042,56.36059999233112
2783,92.76666666666397,TRACKING,1,0,1,0,-23.925907688193924,8.219080211115147,-23.957673353538148,8.356846758711841,-23.961256871278657,8.35308088016943,-23.94948935605965,8.254105828612456,0.13858479011692929,11.086783209354344,3.3779415652942695,1,20.50890000828076,57.766800004174
2784,92.7999999999973,TRACKING,1,0,1,0,-23.971818158590253,8.150172567295765,-23.99361383587398,8.288312231466954,-23.986869962679137,8.276107848277722,-23.967257058985197,8.198490712928297,0.12683158834586267,10.146527067669014,3.882635663133011,1,31.503100006375462,63.72989999363199
2785,92.83333333333063,TRACKING,1,0,1,0,-24.016452337319585,8.080431440563336,-24.02168896150637,8.225240169984263,-24.01932187955229,8.22040128562237,-24.008748195603886,8.138128097134828,0.13999925642115046,11.199940513692038,4.656699589437512,0,17.107000006944872,79.14419998996891
2786,92.86666666666396,TRACKING,1,0,1,0,-24.05950809987858,8.009704953451262,-24.05357233917525,8.162060788893506,-24.056120361601412,8.167386111445154,-24.054193747466872,8.045671418442529,0.1577175461289241,12.61740369031393,2.9085572456722892,1,33.380399996531196,65.14240000979044
2787,92.89999999999729,TRACKING,1,0,1,0,-24.101120725757124,7.938119870953276,-24.088691607580646,8.084482579866414,-24.08889747296221,8.09465795946093,-24.08557811674156,7.960409990301759,0.1570145886932755,12.561167095462041,2.1739138758732324,1,20.213099996908568,60.86179999692831
2788,92.93333333333062,TRACKING,1,0,1,0,-24.141400101123242,7.865776200954678,-24.11943566120697,8.002192916223258,-24.115040362302565,8.001762902668867,-24.125150980136613,7.887750401293025,0.13851793701105317,11.081434960884254,2.186356843112906,0,22.57659999304451,48.33340000186581
2789,92.96666666666395,TRACKING,1,0,1,0,-24.180402861013036,7.792736352996662,-24.15228254375024,7.922310350531617,-24.145415536158218,7.9177578036202485,-24.164723843531668,7.815090812284291,0.1298247896841065,10.38598317472852,2.184385957432708,0,24.096699999063276,56.72239999694284
2790,92.99999999999729,TRACKING,1,0,1,0,-24.218208316893993,7.719069656488783,-24.1861521934895,7.843451692979413,-24.18848352038242,7.852145062327014,-24.204296706926723,7.742431223275557,0.13635478417226288,10.908382733781028,2.17519940362531,0,14.517299990984611,58.06260000099428
2791,93.03333333333062,TRACKING,1,0,1,0,-24.254875392359807,7.6448297733696995,-24.22093132076351,7.765518895627648,-24.222491306211918,7.775986609709413,-24.217876730135075,7.652803036757977,0.13509568740073227,10.80765499205858,3.0278429924722974,1,39.53930000716355,58.518899997579865
2792,93.06666666666395,TRACKING,1,0,1,0,-24.290496292882708,7.5700822910396,-24.245610237275972,7.681271673647439,-24.248658359336215,7.679533605927829,-24.252229379660395,7.576735597455494,0.11717509553741805,9.374007642993444,3.1072798484361837,0,22.28309999918565,51.136900001438335
2793,93.09999999999728,TRACKING,1,0,1,0,-24.324873037616037,7.494754513359049,-24.27344876177916,7.5993234317744776,-24.269956054801362,7.5950932332335075,-24.274727511054145,7.480846935866992,0.1143841497215078,9.150731977720623,4.16307159361312,1,25.633600002038293,82.04239999759011
2794,93.13333333333061,TRACKING,1,0,1,0,-24.357808209673244,7.4187853807438024,-24.29711551345737,7.509646834789317,-24.301405551044695,7.512675670941915,-24.325723596257227,7.401276247767953,0.10952920384013792,8.762336307211033,2.924098116680804,1,17.79270000406541,49.3447000044398
2795,93.16666666666394,TRACKING,1,0,1,0,-24.38901165050906,7.342088705791386,-24.331553703591982,7.422970508831461,-24.337025670290902,7.432309580674043,-24.38109198393505,7.322452068171556,0.1041265979653372,8.330127837226977,1.6938829346205224,1,19.991000008303672,57.625400004326366
2796,93.19999999999727,TRACKING,1,0,1,0,-24.418308894372508,7.264643846886765,-24.374232868472873,7.337780562922946,-24.377670945683214,7.3375597385175055,-24.422525135889327,7.2426715704626545,0.08347556604168478,6.678045283334782,1.789851611790253,0,25.523700009216554,56.26979999942705
2797,93.2333333333306,TRACKING,1,0,1,0,-24.445876908393277,7.186566710209619,-24.415622383046625,7.25331721847713,-24.409638368576836,7.2540146868559425,-24.463958287843603,7.162891072753753,0.0765667115769692,6.125336926157536,2.383237585159495,0,21.729600004618987,53.53859999740962
2798,93.26666666666394,TRACKING,1,0,1,0,-24.471632258279307,7.10787302163805,-24.45711050631293,7.169547781666707,-24.45448032249826,7.171850279149834,-24.460497710708683,7.07556846054492,0.06623653357299338,5.29892268583947,2.7335694666392576,1,20.010699998238124,42.75439999764785
2799,93.29999999999727,TRACKING,1,0,1,0,-24.495496335945184,7.028585314735228,-24.47850025649937,7.082981800928917,-24.48600309665498,7.089324850630014,-24.481222982767658,6.989328960048655,0.06147692911113163,4.91815432889053,3.3416546743991273,1,22.950500002480112,59.55240000912454
2800,93.3333333333306,TRACKING,1,0,1,0,-24.517666356418754,6.948807342456205,-24.499526040181983,6.995486428964854,-24.502617324312627,6.997205517392042,-24.522827830033,6.912175855212825,0.05068388998933615,4.054711199146892,2.959466619546087,1,25.68660001270473,46.233499990194105
2801,93.36666666666393,TRACKING,1,0,1,0,-24.538206443960984,6.868594254543393,-24.528421310199835,6.911591057906793,-24.522866422501245,6.905116810331221,-24.55149289072562,6.832245623296088,0.03961329751056148,3.1690638008449183,3.096064765402236,1,37.87530001136474,69.2127999936929
2802,93.39999999999726,TRACKING,1,0,1,0,-24.557284068499914,6.788020816546107,-24.55533828576869,6.828351004668838,-24.552444722591876,6.824685633778029,-24.578294236451256,6.75016490095568,0.036982808052768344,2.9586246442214676,3.4636373967567806,1,31.87150000303518,75.0149999948917
2803,93.4333333333306,TRACKING,1,0,1,0,-24.57506781227263,6.70715195278398,-24.58103983279097,6.744774166234397,-24.5857342330084,6.746400688068487,-24.60813685717969,6.668951211676402,0.04067229711665864,3.2537837693326908,4.0420654935682006,0,23.060500010615215,71.28959998954087
2804,93.46666666666393,TRACKING,1,0,1,0,-24.591688752730334,6.626036115815776,-24.60765944784418,6.661609253041721,-24.612902407617455,6.662465452265213,-24.637979477908125,6.5877375223971235,0.04215585022053437,3.37246801764275,4.8064047239210925,0,29.899699991801754,72.65309999638703
2805,93.49999999999726,TRACKING,1,0,1,0,-24.60732522284272,6.544724766846672,-24.634787171569528,6.578707907722165,-24.626795082903122,6.5779557747577995,-24.66782209863656,6.506523833117845,0.03851461200065509,3.0811689600524073,5.723877465393825,0,23.386100001516752,62.18399999488611
2806,93.53333333333059,TRACKING,0,1,1,0,-24.621984920186318,6.463231650925478,-24.662360325432378,6.4960345577519965,-24.65882660069249,6.487875578765724,-24.662972915875546,6.366140513000093,0.04432417626887206,3.545934101509765,8.431068204403594,1,25.153700000373647,68.13729999703355
2807,93.56666666666392,TRACKING,1,0,1,0,-24.635540697532488,6.381547652680461,-24.67571359054285,6.388660049196083,-24.677270579229653,6.389571591562294,-24.67635890621434,6.294154466216079,0.04249431281523208,3.3995450252185666,7.716453154300776,1,30.991100007668138,54.7011000016937
2808,93.59999999999725,TRACKING,1,0,1,0,-24.648036111923666,6.299694740160846,-24.688632730543013,6.296454574973688,-24.692829347185878,6.304031827168996,-24.680598922943936,6.212527691701811,0.04500271379563808,3.6002171036510466,7.4440552383126555,1,32.98049999284558,70.98050000786316
2809,93.63333333333058,TRACKING,1,0,1,0,-24.65930257295359,6.217663639201441,-24.69554163231447,6.206466411616583,-24.691909588349816,6.204515722187775,-24.68679137516143,6.150000233298419,0.03515800299857816,2.8126402398862527,5.842723061159165,1,20.348699996247888,48.96379999991041
2810,93.66666666666391,TRACKING,1,0,1,0,-24.66954168194669,6.135497981437517,-24.699864221223397,6.128552717033555,-24.693087341079814,6.122832325205294,-24.689425793388104,6.0763957500766885,0.02673606013993281,2.138884811194625,4.988596044351368,2,26.148499993723817,56.781599996611476
2811,93.69999999999725,TRACKING,1,0,1,0,-24.678929166025114,6.0532306743743325,-24.700662567781237,6.052053319962459,-24.70340252094993,6.0530699092498255,-24.69997374411645,5.998118723353789,0.02447388295104065,1.957910636083252,4.719458553577043,0,28.332900008535944,66.1575999984052
2812,93.73333333333058,TRACKING,1,0,1,0,-24.68731141345418,5.970854873335503,-24.703657354430316,5.974923345567291,-24.71160704122622,5.978455895506475,-24.710521694844793,5.91984169663089,0.02545688643336367,2.0365509146690934,4.483613799409628,0,15.118199997232296,39.03700000955723
2813,93.76666666666391,TRACKING,1,0,1,0,-24.694483612099006,5.888364908883152,-24.707804993277165,5.897603123734296,-24.70624858126802,5.900120199085047,-24.724797906760756,5.84940033193901,0.016631336304658254,1.3305069043726603,3.9494361864147653,1,21.481000003404915,47.507000010227785
2814,93.79999999999724,TRACKING,1,0,1,0,-24.70008922264396,5.805753700205581,-24.714640728488714,5.823615112396182,-24.705568698937068,5.816452891260579,-24.736207647385296,5.772934523376139,0.012020705040806939,0.9616564032645551,3.904163089673529,0,17.59640000818763,56.72799999592826
2815,93.83333333333057,TRACKING,1,0,1,0,-24.703933725234204,5.723041823981036,-24.72197305117456,5.74871814625286,-24.717299634985224,5.750555796860322,-24.75818214722142,5.708808850777586,0.03058866206741493,2.4470929653931943,4.486758341119261,1,16.3200999959372,41.364200005773455
2816,93.8666666666639,TRACKING,1,0,1,0,-24.70602841424146,5.64026714822381,-24.734638779109847,5.679024386526878,-24.737415091591636,5.685625090215881,-24.77196140548568,5.635110750333604,0.055158557059083894,4.412684564726711,5.29074529259545,0,13.48110000253655,46.341699999175034
2817,93.89999999999723,TRACKING,1,0,1,0,-24.706540593352656,5.557467556791793,-24.74683439788466,5.60790005850354,-24.74557593014843,5.612468563216234,-24.747144235585537,5.547442650022979,0.0674452980307813,5.395623842462503,3.3458315733334523,1,21.314500001608394,48.84249999304302
2818,93.93333333333057,TRACKING,1,0,1,0,-24.70559997510433,5.474671724130591,-24.742074354411557,5.53014349413116,-24.738896328114226,5.524561622628077,-24.752042773532516,5.47053016763879,0.05998040593267983,4.798432474614386,3.7301676239146397,0,15.24280000012368,35.41659998882096
2819,93.9666666666639,TRACKING,1,0,1,0,-24.703159844786462,5.3919065114335725,-24.741263181023843,5.453363884289201,-24.742525618669404,5.4442042691399735,-24.756941311479494,5.393617685254601,0.06545776970322414,5.236621576257932,4.3046945725796215,0,16.255100010312162,50.297699999646284
2820,93.99999999999723,TRACKING,1,0,1,0,-24.699544008769152,5.3091843233662415,-24.741214892760116,5.376480088964219,-24.742216427459475,5.378962698283564,-24.761839849426472,5.316705202870413,0.0817921568549493,6.5433725483959435,5.019855227693177,0,17.378200005623512,47.61039999721106
2821,94.03333333333056,TRACKING,1,0,1,0,-24.694533721870258,5.226534872709013,-24.741964389584567,5.2995635134668015,-24.74612421610805,5.302225443337409,-24.70600908212425,5.218418550773126,0.09160044529232415,7.328035623385932,1.1244442530626095,1,15.881899991654791,43.88690000632778
2822,94.06666666666389,TRACKING,1,0,1,0,-24.687868588757492,5.1440023901985485,-24.718548329210435,5.21387660384312,-24.712299128199952,5.212026611013983,-24.704729171392177,5.132231936751439,0.072278253126349,5.78226025010792,1.6450124787497151,1,15.96360000257846,46.99250000703614
2823,94.09999999999722,TRACKING,1,0,1,0,-24.67968171885048,5.061606942327464,-24.703925795463185,5.127989515806023,-24.698416263681594,5.123890197858758,-24.706584058876608,5.051542087463682,0.06503988845013124,5.2031910760105,2.2978768667592275,1,24.42940000037197,53.473200008738786
2824,94.13333333333055,TRACKING,1,0,1,0,-24.670153440793428,4.979355823271135,-24.693635770839858,5.04357204358228,-24.701268042537844,5.042379254478416,-24.703768209215507,4.974636146163119,0.07028564094359893,5.622851275487915,2.7155587365537612,1,23.109500005375594,43.9629999891622
2825,94.16666666666389,TRACKING,1,0,1,0,-24.659076026028472,4.897298979858315,-24.684391952421368,4.961834807202773,-24.69543303518315,4.968071182109754,-24.700316364065692,4.89422403441614,0.07956467008787231,6.365173607029785,3.3083852456655687,0,16.551299995626323,51.15519999526441
2826,94.19999999999722,TRACKING,1,0,1,0,-24.64663191135448,4.815438252529934,-24.67603819969167,4.879971543073717,-24.677388429555858,4.875194383263548,-24.696864518915877,4.81381192266916,0.06720683426649741,5.3765467413197925,4.020714214153267,0,24.654099994222634,61.90509999578353
2827,94.23333333333055,TRACKING,1,0,1,0,-24.632879713725973,4.733787093755931,-24.668468498451528,4.798319683717816,-24.667427818497075,4.7808798566582915,-24.693412673766062,4.73339981092218,0.058406334083324254,4.67250672666594,4.84273591381287,0,19.613999989815056,40.82600001129322
2828,94.26666666666388,TRACKING,1,0,1,0,-24.617670712630122,4.652394704956872,-24.66155976186047,4.716827812128746,-24.661726818878506,4.709374428870649,-24.638898916076908,4.653245737910753,0.07202520000013281,5.762016000010625,1.6996204351168864,1,16.397300001699477,51.841399996192195
2829,94.29999999999721,TRACKING,1,0,1,0,-24.600992377072288,4.571290649621942,-24.633676353513806,4.635581253079782,-24.63824709529626,4.640965096933953,-24.61694852149514,4.571400216917212,0.07900913009381764,6.320730407505411,1.2765216484433661,2,22.044500001356937,49.54439999710303
2830,94.33333333333054,TRACKING,1,0,1,0,-24.58331659799923,4.490398119046423,-24.60767521765725,4.553775104261238,-24.61039208971295,4.55770812414016,-24.60195456207149,4.478923763975487,0.07255149231586237,5.80411938526899,1.7509485960296507,2,19.498299996485002,44.05689999111928
2831,94.36666666666387,TRACKING,1,0,1,0,-24.564527426721295,4.409756927888061,-24.583928010348338,4.466690739042178,-24.579337334765437,4.463103989933523,-24.585432530693364,4.3896346113436175,0.055364631355751835,4.429170508460147,2.321283776117434,2,19.688300002599135,49.20080000010785
2832,94.3999999999972,TRACKING,1,0,1,0,-24.54470293475541,4.3293639917117686,-24.560915333476327,4.37806596875143,-24.558445951810114,4.377485745908744,-24.554076980174607,4.294030588008569,0.05004571654757265,4.003657323805812,2.924459219506457,2,19.58169999124948,42.63130000617821
2833,94.43333333333054,TRACKING,1,0,1,0,-24.523695248549874,4.2492720958106185,-24.531256774411094,4.285003026453884,-24.54358850173779,4.290514376464664,-24.54167760842028,4.207638817810163,0.045789379073597355,3.663150325887788,3.6280640378665736,2,24.998200009576976,44.61889999220148
2834,94.46666666666387,TRACKING,1,0,1,0,-24.50145359339022,4.169514065214885,-24.50804170657479,4.1942120760116754,-24.514297289554058,4.196689266002447,-24.53757309511352,4.125552389890196,0.030057479418495184,2.404598353479615,4.551745020691962,2,23.201499992865138,41.995300009148195
2835,94.4999999999972,TRACKING,1,0,1,0,-24.47779508929272,4.090164775031422,-24.492137162924372,4.1065506925055635,-24.488900953174443,4.104470296599418,-24.523617100747128,4.039504012953634,0.018110443393020117,1.4488354714416094,5.464749317891278,1,20.04260000830982,48.60379999445286
2836,94.53333333333053,TRACKING,1,0,1,0,-24.45271319596491,4.01125385502764,-24.47571676608003,4.018766319474769,-24.473683187254498,4.013283252924268,-24.509661106380737,3.9534556360170723,0.021067961232833343,1.6854368986266675,6.491199517634889,1,20.55439999094233,55.90289999963716
2837,94.56666666666386,TRACKING,1,0,1,0,-24.42614368410207,3.9328313091105294,-24.459751753608543,3.931241144889549,-24.467060070723917,3.9330407824034785,-24.454552639962856,3.9330010079754905,0.04091692282233649,3.2733538257869195,2.2727570158623087,2,21.881299995584413,45.15750000427943
2838,94.5999999999972,TRACKING,1,0,1,0,-24.397986998777295,3.8549645271025854,-24.425740471418163,3.8732072377126654,-24.434598727309417,3.880125488745704,-24.42580101432057,3.854793301829934,0.04442400991486816,3.553920793189453,2.225163406113638,2,15.633999995770864,50.87239999556914
2839,94.63333333333053,TRACKING,1,0,1,0,-24.368337756859383,3.777653744397687,-24.393559451218955,3.8057351142490656,-24.39283326499612,3.8113750929169967,-24.39802337830911,3.7827604359614284,0.04167924261353304,3.3343394090826437,2.4097328244714604,2,17.720700008794665,43.162999994819984
2840,94.66666666666386,TRACKING,1,0,1,0,-24.337223050774757,3.7009210282068836,-24.361271457165774,3.7384438729313123,-24.351682026404113,3.734877985440101,-24.352702363880027,3.7100152555614527,0.036907139157470306,2.9525711325976243,1.436248681280722,2,14.757199998712167,41.48179999901913
2841,94.69999999999719,TRACKING,1,0,1,0,-24.304536344537542,3.624844659312772,-24.32047469825542,3.6701250138571533,-24.318966538359504,3.67085629638862,-24.321780201891283,3.6374234895292767,0.048221377418515836,3.857710193481267,1.707541083175328,0,16.326900004060008,43.469500000355765
2842,94.73333333333052,TRACKING,1,0,1,0,-24.27011892400036,3.5495354578011518,-24.28246981164334,3.6011348877160194,-24.29187015422349,3.6014537490033423,-24.290858039902538,3.5648317234971008,0.05629054074686933,4.503243259749547,2.0615903339238146,1,19.14069999475032,36.70070000225678
2843,94.76666666666385,TRACKING,1,0,1,0,-24.234120309870043,3.4749691487236105,-24.24551044564705,3.5315578831884946,-24.253532750441526,3.5283042335381887,-24.213820168764467,3.4808923093570807,0.05675803133583459,4.540642506866767,1.691729644209017,2,31.55440000409726,62.25289999565575
2844,94.79999999999718,TRACKING,1,0,1,0,-24.196417001837677,3.4012501197543727,-24.18885612855242,3.4564028980558983,-24.186629701653544,3.4462082205156337,-24.189149719220758,3.399637062294284,0.04601110810395702,3.6808886483165617,0.5955319021041613,1,24.123600000166334,55.15420000301674
2845,94.83333333333051,TRACKING,1,0,1,0,-24.157167121182358,3.3283427707606394,-24.145157237556628,3.37917346801885,-24.149302376483057,3.3726427494291706,-24.15160952395473,3.3229879312280994,0.04499269184231481,3.5994153473851846,0.617407189404463,1,22.68490000278689,58.20510000921786
2846,94.86666666666385,TRACKING,1,0,1,0,-24.116531426504984,3.2561986442717963,-24.101197121861627,3.3023435683348934,-24.1126337079055,3.3007505109039323,-24.095744818905953,3.21120266176649,0.04472204188863046,3.5777633510904367,3.9652260441746825,2,23.826000004191883,46.74689999956172
2847,94.89999999999718,TRACKING,1,0,1,0,-24.074347637566696,3.1849486434327723,-24.04986876168645,3.2092741526785424,-24.05801657060013,3.2121317960828333,-24.051341647279962,3.130842251087341,0.03171163093035335,2.5369304744282677,4.703549149626335,2,21.156200004043058,43.69189999124501
2848,94.93333333333051,TRACKING,1,0,1,0,-24.030596644471977,3.114650099550436,-24.00002990023212,3.121903255113468,-23.99503562974206,3.1206565160343382,-24.01598997458905,3.0725172068972895,0.03606470307100207,2.8851762456801655,3.567439820052799,2,18.12739999149926,43.957800007774495
2849,94.96666666666384,TRACKING,1,0,1,0,-23.98540069439164,3.04527171123616,-23.954954988326897,3.047088625614248,-23.951752118041334,3.042344340946101,-23.97532727121409,2.9954484640089696,0.03377567448945267,2.702053959156214,4.06651089266516,1,18.379300003289245,51.89129999780562
2850,94.99999999999717,TRACKING,1,0,1,0,-23.938827764398887,2.9768100660569714,-23.910123013433328,2.9703046232333024,-23.910828961072166,2.9788929501851222,-23.934664567839132,2.9183797211206497,0.028076171284911685,2.2460937027929346,4.68627778261439,0,13.514799997210503,61.33130000671372
2851,95.0333333333305,TRACKING,1,0,1,0,-23.890742178736524,2.909402268879949,-23.865987404472506,2.893542785577374,-23.870416268586983,2.9026875146793985,-23.886012050689732,2.8894741828712833,0.021406320267178897,1.712505621374312,1.638541250371818,1,19.707500003278255,47.53680000430904
2852,95.06666666666383,TRACKING,1,0,1,0,-23.841206639639434,2.8430527019249823,-23.81884514617709,2.8381970694551213,-23.815613434710706,2.8364640814235207,-23.843518700193517,2.823440719954686,0.02642767599763912,2.1142140798111293,1.5798237082590754,0,26.93649999855552,68.81489999068435
2853,95.09999999999717,TRACKING,1,0,1,0,-23.790237411271043,2.7777980283124215,-23.772949704177606,2.7781346619184877,-23.767048230906354,2.776392506529237,-23.77532671066391,2.7746306827661376,0.023231736428194025,1.858538914255522,1.2194715456264467,2,25.424800012842752,45.408199992380105
2854,95.1333333333305,TRACKING,1,0,1,0,-23.737610364729456,2.7138728482887364,-23.716218651874488,2.724912197588302,-23.717375315458366,2.7283232030290763,-23.73362079485671,2.713154716709204,0.02486503511208253,1.9892028089666025,0.32429498408753815,1,21.89659999567084,43.98020000371616
2855,95.16666666666383,TRACKING,1,0,1,0,-23.683370677269366,2.6513101519515208,-23.665452517746928,2.6694985299001175,-23.67507187405444,2.673883351334924,-23.686938854220244,2.6511569485396924,0.024050352704335917,1.9240282163468734,0.2857171528703257,0,18.09629998751916,56.466200010618195
2856,95.19999999999716,TRACKING,1,0,1,0,-23.62741023690142,2.5902817668952522,-23.614831972237905,2.6130607924265608,-23.61558550326204,2.608415726611959,-23.64025691358378,2.589159180370181,0.02164866787239831,1.731893429791865,1.031650490543845,1,25.583299997379072,50.21909999777563
2857,95.23333333333049,TRACKING,1,0,1,0,-23.569874864971446,2.5307358548136425,-23.564874706410798,2.5557343079862487,-23.56240159575736,2.545107929410029,-23.593574972947316,2.5271614122006696,0.016198959255158702,1.2959167404126963,1.9174512383871694,1,21.849799988558516,49.13430000306107
2858,95.26666666666382,TRACKING,1,0,1,0,-23.510870429580198,2.472645311065878,-23.51544610872389,2.4976578397750826,-23.519493082757204,2.494856657175906,-23.526291897033875,2.4686615546984414,0.02382633089316116,1.9061064714528928,1.27421686875018,2,19.14319999923464,44.32440000528004
2859,95.29999999999715,TRACKING,1,0,1,0,-23.450159492501662,2.416340632860625,-23.457864624053855,2.440407769449698,-23.465925928338613,2.4493462511104918,-23.475483280518283,2.4073644636219127,0.03657801710121309,2.9262413680970476,2.1494049092159706,1,23.06510000198614,48.04839999997057
2860,95.33333333333049,TRACKING,1,0,1,0,-23.3877694463585,2.3619024402840414,-23.402653106204422,2.382283656700659,-23.40862870995247,2.387828894017302,-23.402133849043228,2.334187754617933,0.03327596551364955,2.662077241091964,2.4972815505635655,2,32.1035000088159,48.07619999337476
2861,95.36666666666382,TRACKING,1,0,1,0,-23.32365586275333,2.3095050828501598,-23.338340001397423,2.3185267769510376,-23.337084795943028,2.318948527159726,-23.33803673221496,2.2448683008623167,0.01641690857138548,1.3133526857108386,5.297379271883857,2,40.69419999723323,50.12699999497272
2862,95.39999999999715,TRACKING,1,0,1,0,-23.257733056120525,2.259403004705588,-23.272960078294467,2.243856171406571,-23.274461376702238,2.242204345613402,-23.274098786164057,2.1805048074134867,0.023992302600079795,1.9193842080063837,6.4462144703017135,2,28.766599993105046,51.436699999612756
2863,95.43333333333048,TRACKING,0,1,1,0,-23.190111466919767,2.2116185371171024,-23.206211417086244,2.1741440103227596,-23.21470491322322,2.181518072477214,-23.21476605328753,2.112056140910822,0.03886998292536234,3.1095986340289876,8.205566644097885,1,20.090200006961823,39.07230000186246
2864,95.46666666666381,TRACKING,0,1,1,0,-23.120813426017758,2.166299488187379,-23.141002194072954,2.104155757532631,-23.14879724965724,2.1095390112061696,-23.155433320411003,2.0436074744081574,0.0632838536486201,5.062708291889607,10.198624952963062,1,13.970500003779307,42.66979999374598
2865,95.49999999999714,TRACKING,0,1,1,0,-23.049941740670192,2.123483149194575,-23.07670343146512,2.034404269107326,-23.072392276639142,2.030076629946719,-23.096100587534476,1.9751588079054925,0.09606666645248625,7.6853333161989,12.42726019366925,1,26.416900000185706,42.09679999621585
2866,95.53333333333048,TRACKING,1,0,1,0,-22.97764972191746,2.083111145362643,-23.013197593656717,1.9648251653057744,-23.012075292733243,1.9560157386515238,-22.988492184978345,2.0463459140559763,0.13167521533324864,10.534017226659891,3.0664546180988896,2,12.919300002977252,44.36559999885503
2867,95.5666666666638,TRACKING,1,0,1,0,-22.903979319311233,2.045312911956996,-22.930034364588465,1.954186875796832,-22.933837072246455,1.9517630281911855,-22.90297852146133,2.0237867904328546,0.09819911487858438,7.85592919028675,1.7239498910740718,2,19.84890000312589,43.80499999388121
2868,95.59999999999714,TRACKING,1,0,1,0,-22.82905308092477,2.010069565492652,-22.844952003773756,1.9378055526861144,-22.851861695479407,1.9422750026083215,-22.830206011571253,1.9876389021924519,0.0715285653049148,5.722285224393184,1.796821914670531,1,17.389400003594346,52.43099998915568
2869,95.63333333333047,TRACKING,1,0,1,0,-22.75304046198311,1.977234882147425,-22.762646106830598,1.9177652006971775,-22.75553107502548,1.9173133956190958,-22.757433501681177,1.9514910139520492,0.059973224868199025,4.797857989455922,2.089280140066876,0,23.99180000065826,31.815199996344745
2870,95.6666666666638,TRACKING,1,0,1,0,-22.676120588586148,1.9465857753848104,-22.681787388644292,1.8952419473398268,-22.679030756730736,1.885161236122061,-22.6846609917911,1.9153431257116464,0.0614934395059408,4.9194751604752645,2.5911129908247363,0,13.886200002161786,35.47160000016447
2871,95.69999999999713,TRACKING,1,0,1,0,-22.598409995989783,1.9180008411173877,-22.602205609349042,1.8705832338917057,-22.60393719669196,1.8671837704151597,-22.611888481901026,1.8791952374712437,0.05111677437355927,4.089341949884742,3.2863786336220655,1,18.747999987681396,56.534200004534796
2872,95.73333333333046,TRACKING,1,0,1,0,-22.519928748243085,1.8916052274501098,-22.523700240717073,1.844121215429176,-22.52927136302663,1.8477304405899702,-22.53911597201095,1.843047349230841,0.04485845932504149,3.588676746003319,4.176901889640577,1,23.894799989648163,49.71639999712352
2873,95.7666666666638,TRACKING,1,0,1,0,-22.440705234516088,1.8675289000412445,-22.446105092304087,1.8161344539953888,-22.441898091070364,1.8160283451490191,-22.466343462120875,1.8068994609904383,0.051514367519811394,4.121149401584911,5.266192609819159,1,25.927300011971965,43.60629999428056
2874,95.79999999999713,COASTING,0,0,1,0,-22.360686653734188,1.846243661062043,-22.36927944950609,1.7868586113573923,-22.35669408950206,1.7854831984717063,-22.3935709522308,1.7707515727500356,0.060891496806527626,4.87131974452221,6.587470524113326,1,28.179100001580082,37.95630000240635
2875,95.83333333333046,COASTING,0,0,1,0,-22.279986591503516,1.8277089739938293,-22.293104348857955,1.7564929334910901,-22.29012324541615,1.7518970705738184,-22.320798442340724,1.7346036845096329,0.07648657694464828,6.118926155571862,8.132582211797503,1,19.283400004496798,40.34309998678509
2876,95.86666666666379,TRACKING,1,0,1,0,-22.198685750294672,1.812017961041021,-22.217479205169496,1.7252058849633078,-22.22988091616948,1.7304297697100735,-22.21541741450172,1.7720345322632496,0.08734856231565673,6.987884985252538,3.4674469353362447,2,21.94930000405293,38.25489999144338
2877,95.89999999999712,TRACKING,1,0,1,0,-22.11687573924444,1.7992446779583011,-22.131220720728408,1.7181822984667046,-22.13833123052533,1.7209504799452158,-22.138629947068793,1.7449461020925177,0.08118078312394311,6.494462649915449,4.679542472758604,1,21.52199999545701,47.772800011443906
2878,95.93333333333045,TRACKING,1,0,1,0,-22.034652249720146,1.7894808447356656,-22.048506200416803,1.7033903031397624,-22.040234002480435,1.7000562755360478,-22.061842479635867,1.7178576719217857,0.08959860233516052,7.167888186812842,6.128849803633528,1,19.279200001619756,34.33680000307504
2879,95.96666666666378,TRACKING,1,0,1,0,-21.952164712554485,1.7822807835488255,-21.96660973308918,1.68694535987414,-21.957988878309024,1.6842494653945264,-21.985055012202942,1.6907692417510538,0.09820417631549976,7.856334105239981,7.7794124582960595,0,19.333299991558306,50.446400011423975
2880,95.99999999999712,TRACKING,1,0,1,0,-21.86949919936501,1.7775428939478086,-21.885534110472094,1.668811273900087,-21.88279984870134,1.6718505293958936,-21.912391835330865,1.7438982498233924,0.10652597428487995,8.522077942790396,4.3610936597935686,1,26.211399992462248,41.4813000097638
2881,96.03333333333045,TRACKING,1,0,1,0,-21.786729622368618,1.7752555827338656,-21.806793531370705,1.6813348495940508,-21.80921843071992,1.6860953423265934,-21.821845455842286,1.7539500387217624,0.0919526778867486,7.356214230939888,3.28589515713651,2,26.579499986837618,46.50260000198614
2882,96.06666666666378,TRACKING,1,0,1,0,-21.703928551175128,1.7753870283934778,-21.721907674068245,1.694722223778244,-21.71509275664246,1.6928079870541408,-21.7406791000615,1.739295970262329,0.08333029192460997,6.666423353968798,4.120712420327717,1,25.98510000098031,45.36329999973532
2883,96.09999999999711,TRACKING,1,0,1,0,-21.621169956627625,1.7780421549955445,-21.637917199827065,1.7003190950421494,-21.63347842001632,1.69868797812904,-21.65776502646846,1.7250128201265928,0.08030307377150223,6.4242459017201785,5.154452517689329,1,26.172800004133023,51.87650000152644
2884,96.13333333333044,TRACKING,1,0,1,0,-21.538525271873212,1.7831304504463208,-21.553070725212805,1.7016222684999798,-21.557201207449204,1.7019067785456983,-21.550760274826164,1.7355483258481414,0.08334311877208923,6.6674495017671385,3.9303975400239892,2,26.541900006122887,34.389699998428114
2885,96.16666666666377,TRACKING,1,0,1,0,-21.456086789084203,1.7908719764068406,-21.455611360179947,1.712211171614634,-21.46190878605089,1.7179922861158843,-21.440606868681105,1.7277542993300614,0.07311186569624548,5.848949255699638,5.199057819416034,1,18.73719999275636,45.83620000630617
2886,96.1999999999971,TRACKING,1,0,1,0,-21.373918319463286,1.8010884958193918,-21.35011782312076,1.7174024624678839,-21.353793138405845,1.7189695012970496,-21.34583148175848,1.7222769889156595,0.08454911101812516,6.763928881450013,6.693339530102733,0,14.10349999787286,37.43909999320749
2887,96.23333333333044,TRACKING,0,1,1,0,-21.2920910069612,1.8137504702877356,-21.247578872679345,1.7212040775983612,-21.236342138653914,1.7168689091699625,-21.251056094835857,1.7167996785012576,0.11177644296612782,8.942115437290225,8.422187854911702,0,12.63219999964349,37.36280000885017
2888,96.26666666666377,TRACKING,1,0,1,0,-21.21060295536596,1.82843829231696,-21.14618805195026,1.7235262420357769,-21.13998887464284,1.7279255017975714,-21.207918443076338,1.7582027827194624,0.12283798050426424,9.82703844034114,5.622943522193797,2,20.145300004514866,37.31369999877643
2889,96.2999999999971,TRACKING,1,0,1,0,-21.12949146103748,1.8450804122706224,-21.068910735742307,1.7455536773965066,-21.07556669323267,1.7501012198360606,-21.138348859767536,1.7758320875509375,0.10921963000452074,8.73757040036166,5.584999331063072,2,20.116100000450388,41.42680000222754
2890,96.33333333333043,TRACKING,1,0,1,0,-21.048739775428782,1.8633888786210397,-20.993584965859718,1.7676085253130311,-20.996079109354962,1.7668700693485804,-21.056306374921547,1.8014045237742888,0.1099501082069123,8.796008656552983,4.995558778692514,1,19.139099997119047,38.40730000229087
2891,96.36666666666376,TRACKING,1,0,1,0,-20.968300245849797,1.883023459081607,-20.915871124159597,1.7951242498594377,-20.91357323665961,1.7924039275692394,-20.973975259613226,1.82573538667445,0.10586285952317702,8.469028761854162,4.605477796775695,1,20.70819999789819,38.343099993653595
2892,96.39999999999709,TRACKING,1,0,1,0,-20.888170200212347,1.9038851573559836,-20.836982290186754,1.8249994803967493,-20.834788292214807,1.8282108486499575,-20.89570611535097,1.8616971981278454,0.09260793216346416,7.408634573077133,3.4284587051901303,2,22.706000003381632,50.4847999982303
2893,96.43333333333042,TRACKING,1,0,1,0,-20.808347638902756,1.9258940958748605,-20.759240425414138,1.8620992891082844,-20.76851939570619,1.8716768916489102,-20.81555648986014,1.8832866484132342,0.0672740231456636,5.381921851653088,3.4570388358325443,0,13.902400009101257,31.380299988086335
2894,96.46666666666376,TRACKING,1,0,1,0,-20.728866884465436,1.9491071168507121,-20.680977181369517,1.8955459618701864,-20.682353072403707,1.903836540391222,-20.736453582674255,1.914182546248387,0.06490731704121179,5.192585363296943,2.859128394703235,1,13.749399993685074,35.932600003434345
2895,96.49999999999709,TRACKING,1,0,1,0,-20.64973679426088,1.9734887388839104,-20.602956725561192,1.9316576085946824,-20.59585631479731,1.930359115394326,-20.656577464174806,1.9382037668178702,0.06901645086193121,5.521316068954497,2.875356276857585,0,16.89690000785049,30.11720000358764
2896,96.53333333333042,TRACKING,1,0,1,0,-20.570968333266894,1.99901449492345,-20.524605981959418,1.9652808384864981,-20.520610140757356,1.961130149913924,-20.569334093093712,1.9573087393135065,0.06301722899040003,5.0413783192320025,3.339020974539678,2,20.697500003734604,30.616899995948188
2897,96.56666666666375,TRACKING,1,0,1,0,-20.492588742821585,2.025710458483067,-20.442680342223472,1.9951802058508383,-20.4480572444944,1.9975181070124037,-20.484175647833023,1.9816693712010933,0.05270543638667169,4.216434910933735,3.5869965475444827,2,13.074200003757142,33.02599999005906
2898,96.59999999999708,TRACKING,1,0,1,0,-20.414638683033523,2.0536357668571688,-20.3596498608193,2.0249743143652643,-20.370018705020343,2.0300208850757375,-20.38997817884294,2.0146287519046595,0.05048371103086317,4.038696882469053,3.6918831465269095,2,14.733499992871657,35.60180000204127
2899,96.63333333333041,TRACKING,1,0,1,0,-20.337106579814133,2.0827013416687716,-20.271283832001185,2.0583052153813446,-20.269927559093123,2.0577743698428432,-20.297947051450503,2.059532203345339,0.07165455149147565,5.732364119318052,3.6400242920616077,2,12.982400003238581,36.327299996628426
2900,96.66666666666374,TRACKING,1,0,1,0,-20.26005138448097,2.113008626946726,-20.18090826875358,2.0993061777661595,-20.179647464481153,2.097369812941649,-20.24669958207162,2.093486564860112,0.08191070049036567,6.552856039229254,1.8920998463158123,2,18.080299996654503,45.13810000207741
2901,96.69999999999708,TRACKING,1,0,1,0,-20.18344698274602,2.1444379174824815,-20.10955594280965,2.1390083051348157,-20.11023926663136,2.135090253082834,-20.169628149691547,2.1254156874532963,0.07380209027156993,5.904167221725595,1.880945093970548,1,15.878799997153692,47.43760000565089
2902,96.7333333333304,TRACKING,1,0,1,0,-20.107419289810117,2.177237682353518,-20.03504144589272,2.177371060058021,-20.042502020201194,2.1809297767647577,-20.092556717311474,2.1573448100464807,0.06502217663704526,5.201774130963622,1.986550666700873,1,14.251699991291389,38.449300001957454
2903,96.76666666666374,TRACKING,1,0,1,0,-20.031912736719146,2.211219958749772,-19.96029085454248,2.2147173858540445,-19.960498828657617,2.216001637724355,-20.06327858488124,2.1519517031458855,0.07157381307738597,5.725905046190878,5.36450112692992,1,17.436399997677654,42.13000000163447
2904,96.79999999999707,TRACKING,1,0,1,0,-19.956907842503586,2.246295598622246,-19.90658333677997,2.2344959029217533,-19.89838474342237,2.224643898823986,-20.02426491378985,2.1835699356405676,0.062399913703657724,4.991993096292618,7.363253128341086,2,22.174800003995188,41.338399998494424
2905,96.8333333333304,TRACKING,0,1,1,0,-19.882461914363144,2.2825425081740844,-19.860268513025858,2.260913378087369,-19.85771962726783,2.2575854585919624,-19.95064551332572,2.2014214215239645,0.03514306609491358,2.811445287593086,8.47759734520512,1,14.38780000898987,34.02289999939967
2906,96.86666666666373,TRACKING,0,1,1,0,-19.80869276959735,2.320147666720141,-19.803757317531545,2.282932787903568,-19.810953166573853,2.2881588040906338,-19.880001547400948,2.2470809277028305,0.03206862527176457,2.5654900217411654,8.167717974549944,1,13.46929999999702,37.06139999849256
2907,96.89999999999706,TRACKING,1,0,1,0,-19.735496541778595,2.358856152893795,-19.743555785641632,2.3166115816236514,-19.741433107886106,2.3187676149984022,-19.807899664709364,2.299051678934596,0.0405257163753977,3.2420573100318166,7.512671882909109,2,19.28839999891352,35.87829999742098
2908,96.9333333333304,TRACKING,0,1,1,0,-19.662781258394205,2.3984607262544424,-19.679574201066902,2.3594622561365006,-19.66975530496923,2.3573847677109243,-19.74067540058768,2.3349636991817966,0.04166379358507126,3.3331034868057006,8.039649677988383,0,11.366699996870011,29.920100001618266
2909,96.96666666666373,TRACKING,0,1,1,0,-19.590594556253798,2.4390207398496457,-19.615518998574593,2.399881347373456,-19.609211945114513,2.3896984995589707,-19.673451136465996,2.370875719428997,0.05271897718357368,4.217518174685894,8.582384449124987,0,11.22469999245368,39.49190001003444
2910,96.99999999999706,TRACKING,1,0,1,0,-19.518882557027887,2.4804142639297933,-19.550971484560986,2.4396547250381664,-19.549348051596933,2.438331287381221,-19.540917341861693,2.433921111305697,0.051953087247287824,4.156246979783026,4.116033028905123,1,14.48349999554921,34.857099992223084
2911,97.03333333333039,TRACKING,1,0,1,0,-19.44760348411408,2.522548910401539,-19.456784296133815,2.4909502453657,-19.460081168044397,2.492321087239893,-19.45863089667446,2.4760908362612644,0.03270189427780353,2.6161515422242827,3.8199111869048314,0,21.752999993623234,37.56769999745302
2912,97.06666666666372,TRACKING,1,0,1,0,-19.37671445896359,2.5653365345698016,-19.36857594199402,2.539096654091428,-19.362474022440708,2.5319007979483525,-19.359433477890164,2.5576210145062275,0.03634196631693396,2.907357305354717,1.5140125372512097,2,11.76320000377018,29.553799991845153
2913,97.09999999999705,TRACKING,1,0,1,0,-19.306022048879854,2.608448224693289,-19.273593032509005,2.6037721434866006,-19.267322125400696,2.594529071530772,-19.276795288294853,2.6176139142569816,0.04112696076850614,3.290156861480491,2.450421546716809,1,12.552299987873994,32.32959999877494
2914,97.13333333333038,TRACKING,1,0,1,0,-19.23563550470623,2.652057502009538,-19.182665611868902,2.6679393730296965,-19.186255088296118,2.6666740932508555,-19.184706094000717,2.6575701004268133,0.05149825496414317,4.119860397131453,4.09815069795815,2,21.592799996142276,39.893699999083765
2915,97.16666666666372,TRACKING,1,0,1,0,-19.16562420128853,2.696266687282574,-19.089064957513905,2.7236017016903284,-19.096031789718346,2.7275874097957007,-19.091629678089554,2.7083604838011612,0.07631573498891428,6.105258799113143,5.9981060358359715,1,11.122300013084896,33.55079999892041
2916,97.19999999999705,TRACKING,1,0,1,0,-19.09610322306612,2.7412429949984136,-18.99395051350906,2.7797218259427954,-18.990923574835175,2.777189937519175,-19.002887023274358,2.7583511134429206,0.11115278259484143,8.892222607587316,7.581851012127918,0,15.120600000955164,35.96399999514688
2917,97.23333333333038,TRACKING,1,0,1,0,-19.026865110523865,2.786653549281938,-18.900195376634095,2.8347456176758676,-18.88855828652651,2.8269112361953823,-18.958467731476482,2.8150390164380177,0.14404672478003777,11.523737982403022,5.924288288040141,1,12.978400001884438,40.346499998122454
2918,97.26666666666371,TRACKING,1,0,1,0,-18.957997494022944,2.8326240405370164,-18.82843005485514,2.892176231865239,-18.824078651919226,2.890800820014563,-18.881311674586275,2.8667803844772344,0.14600956797682674,11.680765438146139,6.7158895686148385,0,16.615300002740696,39.075799999409355
2919,97.29999999999704,TRACKING,1,0,1,0,-18.889278400709586,2.878816257229236,-18.75305932689252,2.9482768616882047,-18.761763411982525,2.9551867823312934,-18.808178922940865,2.917656688739876,0.14863555918563495,11.890844734850797,7.193643600531525,1,18.20249999582302,39.711400007945485
2920,97.33333333333037,TRACKING,1,0,1,0,-18.820704073833973,2.925223114075045,-18.679439738805605,3.0033052840999623,-18.6879014781133,3.007274984885178,-18.731988952304267,2.969190335472307,0.15610585810145375,12.4884686481163,7.921005732274705,0,14.943799993488938,30.70750000188127
2921,97.3666666666637,TRACKING,1,0,1,0,-18.752521438537176,2.972203566528537,-18.605180529691232,3.0578187686433114,-18.60528513410177,3.0538081082013147,-18.68421851498896,3.035671352561946,0.1683384405458828,13.467075243670624,7.459093448066145,1,21.051299991086125,41.158400010317564
2922,97.39999999999704,TRACKING,1,0,1,0,-18.684726057068097,3.0197411403014254,-18.543457421391622,3.1185718035265375,-18.537512028373815,3.1197165654949166,-18.63774703249587,3.099509693889771,0.17795239781194402,14.236191824955522,7.405965548430663,1,20.915400004014373,43.26220000803005
2923,97.43333333333037,TRACKING,1,0,1,0,-18.617289255959523,3.0677860414356113,-18.489451219129325,3.181555471454663,-18.491194872849352,3.1919677267495246,-18.57386594225016,3.156698607583256,0.176977073146039,14.158165851683119,7.915970123222545,0,15.02410000830423,34.76629999931902
2924,97.4666666666637,TRACKING,1,0,1,0,-18.55040892167837,3.1166025914488156,-18.432589773582027,3.2431155346075697,-18.431916749380814,3.250235176461003,-18.50524982792561,3.1701881333619166,0.17860028743771023,14.288022995016819,5.60614180380975,1,16.050299993366934,34.4178999948781
2925,97.49999999999703,TRACKING,1,0,1,0,-18.484057929573172,3.166136221594478,-18.372534873198415,3.283612699991553,-18.36601063747033,3.2788244210766684,-18.452936873151618,3.1912551731315846,0.16319863196532028,13.055890557225622,3.1994818371650773,1,10.175499992328696,31.411200005095452
2926,97.53333333333036,TRACKING,1,0,1,0,-18.418208486538926,3.2163346829337534,-18.318065293430102,3.3157712835555744,-18.315611252573852,3.310680263527521,-18.38920476992938,3.2287611269876226,0.13938178143092925,11.150542514474338,2.524291062762347,1,20.14449999842327,48.21090000041295
2927,97.56666666666369,TRACKING,1,0,1,0,-18.35294940880613,3.2672982723110318,-18.26071519420105,3.349388401343961,-18.267312721568423,3.354810955964629,-18.3152829956506,3.2735446118014977,0.1224422802846436,9.795382422771487,3.054466041227688,1,17.95490000222344,41.14560000016354
2928,97.59999999999702,TRACKING,1,0,1,0,-18.28821596960789,3.3189278812415535,-18.197009586740702,3.386685910431311,-18.20090280817674,3.3928832290834405,-18.249712197939118,3.3143030356861605,0.11442456743862639,9.153965395090111,3.1024425258892143,0,19.401899990043603,39.36910000629723
2929,97.63333333333036,TRACKING,1,0,1,0,-18.224235420426435,3.3714875996120903,-18.13375771770687,3.424134753331946,-18.135719273125844,3.4249470139415585,-18.190520997100837,3.3639566314180573,0.10340704672985188,8.27256373838815,2.7636240810844743,1,18.118899999535643,37.512700000661425
2930,97.66666666666369,TRACKING,1,0,1,0,-18.161031297273386,3.4249784725270587,-18.07316918067633,3.4663342688104986,-18.07102570298236,3.4613468079499485,-18.133391594457027,3.4092922606584533,0.09707555214940788,7.76604417195263,2.5424528812164375,1,14.216099996701814,36.406600003829226
2931,97.69999999999702,TRACKING,1,0,1,0,-18.098582615692187,3.479349391569511,-18.014925235206157,3.509160495547285,-18.02107199638228,3.509143428108161,-18.09041880604667,3.4753797886801556,0.08303963342327535,6.643170673862027,0.7262199557815883,1,18.335500004468486,37.80120000010356
2932,97.73333333333035,TRACKING,1,0,1,0,-18.03670022753904,3.5343639778645497,-17.96502753980562,3.562896345409629,-17.973417182959636,3.572250585282618,-18.020468789579436,3.5214862455369467,0.07375729626884099,5.900583701507279,1.6575559224600376,1,22.55460000014864,38.06509998685215
2933,97.76666666666368,TRACKING,1,0,1,0,-17.975477186306037,3.590111389382331,-17.90643708326816,3.612789930144578,-17.900984828908097,3.6133131572018544,-17.979199028276895,3.5606925344265727,0.07802200548981987,6.241760439185589,2.3722679572951964,1,24.664600001415238,42.332400000304915
2934,97.79999999999701,TRACKING,1,0,1,0,-17.915027451184834,3.6466964067679184,-17.858136750834014,3.658020541391832,-17.849709721461245,3.6529816878156804,-17.925602443310268,3.6072878650544857,0.06561943747162967,5.249554997730373,3.2642192263950514,1,26.430800004163757,61.33399999816902
2935,97.83333333333034,TRACKING,1,0,1,0,-17.855255753370567,3.703997181711638,-17.808291214411298,3.7042229235903745,-17.805815533561265,3.700454668130787,-17.85577869169115,3.6685860202925054,0.049566972242236204,3.9653577793788966,2.8332017987163542,1,12.016799999400973,33.72129998751916
2936,97.86666666666368,TRACKING,1,0,1,0,-17.796242269664607,3.7620785333628977,-17.750059137092954,3.7579488328631734,-17.751288035748424,3.7666221858453195,-17.789731305395044,3.7305484159173052,0.0451832704092114,3.614661632736912,2.575628497251723,1,12.298300003749318,37.23380000155885
2937,97.89999999999701,TRACKING,1,0,1,0,-17.738092517152694,3.821024618487817,-17.68914000685673,3.8159708231486107,-17.690684619783784,3.8158915079272475,-17.725021932387637,3.794894560567887,0.0476849825098856,3.814798600790848,2.3373422349318753,1,16.600299990386702,35.59070000483189
2938,97.93333333333034,TRACKING,1,0,1,0,-17.68076514067331,3.8807708030918704,-17.626758292950072,3.877958888705799,-17.620587293019415,3.8737560687645334,-17.66293699575037,3.8517086956542435,0.06058531047983746,4.846824838386997,2.727576319133957,0,8.665000001201406,29.71590000379365
2939,97.96666666666367,TRACKING,1,0,1,0,-17.6243057920087,3.9413379279792133,-17.56465049220301,3.938495144835466,-17.558810642018504,3.936481236244986,-17.600852059113105,3.9085228307406,0.06567497336763392,5.253997869410714,3.226796001998245,0,9.947200000169687,44.81530000339262
2940,97.999999999997,TRACKING,1,0,1,0,-17.568636766218415,4.002632252645627,-17.502552918464552,3.998466986643682,-17.507228784196492,4.0028153299872935,-17.53876712247584,3.9653369658269564,0.061408254928126564,4.912660394250126,3.822572148651994,0,16.874299995834008,38.5011000034865
2941,98.03333333333033,TRACKING,1,0,1,0,-17.51388169528194,4.064744384113581,-17.440477058561424,4.057922359147207,-17.44659436461263,4.06737933583634,-17.476682185838573,4.022151100913312,0.06733890286589336,5.387112229271469,4.5240627946873015,0,12.82560000254307,31.166899992967956
2942,98.06666666666366,TRACKING,1,0,1,0,-17.460020903416325,4.127633570531916,-17.378418714137105,4.11694347595853,-17.378101113755545,4.117524155511558,-17.41528306474667,4.098276358583684,0.0825412152207632,6.603297217661057,4.280800001648622,1,10.450700006913394,30.172099999617785
2943,98.099999999997,TRACKING,1,0,1,0,-17.407195205686048,4.191394689782289,-17.316648064234013,4.183281754519515,-17.316409944873655,4.178290904227297,-17.372203528767916,4.178844017576522,0.09172607468242241,7.338085974593794,2.973952872642911,1,10.59279999753926,31.60539999953471
2944,98.13333333333033,TRACKING,1,0,1,0,-17.355495989595,4.2560725509429815,-17.262813875034375,4.256018943893679,-17.269112971670054,4.258810209459224,-17.313717483033802,4.246451118251648,0.0864263880997747,6.914111047981976,3.4297667116167467,1,15.04430000204593,31.401499989442527
2945,98.16666666666366,TRACKING,1,0,1,0,-17.305073615716147,4.321750697088958,-17.206963483203428,4.3276994065625045,-17.212924480592292,4.332538106208623,-17.265969612106186,4.317568946791233,0.09277839888459706,7.422271910767765,3.1461571570463605,1,15.714900000602938,40.0322000059532
2946,98.19999999999699,TRACKING,1,0,1,0,-17.255656501174606,4.388188513572789,-17.156019288405897,4.401132964641819,-17.158057382036432,4.405896991471098,-17.21068067296954,4.384441906092819,0.09919263201479403,7.935410561183523,3.6105287726562763,0,11.271600000327453,35.77899999800138
2947,98.23333333333032,TRACKING,1,0,1,0,-17.20746184464873,4.455518371370826,-17.103758973725594,4.473163918548783,-17.09653677874312,4.471596076538353,-17.155391733832897,4.451314865394406,0.11208417751680297,8.966734201344238,4.179160415484031,0,14.803600002778694,36.23880000668578
2948,98.26666666666365,TRACKING,1,0,1,0,-17.160903703151657,4.523990074497661,-17.05108837916343,4.544393198533938,-17.059282007293067,4.545891732727476,-17.097235018139195,4.518706768496174,0.10395504654604995,8.316403723683996,5.111001325624731,1,17.64880001428537,41.48779998649843
2949,98.29999999999698,TRACKING,1,0,1,0,-17.115958450871002,4.593531134068099,-16.99673880845462,4.615155444203001,-17.00978724834963,4.6189291279192854,-17.0590262847434,4.576031742689532,0.10916676388213896,8.733341110571118,4.764871617058272,1,12.331200006883591,40.53779999958351
2950,98.33333333333032,TRACKING,1,0,1,0,-17.07239099404405,4.663943571707927,-16.95043854758562,4.680864741352154,-16.95164132714947,4.681375459182432,-17.033921051832078,4.6227782307279,0.12200144571305499,9.760115657044398,4.50743155372143,1,13.271799994981848,39.36660000181291
2951,98.36666666666365,TRACKING,1,0,1,0,-17.029912845791532,4.735018472972636,-16.914847806965273,4.738468819717077,-16.908462824639336,4.734787572720949,-17.012385841104553,4.692473609894987,0.12145024064527432,9.716019251621946,3.6810965910442275,1,11.169500008691102,35.38790000311565
2952,98.39999999999698,TRACKING,1,0,1,0,-16.988422538517206,4.806674519968217,-16.887717341885793,4.802274264714344,-16.884766186334286,4.8000472796790365,-16.998486310269037,4.759994240790799,0.10386799151673295,8.309439321338637,3.8202223733848117,1,19.260499990195967,53.599200007738546
2953,98.43333333333031,TRACKING,1,0,1,0,-16.947840215474816,4.878848682417352,-16.86979965934561,4.867629207900223,-16.87496813829771,4.869997714939815,-16.967058924050015,4.82407168377162,0.07340762397322563,5.872609917858051,4.644052258057693,0,8.634300000267103,31.21129999635741
2954,98.46666666666364,TRACKING,1,0,1,0,-16.90826027127771,4.951577374734105,-16.848347360554314,4.932497401455564,-16.852901802227645,4.936878673619307,-16.935631537830993,4.888149126752441,0.05727662621025551,4.582130096820441,5.52656356142111,0,8.827999990899116,33.78250000241678
2955,98.49999999999697,TRACKING,1,0,1,0,-16.869651964659784,5.024826493014444,-16.825457769213884,4.99723350279962,-16.820091018686412,4.991997285271076,-16.90420415161197,4.952226569733262,0.059447827940411514,4.755826235232921,6.432220137333583,0,12.097600003471598,28.783899993868545
2956,98.5333333333303,TRACKING,1,0,1,0,-16.831990265681693,5.098566787961199,-16.801260824678035,5.061841428508665,-16.79724802004032,5.054326247008571,-16.832877185550494,5.076947127917594,0.0562516586065392,4.500132688523135,1.7310275833822582,1,11.292600000160746,29.86300000338815
2957,98.56666666666364,TRACKING,1,0,1,0,-16.795265134142166,5.172777968939239,-16.759176471894456,5.151857162835189,-16.766298136305995,5.153246525225186,-16.792802626627843,5.152917604931466,0.03493657477767358,2.7949259822138863,1.6009956937442882,1,12.397799990139902,37.87330001068767
2958,98.59999999999697,TRACKING,1,0,1,0,-16.75921280927881,5.247318324054426,-16.719787101951038,5.235726133870319,-16.727178899295666,5.24169433589049,-16.75402309521263,5.237955436819854,0.032523847122939285,2.6019077698351425,0.8563991198725361,1,15.175900000031106,35.85000000020955
2959,98.6333333333303,TRACKING,1,0,1,0,-16.723631160774254,5.322084499283931,-16.680669573257866,5.32273317665933,-16.678851571824808,5.322785697849752,-16.7189346933922,5.319475219433711,0.04478507860783585,3.582806288626868,0.4298103560033773,1,15.55769999686163,32.82569999282714
2960,98.66666666666363,TRACKING,1,0,1,0,-16.688409851332764,5.3970210993534415,-16.643612725430806,5.409320627620426,-16.63664066684796,5.4040941528591055,-16.69083878986171,5.394566029838975,0.052250134431556336,4.180010754524506,0.2762851709174879,1,10.426100008771755,30.083299992838874
2961,98.69999999999696,TRACKING,1,0,1,0,-16.653626412099264,5.4721619472581615,-16.611237107932173,5.49246528182463,-16.611932731513416,5.492915738652272,-16.65048332858287,5.462681184165989,0.04657341363938159,3.7258730911505276,0.7990548128420155,1,11.967000013100915,32.040299993241206
2962,98.7333333333303,TRACKING,1,0,1,0,-16.619450189752428,5.547580913671462,-16.57524665338289,5.570007544208677,-16.576844777307546,5.575139683797905,-16.613085175663286,5.526697038613651,0.050741570536204275,4.059325642896342,1.746584583530196,1,14.551799991750158,36.91330000583548
2963,98.76666666666362,TRACKING,1,0,1,0,-16.58617467406204,5.623401588452749,-16.53919505452313,5.6421041717344345,-16.533174018213924,5.641216573160743,-16.58787095412421,5.617665273400095,0.05591460632497118,4.473168505997694,0.4785489830401491,1,16.374400001950562,40.42740000295453
2964,98.79999999999696,TRACKING,1,0,1,0,-16.553835604574502,5.699626382669796,-16.508972433949946,5.724422906856236,-16.499939534694917,5.71919194445941,-16.554288252426296,5.695102979286108,0.057337575433639355,4.587006034691148,0.3636795798439706,0,9.0772000112338,28.08730000106152
2965,98.83333333333029,TRACKING,1,0,1,0,-16.52236978145045,5.776215785617441,-16.477505102388413,5.804724216431932,-16.466344561424975,5.800249343338534,-16.548985983239426,5.788928419629675,0.06096258832789167,4.877007066231334,2.359706098581573,1,15.689299994846806,50.70960000739433
2966,98.86666666666362,TRACKING,1,0,1,0,-16.492052064841616,5.853266877292882,-16.459242932912787,5.89243760780886,-16.464159232701817,5.893096285895204,-16.52104006709138,5.864064078636448,0.04862501284719299,3.8900010277754395,2.474683115113851,1,15.381800010800362,40.14299999107607
2967,98.89999999999695,TRACKING,1,0,1,0,-16.462803685882008,5.930730204080376,-16.437170919114056,5.975039066141725,-16.437520150490716,5.977931423126481,-16.497201773413963,5.940488802717872,0.0535463560041308,4.283708480330464,2.8604432363939543,1,18.90300000377465,46.7649999918649
2968,98.93333333333028,TRACKING,1,0,1,0,-16.434710042679537,6.008619753317505,-16.415999751629336,6.055955098499084,-16.407212525409953,6.05273248552465,-16.465830521433613,6.0026826192776115,0.05198121390243153,4.158497112194523,2.5345406002547173,1,17.453000007662922,31.386699993163347
2969,98.96666666666361,TRACKING,1,0,1,0,-16.40776738515465,6.086914886462851,-16.391220390674047,6.128411365978386,-16.386961823916266,6.121941301553332,-16.43713429352225,6.058379763970211,0.04073967516481698,3.2591740131853584,3.275771442811904,1,16.057899993029423,41.12900000473019
2970,98.99999999999694,TRACKING,1,0,1,0,-16.381713509076324,6.16551024389601,-16.365771100791186,6.1928347136846975,-16.37334244385483,6.1960081685425195,-16.409337206764835,6.127430927109963,0.031625909325845976,2.530072746067678,3.7634903296835676,0,7.368799997493625,27.868799996213056
2971,99.03333333333028,TRACKING,1,0,1,0,-16.356763922682987,6.244463095697274,-16.34003316832552,6.25906237543727,-16.346241629387876,6.269442552135517,-16.37407414825029,6.210968784361456,0.02710520061055452,2.1684160488443616,3.016236384425194,1,10.859200003324077,35.20139999454841
2972,99.06666666666361,TRACKING,1,0,1,0,-16.332860418347497,6.323738925237142,-16.310426092539636,6.33255000958332,-16.30468246959077,6.3302559328496715,-16.333899459892923,6.3048819520655375,0.028921759703699673,2.313740776295974,1.5108462148668225,1,14.508499996736646,34.50989999691956
2973,99.09999999999694,TRACKING,1,0,1,0,-16.30977610607237,6.40325715708076,-16.27630669207918,6.415064085739152,-16.266042694010697,6.413156009785765,-16.31371203273546,6.397052091528416,0.044839699100590456,3.587175928047236,0.5878468219860031,1,8.367300004465505,24.43259999563452
2974,99.13333333333027,TRACKING,1,0,1,0,-16.287544556682555,6.483018005123387,-16.249056078597768,6.502372452943686,-16.250647853502524,6.502751570056904,-16.283166403016878,6.4724580714426265,0.04184232654311376,3.347386123449101,0.9145243270241731,1,11.127299992949702,27.41720000631176
2975,99.1666666666636,TRACKING,1,0,1,0,-16.266029479545132,6.562975094393331,-16.22002518495972,6.584756932992475,-16.22770804746548,6.592065478553723,-16.268365618765895,6.5514655539102264,0.048112187720311915,3.8489750176249533,0.9395388437858612,1,7.943200005684048,30.18339999835007
2976,99.19999999999693,TRACKING,1,0,1,0,-16.244905098605912,6.643036290978729,-16.198457376676913,6.666650775785563,-16.198929900382133,6.668742051804858,-16.243015500436087,6.631318281605471,0.05267357014068774,4.213885611255019,0.9495508830268417,0,10.859000001801178,30.968399994890206
2977,99.23333333333026,TRACKING,1,0,1,0,-16.224660093486307,6.723324362548907,-16.17538331692777,6.748251597689744,-16.16929431570838,6.745214441917469,-16.223334115181384,6.70306918751012,0.05953608085620496,4.762886468496397,1.623882427895912,1,9.279499994590878,41.349899998749606
2978,99.2666666666636,TRACKING,1,0,1,0,-16.20541326129469,6.803857548996102,-16.15473407116948,6.825688595975228,-16.153109271473888,6.826045305134569,-16.199885732926056,6.785324001168574,0.05681552493495754,4.545241994796603,1.5472214371655086,1,15.043999999761581,28.64140000019688
2979,99.29999999999693,TRACKING,1,0,1,0,-16.18673483770812,6.884524463905943,-16.1334449368027,6.905810987850315,-16.137268946472922,6.908298915671259,-16.177178840830635,6.875373840087909,0.0548825924354318,4.390607394834544,1.0584547002694977,1,12.224200007040054,31.034799991175532
2980,99.33333333333026,TRACKING,1,0,1,0,-16.168983976094225,6.96540055172376,-16.112297664276284,6.990822778781688,-16.112319418984082,6.987014507455863,-16.15114348310794,6.978458160154174,0.06064680630402507,4.8517445043220055,1.7686773868233872,1,10.242099990136921,24.31770000839606
2981,99.36666666666359,TRACKING,1,0,1,0,-16.151786860971974,7.046396192965884,-16.08947230192145,7.085141907688228,-16.083292141145353,7.077213654067501,-16.126951800538453,7.066266838254364,0.07510820562945816,6.0086564503566535,2.5444814272991554,0,12.678400002187118,29.762200007098727
2982,99.39999999999692,TRACKING,1,0,1,0,-16.13511486840168,7.127501552421884,-16.0666161297236,7.1771363263136285,-16.06443044959131,7.172856079323922,-16.102760117968966,7.154075516354554,0.08398404713436601,6.718723770749281,3.349512618547859,0,7.975200001965277,32.600600010482594
2983,99.43333333333025,TRACKING,1,0,1,0,-16.118888650357114,7.208697269776441,-16.04355899294943,7.268536545471129,-16.04306065237367,7.269641477169686,-16.07856843539948,7.2418841944547445,0.09728351192760398,7.782680954208319,4.177725087237438,0,8.073700009845197,25.42419999372214
2984,99.46666666666358,TRACKING,1,0,1,0,-16.102856517000887,7.289931532060278,-16.020342263128438,7.359353077564131,-16.017246335934928,7.3667406365589105,-16.05437675282999,7.329692872554935,0.11501626683225405,9.201301346580324,5.015975586542001,0,9.707999997772276,38.30460000608582
2985,99.49999999999692,TRACKING,1,0,1,0,-16.087046076475893,7.371209232809971,-15.996989928884872,7.449681007119883,-15.986777378289158,7.447464350932459,-16.122204617967764,7.425285687702337,0.12597084931021618,10.077667944817295,5.160084348806265,1,12.005299999145791,27.94430000358261
2986,99.53333333333025,TRACKING,1,0,1,0,-16.0715279835836,7.452543256820449,-16.010173045061315,7.54269592877537,-16.009200082611702,7.536627188166877,-16.095411507497996,7.5109236537391375,0.10466553754810383,8.373243003848305,5.046150823875582,1,13.277200006996281,30.48079999280162
2987,99.56666666666358,TRACKING,1,0,1,0,-16.05636156977387,7.5339435919604405,-16.00620909598959,7.633093037957703,-16.01535594261895,7.634209063469535,-16.08390735992187,7.599403182437516,0.10832647984361589,8.666118387489272,5.681536997850717,0,8.552300001611002,25.255000000470318
2988,99.59999999999691,TRACKING,1,0,1,0,-16.041337875368402,7.615370388994108,-16.002653414276406,7.723424802563048,-16.012966574486224,7.7258375587227945,-16.06438847529642,7.664634709779496,0.11405229634520121,9.124183707616096,4.3512230626247534,1,8.504199999151751,25.643200002377853
2989,99.63333333333024,TRACKING,1,0,1,0,-16.026392730846794,7.696811639745672,-15.994112161103185,7.802759391766508,-15.996062145935666,7.796199077491008,-16.048214843702524,7.73980900311194,0.10391249762484896,8.312999809987916,3.857441942791951,1,14.078799998969771,30.697700000018813
2990,99.66666666666357,TRACKING,1,0,1,0,-16.011829761810127,7.778322096753273,-15.9840428100937,7.88043609518167,-15.982822067966362,7.86790775442887,-16.006998976187266,7.812703887821493,0.09416494232623336,7.53319538609867,2.777560422290319,1,10.793199995532632,37.43110000505112
2991,99.6999999999969,TRACKING,1,0,1,0,-15.997566614143716,7.859885552340915,-15.960208217626043,7.955060766671195,-15.964037224987791,7.956225053188186,-15.985442809002235,7.891398523226688,0.10200744757453205,8.160595805962565,2.701174837917735,0,5.9779000002890825,34.96169998834375
2992,99.73333333333024,TRACKING,1,0,1,0,-15.983673526062345,7.941512856426706,-15.938438629012342,8.03077098669804,-15.946109496679394,8.037620646679802,-15.963886641817204,7.970093158631884,0.10318800148668571,8.255040118934858,2.780911461828197,0,9.32969999848865,24.800300001516007
2993,99.76666666666357,TRACKING,1,0,1,0,-15.969962118431303,8.023170874829837,-15.916615498228948,8.106890621956595,-15.917076619958562,8.111049274292242,-15.937582303010158,8.028660734805575,0.10256456035485224,8.20516482838818,2.627352747399521,1,8.401000013691373,25.332099990919232
2994,99.7999999999969,TRACKING,1,0,1,0,-15.956030555486072,8.104791621105855,-15.892732205541003,8.17439332739503,-15.888729956498585,8.170738774183768,-15.906153749749981,8.119208114157438,0.09422524939291016,7.538019951432814,4.153480292837448,1,11.510299998917617,22.1869999950286
2995,99.83333333333023,TRACKING,1,0,1,0,-15.941838357110331,8.186367451926108,-15.86536038113352,8.25164759185342,-15.865166041832078,8.25373444832827,-15.881422129835228,8.19719304953117,0.1020634907024881,8.165079256199048,4.910275972147372,0,11.89939999312628,32.528499999898486
2996,99.86666666666356,TRACKING,1,0,1,0,-15.927534519702728,8.267923781565,-15.83894678725513,8.327877682124283,-15.844892892973299,8.330031964546462,-15.875815684303207,8.273057645422861,0.10337826106945844,8.270260885556675,4.157841357776949,1,8.451400004560128,25.771899992832914
2997,99.8999999999969,TRACKING,1,0,1,0,-15.913029986483055,8.34944465732594,-15.821602653606252,8.40344353932549,-15.830783841166607,8.403485948382054,-15.855756836646973,8.35052452729747,0.09841183647522264,7.872946918017811,4.582666340934142,0,9.89040000422392,31.660399996326305
2998,99.93333333333022,TRACKING,1,0,1,0,-15.898181810400631,8.43090364293082,-15.802648949051262,8.479410160473766,-15.799343877226525,8.471560882711078,-15.83569798899074,8.427991409172078,0.10687351487004852,8.549881189603882,5.004132080398374,0,9.270399998058565,27.924800000619143
2999,99.96666666666356,TRACKING,1,0,1,0,-15.882988752123925,8.512299009192983,-15.783609893102447,8.555578220906131,-15.780392539959248,8.554984598529964,-15.815639141334506,8.505458291046686,0.11112174534079665,8.889739627263731,5.415690093492907,0,6.691100003081374,28.384899997035973
3000,99.99999999999689,TRACKING,1,0,1,0,-15.867497024649781,8.59363805915435,-15.76442293346555,8.631924835209189,-15.772200653590597,8.639039394886867,-15.795580293678272,8.582925172921295,0.10555889173038216,8.444711338430572,5.816820918719515,0,11.733699997421354,21.30619999661576
3001,100.03333333333022,TRACKING,1,0,1,0,-15.851617167351057,8.674902225924969,-15.74511536398773,8.708422011046032,-15.751237897403586,8.715973186509496,-15.81771963336973,8.655148691121404,0.1084565426266345,8.67652341013076,3.1386569838714795,1,8.198700001230463,23.55800000077579
3002,100.06666666666355,TRACKING,1,0,1,0,-15.835321490642444,8.75608403170286,-15.74219405693395,8.782997797151275,-15.738407407922253,8.77853405142041,-15.82023752064262,8.745444794106929,0.09948036396603345,7.958429117282676,1.4766871627061626,1,10.355100006563589,26.717300002928823
3003,100.09999999999688,TRACKING,1,0,1,0,-15.818646345880948,8.837188743131568,-15.741526800313606,8.863968585090852,-15.734524453354453,8.858252273263918,-15.809510055451673,8.859455724126612,0.08671888550872649,6.937510840698119,1.925475933588068,1,6.353400007355958,20.395799991092645
3004,100.13333333333021,TRACKING,1,0,1,0,-15.801894980282974,8.918277746204451,-15.738174169335675,8.959899253906416,-15.74072558330701,8.95937554809801,-15.800911877884385,8.946018361932246,0.0736934491449906,5.895475931599248,2.2206424314178306,1,9.5735000068089,24.17159998731222
3005,100.16666666666355,TRACKING,1,0,1,0,-15.785006652096484,8.999338334900909,-15.734587202518638,9.051755248764005,-15.744695474074254,9.056993041397373,-15.79137260848545,9.033576027191002,0.07034952917208062,5.627962333766449,2.7859590510670937,0,8.321000001160428,26.3727999990806
3006,100.19999999999688,TRACKING,1,0,1,0,-15.767769652826493,9.080325497617707,-15.730004394919417,9.143138240858136,-15.733629354123961,9.142659667362745,-15.781833339086514,9.121133692449757,0.07107115246920684,5.685692197536547,3.4530876957721772,0,8.356499994988553,24.136499996529892
3007,100.23333333333021,TRACKING,1,0,1,0,-15.750258020101361,9.161253721298023,-15.724674096250556,9.233895103868761,-15.719363509512693,9.224485771803838,-15.727290366066057,9.181775840957233,0.07037586941333912,5.63006955306713,2.4640396453853985,1,6.506200006697327,18.977399988216348
3008,100.26666666666354,TRACKING,1,0,1,0,-15.732622437958186,9.242155024817942,-15.69844506361396,9.312018465817344,-15.699676957723504,9.31224525127791,-15.712390090229217,9.244558600270881,0.07744704328186695,6.1957634625493565,1.6299694614737283,1,6.227799996850081,21.31579999695532
3009,100.29999999999687,TRACKING,1,0,1,0,-15.714987882141191,9.323056552058707,-15.678364130188251,9.383862195973185,-15.688149756962567,9.386393558747942,-15.7042764879682,9.31495960336506,0.06878852651028135,5.503082120822508,1.0741904286351376,1,5.999299988616258,19.30480000737589
3010,100.3333333333302,TRACKING,1,0,1,0,-15.697066522492614,9.403895030131325,-15.663085213722292,9.454452446454352,-15.667236603314613,9.456076855796063,-15.683019801528907,9.383797751099673,0.060106297572476645,4.808503805798131,1.9615683428250603,1,7.2878000064520165,23.018199994112365
3011,100.36666666666353,TRACKING,1,0,1,0,-15.67878020743728,9.484651734809315,-15.644486335427882,9.522945440618638,-15.638671590415697,9.522546854153614,-15.671576827576104,9.46824349642072,0.05517917387477454,4.414333909981964,1.4335834116034412,1,7.8424999956041574,20.83890000358224
3012,100.39999999999687,TRACKING,1,0,1,0,-15.660121985171422,9.565323324669865,-15.62947096691809,9.598087633204775,-15.62345756368479,9.592944674484514,-15.677450283781916,9.568113763671176,0.0459044526002935,3.6723562080234804,1.4041230317705906,1,8.594999992055818,21.416899995529093
3013,100.4333333333302,TRACKING,1,0,1,0,-15.641124194695607,9.645915623469365,-15.624885054148393,9.684487083373776,-15.637082154829034,9.692242940238087,-15.667928363811905,9.651405572995388,0.046503315637408074,3.720265250992646,2.1888488705266287,0,6.404499989002943,23.813899999368005
3014,100.46666666666353,TRACKING,1,0,1,0,-15.621921042328127,9.726459236548878,-15.618209144865993,9.768958429009647,-15.626893159984249,9.775630184095201,-15.641597264523261,9.7018904205001,0.04942169601085652,3.9537356808685216,2.518133203035647,1,6.148400003439747,19.245000003138557
3015,100.49999999999686,TRACKING,1,0,1,0,-15.602352860697875,9.806914944465946,-15.603155291458876,9.837637313077444,-15.600440168857942,9.836026878646747,-15.636400904042201,9.795656381733663,0.02917469968691735,2.333975974953388,2.8688946893172385,1,10.768500011181459,21.996700001182035
3016,100.53333333333019,TRACKING,1,0,1,0,-15.582440448169333,9.887286148861826,-15.593499154742895,9.918367689713351,-15.586426401837546,9.916963031083933,-15.631397507556425,9.895256878366808,0.02994336596092633,2.3954692768741066,3.968134024085686,1,9.211900003720075,29.182899990701117
3017,100.56666666666352,TRACKING,1,0,1,0,-15.562307070120278,9.967602285204933,-15.586163620939129,10.007273664819657,-15.590207821179003,10.010202575641546,-15.603427254435635,9.9806703567824,0.05092383189553583,4.073906551642866,3.451741870193899,1,6.300000008195639,20.321099989814684
3018,100.59999999999685,TRACKING,1,0,1,0,-15.542124897212945,10.04790617406151,-15.569094965209922,10.094568770449802,-15.576310190778583,10.099852177557691,-15.575196089775721,10.05250329966626,0.062185380720827264,4.974830457666181,2.671134400332636,1,6.038299994543195,19.37779999570921
3019,100.63333333333019,TRACKING,1,0,1,0,-15.521996617058194,10.128223588155608,-15.546854881915586,10.17488424876606,-15.542189919731754,10.172165881760515,-15.556826032980451,10.121962080317568,0.048360052110454244,3.8688041688363395,2.8310220841429268,1,9.256899997126311,22.441799999796785
3020,100.66666666666352,TRACKING,1,0,1,0,-15.501989494667425,10.208571268410807,-15.526106702207846,10.25018045099623,-15.516495197612963,10.243852454137025,-15.538232529558694,10.199913948032366,0.03814678864848348,3.0517430918786785,2.98101381333504,0,7.678099995246157,26.09100000699982
3021,100.69999999999685,TRACKING,1,0,1,0,-15.482450409454744,10.289034047494074,-15.505638604274532,10.326566956463004,-15.50799869637041,10.323930869817012,-15.519639026136938,10.277865815747164,0.04324931412824916,3.4599451302599324,3.106352315974799,0,7.945399993332103,26.21569999610074
3022,100.73333333333018,TRACKING,1,0,1,0,-15.463290256687252,10.36958790037944,-15.485476712683235,10.403132784286665,-15.492221365099828,10.410578661415283,-15.50104552271518,10.355817683461963,0.05017221865014403,4.013777492011522,3.2150436257509907,0,7.763200002955273,28.521600004751235
3023,100.76666666666351,TRACKING,1,0,1,0,-15.444641165148289,10.450261601506401,-15.465569558142002,10.47989436647388,-15.465731646728148,10.48665237404336,-15.435491983812943,10.469691332981006,0.042060631701235834,3.364850536098867,1.7180863480647501,1,8.012300007976592,26.6364999988582
3024,100.79999999999684,TRACKING,1,0,1,0,-15.426637839103751,10.531081864560198,-15.42614066871897,10.571916854186323,-15.421423513742337,10.561820480660018,-15.428692939299612,10.560757858193568,0.03117774380398264,2.4942195043186115,2.379765413572174,1,7.90660000347998,31.622199996490963
3025,100.83333333333017,TRACKING,1,0,1,0,-15.409334865235921,10.612054957400227,-15.400742948572827,10.663146609876604,-15.399160652389883,10.659367714022974,-15.392160234727701,10.623465318180429,0.04839433382411354,3.871546705929083,1.6495609427544407,1,5.781100000604056,28.14909999142401
3026,100.8666666666635,TRACKING,1,0,1,0,-15.392576542578205,10.69314252297258,-15.368024446858799,10.742264996955274,-15.377116508588953,10.748689105381077,-15.36162472725377,10.693314634784175,0.05765791765414936,4.612633412331949,2.4761835077116863,1,7.9270999995060265,25.88349999859929
3027,100.89999999999684,TRACKING,1,0,1,0,-15.376304029581622,10.77432897497984,-15.335284402261157,10.817827968797374,-15.336935994199951,10.82472022567929,-15.33986461353454,10.767443615582598,0.06394623020059337,5.1156984160474686,2.966737430518923,1,8.929499992518686,21.849700002348982
3028,100.93333333333017,TRACKING,1,0,1,0,-15.360572275225149,10.85562194253312,-15.30654352649505,10.892513093300343,-15.301918514407625,10.892437190027678,-15.313819315726628,10.844060668134107,0.06925045924847688,5.5400367398781505,3.8528969153920514,0,7.81700000516139,24.677800000063144
3029,100.9666666666635,TRACKING,1,0,1,0,-15.345248017396495,10.936992709954545,-15.277841738181094,10.967661583752031,-15.274218720784301,10.962984633655315,-15.30195534919288,10.92598103685673,0.07563558074669396,6.050846459735517,3.5736923781222307,1,7.876999996369705,21.437600007629953
3030,100.99999999999683,TRACKING,1,0,1,0,-15.330425906089276,11.018456442284627,-15.256388481094124,11.045549353451449,-15.265298083419522,11.044451227265956,-15.279631770340258,11.003989880625744,0.0701239055667078,5.609912445336624,4.225125329432046,0,7.480900007067248,26.262400002451614
3031,101.03333333333016,TRACKING,1,0,1,0,-15.316142184253291,11.100016297356,-15.233917676140722,11.123101673356384,-15.23813897616387,11.123574362119237,-15.257308191487635,11.081998724394758,0.08148302208208956,6.518641766567165,4.922484992058677,0,5.590400003711693,22.4846999917645
3032,101.0666666666635,TRACKING,1,0,1,0,-15.302035756228221,11.18160700367188,-15.211535280994854,11.200724018090078,-15.210241965298588,11.195365147994583,-15.2568134462269,11.172709139639181,0.09281910680693727,7.4255285445549815,3.6871489744354036,1,7.853000002796762,25.55029999348335
3033,101.09999999999683,TRACKING,1,0,1,0,-15.287541228022775,11.263129658933178,-15.198608035301707,11.28387562577422,-15.19469224119402,11.27909674777683,-15.26285786016598,11.252626306882584,0.09421190095347574,7.53695207627806,2.146012567422766,1,6.720300007145852,30.457400003797375
3034,101.13333333333016,TRACKING,1,0,1,0,-15.272606850653188,11.34457288481068,-15.194157423908589,11.365465945437844,-15.193867038187625,11.363816686429338,-15.265147904692927,11.339646829304387,0.08105727584770205,6.484582067816163,0.7151028913454752,1,9.409500009496696,31.790900000487454
3035,101.16666666666349,TRACKING,1,0,1,0,-15.25714556093539,11.425917726005515,-15.193960297461865,11.45003243817369,-15.200812905938452,11.454514282416978,-15.267658095103725,11.412866212302562,0.06317539914870353,5.054031931896282,1.3406992434189562,1,8.940999992773868,30.144600008497946
3036,101.19999999999682,TRACKING,1,0,1,0,-15.241458112852367,11.507219255150996,-15.197096097995267,11.529365810468226,-15.19950325801346,11.530467604047056,-15.258371134304056,11.499390095388431,0.04796556651335122,3.8372453210680972,1.4909777456969613,1,10.706400003982708,27.816000001621433
3037,101.23333333333015,TRACKING,1,0,1,0,-15.225864121376462,11.588538761412412,-15.196341434910313,11.6127581720333,-15.191998537656662,11.609911519693084,-15.251814427109933,11.581062287247953,0.040045880652157,3.2036704521725596,2.1604681471827973,0,7.404399992083199,24.03780000167899
3038,101.26666666666348,TRACKING,1,0,1,0,-15.210201962370283,11.669845166104885,-15.194981618664025,11.695400695797725,-15.191479487006387,11.695402188945522,-15.21631228919448,11.69612013721939,0.03168110636055091,2.5344885088440727,2.158088340681671,1,8.457199990516528,25.30220001062844
3039,101.29999999999681,TRACKING,1,0,1,0,-15.194271395079845,11.751099407191463,-15.178947138025045,11.793894697995963,-15.176964994991044,11.797782227789918,-15.182052099875532,11.785295361608048,0.04978752075632233,3.9830016605057867,2.9050846170134896,1,7.526100001996383,21.902399996179156
3040,101.33333333333015,TRACKING,1,0,1,0,-15.177971321008798,11.832280330160035,-15.15542491057774,11.888421076762434,-15.150756880592468,11.88944017879037,-15.153311710148577,11.84975253394984,0.06330777252926148,5.064621802340918,2.4177666561353326,1,8.866200005286373,28.589699999429286
3041,101.36666666666348,TRACKING,1,0,1,0,-15.161330915948593,11.913392176324349,-15.129160818532235,11.96996945800737,-15.12574922350735,11.96416885669168,-15.13762157152681,11.921386393138958,0.06200264596055004,4.960211676844003,2.0016641322895223,1,10.642799999914132,28.705700009595603
3042,101.39999999999681,TRACKING,1,0,1,0,-15.144538079344523,11.99447260125873,-15.107183762205114,12.047630341659756,-15.10735608945167,12.043191431360555,-15.121445950751173,11.995234850800964,0.061286415940913365,4.902913275273069,1.8483764592076737,1,9.578400000464171,29.412799995043315
3043,101.43333333333014,TRACKING,1,0,1,0,-15.12773137801353,12.075550153387058,-15.087078880331298,12.123193513268644,-15.09402116700619,12.12292545876599,-15.104812705746292,12.080906152395157,0.05814462903748254,4.651570322998603,1.8828952410461117,1,11.212199999135919,29.98380000644829
3044,101.46666666666347,TRACKING,1,0,1,0,-15.111080484609106,12.156659847120824,-15.06813500506769,12.203245815848462,-15.076840264478339,12.207861829787262,-15.086463239283988,12.161267406519316,0.06159574420020925,4.927659536016741,2.0035781927464225,0,8.926199996494688,30.931100001907907
3045,101.4999999999968,TRACKING,1,0,1,0,-15.094246249740854,12.237731686899822,-15.049156518886592,12.28283633009177,-15.049663467460634,12.283558254211293,-15.068113772821684,12.241628660643476,0.06393511357148113,5.11480908571849,2.1137155975801942,0,13.810000004014,30.558900005416945
3046,101.53333333333013,TRACKING,1,0,1,0,-15.07720334656247,12.31875991728901,-15.03029513167891,12.362555497249021,-15.02402964242916,12.360272652211902,-15.068343554770609,12.319602371452383,0.06745924674968794,5.396739739975035,0.7119804024832104,1,10.901099987677298,32.30590000748634
3047,101.56666666666347,TRACKING,1,0,1,0,-15.060422187872652,12.399842759998045,-15.019827409311741,12.441285675932459,-15.02099365136975,12.442850902273236,-15.065712819106219,12.397464453319538,0.058346463412307446,4.667717072984596,0.4640491112397616,1,7.249899994349107,30.617199998232536
3048,101.5999999999968,TRACKING,1,0,1,0,-15.044230543647494,12.4810453789585,-15.01284079074966,12.519428664932352,-15.014048249612742,12.530149079862165,-15.051592192059399,12.4696344604879,0.05763804573054829,4.611043658443863,1.0863603164569593,1,12.124899993068539,29.361200009589083
3049,101.63333333333013,TRACKING,1,0,1,0,-15.028816286417312,12.56239914557562,-15.003230613356239,12.594446315580797,-14.998272191496339,12.597808047721571,-15.03001728529012,12.545043264477467,0.04676250726514743,3.7410005812117944,1.391790804937479,1,10.4667999985395,31.88840000075288
3050,101.66666666666346,TRACKING,1,0,1,0,-15.013901016379087,12.64384587287904,-14.988787033402875,12.669243599632944,-14.982528959048686,12.661091048319838,-15.016776344517748,12.628365315266594,0.03579947006766771,2.8639576054134173,1.2596257879793114,1,11.312400005408563,25.598899999749847
3051,101.69999999999679,TRACKING,1,0,1,0,-14.999499283384644,12.725384972429548,-14.975630762606842,12.7476680492518,-14.977395927324,12.744405380491402,-15.00249938106555,12.707115280711632,0.029160491627937754,2.3328393302350205,1.4811503022992718,0,9.274000010918826,27.06539999053348
3052,101.73333333333012,TRACKING,1,0,1,0,-14.98551738237043,12.80699711069819,-14.962186470119844,12.825714259646958,-14.967622927681939,12.827995724971746,-14.98822241761335,12.78586524615667,0.02758900705005713,2.2071205640045704,1.7043434671057673,0,8.759399992413819,22.325099998852238
3053,101.76666666666345,TRACKING,1,0,1,0,-14.972221495442199,12.888723814164942,-14.94863226463847,12.903874536170786,-14.94536239056405,12.902574220053266,-14.96456145339465,12.882175117502715,0.030219948016611542,2.4175958413289234,0.8062224889707085,1,8.009099998162128,26.89210000971798
3054,101.79999999999679,TRACKING,1,0,1,0,-14.959971273170755,12.970613781334622,-14.930774349546414,12.989970127819246,-14.923837747316064,12.982240010245821,-14.961873615344144,12.979432797532953,0.03795788309939338,3.0366306479514704,0.7217487760203477,1,9.57550000748597,21.651000002748333
3055,101.83333333333012,TRACKING,1,0,1,0,-14.948969195198028,13.052680759767076,-14.919991949007297,13.081004077745693,-14.917513595219603,13.075896980796223,-14.935306709402818,13.059108624751628,0.03909536659090061,3.127629327272049,1.2079230872573394,1,9.528499998850748,25.026900009834208
3056,101.86666666666345,TRACKING,1,0,1,0,-14.939456174831115,13.134933644897323,-14.901591108193097,13.167318205382818,-14.908632933903528,13.169770966504844,-14.924497462581277,13.150055699621864,0.046515708723676344,3.7212566978941077,1.7016502320097937,1,9.940300005837344,20.45199999702163
3057,101.89999999999678,TRACKING,1,0,1,0,-14.931171208011552,13.217319286811128,-14.88723699064435,13.256956125654474,-14.890539098010004,13.261814217688814,-14.92133625864443,13.242730884623095,0.06025584815590905,4.820467852472724,2.179872337415771,1,9.359100004076026,29.74559999711346
3058,101.93333333333011,TRACKING,1,0,1,0,-14.923890134798345,13.299799712620011,-14.878327850075518,13.348827474474747,-14.86981464135019,13.347132926579834,-14.909692889215192,13.33085218477563,0.07186509678159292,5.7492077425274335,2.73152594320326,0,7.8655999968759716,34.84609999577515
3059,101.96666666666344,TRACKING,1,0,1,0,-14.917602636749642,13.382361822797977,-14.868284072594747,13.43972446324181,-14.865866804631139,13.437841244174093,-14.898049519785953,13.418973484928165,0.07585883284906629,6.0687066279253035,3.3204705082798975,0,5.558200005907565,18.230100002256222
3060,101.99999999999677,TRACKING,1,0,1,0,-14.91203291894498,13.464975459156191,-14.858046964661046,13.530196026921159,-14.864925154646377,13.535998631228136,-14.886406150356715,13.5070947850807,0.08522577326357225,6.81806186108578,3.9442262690562653,0,6.571399993845262,17.51679999870248
3061,102.0333333333301,TRACKING,1,0,1,0,-14.907225858802517,13.547636978870855,-14.847600901437232,13.620284317243847,-14.85520070508064,13.627139318794045,-14.96471420520728,13.562388756846591,0.09501178175914546,7.600942540731637,4.7480690312079075,1,10.970699993777089,18.3275000017602
3062,102.06666666666344,TRACKING,1,0,1,0,-14.903448401294915,13.630351944164502,-14.874833865076491,13.696235732525107,-14.871168010717442,13.695305413558211,-14.971384427703683,13.643826602002218,0.07253259130979436,5.802607304783549,5.540755234041705,0,5.456000013509765,20.711899996967986
3063,102.09999999999677,TRACKING,1,0,1,0,-14.900742975749488,13.713108909680216,-14.89322750143254,13.775086474023361,-14.887612881290094,13.767425845073792,-14.959178109874316,13.715184358113483,0.055881381971659407,4.470510557732752,4.677758359820331,1,7.57470000826288,19.395600000279956
3064,102.1333333333301,TRACKING,1,0,1,0,-14.898909325993985,13.795889779434798,-14.902024213943115,13.849853198211177,-14.902188318767594,13.855476841811805,-14.934123224037762,13.782713856465206,0.05967721337605102,4.774177070084082,3.00785484919804,1,6.992299997364171,26.896399998804554
3065,102.16666666666343,TRACKING,1,0,1,0,-14.898292591573284,13.878688658095111,-14.89845520465557,13.920596508173064,-14.904559275168431,13.931567793972063,-14.93587433693022,13.86704665076243,0.053249172147318564,4.2599337717854855,3.147493142227624,1,9.314099996117875,22.857400006614625
3066,102.19999999999676,TRACKING,1,0,1,0,-14.898739706576608,13.961488626434022,-14.89926098146396,13.996694678822433,-14.897532658851405,14.01079544630899,-14.933442534687797,13.945617222002449,0.04932159213157469,3.9457273705259754,3.052802261577085,0,6.377099998644553,21.996600000420585
3067,102.2333333333301,TRACKING,1,0,1,0,-14.900196486445157,14.04427698588851,-14.899118266454135,14.072620685684775,-14.889939901596806,14.068076436733952,-14.931010732445374,14.024187793242467,0.025915466295168294,2.0732373036134635,2.9427534510188136,0,6.2141000089468434,23.53539998875931
3068,102.26666666666343,TRACKING,1,0,1,0,-14.902972169093484,14.12703162475901,-14.898659179533114,14.148969154303613,-14.894426763826809,14.144640627016885,-14.928578930202951,14.102758364482485,0.019572963794213607,1.5658371035370884,2.822648264556352,0,9.468799995374866,23.409800007357262
3069,102.29999999999676,TRACKING,1,0,1,0,-14.907044065907195,14.209732618254186,-14.897903747404458,14.225641177610477,-14.893954948085693,14.229294076582228,-14.886949539229025,14.174348430993586,0.02353668747434291,1.8829349979474328,3.255351985159618,1,8.8363999966532,27.396899997256696
3070,102.33333333333009,TRACKING,1,0,1,0,-14.912490157752456,14.292354496424341,-14.880392536837535,14.29964919926197,-14.87798223956876,14.303860302286749,-14.876525432869949,14.251495692318716,0.03637554103949598,2.9100432831596783,4.354604594727776,0,7.23320001270622,21.275899998727255
3071,102.36666666666342,TRACKING,1,0,1,0,-14.918960015953202,14.374902516410366,-14.866458415066816,14.374564735400904,-14.858186145197944,14.369595744596793,-14.91568620287213,14.33555853998294,0.06100512432294567,4.880409945835654,3.1583958796442744,1,6.597400002647191,21.99280000058934
3072,102.39999999999675,TRACKING,1,0,1,0,-14.926512970579486,14.457358489785035,-14.874324121952004,14.45276513514201,-14.871255118073208,14.446214620254343,-14.935491077268816,14.435914648483337,0.05637034762818714,4.509627810254972,1.8597973730445583,1,7.432799990056083,27.172300004167482
3073,102.43333333333008,TRACKING,1,0,1,0,-14.93493571570473,14.539730159874368,-14.886823853706646,14.540472219717072,-14.890713345590871,14.539011993450423,-14.94035788097634,14.519716496232924,0.044228201201265485,3.5382560961012386,1.6588123145634477,0,8.345600013853982,25.161599987768568
3074,102.46666666666341,TRACKING,1,0,1,0,-14.944211315125052,14.622010156982686,-14.897102567135098,14.626213853251159,-14.90224222558872,14.63095560531838,-14.945224684683863,14.603518343982511,0.042911834293528364,3.432946743482269,1.481564720737978,0,8.210100000724196,33.806299994466826
3075,102.49999999999675,TRACKING,1,0,1,0,-14.954143570270402,14.70421347185793,-14.90661708103612,14.711717853090283,-14.900500207741352,14.708840260224132,-14.983206568677993,14.715519085116606,0.05384252514517373,4.307402011613898,2.4947622156438203,1,7.466399998520501,20.50890000828076
3076,102.53333333333008,TRACKING,1,0,1,0,-14.96461296918494,14.786350104094218,-14.93008607390646,14.809425834297889,-14.923971327073984,14.808449730710148,-15.002091914751984,14.79368279932021,0.046261610110744034,3.7009288088595227,3.055161958490401,1,7.747700001345947,20.97680000588298
3077,102.56666666666341,TRACKING,1,0,1,0,-14.975238172555851,14.86846672678462,-14.952732228645424,14.898716656894777,-14.955046267023993,14.90116568885122,-15.017159140971353,14.874989093566162,0.03843091423893604,3.074473139114883,3.3940266222422832,1,8.003799986909144,26.851900009205565
3078,102.59999999999674,TRACKING,1,0,1,0,-14.986206894788658,14.950538170060161,-14.974306132373798,14.98567983049068,-14.979077448673443,14.997794110446902,-15.00358902015084,14.953052385453454,0.0477907198496209,3.8232575879696715,1.4050413486311193,1,11.659700001473539,29.156499993405305
3079,102.63333333333007,TRACKING,1,0,1,0,-14.99730185237448,15.032592643338099,-14.980953289129333,15.068960890346805,-14.9752665098663,15.07568775726603,-14.99511657211211,15.041017291297198,0.04840191281255531,3.8721530250044247,0.696276464906819,1,8.357400001841597,28.773899990483187
3080,102.6666666666634,TRACKING,1,0,1,0,-15.008419913198026,15.11464398941039,-14.98180309637816,15.154930840289012,-14.9751248207616,15.15239559833001,-14.996947999099133,15.098182161225184,0.050336340315621814,4.0269072252497455,1.605184799911282,1,15.555100006167777,24.694299994735047
3081,102.69999999999673,TRACKING,1,0,1,0,-15.019876499805696,15.196648753247937,-14.98352208925031,15.226389706013505,-14.989535276145089,15.227423484259443,-14.999044911490406,15.175042661809394,0.04321659313335012,3.4573274506680094,2.4010374544195274,0,8.138200006214902,23.60289999342058
3082,102.73333333333007,TRACKING,1,0,1,0,-15.031624108451108,15.27861233271995,-14.98528250748816,15.300430653822644,-14.99165228539318,15.3053357706583,-15.00114182388168,15.251903162393605,0.048082104506969925,3.846568360557594,3.2422702684072227,0,9.280099999159575,20.9537999908207
3083,102.7666666666634,TRACKING,1,0,1,0,-15.043701185852719,15.36052801418685,-14.98710574754796,15.374785463272604,-14.985714418083141,15.377723675208374,-15.022688671311615,15.32318924447514,0.060482691692169896,4.838615335373592,3.42761443892319,1,6.9134000077610835,22.628999999142252
3084,102.79999999999673,TRACKING,1,0,1,0,-15.055908636315122,15.442424368330114,-14.997675603870542,15.447024557843891,-14.991133095907804,15.442571718575369,-15.03839756957305,15.41121974568691,0.06477570800195756,5.182056640156604,2.8625761072153515,1,6.542299990542233,18.374000006588176
3085,102.83333333333006,TRACKING,1,0,1,0,-15.068125119045723,15.52431937561654,-15.010559732477251,15.525766565392813,-15.010786744231899,15.522481950468247,-15.049153136632219,15.497837044452677,0.05736780767526469,4.589424614021175,2.6061465568255255,1,6.037900006049313,20.446199996513315
3086,102.86666666666339,TRACKING,1,0,1,0,-15.080105162174428,15.606249304430042,-15.023267466452554,15.607489436719503,-15.0300066404033,15.60776711954191,-15.064628659760949,15.583095703047885,0.050121508819727115,4.009720705578169,2.2279840342957735,1,6.110600006650202,17.547700001159683
3087,102.89999999999672,TRACKING,1,0,1,0,-15.091767238874073,15.688225097416767,-15.038415668244102,15.690850215404465,-15.039848332054845,15.696126053040754,-15.082270343774361,15.66813584695744,0.05251664483833589,4.201331587066871,1.7776730868008157,1,8.06670000019949,17.68459999584593
3088,102.93333333333005,TRACKING,1,0,1,0,-15.103427581435323,15.770201137087547,-15.055893105624257,15.775284209579345,-15.051454946597806,15.767393857759158,-15.101685710026171,15.7487356413795,0.05204839660528914,4.163871728423131,1.7228843201992126,1,5.742499997722916,18.0809000012232
3089,102.96666666666339,TRACKING,1,0,1,0,-15.115010837674772,15.852188104610697,-15.075579810514384,15.858158656512524,-15.067351881456224,15.857718466286208,-15.11644051930665,15.830890306103022,0.04797875579986883,3.838300463989506,1.707658440493612,0,5.875999995623715,17.4995000124909
3090,102.99999999999672,TRACKING,1,0,1,0,-15.126498240306775,15.93418855735043,-15.094123741972611,15.941053711537691,-15.100076117541638,15.941103775796098,-15.131195328587129,15.913044970826544,0.027312063590422313,2.184965087233785,1.7327229704143403,0,5.594199988991022,16.9437000004109
3091,103.03333333333005,TRACKING,1,0,1,0,-15.138132435272345,16.01616831202348,-15.112113887065371,16.023808777363143,-15.124008031253494,16.020697831650228,-15.145950137867608,15.995199635550065,0.014832913973215787,1.1866331178572629,1.7902882304965575,0,6.858799999463372,16.47610000509303
3092,103.06666666666338,TRACKING,1,0,1,0,-15.157892826727624,16.096577027958293,-15.129611296758137,16.106454881830587,-15.131521438644866,16.100745973814803,-15.150545256324223,16.08815579559357,0.02669888048150975,2.13591043852078,0.8940834694765042,1,5.683600000338629,18.892799998866394
3093,103.09999999999671,TRACKING,1,0,1,0,-15.185581975373108,16.17461128784483,-15.142422929362247,16.193548728911914,-15.143305796993818,16.188776215792576,-15.164549528513401,16.155147675200865,0.04458610144565606,3.5668881156524845,2.292521459787931,1,6.534300002385862,17.98979999148287
3094,103.13333333333004,TRACKING,1,0,1,0,-15.220923220388345,16.249491399152998,-15.156438239239371,16.271945371686172,-15.15911827016821,16.265700694952635,-15.177905083011542,16.240781622069193,0.06389517307303728,5.1116138458429825,3.511280436735606,1,5.616900001768954,16.480000005685724
3095,103.16666666666337,TRACKING,1,0,1,0,-15.263563443735407,16.320469184562686,-15.17035705464059,16.354170684682206,-15.178573246189309,16.357025228813505,-15.203966630033937,16.316423031785074,0.09251852814540777,7.401482251632622,4.778720535485601,1,6.640199993853457,17.782299997634254
3096,103.1999999999967,TRACKING,1,0,1,0,-15.313076598397593,16.386835457504212,-15.1905282782433,16.43288942380407,-15.193752122038813,16.435221892403707,-15.243316247426508,16.379294518028033,0.1287617091397138,10.300936731177103,5.6133397321979,1,6.616699989535846,16.025899996748194
3097,103.23333333333004,TRACKING,1,0,1,0,-15.368967965300392,16.447927108116122,-15.220798329726556,16.50352044788942,-15.208681432036604,16.499393740118023,-15.289221279155266,16.44542545753173,0.16834662739521247,13.467730191616997,6.382873187159884,1,5.957400004263036,17.497299995739013
3098,103.26666666666337,TRACKING,1,0,1,0,-15.43067909638094,16.503133728819716,-15.260140941678664,16.57131203727465,-15.26322886788137,16.569733725440106,-15.345899100266816,16.5081053698775,0.18020859739311595,14.416687791449275,6.794051495085768,1,10.949500006972812,20.776999997906387
3099,103.2999999999967,TRACKING,1,0,1,0,-15.49759339441647,16.5519037133098,-15.310299896224752,16.63532938928825,-15.317151949925972,16.642755491235746,-15.444569079422527,16.556435971390144,0.20202267308924163,16.16181384713933,4.257412806019115,1,5.699100001947954,22.154100006446242
3100,103.33333333333003,TRACKING,1,0,1,0,-15.569042273859935,16.593749768022573,-15.387770670267852,16.69001149497283,-15.39263130097631,16.690739572316424,-15.528316995723955,16.60870250270584,0.20131530863475514,16.10522469078041,3.470684131993435,1,9.073499997612089,22.122700000181794
3101,103.36666666666336,TRACKING,1,0,1,0,-15.644311841125797,16.628253781011804,-15.472445929280006,16.741680207142934,-15.46492147480376,16.733546280538338,-15.628458058224405,16.663406851403398,0.2080082065345018,16.640656522760146,3.0850149201488946,1,6.300100008957088,20.1284999930067
3102,103.3999999999967,TRACKING,1,0,1,0,-15.722650027578744,16.655070999585217,-15.570759218105676,16.792482711125523,-15.572673399690997,16.791098623381426,-15.704906995224352,16.68958968828028,0.2024759327629412,16.198074621035296,3.104943224066423,1,10.540799994487315,18.728199996985495
3103,103.43333333333003,TRACKING,1,0,1,0,-15.803274103954902,16.67393347495942,-15.664374473627468,16.82845606059527,-15.673184708516892,16.830249913666634,-15.804062395543918,16.72288854294872,0.20336686017031694,16.269348813625356,3.916913140086816,1,6.823100004112348,20.123700000112876
3104,103.46666666666336,TRACKING,1,0,1,0,-15.885378501133896,16.684652739515577,-15.767371008145512,16.86041956067222,-15.76746986906832,16.869723752662,-15.88567462743807,16.76770595083474,0.21943957123230784,17.555165698584627,6.644299138943444,0,6.528900004923344,19.41739999165293
3105,103.49999999999669,TRACKING,0,1,1,0,-15.968142859119219,16.687121689905563,-15.865522994088096,16.89525029128685,-15.858480211051495,16.89527747362563,-15.967286859332221,16.812523358720757,0.23527585230392964,18.82206818431437,10.032367226857941,0,6.954299999051727,19.768300000578165
3106,103.53333333333002,TRACKING,0,1,1,0,-16.05074022380414,16.68131565719321,-15.961217117265406,16.93155614717951,-15.956616314107162,16.927464867500774,-16.06571659634612,16.793016025348646,0.2635312962660839,21.082503701286715,9.015990765062202,1,6.441100005758926,19.92009999230504
3107,103.56666666666335,TRACKING,1,0,1,0,-16.132345309623787,16.66729265333816,-16.062244433910813,16.94044631708727,-16.065731347535387,16.94221724527808,-16.146172544242738,16.762776221924383,0.28287974688628237,22.630379750902588,7.718364298079885,1,7.179200008977205,19.207199991797097
3108,103.59999999999668,TRACKING,1,0,1,0,-16.212142745535704,16.645192791559538,-16.157538421958197,16.929277496338,-16.16141449696799,16.929794322845602,-16.224426361357917,16.729096251596552,0.28908716127341344,23.126972901873078,6.783829160042538,1,7.477499995729886,18.19180000165943
3109,103.63333333333001,TRACKING,1,0,1,0,-16.289335221937787,16.615236886370997,-16.248655912263438,16.90235211873781,-16.253267290012484,16.902719235367883,-16.2952798060592,16.69003224942609,0.2897360811119928,23.178886488959424,6.002497834692233,1,9.749000004376285,26.320200006011873
3110,103.66666666666335,TRACKING,1,0,1,0,-16.363151457122264,16.57772424727508,-16.33299290354292,16.86221141100098,-16.328968711990335,16.84951885596001,-16.36637298339511,16.649365373539485,0.27393570299424197,21.914856239539358,5.737081741211238,1,10.375999991083518,19.40900000045076
3111,103.69999999999668,TRACKING,1,0,1,0,-16.432853903667578,16.533029688161594,-16.413106252462185,16.813282015760333,-16.418550763650217,16.80764949508103,-16.425535991626674,16.586279800426954,0.27499203291518165,21.999362633214535,4.300047473532794,1,8.819399998174049,18.777299992507324
3112,103.73333333333001,TRACKING,1,0,1,0,-16.49774611776841,16.481599782291152,-16.4841825685233,16.748090665432713,-16.49246207255329,16.749040179352757,-16.489663178506454,16.51737164189386,0.267492592634459,21.399407410756723,2.9338955362979817,1,6.571799996891059,22.289600005024113
3113,103.76666666666334,TRACKING,1,0,1,0,-16.557179717871982,16.423948400282743,-16.552558752724384,16.67167550223175,-16.554466507450737,16.671646695793594,-16.552520960713075,16.452319918930343,0.2477131548985053,19.817052391880424,2.3001176855272467,1,6.350299998302944,19.714800000656396
3114,103.79999999999667,TRACKING,1,0,1,0,-16.610560863092193,16.36065157568838,-16.618130084161947,16.591096766797907,-16.613647816965067,16.579621111554886,-16.61480125487646,16.38596717275984,0.21899129416898383,17.51930353351871,2.0534620562453996,1,6.358200000249781,20.310699997935444
3115,103.83333333333,TRACKING,1,0,1,0,-16.657356186671464,16.29234174945626,-16.68170739997945,16.507794521071485,-16.68423235562737,16.499674054593164,-16.631602353807185,16.33145839000201,0.20906700651018345,16.725360520814675,3.7466755181939915,1,5.874800001038238,19.88020000862889
3116,103.86666666666333,TRACKING,1,0,1,0,-16.69709812520507,16.21970145078987,-16.72117852538953,16.42965866945648,-16.729926769481146,16.431836158432795,-16.65537283390644,16.28305789367188,0.2146598566843699,17.172788534749593,6.068957756250126,1,11.677500006044284,30.084800004260615
3117,103.89999999999667,TRACKING,1,0,1,0,-16.72938959038012,16.143456477541797,-16.75147403574804,16.358001401973812,-16.756065536941968,16.359015964211732,-16.68182896308178,16.191843233863267,0.21720381768830999,17.3763054150648,5.427804834413139,1,8.366899986867793,25.69260000018403
3118,103.93333333333,TRACKING,1,0,1,0,-16.75390793655072,16.064368644281494,-16.77668245585585,16.26941298679844,-16.76846342485781,16.262336299045273,-16.72079734768157,16.128433701673906,0.19850202662070923,15.880162129656737,5.769238521097159,0,8.11769999563694,23.046600006637163
3119,103.96666666666333,TRACKING,1,0,1,0,-16.77040818450663,15.983228170495938,-16.805033123380426,16.187179544061266,-16.79956601754666,16.18666887732679,-16.746255275990418,16.018245514281087,0.2055195864715278,16.441566917722223,3.4031301878686144,1,11.118399997940287,25.81849999842234
3120,103.99999999999666,TRACKING,1,0,1,0,-16.77871731353772,15.90084496199144,-16.82853710612933,16.085420550826463,-16.827579764653123,16.09325141866244,-16.781724388562203,15.942720089324222,0.19851393829576447,15.881115063661158,3.358636665638785,0,7.170099997892976,19.34740001161117
3121,104.03333333332999,TRACKING,1,0,1,0,-16.778393208354597,15.81804442078197,-16.854752163568662,15.990663956583827,-16.85730472255314,15.999226194838968,-16.81719350113399,15.867194664367357,0.19762050076737445,15.809640061389956,5.009564716751799,0,8.682200001203455,20.54110000608489
3122,104.06666666666332,TRACKING,1,0,1,0,-16.769747789365166,15.735695823955744,-16.882353143871974,15.898693843221313,-16.87345838529615,15.901986978375014,-16.801359203044644,15.73394336398558,0.19598121273850003,15.678497019080002,2.5327961980541556,1,6.701399994199164,22.606600003200583
3123,104.09999999999665,TRACKING,1,0,1,0,-16.753230811259712,15.654558754110852,-16.889012970390752,15.784324049757103,-16.884025128212116,15.77688124654226,-16.776155783615923,15.652478738355143,0.17908083510436773,14.32646680834942,1.841531229084403,1,7.301899997401051,20.26560000376776
3124,104.13333333332999,TRACKING,1,0,1,0,-16.72907677735328,15.575358897325641,-16.8794954876094,15.680556246757082,-16.882391248586853,15.682606012232927,-16.746490212598413,15.583645623655599,0.187102300214525,14.968184017162,1.5427716570982621,1,8.101200000965036,19.9809999903664
3125,104.16666666666332,TRACKING,1,0,1,0,-16.69745506527402,15.49883372503621,-16.85620900219499,15.58716087967211,-16.863692499290295,15.593305288083736,-16.74863132227397,15.501701938847342,0.19120606866142534,15.296485492914028,4.100525570990042,0,5.371300008846447,17.53699999244418
3126,104.19999999999665,TRACKING,1,0,1,0,-16.658819737935445,15.425598855266461,-16.839379468084147,15.49445249880939,-16.84056678951837,15.494784579600944,-16.750772431949525,15.419758254039085,0.19447019105964086,15.557615284771268,7.371039789508818,0,6.740800003171898,19.949900000938214
3127,104.23333333332998,TRACKING,0,1,1,0,-16.6136115470835,15.356228442635102,-16.82533963424134,15.403462387841984,-16.816825938186227,15.39713820258698,-16.75291354162508,15.337814569230828,0.20729133414248674,16.583306731398938,11.241100705396669,0,5.010300010326318,18.428899988066405
3128,104.26666666666331,TRACKING,1,0,1,0,-16.5622914616195,15.29124934217412,-16.81381690258674,15.313857630062664,-16.81746383968535,15.31160517192773,-16.550132863302938,15.27655601578469,0.2559830118049621,20.478640944396965,1.5257267978975384,1,7.561999998870306,18.128900002921
3129,104.29999999999664,TRACKING,1,0,1,0,-16.505406257050335,15.23108200743279,-16.718204764543383,15.234130229406157,-16.72837377601182,15.241110634826546,-16.510579326676556,15.198821054920725,0.22319293868588985,17.85543509487119,2.6138458486677996,0,6.195500012836419,16.04649999353569
3130,104.33333333332997,TRACKING,1,0,1,0,-16.44351336700144,15.17607923631945,-16.64418620667493,15.153397597613326,-16.64840853933372,15.155487361532343,-16.405196435164594,15.1337314558535,0.20592730987492197,16.474184789993757,4.5687787607854204,1,8.196099995984696,16.15250000031665
3131,104.3666666666633,TRACKING,1,0,1,0,-16.376803397248622,15.127030132307969,-16.546310508875447,15.07865721618465,-16.53652061226895,15.073274582648528,-16.326773274607913,15.090707380712763,0.16852076398188634,13.481661118550907,4.94601606460244,1,6.442199999582954,15.734999993583187
3132,104.39999999999664,TRACKING,1,0,1,0,-16.30581056246007,15.084414969778225,-16.448195857642197,15.017642721910944,-16.44242090338034,15.015178464944741,-16.25401712023336,15.060844630596941,0.15315377516701834,12.252302013361467,4.552359596912229,1,5.474000005051494,21.12400000623893
3133,104.43333333332997,TRACKING,1,0,1,0,-16.23109212425768,15.048733186451898,-16.35099513177515,14.971784117938062,-16.357972583120425,14.982084736403676,-16.178505926809912,15.015392240975363,0.14332015467145776,11.46561237371662,4.981197804406576,1,6.909600007929839,19.013299999642186
3134,104.4666666666633,TRACKING,1,0,1,0,-16.153308377298686,15.020347919538056,-16.253615227643394,14.927864787717397,-16.25826195654082,14.935514015859635,-16.111911900189828,14.961353013338227,0.1349520100222843,10.796160801782742,5.765590217586117,0,4.743500001495704,19.41350000561215
3135,104.49999999999663,TRACKING,1,0,1,0,-16.073173773403614,14.999503737440142,-16.161742396279514,14.88175110690872,-16.156275211493,14.877593269660162,-16.04043059236967,14.957508004739173,0.1475398629755958,11.803189038047664,4.260146453304362,1,5.9597000072244555,17.69839999906253
3136,104.53333333332996,TRACKING,1,0,1,0,-15.99140608997411,14.986462241539623,-16.07139924826087,14.858508194496,-16.066393907135577,14.851434833098422,-15.952589242646443,14.938535543677022,0.15445249675220146,12.356199740176118,4.933941875278217,1,8.800700001302175,17.192200000863522
3137,104.5666666666633,TRACKING,1,0,1,0,-15.908762697128196,14.981353006012961,-15.975292252013878,14.839848293747073,-15.98301441533186,14.835960155175814,-15.891996993193814,14.928463391657532,0.16325562388704828,13.060449910963863,4.438666563791521,1,4.045299996505491,14.433999996981584
3138,104.59999999999663,TRACKING,1,0,1,0,-15.825998250033148,14.983818967448583,-15.890085679493108,14.829657025379257,-15.900762317157783,14.83204995876362,-15.818807227039986,14.91340460558259,0.16918480348492732,13.534784278794186,5.66244790524135,1,4.618199993274175,18.43660000304226
3139,104.63333333332996,TRACKING,1,0,1,0,-15.743752433686781,14.993392909284141,-15.804699862857184,14.821740889123756,-15.803733083245147,14.825955386249293,-15.75049052580235,14.920715603580014,0.1778566907414197,14.228535259313576,5.839119193724526,1,9.513600001810119,18.989399992278777
3140,104.66666666666329,TRACKING,0,1,1,0,-15.6626614120109,15.010134500376763,-15.723054996428608,14.826509750650432,-15.714597483607236,14.818447047345156,-15.680477362077813,14.90513986208909,0.19859867870306733,15.887894296245385,8.51963647898515,1,5.900300006032921,17.498799992608838
3141,104.69999999999662,TRACKING,0,1,1,0,-15.583327189454433,15.033843481799671,-15.643053222241353,14.826152941539226,-15.642392870628296,14.821583044782196,-15.610464198353275,14.889564120598166,0.22032532268303148,17.626025814642517,11.744738756243903,0,8.478199990349822,22.385200005373918
3142,104.73333333332995,TRACKING,0,1,1,0,-15.50631644642938,15.064263543066541,-15.564615956839214,14.82355115566277,-15.571868541063447,14.823006959333696,-15.540451034628738,14.873988379107242,0.2500036325843224,20.00029060674579,15.465017686384284,0,8.101999992504716,22.095600012107752
3143,104.76666666666328,TRACKING,1,0,1,0,-15.432124715073318,15.101027950679622,-15.487491057987302,14.818927313368524,-15.490018081392817,14.818502861741784,-15.493064722028203,15.025767139857182,0.28839567913395836,23.07165433071667,7.747153941751815,1,5.928200000198558,14.924699993571267
3144,104.79999999999661,TRACKING,1,0,1,0,-15.36125485015241,15.143847302786389,-15.420989169201174,14.882960613485158,-15.421408078049925,14.88118665446638,-15.406248368669784,15.09472531588248,0.26946062235951695,21.556849788761355,5.329096767572481,1,8.351199998287484,16.298100003041327
3145,104.83333333332995,TRACKING,1,0,1,0,-15.29420842743754,15.192435489312437,-15.343894739381865,14.951445631690122,-15.343942317505066,14.95023075551753,-15.319478744274573,15.156219079296564,0.2472581503083575,19.7806520246686,3.5329011466334195,1,7.5957999943057075,19.698000003700145
3146,104.86666666666328,TRACKING,1,0,1,0,-15.231323345715017,15.246301073552308,-15.26153734872043,15.026285591621173,-15.263041878659905,15.03242680364966,-15.239592866482342,15.219718781542024,0.2162134793637224,17.29707834909779,2.227110374980048,1,7.7664999989792705,16.93130000785459
3147,104.89999999999661,TRACKING,1,0,1,0,-15.172936316999841,15.305012141900313,-15.17864562363927,15.106269190593023,-15.182767496299132,15.10901424949062,-15.159977428817989,15.28644662174766,0.19624430161270007,15.699544129016004,1.8112737113063657,1,7.12950000888668,19.488099991576746
3148,104.93333333332994,TRACKING,1,0,1,0,-15.119499148312713,15.368261676850812,-15.09524005163336,15.190385654875032,-15.08983259144232,15.185825759684965,-15.083066081314659,15.337448026484678,0.18483227117764925,14.78658169421194,3.817307465548829,0,4.59450000198558,17.249700002139434
3149,104.96666666666327,TRACKING,1,0,1,0,-15.071418305986771,15.435672857451502,-15.013070983915323,15.26807167884483,-15.009527361134117,15.265056403336915,-15.006154733811329,15.388449431221696,0.18149507836134077,14.51960626890726,6.444537947989711,0,4.987499996786937,17.741200004820712
3150,104.9999999999966,TRACKING,0,1,1,0,-15.029065952860488,15.50682278966101,-14.931712535324177,15.341698664820541,-14.93627101129254,15.349499213960755,-14.929243386307999,15.439450835958715,0.18265160456922616,14.612128365538092,9.634446512813243,0,5.699600005755201,20.101300004171208
3151,105.03333333332994,TRACKING,0,1,1,0,-14.992851957222545,15.581284734227923,-14.851053367541867,15.411811979251251,-14.861717180968013,15.420011841611625,-14.852332038804668,15.490452240695733,0.20785878724786705,16.628702979829363,13.385697287105682,0,4.553399994620122,12.03729999542702
3152,105.06666666666327,TRACKING,1,0,1,0,-14.962675962691218,15.658391439661344,-14.770984582805204,15.478959348011065,-14.769421830171277,15.481643688417993,-14.935954319962791,15.644569813916661,0.2618910599955952,20.951284799647617,2.4067684935039773,1,6.64800000959076,20.45929999439977
3153,105.0999999999966,TRACKING,1,0,1,0,-14.938430471910886,15.73756334658275,-14.755354754935832,15.584669412924752,-14.74800520890273,15.580830982488479,-14.914289360341469,15.728074050738885,0.24663092820306254,19.730474256245003,2.0751327721098725,1,4.471999985980801,10.256900000968017
3154,105.13333333332993,TRACKING,1,0,1,0,-14.92040613160559,15.818378925683007,-14.735713420083048,15.684148446475708,-14.732501875606479,15.686345175538785,-14.901792971337636,15.811728882883491,0.2296539148364914,18.37231318691931,1.5812355764192445,1,8.989299996756017,17.57940000970848
3155,105.16666666666326,TRACKING,1,0,1,0,-14.90884441273931,15.900368933157138,-14.725394804555023,15.784123153122092,-14.731617069448761,15.792387263794193,-14.877379661549718,15.882077121985004,0.20753209903105121,16.6025679224841,2.9116273644873405,1,5.373899999540299,19.981100005679764
3156,105.19999999999659,TRACKING,1,0,1,0,-14.903998026356065,15.983028156524982,-14.714697220818172,15.877164398092537,-14.714734808352132,15.877447086432184,-14.864257373633125,15.955578433202517,0.21672085282949777,17.33766822635982,3.863931087853649,1,6.649999995715916,17.206799995619804
3157,105.23333333332992,TRACKING,1,0,1,0,-14.9056426498107,16.065812997422597,-14.709773425880295,15.967379755382591,-14.699284847034917,15.963294982665627,-14.868694380045788,16.038967541952587,0.2304202380785142,18.433619046281137,3.6536912780478517,1,8.019399989279918,18.768699999782257
3158,105.26666666666326,TRACKING,1,0,1,0,-14.915543750511748,16.148020070559028,-14.716170649656993,16.059941740281108,-14.711869371288353,16.05925860289576,-14.868377222460797,16.117526345690163,0.22217527066208964,17.77402165296717,4.49322948428622,1,6.653800010099076,12.702899999567308
3159,105.29999999999659,TRACKING,1,0,1,0,-14.933602399933875,16.228827990033544,-14.725732729105514,16.15041334883542,-14.72734722370016,16.152807506180043,-14.875001004368924,16.19116643767361,0.21981881559257155,17.585505247405724,5.572800280401953,1,8.771300010266714,18.735299992840737
3160,105.33333333332992,TRACKING,1,0,1,0,-14.959638162021449,16.3074293498263,-14.740595983507372,16.23694431053235,-14.742525326584804,16.23209849215993,-14.906627651982948,16.27920152415333,0.22981018564913577,18.384814851930862,4.804613993579514,1,9.243199994671158,19.379699995624833
3161,105.36666666666325,TRACKING,1,0,1,0,-14.99339089604597,16.383038791132403,-14.770398702736653,16.328071177195135,-14.7621590136863,16.32410064421929,-14.947731037940772,16.38438422769278,0.23862499571743873,19.089999657395097,3.654374117005387,1,7.487700000638142,18.475199991371483
3162,105.39999999999658,TRACKING,1,0,1,0,-15.034523355846234,16.45490084940748,-14.812491160194718,16.429520141009462,-14.805058842121953,16.42681096087978,-15.005730600434333,16.47168113818943,0.23117743163254345,18.494194530603476,2.666054289998181,1,7.331899993005209,19.458299997495487
3163,105.43333333332991,TRACKING,1,0,1,0,-15.082624559480504,16.522297502719685,-14.869946544802753,16.527343555610035,-14.873839746170791,16.53333594730597,-15.032748369791863,16.558677350944595,0.20907641073936592,16.726112859149275,4.938746499896415,0,5.578700001933612,15.249699994456023
3164,105.46666666666324,TRACKING,1,0,1,0,-15.137213895622207,16.584555345987493,-14.92010220297973,16.62354608680739,-14.926061146039613,16.627969952120022,-15.059766139149392,16.64567356369976,0.21556973739820745,17.245578991856597,7.892717258433674,0,3.9784999971743673,14.960899992729537
3165,105.49999999999658,TRACKING,0,1,1,0,-15.197745925669452,16.64105231942068,-14.96684412375067,16.718307568810594,-14.965342937135704,16.719646104952,-15.086783908506922,16.732669776454923,0.24533269697201113,19.62661575776089,11.511754739902724,0,4.827500000828877,12.771099995006807
3166,105.5333333333299,TRACKING,1,0,1,0,-15.263615833587236,16.691223923936118,-15.010536006036764,16.811854870736415,-15.009043591997717,16.811887172538558,-15.249887701137062,16.718753711394577,0.28172086495537924,22.53766919643034,2.461025240767671,1,10.302000009687617,17.618799989577383
3167,105.56666666666324,TRACKING,1,0,1,0,-15.33416546902934,16.734568861446018,-15.10881848855242,16.861989533777464,-15.117991123517504,16.86507882003223,-15.311629087584116,16.75900222876739,0.2525157360396495,20.20125888317196,2.659176326375644,1,8.338800005731173,19.33860000281129
3168,105.59999999999657,TRACKING,1,0,1,0,-15.408689923359038,16.77065404366271,-15.194887592112295,16.909536972491907,-15.201501989466816,16.913187393019747,-15.383904330958234,16.794061078439753,0.25148080568795494,20.118464455036396,2.7273018082640124,1,5.530300011741929,13.275699995574541
3169,105.6333333333299,TRACKING,1,0,1,0,-15.486444572863174,16.79911891937366,-15.283927061750045,16.94837661512833,-15.279875061127607,16.950258948343745,-15.470174067209417,16.82336389042592,0.2559575580750613,20.476604646004905,2.3358739357132237,1,5.956399996648543,11.832200005301274
3170,105.66666666666323,TRACKING,1,0,1,0,-15.566652518786174,16.819679076950006,-15.380326451803196,16.978821188980685,-15.372189720679607,16.976267166831565,-15.564873472725735,16.846366183918278,0.24967100300233264,19.97368024018661,2.139707169828441,1,6.768299994291738,12.208600004669279
3171,105.69999999999656,TRACKING,1,0,1,0,-15.648512349845598,16.832129086093524,-15.48444877333804,17.001032377815235,-15.487723795264095,16.999515370336304,-15.640095948594158,16.886795798526766,0.23210154552913667,18.56812364233093,4.424864478491727,0,3.754699995624833,12.413799995556474
3172,105.7333333333299,TRACKING,1,0,1,0,-15.731206149668761,16.83634455042828,-15.58248093152492,17.027499541485867,-15.587713494876466,17.035769783726945,-15.715318424462582,16.927225413135254,0.24568387341371828,19.654709873097463,7.38073211266894,0,4.576099992846139,12.937899999087676
3173,105.76666666666323,TRACKING,1,0,1,0,-15.813907669142766,16.832283350428085,-15.677089782766643,17.05602527372192,-15.668518403386638,17.057083819307728,-15.796133027480707,16.84941203952941,0.26771867586258014,21.417494069006413,1.974768647179777,1,9.633399997255765,20.540400000754744
3174,105.79999999999656,TRACKING,1,0,1,0,-15.895790582022519,16.819986064260892,-15.771209209532055,17.03336419184513,-15.760455924542761,17.030393941371464,-15.887920436390342,16.837608856055148,0.25017382809826705,20.013906247861364,1.5440248348165977,1,8.203999997931533,41.378900001291186
3175,105.83333333332989,TRACKING,1,0,1,0,-15.976036741309414,16.799575562345137,-15.869206933799441,17.012347299534788,-15.867331597310804,17.008503985634146,-15.960342628927878,16.845675827433542,0.23551622956770984,18.841298365416787,3.895876470046197,1,8.547699995688163,14.048800003365614
3176,105.86666666666322,TRACKING,1,0,1,0,-16.053844353905713,16.77125577966915,-15.959842339611741,16.997224971994758,-15.963311727321873,16.998532494400457,-16.038498645824152,16.85308366894355,0.24464435725196057,19.571548580156847,6.660351567719186,0,3.902399999788031,12.83079999848269
3177,105.89999999999655,TRACKING,0,1,1,0,-16.12843599186613,16.735309678140155,-16.049096352359957,16.985449909396102,-16.05066938457311,16.98364013884565,-16.11665466272043,16.86049151045356,0.2602223336381238,20.817786691049903,10.058800201306202,0,6.847800003015436,11.638700001640245
3178,105.93333333332988,TRACKING,0,1,1,0,-16.19906636020088,16.692096419322425,-16.1366073011807,16.97663521290241,-16.126824815944566,16.969776698884917,-16.194810679616705,16.86789935196357,0.28692364554780253,22.9538916438242,14.068354716588258,0,8.249899998190813,13.234900005045347
3179,105.96666666666322,TRACKING,0,1,1,0,-16.265029743616864,16.642047775813662,-16.222678583087315,16.970315845625784,-16.223624435682513,16.9637205378355,-16.27296669651298,16.875307193473578,0.3243266337381127,25.946130699049018,18.671552890674004,0,5.749500007368624,19.897599995601922
3180,105.99999999999655,TRACKING,0,1,1,0,-16.325667057791577,16.585663817115925,-16.30753057534537,16.966106797434882,-16.308905552774306,16.97421363755921,-16.351122713409257,16.882715034983587,0.38891118654128787,31.11289492330303,23.851194209375667,0,4.759899995406158,16.58930000849068
3181,106.03333333332988,TRACKING,1,0,1,0,-16.38037243472582,16.523507913106467,-16.391351754046706,16.963682052816264,-16.39617997074856,16.96612430991375,-16.385573099474193,16.561121286433007,0.44289858084867567,35.43188646789405,3.037696776785061,1,7.918499992229044,15.944500002660789
3182,106.06666666666321,TRACKING,1,0,1,0,-16.428599276376463,16.456201105032136,-16.45769828416827,16.872368419308756,-16.452208871502783,16.86773821454672,-16.425832419146186,16.481048765670856,0.41221378614700266,32.97710289176021,2.0000987786002704,1,6.86429999768734,19.920899998396635
3183,106.09999999999654,TRACKING,1,0,1,0,-16.4698657160834,16.38441590027054,-16.514788063603792,16.757966363130976,-16.506522669079015,16.75214438767851,-16.49084963439226,16.415058246446097,0.36955104201486955,29.564083361189564,2.971090796846742,1,9.918299998389557,15.34949999768287
3184,106.13333333332987,TRACKING,1,0,1,0,-16.50375943322196,16.30886955285862,-16.57489286041587,16.650052688776594,-16.57892834215948,16.650588053610548,-16.527064393786375,16.34774879425958,0.34988840882058686,27.99107270564695,3.626318550881571,1,8.007199998246506,22.230700007639825
3185,106.1666666666632,TRACKING,1,0,1,0,-16.529941772974258,16.230316896927416,-16.621335313436408,16.54519009890675,-16.628558682065165,16.547198922789725,-16.545248432863378,16.268806396450355,0.3318727362608226,26.54981890086581,3.3137149284632215,1,11.228799994569272,15.977599992766045
3186,106.19999999999654,TRACKING,1,0,1,0,-16.548151130056223,16.149542804648938,-16.65143674288501,16.43796515397487,-16.65126024373847,16.43595215910167,-16.590812380151057,16.203817238159786,0.3044040204109824,24.352321632878596,5.522721875352394,0,65.48169998859521,142.38330000080168
3187,106.23333333332987,TRACKING,0,1,1,0,-16.558205562591105,16.067354344052863,-16.68626762502774,16.33846520437012,-16.67868638936379,16.33465691881085,-16.636376327438736,16.138828079869217,0.29320009565496274,23.45600765239702,8.473644179797827,0,6.5058000036515296,25.96810000250116
3188,106.2666666666632,TRACKING,1,0,1,0,-16.560648829784547,15.984589223898462,-16.722623161339037,16.244219894037766,-16.721896798045265,16.247640136556626,-16.572202180958847,16.043833266506688,0.3085396083463228,24.683168667705825,4.828804577812261,1,7.76659999974072,24.835700009134598
3189,106.29999999999653,TRACKING,1,0,1,0,-16.555745923228287,15.901933333751108,-16.711155331857487,16.141024274030336,-16.716758108828778,16.146186242729723,-16.56938192172484,15.954734896353935,0.29254812844447026,23.403850275557623,4.3627114272100345,1,6.724499995470978,20.987200012314133
3190,106.33333333332986,TRACKING,1,0,1,0,-16.543544691124133,15.82003605294221,-16.7010549199931,16.0367417133598,-16.69977671337614,16.04074401271923,-16.577003988267453,15.869732415457127,0.27040792940645386,21.632634352516305,4.792829986578883,1,8.215800000471063,18.04470000206493
3191,106.36666666666319,TRACKING,1,0,1,0,-16.52424173624545,15.739516300075586,-16.692475864141688,15.933527687732179,-16.687476677672816,15.934842582605457,-16.587997024871328,15.780005415582156,0.2545545182269105,20.36436145815284,6.042042199004357,1,8.253399995737709,18.040499999187887
3192,106.39999999999652,TRACKING,1,0,1,0,-16.49816531992939,15.660928418179822,-16.686677142693558,15.829053549239664,-16.68508159215597,15.826260862136913,-16.58175077498753,15.6768146132601,0.2495446049264645,19.96356839411716,6.806537794282062,1,7.16360000660643,18.022499993094243
3193,106.43333333332986,TRACKING,0,1,1,0,-16.465679951391422,15.584765858482138,-16.67444760037386,15.717910299278662,-16.678991067203075,15.723326993450707,-16.588808768636756,15.589166660295202,0.2543635592072699,20.34908473658159,9.856595012179888,0,5.918800001381896,16.730099989217706
3194,106.46666666666319,TRACKING,1,0,1,0,-16.427101628683676,15.511500944056419,-16.666371823473803,15.611722005947748,-16.664746268868164,15.618028469577217,-16.515577657737648,15.503078304994023,0.26042866336484377,20.834293069187503,7.110082335808891,1,6.345899993903004,16.144299996085465
3195,106.49999999999652,TRACKING,1,0,1,0,-16.382619965406015,15.44166244249171,-16.622158883577395,15.50906095351615,-16.610185735370234,15.505913991554614,-16.46814143812326,15.437740328408244,0.23646234629722876,18.9169877037783,6.848908946504332,1,8.609199998318218,16.448700000182725
3196,106.53333333332985,TRACKING,1,0,1,0,-16.332866165311362,15.375476386219317,-16.571685459781904,15.419148736563452,-16.56769781118262,15.414899148314603,-16.411775200778287,15.364994230632615,0.23811773573974887,19.04941885917991,6.368176612658534,1,7.878700009314343,19.354599993675947
3197,106.56666666666318,TRACKING,1,0,1,0,-16.27801684928421,15.313447463932174,-16.51092126786554,15.333427716913649,-16.512054256449286,15.332210882193413,-16.353297629383054,15.292396768965466,0.23478835962925765,18.783068770340613,6.253486764164444,1,7.710299993050285,16.240299999481067
3198,106.59999999999651,TRACKING,0,1,1,0,-16.21827646271545,15.256114045393193,-16.44341115615269,15.251498410365457,-16.44781810514492,15.258367392303864,-16.31411454928759,15.215060468883605,0.22955270240517142,18.364216192413714,8.340871889978951,0,6.245600001420826,20.54530000896193
3199,106.63333333332984,TRACKING,0,1,1,0,-16.153947714164442,15.203981073306307,-16.381852405482622,15.169887834018347,-16.380779771199695,15.170474385889086,-16.27493146919213,15.137724168801745,0.22929343688932655,18.343474951146124,11.035084811672624,0,7.395099994027987,20.385499999974854
3200,106.66666666666318,TRACKING,1,0,1,0,-16.08547948391444,15.157417824760016,-16.323665964669356,15.088955831835825,-16.318492252915327,15.082113369357138,-16.158942276652386,15.106065535057859,0.24487897321122618,19.590317856898093,7.1705350760512125,1,8.491699991282076,17.815100000007078
3201,106.6999999999965,TRACKING,0,1,1,0,-16.01345034259232,15.116578658887665,-16.23410711692731,15.0289851897994,-16.237106053510225,15.028772246448932,-16.10212101585762,15.039218907049639,0.24027451610929002,19.221961288743202,9.413868748356244,0,5.501799998455681,17.258899999433197
3202,106.73333333332984,TRACKING,0,1,1,0,-15.938364170635198,15.081677348746407,-16.154458224998457,14.965066767778959,-16.161532467139025,14.972943972896976,-16.045299755062853,14.97237227904142,0.2482479316893368,19.859834535146945,12.233152981656692,0,5.8277999924030155,16.60900001297705
3203,106.76666666666317,TRACKING,1,0,1,0,-15.860778239660851,15.052755765394268,-16.07805779687355,14.90086175904379,-16.083699196443707,14.903281035551897,-15.908657746847663,14.966927226642033,0.26839606523649656,21.471685218919724,7.862410937231247,1,55.291299999225885,146.71739999903366
3204,106.7999999999965,TRACKING,1,0,1,0,-15.781238843481086,15.029744482854841,-15.970980389370173,14.862178427080238,-15.964798083314196,14.860858366290872,-15.825111811897749,14.959858456725156,0.24943238541971277,19.954590833577022,6.601281817774999,1,8.837499990477227,23.353700002189726
3205,106.83333333332983,TRACKING,1,0,1,0,-15.700177718172766,15.012858730502645,-15.869601549230566,14.838099517032441,-15.870741932720101,14.839519914548438,-15.749618061245295,14.950390835303367,0.24318407924976443,19.454726339981153,6.373236768240076,1,10.568700003204867,18.851799992262386
3206,106.86666666666316,TRACKING,1,0,1,0,-15.618065068620837,15.002202865811643,-15.772600108437725,14.82440999846955,-15.783502155376114,14.831178870903532,-15.670315388332265,14.952728498977399,0.2379467093876335,19.035736751010678,5.756559463343834,1,6.845299998531118,20.686900010332465
3207,106.8999999999965,TRACKING,1,0,1,0,-15.535373334715969,14.99794706828858,-15.677031829563195,14.823888832115117,-15.67852155681319,14.827007771911772,-15.58432015010997,14.964464978715466,0.22296110991693927,17.83688879335514,4.744236796381277,1,6.3129000045591965,17.43009999336209
3208,106.93333333332983,TRACKING,1,0,1,0,-15.45259978579113,15.000085821929904,-15.579885226482563,14.835754245449898,-15.57091206428165,14.833737510982525,-15.505024450200422,14.95041496791541,0.2041312220035546,16.330497760284366,5.777495195369597,0,6.756599992513657,19.07999999821186
3209,106.96666666666316,TRACKING,1,0,1,0,-15.370219687709616,15.008425732530808,-15.486086077736232,14.841455468318877,-15.488077904241637,14.837476414771988,-15.425728750290872,14.936364957115355,0.2076396600996901,16.61117280797521,7.276927431657392,0,5.533700008527376,16.573199987760745
3210,106.99999999999649,TRACKING,1,0,1,0,-15.288684220400132,15.022848015268815,-15.394503265897402,14.84422575592675,-15.395908765118232,14.849711242476577,-15.310719466130138,14.95242299552477,0.20365030096446007,16.292024077156807,5.903347096869488,1,7.448099990142509,17.373399998177774
3211,107.03333333332982,TRACKING,1,0,1,0,-15.208357134630463,15.042937663361876,-15.288827869375233,14.857873717841029,-15.29455210689054,14.867135940928696,-15.216162273667127,14.96562636882359,0.19579534941716148,15.663627953372918,6.21634308374544,1,7.158199994591996,15.812400000868365
3212,107.06666666666315,TRACKING,0,1,1,0,-15.129673184531418,15.068722749469195,-15.185026881403566,14.875640051395035,-15.17823398692982,14.882466701174273,-15.126955954238232,14.963346572524541,0.1924823811573854,15.39859049259083,8.432896350056637,0,6.0387999983504415,15.402300006826408
3213,107.09999999999648,TRACKING,0,1,1,0,-15.052927579874309,15.099805652077631,-15.083799899787005,14.889134012090055,-15.072806466984302,14.886293997072602,-15.102131262945674,15.012614117459298,0.21443506470658694,17.154805176526956,8.009341001360736,1,6.097300007240847,17.605799992452376
3214,107.13333333332982,TRACKING,0,1,1,0,-14.978564737932984,15.136222714111252,-15.01410139276037,14.924015425777938,-15.01616381313922,14.926117645936825,-15.033571236098545,15.043229595564863,0.21344280294482787,17.07542423558623,8.643493714898591,1,8.046999995713122,15.30490000732243
3215,107.16666666666315,TRACKING,1,0,1,0,-14.906909144531575,15.177713804757833,-14.94209897646773,14.961417474017168,-14.948572589491484,14.968482698138947,-14.951722721363755,15.092634332184808,0.2133389289906806,17.067114319254447,7.692811531521195,1,5.690599995432422,17.47990000876598
3216,107.19999999999648,TRACKING,0,1,1,0,-14.83824115863397,15.223981962074904,-14.865323872795665,15.010862993186935,-14.866641756209715,15.011765043232845,-14.876881525689825,15.117244202201725,0.21410888488214616,17.12871079057169,9.081331126730007,0,5.789499991806224,18.18739999725949
3217,107.23333333332981,TRACKING,0,1,1,0,-14.772870112336214,15.274801849665174,-14.78946650836358,15.054386421292891,-14.784215473146583,15.045151287431816,-14.802040330015895,15.141854072218642,0.22993063724961685,18.394450979969346,10.888823812317659,0,5.059399991296232,15.321600003517233
3218,107.26666666666314,TRACKING,1,0,1,0,-14.711092990507415,15.329934615669618,-14.713739603885662,15.095102287409935,-14.71266539771142,15.091769956103851,-14.70213395697945,15.290779231019357,0.23816985017103395,19.053588013682717,3.213380454402599,1,5.795899996883236,16.88290000311099
3219,107.29999999999647,TRACKING,1,0,1,0,-14.653189581954699,15.389122705237776,-14.626972626848291,15.188805957552058,-14.62970893335296,15.193287637271805,-14.604971004066494,15.364235977797895,0.1972377111609109,15.779016892872873,4.340971656191525,1,6.530600003316067,17.212200007634237
3220,107.3333333333298,TRACKING,1,0,1,0,-14.599478997662693,15.452140225053794,-14.535213495041145,15.277644037303663,-14.53339928728765,15.27818647473926,-14.539433834600809,15.449723410731295,0.18608179752931528,14.886543802345223,4.807502535727419,1,6.4574999996693805,16.129499999806285
3221,107.36666666666314,TRACKING,1,0,1,0,-14.549849040504865,15.518419196238199,-14.454559737519038,15.3739789022317,-14.449529646179027,15.367021481480808,-14.490359058171824,15.522821160304474,0.18161841567325493,14.529473253860395,4.772209742667252,1,7.081799994921312,21.540900008403696
3222,107.39999999999647,TRACKING,1,0,1,0,-14.504504728520862,15.587700709208459,-14.387883327003284,15.46775024124977,-14.384655852481265,15.465876444822984,-14.419165736904054,15.590089119563785,0.1708944249559272,13.671553996474174,6.829792614924289,0,5.98490000993479,15.418099996168166
3223,107.4333333333298,TRACKING,0,1,1,0,-14.463509657107664,15.659641231784944,-14.318666682553214,15.557009003131357,-14.321675268236463,15.556677499448643,-14.347972415636283,15.657357078823097,0.17526700785683694,14.021360628546956,9.244785434938127,0,6.0898999945493415,18.960300003527664
3224,107.46666666666313,TRACKING,0,1,1,0,-14.427071712597895,15.733993843498682,-14.249263884626401,15.64288400903033,-14.250549831749547,15.644089059545015,-14.276779094368512,15.724625038082408,0.1980980681278694,15.847845450229553,12.046747772685135,0,6.0431000019889325,18.59540000441484
3225,107.49999999999646,TRACKING,1,0,1,0,-14.395376685208044,15.810488679321159,-14.179587260044235,15.725872439971297,-14.175771492977825,15.721443574749692,-14.359436821828652,15.803658096667354,0.2369714563035279,18.95771650428223,2.9266561277961656,1,5.575799994403496,19.75180000590626
3226,107.5333333333298,TRACKING,1,0,1,0,-14.368370766330518,15.888762014591425,-14.174468327387878,15.81137575081695,-14.171904521548676,15.805817793964884,-14.364582144039744,15.862015947107983,0.21325742442884107,17.060593954307286,2.1610453539947545,1,8.72440000239294,21.166799997445196
3227,107.56666666666312,TRACKING,1,0,1,0,-14.346016799263714,15.968488640163608,-14.17395849679349,15.888735212463748,-14.179694763491634,15.890141703229661,-14.352536292034138,15.92256807253337,0.18385119556396912,14.70809564511753,3.7104844470484366,1,4.670000009355135,15.834699996048585
3228,107.59999999999646,TRACKING,1,0,1,0,-14.328331641365748,16.049379120807963,-14.175019603388138,15.962168145532727,-14.177874432305964,15.963023846400594,-14.336065907921,16.009013060708345,0.1734779674080589,13.878237392644712,3.2880269459856266,1,7.652000000234693,17.552899997099303
3229,107.63333333332979,TRACKING,1,0,1,0,-14.302659262536743,16.128099916243546,-14.175419470288602,16.045045529560674,-14.17478709550148,16.04016009538353,-14.313086728773404,16.08028886826441,0.15519247145137388,12.415397716109911,3.9147952066833565,0,5.395899992436171,13.478400011081249
3230,107.66666666666312,TRACKING,1,0,1,0,-14.269256172699796,16.203864474303998,-14.171706933557646,16.124778215563694,-14.17034126635142,16.118140933266623,-14.290107549625809,16.151564675820477,0.13089187975537123,10.471350380429698,4.504254942076011,0,5.046199992648326,14.411299998755567
3231,107.69999999999645,TRACKING,1,0,1,0,-14.228456124486966,16.275915780569616,-14.165054688058857,16.20327353809361,-14.166325946812274,16.202614600447024,-14.267128370478213,16.222840483376544,0.09608965597426938,7.687172477941551,5.253588355181491,0,4.489300001296215,17.919799996889196
3232,107.73333333332978,TRACKING,1,0,1,0,-14.180666778493292,16.343533922205186,-14.15588497999167,16.2806383468267,-14.16423825566127,16.285000934978346,-14.244149191330617,16.29411629093261,0.06079479382430483,4.863583505944387,6.4359584934601415,0,4.441299999598414,14.44120000815019
3233,107.76666666666311,TRACKING,1,0,1,0,-14.126365630066886,16.40604328109107,-14.144588602212469,16.35705233546685,-14.148852476421581,16.352940213133262,-14.157412679644338,16.38489214919341,0.05766796411796681,4.613437129437345,3.005370838234264,1,7.44499999564141,18.775400007143617
3234,107.79999999999644,TRACKING,1,0,1,0,-14.06609523833325,16.462819284376128,-14.106062765406962,16.440440216961985,-14.102634381789333,16.432921050430274,-14.114445040271214,16.468518389927738,0.04721242842287565,3.776994273830052,3.894762145469655,1,5.687500000931323,15.294700002414174
3235,107.83333333332978,TRACKING,1,0,1,0,-14.000457805123846,16.51329464500319,-14.068614798674997,16.52499656599128,-14.068804767414953,16.52082376434361,-14.070244732631373,16.536939296332434,0.06876041661060783,5.500833328848626,5.894694448358103,1,40.196499990997836,108.29400000511669
3236,107.86666666666311,TRACKING,1,0,1,0,-13.93010915797445,16.556965029853803,-14.027976507087553,16.604023958729773,-14.041563395591917,16.60699811749796,-13.9976289719798,16.58203313667468,0.122169378086731,9.77355024693848,5.7618526258974265,1,8.351099997526035,18.604299999424256
3237,107.89999999999644,TRACKING,1,0,1,0,-13.855752197313208,16.59339409887805,-13.971218554485496,16.66832462776931,-13.976033206130118,16.674485825100884,-13.917008167454949,16.613686274920035,0.14506339698150128,11.605071758520102,5.162366146812699,1,7.430600002408028,20.97230000072159
3238,107.93333333332977,TRACKING,1,0,1,0,-13.778129873311904,16.622217864860094,-13.90132626924024,16.717126376017703,-13.89577637682861,16.712796514177118,-13.859715806076046,16.670035356089887,0.14847623211074149,11.87809856885932,7.5653005301865655,0,5.737699990277179,17.13680000102613
3239,107.9666666666631,TRACKING,0,1,1,0,-13.69801776257343,16.643148330258107,-13.835333993171519,16.769169594594384,-13.830933756818967,16.761391851505067,-13.802423444697144,16.72638443725974,0.17789938685436688,14.23195094834935,10.681961158815012,0,6.377999990945682,18.122599998605438
3240,107.99999999999643,TRACKING,0,1,1,0,-13.616216318826742,16.65597636478053,-13.770578418787567,16.821744613888328,-13.776314179388537,16.821634343257134,-13.745131083318242,16.78273351842959,0.2303777133088604,18.43021706470883,14.463502758070383,0,7.291000001714565,18.02799999131821
3241,108.03333333332976,TRACKING,0,1,1,0,-13.533542875057796,16.660573794946792,-13.706990740744956,16.87490038062825,-13.713603788005868,16.880563902157363,-13.68783872193934,16.839082599599443,0.2842843288720139,22.742746309761113,18.876033770414573,0,5.472699995152652,20.556400006171316
3242,108.0666666666631,TRACKING,1,0,1,0,-13.450804218336916,16.657356753949937,-13.644383247318784,16.92853943030029,-13.63888612149576,16.923851028822106,-13.443448098009018,16.7111835999151,0.3261809326669726,26.094474613357807,4.346173933260035,1,6.818200010457076,17.549500000313856
3243,108.09999999999643,TRACKING,1,0,1,0,-13.368640094810129,16.647105340690015,-13.50811323275769,16.909230691558548,-13.500408197057295,16.906713238940373,-13.36883032578958,16.677616338191683,0.29113415052821984,23.290732042257588,2.440927242009294,1,6.361400010064244,15.792199992574751
3244,108.13333333332976,TRACKING,1,0,1,0,-13.287508114159513,16.6305633823882,-13.397613640026737,16.88413640628173,-13.401892209795262,16.88655614544457,-13.281088843547014,16.688986866219462,0.28038547764041316,22.430838211233056,4.702006719299857,0,6.714000002830289,18.932600010884926
3245,108.16666666666309,TRACKING,1,0,1,0,-13.207721944192675,16.60842288215054,-13.288897623119809,16.86754734029218,-13.297244090766155,16.869665142366234,-13.211034564638483,16.650306122240274,0.27615527018278796,22.092421614623035,3.361122912011284,1,6.212399996002205,23.78580000367947
3246,108.19999999999642,TRACKING,1,0,1,0,-13.129483312334335,16.581316588532893,-13.191648693180724,16.832140204581687,-13.192155907130832,16.833431229606656,-13.127564622243241,16.649589041009015,0.25978769482459824,20.78301558596786,5.463952643291171,0,6.857899992610328,20.012300010421313
3247,108.23333333332975,TRACKING,1,0,1,0,-13.052908234507916,16.549815919895085,-13.095416521381253,16.805252413928084,-13.090310817536382,16.80082112536483,-13.044094679848,16.648871959777757,0.25377660725549633,20.302128580439703,7.955788949631441,0,5.9388000081526116,17.313699994701892
3248,108.26666666666308,TRACKING,1,0,1,0,-12.978048151628567,16.514432270280498,-13.001232037774654,16.782213562895276,-13.000009073285051,16.778173220657486,-13.002307638632505,16.576153872051737,0.2646536812246509,21.17229449797207,5.305441031937966,1,5.427199997939169,19.165599995176308
3249,108.29999999999642,TRACKING,1,0,1,0,-12.90490673094137,16.47562032303987,-12.926816911383924,16.731348268206872,-12.937964597727234,16.73511223676131,-12.918055037899169,16.54079630741039,0.26158913556041924,20.927130844833542,5.319119875782566,1,5.652800013194792,21.294899997883476
3250,108.33333333332975,TRACKING,1,0,1,0,-12.833453066914524,16.43378243870175,-12.845362608840812,16.681811219103558,-12.844041477547744,16.685998363525066,-12.850609441382321,16.496253593492728,0.25243808582346977,20.195046865877583,5.18273216953219,1,6.968400004552677,20.348899997770786
3251,108.36666666666308,TRACKING,1,0,1,0,-12.76363194528946,16.389273499781925,-12.76982481760814,16.62634568726113,-12.767158659450846,16.62369580650904,-12.779827718372866,16.449435772636452,0.234448833658941,18.755906692715282,4.9843288114917685,1,7.488400005968288,15.820200002053753
3252,108.39999999999641,TRACKING,1,0,1,0,-12.695371744136073,16.342405817875836,-12.695602999653868,16.566874724031848,-12.690159773722902,16.564491249078298,-12.705557626094398,16.392027862063397,0.22214658086041134,17.771726468832906,4.052534583193075,1,6.42350000271108,16.632400001981296
3253,108.43333333332974,TRACKING,1,0,1,0,-12.628590454020607,16.29345386225336,-12.620869004821156,16.500147158831915,-12.624342106015856,16.501040624752108,-12.629850659665664,16.33065417433245,0.20763023003763262,16.61041840301061,2.977732116412918,1,7.90219999908004,22.538799996254966
3254,108.46666666666307,TRACKING,1,0,1,0,-12.563200214192147,16.24265867346616,-12.545321787534844,16.428077269167247,-12.55277805942896,16.431217343982436,-12.555639438832225,16.284745328368714,0.1888464813989747,15.107718511917977,3.4208320343962475,0,7.540500009781681,18.36679999541957
3255,108.4999999999964,TRACKING,1,0,1,0,-12.499110686748928,16.190231894613593,-12.470118416754953,16.36132828290833,-12.4662468783859,16.352319086899353,-12.481428217998786,16.238836482404977,0.16538527081697088,13.23082166535767,4.1376906838246015,0,6.105799999204464,19.436200003838167
3256,108.53333333332974,TRACKING,1,0,1,0,-12.436231527057027,16.13635939750058,-12.395069495197065,16.297718557194713,-12.384228718236768,16.29244657728152,-12.407216997165348,16.19292763644124,0.16452203444269642,13.161762755415713,5.086017602286615,0,5.409000004874542,16.658699998515658
3257,108.56666666666307,TRACKING,1,0,1,0,-12.374474155824386,16.081204508622218,-12.32015921657769,16.236843797900615,-12.316916056416142,16.241433814167646,-12.356934298211545,16.09063402816782,0.1702538256928738,13.620306055429905,1.5931100530765276,1,53.06449999625329,94.44559999974445
3258,108.5999999999964,TRACKING,1,0,1,0,-12.313752995068322,16.02491085618087,-12.255419077021775,16.154586987510946,-12.261001189688571,16.16367050062403,-12.287578695282678,16.03328348669138,0.14844861702560572,11.875889362048458,2.1984647893427103,0,6.026200004271232,19.341899998835288
3259,108.63333333332973,TRACKING,1,0,1,0,-12.253986295399995,15.967604868016394,-12.188465407873034,16.07973008700099,-12.188125371466276,16.082768423953222,-12.21822309235381,15.975932945214941,0.13266614457885673,10.613291566308538,2.9376056230312635,0,6.1674000025959685,18.49469999433495
3260,108.66666666666306,TRACKING,1,0,1,0,-12.195257125330803,15.909236047129427,-12.121238624954179,16.00736325242386,-12.115216205093192,16.007468863101614,-12.148867489424942,15.918582403738501,0.1267131999687055,10.137055997496441,3.7857439544415565,0,5.438000007416122,19.958999997470528
3261,108.6999999999964,TRACKING,1,0,1,0,-12.13756362686344,15.849843329534194,-12.053686043757978,15.937325307373161,-12.058949877379748,15.938418988320329,-12.079511886496075,15.861231862262061,0.11843043923452516,9.474435138762013,4.7326631740692395,0,5.791999996290542,19.94669999112375
3262,108.73333333332972,TRACKING,1,0,1,0,-12.080950761252552,15.789419674265131,-11.985863596543943,15.869243210972343,-11.99010888663833,15.876866053822871,-12.100989080057081,15.795682023035129,0.12609169473515036,10.087335578812029,1.679526090546311,1,8.283299990580417,19.192300009308383
3263,108.76666666666306,TRACKING,1,0,1,0,-12.025439634451729,15.727982312098012,-11.952619013296879,15.799673697186089,-11.951607483513747,15.805256644121464,-12.054374157657701,15.749859806720158,0.10687613813101364,8.550091050481091,2.901951237742188,1,8.943000008002855,17.917599994689226
3264,108.79999999999639,TRACKING,1,0,1,0,-11.970891001290395,15.665688802893753,-11.913614438049757,15.737693709023482,-11.90548147747397,15.734211000029495,-12.020350726484315,15.720632388326509,0.09472960100307115,7.578368080245692,5.914084610265032,1,6.938799997442402,17.14450000145007
3265,108.83333333332972,TRACKING,1,0,1,0,-11.917293476725531,15.602575095751249,-11.881095654707197,15.688335912661707,-11.877721165956153,15.686013351933234,-11.970621108405044,15.667772298672716,0.09234668577874788,7.387734862299832,6.7383138872944155,1,5.971299993689172,18.28459999524057
3266,108.86666666666305,TRACKING,1,0,1,0,-11.864519053016856,15.538771531031335,-11.84417645770943,15.635591464688837,-11.85291869776435,15.637193251559689,-11.906416317271876,15.602968317351548,0.09910299346511017,7.928239477208814,6.132723049816284,1,6.549600002472289,21.41000000119675
3267,108.89999999999638,TRACKING,1,0,1,0,-11.812470339082125,15.474374589749225,-11.797633485091207,15.57614898641434,-11.802077053534573,15.581912104493377,-11.849781543718251,15.524283941362206,0.1080385924650153,8.643087397201224,4.985142321628684,1,7.564599989564158,18.570800006273203
3268,108.93333333332971,TRACKING,1,0,1,0,-11.761055814311016,15.409470188424569,-11.749267110279096,15.50602582939454,-11.743790063594624,15.500507160734086,-11.79561634378762,15.462587119991124,0.09265978887891127,7.412783110312901,5.0696515804535585,0,4.6894999977666885,21.004399997764267
3269,108.96666666666304,TRACKING,1,0,1,0,-11.710237538243108,15.344097889350445,-11.700174662978913,15.438666340701369,-11.693589502195037,15.434152983534538,-11.741451143856988,15.400890298620041,0.09158098652429844,7.326478921943875,5.184386976954006,0,4.746100006741472,20.38259999244474
3270,108.99999999999638,TRACKING,1,0,1,0,-11.660095135288746,15.278205749495124,-11.650295991909658,15.372091459788837,-11.656234473561712,15.374267262714717,-11.665190172875768,15.345649394212165,0.0961390609014294,7.691124872114352,5.410865880123326,1,8.552800005418248,17.66209999914281
3271,109.03333333332971,TRACKING,1,0,1,0,-11.610515219787287,15.211889336386308,-11.589885420786302,15.30915803151442,-11.597775889650766,15.315139327495938,-11.60479117805844,15.269140081150336,0.10403293323013585,8.322634658410868,4.6028946925165,1,8.80729999335017,20.003199999337085
3272,109.06666666666304,TRACKING,1,0,1,0,-11.561584759486541,15.145092295108208,-11.530531459569419,15.238842107221432,-11.524379305007082,15.243890029445074,-11.545275036613104,15.20507471761581,0.10557101000331988,8.44568080026559,4.972820894479141,0,7.082600001012906,16.01170000503771
3273,109.09999999999637,TRACKING,1,0,1,0,-11.513347902049762,15.077792664697819,-11.471149971363872,15.170540505671255,-11.459935221342377,15.165667606372498,-11.505452335840614,15.101768080782444,0.10283442922813991,8.226754338251194,2.019363134763312,1,6.667399997240864,15.681699995184317
3274,109.1333333333297,TRACKING,1,0,1,0,-11.465555314146519,15.010176814409135,-11.420827736120776,15.084750493403156,-11.422912284607078,15.086497217248544,-11.44350753403904,15.024263195896157,0.08742557896789302,6.994046317431441,2.093083086458817,1,7.549200003268197,15.425899997353554
3275,109.16666666666303,TRACKING,1,0,1,0,-11.417982981584567,14.942405818818353,-11.365186666474274,15.001484789561202,-11.370815505259962,15.001263569761605,-11.386950470233268,14.949657130679133,0.07542549747220789,6.034039797776631,2.5494762247593252,0,5.715300008887425,15.023400002974086
3276,109.19999999999636,TRACKING,1,0,1,0,-11.370575807077575,14.874519189251004,-11.309940350756609,14.919652291241734,-11.306961392244721,14.915585428124846,-11.330393406427495,14.87505106546211,0.0757180939390967,6.057447515127736,3.2148736478387305,0,8.968699999968521,17.153699998743832
3277,109.2333333333297,TRACKING,1,0,1,0,-11.323038086105774,14.806723910996851,-11.254467202136524,14.83892775970445,-11.249617866441866,14.828455011117317,-11.273836342621722,14.800445000245086,0.0765687231703786,6.125497853630288,3.968061517344926,0,6.776400012313388,21.093999996082857
3278,109.26666666666303,TRACKING,1,0,1,0,-11.275470440253676,14.738949625778634,-11.198835503264215,14.759146194903956,-11.199312533373835,14.757429649713664,-11.21727927881595,14.725838935028062,0.07836796580847173,6.269437264677738,4.771985905379793,0,5.587299994658679,17.845499998657033
3279,109.29999999999636,TRACKING,1,0,1,0,-11.227919046208886,14.6711639370741,-11.143067750957579,14.68016156099727,-11.15057594694119,14.683363290861822,-11.160722215010177,14.651232869811038,0.07829929269904405,6.263943415923524,5.607230512339586,0,5.68050000583753,16.01039999513887
3280,109.33333333332969,TRACKING,1,0,1,0,-11.180103738516557,14.60356415143066,-11.087185057441722,14.601850770499066,-11.09452497590482,14.610244484573162,-11.127629401037316,14.576629765175435,0.08583910216824778,6.867128173459822,4.718655575873102,1,5.885400008992292,16.635699998005293
3281,109.36666666666302,TRACKING,1,0,1,0,-11.13240973991403,14.53587872341212,-11.040086077497804,14.524110849273006,-11.038004203061023,14.518739578938055,-11.066816441469543,14.51185180892118,0.09594871370585044,7.675897096468035,5.58843000251478,1,9.17999999364838,16.89329999499023
3282,109.39999999999635,TRACKING,1,0,1,0,-11.084778335549258,14.468149232147306,-10.987314035860495,14.450914892441414,-10.98819750274031,14.443928552965717,-11.024926394516052,14.432980647878766,0.09957157509092386,7.965726007273909,5.553569901903844,1,8.873600003425963,24.09069999703206
3283,109.43333333332968,TRACKING,1,0,1,0,-11.037267051049684,14.40033542445336,-10.940674725545454,14.374306109106655,-10.949335331025853,14.381213737593882,-10.970178704424427,14.354504660554076,0.08998681178206712,7.198944942565369,6.499873314458968,1,8.20289998955559,17.479000001912937
3284,109.46666666666302,TRACKING,1,0,1,0,-10.989730773675191,14.332539133978687,-10.890778429593247,14.296366612793312,-10.894747462850749,14.305468557661722,-10.917924466322281,14.279102757571835,0.09876560857558295,7.901248686046636,7.160599795728988,0,5.1192999962950125,22.535700001753867
3285,109.49999999999635,TRACKING,1,0,1,0,-10.942403086236334,14.264597065490593,-10.840791746295565,14.219060697537193,-10.835082291189229,14.218264816685597,-10.865670228220136,14.203700854589593,0.11689495424897849,9.351596339918279,7.836848346699808,0,9.154400002444163,23.390999995172024
3286,109.53333333332968,TRACKING,1,0,1,0,-10.895407008658418,14.196425199144999,-10.79044547794326,14.14203190536111,-10.78040175366008,14.142838654540272,-10.882633159923651,14.194972659073056,0.12687681600634265,10.150145280507413,1.028493528720326,1,9.296200005337596,18.98589999473188
3287,109.56666666666301,TRACKING,1,0,1,0,-10.848431444887556,14.128239195616704,-10.771012717471928,14.095307031090153,-10.777396853248437,14.099126782195198,-10.846544176571282,14.135142000470225,0.0767687815753325,6.1415025260266,0.5724920766943273,0,7.55389999540057,19.606000001658686
3288,109.59999999999634,TRACKING,1,0,1,0,-10.801509130624318,14.060016537408945,-10.744647610628634,14.042349670919524,-10.752862048310888,14.048459030441023,-10.810455193218912,14.075311341867394,0.05000114583610226,4.0000916668881805,1.4175202672127833,0,7.141299996874295,17.78799999738112
3289,109.63333333332967,TRACKING,1,0,1,0,-10.754635327740278,13.991760539343288,-10.7170450347872,13.988576697344593,-10.717396367573203,13.987045845893025,-10.757695305896997,14.028603275883269,0.03753622901484579,3.0028983211876628,2.957567326921556,1,8.414299998548813,23.291699995752424
3290,109.666666666663,TRACKING,1,0,1,0,-10.707913536780561,13.923400398045398,-10.68107836253745,13.93939409828522,-10.670719246972572,13.933469906514375,-10.719819998294124,13.989133518386687,0.03853323494241621,3.0826587953932965,5.344219717385165,1,9.136499997111969,17.95400000992231
3291,109.69999999999634,TRACKING,1,0,1,0,-10.661214004016125,13.855025049356458,-10.646345902178613,13.895968753043453,-10.644989519451396,13.892139501784268,-10.680677252890563,13.935975019592428,0.04050575858328398,3.2404606866627184,6.66055408527681,0,8.068299997830763,22.117999993497506
3292,109.73333333332967,TRACKING,1,0,1,0,-10.61456021060661,13.786618483668263,-10.61077238480036,13.849971141490812,-10.615428389513644,13.850685059235786,-10.641534507487002,13.882816520798169,0.06407245773000865,5.125796618400692,7.9926666548133,1,5.21160000062082,14.013099993462674
3293,109.766666666663,TRACKING,1,0,1,0,-10.568167873505695,13.718034332969534,-10.574663139003684,13.802926909479726,-10.573121921188578,13.80062584016476,-10.555029603236026,13.762523429918105,0.08273995195323249,6.6191961562585995,3.711080828419179,2,8.786499995039776,18.280000003869645
3294,109.79999999999633,TRACKING,1,0,1,0,-10.522036751482513,13.649274211899009,-10.517258359824353,13.725401812078026,-10.512953304140336,13.719996331114876,-10.507250303508128,13.651482707704815,0.07130306558628088,5.70424524690247,1.1960374507139175,2,10.037200001534075,20.002100005513057
3295,109.83333333332966,TRACKING,1,0,1,0,-10.476059965210977,13.580410797861564,-10.464904461485952,13.634081479089762,-10.465255162975883,13.63557769638822,-10.471345906367429,13.571495532992405,0.05621503752902615,4.497203002322092,0.8067883924507915,2,5.399899993790314,13.142099996912293
3296,109.866666666663,TRACKING,1,0,1,0,-10.430056244876281,13.511565374018595,-10.419106628274402,13.546407955709165,-10.426607373994107,13.55043295204317,-10.414991057986754,13.501716980741557,0.03902029384638683,3.1216235077109467,1.4398904539567614,2,10.250100007397123,19.591799995396286
3297,109.89999999999633,TRACKING,1,0,1,0,-10.383648877763152,13.442991392463066,-10.36724957458264,13.464505708207492,-10.373560965738578,13.466785827643308,-10.3617022081404,13.429711506995819,0.025844556768540323,2.0675645414832258,2.052139044885071,2,9.392899999511428,20.03369999874849
3298,109.93333333332966,TRACKING,1,0,1,0,-10.33702672455469,13.37456325863671,-10.31429367698054,13.385044370537482,-10.307014376647889,13.378786415574265,-10.31167577812821,13.35469872386049,0.030308020083768122,2.42464160670145,2.5765343875448186,0,7.179899999755435,19.2205999919679
3299,109.96666666666299,TRACKING,1,0,1,0,-10.289931231399118,13.306460034093488,-10.262042632775731,13.306035188969592,-10.255523182649691,13.304570129446413,-10.269291705674908,13.280517589218837,0.03445991233764189,2.756792987011351,2.6520940776009074,1,7.949899998493493,14.632399994297884
3300,109.99999999999632,TRACKING,1,0,1,0,-10.242286123917278,13.23874018174726,-10.213785022916255,13.228052908273375,-10.21909854698254,13.231934902452299,-10.24728335270359,13.19740271187089,0.024165586075798946,1.9332468860639156,3.3310742640272757,1,7.617800001753494,22.011599998222664
3301,110.03333333332965,TRACKING,1,0,1,0,-10.193994459189572,13.171479868139773,-10.177517085398847,13.146533266452433,-10.1847327561612,13.15325090338531,-10.217418979584698,13.1478553285529,0.020446865261091452,1.6357492208873163,2.6615208000641024,1,8.983099993201904,19.19360000465531
3302,110.06666666666298,TRACKING,1,0,1,0,-10.145200733486346,13.104582880160123,-10.144412777194237,13.07958108042545,-10.140488068663805,13.076538574609907,-10.180020823226677,13.096665636555498,0.028437515424584517,2.2750012339667616,2.8567073586991354,1,8.606899995356798,19.560300002922304
3303,110.09999999999631,TRACKING,1,0,1,0,-10.095770176291847,13.03815506456912,-10.110296732796451,13.01957426621076,-10.106339447612493,13.006404629792408,-10.120329931812991,13.03251196827157,0.03346340695087142,2.6770725560697137,2.0159779793746333,1,9.482599998591468,22.17489999020472
3304,110.13333333332965,TRACKING,1,0,1,0,-10.045698992775533,12.972208789086523,-10.06468821038326,12.95797509858018,-10.0704897459896,12.954849119566191,-10.057586852564995,12.966946558701993,0.030264493565494828,2.421159485239586,1.0400377808330865,1,8.835799992084503,15.248600000631995
3305,110.16666666666298,TRACKING,1,0,1,0,-9.995017379797526,12.906730481421324,-10.011311644445518,12.89538732019587,-10.017628360535562,12.902827422328004,-9.98292607818805,12.906990841269335,0.022945376881232906,1.8356301504986323,0.9675283540626601,1,6.5316000109305605,16.76519999455195
3306,110.19999999999631,TRACKING,1,0,1,0,-9.94359742683888,12.84183038044697,-9.94693534185337,12.834940160199002,-9.947008686475941,12.834146821796244,-9.926229238369807,12.843641736700587,0.008406769049438123,0.6725415239550498,1.3969910113949773,0,3.5954999912064523,11.85280000208877
3307,110.23333333332964,TRACKING,1,0,1,0,-9.89167026965635,12.777335380519132,-9.885275629893371,12.773737476706478,-9.877207673482085,12.768580601236305,-9.87855716951411,12.75866719225019,0.01690600036646413,1.3524800293171304,1.8250780122900014,1,6.925100009539165,13.228700001491234
3308,110.26666666666297,TRACKING,1,0,1,0,-9.838959720062979,12.713479036822395,-9.828600788701287,12.701909164956513,-9.826166484038048,12.699574128782427,-9.824202250074531,12.689706304449864,0.018894797050764776,1.511583764061182,2.2384647952250787,0,3.770399998757057,20.318099996075034
3309,110.2999999999963,TRACKING,1,0,1,0,-9.78544710894489,12.650293317549169,-9.77172677143446,12.631883942076582,-9.776860109707357,12.631324075415407,-9.761553450921769,12.666080702779558,0.02082231262455467,1.6657850099643736,2.291058691366723,1,7.380199996987358,16.98949999990873
3310,110.33333333332963,TRACKING,1,0,1,0,-9.730969477333982,12.587937705750253,-9.711498589400646,12.582617684756293,-9.716489553652053,12.583912318981728,-9.710523098157278,12.60087681609895,0.015029036179033617,1.2023228943226894,1.9357272502966798,1,5.493200005730614,16.22259999567177
3311,110.36666666666297,TRACKING,1,0,1,0,-9.675625586751671,12.526349651356856,-9.654865405763092,12.525836871686439,-9.650836644511104,12.520932085135737,-9.65550080285821,12.5409944499704,0.025374035571158145,2.0299228456926515,1.9911436764870976,0,6.638100006966852,12.95219999155961
3312,110.3999999999963,TRACKING,1,0,1,0,-9.619338521770919,12.465622384131965,-9.59812170946713,12.469189357798706,-9.594819523686908,12.466534972053235,-9.606237902428562,12.472083007483416,0.02453597529664887,1.9628780237319094,1.168563922065419,1,8.780299991485663,17.40200001222547
3313,110.43333333332963,TRACKING,1,0,1,0,-9.562516927448815,12.405394972702906,-9.544352966711122,12.407799280554874,-9.54917320928655,12.409984258724576,-9.54407578967114,12.402754745758065,0.014110859668448404,1.1288687734758724,1.4903344287356672,1,7.028100008028559,19.79669999855105
3314,110.46666666666296,TRACKING,1,0,1,0,-9.505277464481214,12.34556455779601,-9.486197497304577,12.343455427844622,-9.488983019499967,12.345374797732184,-9.493306986135678,12.342436494741582,0.016295549887276013,1.303643990982081,0.9897947433068202,1,8.225500001572073,17.729899991536513
3315,110.49999999999629,TRACKING,1,0,1,0,-9.44765636687539,12.286101596387658,-9.431419679409673,12.281364952880535,-9.423346157960925,12.27517573507075,-9.438874460346845,12.27945265604034,0.026652592800350327,2.132207424028026,0.8812002361082172,0,8.791200001724064,22.725899994838983
3316,110.53333333332962,TRACKING,1,0,1,0,-9.389750188211515,12.226916216932102,-9.37635148305583,12.218878573301575,-9.371538495610677,12.208723638851133,-9.367520591416408,12.246340915418081,0.025741710211630575,2.059336816930446,2.361658921953607,1,7.483699999283999,15.677100003813393
3317,110.56666666666295,TRACKING,1,0,1,0,-9.331671578875117,12.167900034352229,-9.313375016784326,12.170509202864983,-9.314410630530586,12.172658238271174,-9.31892830478383,12.197800406568234,0.017904771494961988,1.432381719596959,2.6002132752173313,1,7.876899995608255,16.342100003384985
3318,110.59999999999629,TRACKING,1,0,1,0,-9.273470873408582,12.10900425732239,-9.256980729996219,12.122402270186951,-9.262495489654714,12.1259196334237,-9.263077846808448,12.142582463136328,0.02016405210252821,1.6131241682022568,2.8119868080422528,1,8.926500013330951,15.923200000543147
3319,110.63333333332962,TRACKING,1,0,1,0,-9.215148412679216,12.050229047895094,-9.200067123729285,12.072320826666049,-9.197665739814395,12.074668883969364,-9.194822122209636,12.082881164306496,0.030049117089118515,2.4039293671294812,3.076953080328631,1,8.79269999859389,22.129799996037036
3320,110.66666666666295,TRACKING,1,0,1,0,-9.156528078720322,11.991750922794347,-9.137259956117527,12.018921530169134,-9.127695780961028,12.018575717702143,-9.128986910518355,12.013542458161382,0.03938109972976773,3.1504879783814186,2.80956874650245,1,7.8880000073695555,17.258899999433197
3321,110.69999999999628,TRACKING,1,0,1,0,-9.097607086901588,11.933575744308609,-9.072546419416447,11.958630672612882,-9.065617667272313,11.955379518807543,-9.061104947200427,11.93070305377915,0.03871340272590637,3.0970722180725097,2.9292003590234867,1,7.523299995227717,12.725900000077672
3322,110.73333333332961,TRACKING,1,0,1,0,-9.0383738580442,11.87571851254041,-9.00539841008219,11.887542288474727,-9.01418771315577,11.893105104235314,-9.002655872725276,11.844392561404165,0.029786963177359876,2.38295705418879,3.8007070414506288,1,7.833800002117641,17.362600003252737
3323,110.76666666666294,TRACKING,1,0,1,0,-8.979079623598079,11.817923803178743,-8.941648601695212,11.808485580520037,-8.93820745618805,11.812037239961626,-8.942202442664142,11.784267222273296,0.04129389416490742,3.3035115331925935,3.9941492505947913,1,15.566000001854263,20.193300006212667
3324,110.79999999999627,TRACKING,1,0,1,0,-8.919460041276944,11.760464773665495,-8.878569590213662,11.737673023775848,-8.872821195641098,11.730637648042135,-8.882110236687861,11.729099240725422,0.05536099118689903,4.428879294951923,3.9018392048529895,1,6.163999991258606,13.470999998389743
3325,110.8333333333296,TRACKING,1,0,1,0,-8.859673737083959,11.703179238844784,-8.81635685579631,11.67313497859182,-8.810918263712946,11.67081914748856,-8.820534668224989,11.683840994188765,0.05851727690361875,4.6813821522895,3.492469079626777,1,7.940400013467297,16.012699998100288
3326,110.86666666666294,TRACKING,1,0,1,0,-8.79971021172952,11.64607923625443,-8.753983574188883,11.617565940529031,-8.75971130077291,11.620191637529864,-8.759337852821373,11.624670035960058,0.04764536331521663,3.81162906521733,3.655817256748178,0,6.576700005098246,16.95780000591185
3327,110.89999999999627,TRACKING,1,0,1,0,-8.739580506024293,11.589154257900866,-8.6918363098938,11.56025644321761,-8.690305375017159,11.566722438816104,-8.698141037417757,11.565499077731351,0.05414078908938882,4.3312631271511055,3.8172636123751076,0,2.817000000504777,15.004000000772066
3328,110.9333333333296,TRACKING,1,0,1,0,-8.679335694765964,11.532351111991513,-8.629839655508079,11.502726637957135,-8.624822458558622,11.500634876109112,-8.636944222014142,11.506328119502644,0.06306831645402891,5.045465316322313,3.9793330899690833,0,7.0071999944048,18.31710000988096
3329,110.96666666666293,TRACKING,1,0,1,0,-8.61911401558016,11.475523442456389,-8.5679727241053,11.444936323422489,-8.565078729062328,11.439126246230565,-8.575747406610526,11.447157161273937,0.0651503498238143,5.212027985905144,4.14559712979221,0,7.877299998654053,17.495099993539043
3330,110.99999999999626,TRACKING,1,0,1,0,-8.558736313903715,11.418861569834483,-8.506215311821292,11.386930160868014,-8.511926820875493,11.389293724918431,-8.51455059120691,11.38798620304523,0.055365928968444965,4.429274317475597,4.312338661735968,1,6.7596000008052215,19.4616000080714
3331,111.0333333333296,TRACKING,1,0,1,0,-8.498132755794504,11.362441330440676,-8.444550487105515,11.328741244792257,-8.449287310118402,11.3291159572868,-8.453353775803295,11.328815244816523,0.05913085538990703,4.730468431192563,4.479907630087726,0,5.0709999923128635,18.28469999600202
3332,111.06666666666293,COASTING,0,0,1,0,-8.43731488364728,11.306252175826685,-8.382963925279297,11.270397833811531,-8.378748198791465,11.266449102618974,-8.39215696039968,11.269644286587816,0.07081201318829182,5.664961055063345,4.650591763850457,0,4.7640999982832,14.558400012901984
3333,111.09999999999626,TRACKING,1,0,1,0,-8.376421656217158,11.250144693955779,-8.321443515287434,11.211923804397376,-8.31702750498323,11.206275793058131,-8.381108135124947,11.24314034699865,0.0738386461601669,5.907091692813353,0.6742057174435007,1,9.24519999534823,15.690700005507097
3334,111.13333333332959,TRACKING,1,0,1,0,-8.315368810924673,11.194210940725347,-8.277616356074583,11.164828525165108,-8.28502262539162,11.16233310468471,-8.304003945337143,11.189281881057791,0.044012355163523774,3.5209884130819016,0.9910182207129706,1,6.933500000741333,21.917100006248802
3335,111.16666666666292,TRACKING,1,0,1,0,-8.254252632019636,11.13834639611252,-8.219911613228183,11.114851748963034,-8.224725431163229,11.120802541242506,-8.245639386431755,11.135902485902914,0.034345923107622744,2.7476738486098196,0.716260049623426,1,8.69399998919107,17.995800008066
3336,111.19999999999625,TRACKING,1,0,1,0,-8.192893188832825,11.082749153370138,-8.163803274990629,11.064792582861035,-8.168656557577076,11.06617354459579,-8.187089231235829,11.081598474635763,0.0293626480561163,2.3490118444893042,0.4733538910369077,0,6.964200001675636,20.571600005496293
3337,111.23333333332958,TRACKING,1,0,1,0,-8.131304396019576,11.027406084530782,-8.107211803857403,11.013993167860766,-8.103242262174993,11.01013898858901,-8.128539076039903,11.027294463368612,0.03294899024513035,2.6359192196104284,0.2214057469725415,0,6.884999995236285,10.748899992904626
3338,111.26666666666291,TRACKING,1,0,1,0,-8.069490999220577,10.972313992131598,-8.050329890509722,10.962654055536214,-8.047476881581142,10.95942141639942,-8.042013765335627,10.943742955654201,0.02551156373985718,2.0409250991885743,3.171172661194931,1,6.9629999925382435,15.56949999940116
3339,111.29999999999625,TRACKING,1,0,1,0,-8.007622483786696,10.917283805263311,-7.980524731404321,10.897606596344948,-7.983579133587452,10.902088260908343,-7.976869786342314,10.882545226208062,0.028442701296594253,2.27541610372754,3.7116010776017228,0,5.238400000962429,16.602299991063774
3340,111.33333333332958,TRACKING,1,0,1,0,-7.945885233538435,10.862106395025656,-7.913209633999334,10.834995497606766,-7.907900965033721,10.8371456768252,-7.906501482012219,10.842124045684406,0.04545153580376339,3.636122864301071,3.533043261076316,1,8.620200009318069,18.786599990562536
3341,111.36666666666291,TRACKING,1,0,1,0,-7.884098636603438,10.806984247861896,-7.843808901351903,10.781725530426504,-7.833356093176502,10.778750246659639,-7.827610386023486,10.788540069353173,0.058068619213164925,4.645489537053194,4.753851608585266,1,7.838399993488565,16.40350000525359
3342,111.39999999999624,TRACKING,1,0,1,0,-7.82225764191223,10.751923135955645,-7.769447481371942,10.727983647992525,-7.765874169768501,10.723882381456056,-7.781890131305163,10.736961104421685,0.06297126204776954,5.037700963821564,3.4440890118437806,1,7.833399999071844,22.066600009566173
3343,111.43333333332957,TRACKING,1,0,1,0,-7.760445313357776,10.696829845008132,-7.708034117156068,10.675841253929025,-7.7140804991969,10.679987785208162,-7.718771767087271,10.682297215532778,0.04932900739401048,3.9463205915208386,3.53078509409142,0,6.516399997053668,14.297900008386932
3344,111.4666666666629,TRACKING,1,0,1,0,-7.698629658343905,10.641740286433416,-7.644825243371081,10.623047976756897,-7.65315693174658,10.625556010955558,-7.65565340286938,10.62763332664387,0.048266962168115025,3.861356973449202,3.61858743632642,0,5.631599997286685,17.736299996613525
3345,111.49999999999623,TRACKING,1,0,1,0,-7.636780073362885,10.586688824087476,-7.581727245636564,10.569978022537342,-7.583403196066044,10.561325291938939,-7.592535038651488,10.572969437754963,0.05909652944980661,4.727722355984529,3.705861008038736,0,7.124499999918044,17.838599989772774
3346,111.53333333332957,TRACKING,1,0,1,0,-7.574897386340825,10.531674573972795,-7.518626314015081,10.516657908289275,-7.514278058674785,10.508661925681587,-7.529416674433596,10.518305548866056,0.06484045703152934,5.187236562522347,3.79239321834048,0,7.058100003632717,20.502100000157952
3347,111.5666666666629,TRACKING,1,0,1,0,-7.512921542661484,10.476765289976509,-7.455528618299888,10.463127254958371,-7.458364784982014,10.459007855601275,-7.506407387487007,10.505015539437618,0.05737391640882783,4.589913312706226,2.3193251601302705,1,9.867600005236454,19.468400001642294
3348,111.59999999999623,TRACKING,1,0,1,0,-7.450868700767539,10.421943036450811,-7.408405693578641,10.425894610645084,-7.408993576688035,10.432485793720774,-7.443064491169684,10.452429286084994,0.043181891430635916,3.4545513144508733,2.5175443326606883,1,7.583600003272295,19.050799994147383
3349,111.63333333332956,TRACKING,1,0,1,0,-7.388795445444137,10.367143897385434,-7.354237502674675,10.382220481224115,-7.351755248569176,10.3823679367849,-7.385547878505474,10.41772456289625,0.04004681710413928,3.2037453683311425,4.054785154979774,1,8.491400003549643,23.549999998067506
3350,111.66666666666289,TRACKING,1,0,1,0,-7.326773466768975,10.312286729850383,-7.3001444626347896,10.34463532839326,-7.29391643495987,10.339995680693747,-7.349410079183067,10.359673516254865,0.042981048104303546,3.4384838483442834,4.201275042521156,1,5.895599999348633,13.116300004185177
3351,111.69999999999622,TRACKING,1,0,1,0,-7.2647714600907465,10.25740699008584,-7.256038026056059,10.298540661173494,-7.25637143968548,10.299720221237683,-7.297879512437006,10.311103869760638,0.043138960039831295,3.4511168031865034,5.046661005914981,0,3.2979999959934503,11.561899998923764
3352,111.73333333332955,TRACKING,1,0,1,0,-7.202640548038507,10.20267323051912,-7.2094485111754105,10.252940022695114,-7.214875234555481,10.260520432325272,-7.2463489456909445,10.26253422326641,0.05912686623668134,4.730149298934507,5.929593566124333,0,3.3201999904122204,11.119200004031882
3353,111.76666666666289,TRACKING,1,0,1,0,-7.140363292818745,10.148106041192165,-7.162180141807021,10.206825178221784,-7.165262479929893,10.207717349019186,-7.194818378944883,10.213964576772183,0.06460245769043031,5.168196615234425,6.836468381262188,0,5.860900011612102,14.426800000364892
3354,111.79999999999622,TRACKING,1,0,1,0,-7.077999092599962,10.093638241531975,-7.1142534812873715,10.160330876710582,-7.10908594334828,10.159503945185428,-7.109525184997137,10.154334772987843,0.07283325618982465,5.826660495185973,5.471651119058471,1,6.04939999175258,12.583000003360212
3355,111.83333333332955,TRACKING,1,0,1,0,-7.015559314228531,10.039257098240595,-7.051525525186771,10.108844474699488,-7.050563005877093,10.099885212850564,-7.031226612746039,10.085632519108154,0.07000733326007462,5.600586660805969,3.9160338331367273,1,7.757100000162609,18.919399997685105
3356,111.86666666666288,TRACKING,1,0,1,0,-6.953013630000977,9.984997794400073,-6.9829052869164645,10.050333712712396,-6.98890042568305,10.055681854581994,-6.945227734202866,10.028215457447654,0.07927230580807118,6.341784464645695,3.513071884421014,1,4.68410000030417,17.149500010418706
3357,111.89999999999621,TRACKING,1,0,1,0,-6.890390720913453,9.930827637245356,-6.905467061523408,9.992245652213871,-6.913254203108298,9.994976316404916,-6.848398796464248,9.971977117189553,0.06810133519976069,5.448106815980855,4.703429501885223,1,8.633099991129711,17.05190000939183
3358,111.93333333332954,TRACKING,1,0,1,0,-6.827499131637062,9.876969651142637,-6.816909421368136,9.934271752173292,-6.808824197125509,9.927666302967786,-6.7720113001007425,9.916320409898448,0.054026879285140446,4.322150342811235,5.4419888501236535,0,6.318100000498816,18.926599994301796
3359,111.96666666666287,TRACKING,1,0,1,0,-6.764395602427511,9.823360143869671,-6.731933237917654,9.876697451581814,-6.726601576148561,9.872097793819481,-6.727482701894272,9.863298486334813,0.06167452427870189,4.933961942296151,4.350730274068303,1,6.909200004884042,22.808099995017983
3360,111.9999999999962,TRACKING,1,0,1,0,-6.700946808041722,9.77015971943771,-6.663461150287577,9.820676873124684,-6.666342790606598,9.824911882890031,-6.659446637591237,9.80833245632908,0.06477065250065007,5.181652200052007,4.51090908031414,0,7.749099997454323,20.97189999767579
3361,112.03333333332954,TRACKING,1,0,1,0,-6.6371675632569955,9.717355907042762,-6.593058924831327,9.764650303304634,-6.600123472046254,9.76741760210773,-6.646838377072683,9.724563016970352,0.062277106599517525,4.982168527961401,0.9648778521360997,1,7.498899998608977,12.117900012526661
3362,112.06666666666287,TRACKING,1,0,1,0,-6.573126918343326,9.664869428138266,-6.5485367240251575,9.695600408430977,-6.543226836015163,9.69390275031846,-6.632302190697078,9.646974287720608,0.04167671676187893,3.3341373409503143,4.945753028178172,1,10.509300002013333,21.446600003400818
3363,112.0999999999962,TRACKING,1,0,1,0,-6.5088217650204605,9.612707354513134,-6.517656673614931,9.622158429829538,-6.509418494752241,9.621178842011316,-6.5876043914796725,9.581168753953456,0.008492478248700515,0.6793982598960412,6.7888782258394995,0,4.80039999820292,13.803300011204556
3364,112.13333333332953,TRACKING,0,1,1,0,-6.444219650912014,9.560913517799966,-6.482322336751546,9.550775183952178,-6.485227607825053,9.55347286718626,-6.542906592262267,9.515363220186304,0.041677521660204754,3.33420173281638,8.695356740058052,0,7.510800001909956,17.63089999440126
3365,112.16666666666286,TRACKING,0,1,1,0,-6.379523433619381,9.509237274353143,-6.4456837950715435,9.480198946810445,-6.452783069717103,9.48390908242974,-6.498208793044862,9.449557686419151,0.0775144605043436,6.201156840347489,10.627622201166659,0,6.884399990667589,16.86560000234749
3366,112.1999999999962,TRACKING,0,1,1,0,-6.3146822064972294,9.457743100565768,-6.407796434597234,9.410360453538589,-6.404912500827292,9.409555289376106,-6.453510993827456,9.383752152651999,0.10229159868796754,8.183327895037403,12.58522119052584,0,7.0180000038817525,18.714299993007444
3367,112.23333333332953,TRACKING,1,0,1,0,-6.249649127958255,9.406491433622199,-6.368861838916141,9.341142450601307,-6.357042060121101,9.337166138903774,-6.326843926071426,9.412521648946486,0.1278250302809665,10.22600242247732,6.194397650827629,1,8.837899993523024,18.158100006985478
3368,112.26666666666286,TRACKING,1,0,1,0,-6.18419369032847,9.355780287377568,-6.296594408244299,9.309886026058784,-6.2974493399229345,9.31077714740817,-6.2495662654023265,9.35170924872531,0.12186929380352216,9.749543504281773,5.239937054580791,1,8.66150000365451,17.3209000058705
3369,112.29999999999619,TRACKING,1,0,1,0,-6.118159347457076,9.305825305340798,-6.2239080816518495,9.264899299463606,-6.227942759671431,9.272770997477101,-6.186533311879243,9.300346293900015,0.1146515803021272,9.172126424170175,5.487451037950225,0,7.383099989965558,18.825699997250922
3370,112.33333333332952,TRACKING,1,0,1,0,-6.051472543963834,9.256744709290988,-6.153543066963308,9.220028548310522,-6.1514729783415705,9.22442497486417,-6.12350035835616,9.24898333907472,0.10509353980695438,8.40748318455635,5.795581717836725,0,5.195000005187467,14.672999997856095
3371,112.36666666666285,TRACKING,1,0,1,0,-5.984137569059544,9.20855720236866,-6.084267306480143,9.174086050434834,-6.080050336966774,9.167765359169518,-6.0110492455967535,9.208754013365978,0.10422683684737621,8.338146947790097,2.15299169508783,1,8.887199990567751,17.763300013029948
3372,112.39999999999618,TRACKING,1,0,1,0,-5.916014338483298,9.161490652414296,-5.994250226286016,9.132198868383337,-5.994562866527056,9.130683972288224,-5.934510270557921,9.17092150590444,0.08437370916482842,6.749896733186273,1.660921191843421,1,8.563199997297488,23.76959999674
3373,112.43333333332951,TRACKING,1,0,1,0,-5.847030302865959,9.115695046744138,-5.908678378754899,9.09355435342568,-5.915797759830987,9.09330061495828,-5.859897334539003,9.124660443068777,0.07232201402372891,5.785761121898314,1.2545949729418338,0,6.684100007987581,15.321200000471435
3374,112.46666666666285,TRACKING,1,0,1,0,-5.777235195729559,9.071145325212242,-5.82477995621354,9.053074133859203,-5.829975337099751,9.056074523498406,-5.785284398520084,9.078399380233114,0.054851176614960695,4.388094129196856,0.866850777686965,0,5.3343000035965815,22.013299996615387
3375,112.49999999999618,TRACKING,1,0,1,0,-5.706558778309191,9.028007422048404,-5.742323501533271,9.011736295226289,-5.732423260531852,9.011105481013416,-5.710671462501166,9.03213831739745,0.030897363178701114,2.471789054296089,0.466328417475554,0,6.364399989251979,11.8959000101313
3376,112.53333333332951,TRACKING,1,0,1,0,-5.634972100282844,8.98639754103556,-5.661084617104043,8.969632134636333,-5.653744113606819,8.965099168963018,-5.636058526482247,8.985877254561787,0.02839030005434799,2.2712240043478396,0.09636662996009114,0,6.414200004655868,15.563299995847046
3377,112.56666666666284,TRACKING,1,0,1,0,-5.562817259571954,8.945780874127294,-5.580875275513637,8.926882498169903,-5.581347815117565,8.92471327330822,-5.561445590463329,8.939616191726124,0.02805753540674667,2.2446028325397336,0.5052352180969517,0,6.160099990665913,14.909899997292086
3378,112.59999999999617,TRACKING,1,0,1,0,-5.490002722777668,8.906359079391581,-5.501536396773731,8.88358697204329,-5.506108201540666,8.886957355601611,-5.499897962481979,8.854373662098002,0.02521533922452114,2.017227137961691,4.233503989836017,1,6.517999994684942,19.327200003317557
3379,112.6333333333295,TRACKING,1,0,1,0,-5.41646314720364,8.86830693762344,-5.427870805995755,8.825098985328026,-5.426009585366498,8.829003617280586,-5.441545291692214,8.823170126400042,0.04044608104094065,3.235686483275252,4.131011072025808,1,4.670700000133365,20.147200004430488
3380,112.66666666666283,TRACKING,1,0,1,0,-5.342236783576186,8.831612501922699,-5.359419670346994,8.778802397431836,-5.353141951342283,8.773334739615155,-5.367676285300156,8.79078120675984,0.059289292992759514,4.743143439420761,3.848626071846717,1,6.641899992246181,14.278500006184913
3381,112.69999999999617,TRACKING,1,0,1,0,-5.267425900661621,8.796124948241244,-5.288013544061938,8.738097750044718,-5.288150975796559,8.741004093511854,-5.286096067908236,8.752450585084558,0.0588883466014061,4.7110677281124875,3.799810641310381,1,7.621800003107637,16.011100000469014
3382,112.7333333333295,TRACKING,1,0,1,0,-5.192069467046918,8.761811065021421,-5.211630375378306,8.698927230874734,-5.220977826679599,8.704843890261763,-5.203230730065685,8.712353068053662,0.06388233133464849,5.11058650677188,4.056139844718889,1,7.723499991698191,16.411500007961877
3383,112.76666666666283,TRACKING,1,0,1,0,-5.116026617974616,8.729046453415023,-5.131680537334179,8.660209111874247,-5.135889269142083,8.666058699669886,-5.129025084005358,8.672863466696944,0.06604530288565966,5.283624230852772,4.613363625445526,1,7.16429999738466,22.262800004682504
3384,112.79999999999616,TRACKING,1,0,1,0,-5.039463759765514,8.697516096429986,-5.053963596503115,8.622097507088197,-5.050830011705073,8.616242694058375,-5.0532269245702155,8.631650734641505,0.08206435045871818,6.565148036697455,5.383037411109119,0,7.0103000034578145,17.90729998901952
3385,112.83333333332949,TRACKING,1,0,1,0,-4.962410901106986,8.667202870912075,-4.976374772779792,8.583357872860233,-4.974254195318304,8.584326442990893,-4.972902863321357,8.612313212451502,0.08371837267141952,6.697469813713561,4.470673060397839,1,8.318699998199008,19.7904000087874
3386,112.86666666666282,TRACKING,1,0,1,0,-4.8848900970969815,8.638107173388326,-4.896911768221423,8.554714287842508,-4.906770461511688,8.560043558253478,-4.894152861004625,8.592914956903936,0.08107205655984101,6.485764524787282,3.6905372842279163,1,8.443200000328943,13.872399998945184
3387,112.89999999999615,TRACKING,1,0,1,0,-4.80695097761517,8.610151345317048,-4.817279350725966,8.531303815278832,-4.823095404468751,8.540551810739396,-4.837403911456042,8.568365614421081,0.07144744734317927,5.715795787454342,4.136416602636996,1,9.281999999075197,16.198800003621727
3388,112.93333333332949,TRACKING,1,0,1,0,-4.7286202763542855,8.58331227102733,-4.748135082297561,8.509020477166242,-4.742984213070368,8.506497420661058,-4.765517482131077,8.538868404899908,0.07814629815145709,6.251703852116567,4.621107074621552,0,6.129100001999177,21.416299990960397
3389,112.96666666666282,TRACKING,1,0,1,0,-4.649844552726342,8.557808937213007,-4.677262162499687,8.485247659259825,-4.673178230365528,8.483513167881362,-4.709350744428555,8.52759002949158,0.07787375586646898,6.229900469317519,5.339165019230102,1,8.315099999890663,16.56879999791272
3390,112.99999999999615,TRACKING,1,0,1,0,-4.570671153459295,8.533568320115835,-4.613749472314459,8.469224082906079,-4.616067839690932,8.469859013698338,-4.641483270227454,8.502750715205714,0.07822873413913985,6.2582987311311875,6.178196839121871,0,6.77910000376869,19.619499988039024
3391,113.03333333332948,TRACKING,1,0,1,0,-4.4911094955813,8.510634125897248,-4.548573344153198,8.450684333782302,-4.558931791459164,8.459617696062503,-4.5360168841922714,8.465764953747613,0.08486777911096727,6.789422328877382,5.0785296525670205,1,3.562199999578297,11.831499999971129
3392,113.06666666666281,TRACKING,1,0,1,0,-4.411134767492914,8.489184707817971,-4.465883265506435,8.425691199480067,-4.463746596526566,8.427164841907949,-4.459154251988648,8.438019725270246,0.08132938166347617,6.506350533078093,5.613541530460768,0,6.934200006071478,19.10879999923054
3393,113.09999999999614,TRACKING,1,0,1,0,-4.33082667897506,8.46901925252037,-4.386466574808539,8.401030927904264,-4.384407529022426,8.392919169477384,-4.382291619785024,8.41027449679288,0.09307056533054746,7.445645226443797,6.247987942654457,0,6.8752999941352755,18.47239999915473
3394,113.13333333332947,TRACKING,1,0,1,0,-4.250170570777594,8.450294219030695,-4.307309571709454,8.375844989024595,-4.310743340555563,8.373433357377593,-4.3054289875814,8.382529268315514,0.09786037243252352,7.828829794601881,6.995121121739243,0,5.957100001978688,10.291699989465997
3395,113.1666666666628,TRACKING,1,0,1,0,-4.1691683152899115,8.433128285480226,-4.228520934610712,8.35026249873233,-4.2380359867288915,8.359197714680713,-4.228566355377776,8.354784039838147,0.10103704997756587,8.082963998205269,7.865244252128335,0,3.784600005019456,13.892100003431551
3396,113.19999999999614,TRACKING,0,1,1,0,-4.087869263799655,8.41742800218547,-4.150034905261565,8.324341891613793,-4.146801506016174,8.32769490052074,-4.151703723174152,8.327038811360781,0.1073547330444228,8.588378643553824,8.852586161009043,0,6.292500009294599,14.013599997269921
3397,113.23333333332947,TRACKING,0,1,1,0,-4.006288017222242,8.40326696847934,-4.071805238836921,8.298135585065513,-4.066426664506615,8.294775891461438,-4.074841090970528,8.299293582883415,0.1240442287641735,9.92353830113388,9.963128450880665,0,7.242799998493865,13.64109999849461
3398,113.2666666666628,TRACKING,1,0,1,0,-3.924436886067102,8.3907598905882,-3.993792279887408,8.27168771983266,-3.9953922470369228,8.27189493689655,-3.9122882402330426,8.374154906635722,0.13843244007990238,11.07459520639219,1.6459697934792425,1,5.459699998027645,19.378900004085153
3399,113.29999999999613,TRACKING,1,0,1,0,-3.8423526133295054,8.379887593779761,-3.885151535449662,8.28192910554813,-3.891523502249517,8.291214023170955,-3.823228430828328,8.361014732515217,0.10139417360824582,8.111533888659665,2.149484401281864,0,5.439900007331744,13.30180000513792
3400,113.33333333332946,TRACKING,1,0,1,0,-3.760046900690511,8.370843018845681,-3.7849459198003483,8.28208296364264,-3.787491993099145,8.286035572815367,-3.7099598898598085,8.386666436619635,0.0891377361138545,7.13101888910836,4.2021626462603106,1,5.89449999097269,16.298200003802776
3401,113.3666666666628,TRACKING,1,0,1,0,-3.6775557333926483,8.363684668016969,-3.6760469910643843,8.296747808955972,-3.672582486660963,8.29104548009205,-3.6250282004442544,8.376609312992814,0.07280923571529849,5.824738857223879,4.3275402087717145,1,3.3620999893173575,8.538100009900518
3402,113.39999999999613,TRACKING,1,0,1,0,-3.594917152666102,8.35849818132046,-3.575126564360933,8.303699293500305,-3.576566878460858,8.304171679972573,-3.5546799415934847,8.353827611422913,0.05734196815692368,4.587357452553895,3.240589949322428,1,8.194299996830523,14.655999999376945
3403,113.43333333332946,TRACKING,1,0,1,0,-3.5121823615575396,8.355183213903816,-3.485503603611977,8.300996981554265,-3.493149896481495,8.304423137937198,-3.48053706241548,8.326646284238366,0.05421088487571208,4.336870790056967,3.408958844007362,1,8.518700007698499,20.913299988023937
3404,113.46666666666279,TRACKING,1,0,1,0,-3.429391361132108,8.353885170257742,-3.401110764756146,8.289780331091503,-3.404111269424798,8.292880813985935,-3.410928410172434,8.321079774587346,0.06603494923801788,5.28279593904143,3.011524045508441,1,8.60879999527242,15.047699998831376
3405,113.49999999999612,TRACKING,1,0,1,0,-3.346591886912921,8.354415960025063,-3.3229264530295337,8.284005450099798,-3.318090040866748,8.283012936121311,-3.3322516172935557,8.308361683570604,0.07688138299119965,6.150510639295972,3.8588203067775755,0,6.869899996672757,19.028099995921366
3406,113.53333333332945,TRACKING,1,0,1,0,-3.2638219578468948,8.356690495396496,-3.2439014083694375,8.276457231136233,-3.2424886819080276,8.27269821097363,-3.271210811389196,8.3155633552292,0.08665917438364772,6.9327339506918175,3.342848428520782,1,8.034099999349564,14.807900006417185
3407,113.56666666666278,TRACKING,1,0,1,0,-3.181111408392385,8.36056343713166,-3.1734283993243118,8.277687067662779,-3.181387113566924,8.277017737585954,-3.1963674268119853,8.319116482433893,0.0835461544652093,6.683692357216744,3.533244312402222,1,6.899200001498684,15.065199986565858
3408,113.59999999999611,TRACKING,1,0,1,0,-3.0984881255957357,8.36598817755456,-3.100918720198989,8.28157948203592,-3.1094181417195355,8.287232029405668,-3.1019653263141236,8.305646760784223,0.0795109811517664,6.360878492141312,4.8353217077253,1,8.803000004263595,15.593599993735552
3409,113.63333333332945,TRACKING,1,0,1,0,-3.016017809078749,8.373382875813379,-3.018475631462979,8.279233164889398,-3.017288404384785,8.275189574907744,-3.0107551097266843,8.317725224025228,0.09820152114492049,7.856121691593639,4.47247239511481,1,8.099200000287965,20.628800004487857
3410,113.66666666666278,TRACKING,1,0,1,0,-2.933708403314884,8.38239377984962,-2.9320172068813712,8.286205208267138,-2.926330119402214,8.28130628852499,-2.911188682072377,8.322327240479211,0.10135640076385508,8.108512061108406,5.131940449710356,1,8.048699994105846,18.011699998169206
3411,113.69999999999611,TRACKING,1,0,1,0,-2.8515705061666736,8.392853250238742,-2.8384088378592915,8.29375193433585,-2.838576339882418,8.296278107494288,-2.8235723191118858,8.322414903933383,0.09744540293689885,7.795632234951907,6.063904542039453,0,6.41459999314975,17.66450000286568
3412,113.73333333332944,TRACKING,1,0,1,0,-2.7696414553183084,8.404839296118718,-2.746745894460443,8.299816955389598,-2.754185680365307,8.304153719018787,-2.7483733898422495,8.371459414069685,0.10186494203279141,8.149195362623312,3.1663704240167787,1,4.459300005692057,9.691999992355704
3413,113.76666666666277,TRACKING,1,0,1,0,-2.687980686308952,8.418534312495176,-2.6615795859743545,8.32833413787297,-2.657701725274157,8.329148653923165,-2.6820697338178405,8.399237063380763,0.09437484537576094,7.549987630060875,1.6145799359305755,1,8.743500002310611,19.05270000861492
3414,113.7999999999961,TRACKING,1,0,1,0,-2.606670511483149,8.434176887045046,-2.584387134232235,8.358469164730463,-2.573170786689022,8.356230178112636,-2.607056138554948,8.426646482640077,0.08484056220155632,6.787244976124506,0.6032217435915644,1,10.087100003147498,21.377099998062477
3415,113.83333333332943,TRACKING,1,0,1,0,-2.5257023311352143,8.451502834057987,-2.5079948372641154,8.390970482348932,-2.502498099427025,8.386429263095545,-2.528625277521758,8.446230977021639,0.06908694527167397,5.526955621733918,0.4822354093364911,0,6.621299995458685,16.035399996326305
3416,113.86666666666277,TRACKING,1,0,1,0,-2.445135253755597,8.4706073024164,-2.431063369946968,8.420840135587463,-2.434712130646549,8.425178503803007,-2.4397012394121993,8.465294372447383,0.04660919693368071,3.7287357546944566,0.6079775613750752,1,7.21539999358356,16.405000002123415
3417,113.8999999999961,TRACKING,1,0,1,0,-2.3649702048994787,8.491334087276748,-2.3489529704714873,8.448905519163086,-2.348599639995749,8.453388167551324,-2.3564019338468536,8.484315261267025,0.04132660425289638,3.3061283402317105,0.8860850970818427,1,4.027000002679415,15.364200007752515
3418,113.93333333332943,TRACKING,1,0,1,0,-2.285291702734524,8.513858983758201,-2.266624256375827,8.475459923989316,-2.26121112639646,8.472152987670432,-2.274719318820747,8.503654980696497,0.048158740291315096,3.8526992233052075,1.1754746584519429,0,3.3655000006547198,10.58670000929851
3419,113.96666666666276,TRACKING,1,0,1,0,-2.2062260185761797,8.53844866161953,-2.1844994729733105,8.500919035637773,-2.181761970137556,8.497769755653131,-2.19303670379464,8.52299470012597,0.04746854807796873,3.7974838462374985,1.6253648456903806,0,4.1981999966083094,11.662500008242205
3420,113.99999999999609,TRACKING,1,0,1,0,-2.127776314463356,8.56493787816818,-2.1024429306715504,8.525425277500005,-2.1085086492785945,8.534217897785528,-2.093657752359931,8.54200528109571,0.0362623788020401,2.900990304163208,3.288749587055655,1,3.5521000099834055,10.843899988685735
3421,114.03333333332942,TRACKING,1,0,1,0,-2.0500103681211805,8.593371876449407,-2.0126412753759837,8.548982228765231,-2.015365005175632,8.555443338608018,-2.022610870397406,8.566774263153993,0.05136998302914271,4.1095986423314175,3.054874670845901,1,8.38579999981448,13.577799996710382
3422,114.06666666666275,TRACKING,1,0,1,0,-1.9729445214649686,8.623652067134278,-1.9312068871226225,8.57438000643748,-1.9232900197037068,8.576237674902064,-1.9435580452944594,8.593177066586444,0.06865634811078603,5.492507848862883,3.386836296118656,1,3.7800999998580664,16.99269999517128
3423,114.09999999999609,TRACKING,1,0,1,0,-1.896599649289408,8.65570663250722,-1.850173095713826,8.601452030506891,-1.840715088839963,8.597691187153162,-1.8647278961026554,8.628701978454075,0.0805535597987912,6.444284783903296,3.3419132165654766,1,8.80519999191165,18.61339999595657
3424,114.13333333332942,TRACKING,1,0,1,0,-1.8211435278601835,8.689800743547238,-1.7702161223447597,8.634040633184254,-1.768774049781067,8.630684924386799,-1.7835958671774883,8.666280396551496,0.07897621356642034,6.318097085313628,3.544490752065055,1,7.393499996396713,18.391600009636022
3425,114.16666666666275,TRACKING,1,0,1,0,-1.7466368891440476,8.725922696096541,-1.6897752668958934,8.670678637226828,-1.6951973750183083,8.670859902474907,-1.7330280106777147,8.707245638880247,0.07535207266499548,6.028165813199639,1.8487341214954978,1,3.0889000045135617,7.467499992344528
3426,114.19999999999608,TRACKING,1,0,1,0,-1.6732072114316696,8.764186479231606,-1.6246294350563777,8.711436132792757,-1.6274340785721653,8.716792341054246,-1.660951577500756,8.739816154398898,0.06588917988067937,5.27113439045435,2.182275209775703,0,2.9243000026326627,9.0658999979496
3427,114.23333333332941,TRACKING,1,0,1,0,-1.6009246618397412,8.80457543432135,-1.5565085019476526,8.750219187446136,-1.5476414890080679,8.74476551251644,-1.6112398517084725,8.794067793675447,0.0801019553651442,6.408156429211536,1.177967480627976,1,3.508299996610731,9.191199991619214
3428,114.26666666666274,TRACKING,1,0,1,0,-1.5298573485256604,8.847066276241335,-1.4985815724997416,8.798437736936297,-1.5006727093503593,8.794096220967017,-1.5432669885643941,8.828484263717405,0.06047784651884429,4.838227721507543,1.8332216632504486,1,7.346900005359203,16.13299999735318
3429,114.29999999999607,TRACKING,1,0,1,0,-1.4599290362300363,8.8914066168832,-1.4371344608607153,8.841921147216837,-1.4409275413100588,8.845333102834324,-1.4749556228808447,8.878730349931091,0.04983799259606991,3.987039407685593,1.572739877213802,1,4.951099996105768,15.742999996291474
3430,114.3333333333294,TRACKING,1,0,1,0,-1.3910422357859242,8.937348356002698,-1.3742891839996256,8.891078293630537,-1.3717757816632887,8.889888801207489,-1.4242238332407553,8.948485459978919,0.05122114403075204,4.097691522460163,2.800061136054411,1,5.4792000009911135,8.162400001310743
3431,114.36666666666274,TRACKING,1,0,1,0,-1.3231551781702948,8.98475491754267,-1.3190006280467668,8.952465156509232,-1.3154559603316143,8.94132936494194,-1.3580872469554015,9.016072544058536,0.04410279553504826,3.528223642803861,3.7532221124316907,1,8.807799997157417,17.786800002795644
3432,114.39999999999607,TRACKING,1,0,1,0,-1.2561605711972579,9.033414524048263,-1.2597644347682697,9.01953568405006,-1.2582822658305743,9.009551529890143,-1.2945049794277164,9.070211212028576,0.023957130009822525,1.916570400785802,4.251523878415058,0,6.669499998679385,22.693899998557754
3433,114.4333333333294,TRACKING,1,0,1,0,-1.1900589120223197,9.083280397379342,-1.2001482938883286,9.083522450694938,-1.2092455970238873,9.08819577190398,-1.2309227119000312,9.124349879998617,0.019806306775035958,1.5845045420028767,4.6348609769428375,0,8.69550000061281,17.024800006765872
3434,114.46666666666273,TRACKING,1,0,1,0,-1.12477700618336,9.134214741772729,-1.1399072261793977,9.14604473751064,-1.1465864938291797,9.152082143637587,-1.167340444372346,9.178488547968657,0.028193931984977078,2.255514558798166,4.9132090925860705,0,6.346699999994598,23.165200007497333
3435,114.49999999999606,TRACKING,1,0,1,0,-1.0605366834966579,9.186456636932258,-1.079155778852231,9.207261002849336,-1.0761020159695738,9.206187456436352,-1.0686262939936901,9.206548011876224,0.02513135120313957,2.0105080962511654,1.7327068213779007,1,3.720800013979897,11.955199996009469
3436,114.5333333333294,TRACKING,1,0,1,0,-0.9972830054468452,9.239888901360425,-1.003198239471805,9.256410371520987,-0.9975618411233543,9.251976446210389,-0.977260347682358,9.246766275032908,0.012090760515136119,0.9672608412108895,1.6936683832859092,1,8.460199998808093,14.582299991161563
3437,114.56666666666273,TRACKING,1,0,1,0,-0.9351502727716386,9.294620594181517,-0.9212553212413126,9.30338543812633,-0.9290734253354417,9.303447293651042,-0.8941563127380765,9.28849487469371,0.010716281924628802,0.8573025539703041,3.3159292619490808,1,6.4215000020340085,16.262200006167404
3438,114.59999999999606,TRACKING,1,0,1,0,-0.8739965858169136,9.350444077059194,-0.8378517261288417,9.34835643417034,-0.8450121421606536,9.35585047916445,-0.808144401861673,9.333820843407018,0.029484354457688846,2.3587483566151075,5.433432523172619,1,11.425100004998967,12.654599995585158
3439,114.63333333332939,TRACKING,1,0,1,0,-0.8138275933121806,9.407327528165085,-0.751506883180418,9.393572342002164,-0.7489794023549917,9.392178247478913,-0.7415074903785756,9.396988735111453,0.06659420827465748,5.327536661972599,5.844430062277383,1,7.398000001558103,16.04659999429714
3440,114.66666666666272,TRACKING,1,0,1,0,-0.7546125390579875,9.465203360931655,-0.6732910503333013,9.447721497315591,-0.6677211458813823,9.440240846621789,-0.6656045232115462,9.447601619616513,0.0904059806032857,7.232478448262856,7.2585389966832405,0,6.593699989025481,13.016000011703
3441,114.69999999999605,TRACKING,0,1,1,0,-0.6963299460481766,9.524018104158193,-0.5945866715174251,9.500206794828186,-0.595660275418173,9.499833835892515,-0.5897015560445167,9.498214504121574,0.1035338660357068,8.282709282856544,8.77649199336406,0,6.3190999935613945,14.738400001078844
3442,114.73333333332938,TRACKING,0,1,1,0,-0.6390311559961255,9.583791704746764,-0.5163709079884208,9.552462109568062,-0.5242700401076852,9.555187797030841,-0.5137985888774872,9.548827388626634,0.11827213220611618,9.461770576489295,10.40175347337095,0,5.939299997407943,17.020300001604483
3443,114.76666666666272,TRACKING,1,0,1,0,-0.5827438766328089,9.644518773263421,-0.4385147506892293,9.604453165784692,-0.44277463724834115,9.609702900484534,-0.5473431902414411,9.60563123804431,0.14423429887243228,11.538743909794581,4.207002917914882,1,8.10960000671912,15.879600003245287
3444,114.79999999999605,TRACKING,1,0,1,0,-0.5272924727290202,9.70601004478914,-0.40704189587431666,9.658831275625229,-0.40012744092250574,9.654988849425305,-0.5353804426694302,9.66296264329263,0.13701863993890226,10.961491195112181,3.5040493451856376,1,5.638399990857579,15.259400010108948
3445,114.83333333332938,TRACKING,1,0,1,0,-0.4725127904800832,9.768100471438153,-0.38343939298202684,9.714809029375054,-0.37819974099763554,9.714912362195035,-0.49668929857001093,9.743561653234835,0.1082770809891756,8.662166479134047,2.7558312194911663,1,7.6569999946514145,12.597499997355044
3446,114.86666666666271,TRACKING,1,0,1,0,-0.4183054349105166,9.830691183775572,-0.35709804953091007,9.782875553391278,-0.36209568157162353,9.789717493023206,-0.4395371644432967,9.823836596108478,0.06955846249227889,5.564676999382311,1.78486384652994,1,8.523099997546524,16.51020000281278
3447,114.89999999999604,TRACKING,1,0,1,0,-0.3646592838666286,9.893763563998037,-0.32099640294628806,9.857962473817864,-0.32213876410043485,9.864236594010174,-0.37704887232788975,9.895585263045026,0.05176713781784194,4.141371025427355,1.0018239035909344,1,7.993599996552803,20.895499998005107
3448,114.93333333332937,TRACKING,1,0,1,0,-0.3114372272532034,9.957194213991462,-0.2762735671031802,9.933518845898437,-0.2696643802921293,9.932415283345737,-0.3159424681275996,9.960165544851158,0.048569189278584654,3.8855351422867725,0.43174809258444286,1,6.368300004396588,11.442000002716668
3449,114.9666666666627,TRACKING,1,0,1,0,-0.2586936112287572,10.021023248430476,-0.2265164745131812,10.00608182971079,-0.22446636785513946,10.0004182553931,-0.26173952645135407,10.026692751863406,0.03995084388379242,3.196067510703394,0.5148723723440845,0,5.596300004981458,13.504100003046915
3450,114.99999999999604,TRACKING,1,0,1,0,-0.2062527658035518,10.085101266500955,-0.1766348614012091,10.077897316909151,-0.18514362946275167,10.079204789859974,-0.19182761428126707,10.127510349482302,0.02191720953570781,1.7533767628566248,3.5836207975819514,1,5.9231000050203875,14.158299993141554
3451,115.03333333332937,TRACKING,1,0,1,0,-0.1543076023661868,10.149581764825768,-0.11854239777067882,10.165279326814183,-0.12667004929337308,10.166626102746259,-0.12130616648924152,10.178717517635006,0.032470660526088026,2.597652842087042,3.521805774725106,1,9.485600006883033,17.225899995537475
3452,115.0666666666627,TRACKING,1,0,1,0,-0.10272257738228895,10.21435073784651,-0.05558535842945936,10.237073091035919,-0.04892566593942126,10.229501549373602,-0.05982686002878021,10.247890381682765,0.055889666045890664,4.471173283671253,4.35610855764449,0,6.692099996143952,17.619899997953326
3453,115.09999999999603,TRACKING,1,0,1,0,-0.051524803373982395,10.279426252484086,0.006427699856410327,10.310113745246824,0.01409248396220896,10.302692583900658,0.0016524464316810955,10.317063245730525,0.06962004434748703,5.5696035477989625,5.211902167939179,0,5.321000004187226,17.73690000118222
3454,115.13333333332936,TRACKING,1,0,1,0,-0.0008754689181779407,10.344929531699213,0.06839634563891014,10.382451284098014,0.06662584606004905,10.383670544236624,0.0631317528921424,10.386236109778284,0.07782861669215026,6.22628933537202,6.094276835971515,0,3.146599992760457,10.488100000657141
3455,115.16666666666269,TRACKING,1,0,1,0,0.04914167174296552,10.410916805539207,0.13028273071915716,10.454298635597553,0.1258743424122626,10.457126201405938,0.07257192114543284,10.462397371116275,0.08957237863544226,7.165790290835381,4.524935513668465,1,3.6382999969646335,11.93500000226777
3456,115.19999999999602,TRACKING,1,0,1,0,0.09865260132641136,10.477284738462675,0.17043627800138633,10.528634911873569,0.16956703986333962,10.526891270966425,0.12368933138182257,10.532961746437831,0.08654285447137393,6.923428357709914,4.883780220400159,0,4.748699997435324,10.762100006104447
3457,115.23333333332936,TRACKING,1,0,1,0,0.14754839736357453,10.544107158342856,0.21556166923913167,10.601940651247842,0.2213926508231953,10.596328414157943,0.1748067416182123,10.603526121759387,0.09044353668401928,7.235482934721541,5.229840866412326,0,3.4245000133523718,12.94469999265857
3458,115.26666666666269,TRACKING,1,0,1,0,0.19601850404595517,10.61123899450834,0.26141449648575255,10.674841904275368,0.25754876804136007,10.669312861969535,0.1691229354009848,10.671068214852077,0.08460819977546283,6.768655982037027,5.2477239071739055,1,4.734199988888577,13.413300010142848
3459,115.29999999999602,TRACKING,1,0,1,0,0.24397741612782042,10.67873697537203,0.2844425773877523,10.746115322201916,0.27290076559996373,10.753720981760509,0.2356401063996783,10.71293599676321,0.08036890791067958,6.429512632854366,2.8160497695800233,1,4.164400001172908,10.296699998434633
3460,115.33333333332935,TRACKING,1,0,1,0,0.2915363365372058,10.746517383737903,0.3254396553691784,10.804958848060993,0.3227392793644396,10.80708640948679,0.28318412158330847,10.777380754883797,0.06813391608625559,5.450713286900447,2.557883091152172,1,4.893500008620322,12.533899993286468
3461,115.36666666666268,TRACKING,1,0,1,0,0.33870719803576976,10.814568427038019,0.3661059320940194,10.8666749670952,0.37315128541818926,10.863768575138783,0.3412489797688808,10.845358089517424,0.060058719006859496,4.80469752054876,2.4715520241007574,1,13.16259999293834,17.980000004172325
3462,115.39999999999601,TRACKING,1,0,1,0,0.3855481423300111,10.882846978621767,0.4135175333407316,10.930612541223146,0.4148915075840487,10.927187067144622,0.3983024633655116,10.899901070358881,0.05317025987002947,4.2536207896023575,1.7036708603333057,1,9.63340001180768,19.25179999670945
3463,115.43333333332934,TRACKING,1,0,1,0,0.43191852713127094,10.951445973382143,0.4643100005369156,10.989146814512942,0.45433019926833795,10.991544777448265,0.4500445005474837,10.961878706220633,0.04593688208305687,3.67495056664455,1.6731150860873831,0,8.251499995822087,16.727199996239506
3464,115.46666666666268,TRACKING,1,0,1,0,0.4780434785913354,11.020210233878112,0.5148181885014192,11.0488817304086,0.5096669247531616,11.052696487036284,0.5017865377294557,11.023856342082384,0.04533650837246702,3.6269206697973617,1.9217108415551603,0,7.64510000590235,16.958899999735877
3465,115.499999999996,TRACKING,1,0,1,0,0.5238304778283457,11.08919998217176,0.5655389921577672,11.108916497841468,0.5692647747918548,11.10346298446738,0.5535285749114278,11.085833977944135,0.047620463826522894,3.8096371061218313,2.3910592863469438,0,5.524899999727495,22.574899994651787
3466,115.53333333332934,TRACKING,1,0,1,0,0.5690835844315371,11.15854110281104,0.6164126981631012,11.169247260480123,0.6243097958513378,11.164570088593628,0.6052706120933999,11.147811613805887,0.055554325640324254,4.44434605122594,3.019534168377224,0,6.366300003719516,14.82929999474436
3467,115.56666666666267,TRACKING,1,0,1,0,0.6140066248506973,11.228096513155954,0.6674172908659424,11.229825793536408,0.6647419456445295,11.230433446606439,0.6570126492753721,11.209789249667638,0.050789113341394826,4.063129067311586,3.739239737269669,0,5.914800000027753,14.775000003282912
3468,115.599999999996,TRACKING,1,0,1,0,0.6587261486619567,11.297782945543078,0.7185324662906575,11.290613990459462,0.712269920277971,11.294644489432983,0.7087546864573442,11.27176688552939,0.05363567269665679,4.290853815732543,4.511099181409593,0,5.426999996416271,13.031199996476062
3469,115.63333333332933,TRACKING,1,0,1,0,0.7031328297363538,11.367669148363861,0.7697411574389144,11.351579473398445,0.7702817252684045,11.347724893763404,0.6958005667346567,11.339183419470986,0.07004817958192852,5.603854366554282,2.3531409902979217,1,8.998100005555898,15.708999999333173
3470,115.66666666666266,TRACKING,1,0,1,0,0.7473768842137297,11.43765842120016,0.797483740922386,11.414674280518708,0.8036409805276826,11.409650925366408,0.744105084959912,11.43045963682962,0.06284956926585397,5.027965541268318,0.6325929712961372,1,9.958400012692437,25.003199989441782
3471,115.699999999996,TRACKING,1,0,1,0,0.7916340614882637,11.507639396675224,0.8340005042187869,11.488930758231005,0.8368507293763371,11.49011240201844,0.7934020317484153,11.499405424073256,0.04849476875498282,3.8795815003986256,0.6737312159642687,1,9.346600010758266,19.640999991679564
3472,115.73333333332933,TRACKING,1,0,1,0,0.8361045847956478,11.577484992280947,0.8736878602575561,11.560830218410764,0.8665515290945556,11.569829532269608,0.8382451374620766,11.567747379646194,0.0313946250993065,2.51157000794452,0.7976086881864122,0,4.949900001520291,17.16429999214597
3473,115.76666666666266,TRACKING,1,0,1,0,0.8805803398445212,11.647327256574021,0.9138335958163937,11.632228263316497,0.9146081827294488,11.639895482681167,0.883088243175738,11.636089335219133,0.03482994910412336,2.786395928329869,0.9211486933081521,0,4.531399987172335,15.15010000730399
3474,115.79999999999599,TRACKING,1,0,1,0,0.925400228764288,11.716949180031872,0.9547222266735648,11.703144175803745,0.965838284693244,11.707452965046834,0.9517334603729571,11.706322798430138,0.04153810860349128,3.323048688279303,2.2717169864596785,1,7.517799997003749,14.573899999959394
3475,115.83333333332932,TRACKING,1,0,1,0,0.9706669523155623,11.786281412129817,1.006966136592513,11.77451005803105,1.006731696104528,11.771782382277326,1.0321090363743495,11.781071287865878,0.03887013778245669,3.109611022596535,4.933007253727654,1,9.46010000188835,19.566199989640154
3476,115.86666666666265,TRACKING,1,0,1,0,1.0163265650712061,11.855355534865872,1.0711731128904378,11.848088268748109,1.062691146703651,11.854489280532004,1.1041410771109976,11.867010974203682,0.04637267327341175,3.7098138618729397,7.086770905147277,1,7.368500009761192,12.93299999088049
3477,115.89999999999598,TRACKING,1,0,1,0,1.0622542882294177,11.924251680725082,1.13943668337893,11.928286172133332,1.1324257758510294,11.937913330190868,1.1574815998333874,11.933810601890945,0.07148900853387213,5.719120682709772,7.656469724012387,1,7.4012999975821,15.100499993423
3478,115.93333333332932,TRACKING,0,1,1,0,1.108308692468212,11.993063209693421,1.2018495300210064,12.002880758953495,1.2110246447227013,12.006992593983993,1.2166575823709502,12.006052122034962,0.10365613630779884,8.292490904623907,8.729973667578866,0,4.421699995873496,18.856099995900877
3479,115.96666666666265,TRACKING,0,1,1,0,1.1543642283921174,12.06187398123039,1.2643154351911599,12.07763719031377,1.2718896249324505,12.078427326253086,1.275833564908513,12.078293642178979,0.1186854332401537,9.494834659212296,9.805926364610333,0,7.550199996330775,20.917200003168546
3480,115.99999999999598,TRACKING,0,1,1,0,1.200486602783046,12.130639970275077,1.3262367659570986,12.151966742273142,1.3227213035859966,12.157606918851748,1.335009547446076,12.150535162322996,0.12517403243454156,10.013922594763326,10.878894446017547,0,6.674999996903352,16.50859999062959
3481,116.03333333332931,TRACKING,1,0,1,0,1.2470029564081626,12.199140068918611,1.3877326411726794,12.225968837577806,1.3805862186419684,12.229375921380397,1.2971156941939097,12.186882925823477,0.13696238433641772,10.956990746913418,4.127196856162892,1,11.082199998782016,17.51190000504721
3482,116.06666666666264,TRACKING,1,0,1,0,1.2938357349520038,12.267424221711295,1.40802275171741,12.284589124539714,1.4075663850471443,12.280025488308786,1.336533428565537,12.251818388986962,0.11442662579541668,9.154130063633335,3.636820637807716,0,5.7564000017009676,13.349799992283806
3483,116.09999999999597,TRACKING,1,0,1,0,1.3408789352172035,12.335563578749348,1.4373869508907156,12.346442210304643,1.4410322498068573,12.340140410610912,1.3759511629371644,12.316753852150446,0.10025783666718127,8.020626933374501,3.183826097729536,0,4.798499998287298,14.884000003803521
3484,116.1333333333293,TRACKING,1,0,1,0,1.3881114108444739,12.403571871735352,1.4679389038390052,12.40863089216354,1.4627684866381765,12.40911853723954,1.3926037838941625,12.38517564038564,0.07486283767185159,5.989027013748127,1.5149447377162077,1,8.58140000491403,16.30709999881219
3485,116.16666666666264,TRACKING,1,0,1,0,1.4355800304870372,12.471415551013385,1.490406693771423,12.472696380868618,1.4836577040351955,12.480320674406828,1.4281987813080108,12.446904709454468,0.04889543860582224,3.911635088465779,2.0478502966678684,1,8.78450000891462,17.25330000044778
3486,116.19999999999597,TRACKING,1,0,1,0,1.4832035004745663,12.539150621509382,1.5165370888806375,12.535056282264044,1.513357017098971,12.540190847509574,1.4632463744405,12.511660243617989,0.03017145397473788,2.4137163179790306,2.7176551730062593,0,5.021999997552484,19.056400007684715
3487,116.2333333333293,TRACKING,1,0,1,0,1.5307823434514267,12.606917046601268,1.5439135772350232,12.598039060608455,1.5449413018403244,12.595276555800394,1.4982939675729892,12.57641577778151,0.01832967890454601,1.4663743123636808,3.5650049912638893,0,6.749499996658415,15.199600005871616
3488,116.26666666666263,TRACKING,1,0,1,0,1.5779522652796654,12.674968741241951,1.5724809341625776,12.6612741414737,1.5697798174535254,12.662951436944336,1.5175163534710987,12.631265594585916,0.014532876730105863,1.1626301384084692,5.966554497206871,1,4.924100008793175,10.303199989721179
3489,116.29999999999596,TRACKING,1,0,1,0,1.6248578072341116,12.743202932104822,1.5950666507269702,12.720369502722017,1.5905745772443698,12.725128869988584,1.5596027436339184,12.696525860616434,0.03875579414630996,3.1004635317047966,6.4184595426365885,1,4.837300002691336,10.749199995188974
3490,116.33333333332929,TRACKING,1,0,1,0,1.6713669779631937,12.811707907886468,1.624836285482275,12.78185267461865,1.6220006441316368,12.782848728238248,1.6114863872980847,12.775111127713078,0.057182927224277175,4.5746341779421735,5.61427292957471,1,5.984500006888993,12.641199995414354
3491,116.36666666666262,TRACKING,1,0,1,0,1.7174679738845582,12.88048823097243,1.6630719819231454,12.850743604454294,1.6677460155060628,12.851845586335768,1.6501595441499162,12.842309417744337,0.057381828454441224,4.5905462763552976,6.190597511891135,0,3.7395999970613047,10.998500001733191
3492,116.39999999999596,TRACKING,1,0,1,0,1.762889469929517,12.9497191660072,1.7002895874310735,12.918408005246372,1.7037563797060653,12.922673781359716,1.7050950423351086,12.944924156341695,0.06502441995208633,5.201953596166906,4.639439951482152,1,5.5342999985441566,12.213900001370348
3493,116.43333333332929,TRACKING,1,0,1,0,1.8077525344048202,13.019313275776891,1.7455147452730846,13.002864787927736,1.7349554167031918,13.010730887027897,1.7688868197910252,13.033259032551491,0.07330128063208453,5.8641024505667625,3.3033586829962074,1,5.568199994741008,13.600699996459298
3494,116.46666666666262,TRACKING,1,0,1,0,1.851736661939405,13.089466188715502,1.7993470071997297,13.089564146648751,1.7902401012928788,13.092697864683513,1.825015920976893,13.113985180621372,0.061581415223377955,4.926513217870236,2.9012316961354463,1,7.305700011784211,12.73149999906309
3495,116.49999999999595,TRACKING,1,0,1,0,1.8947809287471589,13.160199672750531,1.8548807181253444,13.175134536509889,1.8583117347538636,13.16733060073966,1.8677005609440023,13.195331102073327,0.03715982029701908,2.9727856237615264,3.5485782136438457,1,4.4760000018868595,16.335699998307973
3496,116.53333333332928,TRACKING,1,0,1,0,1.9366351842911975,13.231643748513363,1.9053514979524755,13.260533297038148,1.9087017023646669,13.252331030374323,1.901329987908398,13.276917471543035,0.034759790611202206,2.7807832488961766,4.592980305532662,1,6.802500007324852,13.898899997002445
3497,116.56666666666261,TRACKING,1,0,1,0,1.9773255965952,13.303757027562934,1.9486408715717725,13.345712776694619,1.939816591708952,13.349148022649112,1.9573542754485265,13.333465895256923,0.058883511125526616,4.710680890042129,2.8638105948571457,1,8.672600000863895,18.4123999933945
3498,116.59999999999594,TRACKING,1,0,1,0,2.0169741053443215,13.376448364204393,1.9989597494046336,13.417967149208147,1.9851241529433308,13.418500178385711,2.0234559074242764,13.395523630056637,0.05275200985636025,4.22016078850882,1.6117161547369308,1,7.385500008240342,15.27229999192059
3499,116.63333333332928,TRACKING,1,0,1,0,2.0558277946921226,13.44956761948517,2.0574094877872424,13.486086448350251,2.0656177307044814,13.483743687328307,2.0580133485165706,13.468208805891773,0.0355506182835786,2.8440494626862876,1.5015095895323893,1,6.081300001824275,22.478300001239404
3500,116.6666666666626,TRACKING,1,0,1,0,2.0940173233058723,13.523035943088002,2.1046520217810096,13.55635918207819,2.1056595761709556,13.546926247364501,2.085350540109222,13.554285789783497,0.026576092455405074,2.1260873964324056,2.594352080309443,1,6.5137999918079,16.157999998540618
3501,116.69999999999594,TRACKING,1,0,1,0,2.1311139367511127,13.597062127236892,2.142966335885888,13.634131094571197,2.1345141629042037,13.633927555104936,2.1271595215056296,13.629621464206725,0.037021903108647794,2.9617522486918233,2.6238875876516476,0,5.313499990734272,19.090800007688813
3502,116.73333333332927,TRACKING,1,0,1,0,2.167358699534968,13.671509100576936,2.183024313460442,13.710582437624026,2.1726207203164543,13.720226350640301,2.1689685029020374,13.704957138629952,0.049000605266070724,3.920048421285658,2.678940347497634,0,5.148000011104159,14.552699998603202
3503,116.7666666666626,TRACKING,1,0,1,0,2.2027265352302097,13.746376656079873,2.223279133048178,13.786910739211157,2.225790572502227,13.789120322006921,2.210777484298445,13.78029281305318,0.04856923709683029,3.885538967746423,2.7886897106560276,0,7.887000014306977,22.420899986173026
3504,116.79999999999593,TRACKING,1,0,1,0,2.2371573731403025,13.821679724208336,2.2637761921429504,13.863076078385278,2.2675740821673642,13.860861862433856,2.252586465694853,13.855628487476407,0.04960258202917172,3.9682065623337373,2.983233600763781,0,6.7857000103686005,14.189299996360205
3505,116.83333333332926,TRACKING,1,0,1,0,2.270915231797734,13.897286877623973,2.3044735764646167,13.939107150671063,2.3047649413928153,13.935074572747366,2.2971748189472345,13.919314777978634,0.05073177251397655,4.058541801118124,2.7420218074080904,1,6.3895000057527795,18.71699999901466
3506,116.8666666666626,TRACKING,1,0,1,0,2.3041098297989366,13.973143013382984,2.3464465711621667,14.010389024420267,2.339532727759168,14.016891903542753,2.3394860184315736,13.992545469110112,0.056291625399454426,4.503330031956354,3.2278091744489106,0,9.219600004144013,15.999700000975281
3507,116.89999999999593,TRACKING,1,0,1,0,2.336871931741292,14.049186943746095,2.388294428143246,14.082700467938524,2.389438045712237,14.087429631999719,2.4005096731528033,14.043549842069867,0.06500538087627959,5.200430470102367,5.1109539131658845,1,8.504099998390302,19.683699996676296
3508,116.93333333332926,TRACKING,1,0,1,0,2.369187080945588,14.125421881934926,2.438149010027897,14.145688863934716,2.4456147200190244,14.143674977342211,2.4466829653557935,14.112193208850439,0.0785770927579208,6.286167420633664,6.289348401020205,0,7.153300000936724,17.947900007129647
3509,116.96666666666259,TRACKING,1,0,1,0,2.400959772619538,14.201884491964554,2.486251930347474,14.210949248431511,2.4906360965742627,14.206863446527972,2.4644899693059097,14.180763400654447,0.08981443684941363,7.185154947953091,5.3559306278637795,1,7.3702999943634495,20.083099996554665
3510,116.99999999999592,TRACKING,1,0,1,0,2.432233215083692,14.278552650056373,2.521419104998851,14.276610359207117,2.5138362428840044,14.28238954923488,2.5041196565483563,14.249389887251917,0.08169318173192068,6.535454538553655,6.206127140607582,0,5.587699997704476,16.74960000673309
3511,117.03333333332925,TRACKING,1,0,1,0,2.4633303765711516,14.355292478152178,2.559058342392071,14.342733355227681,2.5517377885031443,14.350703443913696,2.5434255818714577,14.33275724025899,0.08852643514654247,7.082114811723398,6.656403285379025,1,8.074400000623427,17.137399991042912
3512,117.06666666666258,TRACKING,1,0,1,0,2.4944804158098712,14.432010857463638,2.596750265995077,14.415927277866826,2.595499335107811,14.415139754677037,2.568174658053827,14.416880050065716,0.10241804609227674,8.193443687382139,6.0185221693961175,1,11.63940000697039,22.485800000140443
3513,117.09999999999592,TRACKING,1,0,1,0,2.525541541924037,14.50876527826968,2.6278327740048155,14.493633397407766,2.63120908079935,14.486019221995386,2.5920489241146836,14.495647311109256,0.10808798197764241,8.647038558211394,5.423099009695308,1,10.85120000061579,20.32970001164358
3514,117.13333333332925,TRACKING,1,0,1,0,2.5566294285743116,14.585508864140882,2.6547623784766716,14.572004266790552,2.6554412145142696,14.56800765755511,2.610067778214493,14.583618772731999,0.10034969493028836,8.027975594423069,4.277741204177909,1,5.978600005619228,16.746900000725873
3515,117.16666666666258,TRACKING,1,0,1,0,2.5878383607557374,14.662203304753264,2.675983499419433,14.655750754638015,2.671158754500011,14.659824228740783,2.6385831412447027,14.663061935643317,0.08335435211417556,6.668348169134045,4.060163538679598,0,7.261499995365739,17.98879999842029
3516,117.19999999999591,TRACKING,1,0,1,0,2.619451042096066,14.738732208098508,2.69920979902298,14.738088887571209,2.706860890231501,14.740854012257026,2.6670985042749122,14.742505098554634,0.08743559689249504,6.994847751399603,3.8237283204566865,0,8.139500001561828,20.608599996194243
3517,117.23333333332924,TRACKING,1,0,1,0,2.651036910189261,14.815272182004632,2.7231995106564044,14.820017396697015,2.735391909098344,14.816435112959804,2.674975943881874,14.776543384805343,0.08436301470050685,6.749041176040548,3.6424142030381508,1,7.741499997791834,15.42340000742115
3518,117.26666666666257,TRACKING,1,0,1,0,2.6825617750163975,14.891837301781079,2.7386529269476463,14.881231024383663,2.737061876658153,14.87855944273392,2.700463751246215,14.84190411975385,0.056094229826586454,4.487538386126917,4.2436236743969715,1,9.068599989404902,18.67109999875538
3519,117.2999999999959,TRACKING,1,0,1,0,2.7141574263296295,14.968373237699074,2.757474837945331,14.944855490140448,2.7522395009953393,14.949532649398336,2.7241447925247715,14.914027297575617,0.042487788579339235,3.3990230863471385,4.420482284217108,1,6.416200005332939,13.727500001550652
3520,117.33333333332924,TRACKING,1,0,1,0,2.7457794458761247,15.044898282936252,2.7767030072791834,15.011127419283651,2.775216748571761,15.010458420296825,2.7582446885757315,14.98999896991055,0.04530627913012872,3.6245023304102975,4.50373487408244,1,6.772599997930229,13.652000008733012
3521,117.36666666666257,TRACKING,1,0,1,0,2.7773994645831137,15.121424154938605,2.8016685340907896,15.080941327354303,2.811627339460741,15.073403586110253,2.7725487851841173,15.086685661575562,0.05897052186675182,4.717641749340146,2.806041495648791,1,11.04319999285508,20.624800003133714
3522,117.3999999999959,TRACKING,1,0,1,0,2.8089157025850335,15.197992826149207,2.81999827002649,15.16340959566769,2.8247387428988118,15.159806107535653,2.7957960622553677,15.165030516134141,0.041335143440445525,3.3068114752356417,2.8381840322674896,0,7.052900007693097,14.551400003256276
3523,117.43333333332923,TRACKING,1,0,1,0,2.8404979885619657,15.274534278194633,2.8399130990474033,15.24364171899919,2.8360299763603622,15.249330051055226,2.819043339326618,15.243375370692721,0.02559719122732936,2.0477752981863486,3.0264746388094212,0,6.546399992657825,21.09039999777451
3524,117.46666666666256,TRACKING,1,0,1,0,2.8719264186675413,15.351139032941644,2.860292487111489,15.323670956813013,2.857674382543934,15.328079151502656,2.8422906163978685,15.321720225251301,0.02710864558860815,2.168691647088652,3.3406557651704376,0,5.87009999435395,15.46280000184197
3525,117.4999999999959,TRACKING,1,0,1,0,2.9034768733383816,15.427693611373074,2.8811166276853255,15.403428524620423,2.8844084137672743,15.397110782053332,2.865537893469119,15.400065079809881,0.036040471689691524,2.883237735175322,3.75463613138419,0,7.629700005054474,19.970099994679913
3526,117.53333333332922,TRACKING,1,0,1,0,2.9350888846481014,15.504222791492197,2.902313731864234,15.482962355139566,2.9076157285585826,15.475604221495184,2.948561855075388,15.525921288224922,0.03967110855765175,3.1736886846121397,2.043284716481173,1,8.718600001884624,15.643599996110424
3527,117.56666666666256,TRACKING,1,0,1,0,2.9669148130673384,15.580663258190173,2.947635349204081,15.581230395974348,2.9467630762706816,15.578706571659339,2.9826332896214023,15.612869336151984,0.020246508787978217,1.6197207030382574,2.8669727174012047,0,8.835300002829172,22.359700000379235
3528,117.59999999999589,TRACKING,1,0,1,0,2.9992382708438265,15.656894673932781,2.9874475273674617,15.674747229973317,2.9794083215264595,15.678719632096563,3.0167047241674165,15.699817384079047,0.029488229665074292,2.3590583732059436,3.7072349053216693,0,5.124699993757531,15.537900006165728
3529,117.63333333332922,TRACKING,1,0,1,0,3.03209046929436,15.732899724592048,3.0265946408849933,15.767420754498817,3.023089771478426,15.767668683138357,3.0710586175069157,15.749874034771022,0.03591508094893686,2.873206475914949,3.4003705973721936,1,4.942499988828786,14.764500010642223
3530,117.66666666666255,TRACKING,1,0,1,0,3.0660810122963302,15.808402556692455,3.0733043729803846,15.843983677487955,3.075693276231893,15.840264901180037,3.097873551578099,15.789761856206614,0.03328069431685975,2.6624555453487804,2.948345997156409,1,6.845699987025,17.162100004497916
3531,117.69999999999588,TRACKING,1,0,1,0,3.1010371873788456,15.883463202122343,3.1124452113519134,15.905771212378948,3.108131037496507,15.908331236257498,3.135214725991269,15.83438353042245,0.025860043140703955,2.0688034512563163,4.784587468794659,1,8.132300004945137,16.6966999968281
3532,117.73333333332921,TRACKING,1,0,1,0,3.1367647179988447,15.958159776505296,3.152677501179829,15.958829896208163,3.1440448341650433,15.971180098569347,3.1712045617415616,15.898402428628742,0.014917401853035939,1.193392148242875,5.517705878214071,0,5.387400000472553,16.41479998943396
3533,117.76666666666254,TRACKING,1,0,1,0,3.1731111290720895,16.032557176129515,3.192090868633601,16.01508801537085,3.1873302286314202,16.018638708321713,3.205176460460708,15.97252714395476,0.019897400292374193,1.5917920233899354,5.444580565642283,1,5.458700004965067,16.557399998418987
3534,117.79999999999588,TRACKING,1,0,1,0,3.2167033060770005,16.102954312241174,3.2300180051452543,16.07728297745372,3.240450015546018,16.07494806940602,3.23760165525964,16.0507827732528,0.03671860357295119,2.937488285836095,4.496121335711544,1,4.672600000048988,11.43199999933131
3535,117.83333333332921,TRACKING,1,0,1,0,3.267105690390603,16.168647799926443,3.266229900017154,16.145102025632866,3.269142864579478,16.143729733013917,3.2662093909837315,16.131907787531592,0.025001202717728852,2.0000962174183083,2.9400754966095297,1,8.434499992290512,16.766000000643544
3536,117.86666666666254,TRACKING,1,0,1,0,3.323814678049648,16.228981251571756,3.2994196759224126,16.21810344957309,3.29254575803417,16.217948531054088,3.309414583217105,16.214312088335056,0.0331582008099858,2.652656064798864,1.6444760016514641,1,8.358899998711422,21.06699999421835
3537,117.89999999999587,TRACKING,1,0,1,0,3.386263651594946,16.28335183527186,3.3380238281826258,16.295163613990347,3.334758267854067,16.2974787266444,3.357261208243572,16.297529194375457,0.05340761756666181,4.272609405332945,2.582574506497945,1,8.982400002423674,14.602600000216626
3538,117.9333333333292,TRACKING,1,0,1,0,3.453828641525718,16.33121629812694,3.3815538947116477,16.375286838418685,3.3886784369349168,16.370794849987416,3.3965473984657946,16.375234342987994,0.07622998704968835,6.098398963975068,5.779261727178574,0,7.559300007415004,20.117299995035864
3539,117.96666666666253,TRACKING,0,1,1,0,3.525834560796592,16.372096394246043,3.423710660793525,16.45457827017498,3.4287994468182794,16.452055265183468,3.435833588688017,16.45293949160053,0.12573477795093874,10.058782236075098,9.6782746794187,0,5.607500002952293,14.475799995125271
3540,117.99999999999586,TRACKING,0,1,1,0,3.601561950064206,16.40558366322191,3.4654643975477586,16.53364600060838,3.4590177766873524,16.53739842873193,3.4751197789102397,16.53064464021307,0.1941493594379123,15.531948755032985,14.227381063200484,0,6.295800005318597,18.587800004752353
3541,118.0333333333292,TRACKING,1,0,1,0,3.680254166287145,16.431343511332354,3.5068323921137963,16.612496151715334,3.5024223394053786,16.617493669830683,3.6756727024300315,16.442723024504442,0.2574413334355217,20.595306674841737,0.981372528191838,1,8.668499998748302,19.635100004961714
3542,118.06666666666253,TRACKING,1,0,1,0,3.761124942853097,16.449118554690127,3.615650252013317,16.621558376537212,3.6111270080582996,16.621377860583337,3.747701512546759,16.486800318954906,0.22841332909774498,18.2730663278196,3.2001038376107385,0,8.087899987003766,21.52750000823289
3543,118.09999999999586,TRACKING,1,0,1,0,3.84336624569494,16.458731190937648,3.7086112664902857,16.64647092253185,3.713810221610352,16.642156371109152,3.895637369822994,16.496946374096094,0.22456526912582703,17.965221530066163,5.180066805094449,1,7.835299998987466,13.030399990384467
3544,118.13333333332919,TRACKING,1,0,1,0,3.9261563469000387,16.460085373791046,3.8316314352830414,16.65910662264012,3.825640804766699,16.659800911465915,3.9960309049148575,16.488760167947945,0.22358369841990125,17.8866958735921,6.042355926070853,1,8.360500010894611,15.650699991965666
3545,118.16666666666252,TRACKING,1,0,1,0,4.008668035143921,16.453167572702885,3.9499808043337117,16.65717862524064,3.9436720204077087,16.663815125970018,4.086526186677533,16.47059455401504,0.2204469859830695,17.63575887864556,6.3827725325649025,1,8.34430000395514,18.745299996226095
3546,118.19999999999585,TRACKING,1,0,1,0,4.090076880912391,16.438046908054915,4.063336028334791,16.64092343949565,4.060156619544378,16.642070083756373,4.17748234291673,16.484985783904726,0.20620542733797836,16.49643418703827,7.936940611287843,0,6.854999999632128,19.450899999355897
3547,118.23333333332918,TRACKING,0,1,1,0,4.169569473928717,16.414874460530072,4.173294239971074,16.632033559267295,4.181667291661637,16.627480362911175,4.268438499155927,16.499377013794412,0.21294982254320408,17.035985803456324,10.404849840745245,0,5.536299999221228,21.078199992189184
3548,118.26666666666252,TRACKING,1,0,1,0,4.246351550480238,16.38388176156423,4.280308150914519,16.626581900701964,4.278668426635093,16.62246085973901,4.297744753391174,16.421353939988386,0.2407579003279028,19.260632026232226,5.088292734532615,1,6.539199996041134,14.049699995666742
3549,118.29999999999585,TRACKING,1,0,1,0,4.319655929438831,16.34537847996063,4.3572211611281855,16.582806287240214,4.350138823109028,16.58812739337128,4.372071904582004,16.373221099709273,0.24465535303475425,19.57242824278034,4.7481505786921545,1,4.523099996731617,13.32850000471808
3550,118.33333333332918,TRACKING,1,0,1,0,4.388750177681147,16.299749327781566,4.436893693271283,16.531767686817844,4.436715150853055,16.536647474666196,4.427191256185681,16.328716298419497,0.24170513161444032,19.336410529155227,3.8506534755798847,1,6.88649999210611,14.469400004600175
3551,118.36666666666251,TRACKING,1,0,1,0,4.4529439283182715,16.247450216432618,4.5059242956034575,16.475068483547467,4.512176041021304,16.464837044069913,4.478679762938641,16.268471428458465,0.22531195264670656,18.024956211736523,2.6583899351511038,1,6.929000010131858,18.0015999940224
3552,118.39999999999584,TRACKING,1,0,1,0,4.511595778613471,16.189003701346596,4.567058941562292,16.40713669789472,4.567352442545286,16.401812297190336,4.553632545326772,16.225123115399903,0.21999159992551864,17.59932799404149,4.433834874516739,1,8.417200006078929,17.871899995952845
3553,118.43333333332917,TRACKING,1,0,1,0,4.56411969866632,16.12499376078239,4.634782318452609,16.341929707513987,4.634809450406201,16.34539164722349,4.609263736963067,16.161852100050503,0.2314568412226118,18.51654729780894,4.662374582869161,1,8.478100004140288,22.136700004921295
3554,118.4666666666625,TRACKING,1,0,1,0,4.610245744367217,16.056230234282147,4.6955753869860475,16.26813229135235,4.6956422063765455,16.27035277579308,4.673788255509473,16.117527535419814,0.23052335783345568,18.441868626676452,7.06314823812755,0,6.424000006518327,12.890099998912774
3555,118.49999999999584,TRACKING,0,1,1,0,4.650219098882086,15.9837170244678,4.757769441656399,16.200540191628672,4.765055060504137,16.196823562596094,4.7383127740558795,16.073202970789126,0.24207786903120038,19.36622952249603,10.04572910473663,0,4.803700008778833,15.860399988014251
3556,118.53333333332917,TRACKING,1,0,1,0,4.683659782166401,15.907969051754144,4.820271048406136,16.136445005698125,4.825918009598461,16.128441970347048,4.728560015167132,15.943706468207845,0.26238466248046,20.990772998436803,4.590908482332571,1,9.711499995319173,17.744099997798912
3557,118.5666666666625,TRACKING,1,0,1,0,4.709916845184209,15.829441341291977,4.849872860589749,16.037327063619607,4.844504061478133,16.03850259675687,4.771690257001047,15.854174572417435,0.24863693878083623,19.890955102466897,5.32326944913998,1,4.845599993132055,10.470399996847846
3558,118.59999999999583,TRACKING,1,0,1,0,4.728780514761477,15.748817544315957,4.884952666472141,15.937385342611249,4.879996484676761,15.938734982852216,4.798931658367564,15.767532130523165,0.2427651190298841,19.421209522390726,5.8083629011410824,1,5.320600001141429,11.035399991669692
3559,118.63333333332916,TRACKING,1,0,1,0,4.740064999026298,15.666788920753032,4.912677595446055,15.835466193973632,4.916467429530926,15.834573198184522,4.804374287790518,15.696369579573735,0.24345303703414217,19.476242962731376,5.6629038473922995,1,6.986399996094406,14.450700007728301
3560,118.6666666666625,TRACKING,1,0,1,0,4.743490044142976,15.58405861352104,4.9259927653231665,15.740320784384405,4.933008791684756,15.730822373302853,4.799602185233663,15.630330055073923,0.2397018082015623,19.176144656124986,5.8183811803149466,1,7.761999993817881,13.655400005518459
3561,118.69999999999582,TRACKING,1,0,1,0,4.739328534619507,15.501362080901849,4.926074792343637,15.6519825967385,4.9238683002708745,15.647938147243993,4.790445729412873,15.553959693780786,0.23566813176795473,18.853450541436377,5.86759316059618,1,7.24580000678543,15.26259999081958
3562,118.73333333332916,TRACKING,1,0,1,0,4.728074716298546,15.419329244537685,4.916224292102543,15.56326813845051,4.910017711103656,15.563491519267043,4.802906563968026,15.481191152853498,0.23213361414020767,18.570689131216614,7.767296003568698,0,7.756400009384379,16.515099996468052
3563,118.76666666666249,TRACKING,1,0,1,0,4.709926830671515,15.33854131897935,4.911606884249291,15.477364639281037,4.913032726774048,15.476025370409936,4.765297862787909,15.39404590464868,0.2452628578268238,19.621028626145904,6.272076646449341,1,8.411499991780147,23.163699996075593
3564,118.79999999999582,TRACKING,1,0,1,0,4.6850387959582145,15.259569042851203,4.885595858625932,15.386601787280432,4.894874723394285,15.376761705294,4.7416301064169035,15.313391406424607,0.2403439963331454,19.227519706651634,6.24790434756972,1,6.433400005334988,10.143999999854714
3565,118.83333333332915,TRACKING,1,0,1,0,4.653579462338186,15.182976974091215,4.855666857624205,15.296975281999128,4.860104899846217,15.289954565961139,4.735047018876345,15.23580093072755,0.232587535134993,18.60700281079944,7.767556388163448,0,5.577599993557669,17.61790001182817
3566,118.86666666666248,TRACKING,1,0,1,0,4.615847484628879,15.109272615150273,4.830611963388253,15.20941717968821,4.823930931426989,15.215486239959114,4.685703151259268,15.136248653681116,0.233623746495118,18.68989971960944,5.990670514828836,1,6.677099998341873,14.531900000292808
3567,118.89999999999581,TRACKING,1,0,1,0,4.572129593158824,15.038953480953644,4.788391605007495,15.113145487516046,4.788503138414268,15.11856310920048,4.668465011041833,15.053185776642502,0.2305541237887736,18.444329903101888,7.790484854444034,0,5.425700001069345,10.312400001566857
3568,118.93333333332914,TRACKING,0,1,1,0,4.523014708841895,14.972291926761699,4.752731883345643,15.020302103075776,4.7603093067073,15.019874335363525,4.651226870824397,14.970122899603888,0.2420182054814374,19.361456438514992,10.258440632856768,0,3.351999999722466,8.706699998583645
3569,118.96666666666248,TRACKING,0,1,1,0,4.468735225935114,14.909763753878403,4.719758001748292,14.928889510480593,4.729519236242862,14.926495280028446,4.633988730606961,14.887060022565274,0.26132019439664717,20.905615551731774,13.344465272911796,0,3.3639999892329797,11.061199998948723
3570,118.99999999999581,TRACKING,1,0,1,0,4.40988138766136,14.851520639356618,4.689224802115957,14.838773758948186,4.683084032717216,14.841578228903149,4.47990425587225,14.834997655563724,0.2733834976569378,21.870679812555025,5.755671187772907,1,7.532899995567277,11.2381000071764
3571,119.03333333332914,TRACKING,1,0,1,0,4.346597243927541,14.798124461397627,4.604685145346873,14.76244888735028,4.600624198034593,14.766816366853712,4.392496271834484,14.767493516788251,0.2559489992105397,20.475919936843177,4.41450375410146,1,8.744000006117858,16.18340000277385
3572,119.06666666666247,TRACKING,1,0,1,0,4.279379216678047,14.749773954870424,4.516166514786028,14.688196191272471,4.517424798142529,14.688207612184598,4.329397833873073,14.69469730613269,0.24587824915285214,19.67025993222817,5.951967366728957,1,4.5889000030001625,18.540800010669045
3573,119.0999999999958,TRACKING,1,0,1,0,4.208800420637961,14.706476515935968,4.430662013765535,14.614383013493274,4.43901105412369,14.611317410542643,4.247038641274381,14.644951030243313,0.24910277218280547,19.928221774624436,5.795196304337138,1,7.688999990932643,15.96659999631811
3574,119.13333333332913,TRACKING,1,0,1,0,4.135241376039804,14.668462023613206,4.3370275265207825,14.552582676541217,4.335324995562632,14.559034062792087,4.160479128063787,14.605465549134177,0.22805247951036203,18.24419836082896,5.429106695734567,1,5.078600006527267,15.910699992673472
3575,119.16666666666246,TRACKING,1,0,1,0,4.059170934132315,14.635761526113164,4.237846161573574,14.502579697791287,4.2329930976812715,14.510102846096814,4.068951961563775,14.58256179494508,0.21448600981017824,17.15888078481426,4.32731225143467,1,5.313599991495721,11.237099999561906
3576,119.1999999999958,TRACKING,1,0,1,0,3.980989390248185,14.608491013381554,4.133536096881643,14.468043207838285,4.136727625841363,14.466176557704003,3.9928270460623603,14.533743660620022,0.2109687235598539,16.877497884788315,6.054312494099039,0,8.256799992523156,19.756699999561533
3577,119.23333333332913,TRACKING,0,1,1,0,3.9010461791051374,14.586924426704728,4.0348719328970635,14.429093900628175,4.044870677592738,14.424792360756726,3.916702130560946,14.484925526294964,0.21673092343682102,17.33847387494568,8.255474595990306,0,6.50350000069011,16.930600002524443
3578,119.26666666666246,TRACKING,1,0,1,0,3.819692441111277,14.571510018406734,3.939616365400791,14.388751447331577,3.947964506778812,14.386719114759433,3.8095365029758974,14.565678038621549,0.22494755144566989,17.99580411565359,0.936905775836929,1,6.470299995271489,14.452200004598126
3579,119.29999999999579,TRACKING,1,0,1,0,3.737384959413634,14.56248155644785,3.833441581093072,14.405039682555099,3.828766053029024,14.412025996896784,3.7299671396862752,14.567741286847598,0.17603232563983545,14.082586051186835,0.7274671165544339,1,5.099999994854443,12.654999998630956
3580,119.33333333332912,TRACKING,1,0,1,0,3.6546270039073128,14.559806585576098,3.734443890788026,14.417270785884787,3.7285154699834866,14.419443631302217,3.647577318318805,14.553714171707789,0.15862302591862718,12.689842073490174,0.7453990014034745,0,9.774699996341951,17.164100005174987
3581,119.36666666666245,TRACKING,1,0,1,0,3.5719079050748186,14.563492417516242,3.6376660418282896,14.42459965977697,3.6390810696690616,14.417836199183439,3.565187496951335,14.53968705656798,0.16039940143472636,12.831952114778108,1.9788628576606369,0,8.659099999931641,21.60860000003595
3582,119.39999999999579,TRACKING,1,0,1,0,3.489732687520075,14.57365451811511,3.5431349395417335,14.428678251078358,3.5412399096126945,14.428839324271696,3.4987507258381676,14.527889115126392,0.15370242124183958,12.296193699347166,3.73163524547727,1,8.200600001146086,16.071599995484576
3583,119.43333333332912,TRACKING,1,0,1,0,3.4085833197910915,14.590110969310222,3.457469622332078,14.43093208782914,3.4495211964704735,14.438271652474553,3.4190041268241864,14.535507801754216,0.15726120908901572,12.580896727121258,4.4470928041553295,1,7.720099994912744,16.96280000032857
3584,119.46666666666245,TRACKING,1,0,1,0,3.3288955262161632,14.612602972865053,3.3714542566859547,14.44016325279658,3.365226350590865,14.44389625381179,3.3678962295643484,14.565915736859731,0.17257429082416123,13.805943265932898,4.866705081655017,1,6.813500003772788,15.13080000586342
3585,119.49999999999578,TRACKING,1,0,1,0,3.2510129302292032,14.640715886465085,3.299944105677402,14.46387559848411,3.3076354068316762,14.46297199463445,3.296062638773919,14.567435146345515,0.18654488987827472,14.923591190261977,6.881647761952715,0,6.0800000064773485,25.615000005927868
3586,119.53333333332911,TRACKING,1,0,1,0,3.175239968657767,14.674099909042427,3.2266163462596267,14.481778169236502,3.231675704038261,14.47100639152188,3.2020513774798682,14.625784231330886,0.21078892069272914,16.86311365541833,4.420502310462981,1,6.870099998195656,13.918299999204464
3587,119.56666666666244,TRACKING,1,0,1,0,3.101897493002719,14.71253057301717,3.143101871816173,14.524259920242466,3.1377282602247174,14.523876125992496,3.1197573160628576,14.67113310119921,0.19202693629254938,15.36215490340395,3.6068592011628438,1,8.07399999757763,18.519000004744157
3588,119.59999999999577,TRACKING,1,0,1,0,3.031339857495447,14.755862486664896,3.059633370811523,14.573039381086042,3.0485288952956378,14.576537722993214,3.0324941731720583,14.704797769381885,0.1801467010144812,14.411736081158496,4.086220979535998,1,6.263599992962554,17.791000005672686
3589,119.6333333333291,TRACKING,1,0,1,0,2.9638881141816302,14.803886407711369,2.972965387699332,14.621160228038141,2.9738602470984365,14.619744393988928,2.9371681878548097,14.754295236424737,0.18441183436175201,14.752946748940161,4.506520596640084,1,8.400299993809313,18.92519999819342
3590,119.66666666666244,TRACKING,1,0,1,0,2.8996654711212924,14.856150035475766,2.8805999815504313,14.676867629471195,2.8847252200607034,14.67086379811456,2.869234880145017,14.804056249899721,0.18588760275291774,14.871008220233419,4.826449370082825,1,8.037099993089214,19.21030000085011
3591,119.69999999999577,TRACKING,1,0,1,0,2.8388188849062526,14.912308094690154,2.7988425456952823,14.736094376340134,2.8000975445104896,14.734650915258209,2.7890490034361655,14.84176990640637,0.1818279835607236,14.546238684857888,6.906311134794944,0,7.6277999905869365,16.252400004304945
3592,119.7333333333291,TRACKING,0,1,1,0,2.781716412654429,14.972269268223371,2.716198568543065,14.791015981656296,2.7027544035270252,14.79234448384963,2.708863126727314,14.879483562913018,0.196488999481837,15.719119958546962,9.437555066543107,0,6.209999992279336,20.612100008293055
3593,119.76666666666243,TRACKING,1,0,1,0,2.72823818544,15.035484091506781,2.6340045266174754,14.843334001238098,2.6278645106333167,14.843217448506904,2.6923240284026937,14.976759891619823,0.2168901487035317,17.351211896282535,5.506858750649764,1,8.29780001367908,17.61399999668356
3594,119.79999999999576,TRACKING,1,0,1,0,2.678226191173287,15.10147526590319,2.580573311201919,14.920016944693552,2.5858588795354938,14.909214497602523,2.6577197046531187,15.069861442521532,0.21329773389972026,17.06381871197762,3.0145777210970186,1,7.599700009450316,18.244699997012503
3595,119.8333333333291,TRACKING,1,0,1,0,2.631906581313335,15.170108555283583,2.5353169535446165,15.007974602679877,2.53765288952986,15.008142159531056,2.621059286152069,15.165458974947184,0.18739496195970318,14.991596956776252,0.9441437504796057,1,4.015699989395216,9.286400003475137
3596,119.86666666666243,TRACKING,1,0,1,0,2.589501771676961,15.241227236292541,2.4965775461977002,15.105683289272116,2.48724717495736,15.106753911223482,2.61018533072228,15.2530975741165,0.1689351286897344,13.514810295178751,1.9078189177569265,1,9.119599999394268,17.14140000694897
3597,119.89999999999576,TRACKING,1,0,1,0,2.550935666455194,15.314498582648225,2.475010041397312,15.205731757793165,2.4695581643077706,15.212099509757982,2.594820945756083,15.316051123707227,0.13079704883725501,10.4637639069804,3.513018643213317,1,7.1367999917129055,23.05000000342261
3598,119.93333333332909,TRACKING,1,0,1,0,2.5163812532403464,15.389745025727805,2.460815728594381,15.29489257401163,2.461748496841153,15.291940992596206,2.5610039189953024,15.387571912129669,0.112028420360998,8.96227362887984,3.574043958802008,0,7.592299996758811,17.772599996533245
3599,119.96666666666242,TRACKING,1,0,1,0,2.486043976287604,15.466788418019705,2.4421153318813182,15.382137618675316,2.4425694159844205,15.3811470155161,2.5271868922345218,15.45909270055211,0.09604419407928597,7.683535526342878,3.3485171404249234,0,6.72869999834802,18.37760000489652
