frame,t,state,locked,false_lock,beacon_in_fov,beacon_occluded,beacon_az,beacon_el,cam_az,cam_el,los_az,los_el,err_deg,err_px,est_err_px,num_detections,proc_ms,render_ms
0,0.0,SEARCH,0,0,0,0,11.184469031606715,2.3641616532907164,0.0,0.0,0.0053749583452184085,0.0008002034860555623,11.426181411182528,914.0945128946022,nan,0,6.143999999039806,64.68640000093728
1,0.03333333333333333,SEARCH,0,0,0,0,11.211569211024436,2.439277936084639,0.025111931183976817,0.004224510329277758,0.01618236455096727,0.0023845192209553225,11.45753621715178,916.6028973721424,nan,0,5.669699996360578,25.34340000420343
2,0.06666666666666667,SEARCH,0,0,0,0,11.238226776886984,2.514157860651418,0.06821580703198571,0.020043497334961902,0.06825863349742782,0.03145056490132912,11.442553204626504,915.4042563701203,nan,0,5.367199992178939,25.923799999873154
3,0.1,SEARCH,0,0,0,0,11.264440676799307,2.588794171365955,0.12161501491971753,0.05266021113837907,0.13722306867735234,0.06383371960184059,11.410100656062246,912.8080524849797,nan,0,4.461300006369129,24.539599995478056
4,0.13333333333333333,SEARCH,0,0,0,0,11.290209875881523,2.6631796362085507,0.17734183098575845,0.10511479983378198,0.16438353404422548,0.08883226124947846,11.419775663106494,913.5820530485196,nan,0,6.852500009699725,22.814399999333546
5,0.16666666666666666,SEARCH,0,0,0,0,11.315533356809773,2.7373070474656713,0.2274876507416728,0.17833408382570837,0.21457480479669439,0.1572806988455496,11.396833627507528,911.7466902006023,nan,0,5.080899994936772,21.789700011140667
6,0.19999999999999998,SEARCH,0,0,0,0,11.340410119856395,2.811169222428348,0.2645422320264873,0.27123456309312527,0.26169502097057895,0.2731275419603256,11.36571967866855,909.2575742934839,nan,0,11.036600000807084,27.61639999516774
7,0.2333333333333333,SEARCH,0,0,0,0,11.364839182929375,2.8847590040881617,0.2817264058159635,0.3808819694256717,0.30321416644913035,0.3835461636653884,11.340882402984228,907.2705922387382,nan,0,13.718399990466423,51.24749999959022
8,0.26666666666666666,SEARCH,0,0,0,0,11.388819581611138,2.9580692618307314,0.2733033295706752,0.5027071389073652,0.28341808821070025,0.4956476237802147,11.375124731323172,910.0099785058537,nan,0,10.58309999643825,53.84010000852868
9,0.3,SEARCH,0,0,0,0,11.412350369196599,3.0310928921266496,0.23485443609704076,0.6307747223973759,0.21828903744475642,0.6172869423214211,11.451352246016054,916.1081796812844,nan,0,7.499700004700571,20.34960000310093
10,0.3333333333333333,SEARCH,0,0,0,0,11.435430616730558,3.103822819219792,0.16350774753878097,0.7580983329086238,0.1578840982347127,0.7588770553663801,11.518759747136487,921.500779770919,nan,0,4.656399993109517,19.742699994822033
11,0.36666666666666664,SEARCH,0,0,0,0,11.458059413044364,3.176251995812935,0.0581081401833269,0.8769932075216363,0.05865587034318193,0.8853446604321347,11.627323748337353,930.1858998669883,nan,0,4.505400007474236,22.066899997298606
12,0.39999999999999997,SEARCH,0,0,0,0,11.48023586479188,3.248373403750614,-0.08067859394332132,0.9794553920398017,-0.08352452004426296,0.9834180216381649,11.78348747701061,942.6789981608488,nan,0,3.8856999890413135,19.576700011384673
13,0.4333333333333333,SEARCH,0,0,0,0,11.501959096484768,3.3201800546991644,-0.2503335073742165,1.057554885015254,-0.2628286183385423,1.053299030677492,11.98119274329259,958.4954194634073,nan,0,5.21300001128111,16.990799995255657
14,0.4666666666666666,SEARCH,0,0,0,0,11.523228250527035,3.3916649908238674,-0.4465269681250005,1.1038291388955033,-0.45541444404363385,1.1024421338277033,12.19542627763314,975.6341022106512,nan,0,4.205399993225001,17.00800000980962
15,0.49999999999999994,SEARCH,0,0,0,0,11.544042487248898,3.462821285463139,-0.6632358941979383,1.1116628312050822,-0.6609542372999052,1.1089351053316474,12.42991251760289,994.3930014082313,nan,0,4.129799999645911,17.32820000324864
16,0.5333333333333333,SEARCH,0,0,0,0,11.564400984939933,3.5336420437997047,-0.8929329569047368,1.0756398940705085,-0.8788687230105271,1.0811599329499277,12.6826507295926,1014.612058367408,nan,0,5.034599991631694,16.922499999054708
17,0.5666666666666667,SEARCH,0,0,0,0,11.584302939881507,3.604120403528685,-1.1268421942884304,0.9918544160573279,-1.1300632344627863,0.9806050314929723,12.982216302412237,1038.5773041929788,nan,0,4.849000004469417,16.962099994998425
18,0.6,SEARCH,0,0,0,0,11.60374756637852,3.6742495355225286,-1.3552528898693443,0.8581681797793231,-1.3651773943422416,0.8425279151034957,13.27447407516978,1061.9579260135824,nan,0,7.285400002729148,19.477800000458956
19,0.6333333333333333,SEARCH,0,0,0,0,11.622734096790408,3.744022644492735,-1.567881253096484,0.6744042294858851,-1.5776330670603458,0.6830325258264802,13.550621895951553,1084.0497516761243,nan,0,4.450899999937974,20.222800012561493
20,0.6666666666666666,SEARCH,0,0,0,0,11.641261781561465,3.8134329696482943,-1.7541971264380798,0.44316595785070717,-1.748532658524358,0.4572606738634852,13.804002594419732,1104.3202075535785,nan,0,3.992300000390969,24.58929999556858
21,0.7,SEARCH,0,0,0,0,11.659329889250419,3.8824737853507894,-1.904584786223066,0.17295370940555915,-1.900657392083753,0.16990290359024393,14.059034021654574,1124.7227217323657,nan,0,4.191600004560314,19.0734999923734
22,0.7333333333333333,SEARCH,0,0,0,0,11.676937706559315,3.9511384017660856,-2.012262795120425,-0.12705444836595287,-2.023901694791766,-0.14954574873370796,14.301349964383588,1144.107997150687,nan,0,5.7003999972948804,14.838100003544241
23,0.7666666666666666,SEARCH,0,0,0,0,11.694084538361675,4.019420165512556,-2.0729135790876945,-0.44752819129196525,-2.0834572763776666,-0.44845848991874526,14.483873726891908,1158.7098981513525,nan,0,4.274700011592358,16.337199995177798
24,0.7999999999999999,SEARCH,0,0,0,0,11.710769707729941,4.087312460305772,-2.0843211282706386,-0.779361563246589,-2.0719823487567504,-0.7630871627704624,14.611318583691418,1168.9054866953136,nan,0,3.7515000003622845,17.039899990777485
25,0.8333333333333333,SEARCH,0,0,0,0,11.726992555962198,4.1548087075996,-2.0460307784738467,-1.1139364561297176,-2.024849059891582,-1.1105519334574787,14.72539203240175,1178.0313625921399,nan,0,4.474900008062832,16.73519999894779
26,0.8666666666666666,SEARCH,0,0,0,0,11.74275244260817,4.221902367223644,-1.9590380373785472,-1.4433000267702316,-1.970150272835031,-1.4584039785858594,14.842829281018266,1187.4263424814612,nan,0,3.9130000077420846,16.452099996968172
27,0.8999999999999999,SEARCH,0,0,0,0,11.758048745494522,4.288586938016963,-1.8255092106725428,-1.7602767904999859,-1.845942128779851,-1.7602662339122483,14.888156111584085,1191.0524889267267,nan,0,4.173799999989569,15.555200006929226
28,0.9333333333333332,SEARCH,0,0,0,0,11.772880860749405,4.354855958458012,-1.6485340687877417,-2.0585313675989907,-1.6487949722180733,-2.0534968426625957,14.873075263337222,1189.8460210669778,nan,0,4.372800001874566,15.652000001864508
29,0.9666666666666666,SEARCH,0,0,0,0,11.787248202826309,4.420703007290753,-1.4319093318843414,-2.332594232013752,-1.4293202851018834,-2.338861117199977,14.84484387756229,1187.5875102049831,nan,0,5.61379999271594,16.054200008511543
30,0.9999999999999999,SEARCH,0,0,0,0,11.801150204527165,4.48612170414684,-1.1799509465429887,-2.577860024695573,-1.181396156166747,-2.598242651157657,14.789683171936971,1183.1746537549577,nan,0,4.154199996264651,17.182399999001063
31,1.0333333333333332,SEARCH,0,0,0,0,11.814586317024752,4.551105710163867,-0.897332736892238,-2.7905658383348664,-0.9137356750023641,-2.80564954669312,14.701429476143264,1176.1143580914613,nan,0,4.272800011676736,17.32590000028722
32,1.0666666666666667,SEARCH,0,0,0,0,11.827556009884354,4.6156487285995755,-0.5889488795228519,-2.96775520561425,-0.5890284916622586,-2.9557666653000174,14.542967432784385,1163.4373946227508,nan,0,5.66350000735838,20.110900004510768
33,1.1,SEARCH,0,0,0,0,11.840058771084706,4.679744505441996,-0.25979767518298413,-3.1072322180508385,-0.2546316914798968,-3.1037711400635586,14.382790173992003,1150.6232139193603,nan,0,3.9801000093575567,18.096200001309626
34,1.1333333333333335,SEARCH,0,0,0,0,11.852094107038205,4.743386830015439,0.08511579392403812,-3.2075091833902802,0.08589341400141583,-3.229010640569164,14.21276187719344,1137.020950175475,nan,0,6.170699998619966,18.822600002749823
35,1.166666666666667,SEARCH,0,0,0,0,11.863661542610394,4.806569535582285,0.44086036626879677,-3.267750432718006,0.42916117905551765,-3.289234384372245,14.01034759292173,1120.8278074337386,nan,0,4.027899994980544,19.8305999947479
36,1.2000000000000004,SEARCH,0,0,0,0,11.874760621138723,4.869286499940527,0.802644917952815,-3.2877142651259024,0.8082047533853931,-3.2945145375935727,13.751956448249409,1100.1565158599526,nan,0,5.353100001229905,19.67139999032952
37,1.2333333333333338,SEARCH,0,0,0,0,11.885390904450574,4.931531646016994,1.165871753735484,-3.2676945301731024,1.1839759073438276,-3.261446845490185,13.477580624971251,1078.2064499977,nan,0,4.3692999897757545,18.25410001038108
38,1.2666666666666673,SEARCH,0,0,0,0,11.895551972880568,4.993298942456194,1.526178939098398,-3.2084629671914224,1.5298726717861908,-3.216136141290635,13.222788350699323,1057.823068055946,nan,0,5.604100006166846,19.826000003376976
39,1.3000000000000007,SEARCH,0,0,0,0,11.90524342528712,5.054582404204735,1.8794730580309846,-3.111213122847373,1.8748577638744992,-3.1226370071628557,12.94123463268937,1035.2987706151498,nan,0,4.070700000738725,18.150000003515743
40,1.3333333333333341,SEARCH,0,0,0,0,11.914464879068282,5.115376093091262,2.221953712209056,-2.9775064364001165,2.21437748384582,-2.9762907673068684,12.631974036334109,1010.5579229067287,nan,0,5.931000006967224,20.119699998758733
41,1.3666666666666676,SEARCH,0,0,0,0,11.923215970176852,5.17567411840184,2.550130922946734,-2.809220901765928,2.5489429890316706,-2.7970181081738428,12.306129174713261,984.4903339770608,nan,0,4.042999993544072,17.227500007720664
42,1.400000000000001,SEARCH,0,0,0,0,11.931496353134735,5.23547063745075,2.8608364580189067,-2.608502575798996,2.8650766652130373,-2.607323979160888,11.987885274554753,959.0308219643802,nan,0,4.536799999186769,18.610900006024167
43,1.4333333333333345,SEARCH,0,0,0,0,11.939305701046589,5.294759856146625,3.151229980747735,-2.377720094459814,3.1427664771373323,-2.3952925420795625,11.684006513402773,934.7205210722218,nan,0,4.486099991481751,22.30490000511054
44,1.466666666666668,SEARCH,0,0,0,0,11.946643705612733,5.353536029553878,3.4188008077785303,-2.1194222759407166,3.406848988251277,-2.111419206255398,11.34255925650428,907.4047405203426,nan,0,4.3855000112671405,20.31859999988228
45,1.5000000000000013,SEARCH,0,0,0,0,11.953510077141306,5.411793462449371,3.661365963674821,-1.836298826973384,3.6612598462601165,-1.8217279158381117,11.003874109680245,880.3099287744196,nan,0,4.0569999982835725,19.489700003759935
46,1.5333333333333348,SEARCH,0,0,0,0,11.959904544559725,5.469526509874258,3.8770651336872097,-1.5311441212119994,3.8922826163182194,-1.521892154563037,10.675507412694039,854.0405930155231,nan,0,4.640800005290657,18.022099990048446
47,1.5666666666666682,SEARCH,0,0,0,0,11.965826855425362,5.526729577680972,4.064353039635442,-1.206823983420093,4.057979803388945,-1.2095015020839326,10.38801492867582,831.0411942940657,nan,0,3.7293000059435144,18.48309999331832
48,1.6000000000000016,SEARCH,0,0,0,0,11.971276775935522,5.583397123075273,4.221989696669912,-0.8662453875464243,4.213837698426444,-0.8761483218206207,10.094730724290777,807.578457943262,nan,0,3.902300013578497,17.533599995658733
49,1.633333333333335,SEARCH,0,0,0,0,11.976254090936678,5.639523655153328,4.349028949700872,-0.5123289585700577,4.343225968499011,-0.5033143322876095,9.797835314898476,783.826825191878,nan,0,4.212500003632158,19.035199991776608
50,1.6666666666666685,SEARCH,0,0,0,0,11.980758603932955,5.695103735433765,4.444805636539826,-0.14798415558119887,4.454650144418813,-0.14469755382537833,9.526047850100433,762.0838280080346,nan,0,3.8874000019859523,17.486800003098324
51,1.700000000000002,SEARCH,0,0,0,0,11.984790137093894,5.750131978384643,4.5089216794183535,0.22391299435599193,4.5102486313551164,0.21759678069136526,9.299339569814983,743.9471655851986,nan,0,3.819999998086132,16.239500007941388
52,1.7333333333333354,SEARCH,0,0,0,0,11.988348531261467,5.804603051945292,4.541231366756193,0.6005397464633648,4.524931717812323,0.589775489924742,9.104779900298775,728.382392023902,nan,0,4.887400005827658,17.281799999182113
53,1.7666666666666688,SEARCH,0,0,0,0,11.991433645956368,5.858511678042969,4.541826052150908,0.9791442093246144,4.5347339017831825,0.9782424303570061,8.91175622448582,712.9404979588656,nan,0,3.8043999957153574,17.315000004600734
54,1.8000000000000023,SEARCH,0,0,0,0,11.994045359383549,5.911852633104301,4.5110184669451545,1.3570607732309132,4.51822998667794,1.3643476267989172,8.750292410494293,700.0233928395435,nan,0,4.181500000413507,17.948699998669326
55,1.8333333333333357,SEARCH,0,0,0,0,11.996183568437036,5.964620748561411,4.449326815857443,1.7317235304830183,4.4409570634930216,1.7326184714879422,8.659751198167507,692.7800958534007,nan,0,3.8321000029100105,19.587099988711998
56,1.8666666666666691,SEARCH,0,0,0,0,11.997848188704,6.016810911352752,4.3574588015682,2.1006778194332796,4.3404401575813365,2.092341372370272,8.604496436021298,688.3597148817038,nan,0,3.718099993420765,17.69530000456143
57,1.9000000000000026,SEARCH,0,0,0,0,11.999039154468077,6.068418064418542,4.236295703424053,2.461590020319029,4.226597102999291,2.4638519233468394,8.5675989932303,685.4079194584241,nan,0,6.746899991412647,22.633400003542192
58,1.933333333333336,SEARCH,0,0,0,0,11.999756418711984,6.119437207190773,4.086876617201494,2.812255726618422,4.088694206910546,2.827425635289466,8.568678165768906,685.4942532615124,nan,0,11.353599998983555,45.3544000047259
59,1.9666666666666694,SEARCH,0,0,0,0,11.999999953119353,6.169863396077754,3.9103829468444053,3.1506064109381895,3.915268105248871,3.162834808654853,8.625839667971452,690.0671734377162,nan,0,8.5895999945933,59.84980000357609
60,2.0000000000000027,SEARCH,0,0,0,0,11.999769748075865,6.2196917449431295,3.708123224987183,3.4747146994654328,3.7030155324610985,3.4645070598668823,8.742263617805179,699.3810894244144,nan,0,6.015300008584745,44.72419999365229
61,2.033333333333336,SEARCH,0,0,0,0,11.99906581266962,6.268917425579327,3.4815183266600456,3.782798363895001,3.46152499233846,3.7747111141414,8.894417821467442,711.5534257173954,nan,0,8.483900004648603,42.15239999757614
62,2.066666666666669,SEARCH,0,0,0,0,11.99788817469078,6.317535668175401,3.2320871296405307,4.0732231345666206,3.2275910632685476,4.075175312476876,9.052419090355327,724.1935272284262,nan,0,4.897099992376752,32.54880000895355
63,2.1000000000000023,SEARCH,0,0,0,0,11.99623688063048,6.365541761779203,2.961432665286268,4.344504433377724,2.964771760330715,4.353771728447355,9.252814754776153,740.2251803820923,nan,0,6.688099994789809,17.756700006430037
64,2.1333333333333355,SEARCH,0,0,0,0,11.994111995678981,6.412931054753867,2.671228795203451,4.595308119928756,2.6631384688515185,4.588087797864182,9.507739998052676,760.6191998442141,nan,0,12.118200000259094,30.217599996831268
65,2.1666666666666687,SEARCH,0,0,0,0,11.9915136037231,6.459698955228535,2.3632074416374245,4.824450339344827,2.351729695250467,4.814075583166905,9.77923872725906,782.3390981807247,nan,0,15.589999995427206,48.08649999904446
66,2.200000000000002,SEARCH,0,0,0,0,11.988441807342905,6.50584093154329,2.0391463928982314,5.03089655532818,2.033301722846172,5.024104871425449,10.064807790206784,805.1846232165427,nan,0,9.102399999392219,37.771200004499406
67,2.233333333333335,SEARCH,0,0,0,0,11.984896727807657,6.551352512688268,1.7008576993514866,5.213759847249645,1.7182754686294786,5.214476545706512,10.353296548950132,828.2637239160107,nan,0,6.619199994020164,29.480600001988932
68,2.2666666666666684,SEARCH,0,0,0,0,11.980878505071026,6.596229288736875,1.350176670423324,5.3722985454975065,1.362476814763792,5.363278357996212,10.689743797413191,855.1795037930553,nan,0,6.263100003707223,31.272499996703118
69,2.3000000000000016,SEARCH,0,0,0,0,11.976387297765562,6.640466911273106,0.9889514786081679,5.505913274877813,0.9833956334834154,5.500075640988192,11.051984345823099,884.1587476658478,nan,0,5.548600005568005,24.100199996610172
70,2.333333333333335,SEARCH,0,0,0,0,11.971423283196444,6.68406109381288,0.6190333725603056,5.614143471606288,0.6131997098426404,5.622918458282611,11.407684534349212,912.6147627479369,nan,0,10.478299998794682,37.695099992561154
71,2.366666666666668,SEARCH,0,0,0,0,11.965986657334465,6.727007612219396,0.24226749793366942,5.696663435350949,0.24551453448187632,5.698949166826734,11.765473681484645,941.2378945187717,nan,0,3.4021000028587878,31.496999989030883
72,2.4000000000000012,SEARCH,0,0,0,0,11.960077634808306,6.7693023051124355,-0.1395156783449708,5.753277973876593,-0.13127050352523362,5.747662779992894,12.134432294988851,970.7545835991081,nan,0,7.514800003264099,25.198000003001653
73,2.4333333333333345,SEARCH,0,0,0,0,11.953696448896057,6.810941074271584,-0.5245083472733728,5.783917694105989,-0.525917977942498,5.766130881524901,12.523274515134784,1001.8619612107827,nan,0,5.4435000056400895,24.497899998095818
74,2.4666666666666677,SEARCH,0,0,0,0,11.94684335151601,6.851919885033342,-0.9109327495868699,5.788633989845368,-0.9229141191877908,5.787799483627029,12.913675293402163,1033.094023472173,nan,0,4.702300007920712,23.11080000072252
75,2.500000000000001,SEARCH,0,0,0,0,11.93951861321672,6.892234766682065,-1.2970479912624775,5.767593773020011,-1.298858213991602,5.782009927435631,13.284849273245294,1062.7879418596235,nan,0,9.65939999150578,27.164700004504994
76,2.533333333333334,SEARCH,0,0,0,0,11.931722523166313,6.931881812834713,-1.6811562954417192,5.72107399202535,-1.6586170058711158,5.733287172347611,13.643091937926743,1091.4473550341395,nan,0,6.442199999582954,47.71150001033675
77,2.5666666666666673,SEARCH,0,0,0,0,11.923455389141068,6.970857181819374,-2.0616087049035015,5.649455977715281,-2.0708413386352813,5.63746258694677,14.057676979170042,1124.6141583336032,nan,0,6.411900001694448,55.96749999676831
78,2.6000000000000005,SEARCH,0,0,0,0,11.914717537513289,7.009157097047499,-2.4368102503995224,5.553219654617485,-2.4487221041259484,5.54662143548837,14.437707882498028,1155.0166305998423,nan,0,5.752999990363605,42.40040000877343
79,2.6333333333333337,SEARCH,0,0,0,0,11.905509313238392,7.0467778473798495,-2.8052246011466417,5.432937652180349,-2.8126800391473252,5.441414592163041,14.805481721101836,1184.438537688147,nan,0,5.058399998233654,38.03850000258535
80,2.666666666666667,SEARCH,0,0,0,0,11.895831079841305,7.083715787486094,-3.165378214574226,5.289269348212293,-3.1522072402849317,5.307421415391948,15.152513949187474,1212.201115934998,nan,0,15.018599995528348,39.50559999793768
81,2.7,SEARCH,0,0,0,0,11.885683219402111,7.1199673381980215,-3.5158640030683492,5.1229548741668145,-3.510626465689685,5.109764850460171,15.526985089223176,1242.1588071378542,nan,0,6.83309999294579,53.323800006182864
82,2.7333333333333334,SEARCH,0,0,0,0,11.875066132540965,7.155528986856364,-3.8553445359557355,4.934809109550006,-3.8696531254183246,4.921322475625017,15.902448341270683,1272.1958673016545,nan,0,5.231600007391535,46.29909999493975
83,2.7666666666666666,SEARCH,0,0,0,0,11.863980238402277,7.19039728765115,-4.1825547953433775,4.7257156904766635,-4.180086057300565,4.736112229575833,16.230698643225423,1298.4558914580339,nan,0,4.24399999610614,36.891399999149144
84,2.8,SEARCH,0,0,0,0,11.852425974638162,7.2245688619556,-4.496304504688556,4.496621055271221,-4.471830498378586,4.519109677530188,16.546928983815125,1323.75431870521,nan,0,15.748300007544458,37.66919999907259
85,2.833333333333333,SEARCH,0,0,0,0,11.840403797391176,7.258040398653501,-4.795480049130685,4.248528547995676,-4.780249549609104,4.246866355439652,16.891219221822812,1351.297537745825,nan,0,5.6690000055823475,41.84320000058506
86,2.8666666666666663,SEARCH,0,0,0,0,11.827914181276286,7.290808654460045,-5.079046006682001,3.982492598883658,-5.07664497953315,3.978682881535623,17.225977404982753,1378.0781923986203,nan,0,3.7778999976580963,29.59190000547096
87,2.8999999999999995,SEARCH,0,0,0,0,11.814957619362152,7.3228704542360905,-5.346046309358675,3.699612998863054,-5.359948327026396,3.7005238886552845,17.55274305937587,1404.2194447500697,nan,0,5.121100010001101,29.941399989183992
88,2.9333333333333327,SEARCH,0,0,0,0,11.801534623151653,7.354222691295827,-5.595605053246411,3.401029283654618,-5.585151927331781,3.41876345817008,17.8265170064249,1426.121360513992,nan,0,4.456499998923391,29.129399990779348
89,2.966666666666666,SEARCH,0,0,0,0,11.787645722561697,7.3848623277078,-5.8269269763431515,3.087915241336401,-5.820387797472453,3.0872616361910867,18.124905962414566,1449.9924769931654,nan,0,9.52750000578817,26.00209999945946
90,2.999999999999999,SEARCH,0,0,0,0,11.773291465902297,7.414786394589278,-6.039297622813638,2.761473555759336,-6.043311131224151,2.7428811109709534,18.418958360424014,1473.5166688339211,nan,0,2.7592999977059662,31.20130000752397
91,3.0333333333333323,SEARCH,0,0,0,0,11.758472419854925,7.443991992393926,-6.232083212032925,2.4229305967837758,-6.244023085233371,2.4065291063737044,18.69400643892998,1495.5205151143982,nan,0,7.935699992231093,31.733099996927194
92,3.0666666666666655,SEARCH,0,0,0,0,11.74318916945015,7.472476291192766,-6.404730230494609,2.0735313669763054,-6.406311244496169,2.0807729382605613,18.93343155167224,1514.6745241337792,nan,0,3.081000002566725,33.02109999640379
93,3.0999999999999988,SEARCH,0,0,0,0,11.727442318044522,7.500236530948383,-6.556764764320173,1.7145346131568795,-6.5383307861207305,1.7214161873360307,19.15811138021164,1532.648910416931,nan,0,4.335099991294555,27.38310000859201
94,3.133333333333332,SEARCH,0,0,0,0,11.711232487296778,7.527270021782369,-6.687791589733293,1.3472081100145927,-6.685323252160021,1.345344998320573,19.40745887721121,1552.5967101768965,nan,0,12.302800008910708,29.322099988348782
95,3.166666666666665,SEARCH,0,0,0,0,11.694560317143276,7.553574144235961,-6.797493038462042,0.9728241219126227,-6.80886651466077,0.9613477500268839,19.6426641103602,1571.413128828816,nan,0,5.955300002824515,27.85099999164231
96,3.1999999999999984,SEARCH,0,0,0,0,11.677426465772749,7.579146349523856,-6.885627654606578,0.5926550479757279,-6.893490797340977,0.5917283993684817,19.841949944588837,1587.3559955671071,nan,0,5.920299998251721,25.378300008014776
97,3.2333333333333316,SEARCH,0,0,0,0,11.65983160960031,7.603984159781184,-6.952028659064114,0.20796925459379978,-6.939622660394729,0.21668974138917518,20.012791358669645,1601.0233086935716,nan,0,4.870300006587058,33.99399999761954
98,3.266666666666665,SEARCH,0,0,0,0,11.641776443240753,7.628085168303605,-6.996602237139985,-0.17997290142073885,-6.992388911777624,-0.190731215128897,20.208067896659482,1616.6454317327587,nan,0,4.344100001617335,23.167999999714084
99,3.299999999999998,SEARCH,0,0,0,0,11.623261679481129,7.651447039780508,-7.0193256644967885,-0.5699228566185216,-7.0231508507195395,-0.5710792504187002,20.378877271318007,1630.3101817054405,nan,0,2.9529000021284446,22.07789999374654
100,3.3333333333333313,SEARCH,0,0,0,0,11.604288049252613,7.674067510521295,-7.020245286105513,-0.9606474300149918,-7.028809045266614,-0.953291381108586,20.533475808512453,1642.6780646809962,nan,0,13.20399998803623,31.037000007927418
101,3.3666666666666645,SEARCH,0,0,0,0,11.584856301601636,7.695944388674732,-6.99947436236604,-1.3509322166025433,-7.000383555304924,-1.3346276330391889,20.66306781622977,1653.0454252983814,nan,0,7.470000011380762,33.25849999964703
102,3.3999999999999977,SEARCH,0,0,0,0,11.564967203660323,7.717075554441323,-6.957190796061646,-1.7395847850354886,-6.9476831214157775,-1.730667927256474,20.784082345740057,1662.7265876592044,nan,0,6.140600002254359,28.86880000005476
103,3.433333333333331,SEARCH,0,0,0,0,11.544621540616205,7.737458960278717,-6.893634753305291,-2.1254376798684564,-6.899091004336053,-2.1394423605650377,20.921847722954933,1673.7478178363947,nan,0,4.320299995015375,28.136300010373816
104,3.466666666666664,SEARCH,0,0,0,0,11.523820115681222,7.75709263110011,-6.809106191126506,-2.507351229299288,-6.812805861699649,-2.516633654681485,21.018594244847076,1681.487539587766,nan,0,4.860200002440251,33.66669999377336
105,3.4999999999999973,SEARCH,0,0,0,0,11.502563750060013,7.77597466446562,-6.703962303838299,-2.884216159892699,-6.685822810078819,-2.8838892924591506,21.081985324944675,1686.5588259955741,nan,0,6.6947000013897195,30.71300000010524
106,3.5333333333333306,SEARCH,0,0,0,0,11.480853282917494,7.794103230766629,-6.578614899815247,-3.2549560202432146,-6.555296209309092,-3.258936958855109,21.15354310604582,1692.2834484836656,nan,0,4.497999994782731,26.745700000901707
107,3.5666666666666638,SEARCH,0,0,0,0,11.458689571345737,7.811476573403069,-6.4335277198082625,-3.618529415977299,-6.432989953378175,-3.643763069137063,21.2446395941058,1699.571167528464,nan,0,6.269899997278117,30.63450001354795
108,3.599999999999997,SEARCH,0,0,0,0,11.43607349033012,7.828093008953626,-6.269213707419705,-3.973932058897357,-6.283050937725874,-3.9923717320387873,21.300017774405156,1704.0014219524123,nan,0,3.9169999945443124,45.54350000398699
109,3.63333333333333,SEARCH,0,0,0,0,11.4130059327148,7.843950927338864,-6.08623224186563,-4.320198633436362,-6.0779723615030585,-4.325641673388342,21.308057296630178,1704.6445837304143,nan,0,4.4741999881807715,27.606800009380095
110,3.6666666666666634,SEARCH,0,0,0,0,11.389487809167454,7.859048791977229,-5.885186342661125,-4.656404483923235,-5.866753000648875,-4.647002059284068,21.31147941323417,1704.9183530587338,nan,0,3.461000000243075,29.716800010646693
111,3.6999999999999966,SEARCH,0,0,0,0,11.365520048143328,7.873385139933948,-5.666719855380708,-4.981667126457607,-5.651456242349181,-4.977370265200333,21.324150547062175,1705.9320437649742,nan,0,2.7393000054871663,25.287600001320243
112,3.73333333333333,SEARCH,0,0,0,0,11.341103595848589,7.886958582062775,-5.431514627169532,-5.295147589459984,-5.426867571656999,-5.299977439380086,21.332138634181195,1706.5710907344956,nan,0,3.6665000079665333,25.54299999610521
113,3.766666666666663,SEARCH,0,0,0,0,11.316239416202965,7.8997678031405965,-5.1802876802133335,-5.596051587201419,-5.186774758081045,-5.588978908982676,21.314215085253206,1705.1372068202566,nan,0,4.527299999608658,34.29640000103973
114,3.7999999999999963,SEARCH,0,0,0,0,11.290928490801694,7.911811561994877,-4.91378839091626,-5.8836305308270695,-4.910132543065838,-5.87812011970014,21.275257798882645,1702.0206239106117,nan,0,8.384900007513352,45.344600002863444
115,3.8333333333333295,SEARCH,0,0,0,0,11.265171818876773,7.923088691623917,-4.63279568208655,-6.157182381572207,-4.62169023083913,-6.157772174250735,21.228825415241975,1698.3060332193581,nan,0,6.444999991799705,29.96250000433065
116,3.8666666666666627,SEARCH,0,0,0,0,11.238970417257507,7.9335980993099415,-4.338115234990947,-6.416052351028694,-4.355496070717527,-6.4260188517227705,21.198726000044495,1695.8980800035595,nan,0,8.981500010122545,41.95610000169836
117,3.899999999999996,SEARCH,0,0,0,0,11.212325320330368,7.943338766724971,-4.030576727710043,-6.65963345345623,-4.031558368219507,-6.650521297333915,21.1034769997593,1688.278159980744,nan,0,5.856499992660247,42.261900001903996
118,3.933333333333329,SEARCH,0,0,0,0,11.185237579998159,7.9523097500295,-3.7110311058089596,-6.887366915247103,-3.7152648814346296,-6.873393813053905,21.01966840232235,1681.573472185788,nan,0,16.020100010791793,35.42149999702815
119,3.9666666666666623,SEARCH,0,0,0,0,11.157708265638485,7.96051017996395,-3.3803478909310174,-7.098742446747043,-3.3713880733438146,-7.101868310633823,20.927730078091397,1674.2184062473118,nan,0,11.282099992968142,54.23400001018308
120,3.9999999999999956,SEARCH,0,0,0,0,11.129738464061539,7.967939261932899,-3.0394125325266663,-7.293298381709448,-3.05112059553129,-7.30997929688478,20.844940852828096,1667.5952682262475,nan,0,8.096500008832663,37.31219998735469
121,4.033333333333329,SEARCH,0,0,0,0,11.101329279467198,7.9745962760820746,-2.6891238075460486,-7.4706216897168245,-2.694384511807483,-7.468582586946957,20.707812352015196,1656.6249881612157,nan,0,6.43760000821203,33.247999992454425
122,4.066666666666662,SEARCH,0,0,0,0,11.072481833401422,7.980480577368107,-2.330391272551339,-7.630347866942933,-2.330462340552342,-7.62181898109231,20.56868163111227,1645.4945304889816,nan,0,4.675299991504289,25.404800006072037
123,4.099999999999995,SEARCH,0,0,0,0,11.043197264711992,7.985591595621028,-1.9641327723445519,-7.772160710653057,-1.9512074650856082,-7.767400291014747,20.420854724085345,1633.6683779268278,nan,0,4.6578000037698075,22.103399998741224
124,4.133333333333328,SEARCH,0,0,0,0,11.013476729503532,7.989928835599524,-1.591272008857834,-7.895791982848911,-1.5867859923525418,-7.91257393385396,20.289312827009976,1623.1450261607984,nan,0,12.159599995356984,38.268500007689
125,4.166666666666662,SEARCH,0,0,0,0,10.983321401091885,7.993491877038917,-1.2127361737164635,-8.001020968460107,-1.2197502312635002,-8.018043047704216,20.131671761447578,1610.5337409158062,nan,0,8.635699996375479,32.016199998906814
126,4.199999999999995,SEARCH,0,0,0,0,10.95273246995778,7.996280374691892,-0.8294536475598288,-8.08767393346672,-0.8339070524991311,-8.084527821589257,19.937834974688858,1595.0267979751084,nan,0,6.988399996771477,27.59169999626465
127,4.233333333333328,SEARCH,0,0,0,0,10.921711143699842,7.99829405836195,-0.4423517688924927,-8.155623488308223,-0.4283426788572655,-8.133369545676143,19.72445924249358,1577.9567393994867,nan,0,6.688299996312708,32.10140000737738
128,4.266666666666661,ACQUIRING,0,0,0,0,10.890258646986917,7.999532732929587,-0.05235467493606605,-8.204787861893859,-0.055452157512121625,-8.196416489675494,19.547822288861976,1563.8257831089581,1681.6743123247702,1,6.761000011465512,27.020099994842894
129,4.2999999999999945,ACQUIRING,0,0,0,0,10.85837622150972,7.999996278371198,0.24875353013147172,-8.342841124368384,0.24581394389862302,-8.34301196247766,19.486415690337406,1558.9132552269923,1680.509763197424,0,14.136300000245683,31.738099991343915
130,4.333333333333328,ACQUIRING,0,0,0,0,10.826065125931812,7.999684649770717,0.46097284631012064,-8.5697832757318,0.45042414102836115,-8.556485787030013,19.53869763776498,1563.0958110211982,1679.2774288450353,0,8.18520000029821,32.45490000699647
131,4.366666666666661,ACQUIRING,0,0,0,0,10.79332663583993,7.998597877323954,0.5843032735998807,-8.885614315984103,0.5980089035145283,-8.869746118764423,19.71003634784674,1576.802907827739,1677.977370903868,0,5.1915999938501045,29.400500003248453
132,4.399999999999994,ACQUIRING,0,0,0,0,10.760162043693597,7.996736066335685,0.6506653754378184,-9.15258286877289,0.6606353786896543,-9.143558558048474,19.8944750789715,1591.5580063177201,1676.6096572752645,0,5.576099996687844,25.35379999608267
133,4.433333333333327,SEARCH,0,0,0,0,10.726572658774128,7.9940993972094345,0.70901525432515,-9.378278789910679,0.7085836899638155,-9.385351124130409,20.060044950171594,1604.8035960137277,nan,0,9.410600003320724,24.00119999947492
134,4.466666666666661,SEARCH,0,0,0,0,10.692559807132923,7.990688125430007,0.8562540221013704,-9.515085822159577,0.840112895417966,-9.524184986487729,20.09580777860747,1607.6646222885977,nan,0,7.818099998985417,34.42440000071656
135,4.499999999999994,SEARCH,0,0,0,0,10.65812483153913,7.986502581538723,1.0923816787664797,-9.563003965519586,1.0902645641340347,-9.54991651533816,19.976735089545972,1598.138807163678,nan,0,5.314699999871664,24.18650001345668
136,4.533333333333327,SEARCH,0,0,0,0,10.623269091426621,7.981543171101392,1.4136374987032587,-9.522033219990707,1.428802431249679,-9.50739169296058,19.75856927625347,1580.6855421002779,nan,0,4.459200004930608,25.67379998799879
137,4.56666666666666,SEARCH,0,0,0,0,10.587993962840333,7.975810374669017,1.7485535315119702,-9.39217358557294,1.7516384475430367,-9.399927457276046,19.49352312941947,1559.4818503535575,nan,0,5.471099997521378,19.18810000643134
138,4.599999999999993,SEARCH,0,0,0,0,10.55230083838194,7.96930474773123,2.09337357913345,-9.173425062266283,2.087197974737047,-9.185448502164071,19.12965042955261,1530.3720343642087,nan,0,2.9750999965472147,21.26720000524074
139,4.633333333333327,SEARCH,0,0,0,0,10.516191127154881,7.962026920662465,2.4449315437631585,-8.909730144158653,2.446299820033762,-8.898075184809507,18.691874938477667,1495.3499950782134,nan,0,2.7661999920383096,24.97320000838954
140,4.66666666666666,SEARCH,0,0,0,0,10.479666254708725,7.953977598660878,2.800537924825235,-8.668052420138853,2.808686446740777,-8.669141794024556,18.307704103948332,1464.6163283158664,nan,0,4.010400007246062,27.47339999768883
141,4.699999999999993,SEARCH,0,0,0,0,10.442727662982898,7.945157561680017,3.157889256030329,-8.44060494725672,3.15732328998966,-8.45691057332081,17.947282690793013,1435.7826152634411,nan,0,8.097099998849444,33.59490000002552
142,4.733333333333326,SEARCH,0,0,0,0,10.405376810249749,7.935567664353244,3.5149958777739307,-8.221243681909943,3.507135665083232,-8.214764096235658,17.56186057551861,1404.9488460414889,nan,0,4.203000004054047,22.833600000012666
143,4.7666666666666595,SEARCH,0,0,0,0,10.367615171056988,7.925208835910925,3.870124361218047,-8.00514473855502,3.8767018033127125,-7.989508852367587,17.18750114022298,1375.0000912178384,nan,0,3.0273000011220574,22.67099999880884
144,4.799999999999993,SEARCH,0,0,0,0,10.329444236169476,7.914082080090391,4.2217516372962045,-7.788545892142944,4.23283692933994,-7.763246353708285,16.821035862124535,1345.6828689699628,nan,0,4.725299993879162,19.09909999812953
145,4.833333333333326,SEARCH,0,0,0,0,10.290865512510361,7.90218847503868,4.568528473425955,-7.56853947258186,4.569021751637958,-7.56851040084879,16.494908903422907,1319.5927122738326,nan,0,6.3839999929768965,25.365399997099303
146,4.866666666666659,SEARCH,0,0,0,0,10.251880523101597,7.889529173208066,4.909250412373039,-7.342906370596583,4.899953655820824,-7.350503971297759,16.152452799446838,1292.196223955747,nan,0,4.724200000055134,35.78539998852648
147,4.899999999999992,SEARCH,0,0,0,0,10.21249080700381,7.87610540124439,5.242834665062483,-7.109982931182515,5.222888158170079,-7.112222566574095,15.797028513747083,1263.7622810997668,nan,0,5.1125000027241185,29.158200006349944
148,4.933333333333326,SEARCH,0,0,0,0,10.172697919255551,7.861918459868205,5.568301751034143,-6.86855415628712,5.5694518481798365,-6.868852105105434,15.433258755971396,1234.6607004777118,nan,0,5.034900008467957,31.136999998125248
149,4.966666666666659,SEARCH,0,0,0,0,10.132503430811887,7.846969723748735,5.88476092178187,-6.617767954673963,5.885807819550927,-6.612797881571723,15.07047785621206,1205.6382284969648,nan,0,4.527999990386888,29.561800009105355
150,4.999999999999992,SEARCH,0,0,0,0,10.0919089284824,7.831260641370682,6.191398595467085,-6.357066229955328,6.184204844209346,-6.367940771749984,14.727099917519817,1178.1679934015854,nan,0,4.923999993479811,28.042200006893836
151,5.033333333333325,SEARCH,0,0,0,0,10.050916014868532,7.814792734893862,6.487469186115722,-6.086129440177709,6.467090269293112,-6.0844637655973814,14.353854473314732,1148.3083578651786,nan,0,7.168299998738803,30.825200010440312
152,5.066666666666658,SEARCH,0,0,0,0,10.009526308300321,7.797567600005722,6.77228783411738,-5.804831936236794,6.768534756185946,-5.791637529471039,13.970344387017605,1117.6275509614084,nan,0,5.862900012289174,37.67449999577366
153,5.099999999999992,SEARCH,0,0,0,0,9.967741442772516,7.779586905766719,7.045224643827504,-5.513205925486221,7.056923499044637,-5.511925234173837,13.606511531899548,1088.5209225519638,nan,0,5.284400001983158,30.706899997312576
154,5.133333333333325,SEARCH,0,0,0,0,9.925563067880052,7.760852394448591,7.3057001132716906,-5.211412338148568,7.30710580428347,-5.213266384161881,13.235712165303934,1058.8569732243147,nan,0,4.7448999976040795,26.318200005334802
155,5.166666666666658,SEARCH,0,0,0,0,9.882992848752957,7.741365881365541,7.553181504321232,-4.8997172191066465,7.550773686359303,-4.904888305493149,12.859509756599476,1028.760780527958,nan,0,2.948099994682707,22.024399993824773
156,5.199999999999991,SEARCH,0,0,0,0,9.840032465990587,7.7211292546983366,7.787179952415284,-4.578472543603437,7.7889264819325685,-4.563425337037994,12.454610281947355,996.3688225557885,nan,0,2.6566000015009195,25.642200009315275
157,5.2333333333333245,SEARCH,0,0,0,0,9.796683615595295,7.700144475311352,8.007248155478942,-4.248100576114091,8.021694856319588,-4.2411793945497,12.072522555806986,965.8018044645588,nan,0,9.483000001637265,30.357800002093427
158,5.266666666666658,SEARCH,0,0,0,0,9.75294800890547,7.678413576562566,8.212978514153663,-3.9090810682167128,8.214477192011406,-3.906062045457048,11.686187055305995,934.8949644244796,nan,0,3.598800001782365,20.943499999702908
159,5.299999999999991,SEARCH,0,0,0,0,9.708827372527969,7.655938664106533,8.40400162143678,-3.561940732514866,8.38645562168832,-3.566846498872491,11.300423614263353,904.0338891410682,nan,0,6.6389999992679805,26.85419999761507
160,5.333333333333324,SEARCH,0,0,0,0,9.664323448269982,7.632721915690362,8.579985020616993,-3.2072445426217238,8.568630416023623,-3.2148035068295995,10.90272218361681,872.2177746893448,nan,0,8.05989999207668,37.043799995444715
161,5.366666666666657,SEARCH,0,0,0,0,9.619437993070227,7.608765580942686,8.740632167029451,-2.8455884995577714,8.738684399292742,-2.8359635233756335,10.481798173765135,838.5438539012108,nan,0,6.757199997082353,25.13619999808725
162,5.399999999999991,SEARCH,0,0,0,0,9.574172778929622,7.584071981155691,8.88568154246721,-2.477593577164417,8.900295170057191,-2.4738114603306047,10.080433043984957,806.4346435187965,nan,0,4.304599991883151,29.88240000559017
163,5.433333333333324,SEARCH,0,0,0,0,9.528529592841315,7.558643509060185,9.014905881739258,-2.1039006169135135,9.008353817409885,-2.12253565382695,9.695143775172482,775.6115020137986,nan,0,6.491200008895248,30.053900001803413
164,5.466666666666657,SEARCH,0,0,0,0,9.482510236720138,7.53248262859375,9.128111479389968,-1.7251659886927244,9.120825907609532,-1.7297239063534309,9.269265637036327,741.5412509629061,nan,0,4.271799989510328,36.75670000666287
165,5.49999999999999,SEARCH,0,0,0,0,9.436116527331475,7.5055918746620005,9.225137551415706,-1.3420578710848825,9.231879009793701,-1.334516986601664,8.84246784798013,707.3974278384104,nan,0,4.927500005578622,30.212600002414547
166,5.5333333333333234,SEARCH,0,0,0,0,9.389350296219531,7.477973852892948,9.30585563227139,-0.9552530341888319,9.321535112072912,-0.9526590732575883,8.430905671082698,674.4724536866158,nan,0,5.345800003851764,23.027899995213374
167,5.566666666666657,SEARCH,0,0,0,0,9.342213389635035,7.449631239384535,9.370168991824993,-0.565434031632013,9.374555622391068,-0.5821026786508902,8.03179903571674,642.5439228573392,nan,0,5.250699992757291,25.975900003686547
168,5.59999999999999,SEARCH,0,0,0,0,9.294707668462348,7.420566780445325,9.418012060409039,-0.17328672728710115,9.402774167187108,-0.1835659704138629,7.604900608215465,608.3920486572372,nan,0,4.748999999719672,23.515700013376772
169,5.633333333333323,SEARCH,0,0,0,0,9.246835008145997,7.39078329232839,9.449349852909185,0.22050190272497822,9.448982124510778,0.22543745888138414,7.168196730667411,573.4557384533929,nan,0,4.225600001518615,25.479499992798083
170,5.666666666666656,SEARCH,0,0,0,0,9.198597298616647,7.360283660958434,9.464177385060323,0.6152457401264881,9.48653927889968,0.6281458955706036,6.738292771627719,539.0634217302174,nan,0,5.259800003841519,30.927200001315214
171,5.6999999999999895,SEARCH,0,0,0,0,9.14999644421646,7.329070841652146,9.462519076901886,1.0102613044385642,9.47823895247126,1.0106021286241746,6.326989017039523,506.15912136316183,nan,0,6.3449000008404255,37.4937000015052
172,5.733333333333323,SEARCH,0,0,0,0,9.101034363623969,7.297147858831848,9.444428139765428,1.4048693729002426,9.44043549881776,1.4066227828823656,5.900294806275403,472.02358450203224,nan,0,4.996899995603599,29.153700001188554
173,5.766666666666656,SEARCH,0,0,0,0,9.051712989778263,7.264517805732432,9.409985944300399,1.7983964643307004,9.397607609303352,1.8100843450416835,5.465389964578856,437.2311971663085,nan,0,7.471900011296384,35.47180000168737
174,5.799999999999989,SEARCH,0,0,0,0,9.002034269802737,7.231183844101638,9.35930136794576,2.190176206036122,9.365683490652598,2.1978596475842793,5.046443621311134,403.71548970489073,nan,0,2.92470000567846,37.38860000157729
175,5.833333333333322,SEARCH,0,0,0,0,8.952000164928192,7.197149203893692,9.29251012097121,2.5795505989761933,9.309474431550033,2.5824382895796183,4.628535910413385,370.28287283307077,nan,0,17.898499994771555,44.14090000500437
176,5.866666666666656,SEARCH,0,0,0,0,8.901612650415412,7.162417182956328,9.20977405077916,2.9658711933118096,9.203290539053294,2.959782147238328,4.2134488002036345,337.07590401629074,nan,0,6.372799995006062,47.83480000332929
177,5.899999999999989,SEARCH,0,0,0,0,8.8508737154772,7.126991146711246,9.111280424606448,3.348500183996071,9.102829901305194,3.349116058294353,3.7862675688939285,302.90140551151427,nan,0,4.756800000905059,28.142399998614565
178,5.933333333333322,SEARCH,0,0,0,0,8.79978536319982,7.090874527828008,8.997241191116704,3.726811434117684,9.013345515935207,3.755449509376454,3.3422549263257753,267.380394106062,nan,0,4.054599994560704,33.65579999808688
179,5.966666666666655,SEARCH,0,0,1,0,8.748349610463949,7.0540708258914195,8.867892221649017,4.100191432157614,8.883182567641978,4.1123145129542795,2.9448446701051805,235.58757360841443,nan,0,4.930600000079721,22.886699996888638
180,5.9999999999999885,SEARCH,0,0,1,0,8.69656848786503,7.016583607062441,8.723492532101341,4.468040188094711,8.724327698904316,4.46391865554726,2.552815882215466,204.22527057723727,nan,0,7.38140000612475,27.022700000088662
181,6.033333333333322,ACQUIRING,0,0,1,0,8.644444039633122,6.978416503732631,8.564323486589839,4.829772072328977,8.556667482228793,4.81646315430802,2.163734505228876,173.09876041831006,2.474461930178744,2,5.701500005670823,32.10820000094827
182,6.066666666666655,ACQUIRING,0,0,1,0,8.591978323552189,6.939573214172181,8.494043329967226,5.193591379205188,8.50546263708198,5.216299380068422,1.7254441953630604,138.03553562904483,7.545919676084416,0,9.832199997617863,30.733599996892735
183,6.099999999999988,ACQUIRING,0,0,1,0,8.53917341087886,6.90005750217156,8.512652062233503,5.479589749770599,8.526584104287053,5.491686337369918,1.4084274310326375,112.674194482611,0.968400855000007,1,9.89040000422392,33.827200008090585
184,6.133333333333321,ACQUIRING,0,0,1,0,8.486031386260683,6.859873196676827,8.44237190561089,5.676699231447122,8.449431902250193,5.666568244512482,1.1938660859115582,95.50928687292465,1.7447076361374987,1,7.990300000528805,33.027299999957904
185,6.1666666666666545,ACQUIRING,0,0,1,0,8.432554347653786,6.8190241914186105,8.382071432304484,5.815900094773096,8.365672320414278,5.811198851396065,1.0100421385067189,80.80337108053752,0.48071210795836894,1,8.512699991115369,37.88210000493564
186,6.199999999999988,TRACKING,1,0,1,0,8.378744406240088,6.7775144445348126,8.335763982187881,5.9329175156225595,8.341997038091044,5.937770613011243,0.8405474832796577,67.24379866237261,0.979632636516138,1,7.629500003531575,51.19059998833109
187,6.233333333333321,TRACKING,1,0,1,0,8.324603686343945,6.73534797818709,8.284058000808118,6.029526886434778,8.296265246626135,6.040806626437867,0.6951192390196654,55.609539121573235,1.1633765238552005,0,8.457499992800876,32.52300000167452
188,6.266666666666654,TRACKING,1,0,1,0,8.270134325348263,6.692528878171117,8.23198786119584,6.104111425987358,8.232420456467995,6.101560450971687,0.5921705986052387,47.3736478884191,0.9947240004738653,1,8.411500006332062,34.97719998995308
189,6.299999999999987,TRACKING,1,0,1,0,8.215338473610162,6.649061293520674,8.182983667444738,6.162670068119638,8.17624316480829,6.156697065217252,0.49391393631192243,39.513114904953795,0.7433901999008885,1,8.821199997328222,32.42170000157785
190,6.333333333333321,TRACKING,1,0,1,0,8.16021829437603,6.604949436105635,8.135671600415582,6.204186674228515,8.124524947537441,6.205970648417956,0.4005722007744287,32.04577606195429,0.7304917647462346,1,4.798599999048747,29.671500000404194
191,6.366666666666654,TRACKING,1,0,1,0,8.10477596369617,6.560197580223838,8.088951770542181,6.231106772365878,8.100412237231392,6.242216055222916,0.3180114657533146,25.44091726026517,0.1924259379904894,1,11.97199999296572,30.305599997518584
192,6.399999999999987,TRACKING,1,0,1,0,8.04901367033886,6.514810062186931,8.035992498132858,6.243299302280514,8.049377994134533,6.245958825192632,0.26885148384413393,21.508118707530713,0.8187083492854159,1,8.953700002166443,33.32139999838546
193,6.43333333333332,TRACKING,1,0,1,0,7.992933615703967,6.468791279900183,7.979108028212229,6.247995796101916,7.981682789430885,6.224675253678928,0.24437515288973982,19.550012231179185,0.7651331502334036,1,7.7627999999094754,26.267499997629784
194,6.4666666666666535,TRACKING,1,0,1,0,7.936538013736023,6.422145692436356,7.931279825003108,6.246187390875794,7.92848239882372,6.2524449426537485,0.1698918403231727,13.591347225853816,1.1525415820377742,0,4.126799991354346,28.96290000353474
195,6.499999999999987,TRACKING,1,0,1,0,7.879829090836818,6.374877819603625,7.881651849488286,6.237710398977362,7.8917601076047195,6.2463168808497915,0.12911337705436557,10.329070164349247,1.5962932849046796,0,3.9832000038586557,20.73960000416264
196,6.53333333333332,TRACKING,1,0,1,0,7.822809085777543,6.3269922415076225,7.83167448402337,6.223754550226719,7.84663418992108,6.2337546101264385,0.09623352582662618,7.698682066130095,0.49499785168723864,1,5.892499990295619,21.425700004328974
197,6.566666666666653,TRACKING,1,0,1,0,7.765480249610353,6.2784935981076515,7.769909203708774,6.1968663185267205,7.767373996833403,6.1860427496006585,0.09247024206850431,7.397619365480344,1.1719930564503573,1,12.923999995109625,24.34220000577625
198,6.599999999999986,TRACKING,1,0,1,0,7.7078448455795385,6.229386588767081,7.708071783189679,6.172058121637806,7.705116853884944,6.170565600064932,0.058884213933652514,4.7107371146922015,1.381237217276976,1,12.947299997904338,34.38759999698959
199,6.6333333333333195,TRACKING,1,0,1,0,7.649905149032172,6.179675971797984,7.646826446201588,6.142774357552359,7.651128913020023,6.148250274036491,0.03144951634118789,2.5159613072950306,1.6214651323056455,1,6.714000002830289,27.938200000789948
200,6.666666666666653,TRACKING,1,0,1,0,7.591663447328246,6.129366564000091,7.583608097258028,6.106573662659555,7.598725541367537,6.123694063782224,0.00905816929304667,0.7246535434437336,2.297685390378108,1,5.385399999795482,26.600700002745725
201,6.699999999999986,TRACKING,1,0,1,0,7.53312203975044,6.078463240194045,7.51774207321376,6.0642058347071215,7.538440583675018,6.0596507689112515,0.019549833381479406,1.5639866705183525,2.616817271605862,0,5.8293000038247555,20.15430000028573
202,6.733333333333319,TRACKING,1,0,1,0,7.474283237413271,6.026970932749051,7.452796927523605,6.020991793130853,7.455888700245925,6.009986544285065,0.025036542275171693,2.0029233820137353,2.9080435611656803,0,4.404599996632896,21.858400010387413
203,6.766666666666652,TRACKING,1,0,1,0,7.415149363171911,5.974894631104937,7.388204392543474,5.976462026247766,7.389168614950882,5.975195265905789,0.025982487552349078,2.078599004187926,1.185185454310617,1,12.332500002230518,22.047500009648502
204,6.799999999999986,TRACKING,1,0,1,0,7.355722751530466,5.922239381288712,7.335875069030017,5.9351090077437325,7.353997889851301,5.944991332148006,0.02281723944117649,1.8253791552941194,1.4641655877294169,1,5.125900002894923,32.604099993477575
205,6.833333333333319,TRACKING,1,0,1,0,7.296005748549799,5.869010285425599,7.27795905735947,5.890047451595836,7.293918530990136,5.883041361322488,0.014185470311752895,1.1348376249402314,1.2675364094467882,1,5.442899986519478,21.766500009107403
206,6.866666666666652,TRACKING,1,0,1,0,7.236000711754949,5.815212501244674,7.223393314255649,5.845923060006779,7.211342110824153,5.816610061307739,0.024698173495101675,1.9758538796081342,1.9629415292050978,1,4.3083000055048615,23.310499993385747
207,6.899999999999985,TRACKING,1,0,1,0,7.175710010042013,5.7608512415790925,7.171683589791249,5.804401165104355,7.152708780585084,5.795860577041293,0.041889260270804474,3.351140821664358,2.2661208682176635,1,6.026000002748333,26.53269999427721
208,6.9333333333333185,TRACKING,1,0,1,0,7.115136023584664,5.705931773860972,7.120508737722118,5.759024828037861,7.11074959124862,5.764233838811202,0.058466841595039724,4.6773473276031785,1.9428798272289445,1,9.496900005615316,42.90099999343511
209,6.966666666666652,TRACKING,1,0,1,0,7.054281143740168,5.650459419611016,7.064894744479342,5.70830507370899,7.076814614158375,5.708362757198252,0.062133354913682666,4.970668393094614,2.3821108836148617,0,7.150099991122261,43.50550001254305
210,6.999999999999985,TRACKING,1,0,1,0,6.993147772954982,5.594439553922856,7.009719667771858,5.658037211342718,7.002408965635186,5.644524478423085,0.05093397051137323,4.074717640909858,3.138432869164909,1,8.975000004284084,29.4547999947099
211,7.033333333333318,TRACKING,1,0,1,0,6.93173832466991,5.537877604942237,6.947838569143165,5.611384393311644,6.940977448183137,5.597937893516135,0.06076676449238172,4.861341159390538,2.7983529922196393,1,5.360600000130944,27.259099995717406
212,7.066666666666651,TRACKING,1,0,1,0,6.870055223224809,5.480779053341029,6.884405679653545,5.558537361508754,6.889078605608985,5.5591497519063235,0.08064648455417481,6.451718764333985,2.2893826773165045,1,5.0759000005200505,20.966299998690374
213,7.0999999999999845,TRACKING,1,0,1,0,6.808100903762922,5.42314943178619,6.818841178105529,5.500962482319151,6.830567646224884,5.514190201641677,0.09377193766117757,7.501755012894206,1.4072459912424922,1,11.592700000619516,33.54649999528192
214,7.133333333333318,TRACKING,1,0,1,0,6.745877812134685,5.364994324403657,6.752220842818652,5.436920645258851,6.753210871126993,5.440304876851978,0.07566672362575212,6.05333789006017,0.9893594110162803,1,15.56430000346154,54.47960000310559
215,7.166666666666651,TRACKING,1,0,1,0,6.683388404801219,5.3063193662372505,6.6866254564920755,5.371647321268341,6.6711862076493995,5.377495400177431,0.07221441284664469,5.7771530277315755,0.24383126247530068,1,8.121200007735752,42.84439999901224
216,7.199999999999984,TRACKING,1,0,1,0,6.620635148737331,5.247130242702682,6.625992907119185,5.302794521505639,6.613909867018788,5.314763746391224,0.06796705257241709,5.437364205793367,1.2532176754161517,1,6.6965999867534265,35.12930001306813
217,7.233333333333317,TRACKING,1,0,1,0,6.557620521334104,5.18743268903664,6.562901411654667,5.231247283061948,6.5704640807567305,5.242376498570238,0.056424987591552456,4.5139990073241965,2.4323079814918867,1,9.350099993753247,26.55130000493955
218,7.266666666666651,TRACKING,1,0,1,0,6.494347010301149,5.127232489741054,6.4914588582088735,5.159911347519803,6.502597898668264,5.153475144657235,0.027509163853093436,2.200733108247475,2.965477169769461,1,8.105500004603527,33.727299989550374
219,7.299999999999984,TRACKING,1,0,1,0,6.430817113568326,5.0665354780226215,6.417930832774074,5.093731788297895,6.407975344292934,5.083628061528415,0.02852898236062326,2.2823185888498605,2.272066877710944,1,6.1593999998876825,26.978399997460656
220,7.333333333333317,TRACKING,1,0,1,0,6.36703333918718,5.005347535227566,6.35088906875088,5.033071075515059,6.349391875652174,5.032511077138013,0.03238949281445395,2.5911594251563157,1.6047471724345952,1,14.498100004857406,42.80510000535287
221,7.36666666666665,TRACKING,1,0,1,0,6.302998205231912,4.943674590271768,6.287694339307835,4.974350286335774,6.300057300909966,4.992401738685444,0.04881581619474576,3.905265295579661,1.3042218995365111,1,11.153999992529862,47.95020000892691
222,7.3999999999999835,TRACKING,1,0,1,0,6.238714239699963,4.881522619066255,6.226770721590548,4.912709985105453,6.237732957072866,4.911688560078435,0.03018189710314098,2.4145517682512785,0.9009215230383297,1,7.4690000037662685,35.673300008056685
223,7.433333333333317,TRACKING,1,0,1,0,6.1741839804122245,4.818897643938174,6.166333157391754,4.852236512191334,6.157260962373701,4.840706426041768,0.02760455608000717,2.2083644864005736,0.6137499154019852,2,9.081500000320375,31.22250000888016
224,7.46666666666665,TRACKING,1,0,1,0,6.109409974912826,4.755805733047239,6.11168316235796,4.7933589176330145,6.098042127420905,4.793899759978432,0.03975402928552011,3.180322342841609,1.4926038073694847,2,7.524000000557862,33.03209999285173
225,7.499999999999983,TRACKING,1,0,1,0,6.044394780368613,4.692252999797738,6.0576235967560095,4.73072139718246,6.072768419040865,4.746951006150771,0.06161927677683301,4.929542142146641,1.452065158680998,2,14.994500001193956,59.639200000674464
226,7.533333333333316,TRACKING,1,0,1,0,5.979140963468129,4.628245602246177,5.995517572955856,4.663220031982796,6.0057707996663,4.660991019129315,0.04220675897047672,3.3765407176381372,1.326054216674964,2,8.540199996787123,26.515100005781278
227,7.5666666666666496,TRACKING,1,0,1,0,5.913651100320336,4.563789742504581,5.9326102727400905,4.598284401799447,5.93070813449647,4.5844471458362115,0.026789377135190355,2.1431501708152285,1.7605932749982092,2,9.502500004600734,24.89709999645129
228,7.599999999999983,TRACKING,1,0,1,0,5.847927776352899,4.4988916661395155,5.87331340922929,4.536441269687777,5.8589243193303995,4.5143048674580255,0.018933851492523617,1.5147081194018894,2.5475978154444214,1,9.021199992275797,41.31210000196006
229,7.633333333333316,TRACKING,1,0,1,0,5.7819735862101,4.4335576615669305,5.815591292917947,4.478352645170058,5.814031418077243,4.488177145082999,0.06333239742488928,5.066591793991142,1.9032747277296556,1,9.24729999678675,35.59480000694748
230,7.666666666666649,TRACKING,1,0,1,0,5.715791133650448,4.367794059442824,5.750189640747866,4.412330907215882,5.764334680718648,4.421822529447121,0.07263299204196276,5.81063936335702,1.0728638510949462,1,11.44969998858869,45.760100008919835
231,7.699999999999982,TRACKING,1,0,1,0,5.64938303144384,4.301607232049823,5.677008171441099,4.342410846043829,5.691620286720904,4.335387406564573,0.05408406348996808,4.3267250791974465,0.5811610773416761,1,6.9457000063266605,40.31699999177363
232,7.733333333333316,TRACKING,1,0,1,0,5.582751901268443,4.235003592679719,5.60235512923628,4.27523657181712,5.597760053635592,4.261157474930448,0.03015410741939685,2.412328593551748,0.3025633921046453,1,6.967099994653836,28.393500004312955
233,7.766666666666649,TRACKING,1,0,1,0,5.515900373607186,4.167989595012063,5.532017490484707,4.210193959688229,5.527543947370357,4.21171421182079,0.045248369308168376,3.6198695446534703,0.32646803474751096,1,7.351399995968677,30.090100000961684
234,7.799999999999982,TRACKING,1,0,1,0,5.448831087643913,4.10057173248881,5.461794183612362,4.142931606397285,5.474127989938134,4.1550005084754895,0.06002020427399076,4.801616341919261,0.39892864839371417,1,6.64199999300763,25.589900003978983
235,7.833333333333315,TRACKING,1,0,1,0,5.381546691159198,4.032756537685116,5.390041977382703,4.074822243035497,5.397215688743626,4.088283627562663,0.057695538783947425,4.615643102715794,0.5423673019392811,1,17.757299996446818,46.33670000475831
236,7.8666666666666485,TRACKING,1,0,1,0,5.31404984042579,3.964550581676376,5.321836286227135,4.005178445337005,5.3162039589489725,3.996957858338064,0.03247879011353557,2.5983032090828453,0.9469767445361399,1,6.905599992023781,34.90110000711866
237,7.899999999999982,TRACKING,1,0,1,0,5.246343200103802,3.8959604734014945,5.2570432150152175,3.9431541618182147,5.244351263670345,3.940064823927394,0.044149309689578746,3.5319447751663,1.6389688548514714,1,13.523900008294731,28.953799992450513
238,7.933333333333315,TRACKING,1,0,1,0,5.178429443135449,3.826992859022492,5.1943504271525125,3.8796822943897102,5.186523244576921,3.8985503938067336,0.07201382093856656,5.761105675085325,1.0470019798774444,1,7.275899988599122,33.63849999732338
239,7.966666666666648,TRACKING,1,0,1,0,5.110311250639572,3.7576544212805314,5.12747012020875,3.80878845596596,5.1261430491016275,3.817687389679646,0.062085450287102446,4.966836022968195,0.7827303981061365,1,6.695100004435517,33.96159999829251
240,7.999999999999981,TRACKING,1,0,1,0,5.041991311805778,3.6879518788483714,5.058578751190157,3.735814795028145,5.049788121459746,3.7226150484423712,0.03552922131264068,2.842337705011254,0.8447620017939914,0,5.004299993743189,25.215900008333847
241,8.033333333333315,TRACKING,1,0,1,0,4.973472323788257,3.617891985679348,4.990193860509391,3.6636901516076845,4.9735360528684875,3.654846951363598,0.03695502063481721,2.956401650785377,0.5020297043529017,1,6.032799996319227,43.65730000426993
242,8.066666666666649,TRACKING,1,0,1,0,4.904756991599351,3.547481530352942,4.9145840756697865,3.5951069947499286,4.916147337720399,3.6036376617952848,0.05729966041196894,4.583972832957515,1.1563604482633116,1,17.772199993487448,31.31589999247808
243,8.099999999999982,TRACKING,1,0,1,0,4.835848028002696,3.476727335416988,4.837014124148458,3.523218974221284,4.848445297129917,3.537976360224194,0.06253106611355193,5.002485289084154,2.000218737680518,1,6.785199992009439,52.77860000205692
244,8.133333333333315,TRACKING,1,0,1,0,4.766748153406204,3.405636256726579,4.757571316510254,3.450974866790304,4.757320983573675,3.4483758734001912,0.043766955165497404,3.501356413239792,1.745739314476877,1,9.017900010803714,43.459699998493306
245,8.166666666666648,TRACKING,1,0,1,0,4.69746009575459,3.3342151827797766,4.683793075268396,3.3802800047361385,4.663119049927746,3.3621844202409537,0.044289791968816626,3.5431833575053298,0.6704979792943653,1,8.606300005340017,35.02559999469668
246,8.199999999999982,TRACKING,1,0,1,0,4.627986590421735,3.262471034050126,4.619772265148513,3.3107657144621063,4.610778139475535,3.3178293376491426,0.057971308087093255,4.63770464696746,0.7402366345655432,1,9.608699998352677,32.15919999638572
247,8.233333333333315,TRACKING,1,0,1,0,4.5583303801026736,3.1904107623160756,4.559554084077958,3.237201209465138,4.569487392208339,3.2407754525237364,0.05158566602109177,4.126853281687342,0.5992059966225909,1,9.421299997484311,32.43350000411738
248,8.266666666666648,TRACKING,1,0,1,0,4.488494214705318,3.1180413499873905,4.494262122316408,3.162194279625163,4.499510575760945,3.145265353761893,0.02936846254780889,2.349477003824711,0.8379324566417004,1,9.450199999264441,39.032799992128275
249,8.299999999999981,TRACKING,1,0,1,0,4.4184808512419025,3.045369809428572,4.428997500052781,3.0892184679582866,4.4218390754045105,3.0607493856333448,0.015741951396340024,1.2593561117072019,1.12999251260137,1,17.61830000032205,43.72479999437928
250,8.333333333333314,TRACKING,1,0,1,0,4.348293053720126,2.9724031822793693,4.362222446736355,3.019383236846419,4.3581308577308295,3.0128728159880938,0.041648212930104705,3.3318570344083764,0.898724237820491,1,7.199600004241802,44.84839999349788
251,8.366666666666648,TRACKING,1,0,1,0,4.27793359303406,2.8991485387724873,4.293059989345286,2.9462778794062583,4.300525575358529,2.957316476928103,0.062401175426626654,4.992094034130132,0.859426359741356,1,9.295699986978434,36.88340001099277
252,8.39999999999998,TRACKING,1,0,1,0,4.207405246854736,2.8256129770484923,4.223760781808309,2.870649823286535,4.2425484622405945,2.8642496026528264,0.052228674363287236,4.178293949062979,0.2587958629129608,1,9.705400007078424,42.463599995244294
253,8.433333333333314,TRACKING,1,0,1,0,4.136710799520498,2.75180362246803,4.149780637912408,2.7958000029726864,4.1440562016768165,2.78147523694237,0.03056729687675923,2.4453837501407385,1.2297968009239377,1,8.377899997867644,36.665999999968335
254,8.466666666666647,TRACKING,1,0,1,0,4.065853041927083,2.6777276269213863,4.080517582133001,2.726243093095264,4.072096094787248,2.722364308783543,0.04507115570604114,3.605692456483291,1.303602411892093,1,16.87970000784844,43.01169999234844
255,8.49999999999998,TRACKING,1,0,1,0,3.994834771417419,2.603392168135516,4.009997699066708,2.6546055007585583,4.013178629457542,2.6577038848833388,0.05732590778951442,4.586072623161154,1.5733854346752205,0,17.186800003401004,58.66280000191182
256,8.533333333333314,TRACKING,1,0,1,0,3.9236587916712415,2.528804448978531,3.9397248808117853,2.583230374889901,3.9433356219104807,2.5880921213855848,0.062467637603081945,4.997411008246556,1.0348963060498138,1,10.12599999376107,43.34849999577273
257,8.566666666666647,TRACKING,1,0,1,0,3.852327912594344,2.453971696761754,3.8669646552774717,2.5076095495042425,3.8710491129696027,2.491325496515554,0.041782648306893495,3.3426118645514795,1.7350941774360766,1,6.837300010374747,41.71239999413956
258,8.59999999999998,TRACKING,1,0,1,0,3.7808449502076993,2.3789011625394396,3.791124139160474,2.4373788217161088,3.785772991085552,2.427306579155276,0.04865562603282861,3.892450082626288,2.0625166104471244,1,6.571999998413958,29.11959998891689
259,8.633333333333313,TRACKING,1,0,1,0,3.7092127265362684,2.3036001204061574,3.717773532441491,2.3663757622860655,3.724989761293142,2.3723630840944168,0.0705496988010047,5.643975904080376,1.0252037658341302,1,7.756799997878261,32.75089999078773
260,8.666666666666647,TRACKING,1,0,1,0,3.637434069497574,2.2280758667919445,3.6424439114527436,2.2866475652088263,3.659411634831253,2.304373023155888,0.07939942976634118,6.351954381307293,0.9059071624974134,1,16.936500003794208,29.465100000379607
261,8.69999999999998,TRACKING,1,0,1,0,3.5655118127901106,2.152335719755328,3.5645871529012103,2.201077903643086,3.5712292024697136,2.1932374463432636,0.041299392036961716,3.303951362956937,0.8042370761250861,1,11.300199999823235,31.723199994303286
262,8.733333333333313,TRACKING,1,0,1,0,3.493448795781407,2.076387018274213,3.4895928155096083,2.1215547742491125,3.4701854145084066,2.1065501023173896,0.03809194858823487,3.04735588705879,0.714730865551762,1,6.416499993065372,34.45460001239553
263,8.766666666666646,TRACKING,1,0,1,0,3.421247863395988,2.000237121534766,3.420851411709416,2.0464563148394412,3.415954800012882,2.046101299501981,0.046168596909435734,3.693487752754859,0.9645498792315026,1,7.558800003607757,21.029299998190254
264,8.79999999999998,TRACKING,1,0,1,0,3.3489118660030375,1.9238934082183208,3.3546431609866594,1.9692805567201979,3.3642666189262305,1.9827943641435244,0.06086945905981983,4.869556724785586,0.7448391194077737,1,4.667400004109368,25.425899992114864
265,8.833333333333313,TRACKING,1,0,1,0,3.2764436593038724,1.8473632757864265,3.283009703905823,1.8846214338419578,3.2937670680494753,1.8776356562498369,0.03487861106019996,2.790288884815997,0.8476760279390905,1,6.5707000030670315,38.309199997456744
266,8.866666666666646,TRACKING,1,0,1,0,3.2038461042192132,1.7706541397640492,3.2100640297919405,1.8023688309231023,3.205677732736734,1.7867045252307958,0.016154557767309737,1.292364621384779,0.8672986120155105,1,12.567300000227988,45.23210000479594
267,8.899999999999979,TRACKING,1,0,1,0,3.1311220667762125,1.693773433021019,3.140050573931308,1.7232805597049028,3.1275829064120635,1.7144883662314865,0.021015092528877705,1.6812074023102164,1.171924647317786,1,5.878600000869483,24.733099999139085
268,8.933333333333312,TRACKING,1,0,1,0,3.0582744179953654,1.6167286050518308,3.0720465541162785,1.6479207524726014,3.0754784050625656,1.6539351323133162,0.04099149718988138,3.2793197751905105,1.293646878131869,1,7.2398000047542155,31.463699997402728
269,8.966666666666645,TRACKING,1,0,1,0,2.9853060337770954,1.5395271212538006,3.002462254861383,1.570900010734399,3.0136959982244265,1.5725982204284359,0.043585406754317255,3.48683254034538,0.2898545926334245,1,4.614599994965829,25.42350000294391
270,8.999999999999979,TRACKING,1,0,1,0,2.9122197947882746,1.4621764622036832,2.9251880192778543,1.494943048023591,2.9299135828728406,1.487971075532474,0.031279901111789965,2.5023920889431968,0.37799344731690426,1,10.451599999214523,23.34569999948144
271,9.033333333333312,TRACKING,1,0,1,0,2.8390185863484803,1.384684122932848,2.849977532812986,1.4166202135385673,2.8436429327299964,1.411375030553836,0.027088542395048827,2.167083391603906,0.047680151813132274,1,7.065999991027638,48.66739999852143
272,9.066666666666645,TRACKING,1,0,1,0,2.765705298316064,1.3070576122010207,2.7736443324979585,1.3400947625938084,2.765614319056398,1.352657333989935,0.04559981254843139,3.6479850038745107,0.23996564931566103,1,4.020899999886751,25.545500000589527
273,9.099999999999978,TRACKING,1,0,1,0,2.692282824974127,1.2293044517687168,2.6972518327934694,1.261605019563789,2.6994113274259113,1.2738835955337744,0.045145493751101745,3.6116395000881396,0.5784096036324771,1,6.884399990667589,31.101200002012774
274,9.133333333333312,TRACKING,1,0,1,0,2.6187540649161813,1.151432175668391,2.622058392677211,1.181053854068,2.6236887692200974,1.1691499656089412,0.01839215558178412,1.4713724465427296,0.4876292525636317,1,8.238599999458529,31.026500000734814
275,9.166666666666645,TRACKING,1,0,1,0,2.545121920931778,1.073448329474436,2.5449023314836,1.104780726257008,2.5349734149287113,1.0912370441173882,0.02048000348492802,1.6384002787942418,0.6825499305159022,1,11.982500000158325,34.63280000141822
276,9.199999999999978,TRACKING,1,0,1,0,2.471389299891883,0.9953604695720297,2.4711547459907184,1.0318337333012262,2.4630285832278687,1.0371975348254951,0.04266428965960471,3.4131431727683768,0.2724298829473045,1,7.153500002459623,50.91130000073463
277,9.233333333333311,TRACKING,1,0,1,0,2.3975591126341245,0.9171761624249349,2.3991746332364072,0.953607802575799,2.4078588261215312,0.9668753001140467,0.05075518086820254,4.060414469456203,0.345147865692021,1,8.430300003965385,43.365000004996546
278,9.266666666666644,TRACKING,1,0,1,0,2.3236342738478832,0.8389029838423545,2.325511664025505,0.8720949454046395,2.331948028700389,0.867601896472517,0.029878857171941137,2.390308573755291,0.23024079620252777,1,7.305100007215515,36.288799994508736
279,9.299999999999978,TRACKING,1,0,1,0,2.249617701959199,0.7605485182448452,2.2517875140381496,0.792678820032212,2.245541580757141,0.7816127211826833,0.021454962350474963,1.716396988037997,0.30496940955019947,1,8.543299991288222,32.77040000830311
280,9.33333333333331,TRACKING,1,0,1,0,2.1755123190156147,0.6821203579294193,2.178312097496661,0.7165257943657485,2.1656391186766033,0.7165126386396916,0.0357814065876179,2.862512527009432,0.910915025854659,1,7.389699996565469,29.412300005787984
281,9.366666666666644,TRACKING,1,0,1,0,2.101321050570744,0.6036261023338607,2.1084248362036395,0.6405501844108461,2.113599156861794,0.6560193158001966,0.053812644531033384,4.305011562482671,0.3071998969601161,1,6.234999993466772,31.60050000587944
282,9.399999999999977,TRACKING,1,0,1,0,2.0270468255688345,0.5250733573003852,2.0330324106672584,0.5615268289948903,2.0482529029268246,0.5677852652467621,0.047686526371007926,3.8149221096806345,0.6414548016446275,1,14.328000004752539,35.05379999114666
283,9.43333333333331,TRACKING,1,0,1,0,1.9526925762291174,0.44646973433864773,1.9534976901914478,0.47951572575315204,1.9542608901772334,0.4729740868556335,0.026550712061722683,2.1240569649378145,0.6179975604154281,1,8.050800010096282,41.945599994505756
284,9.466666666666644,TRACKING,1,0,1,0,1.8782612379300252,0.36782284988820135,1.8787399120974955,0.39699107580649373,1.880105825377596,0.3989748816502278,0.03120659522847761,2.4965276182782086,0.5482000486156563,1,7.467099989298731,29.300700000021607
285,9.499999999999977,TRACKING,1,0,1,0,1.8037557490933682,0.2891403245805094,1.8043662722045495,0.3161958135206827,1.8157034742031268,0.3242899996276398,0.03712475981359634,2.9699807850877074,1.068639209226891,1,7.764699999825098,25.461100012762472
286,9.53333333333331,TRACKING,1,0,1,0,1.7291790510682568,0.21042978250052033,1.7278498340198443,0.23311541103767147,1.7509492983348538,0.23660109270591814,0.03404234339636353,2.7233874717090827,1.5080606353541233,1,6.519299990031868,27.014100007363595
287,9.566666666666643,TRACKING,1,0,1,0,1.6545340880150377,0.13169885044790744,1.6464827028667413,0.15320021544423512,1.6438874398261352,0.1497733434496082,0.020977092623306735,1.678167409864539,0.9036493698062557,1,10.64899998891633,41.99560001143254
288,9.599999999999977,TRACKING,1,0,1,0,1.579823806789045,0.05295515719807789,1.5711880712364288,0.07576281402037373,1.556657596086271,0.06747231911708891,0.027339007087092807,2.1871205669674247,0.33625579947226836,1,5.458299987367354,29.730600013863295
289,9.63333333333331,TRACKING,1,0,1,0,1.5050511568242415,-0.025793667237045573,1.5025326468428817,0.0012098692900011504,1.4966056910096992,0.010556583487546685,0.037318448796343655,2.985475903707492,0.4250850475472283,1,4.988999993656762,25.057999999262393
290,9.666666666666643,TRACKING,1,0,1,0,1.4302190900168374,-0.10453999234834122,1.4316807759198291,-0.07659693207786654,1.440350359979206,-0.06827106985656345,0.03765736806741776,3.012589445393421,0.6311840228103928,1,4.550900004687719,27.98090000578668
291,9.699999999999976,TRACKING,1,0,1,0,1.3553305606086818,-0.18327618786887445,1.355640290494727,-0.15807432389477083,1.3654172340892012,-0.1632924227034241,0.022385081015946325,1.790806481275706,0.9242323928559044,1,4.069599992362782,25.102500003413297
292,9.73333333333331,TRACKING,1,0,1,0,1.2803885250706908,-0.2619946245132249,1.2786666314400377,-0.23947676453881422,1.2700746458176206,-0.2397069283948763,0.024558450755509033,1.9646760604407227,1.4225460587040482,1,3.8380000041797757,17.605699991690926
293,9.766666666666643,TRACKING,1,0,1,0,1.2053959419861064,-0.34068767471675065,1.2086437922572661,-0.3231047831137348,1.1924753248718338,-0.32647962468752206,0.019204453448268113,1.5363562758614489,1.8837044281262423,1,10.600699999486096,39.18430001067463
294,9.799999999999976,TRACKING,1,0,1,0,1.1303557719337007,-0.41934771337468507,1.1398222994951952,-0.4057953031436104,1.145899903632573,-0.4093620143414919,0.018475232487127208,1.4780185989701766,1.3551368520442775,1,9.94380000338424,38.71439999784343
295,9.833333333333309,TRACKING,1,0,1,0,1.0552709773709035,-0.4979671185809642,1.0655776630876947,-0.48478190664855275,1.0750446711086097,-0.49077497757011485,0.021041051693119883,1.6832841354495907,1.0449904961966079,1,9.70450000022538,36.34399999282323
296,9.866666666666642,TRACKING,1,0,1,0,0.9801445225168224,-0.5765382723667756,0.9862026890872333,-0.5630850815109782,0.9828950421806402,-0.5768338471755526,0.002766355524626562,0.22130844197012497,0.46482259968538286,1,8.546099998056889,41.09650000464171
297,9.899999999999975,TRACKING,1,0,1,0,0.9049793732352793,-0.6550535614387253,0.906672495529992,-0.6355700576161838,0.8968887404796662,-0.6458089943658342,0.012284964743595458,0.9827971794876367,0.8893351148656167,1,13.076400005957112,37.84730000188574
298,9.933333333333309,TRACKING,1,0,1,0,0.8297784969176483,-0.7335053779165214,0.8260456822288179,-0.7102025171264252,0.8288154764069604,-0.6965317147500917,0.03698620251456758,2.9588962011654067,1.2043744238591456,1,12.72469999094028,40.43629999796394
299,9.966666666666642,TRACKING,1,0,1,0,0.7545448623657675,-0.8118861200701661,0.7466182584934989,-0.7900280314710301,0.7638076937569473,-0.7864117698170491,0.027106135213266994,2.1684908170613597,1.9233701712741587,1,7.087799996952526,49.84839999815449
300,9.999999999999975,TRACKING,1,0,1,0,0.6792814396747134,-0.8901881930565333,0.663555442963019,-0.8680337419934642,0.666328099182311,-0.8784518306814165,0.017479451699414672,1.3983561359531738,1.8186855901397367,1,11.541600004420616,48.10440000437666
301,10.033333333333308,TRACKING,1,0,1,0,0.6039912001155265,-0.9684040096552977,0.5842105407602783,-0.944195352116853,0.5699304306857614,-0.9435362315326915,0.04217276849938587,3.3738214799508697,0.9639089794287141,1,9.805100009543821,49.33779999555554
302,10.066666666666642,TRACKING,1,0,1,0,0.5286771160179683,-1.0465259910040916,0.5116077818128885,-1.0204861069729576,0.5107800162821671,-1.016574073992408,0.034891596576081096,2.7913277260864877,0.8689787919464114,1,20.920499999192543,47.10239999985788
303,10.099999999999975,TRACKING,1,0,1,0,0.4533421606531046,-1.1245465673328825,0.4381587998638432,-1.0966133049135895,0.4448555933858429,-1.0902842797542525,0.03529767944359096,2.823814355487277,1.4638135781304964,1,7.351599997491576,52.29890000191517
304,10.133333333333308,TRACKING,1,0,1,0,0.3779893081159844,-1.2024581786974706,0.36076248499143215,-1.171555032149377,0.3575386416925423,-1.1721878765094107,0.03653109568188954,2.9224876545511633,1.4585099058662343,1,10.213600005954504,47.96349999378435
305,10.166666666666641,TRACKING,1,0,1,0,0.30262153320820123,-1.280253275712002,0.28475407617442755,-1.2474533416234281,0.273525258064411,-1.2503028925553117,0.04175666028881742,3.3405328231053937,0.5685534349857306,1,8.726200001547113,32.23559999605641
306,10.199999999999974,TRACKING,1,0,1,0,0.22724181132045795,-1.3579243202804905,0.2140267719444584,-1.3268863050388628,0.20763064854141577,-1.3155977773358756,0.04664905082837613,3.73192406627009,0.22868772361300704,1,9.253600001102313,28.373300010571256
307,10.233333333333308,TRACKING,1,0,1,0,0.15185311831510945,-1.4354637863272455,0.1448802880448137,-1.4072280002409232,0.138683942770812,-1.3990333598498919,0.0387376194136706,3.099009553093648,0.9778352800875734,1,11.387799997464754,48.66050000418909
308,10.26666666666664,TRACKING,1,0,1,0,0.07645843040865336,-1.5128641605261035,0.07680329926937327,-1.4897647863074435,0.06799125061493363,-1.4943619881128871,0.02034756785632035,1.627805428505628,1.3149575084063099,1,7.907899998826906,42.54419999779202
309,10.299999999999974,TRACKING,1,0,1,0,0.0010607240542931868,-1.5901179430284595,0.006193207701079062,-1.5723541127509728,-0.007173119877312364,-1.5864232341702569,0.009024802459717266,0.7219841967773812,0.8734285990607081,1,6.601400004001334,32.84819998953026
310,10.333333333333307,TRACKING,1,0,1,0,-0.07433702417564171,-1.6672176481899719,-0.06526957710830027,-1.6472953043952174,-0.08013143329613197,-1.6526853564961286,0.01564489306229248,1.2515914449833985,0.8664790309747811,1,5.542400002013892,34.4378999870969
311,10.36666666666664,TRACKING,1,0,1,0,-0.14973183770714754,-1.7441558052959103,-0.13848585925763118,-1.7239149438091121,-0.13294848802021986,-1.7167654766871048,0.03212337043356513,2.56986963468521,0.778404203119031,1,6.0514000069815665,22.359899987350218
312,10.399999999999974,TRACKING,1,0,1,0,-0.22512074008207733,-1.8209249592850234,-0.21717475840880734,-1.8034462430180807,-0.20430861620676327,-1.8008508660793918,0.028915631036340907,2.3132504829072724,1.5203383084271345,1,8.085499997832812,33.605899996473454
313,10.433333333333307,TRACKING,1,0,1,0,-0.30050075507566776,-1.897517671471922,-0.3012759707691339,-1.8836944403746034,-0.3092132947377609,-1.9008957998810587,0.009344522401501458,0.7475617921201166,1.3712788806290908,1,9.70150000648573,40.03999999258667
314,10.46666666666664,TRACKING,1,0,1,0,-0.3758689068139769,-1.9739265202678724,-0.38268463213623755,-1.9594250337569477,-0.3891827960609456,-1.949723668323528,0.02762313684432684,2.209850947546147,1.907639624369692,1,5.412800004705787,34.29959999630228
315,10.499999999999973,TRACKING,1,0,1,0,-0.45122221989144096,-2.0501441018999054,-0.46433150921263705,-2.0382096126261597,-0.4680478471184211,-2.019107099593274,0.03530435162643741,2.8243481301149926,2.350835095257978,1,11.511799995787442,30.328100008773617
316,10.533333333333307,TRACKING,1,0,1,0,-0.52655771948828,-2.126163031128228,-0.5434352782052708,-2.1198115493268346,-0.5394789096758809,-2.10130773837345,0.028013259963629075,2.241060797090326,2.784603803731312,1,7.602600002428517,35.04609999072272
317,10.56666666666664,TRACKING,1,0,1,0,-0.6018724314879648,-2.2019759419618397,-0.62308369010295,-2.2007176392761947,-0.624173483637266,-2.212684360397645,0.024738778311835595,1.9791022649468475,2.178719898301036,1,15.205699994112365,32.64040000794921
318,10.599999999999973,TRACKING,1,0,1,0,-0.677163382594625,-2.277575488372253,-0.6991191392600935,-2.2757887968380595,-0.7106100891512571,-2.2825478930938545,0.03381430153353548,2.7051441226828383,1.4866522444158459,1,22.157499988679774,46.6253000049619
319,10.633333333333306,TRACKING,1,0,1,0,-0.7524276004504247,-2.352954345005313,-0.7714390093703161,-2.348673022172975,-0.7654056765076134,-2.3478501664146574,0.01394571967420412,1.1156575739363297,2.055090880629666,1,8.433700000750832,52.85419999563601
320,10.66666666666664,TRACKING,1,0,1,0,-0.8276621137529315,-2.4281052078909964,-0.8484374605449727,-2.424100432594576,-0.8283975958459895,-2.4061116184816838,0.022005883509067233,1.7604706807253785,2.948177995471287,1,8.288600001833402,30.608200002461672
321,10.699999999999973,TRACKING,1,0,1,0,-0.9028639523723613,-2.503020795151153,-0.9282423375482156,-2.5028790661099127,-0.9292542998382864,-2.4991395740230073,0.026674225702310993,2.1339380561848795,3.3025351795642055,0,6.824399999459274,40.56779999518767
322,10.733333333333306,TRACKING,1,0,1,0,-0.9780301474689022,-2.577693847705079,-1.0074289687076101,-2.5811298002429806,-1.0107770134033895,-2.591058022494651,0.03536889023333244,2.829511218666595,1.6319181191474978,1,6.668899994110689,27.997299999697134
323,10.766666666666639,TRACKING,1,0,1,0,-1.0531577316098875,-2.6521171299729063,-1.0768555291991788,-2.6518691943778436,-1.076083737523903,-2.644926789947974,0.0240271250224328,1.922170001794624,1.1302824376971792,1,7.538300007581711,28.74080000037793
324,10.799999999999972,TRACKING,1,0,1,0,-1.1282437388869129,-2.7262834305767196,-1.1449633491786317,-2.723399204781621,-1.1374572249454138,-2.7088018178750275,0.019760949066331666,1.5808759253065334,0.8420762979634416,1,9.344999998575076,32.881799997994676
325,10.833333333333306,TRACKING,1,0,1,0,-1.2032852050330005,-2.8001855630392942,-1.2138175940972205,-2.7942464194007663,-1.2105511463641903,-2.792117923293398,0.01085728854262689,0.8685830834101511,0.09867908432265296,1,8.486099992296658,34.52329999709036
326,10.866666666666639,TRACKING,1,0,1,0,-1.278279167539537,-2.873816366480453,-1.2837753243481569,-2.860819036620911,-1.2910359219762124,-2.8695300072897947,0.013457624562640146,1.0766099650112118,0.828281506490966,1,7.173500009230338,39.690799996606074
327,10.899999999999972,TRACKING,1,0,1,0,-1.3532226657733144,-2.947168706310942,-1.3546416445424239,-2.9253073240277554,-1.3684708906353371,-2.9367011501855598,0.018495353272669282,1.4796282618135426,2.0764986160453107,1,6.529700011014938,26.827800000319257
328,10.933333333333305,TRACKING,1,0,1,0,-1.4281127410933245,-3.020235474923732,-1.4256129670817579,-2.9855140114728482,-1.4312281357325103,-2.9721331359509917,0.04820311917714731,3.856249534171785,2.721347031662825,0,8.285500007332303,33.15409999049734
329,10.966666666666638,TRACKING,1,0,1,0,-1.5029464369676373,-3.093009592382733,-1.4967730436031543,-3.047182005275504,-1.4945259399817894,-3.0360573779736733,0.0575713426592101,4.605707412736808,1.5305378672259684,1,10.434099996928126,55.57280000357423
330,10.999999999999972,TRACKING,1,0,1,0,-1.5777207990900854,-3.1654840071088124,-1.5724434381499333,-3.119542356857005,-1.5892859249949294,-3.120469280551052,0.04647663654208232,3.7181309233665853,1.165789596165267,1,9.426899996469729,63.88060000608675
331,11.033333333333305,TRACKING,1,0,1,0,-1.6524328754968658,-3.2376516965630833,-1.6443340677451337,-3.1945852531268213,-1.6528624221976458,-3.201915869795514,0.03573840826239857,2.8590726609918855,0.7614278025726781,1,8.256500004790723,39.35320000164211
332,11.066666666666638,TRACKING,1,0,1,0,-1.7270797166831502,-3.3095056679273465,-1.7189140831090295,-3.2705341901394456,-1.7249383031448335,-3.252023874067554,0.05752166789377491,4.601733431501993,0.535005480156709,1,9.888699991279282,40.02430000400636
333,11.099999999999971,TRACKING,1,0,1,0,-1.8016583757194433,-3.3810389587816823,-1.794700158855876,-3.3512313805005065,-1.7998384667380425,-3.339848846364327,0.041230297472307276,3.298423797784582,1.198298161536145,1,11.748399992939085,40.44960001192521
334,11.133333333333304,TRACKING,1,0,1,0,-1.8761659083679967,-3.452244637779095,-1.8719661935325147,-3.4326443259629467,-1.880561497979126,-3.4327583955683676,0.019975856515419065,1.5980685212335253,1.4520077906688036,1,14.963900001021102,57.47289999271743
335,11.166666666666638,TRACKING,1,0,1,0,-1.950599373199009,-3.5231158053171217,-1.9479449623354554,-3.5114583622739337,-1.9567120120657537,-3.5221508596382907,0.006188333707738534,0.4950666966190827,0.9900124391130327,1,9.528399998089299,45.96570000285283
336,11.19999999999997,TRACKING,1,0,1,0,-2.024955831706717,-3.5936455942063876,-2.0210609735254548,-3.5837528137710475,-2.0280548289464657,-3.5823308668799725,0.011731446558847506,0.9385157247078005,1.1122656196081817,1,9.678399990662001,35.64709999773186
337,11.233333333333304,TRACKING,1,0,1,0,-2.0992323484254807,-3.663827170336027,-2.093549188377754,-3.65574884946249,-2.085814337452367,-3.6380965996555505,0.029019050398274477,2.321524031861958,1.3261082336344494,0,5.8969999954570085,39.12300000956748
338,11.266666666666637,TRACKING,1,0,1,0,-2.173425991045579,-3.733653733335868,-2.166260151976642,-3.7279712530802263,-2.151382904905164,-3.734067251352344,0.022046964501801575,1.763757160144126,0.5759459436804044,1,22.176200000103563,50.13779998989776
339,11.29999999999997,TRACKING,1,0,1,0,-2.2475338305290626,-3.8031185172353763,-2.2470100163746114,-3.7923020020216955,-2.250999596210044,-3.8065061705765517,0.004846413820078358,0.3877131056062686,0.9056117044756291,1,12.331700010690838,46.02359999262262
340,11.333333333333304,TRACKING,1,0,1,0,-2.321552941225301,-3.8722147911192533,-2.322250502404415,-3.8534336978347654,-2.3309615282347242,-3.843025323372658,0.030668331171477548,2.453466493718204,0.22030127632353505,1,13.11219998751767,40.01040000002831
341,11.366666666666637,TRACKING,1,0,1,0,-2.395480400986555,-3.9409358597796507,-2.3950923796695687,-3.923438001026135,-2.3840866130296314,-3.9159224208889394,0.027486187970445938,2.1988950376356753,0.47914625604579225,1,8.272699997178279,37.247500004014
342,11.39999999999997,TRACKING,1,0,1,0,-2.4693132912833082,-4.009275064364895,-2.4717556223024193,-3.9935449619724737,-2.4576921804254273,-3.9970085053809097,0.01689729821239947,1.3517838569919576,0.8599509671892415,1,9.550200004014187,38.129699998535216
343,11.433333333333303,TRACKING,1,0,1,0,-2.543048697319452,-4.077225783024724,-2.5503291979511005,-4.060303095754523,-2.5488510388543286,-4.0692148064170555,0.00989155768804685,0.791324615043748,1.1229074475727074,0,15.834299993002787,42.34070000529755
344,11.466666666666637,TRACKING,1,0,1,0,-2.616683708147434,-4.144781431551921,-2.6283700919815973,-4.1277823291763465,-2.638989601843839,-4.129512463848462,0.02703135713064723,2.1625085704517786,0.28428351875624347,1,26.36200000415556,61.36390000756364
345,11.49999999999997,TRACKING,1,0,1,0,-2.6902154167830874,-4.2119354640203,-2.6996523871671507,-4.1944565263791285,-2.697237324633471,-4.176016659033774,0.03659873961654097,2.927899169323277,1.0871294804504967,1,12.934099999256432,62.140699999872595
346,11.533333333333303,TRACKING,1,0,1,0,-2.763640920320473,-4.278681373418979,-2.7765486631337004,-4.263589787901826,-2.7683599280102325,-4.254586440153336,0.024552695221743238,1.964215617739459,1.7435309649271356,1,8.796199996140786,46.685299996170215
347,11.566666666666636,TRACKING,1,0,1,0,-2.8369573200464457,-4.345012692282909,-2.8556909580594816,-4.326628361699759,-2.855618960576331,-4.34610746148481,0.018693724799303455,1.4954979839442766,2.531052284967775,1,9.819499988225289,46.56790000444744
348,11.59999999999997,TRACKING,1,0,1,0,-2.9101617215550615,-4.4109229933195255,-2.9308161067113914,-4.380671470699025,-2.943757243290734,-4.3891740757651085,0.040020925719938934,3.201674057595115,2.715866192532001,1,17.76679999602493,42.451100001926534
349,11.633333333333303,TRACKING,1,0,1,0,-2.983251234861916,-4.47640589003155,-3.000107157743521,-4.436110129755801,-3.005951438014636,-4.419978326656985,0.06082243937532698,4.865795150026158,1.4279911368994627,1,9.32749999628868,48.40090000652708
350,11.666666666666636,TRACKING,1,0,1,0,-3.0562229745181515,-4.541455037335812,-3.071557393237567,-4.503996499774496,-3.0585358382304966,-4.487313190585047,0.0541912253795318,4.3352980303625435,1.8886019843493445,1,9.813800003030337,35.9147999988636
351,11.699999999999969,TRACKING,1,0,1,0,-3.129074059724446,-4.606064132178077,-3.1505286285947833,-4.577018464774331,-3.156116479048222,-4.591394343403426,0.030765161231103906,2.4612128984883124,1.6103850371942976,1,14.463600004091859,42.127099994104356
352,11.733333333333302,TRACKING,1,0,1,0,-3.201801614444705,-4.67022691414378,-3.224419514443014,-4.645018983030439,-3.2339414642634754,-4.658077696904135,0.03435947359767317,2.7487578878138534,0.9151211001899741,1,7.5886999984504655,33.612600003834814
353,11.766666666666636,TRACKING,1,0,1,0,-3.274402767519579,-4.733937166064645,-3.2935972745937367,-4.711737210263077,-3.2994806134129173,-4.711507595537766,0.03364496973799008,2.691597579039207,0.46389917331663494,1,6.945999994059093,23.31830000912305
354,11.799999999999969,TRACKING,1,0,1,0,-3.3468746527798756,-4.797188714621116,-3.3614933894760495,-4.777480814919244,-3.350450197051571,-4.764299787733491,0.03308271495295397,2.646617196236318,0.727416197149297,1,6.6876000055344775,29.470399997080676
355,11.833333333333302,TRACKING,1,0,1,0,-3.419214409159639,-4.859975430940522,-3.43249238596318,-4.844196990078714,-3.426910301537937,-4.836249136461731,0.024943211685599757,1.9954569348479807,1.2714522364563625,1,6.467600003816187,22.041199990781024
356,11.866666666666635,TRACKING,1,0,1,0,-3.491419180809171,-4.9222912311909415,-3.5072269235564426,-4.908494350847017,-3.5222511374851644,-4.9211388775202085,0.030853483943515964,2.468278715481277,1.5437683430544866,1,14.082599998801015,29.549500002758577
357,11.899999999999968,TRACKING,1,0,1,0,-3.5634861172077015,-4.984130077170728,-3.580436435252131,-4.964589947687229,-3.595635598119646,-4.9674561169326275,0.0362161576223823,2.8972926097905836,1.9884156977229972,1,6.543600000441074,37.13620000053197
358,11.933333333333302,TRACKING,1,0,1,0,-3.63541237327599,-5.045485976893565,-3.651854953359947,-5.0182072582744945,-3.6414426270205915,-5.001898188856326,0.044002945653712745,3.5202356522970195,1.8417917121247294,1,9.261899991543032,32.732899999246
359,11.966666666666635,TRACKING,1,0,1,0,-3.7071951094886155,-5.106352985169089,-3.726232977545898,-5.078405012785119,-3.7182721144888236,-5.085809284932096,0.02333974419744253,1.8671795357954024,1.9694129647174863,1,7.67170000472106,32.154299988178536
360,11.999999999999968,TRACKING,1,0,1,0,-3.7788314919860433,-5.166725204178947,-3.79970193381293,-5.137266271732693,-3.802224781307606,-5.159473028371324,0.024491632024571396,1.9593305619657115,1.8929527338458958,1,8.529899991117418,41.891500004567206
361,12.033333333333301,TRACKING,1,0,1,0,-3.8503186926865727,-5.226596784048295,-3.868723276215462,-5.193784030141532,-3.8726450298722797,-5.208783537488471,0.02856181165701816,2.284944932561453,1.5601162129324524,1,9.572800001478754,31.39540000120178
362,12.066666666666634,TRACKING,1,0,1,0,-3.9216538893979065,-5.285961923412609,-3.934538859125387,-5.251940622194211,-3.92679251611566,-5.251295250373293,0.03504545197538866,2.8036361580310922,0.9222015759705342,1,13.28030000149738,41.911499996786006
363,12.099999999999968,TRACKING,1,0,1,0,-3.992834265928634,-5.34481486997983,-3.9983755882786265,-5.314403161597965,-3.986381393607369,-5.304025756650486,0.04129638395051849,3.303710716041479,0.6256883103120686,1,6.410299989511259,32.42070000851527
364,12.1333333333333,TRACKING,1,0,1,0,-4.06385701219938,-5.403149921087751,-4.063613388933443,-5.380491710776258,-4.064634538354243,-5.390945452711617,0.012229210737637589,0.9783368590110072,1.047771377290793,1,5.187699993257411,26.87790000345558
365,12.166666666666634,TRACKING,1,0,1,0,-4.134719324353712,-5.46096142425657,-4.128265865634153,-5.442057873168018,-4.135317402306388,-5.460837155269363,0.0006108518794747431,0.048868150357979444,1.408538262157756,1,5.91159999021329,26.1398000002373
366,12.199999999999967,TRACKING,1,0,1,0,-4.205418404868902,-5.518243777736602,-4.193770263799624,-5.4988860883407344,-4.194577232986174,-5.494434725258661,0.026161077724134337,2.092886217930747,1.1237731968422486,1,3.9659999893046916,23.45590000913944
367,12.2333333333333,TRACKING,1,0,1,0,-4.275951462666288,-5.574991431051087,-4.262546760315307,-5.5577641937749265,-4.252176427442375,-5.53817569545641,0.04382522889016635,3.506018311213308,0.5838028998361957,1,6.0427999997045845,25.58570000110194
368,12.266666666666634,TRACKING,1,0,1,0,-4.346315713221539,-5.631198885533989,-4.336922381277947,-5.619630951438631,-4.328735429574327,-5.623140640079327,0.019339123375272584,1.5471298700218068,0.34636978899487947,1,6.544800009578466,30.35729999828618
369,12.299999999999967,TRACKING,1,0,1,0,-4.416508378674507,-5.686860694862811,-4.411444115770941,-5.6730820962787245,-4.429723661592593,-5.693511545797892,0.014794509818365937,1.183560785469275,1.6756446445602473,1,6.688000008580275,32.20809999038465
370,12.3333333333333,TRACKING,1,0,1,0,-4.486526687938958,-5.741971465586329,-4.4809147214342655,-5.71951985606427,-4.488605999248706,-5.72045518273681,0.021616520607705383,1.7293216486164305,1.7456694213359008,2,7.888400010415353,31.95009999035392
371,12.366666666666633,TRACKING,1,0,1,0,-4.556367876811943,-5.7965258576471985,-4.552058364629695,-5.76867827179016,-4.542164493286012,-5.7591330790606445,0.03999944992131447,3.199955993705158,1.4821819446045894,2,8.182400008081459,31.648899996071123
372,12.399999999999967,TRACKING,1,0,1,0,-4.626029188082893,-5.8505185848993815,-4.626296922009041,-5.820889472768651,-4.617720073946918,-5.83134605648415,0.020895626900323643,1.6716501520258915,1.62796757504901,2,9.98230000550393,30.085799997323193
373,12.4333333333333,TRACKING,1,0,1,0,-4.695507871642539,-5.903944415620366,-4.697437436926726,-5.8719765053806965,-4.701598090447227,-5.889844456254308,0.015359024031931724,1.2287219225545378,1.645646775091598,1,9.003700004541315,33.08449999894947
374,12.466666666666633,TRACKING,1,0,1,0,-4.7648011845914,-5.956798173018101,-4.768929492134644,-5.92359639385132,-4.7785516671125485,-5.930165137722601,0.029973227030397724,2.397858162431818,1.0673632075634818,1,10.018999993917532,41.73510000691749
375,12.499999999999966,TRACKING,1,0,1,0,-4.8339063913481395,-6.009074735732608,-4.836674605695529,-5.978599862566724,-4.832848320882504,-5.967671218581439,0.04141703448579321,3.3133627588634567,0.33978859543607565,1,8.0733000067994,51.2822999880882
376,12.5333333333333,TRACKING,1,0,1,0,-4.902820763757531,-6.060769038332226,-4.907759837573318,-6.039308787148357,-4.888640804135893,-6.0397456453351035,0.025358515492488024,2.028681239399042,1.2840935685458361,1,8.236599998781458,37.98809999716468
377,12.566666666666633,TRACKING,1,0,1,0,-4.971541581198134,-6.111876071804441,-4.981995847659704,-6.099247435566376,-4.972190068053358,-6.11670947826183,0.004876715409343586,0.3901372327474869,1.4264476081351876,1,5.475399986607954,28.821200001402758
378,12.599999999999966,TRACKING,1,0,1,0,-5.040066130689764,-6.162390884041232,-5.055835106839874,-6.152778855767523,-5.061373357682073,-6.162240858304486,0.02130775515683091,1.7046204125464728,1.1920574660576042,1,18.313100008526817,37.287400002242066
379,12.633333333333299,TRACKING,1,0,1,0,-5.10839170700052,-6.212308580318925,-5.125920223509534,-6.204697931382479,-5.13464159587146,-6.194658430824689,0.031632016105610096,2.530561288448808,1.3733996161912922,1,12.90470000822097,54.142399996635504
380,12.666666666666632,TRACKING,1,0,1,0,-5.1765156127536605,-6.261624323772468,-5.193168647923386,-6.260215551919062,-5.1930347210730705,-6.258028437667254,0.01690595565326234,1.3524764522609873,1.176960112165389,1,8.981100007076748,38.83059999498073
381,12.699999999999966,TRACKING,1,0,1,0,-5.2444351585340145,-6.310333335864116,-5.260541467317102,-6.310817592994935,-5.258700497516687,-6.319977357780269,0.017219380215611313,1.377550417248905,1.195057201127638,1,7.486400005291216,34.42619999987073
382,12.733333333333299,TRACKING,1,0,1,0,-5.312147662994221,-6.35843089684645,-5.330408438630366,-6.355470246406762,-5.355134332330813,-6.367253111678403,0.04388262999404967,3.5106103995239737,0.2400968785182898,1,10.748000000603497,40.96650000428781
383,12.766666666666632,TRACKING,1,0,1,0,-5.379650452960556,-6.405912346219701,-5.391987320382331,-6.399088662625124,-5.40774454021695,-6.3936983385626815,0.030634289967544952,2.4507431974035963,0.15293605660902537,1,19.92910000262782,43.34749998815823
384,12.799999999999965,TRACKING,1,0,1,0,-5.446940863538435,-6.452773083183358,-5.455089676237703,-6.444260267758196,-5.454506603660927,-6.437086466816083,0.017415807665885515,1.3932646132708413,0.44357913872934795,1,9.300399993662722,51.527800009353086
385,12.833333333333298,TRACKING,1,0,1,0,-5.514016238217688,-6.499008567081944,-5.522683666528386,-6.49107408310048,-5.519686258883896,-6.494990535717608,0.006949367625907608,0.5559494100726087,0.601908449979245,1,9.37859999248758,52.571700012777
386,12.866666666666632,TRACKING,1,0,1,0,-5.580873928977355,-6.544614317845007,-5.590425264063614,-6.537128385316815,-5.606068401275117,-6.535359631757253,0.026840466630547823,2.1472373304438257,0.3923163704788102,1,8.452199996099807,38.628299997071736
387,12.899999999999965,TRACKING,1,0,1,0,-5.6475112963902925,-6.589585916421222,-5.654843150927731,-6.583357846992719,-5.650383869941691,-6.582618714632452,0.0075361515094665155,0.6028921207573212,0.7740076313724119,1,13.895399999455549,44.10230000212323
388,12.933333333333298,TRACKING,1,0,1,0,-5.713925709727346,-6.633919005206579,-5.7220843759432665,-6.630123563068131,-5.713906982273723,-6.6176676332820925,0.016251382714880046,1.3001106171904036,1.3573405627337847,1,14.153600001009181,58.17119999846909
389,12.966666666666631,TRACKING,1,0,1,0,-5.780114547061179,-6.677609288466627,-5.79154744959342,-6.677524947568526,-5.792191920675642,-6.680396302753188,0.012394773174884379,0.9915818539907503,1.773846580754433,0,8.271200000308454,50.4648000060115
390,12.999999999999964,TRACKING,1,0,1,0,-5.846075195369843,-6.720652532752707,-5.860609764156657,-6.725023882235358,-5.867712299297506,-6.746790847697217,0.03393192854104947,2.7145542832839578,0.7979947714090879,1,8.466300001600757,46.70120000082534
391,13.033333333333298,TRACKING,1,0,1,0,-5.911805050639869,-6.76304456731218,-5.925654841341722,-6.759277387439188,-5.947265607029125,-6.763208184182076,0.03546093385566323,2.8368747084530583,0.23875743863372115,1,22.647499994491227,61.59700000716839
392,13.066666666666631,TRACKING,1,0,1,0,-5.977301517969128,-6.804781284492535,-5.98571515363586,-6.799976712251018,-5.992351029162689,-6.788417230662183,0.02223218488875515,1.7785747911004122,1.4308364667772466,1,17.613399992114864,61.86770000203978
393,13.099999999999964,TRACKING,1,0,1,0,-6.042562011669246,-6.845858640139418,-6.046651351227236,-6.847742481202915,-6.046217133149939,-6.853925740553827,0.008856524269417897,0.7085219415534317,1.8559203570821126,1,11.548900001798756,60.140399989904836
394,13.133333333333297,TRACKING,1,0,1,0,-6.107583955367659,-6.8862726539885015,-6.106623608404643,-6.893427717806645,-6.106274363700144,-6.906582071526487,0.02035159627812678,1.6281277022501426,1.498299725289925,1,8.048100004089065,71.9356999907177
395,13.16666666666663,TRACKING,1,0,1,0,-6.17236478210938,-6.926019410051155,-6.16846599906482,-6.933863017312465,-6.174954206022094,-6.946322514777388,0.020467564039819912,1.6374051231855928,1.1862501088704405,1,23.309000011067837,78.74359999550506
396,13.199999999999964,TRACKING,1,0,1,0,-6.236901934458276,-6.965095056993888,-6.229191363474153,-6.968073384621748,-6.225900854596628,-6.949015591349643,0.019482632612837007,1.5586106090269605,1.4197864429000808,1,10.474700000486337,58.075000008102506
397,13.233333333333297,TRACKING,1,0,1,0,-6.301192864598097,-7.003495808511548,-6.2908234527110345,-7.006300815873977,-6.267037803499685,-6.988006139036023,0.03750330730878632,3.0002645847029057,1.4977834454092973,1,9.583599996403791,55.19270000513643
398,13.26666666666663,TRACKING,1,0,1,0,-6.365235034432983,-7.041217943694179,-6.357820876140511,-7.047744746505557,-6.349019795986531,-7.050656905483067,0.018762408095108006,1.5009926476086404,1.4150968116929654,1,9.612900001229718,65.07989999954589
399,13.299999999999963,TRACKING,1,0,1,0,-6.429025915687738,-7.078257807387581,-6.427128088983581,-7.086614491511456,-6.433174416550217,-7.097973107728352,0.02014703767139997,1.6117630137119976,1.7002566291879897,1,13.908799999626353,50.214500006404705
400,13.333333333333297,TRACKING,1,0,1,0,-6.492562990007606,-7.1146118105474745,-6.492056831807959,-7.125976771820859,-6.498309131207914,-7.132376548608738,0.018670941515605784,1.4936753212484626,1.8554059194879138,1,13.329499997780658,68.94019999890588
401,13.36666666666663,TRACKING,1,0,1,0,-6.555843749057669,-7.150276430587275,-6.5534079303342505,-7.163602200099074,-6.54520546406091,-7.158123984898986,0.013219577010915255,1.0575661608732203,2.1501990561073776,1,8.657700003823265,43.835399992531165
402,13.399999999999963,TRACKING,1,0,1,0,-6.61886569462193,-7.185248211719416,-6.614621881617454,-7.201377418667602,-6.608650796379007,-7.205070875620921,0.022299823996285228,1.783985919702818,1.7097477106088672,1,7.055800000671297,43.19450000184588
403,13.433333333333296,TRACKING,1,0,1,0,-6.6816263387018715,-7.219523765290201,-6.678809257683758,-7.235095646721102,-6.6885416704967735,-7.248985012349884,0.030261971055192072,2.4209576844153657,1.9012196826188317,0,6.838200002675876,39.22180000517983
404,13.46666666666663,TRACKING,1,0,1,0,-6.744123203614738,-7.253099770108163,-6.742648442462046,-7.269877591424865,-6.7582340585036675,-7.28120587368557,0.03144947191926097,2.5159577535408775,1.8229509553422811,1,9.502200002316386,59.74860000424087
405,13.499999999999963,TRACKING,1,0,1,0,-6.806353822091324,-7.285972972765865,-6.797685882562147,-7.2966750373951195,-6.800875725648713,-7.277609561233705,0.009997809414607574,0.7998247531686059,2.1811869630278373,1,6.83319999370724,46.41239999909885
406,13.533333333333296,TRACKING,1,0,1,0,-6.868315737373348,-7.318140187955154,-6.856586725215812,-7.330279035755692,-6.843964846548301,-7.3211459300213,0.02453569581938823,1.9628556655510585,2.384214497329558,1,7.157499989261851,38.47930001211353
407,13.56666666666663,TRACKING,1,0,1,0,-6.930006503310512,-7.349598298775802,-6.91976212032338,-7.365958088374717,-6.919395173493902,-7.374904994512393,0.027441376962195303,2.195310156975624,2.346596142622703,1,10.271599996485747,46.52899999928195
408,13.599999999999962,TRACKING,1,0,1,0,-6.991423684456986,-7.380344257037521,-6.982536411744362,-7.399051431476868,-6.994317357727181,-7.406478081339181,0.02629353756390817,2.1034830051126536,2.1731331372550184,1,23.872199992183596,46.97130000567995
409,13.633333333333296,TRACKING,1,0,1,0,-7.052564856167642,-7.41037508355534,-7.041228305621582,-7.427441664075493,-7.03502552496846,-7.411746589742307,0.01759287265160217,1.4074298121281734,2.0144178001138977,1,8.929799994803034,57.667699991725385
410,13.666666666666629,TRACKING,1,0,1,0,-7.113427604693692,-7.439687868438253,-7.105094205778728,-7.4572430105220215,-7.087867491352827,-7.442972944832333,0.025770353527121384,2.0616282821697105,1.820734035685289,1,9.637499999371357,33.55020000890363
411,13.699999999999962,TRACKING,1,0,1,0,-7.174009527278049,-7.468279771371197,-7.172059370531158,-7.485512925091764,-7.169124556497309,-7.49560666980096,0.027760084965995073,2.220806797279606,1.021436809301381,1,8.965000000898726,41.768000010051765
412,13.733333333333295,TRACKING,1,0,1,0,-7.23430823225015,-7.496148021890262,-7.235222353017517,-7.508153948675703,-7.2386994135247456,-7.517005712305525,0.021314917838108467,1.7051934270486775,1.014367271929778,0,10.477500007255003,41.26539999560919
413,13.766666666666628,TRACKING,1,0,1,0,-7.294321339120351,-7.523289919651142,-7.298850188122967,-7.53234093875721,-7.30410535774674,-7.529214453820553,0.011437968596128967,0.9150374876903173,0.7203953659169638,1,11.655800000880845,55.14199999743141
414,13.799999999999962,TRACKING,1,0,1,0,-7.354046478673972,-7.549702834690789,-7.356139002112249,-7.5534733315142,-7.347670355417932,-7.540541197451439,0.011162013468978237,0.8929610775182589,0.5813518593251468,1,12.369799995212816,55.80499999632593
415,13.833333333333295,TRACKING,1,0,1,0,-7.413481293064752,-7.575384207682245,-7.416286016712528,-7.576617031738311,-7.413180657864299,-7.585478518559337,0.01009878673936245,0.8079029391489959,0.5665481770495505,1,11.114799999631941,48.22139999305364
416,13.866666666666628,TRACKING,1,0,1,0,-7.472623435907993,-7.600331550182644,-7.474202650645694,-7.595260859870807,-7.4821797982328,-7.615113057798944,0.017601620047420087,1.4081296037936069,1.222205675493263,1,9.100499999476597,39.153100005933084
417,13.899999999999961,TRACKING,1,0,1,0,-7.531470572373175,-7.624542444874319,-7.530604059634357,-7.611868109208628,-7.5371673138866075,-7.618259173840431,0.008481294639154712,0.678503571132377,1.5345237720463807,1,11.423400006606244,46.82049999246374
418,13.933333333333294,TRACKING,1,0,1,0,-7.590020379276094,-7.648014545799039,-7.587626140534558,-7.6286564083605874,-7.587030500406925,-7.607144884506759,0.04097887980164838,3.2783103841318706,1.7082612414673861,0,6.699300007312559,58.29509999603033
419,13.966666666666628,TRACKING,1,0,1,0,-7.648270545170643,-7.670745578585328,-7.644877155411203,-7.6461960511146225,-7.635075072614107,-7.62757469463722,0.045142504547835326,3.611400363826826,0.8195494407192505,1,7.198999999673106,40.68150000239257
420,13.999999999999961,TRACKING,1,0,1,0,-7.70621877044,-7.692733340668843,-7.702883763035861,-7.671406788895806,-7.702129617372354,-7.659646854871993,0.03333821703684491,2.667057362947593,0.5862306851555996,1,11.045199993532151,27.23980000882875
421,14.033333333333294,TRACKING,1,0,1,0,-7.763862767387457,-7.713975701505786,-7.761102807601316,-7.697505248653604,-7.773245012558759,-7.699627319498068,0.0171435874511095,1.3714869960887601,0.9153852542042139,1,6.095500008086674,37.8264000028139
422,14.066666666666627,TRACKING,1,0,1,0,-7.82120026032673,-7.734470602779367,-7.816774614546504,-7.719925440860268,-7.8135185507186184,-7.712144503448567,0.023610662291263823,1.8888529833011058,0.6443322809193863,1,7.540499995229766,42.82430000603199
423,14.09999999999996,TRACKING,1,0,1,0,-7.878228985671756,-7.7542160585992255,-7.874620253665617,-7.742104551058,-7.868245875416315,-7.73757744840807,0.019403758385052924,1.552300670804234,0.43334331132177845,1,8.187600004021078,51.38620000798255
424,14.133333333333294,TRACKING,1,0,1,0,-7.934946692026125,-7.773210155693872,-7.937797133718119,-7.7644085406118455,-7.939340610472972,-7.777793809277263,0.006349519626717936,0.5079615701374348,0.7870410679312666,1,7.3450000054435804,41.34320000594016
425,14.166666666666627,TRACKING,1,0,1,0,-7.991351140271889,-7.791451053596073,-8.000204443847137,-7.781389478835325,-8.018602343294058,-7.794797606809634,0.0274559189350246,2.196473514801968,0.9283140145943973,1,8.934599987696856,35.42060000472702
426,14.19999999999996,TRACKING,1,0,1,0,-8.04744010365803,-7.8089369848211865,-8.057859639896526,-7.794990545988879,-8.070102771251094,-7.796385726268054,0.025906188328299093,2.072495066263927,1.0495914017699624,1,17.077399999834597,44.568699988303706
427,14.233333333333293,TRACKING,1,0,1,0,-8.103211367888292,-7.825666255038425,-8.113593205567266,-7.808451761135995,-8.107203232789853,-7.801240024902939,0.024750266746522795,1.9800213397218236,1.0767358682678903,0,6.812799998442642,72.66109999909531
428,14.266666666666627,TRACKING,1,0,1,0,-8.158662731208672,-7.841637243235032,-8.16988880214773,-7.822576096198634,-8.15633030694476,-7.82175128587323,0.020022275173972693,1.6017820139178154,1.6469441304754369,1,5.965399992419407,43.669400009093806
429,14.29999999999996,TRACKING,1,0,1,0,-8.2137920044943,-7.856848401873354,-8.23283802818832,-7.840418183849003,-8.224259584685049,-7.845282572686665,0.015599315363996948,1.247945229119756,2.064770123396472,1,7.579299999633804,33.81639999861363
430,14.333333333333293,TRACKING,1,0,1,0,-8.268597011335848,-7.871298257040792,-8.29452586975863,-7.86024717089867,-8.298861879707667,-7.854852454732514,0.03444454486746077,2.755563589396862,2.3016447352638285,1,9.10680000379216,41.12840000016149
431,14.366666666666626,TRACKING,1,0,1,0,-8.3230755881255,-7.884985408592611,-8.353103150013222,-7.882150366086676,-8.35094667666913,-7.863935524451425,0.034926998138463415,2.7941598510770733,2.435100293466296,2,8.723599996301346,61.76209999830462
432,14.39999999999996,TRACKING,1,0,1,0,-8.377225584142314,-7.897908530287621,-8.407960670950587,-7.903879996585469,-8.400981236644645,-7.891269033765445,0.024666048323140136,1.9732838658512108,2.1323599747249076,1,7.870500005083159,44.56100000243168
433,14.433333333333293,TRACKING,1,0,1,0,-8.431044861637174,-7.91006636991668,-8.458185216972037,-7.922152556364497,-8.460097478176356,-7.928325990156542,0.034314257373236935,2.7451405898589547,2.64375450944018,0,5.849499997566454,42.33929999463726
434,14.466666666666626,TRACKING,1,0,1,0,-8.484531295917165,-7.921457749424029,-8.509610373206867,-7.9410316211908984,-8.525137483625683,-7.93373397540553,0.04242131780801065,3.393705424640852,1.9680483551334405,1,7.0657000032952055,45.99650000454858
435,14.49999999999996,TRACKING,1,0,1,0,-8.537682775429431,-7.9320815650214405,-8.547503285716207,-7.950904030750548,-8.550958074398297,-7.929791246182484,0.01347141874847815,1.077713499878252,2.564572410246017,0,15.421100004459731,72.74949998827651
436,14.533333333333292,TRACKING,1,0,1,0,-8.590497201844585,-7.9419367872951785,-8.588513331704213,-7.962690165522971,-8.579596699201003,-7.967499840543851,0.027790117834891794,2.2232094267913434,1.8081315008677443,1,7.96440000704024,53.01220000546891
437,14.566666666666626,TRACKING,1,0,1,0,-8.642972490139488,-7.951022461305736,-8.633413750149751,-7.9646941746024496,-8.63655679306139,-7.966524181784659,0.01677690396958248,1.3421523175665984,1.5944169993591593,1,7.001799996942282,46.203899997635745
438,14.599999999999959,TRACKING,1,0,1,0,-8.695106568679629,-7.959337706680373,-8.682229298326924,-7.962912859661729,-8.692004271282887,-7.970900693187665,0.011971921571144604,0.9577537256915682,1.5642776626977297,1,10.420999999041669,40.21120000106748
439,14.633333333333292,TRACKING,1,0,1,0,-8.746897379300838,-7.96688171769842,-8.732509950687234,-7.963304774331798,-8.738900388715837,-7.949875722836612,0.018792437831649515,1.5033950265319613,1.1073382012304338,1,6.9555999943986535,52.52830000245012
440,14.666666666666625,TRACKING,1,0,1,0,-8.7983428773906,-7.973653763369345,-8.785191113906906,-7.967401731475697,-8.77943318784352,-7.9510415713043106,0.029476899239115208,2.3581519391292165,0.18573095132074244,1,9.461499997996725,44.25690000061877
441,14.699999999999958,TRACKING,1,0,1,0,-8.849441031968745,-7.979653187503593,-8.84306022613583,-7.975449998721939,-8.833942288622598,-7.993850183998247,0.02101822434885821,1.6814579479086569,0.5648008628614635,0,6.633800003328361,48.025500000221655
442,14.733333333333292,TRACKING,1,0,1,0,-8.90018982576761,-7.984879408776161,-8.899885197262858,-7.983307708231267,-8.904514998323128,-8.005482757819111,0.021052437137316294,1.6841949709853035,0.6378424864116314,1,7.369300001300871,47.16319999715779
443,14.766666666666625,TRACKING,1,0,1,0,-8.950587255311728,-7.989331920782929,-8.953995313070278,-7.983049593018126,-8.956988929936191,-7.976230905450907,0.014581427938558154,1.1665142350846522,0.9117716228821668,1,9.697300003608689,50.70909998903517
444,14.799999999999958,TRACKING,1,0,1,0,-9.00063133099686,-7.99301029208973,-9.010304147083831,-7.986268334686878,-9.0016568749534,-7.976818307915983,0.01622442886174015,1.297954308939212,1.3146890090655499,1,11.39419998798985,56.565300008514896
445,14.833333333333291,TRACKING,1,0,1,0,-9.050320077168593,-7.995914166274155,-9.066405289251888,-7.99043071882976,-9.05488883404341,-7.999711112550939,0.0059405673474825105,0.4752453877986008,1.4512837610137366,1,7.4819999863393605,47.58070000389125
446,14.866666666666625,TRACKING,1,0,1,0,-9.099651532200316,-7.998043261960087,-9.120281295920527,-7.991220525615664,-9.128689041319571,-7.997866379408758,0.029038047856008352,2.3230438284806683,0.9858473657260216,1,10.194100002991036,49.254400000791065
447,14.899999999999958,TRACKING,1,0,1,0,-9.14862374857064,-7.999397372844966,-9.169117128741183,-7.992103593996743,-9.173807816837797,-7.984978026200461,0.02901990441299193,2.3215923530393545,0.6145298744500488,1,11.360700009390712,55.96799998602364
448,14.933333333333291,TRACKING,1,0,1,0,-9.197234792940332,-7.999976367719778,-9.215163973532402,-7.996021804578297,-9.203256750667364,-7.980423492391198,0.020459201071429192,1.6367360857143354,1.3428552255218713,1,9.242100000847131,51.70179999549873
449,14.966666666666624,TRACKING,1,0,1,0,-9.245482746228577,-7.9997801904817765,-9.265199688165229,-8.000814504608785,-9.25751077718538,-7.9916902283069895,0.014495551617214265,1.1596441293771411,1.3375066917457588,1,22.74720001150854,48.82339999312535
450,14.999999999999957,TRACKING,1,0,1,0,-9.293365703688812,-7.998808860139904,-9.314476357664695,-8.001491229203259,-9.310866326703238,-8.0176870616071,0.0257421501924202,2.059372015393616,0.9166058974108018,1,7.639400006155483,51.39459999918472
451,15.03333333333329,TRACKING,1,0,1,0,-9.340881774983849,-7.997062470812965,-9.360788064707924,-7.994539150018253,-9.376236268207531,-8.005016679591632,0.03623823434437744,2.8990587475501948,0.5585125667354618,1,11.405099998228252,47.64569998951629
452,15.066666666666624,TRACKING,1,0,1,0,-9.388029084260559,-7.994541191720496,-9.400861701568983,-7.988213631849077,-9.408184110265589,-7.98243894182243,0.0235093497540592,1.880747980324736,0.6764056005653377,1,8.550099999411032,48.439599995617755
453,15.099999999999957,TRACKING,1,0,1,0,-9.434805770223914,-7.991245267166376,-9.441714291486948,-7.988654117179014,-9.427619523682559,-7.983255833788428,0.010745845013483572,0.8596676010786858,1.3603312876688212,1,6.592399993678555,45.49330000008922
454,15.13333333333329,TRACKING,1,0,1,0,-9.481209986210425,-7.987175016515146,-9.489065698541319,-7.991786388603667,-9.483062118688396,-8.004392221013747,0.017316539072880412,1.385323125830433,1.415535001670633,1,15.523900001426227,63.92790000245441
455,15.166666666666623,TRACKING,1,0,1,0,-9.52723990026112,-7.982330834161073,-9.538405753621188,-7.990055364786953,-9.54680023514053,-8.008081598333822,0.03233741727589283,2.5869933820714266,0.8668858430301855,1,9.300300007453188,45.3750000015134
456,15.199999999999957,TRACKING,1,0,1,0,-9.572893695193795,-7.976713189489925,-9.584743592120985,-7.983120078002922,-9.593274047903373,-7.976240490933113,0.020385833818915216,1.6308667055132173,0.7153022065148071,1,8.938800005125813,53.18550000083633
457,15.23333333333329,TRACKING,1,0,1,0,-9.618169568674803,-7.9703226268334975,-9.630353939674224,-7.975180556941385,-9.627753067224145,-7.952238057199115,0.020466927060652104,1.6373541648521683,1.525718219133498,1,8.756800001719967,49.96679999749176
458,15.266666666666623,TRACKING,1,0,1,0,-9.663065733290189,-7.963159765416864,-9.678179901885054,-7.971469413513209,-9.675395366665743,-7.97731401951221,0.018771328353933768,1.5017062683147016,1.4074943777225186,1,15.614999996614642,65.02829999953974
459,15.299999999999956,TRACKING,1,0,1,0,-9.707580416616238,-7.955225299298378,-9.723767813866509,-7.964565492400051,-9.728167029599998,-7.992310155546352,0.042415742326122156,3.393259386089772,0.7056794915871767,1,9.376699992571957,41.015900002093986
460,15.33333333333329,TRACKING,1,0,1,0,-9.751711861289486,-7.946519997302416,-9.766849991174844,-7.952112087672682,-9.766877706371323,-7.963100469081174,0.022470311556639797,1.7976249245311837,0.5233009077593727,1,5.363999996916391,38.50850000162609
461,15.366666666666623,TRACKING,1,0,1,0,-9.795458325076048,-7.937044702944891,-9.808776420026588,-7.935874148371435,-9.80541332183075,-7.926630254878815,0.014407036090297082,1.1525628872237665,0.5735340026810173,1,5.011000001104549,27.641499997116625
462,15.399999999999956,TRACKING,1,0,1,0,-9.838818080940447,-7.926800334351506,-9.852290534310432,-7.9233974895754065,-9.852506290013375,-7.921966683786631,0.014516585184109247,1.1613268147287399,0.9309907750845575,1,5.37820000317879,31.004699994809926
463,15.43333333333329,TRACKING,1,0,1,0,-9.881789417113772,-7.915787884168799,-9.895345031757214,-7.906796698635314,-9.900767325024196,-7.918302274600193,0.019143749577812806,1.5314999662250244,1.818738594816492,1,12.88990001194179,43.5002999874996
464,15.466666666666622,TRACKING,1,0,1,0,-9.924370637161237,-7.904008419467958,-9.935959467755072,-7.885144726150775,-9.955643127527185,-7.892343029355958,0.03337738725774504,2.670190980619603,1.8386333256528564,1,7.341799995629117,36.14709999237675
465,15.499999999999956,TRACKING,1,0,1,0,-9.966560060049199,-7.891463081641422,-9.974906186633596,-7.866836918025537,-9.977471330899403,-7.869186471126935,0.024805306036828165,1.9844244829462534,1.0950797719723038,1,8.756600000197068,42.36049999599345
466,15.533333333333289,TRACKING,1,0,1,0,-10.008356020211467,-7.8781530862922855,-10.015474583973912,-7.854543458125454,-10.013805913129078,-7.854810837350031,0.023970021245205777,1.9176016996164622,0.7565673629951408,1,5.6650000042282045,31.76779999921564
467,15.566666666666622,TRACKING,1,0,1,0,-10.049756867615113,-7.864079723116509,-10.05887035812022,-7.843859057224422,-10.06441660948461,-7.860009060849872,0.015214411686599021,1.2171529349279218,1.180398475618122,1,16.326699987985194,39.93480000644922
468,15.599999999999955,TRACKING,1,0,1,0,-10.09076096782556,-7.849244355777958,-10.100781515655102,-7.8279459893007886,-10.11076981522925,-7.836693124832491,0.023619639554206345,1.8895711643365078,1.1758225742578368,1,12.244400000781752,42.973999996320345
469,15.633333333333288,TRACKING,1,0,1,0,-10.131366702071148,-7.833648421776254,-10.13840410370045,-7.811724858780056,-10.145104891023058,-7.808863310464155,0.028337952968263413,2.267036237461073,0.7345035526487623,1,4.757599992444739,42.80270000163
470,15.666666666666622,TRACKING,1,0,1,0,-10.171572467307021,-7.817293432307504,-10.175003475178633,-7.798927402338248,-10.163007945661134,-7.794005963780965,0.024812440859323426,1.9849952687458743,0.1761554089363845,1,7.88509999983944,30.851500006974675
471,15.699999999999955,TRACKING,1,0,1,0,-10.211376676278402,-7.800180972117856,-10.215428412553871,-7.788386842324585,-10.212835562147212,-7.779488105117384,0.02074423034671159,1.6595384277369272,1.1014127215615066,1,6.50050000695046,34.103700003470294
472,15.733333333333288,TRACKING,1,0,1,0,-10.250777757583286,-7.782312699349947,-10.257079293019547,-7.779913451928164,-10.26850317972956,-7.783905144787145,0.017796810746144108,1.4237448596915288,0.08366602003759507,1,9.596600008080713,35.87389999302104
473,15.766666666666621,TRACKING,1,0,1,0,-10.289774155734438,-7.763690345382238,-10.295323263634064,-7.7606029209216425,-10.297897328182797,-7.75237535314272,0.013928926017684392,1.1143140814147512,0.6387311822109631,1,4.298300002119504,46.528299993951805
474,15.799999999999955,TRACKING,1,0,1,0,-10.328364331220838,-7.744315714661242,-10.330874834442707,-7.738432056442208,-10.314303104475119,-7.729272651729434,0.020591547779728672,1.6473238223782938,0.5970269697190511,1,8.229099999880418,39.87560000678059
475,15.833333333333288,TRACKING,1,0,1,0,-10.366546760568438,-7.724190684526685,-10.371045866638772,-7.715692417759893,-10.360694871005286,-7.718189674347688,0.008381929051701527,0.6705543241361221,1.3843488256893428,1,4.588199997670017,33.40050000406336
476,15.866666666666621,TRACKING,1,0,1,0,-10.404319936400299,-7.703317205029592,-10.414745522199171,-7.690233903883473,-10.425983696879387,-7.713933481280063,0.02412517024855179,1.9300136198841433,1.7715926922766283,1,8.082400003331713,31.071999997948296
477,15.899999999999954,TRACKING,1,0,1,0,-10.441682367496123,-7.681697298743338,-10.453266151947838,-7.662043894965424,-10.455852012596099,-7.667805390802454,0.019843486298966696,1.5874789039173358,1.9932267215049184,1,6.311899996944703,30.896299998858012
478,15.933333333333287,TRACKING,1,0,1,0,-10.478632578851096,-7.659333060567667,-10.494390761529774,-7.635803049118626,-10.494435150123492,-7.628756823720906,0.034418418303698274,2.753473464295862,1.2392632886630568,1,13.95230001071468,30.48819999094121
479,15.96666666666662,TRACKING,1,0,1,0,-10.515169111734156,-7.636226657525699,-10.532290026200826,-7.615519906230258,-10.514748010836131,-7.611022418694738,0.02520775636613608,2.0166205092908864,1.2502156243482787,1,4.039199993712828,31.82129999913741
480,15.999999999999954,TRACKING,1,0,1,0,-10.551290523745532,-7.612380328553958,-10.57017798230385,-7.593770631109464,-10.565546819179453,-7.599374595305256,0.01929743653534386,1.5437949228275087,1.4581509532509431,1,7.387599995126948,22.547400003531948
481,16.03333333333329,TRACKING,1,0,1,0,-10.586995388873738,-7.5877963842854195,-10.607366535678663,-7.5691021664097615,-10.611558214050195,-7.571467334825832,0.029495257871441197,2.3596206297152955,1.0644543481833992,1,6.124100007582456,32.91759999410715
482,16.066666666666624,TRACKING,1,0,1,0,-10.622282297551834,-7.562477206825622,-10.638159784425836,-7.5434733141429415,-10.644493306881914,-7.526683679917275,0.042124879869258766,3.369990389540701,0.3400960151428276,1,5.246499989880249,30.159300004015677
483,16.09999999999996,TRACKING,1,0,1,0,-10.657149856713076,-7.536425249521851,-10.666995771831253,-7.523394381909908,-10.650208548749887,-7.515870062006911,0.021695563832593707,1.7356451066074967,0.7836323549362818,1,7.378700000117533,27.653500001179054
484,16.133333333333294,TRACKING,1,0,1,0,-10.691596689845943,-7.509643036725411,-10.70171613337926,-7.504783779561251,-10.698080277065007,-7.515452648830009,0.008705658851178522,0.6964527080942817,0.42413711629699086,1,12.757599994074553,34.88089999882504
485,16.16666666666663,TRACKING,1,0,1,0,-10.72562143704844,-7.482133163547026,-10.733319583475518,-7.480031032451857,-10.74756895276999,-7.487846967701253,0.022679087377152938,1.814326990172235,0.9896496001410687,1,6.987200002186,41.74339999735821
486,16.199999999999964,TRACKING,1,0,1,0,-10.75922275508181,-7.453898295605388,-10.760047257157462,-7.452955419533782,-10.77175621056212,-7.450945979323031,0.012876477690269271,1.0301182152215418,1.1428890140944863,1,5.761000007623807,29.23069999087602
487,16.2333333333333,TRACKING,1,0,1,0,-10.792399317423545,-7.4249411687688545,-10.788676577052108,-7.425366284915931,-10.78361190816375,-7.4114138561584895,0.01613092520463979,1.290474016371183,0.8155411881683388,1,6.161700002849102,30.585300002712756
488,16.266666666666634,TRACKING,1,0,1,0,-10.825149814319778,-7.395264588890368,-10.823956408720761,-7.398906600820187,-10.823997365558746,-7.396225188404746,0.0015002964953058488,0.1200237196244679,0.738554182518237,1,6.123900006059557,30.180699992342852
489,16.29999999999997,TRACKING,1,0,1,0,-10.857472952836968,-7.364871431535558,-10.862010064608072,-7.368556431315581,-10.873865557938695,-7.373884185954814,0.01870687692382034,1.4965501539056272,0.7794733352460725,1,18.776400000206195,50.81790000258479
490,16.333333333333304,TRACKING,1,0,1,0,-10.889367456912952,-7.33376464170413,-10.898111498177382,-7.33683444517921,-10.907866249064593,-7.3330262926635,0.018513521285142526,1.481081702811402,1.1042794840110486,1,7.052100001601502,50.65549998835195
491,16.36666666666664,TRACKING,1,0,1,0,-10.92083206740732,-7.301947233544486,-10.932877304092608,-7.3070535461619786,-10.928687019987171,-7.294159701306135,0.011061009827094487,0.8848807861675588,1.989482619519772,1,4.541199989034794,39.70619999745395
492,16.399999999999974,TRACKING,1,0,1,0,-10.951865542151122,-7.269422290061668,-10.969678901032491,-7.279591767227999,-10.960350729202702,-7.267563809946974,0.008686331080324345,0.6949064864259475,2.6317113777536463,1,7.912100001703948,26.489399999263696
493,16.43333333333331,TRACKING,1,0,1,0,-10.982466655995921,-7.2361929628186346,-11.008626422970496,-7.2493406201035695,-11.011122894935914,-7.252691876642804,0.03306651157233463,2.6453209257867707,1.9915741191411478,1,11.948400002438575,52.637100001447834
494,16.466666666666644,TRACKING,1,0,1,0,-11.012634200862138,-7.20226247163087,-11.041264764752395,-7.213189703389887,-11.050294016235387,-7.216207098503915,0.04015861442549653,3.2126891540397224,1.3749362586180554,1,8.573899991461076,39.98919999867212
495,16.49999999999998,TRACKING,1,0,1,0,-11.042366985786753,-7.167634104254408,-11.070081563681784,-7.17359110136739,-11.064887565651636,-7.16647233217605,0.02255052619813207,1.8040420958505656,1.6315377541954454,1,6.228099999134429,30.837199999950826
496,16.533333333333314,TRACKING,1,0,1,0,-11.07166383697033,-7.132311216067245,-11.100358183279242,-7.136420449032911,-11.0964681615412,-7.124226459520331,0.02608865281765025,2.08709222541202,2.1151185745274126,1,3.5663000016938895,30.86869999242481
497,16.56666666666665,TRACKING,1,0,1,0,-11.100523597823345,-7.096297229744228,-11.132004121121321,-7.101016217914594,-11.126381529403242,-7.107384417823105,0.02813464705815548,2.250771764652438,2.3740340130903395,1,13.405599995166995,42.114700001548044
498,16.599999999999984,TRACKING,1,0,1,0,-11.128945129011864,-7.059595634925394,-11.16433737273155,-7.059437572131681,-11.179077432791576,-7.066795430045101,0.050646667531310426,4.0517334025048335,1.6292183184659565,1,4.217800000333227,40.17359999124892
499,16.63333333333332,TRACKING,1,0,1,0,-11.156927308502494,-7.022209987877856,-11.189444552622406,-7.017136625923547,-11.18920645312962,-7.004905451713633,0.03662499351150511,2.929999480920409,1.445067159929815,1,7.831399998394772,30.771099991397932
500,16.666666666666654,TRACKING,1,0,1,0,-11.184469031606705,-6.984143911151187,-11.214559144996837,-6.980363997879378,-11.194327988178415,-6.96698045042899,0.019793519359762125,1.5834815487809701,2.448343288155804,1,5.911800006288104,32.538400002522394
501,16.69999999999999,TRACKING,1,0,1,0,-11.211569211024425,-6.94540109322642,-11.244871130908145,-6.9469992057920456,-11.242240249810513,-6.949294180196303,0.030917127071782347,2.4733701657425877,1.5004805405617363,1,9.668400001828559,39.51469999446999
502,16.733333333333324,TRACKING,1,0,1,0,-11.238226776886973,-6.9059852881586545,-11.267020574223118,-6.908730502971911,-11.282693856562629,-6.924887951967188,0.04831802845666947,3.865442276533558,0.44900917113557626,1,8.862599992426112,63.82789999770466
503,16.76666666666666,TRACKING,1,0,1,0,-11.2644406767993,-6.8659003152132785,-11.281471711599389,-6.866753994984386,-11.290074279070025,-6.8663914063297895,0.02563830602552413,2.0510644820419306,1.3751244131451223,1,7.540599995991215,50.275500005227514
504,16.799999999999994,TRACKING,1,0,1,0,-11.290209875881516,-6.825150058495918,-11.293778306731124,-6.824126145033096,-11.283672207115924,-6.814995580074233,0.012077025499065221,0.9661620399252177,1.6157673530879568,1,8.442899998044595,39.286400002310984
505,16.83333333333333,TRACKING,1,0,1,0,-11.31553335680977,-6.783738466576056,-11.309837469323783,-6.782689532049313,-11.30368434792249,-6.792685130915581,0.01484728306509236,1.1877826452073887,1.250392424088835,1,15.821600012714043,35.47909999906551
506,16.866666666666664,TRACKING,1,0,1,0,-11.340410119856392,-6.741669552104452,-11.331115406219075,-6.736156533339114,-11.334832472324996,-6.749598613792714,0.009694337070721246,0.7755469656576996,1.3215259309682472,1,5.820499995024875,44.97449999325909
507,16.9,TRACKING,1,0,1,0,-11.364839182929373,-6.698947391424306,-11.3536188741719,-6.688646254665336,-11.363952669313871,-6.693577808344599,0.005442272396742651,0.435381791739412,1.2436043258420744,1,5.427800002507865,28.618399999686517
508,16.933333333333334,TRACKING,1,0,1,0,-11.388819581611136,-6.6555761241762985,-11.376405521487142,-6.643848907768133,-11.36688194681488,-6.636046972417383,0.029370862923595455,2.3496690338876363,0.40418627974397753,1,8.535000000847504,35.38960000150837
509,16.96666666666667,TRACKING,1,0,1,0,-11.412350369196599,-6.611559952897449,-11.404967135002183,-6.6034207081650855,-11.387172455305159,-6.599630642565189,0.027861008469330945,2.2288806775464756,0.6885020067088264,1,7.796999998390675,41.930000006686896
510,17.000000000000004,TRACKING,1,0,1,0,-11.43543061673056,-6.566903142613913,-11.435455850945429,-6.561992431802309,-11.43643752115918,-6.573216343242854,0.0063929929383380645,0.5114394350670451,0.32141937472257404,1,13.68709999951534,35.23170000698883
511,17.03333333333334,TRACKING,1,0,1,0,-11.458059413044364,-6.521610020427728,-11.461550442786868,-6.514618416927527,-11.478792213670786,-6.525504933062573,0.021095482128836666,1.6876385703069334,0.5086392512545458,1,7.082800002535805,39.21970000374131
512,17.066666666666674,TRACKING,1,0,1,0,-11.480235864791883,-6.475684975097504,-11.481754448713257,-6.466966085552579,-11.486973190897595,-6.463675097799268,0.013770574271736617,1.1016459417389293,0.4802831145767729,1,6.360200000926852,32.11919999739621
513,17.10000000000001,TRACKING,1,0,1,0,-11.501959096484772,-6.429132456613197,-11.502697872951806,-6.4222332404128615,-11.497765427410119,-6.417238445158337,0.012611675891650475,1.008934071332038,0.7688764877250185,1,3.7730000040028244,26.92910000041593
514,17.133333333333344,TRACKING,1,0,1,0,-11.52322825052704,-6.381956975764887,-11.523791732881383,-6.3789069414337165,-11.529168422014854,-6.39178716450959,0.011485566945567136,0.9188453556453708,1.0473736919318877,1,11.528599992743693,23.545000003650784
515,17.16666666666668,TRACKING,1,0,1,0,-11.544042487248907,-6.334163103705732,-11.540848363143393,-6.331446138523412,-11.555778966442137,-6.343890676949423,0.015243707720383649,1.2194966176306918,1.6497463535258081,1,5.485300003783777,43.247499997960404
516,17.200000000000014,TRACKING,1,0,1,0,-11.564400984939939,-6.285755471509001,-11.55516516500103,-6.282523847113847,-11.558054956859525,-6.267495274583019,0.01933149927380267,1.5465199419042135,2.115584550662074,1,5.9843999915756285,26.635900008841418
517,17.23333333333335,TRACKING,1,0,1,0,-11.584302939881516,-6.2367387697193735,-11.57310099350086,-6.241787809784696,-11.56699351307491,-6.228198205065798,0.019301748650708425,1.544139892056674,2.3408450937473693,1,4.9479000008432195,23.686700005782768
518,17.266666666666683,TRACKING,1,0,1,0,-11.603747566378528,-6.187117747898414,-11.593353421129796,-6.199619578995648,-11.584524143599022,-6.195193817931476,0.020850968575549335,1.6680774860439467,1.7224221306241623,1,5.553499999223277,27.33040000020992
519,17.30000000000002,TRACKING,1,0,1,0,-11.622734096790419,-6.13689721416436,-11.612876888874945,-6.14935633999772,-11.622833441416281,-6.1644115434018545,0.02751450858626982,2.2011606869015856,1.6422113736072517,1,4.994300004909746,29.804799996782094
520,17.333333333333353,TRACKING,1,0,1,0,-11.641261781561475,-6.086082034726252,-11.628086285052909,-6.0899651704858435,-11.64401587634116,-6.091450355124632,0.006033564614317292,0.4826851691453834,1.5510098260966672,1,5.385799988289364,40.974600007757545
521,17.36666666666669,TRACKING,1,0,1,0,-11.65932988925043,-6.0346771334123765,-11.64562698325725,-6.031303370366778,-11.635490661363729,-6.025631953047801,0.025497530744402072,2.0398024595521655,0.5780659265764262,1,6.983300001593307,20.646400007535703
522,17.400000000000023,TRACKING,1,0,1,0,-11.676937706559325,-5.982687491193202,-11.668868458367085,-5.976101089944532,-11.654405993186526,-5.9738013989948255,0.024220667663630825,1.9376534130904661,0.35076131888814627,1,5.486200010636821,33.28619999228977
523,17.43333333333336,TRACKING,1,0,1,0,-11.694084538361688,-5.9301181456987,-11.694154249254735,-5.921698014301975,-11.683826498012097,-5.936140091082884,0.011895008113655223,0.9516006490924178,0.8270025724522244,1,5.359399990993552,25.674000004073605
524,17.466666666666693,TRACKING,1,0,1,0,-11.710769707729956,-5.876974190730256,-11.716207651084504,-5.863900860795065,-11.71747547767798,-5.866016828115965,0.012846444880077863,1.027715590406229,1.1538435419210726,0,4.597299994202331,27.889400007552467
525,17.50000000000003,TRACKING,1,0,1,0,-11.72699255596221,-5.823260775767058,-11.738622487352451,-5.807156197003623,-11.726743177478875,-5.804054163517218,0.019208231145622073,1.5366584916497659,1.90211004419454,1,14.553300003171898,42.02860000077635
526,17.533333333333363,TRACKING,1,0,1,0,-11.742752442608182,-5.768983105467146,-11.76435339792496,-5.757882162827164,-11.749108722618162,-5.7616318391893,0.009718200010962116,0.7774560008769693,2.318202974122937,1,4.459500007214956,29.129599992302246
527,17.5666666666667,TRACKING,1,0,1,0,-11.758048745494536,-5.714146439163112,-11.787378023957938,-5.708017609966827,-11.800628707435811,-5.716383352940745,0.042638678944932056,3.411094315594564,1.4487359495444088,1,8.72670000535436,32.39239999675192
528,17.600000000000033,TRACKING,1,0,1,0,-11.77288086074942,-5.658756090352451,-11.801146151455063,-5.655830287611375,-11.824887522209535,-5.667027706742404,0.052660350112104494,4.212828008968359,0.7876959119934629,1,9.530500014079735,48.608999990392476
529,17.63333333333337,TRACKING,1,0,1,0,-11.787248202826323,-5.602817426182745,-11.809282668641028,-5.601915882387121,-11.815718955667677,-5.601038085425525,0.028526300511699344,2.2821040409359474,1.257911299874431,1,10.425699991174042,49.805500006186776
530,17.666666666666703,TRACKING,1,0,1,0,-11.801150204527179,-5.546335866931555,-11.819545118170756,-5.549810123005356,-11.81119152254799,-5.5416377253010065,0.01108605440974163,0.8868843527793303,1.5601620203583177,1,15.290399998775683,61.04239998967387
531,17.70000000000004,TRACKING,1,0,1,0,-11.814586317024766,-5.489316885481262,-11.833857051191961,-5.495867281188673,-11.829053000065112,-5.495577673205231,0.015763323923413206,1.2610659138730567,2.2310625134988262,1,4.116700001759455,44.87979999976233
532,17.733333333333373,TRACKING,1,0,1,0,-11.827556009884368,-5.431766006788717,-11.850392099135416,-5.442828733943858,-11.858413414740633,-5.459732316046065,0.041644854279263295,3.331588342341064,2.757758428713671,0,5.9006999945268035,33.20669999811798
533,17.76666666666671,TRACKING,1,0,1,0,-11.840058771084722,-5.3736888073499305,-11.86674024087245,-5.389819475512384,-11.861094840204423,-5.397272185101718,0.03160208711766253,2.5281669694130025,2.7638052447972767,1,6.5999000071315095,31.09359998779837
534,17.800000000000043,TRACKING,1,0,1,0,-11.852094107038221,-5.315090914659698,-11.881608416661813,-5.333792262182779,-11.877008568492407,-5.3266723842763435,0.027474730718123494,2.1979784574498793,3.0904037920685568,1,10.332799996831454,33.99330000684131
535,17.83333333333338,TRACKING,1,0,1,0,-11.863661542610407,-5.25597800666632,-11.894983732767544,-5.278765540033033,-11.894005476540976,-5.282736300152321,0.04045689801091619,3.2365518408732954,2.5977927568047345,1,3.7057000008644536,41.2825000094017
536,17.866666666666713,TRACKING,1,0,1,0,-11.874760621138735,-5.196355811221452,-11.908383817001042,-5.216062514321541,-11.918408437357074,-5.214354344543852,0.04721312383635985,3.7770499069087884,1.8254144843578517,1,4.297199993743561,27.322499998263083
537,17.90000000000005,TRACKING,1,0,1,0,-11.885390904450588,-5.13623010552505,-11.916015332423694,-5.151916146333939,-11.92186170884325,-5.156449037874024,0.04170041724467772,3.3360333795742174,1.5904833525065574,1,3.5109999880660325,30.91300000960473
538,17.933333333333383,TRACKING,1,0,1,0,-11.895551972880583,-5.075606715565627,-11.923595560238851,-5.087600798704762,-11.917948032187459,-5.07267085959306,0.02258766749287714,1.8070133994301711,2.104512225778154,1,15.181800001300871,36.38700000010431
539,17.96666666666672,TRACKING,1,0,1,0,-11.905243425287134,-5.014491515555682,-11.932310177938547,-5.027728816304364,-11.92564593228283,-5.021455960828124,0.021558427346684172,1.7246741877347338,1.944933330372392,1,4.793999993125908,31.727800000226125
540,18.000000000000053,TRACKING,1,0,1,0,-11.914464879068294,-4.952890427362561,-11.94115906339022,-4.964476606241337,-11.944702332894318,-4.95762280295533,0.030605538594050904,2.448443087524072,1.8509726546817917,1,4.709399989224039,26.423900009831414
541,18.03333333333339,TRACKING,1,0,1,0,-11.923215970176864,-4.8908094199345955,-11.945834573502564,-4.903432690864779,-11.953655416364377,-4.912577673932628,0.03742214272760642,2.9937714182085133,1.4622982284685677,1,8.628399998997338,28.40470000228379
542,18.066666666666723,TRACKING,1,0,1,0,-11.931496353134747,-4.828254508722779,-11.951065275237365,-4.838828557448162,-11.946699406937311,-4.836015321410132,0.017069360225029882,1.3655488180023905,1.3458780675175699,1,8.121499995468184,43.805699999211356
543,18.10000000000006,TRACKING,1,0,1,0,-11.939305701046601,-4.765231755097846,-11.957768442808373,-4.773245931484508,-11.951840414356143,-4.768087199295712,0.012855839113785232,1.0284671291028187,1.1327193245256633,1,5.285400009597652,33.779899997171015
544,18.133333333333393,TRACKING,1,0,1,0,-11.946643705612743,-4.701747265762967,-11.962366686525927,-4.707815778836952,-11.952656840137207,-4.71629362519584,0.015740214724063686,1.2592171779250951,0.5096832506386566,1,6.087599991587922,27.166400002897717
545,18.16666666666673,TRACKING,1,0,1,0,-11.953510077141319,-4.637807192162041,-11.964610502117663,-4.639507636983939,-11.973543521397058,-4.642000113963188,0.020467522614580142,1.6374018091664113,0.4651739908009695,1,4.987300009815954,27.0023999910336
546,18.200000000000063,TRACKING,1,0,1,0,-11.959904544559736,-4.573417729883602,-11.966159242502862,-4.567252528324419,-11.978545538067099,-4.558254019091481,0.024029664249186327,1.9223731399349062,0.8794513143512409,1,5.297199997585267,30.287500005215406
547,18.2333333333334,TRACKING,1,0,1,0,-11.965826855425373,-4.50858511806053,-11.966100667032354,-4.497958751294293,-11.946675373887734,-4.490027890212683,0.02666739489495477,2.1333915915963817,0.42982786532760264,1,7.337299990467727,35.27970000868663
548,18.266666666666733,TRACKING,1,0,1,0,-11.971276775935532,-4.443315638765459,-11.970504367433776,-4.431977759195284,-11.966829416308878,-4.435894086685084,0.008652077376590938,0.6921661901272751,0.8440163925779816,1,6.868099997518584,32.10830000170972
549,18.300000000000068,TRACKING,1,0,1,0,-11.976254090936687,-4.377615616402104,-11.972471418635749,-4.363418405548288,-11.97461120703992,-4.377295327487773,0.0016738137551400743,0.13390510041120593,1.272307438949437,1,8.067700007813983,33.501300000352785
550,18.333333333333403,TRACKING,1,0,1,0,-11.980758603932964,-4.311491417092401,-11.973970879942202,-4.29312784149579,-11.986865709058899,-4.30363274939926,0.009952657480815254,0.7962125984652203,1.7746177892710204,1,5.1300000050105155,29.729400004725903
551,18.366666666666738,TRACKING,1,0,1,0,-11.984790137093903,-4.2449494480597005,-11.973811473204817,-4.222458794307115,-11.967169005334538,-4.217772495620036,0.03238967471878473,2.5911739775027787,0.6729269852666303,1,8.017399988602847,28.996799999731593
552,18.400000000000073,TRACKING,1,0,1,0,-11.988348531261474,-4.177996157007884,-11.979813209180799,-4.159279933997043,-11.96823997894454,-4.155353265220908,0.030282906478070765,2.422632518245661,0.5116820727068034,1,6.064100001822226,42.75880000204779
553,18.433333333333408,TRACKING,1,0,1,0,-11.991433645956374,-4.110638031496621,-11.988833667928299,-4.097526429829764,-11.990045336169072,-4.105428242654223,0.005391595668064918,0.43132765344519347,0.9771569869461998,0,6.189499996253289,35.29230000276584
554,18.466666666666743,TRACKING,1,0,1,0,-11.994045359383554,-4.042881598312762,-11.997217471701624,-4.03534826482976,-12.009809777413398,-4.036246231044132,0.017103946170673602,1.3683156936538883,1.5222820617464883,0,4.799200003617443,31.174800009466708
555,18.500000000000078,TRACKING,1,0,1,0,-11.99618356843704,-3.9747334228378732,-12.005522496866291,-3.9730839148801103,-12.005095090997752,-3.960420028877943,0.016860856472974528,1.3488685178379622,1.6436077017484072,1,6.488200000603683,32.73869999975432
556,18.533333333333413,TRACKING,1,0,1,0,-11.997848188704001,-3.9062001084121185,-12.010494549211055,-3.9096248401348315,-12.005623521183132,-3.8997368139111344,0.01011088378765581,0.8088707030124648,2.2499302007238584,1,6.876700004795566,30.077699993853457
557,18.566666666666748,TRACKING,1,0,1,0,-11.999039154468079,-3.8372882956943704,-12.016648090464164,-3.846548834504275,-12.023949550783696,-3.859557250846139,0.03341308438550071,2.673046750840057,1.6900042144347531,1,9.329999986221083,36.958800003048964
558,18.600000000000083,TRACKING,1,0,1,0,-11.999756418711984,-3.7680046620187992,-12.01774998550213,-3.7783828927189385,-12.025246224719494,-3.790666443095247,0.0341069865549177,2.728558924393416,1.130015008789561,1,4.970800000592135,31.899000008706935
559,18.633333333333418,TRACKING,1,0,1,0,-11.999999953119353,-3.698355920747818,-12.017740246231652,-3.7060865858909358,-12.017726207791963,-3.6984509127223233,0.01772650919367491,1.4181207354939929,1.4347710320730527,1,4.907399998046458,26.436100000864826
560,18.666666666666753,TRACKING,1,0,1,0,-11.999769748075863,-3.6283488206215964,-12.01709954329651,-3.63686651696384,-12.00189744106987,-3.6273166993806867,0.0023648153696816812,0.18918522957453449,1.9196821748130213,1,5.3641000122297555,25.887099996907637
561,18.700000000000088,TRACKING,1,0,1,0,-11.999065812669617,-3.5579901451041507,-12.020013193451751,-3.5675128380894083,-12.007581287578025,-3.5715887559311774,0.01604479757867534,1.2835838062940272,1.530862692220318,1,6.593900005100295,33.90130000479985
562,18.733333333333423,TRACKING,1,0,1,0,-11.997888174690777,-3.4872867117260022,-12.020509018408806,-3.4935818935479066,-12.019644084553288,-3.5092077438695246,0.030884482579170036,2.470758606333603,1.0412534538055902,1,5.897000010008924,28.558199992403388
563,18.766666666666758,TRACKING,1,0,1,0,-11.996236880630475,-3.4162453714236305,-12.01855297707455,-3.414981446263468,-12.02779804559059,-3.414571778820072,0.031605506574682,2.52844052597456,0.20908862662228117,1,12.05060000938829,38.70900000038091
564,18.800000000000093,TRACKING,1,0,1,0,-11.994111995678974,-3.34487300787559,-12.010579642706936,-3.338431043591065,-11.999056221341494,-3.330962541887945,0.01476300888692235,1.181040710953788,0.8139864605946394,1,5.091099999845028,28.723200011882
565,18.833333333333428,TRACKING,1,0,1,0,-11.991513603723092,-3.2731765368355545,-12.008936312119687,-3.265031040122836,-12.001493674852709,-3.2740569036052025,0.01001882554999864,0.8015060439998912,1.1591163991148723,1,4.792799998540431,24.62720000767149
566,18.866666666666763,TRACKING,1,0,1,0,-11.988441807342896,-3.2011629054621498,-12.007903291495337,-3.1896258706787575,-12.00487208327903,-3.1958368740482257,0.017271959297069154,1.3817567437655323,1.1776169934913612,1,4.57139998616185,22.92840000882279
567,18.900000000000098,TRACKING,1,0,1,0,-11.984896727807646,-3.1288390916458497,-12.004730474087626,-3.1131834650277037,-12.005613452360882,-3.107152255921002,0.02999169084881949,2.3993352679055593,0.7756066862200549,1,4.64849999116268,27.182700010598637
568,18.933333333333433,TRACKING,1,0,1,0,-11.980878505071013,-3.056212103332795,-11.999083763415651,-3.0401215772677617,-11.991366734407913,-3.024781996537015,0.033133888510368865,2.6507110808295096,0.9459841741798841,1,6.420699995942414,36.455499997828156
569,18.966666666666768,TRACKING,1,0,1,0,-11.976387297765548,-2.983288977845765,-11.994822379671428,-2.9697936190609395,-11.974911877228125,-2.9616650993672553,0.02167415479818329,1.7339323838546634,1.8440829298931039,1,5.493200005730614,31.509699998423457
570,19.000000000000103,TRACKING,1,0,1,0,-11.97142328319643,-2.910076781202303,-11.995607410466647,-2.8970952176713354,-11.99966112450171,-2.9090665421651454,0.02825590671867383,2.2604725374939063,2.053628638546877,1,4.301099994336255,28.687900005024858
571,19.033333333333438,TRACKING,1,0,1,0,-11.965986657334447,-2.8365826074299965,-11.99312565088101,-2.8177463093901856,-12.011379333165387,-2.838714355787965,0.04544270425661794,3.6354163405294355,1.8361386478622126,1,5.702900001779199,23.600900007295422
572,19.066666666666773,TRACKING,1,0,1,0,-11.960077634808286,-2.7628135778791405,-11.982104074942903,-2.7361103313910484,-11.983036974048904,-2.7296062965964,0.040371460074622494,3.2297168059697996,0.6858278848161329,1,9.841999999480322,29.20849999645725
573,19.100000000000108,TRACKING,1,0,1,0,-11.953696448896036,-2.688776840532649,-11.969371615015834,-2.663925684497237,-11.964362411060403,-2.6582996364122065,0.03228966893436411,2.5831735147491286,0.40742099113623187,1,6.1766999860992655,38.729300009435974
574,19.133333333333443,TRACKING,1,0,1,0,-11.946843351515989,-2.614479569313493,-11.957194767146538,-2.5918719304273274,-11.966401685250316,-2.591792451290869,0.02995386022928923,2.396308818343138,1.2094372944491436,1,6.420499994419515,24.81919999991078
575,19.166666666666778,TRACKING,1,0,1,0,-11.939518613216697,-2.539928963389513,-11.941788189463463,-2.5159257274136118,-11.96125820707592,-2.5225100100071973,0.027857312829834453,2.228585026386756,2.4172220757052134,1,6.20199998957105,21.617100006551482
576,19.200000000000113,TRACKING,1,0,1,0,-11.931722523166286,-2.4651322464759,-11.921790458682914,-2.438169497992492,-11.9258830237497,-2.4310287465452594,0.03459983325040026,2.7679866600320207,2.909204683978623,0,4.3960000039078295,20.984399990993552
577,19.233333333333448,TRACKING,1,0,1,0,-11.92345538914104,-2.390096666135192,-11.903388601465862,-2.3609910913797982,-11.895264379220684,-2.3522102976173596,0.047224040062224755,3.7779232049779807,1.4904174423481853,1,5.141599991475232,23.494000008213334
578,19.266666666666783,TRACKING,1,0,1,0,-11.914717537513257,-2.3148294930750293,-11.895033657541083,-2.2932692867623423,-11.888978517521641,-2.303024287725685,0.02831713303759685,2.265370643007748,0.7881539721051783,1,9.139100002357736,21.57969999825582
579,19.300000000000118,TRACKING,1,0,1,0,-11.905509313238358,-2.239338020443665,-11.88972555634119,-2.221845610690056,-11.89704410755461,-2.236732246595851,0.008857187172806005,0.7085749738244804,0.5923056067931223,1,5.022899989853613,30.641300007118843
580,19.333333333333453,TRACKING,1,0,1,0,-11.895831079841269,-2.1636295631232363,-11.883532175069428,-2.147680598056707,-11.897871210676596,-2.143268997981732,0.020462520536500356,1.6370016429200285,0.9958652010255447,1,5.377000008593313,29.45709999767132
581,19.366666666666788,TRACKING,1,0,1,0,-11.885683219402074,-2.08771145702103,-11.873541176821993,-2.074673369630833,-11.872965180775426,-2.0545518550655166,0.03551489417634522,2.8411915341076175,1.2722249590191679,1,7.168900003307499,25.97790000436362
582,19.400000000000123,TRACKING,1,0,1,0,-11.875066132540926,-2.011591058358601,-11.864399305791995,-2.0046906361380215,-11.871027478985871,-2.0084957772058387,0.005088367906549661,0.4070694325239729,0.903492148703977,1,4.286399998818524,23.381399994832464
583,19.433333333333458,TRACKING,1,0,1,0,-11.863980238402235,-1.9352757429590348,-11.856472297180877,-1.9304602926874674,-11.866102121758887,-1.9439755488710473,0.008954831762011286,0.7163865409609028,0.17605569126307352,1,5.676200002199039,26.043999998364598
584,19.466666666666793,TRACKING,1,0,1,0,-11.85242597463812,-1.8587729055322029,-11.848858690004734,-1.8508311171871719,-11.873874099919208,-1.8544674255051734,0.02187599680783482,1.7500797446267857,0.5900111735259354,1,10.261300005367957,22.354699991410598
585,19.500000000000128,TRACKING,1,0,1,0,-11.84040379739113,-1.782089958958262,-11.836709268704354,-1.771716066735846,-11.837060389494894,-1.7527900965727843,0.02949000359729608,2.3592002877836866,0.8651709288277932,1,8.16369999665767,29.35050000087358
586,19.533333333333463,TRACKING,1,0,1,0,-11.827914181276237,-1.7052343335693896,-11.828650552642078,-1.6993237074623977,-11.818259144075617,-1.691312260489543,0.016942368848125798,1.355389507850064,1.485130684674707,1,8.031300007132813,28.40239999932237
587,19.566666666666798,TRACKING,1,0,1,0,-11.8149576193621,-1.6282134764297598,-11.822690983430876,-1.6267617126344136,-11.821197331541313,-1.6373390918631083,0.011054902311498757,0.8843921849199007,1.0282009813902282,1,7.564899991848506,25.70240000204649
588,19.600000000000133,TRACKING,1,0,1,0,-11.8015346231516,-1.5510348506140028,-11.814110635411655,-1.5469489117915405,-11.818226572526918,-1.5566012207763842,0.017595614531263713,1.4076491625010972,0.6717221042120154,1,4.178600007435307,20.725900001707487
589,19.633333333333468,TRACKING,1,0,1,0,-11.787645722561642,-1.473705934484001,-11.801296480715866,-1.4642318848557303,-11.795723182007134,-1.4548856953512446,0.020480399217488243,1.6384319373990592,0.6346215505720724,1,5.427299998700619,22.0534999971278
590,19.666666666666803,TRACKING,1,0,1,0,-11.773291465902236,-1.3962342209643144,-11.78744255094193,-1.3870206039750066,-11.774241818469868,-1.3761528119074378,0.020103884194662726,1.6083107355730182,1.107325836346356,1,11.44159999967087,17.84369999950286
591,19.700000000000138,TRACKING,1,0,1,0,-11.758472419854863,-1.3186272168160864,-11.774808846697372,-1.3114926903369302,-11.762944394401472,-1.3313669462841027,0.013501824442043512,1.080145955363481,0.8974289875287307,1,6.888600008096546,31.11289998923894
592,19.733333333333473,TRACKING,1,0,1,0,-11.743189169450083,-1.2408924419097167,-11.76072572930629,-1.2308778563604024,-11.779850895391961,-1.2429659471198617,0.036720315533691324,2.9376252426953062,0.4452170537099626,1,5.151699995622039,18.98389999405481
593,19.766666666666808,TRACKING,1,0,1,0,-11.727442318044456,-1.1630374284961615,-11.740700667115512,-1.14849367188488,-11.757492441857426,-1.1478910663078024,0.03365148182050488,2.692118545640391,0.28852741548423566,1,4.65519999852404,19.60329999565147
594,19.800000000000143,TRACKING,1,0,1,0,-11.711232487296709,-1.085069720477104,-11.719998950869904,-1.069645209931772,-11.73080091483419,-1.063724967690541,0.028957241370840582,2.3165793096672465,0.15434427013866767,1,5.691899990779348,21.17259999795351
595,19.833333333333478,TRACKING,1,0,1,0,-11.694560317143203,-1.006996872673995,-11.701512188522015,-0.9909055009489773,-11.696512614313313,-0.9961396500123246,0.011031352961695577,0.8825082369356462,0.56357625146613,1,10.213800007477403,23.320699998294003
596,19.866666666666813,TRACKING,1,0,1,0,-11.677426465772673,-0.9288264500959662,-11.685922052116776,-0.9103928713172658,-11.692523932418482,-0.9203702994196082,0.017304334236906808,1.3843467389525448,0.7550348172101634,1,5.768400005763397,34.37139999005012
597,19.900000000000148,TRACKING,1,0,1,0,-11.659831609600229,-0.8505660272068601,-11.66988956802464,-0.8300817666440196,-11.670897831085348,-0.8325983442264059,0.021102106284535394,1.6881685027628317,0.9686151178397517,1,7.489499999792315,23.19750000606291
598,19.933333333333483,TRACKING,1,0,1,0,-11.641776443240671,-0.7722231871912341,-11.653963758165345,-0.7498283589767317,-11.643270958784784,-0.7370241301995838,0.035230770497010705,2.8184616397608564,0.9723979539297518,1,4.586800001561642,27.32369999284856
599,19.966666666666818,TRACKING,1,0,1,0,-11.623261679481043,-0.693805521219629,-11.638245992607985,-0.6737180646660262,-11.628646927823793,-0.6747615436659945,0.019790754931947922,1.5832603945558337,1.249919103925347,0,4.568699994706549,25.352099997689947
600,20.000000000000153,TRACKING,1,0,1,0,-11.604288049252524,-0.6153206277129535,-11.622638628441598,-0.5969525278462636,-11.619581481853075,-0.6170123008116652,0.015386709803609493,1.2309367842887595,1.7122048022430958,1,7.510499999625608,23.735700000543147
601,20.033333333333488,TRACKING,1,0,1,0,-11.584856301601544,-0.5367761116062773,-11.606075062455878,-0.5136381140385098,-11.61794854033101,-0.5333444629996135,0.03326969305971439,2.661575444777151,0.7963038787134072,1,7.6579000015044585,26.30910000880249
602,20.066666666666823,TRACKING,1,0,1,0,-11.564967203660228,-0.45817958361188826,-11.582599483058136,-0.43483305538147615,-11.58532322420625,-0.4276549411268934,0.036689526725032444,2.9351621380025956,0.883180465047785,1,5.865200000698678,27.51420000276994
603,20.100000000000158,TRACKING,1,0,1,0,-11.544621540616108,-0.3795386594818598,-11.56006778743374,-0.36422260558533576,-11.54236602586825,-0.3543637034982772,0.025275793865932792,2.022063509274623,2.1044097329449443,1,4.263599999831058,20.810700007132255
604,20.133333333333493,TRACKING,1,0,1,0,-11.523820115681122,-0.3008609592701298,-11.544852563768496,-0.2935968652405794,-11.54847036151114,-0.30243631491803735,0.024700533696616116,1.9760426957292894,1.7122771966593306,1,6.008199998177588,21.131199988303706
605,20.166666666666828,TRACKING,1,0,1,0,-11.502563750059908,-0.22215410659409263,-11.525946086787721,-0.21576983075936523,-11.546523599201551,-0.22139177087553458,0.04396645871916258,3.517316697533006,0.9355096356959662,1,4.9079000018537045,21.982399994158186
606,20.200000000000163,TRACKING,1,0,1,0,-11.480853282917385,-0.14342572789595154,-11.501728895583046,-0.1350309748206632,-11.507695110569543,-0.12014470710277686,0.03553153023555788,2.8425224188446303,0.9898190951445557,0,6.571299993083812,24.464000001898967
607,20.233333333333498,TRACKING,1,0,1,0,-11.458689571345626,-0.06468345170368399,-11.47875128783548,-0.054971023376631595,-11.47242867193812,-0.04079826067331876,0.027554767929483602,2.2043814343586883,1.4490967629856435,1,5.8176000020466745,31.452999988687225
608,20.266666666666833,TRACKING,1,0,1,0,-11.436073490330006,0.014065092108081392,-11.457245436318676,0.02195872617729988,-11.45293694193439,0.01430458452104471,0.016865152137743585,1.3492121710194869,0.8324821752002615,1,8.872399994288571,30.148100006044842
609,20.300000000000168,TRACKING,1,0,1,0,-11.413005932714682,0.09281227305743213,-11.43205859515103,0.10468174715523236,-11.440238965682678,0.08950956690318232,0.02743257101653503,2.1946056813228023,0.7317700663184891,1,6.015999999362975,22.785599998314865
610,20.333333333333503,TRACKING,1,0,1,0,-11.389487809167331,0.17155046079448436,-11.404199807187604,0.1890361765418013,-11.406755789554678,0.18932922835992586,0.024784425004502078,1.9827540003601662,0.7449469761076558,1,5.836800002725795,24.269000001368113
611,20.366666666666838,TRACKING,1,0,1,0,-11.3655200481432,0.250272025840789,-11.376057649621425,0.27156791279003156,-11.353720694329922,0.2838510208331443,0.035591763866202546,2.8473411092962038,0.9678370965035252,1,5.760499989264645,20.028900005854666
612,20.400000000000173,TRACKING,1,0,1,0,-11.34110359584846,0.3289693403285825,-11.35486759845829,0.34893419623685923,-11.338749639080733,0.35121155778331564,0.02236643355047841,1.7893146840382728,1.6050036664755751,1,10.806799997226335,21.34049999585841
613,20.433333333333508,TRACKING,1,0,1,0,-11.316239416202833,0.40763477873988163,-11.33519989718975,0.42834987607156927,-11.340544286856776,0.4084314265226708,0.02431792312667147,1.9454338501337176,1.990364689130181,0,5.006700012017973,29.705199995078146
614,20.466666666666843,TRACKING,1,0,1,0,-11.290928490801559,0.4862607186454212,-11.315228372195701,0.5075190866092335,-11.328557213510043,0.492449490842666,0.038134258534570094,3.0507406827656074,1.6010450770067386,1,9.054800000740215,31.6781000001356
615,20.500000000000178,TRACKING,1,0,1,0,-11.265171818876633,0.5648395414431866,-11.286262909864494,0.5923644311137801,-11.295224085815505,0.6006811676088757,0.046773506543408165,3.741880523472653,0.7727259206746365,1,8.084000000962988,27.8388000006089
616,20.533333333333513,TRACKING,1,0,1,0,-11.238970417257361,0.6433636330966886,-11.25711543380357,0.6691944928065977,-11.242532581635855,0.6858514986041031,0.04263692918627639,3.410954334902111,0.8170012532106498,1,7.964899996295571,25.57610000076238
617,20.566666666666848,TRACKING,1,0,1,0,-11.212325320330221,0.7218253848726822,-11.22979900146854,0.7451649960257776,-11.23244788862458,0.7355692139971376,0.02436822918809245,1.9494583350473957,1.0855809520770934,1,4.490899998927489,21.856100007425994
618,20.600000000000183,TRACKING,1,0,1,0,-11.185237579998008,0.8002171940784786,-11.199502121425446,0.8274488098202657,-11.212061582271081,0.8284753406980568,0.038962160467810876,3.11697283742487,1.0510773915050589,1,7.638900002348237,30.81370001018513
619,20.633333333333518,TRACKING,1,0,1,0,-11.157708265638327,0.8785314647985999,-11.165696906850108,0.9075424872326946,-11.16337110505694,0.9235005277849971,0.04532421401586098,3.6259371212688785,0.27522623786230166,1,6.644499997491948,33.324899995932356
620,20.666666666666853,TRACKING,1,0,1,0,-11.129738464061377,0.9567606086307785,-11.136428850901018,0.9823185982545302,-11.120282008652408,0.9883696668507385,0.03299328886992996,2.6394631095943963,0.7707149630078428,1,4.378500001621433,33.13670000352431
621,20.700000000000188,TRACKING,1,0,1,0,-11.101329279467032,1.0348970454212978,-11.111252363162302,1.0562098311792893,-11.110110696542968,1.0404859711617664,0.010409100671720135,0.8327280537376108,1.0585214890627248,0,5.720300003304146,24.07810000295285
622,20.733333333333523,TRACKING,1,0,1,0,-11.072481833401255,1.1129332039994289,-11.08555049301549,1.130585616285083,-11.09480188563396,1.1162152964602496,0.022560072309104288,1.804805784728343,0.9115065308097621,1,6.95020001148805,44.74319999280851
623,20.766666666666858,TRACKING,1,0,1,0,-11.04319726471182,1.190861522911109,-11.050691525362348,1.2133424053229804,-11.049034101588324,1.2055852564953211,0.01583846568900465,1.267077255120372,0.910870992861353,1,13.160899994545616,37.728199997218326
624,20.800000000000193,TRACKING,1,0,1,0,-11.013476729503356,1.2686744511515655,-11.017633978342175,1.2932796473108712,-10.989560458054411,1.3023329629908378,0.04129023442963299,3.303218754370639,0.9648731802943044,1,5.770900010247715,49.663999991025776
625,20.833333333333528,TRACKING,1,0,1,0,-10.983321401091702,1.3463644488970414,-10.993199874136847,1.368693140620996,-10.981420549550139,1.3520676905707374,0.0060116721610253,0.480933772882024,1.4341748343229737,1,7.097800000337884,37.71019999112468
626,20.866666666666863,TRACKING,1,0,1,0,-10.952732469957597,1.4239239882353225,-10.96735612855809,1.4481879946466842,-10.978057384953104,1.4249912119922674,0.02534739209617059,2.027791367693647,0.9958631248821247,1,5.15750001068227,25.04519998910837
627,20.900000000000198,TRACKING,1,0,1,0,-10.921711143699657,1.5013455538952185,-10.933757007707518,1.528053548024327,-10.94393708947173,1.5203040702156667,0.029213318992127934,2.3370655193702348,0.36013845644837944,1,8.058499995968305,22.813300005509518
628,20.933333333333533,TRACKING,1,0,1,0,-10.890258646986725,1.5786216439747462,-10.897799396065217,1.6030623095677894,-10.888210775766956,1.6135597942929394,0.03499811600914282,2.7998492807314257,0.44448125374127845,1,17.460100003518164,30.917799987946637
629,20.966666666666868,TRACKING,1,0,1,0,-10.858376221509522,1.6557447706680208,-10.862320995787067,1.675247723428522,-10.852653741147954,1.6949031093188403,0.0395742626890355,3.16594101512284,0.8586233966972626,1,3.4930999972857535,33.53919999790378
630,21.000000000000203,TRACKING,1,0,1,0,-10.82606512593161,1.7327074609908475,-10.827559096792735,1.7465078348152063,-10.833849256221251,1.735003326036782,0.008115644193485542,0.6492515354788434,0.679479217516353,1,6.284000002779067,26.632300010533072
631,21.033333333333537,TRACKING,1,0,1,0,-10.793326635839724,1.8095022575047743,-10.791313102879604,1.8259316456788637,-10.800808181307168,1.8220799502409544,0.014634612299175785,1.1707689839340627,0.6967996796816531,1,10.026500007370487,31.435500000952743
632,21.066666666666872,TRACKING,1,0,1,0,-10.760162043693388,1.8861217190397503,-10.756365154961784,1.904489289167372,-10.756184778793877,1.9194977514589069,0.03361217303486152,2.688973842788921,0.2870904977888871,1,5.368199999793433,30.382400000235066
633,21.100000000000207,TRACKING,1,0,1,0,-10.726572658773913,1.9625584214150957,-10.724255508672382,1.9790992073732956,-10.70724465368013,1.9935684503957738,0.03654030210996884,2.9232241687975073,0.7956666098795128,1,17.630900008953176,37.74269999121316
634,21.133333333333542,TRACKING,1,0,1,0,-10.692559807132707,2.038804958158935,-10.697253580306047,2.055395680752395,-10.67610557624322,2.053613145426004,0.02213648852688964,1.770919082151171,1.2704228818562067,1,4.5338000054471195,35.63909999502357
635,21.166666666666877,TRACKING,1,0,1,0,-10.658124831538906,2.114853941225808,-10.669406446527693,2.133963425952349,-10.662535592254992,2.131812690851529,0.017522956341966166,1.4018365073572931,1.7248755579619777,1,5.421599998953752,27.69470000930596
636,21.200000000000212,TRACKING,1,0,1,0,-10.623269091426396,2.1906980017125925,-10.637377705163125,2.2178222318465175,-10.629204030587779,2.2263830171970156,0.03617518255617838,2.8940146044942705,2.2466087068100156,0,6.009500008076429,19.54900000419002
637,21.233333333333547,TRACKING,1,0,1,0,-10.587993962840102,2.26632979057251,-10.606024555249999,2.300547537876931,-10.588948608516311,2.315421957449367,0.049101448013600314,3.928115841088025,2.8021065643704475,0,5.082499992568046,24.48730000469368
638,21.266666666666882,TRACKING,1,0,1,0,-10.5523008383817,2.3417419793272023,-10.574701332609319,2.3830535467894642,-10.570605466471198,2.3736269267242256,0.036765599138403285,2.9412479310722626,2.62248097951965,1,15.799600005266257,26.073899993207306
639,21.300000000000217,TRACKING,1,0,1,0,-10.516191127154638,2.4169272607768857,-10.53546169778641,2.464525875139512,-10.546177556569955,2.4445528440677715,0.040772034548712935,3.2617627638970346,2.8253669873214506,1,5.884900005185045,31.59159999631811
640,21.333333333333552,TRACKING,1,0,1,0,-10.479666254708476,2.4918783497083425,-10.49522420824589,2.5450354376589783,-10.50135549816601,2.536437038299893,0.04955703795384585,3.964563036307668,2.7503063948109308,1,5.002300007618032,21.853400001418777
641,21.366666666666887,TRACKING,1,0,1,0,-10.442727662982643,2.5665879836008862,-10.455986192004818,2.6226725480249238,-10.44763303065777,2.6328709117568954,0.06646419484927839,5.317135587942271,2.0275401819297825,1,5.1118999981554225,20.767699999851175
642,21.400000000000222,TRACKING,1,0,1,0,-10.405376810249493,2.641048923330025,-10.42408800459066,2.690975936996942,-10.423217003483952,2.6909902447663576,0.05303214196550941,4.242571357240753,2.1212289907278756,1,10.697599995182827,22.88280001084786
643,21.433333333333557,TRACKING,1,0,1,0,-10.367615171056727,2.7152539538689555,-10.391680758501705,2.759050253826463,-10.395500795842159,2.7531388002959454,0.0470411485666591,3.7632918853327277,1.8888282831733634,2,8.900099986931309,32.421300013083965
644,21.466666666666892,TRACKING,1,0,1,0,-10.329444236169207,2.7891958849876564,-10.355039991667521,2.8287587000116137,-10.370974521023559,2.824506624971574,0.054512502403535085,4.361000192282807,2.078955989123584,1,4.478999995626509,20.273700007237494
645,21.500000000000227,TRACKING,1,0,1,0,-10.290865512510088,2.8628675519495776,-10.319226596512062,2.898744693126792,-10.312519959799216,2.9118131001577083,0.053521787869914045,4.281743029593124,1.9910308161031922,2,4.9915999989025295,22.352200001478195
646,21.533333333333562,TRACKING,1,0,1,0,-10.251880523101317,2.9362618162059286,-10.281679574565828,2.9682606561160827,-10.271319486606178,2.9690818512772736,0.03814482932492461,3.051586345993969,1.9633117262661408,2,7.344199999351986,21.66420000139624
647,21.566666666666897,TRACKING,1,0,1,0,-10.212490807003533,3.009371566087326,-10.242460824906251,3.0403091137149634,-10.25262619983489,3.036303890915423,0.048334251606633925,3.866740128530714,1.2813167338197207,2,5.315100002917461,26.61929999885615
648,21.600000000000232,TRACKING,1,0,1,0,-10.172697919255265,3.082189717492947,-10.197468011358527,3.1127986197561386,-10.20959953183263,3.0986575039502022,0.04040936774575561,3.232749419660449,1.3082447053026158,2,8.110200011287816,34.65469999355264
649,21.633333333333567,TRACKING,1,0,1,0,-10.132503430811594,3.1547092145768993,-10.150951561371967,3.187445715029936,-10.147208213025463,3.2074761381046066,0.054777539544380985,4.382203163550479,0.9753261804209471,2,7.669699989492074,23.87450000969693
650,21.666666666666902,TRACKING,1,0,1,0,-10.0919089284821,3.226923030431968,-10.109980275787091,3.2540926460086976,-10.099516578327782,3.2620927433389615,0.035983121628547644,2.8786497302838114,1.9271241239717884,2,7.386900004348718,24.268699999083765
651,21.700000000000237,TRACKING,1,0,1,0,-10.050916014868227,3.2988241677704417,-10.07421913118234,3.32158115095312,-10.079138289887853,3.3185054286984546,0.03440710448439302,2.7525683587514416,2.3041603670182367,1,4.801999995834194,23.566999996546656
652,21.733333333333572,TRACKING,1,0,1,0,-10.009526308300016,3.3704056596021794,-10.037689981145087,3.3894370083844674,-10.040711721972574,3.3814792961209075,0.03309313299881849,2.6474506399054794,2.2512092307134153,1,6.783100005122833,24.18339998985175
653,21.766666666666907,TRACKING,1,0,1,0,-9.967741442772201,3.441660569909665,-9.998623266667387,3.459445307958884,-10.001842398284785,3.4665189327349433,0.04219968446830336,3.375974757464269,2.4193296275737497,1,4.107500004465692,30.27960000326857
654,21.800000000000242,TRACKING,1,0,1,0,-9.925563067879732,3.5125819943200685,-9.95801569014446,3.5243776817693835,-9.956004295127372,3.5434886923804623,0.043380782627089096,3.470462610167128,2.5127455781728814,1,6.927800000994466,19.456900001387112
655,21.833333333333577,TRACKING,1,0,1,0,-9.882992848752632,3.5831630607743024,-9.914149832505084,3.587422303951925,-9.904313131228236,3.5995657917084256,0.026899888976290483,2.1519911181032385,2.796355091628199,1,6.194900008267723,28.13130000140518
656,21.866666666666912,TRACKING,1,0,1,0,-9.840032465990262,3.6533969301928493,-9.872582134291045,3.653201970185397,-9.871699557473109,3.6490524550981456,0.031963716098593505,2.5570972878874803,2.0766399906840154,1,4.589000003761612,24.634100002003834
657,21.900000000000247,TRACKING,1,0,1,0,-9.796683615594963,3.7232767971385003,-9.827767586521112,3.7258535302001903,-9.823542614640056,3.719457123212427,0.027129241393850548,2.170339311508044,1.2584664402890753,1,6.750300002750009,26.740199988125823
658,21.933333333333582,TRACKING,1,0,1,0,-9.752948008905129,3.7927958904757273,-9.779141054958906,3.8012288206691034,-9.770783769697648,3.812724441226409,0.026744373203917832,2.1395498563134265,1.10685295248949,1,9.79179999558255,31.24680000473745
659,21.966666666666917,TRACKING,1,0,1,0,-9.708827372527626,3.8619474740268362,-9.730114241077754,3.8708843363273315,-9.727732090823432,3.8792344071255114,0.025616916867606275,2.049353349408502,0.6120573333319613,1,7.574599992949516,27.957800004514866
660,22.000000000000252,TRACKING,1,0,1,0,-9.664323448269629,3.9307248472246306,-9.680075302654467,3.9425030872638884,-9.687162515855338,3.9268344947602416,0.023168035101875914,1.853442808150073,0.9562720396432122,1,3.593200002796948,28.385599987814203
661,22.033333333333587,TRACKING,1,0,1,0,-9.619437993069875,3.9991213457617176,-9.627715878185704,4.020513040253295,-9.635701903477944,4.010383451049863,0.019782562960420035,1.5826050368336029,2.0757290223562572,1,8.220000003348105,26.11619999515824
662,22.066666666666922,TRACKING,1,0,1,0,-9.574172778929263,4.067130342236241,-9.57298604692267,4.099559708384089,-9.578087662705531,4.108955392174293,0.04200786970678521,3.360629576542817,1.865985720288719,1,6.5848999947775155,24.672500003362074
663,22.100000000000257,TRACKING,1,0,1,0,-9.52852959284095,4.134745246794035,-9.51988834326165,4.170780336704777,-9.50099629459473,4.164567244150929,0.04058859493342844,3.247087594674275,1.8127605908049542,1,6.730100009008311,24.443899994366802
664,22.133333333333592,TRACKING,1,0,1,0,-9.482510236719765,4.2019595077672065,-9.475277073169464,4.243244012083778,-9.474511271893839,4.231370993633411,0.03047981199325819,2.4383849594606555,2.0859715930973532,1,9.778599996934645,21.38570000533946
665,22.166666666666927,TRACKING,1,0,1,0,-9.436116527331095,4.268766612308917,-9.430540531783189,4.314872149537709,-9.445350345850493,4.289742111462651,0.022918005349451508,1.8334404279561205,2.222873523182865,1,10.13339999190066,21.48239999951329
666,22.200000000000262,TRACKING,1,0,1,0,-9.389350296219149,4.335160087024509,-9.381580268295421,4.384332934555175,-9.386610526652944,4.383053223296011,0.047971437743689,3.83771501949512,1.350200877883396,1,6.226700003026053,29.194699993240647
667,22.233333333333597,TRACKING,1,0,1,0,-9.342213389634647,4.401133498598706,-9.333971139856622,4.446377588041587,-9.320788829005908,4.4521570129473504,0.05533905325013119,4.427124260010496,0.24912360081320978,1,6.629199997405522,28.334600006928667
668,22.266666666666932,TRACKING,1,0,1,0,-9.294707668461953,4.466680454419032,-9.288317527835515,4.5023686256015445,-9.27054763352738,4.497270933862139,0.038980568500201575,3.118445480016126,0.36374403517732146,1,4.913600001600571,24.901699987822212
669,22.300000000000267,TRACKING,1,0,1,0,-9.246835008145597,4.531794603195185,-9.243162707724268,4.559610254352945,-9.252222273173077,4.548152323282984,0.01722201007278479,1.3777608058227833,0.6195595353001156,1,6.926100002601743,25.979600002756342
670,22.333333333333602,TRACKING,1,0,1,0,-9.198597298616235,4.596469635574497,-9.192749831140208,4.622438003526661,-9.198767133215929,4.618609552609166,0.022140568422993792,1.7712454738395034,0.8763331497256482,1,9.025300008943304,27.70829999644775
671,22.366666666666937,TRACKING,1,0,1,0,-9.149996444216054,4.6606992847532736,-9.14162995436843,4.684152272371469,-9.129493012487305,4.694961341537728,0.03992842656249596,3.194274124999677,1.028747626762557,1,10.143799998331815,35.30049999244511
672,22.400000000000272,TRACKING,1,0,1,0,-9.101034363623553,4.724477327084013,-9.095012332983597,4.740333549844142,-9.078200808589807,4.7364046339999,0.025761053661386993,2.0608842929109596,0.6076562463900532,1,4.742699995404109,23.78879999741912
673,22.433333333333607,TRACKING,1,0,1,0,-9.05171298977784,4.78779758267849,-9.051677549388291,4.803517123666644,-9.04950619526665,4.795034081255361,0.007565504191240515,0.6052403352992413,0.5818262103090106,1,7.039699994493276,21.282900008372962
674,22.466666666666942,TRACKING,1,0,1,0,-9.002034269802309,4.850653916006532,-9.005952018989746,4.868203558603673,-9.007073707307745,4.8723076749638565,0.022232435929360018,1.7785948743488016,0.30679461719553747,1,7.067900005495176,28.8622999942163
675,22.500000000000277,TRACKING,1,0,1,0,-8.952000164927753,4.913040236490569,-8.956163209353246,4.930155350005014,-8.951449670009781,4.942303423811581,0.02926836477904715,2.341469182323772,1.009023833572621,1,11.261199993896298,26.7805000039516
676,22.533333333333612,TRACKING,1,0,1,0,-8.901612650414975,4.974950499095749,-8.905151243904927,4.9871689418065595,-8.887920510636722,4.993044464667956,0.02269066508138165,1.815253206510532,1.1514320701143095,1,10.623599999235012,35.166699992259964
677,22.566666666666947,TRACKING,1,0,1,0,-8.850873715476755,5.036378704915725,-8.85637197446678,5.045707984326251,-8.85759884312254,5.026742318461559,0.011751054665268741,0.9400843732214993,0.30777571893287703,1,8.120500002405606,25.47469999990426
678,22.600000000000282,TRACKING,1,0,1,0,-8.79978536319937,5.097318901753907,-8.804294551112362,5.109850920263947,-8.817271902059394,5.101313124656661,0.01793691327681692,1.4349530621453535,0.24520195774631023,1,3.966699994634837,31.683600012911484
679,22.633333333333617,TRACKING,1,0,1,0,-8.74834961046349,5.157765184700198,-8.751171370916182,5.17231017147296,-8.75283267573613,5.185436562074313,0.028032177939279347,2.2425742351423477,0.5983331782114824,1,5.324600002495572,20.568000007187948
680,22.666666666666952,TRACKING,1,0,1,0,-8.696568487864573,5.2177116967032,-8.699184004885494,5.231336042924471,-8.690624740616531,5.248139881914159,0.03100326735331347,2.4802613882650775,1.169079273536163,1,3.2894000032683834,15.636500000255182
681,22.700000000000287,TRACKING,1,0,1,0,-8.644444039632656,5.277152629137696,-8.649076447610746,5.287414498030898,-8.646483627534087,5.281222553013395,0.004552383898755256,0.36419071190042046,1.2844514397684885,0,3.0245000089053065,17.227699994691648
682,22.733333333333622,TRACKING,1,0,1,0,-8.591978323551714,5.336082222367536,-8.59881166432503,5.344359287680416,-8.603362336963015,5.334988770278968,0.011436406726706417,0.9149125381365133,1.3988605695704865,0,3.0267999973148108,17.06880000710953
683,22.766666666666957,TRACKING,1,0,1,0,-8.53917341087838,5.39449476630368,-8.54864404843549,5.4015738047827835,-8.555310948790112,5.415577637312617,0.026550095665214556,2.1240076532171646,0.3313600400397483,1,3.647999998065643,14.769800007343292
684,22.800000000000292,TRACKING,1,0,1,0,-8.486031386260194,5.452384600957532,-8.491059436525424,5.464402819586372,-8.476083681622233,5.4705199761350825,0.02068450290421834,1.6547602323374673,0.866944496925966,1,4.373900010250509,17.825599992647767
685,22.833333333333627,TRACKING,1,0,1,0,-8.432554347653298,5.50974611698933,-8.433212970528373,5.5285208033685755,-8.427580678043052,5.520222370634563,0.011596951316235345,0.9277561052988276,1.4998289566354297,1,4.105100000742823,17.041899991454557
686,22.866666666666962,TRACKING,1,0,1,0,-8.378744406239594,5.566573756251715,-8.374905660719246,5.593170532641163,-8.37598466305262,5.569320643952358,0.0038937866528611412,0.3115029322288913,2.2439833196084114,1,5.980100002489053,16.24440000159666
687,22.900000000000297,TRACKING,1,0,1,0,-8.32460368634344,5.622862012328275,-8.31731220196349,5.6593663496233635,-8.319730252564742,5.661304462680903,0.03875012704378685,3.100010163502948,1.732129793110558,1,4.142699996009469,20.72790000238456
688,22.933333333333632,TRACKING,1,0,1,0,-8.270134325347755,5.678605431067091,-8.258984507632608,5.715619435117063,-8.245852653136094,5.725676313511184,0.05296477678099107,4.237182142479286,0.9295080631453455,1,4.808700003195554,17.355500007397495
689,22.966666666666967,TRACKING,1,0,1,0,-8.215338473609643,5.733798611109255,-8.20439755122887,5.765737897219472,-8.192711786519034,5.766130225190002,0.03946264357291223,3.1570114858329785,0.16577492463850468,1,4.470400002901442,19.847200004733168
690,23.000000000000302,TRACKING,1,0,1,0,-8.160218294375513,5.788436204412213,-8.15401532318087,5.816087292401543,-8.16302088785534,5.81221678881028,0.02394516077471037,1.9156128619768296,0.365601697479666,1,4.688200002419762,19.09850000811275
691,23.033333333333637,TRACKING,1,0,1,0,-8.104775963695644,5.842512916768005,-8.102196837623026,5.870381091746046,-8.108329727099001,5.869161311332457,0.026884310799976857,2.1507448639981486,0.40519603809949495,1,4.709599990746938,20.235100004356354
692,23.066666666666972,TRACKING,1,0,1,0,-8.04901367033833,5.89602350831622,-8.049040557029063,5.923823697856252,-8.036525209511868,5.9392340846905975,0.044979056953430886,3.598324556274471,0.4887682013418088,1,5.151999997906387,19.51369999733288
693,23.100000000000307,TRACKING,1,0,1,0,-7.992933615703427,5.948962794051763,-7.996122185496246,5.972110437499015,-7.979130872558935,5.982883294003545,0.036621251143177554,2.9297000914542046,1.0911839897446896,1,4.514900007052347,22.00270000321325
694,23.133333333333642,TRACKING,1,0,1,0,-7.936538013735472,6.001325644327225,-7.943000248320606,6.0184159860178355,-7.939501732544976,6.0189453783046405,0.017867250897009836,1.429380071760787,0.6029242664417775,1,5.71900000795722,18.955499996081926
695,23.166666666666977,TRACKING,1,0,1,0,-7.879829090836271,6.053106985349961,-7.883996638834037,6.068758393231557,-7.905580985792301,6.064992253574008,0.028362293535324896,2.2689834828259916,1.0755774130175748,1,4.767199992784299,20.720600005006418
696,23.200000000000312,TRACKING,1,0,1,0,-7.822809085776986,6.104301799673715,-7.820076003456884,6.1201822795104945,-7.829910572446541,6.139664903342318,0.036069103315638694,2.885528265251095,1.2429952249859197,0,4.287999996449798,18.63200000661891
697,23.233333333333647,TRACKING,1,0,1,0,-7.765480249609789,6.154905126684776,-7.75753921497907,6.171679803379186,-7.748640001427546,6.18814112428306,0.0372588982015397,2.9807118561231762,0.5843559871439193,1,7.403000010526739,20.590299987816252
698,23.266666666666982,TRACKING,1,0,1,0,-7.707844845578968,6.204912063082677,-7.705402480327798,6.220782144900112,-7.701108934244189,6.216642189782807,0.013526580274078789,1.0821264219263032,0.9706390394985646,1,4.741400000057183,19.003599998541176
699,23.300000000000317,TRACKING,1,0,1,0,-7.649905149031589,6.25431776335528,-7.654044128878919,6.271974277182566,-7.660636424390959,6.262444033744363,0.013460926464218998,1.07687411713752,0.5764191835538386,1,5.209199996897951,20.698300009826198
700,23.333333333333652,TRACKING,1,0,1,0,-7.5916634473276705,6.303117440248317,-7.596403846387775,6.32531956375584,-7.60305780052545,6.333320825217379,0.032281198063038495,2.5824958450430797,0.5859008363410195,1,5.175099999178201,20.24520000850316
701,23.366666666666987,TRACKING,1,0,1,0,-7.533122039749853,6.351306365229232,-7.532594262226685,6.373449705442634,-7.5277503765222855,6.389710503314469,0.03877799102455382,3.1022392819643057,0.7021400806432296,1,5.040699994424358,20.409100005053915
702,23.400000000000322,TRACKING,1,0,1,0,-7.474283237412676,6.39887986894539,-7.470652855197648,6.41978276489703,-7.454154867780517,6.428815850544334,0.03607373363461446,2.885898690769157,0.09374074033204413,1,6.157299998449162,21.075199998449534
703,23.433333333333657,TRACKING,1,0,1,0,-7.415149363171309,6.445833341676493,-7.414096192728578,6.467744890876922,-7.41749713046499,6.449279633723407,0.004170004812695411,0.3336003850156329,0.7761895411688806,1,4.9952999979723245,20.74670000001788
704,23.466666666666992,TRACKING,1,0,1,0,-7.355722751529862,6.492162233781271,-7.353882435528235,6.519370266876403,-7.360507203369859,6.514969986252325,0.02330417456573182,1.8643339652585456,1.1231897585236377,1,4.986800006008707,21.02230000309646
705,23.500000000000327,TRACKING,1,0,1,0,-7.296005748549192,6.537862056138322,-7.29246268816274,6.56971824036407,-7.292256614671478,6.581831524925921,0.044129017554174386,3.530321404333951,0.39199148709386933,1,5.577999996603467,23.423699996783398
706,23.533333333333662,TRACKING,1,0,1,0,-7.23600071175433,6.582928380581074,-7.232742878837516,6.613034554502221,-7.220862341058831,6.617733242747556,0.037954560960998,3.03636487687984,0.3276243067395667,1,4.930499999318272,21.671200011041947
707,23.566666666666997,TRACKING,1,0,1,0,-7.175710010041387,6.627356840326894,-7.17567744228569,6.6537544731965,-7.181442058714548,6.645707337798775,0.01922490934847331,1.537992747877865,0.3055476559667371,1,4.754299996420741,23.12060000258498
708,23.600000000000332,TRACKING,1,0,1,0,-7.11513602358403,6.67114313040018,-7.116992252716989,6.696939615602833,-7.138765028570552,6.691394471513445,0.03111987618129109,2.489590094503287,0.4117059580222374,1,4.812699989997782,23.176700007752515
709,23.633333333333667,TRACKING,1,0,1,0,-7.054281143739535,6.714283008049534,-7.05341964943123,6.74066932686432,-7.0639159272743735,6.748512211171243,0.03555935038931918,2.844748031145534,0.3862923728871395,1,6.075800003600307,20.173900004010648
710,23.666666666667002,TRACKING,1,0,1,0,-6.993147772954343,6.756772293158837,-6.992801833805068,6.779380954375064,-6.985852301220923,6.798793364805424,0.04264967022311757,3.411973617849405,1.1424160950033955,1,5.270900001050904,24.265900006867014
711,23.700000000000337,TRACKING,1,0,1,0,-6.931738324669259,6.798606868652317,-6.935445587311597,6.815587103511472,-6.933583586550683,6.825699084569949,0.02715498397603329,2.1723987180826634,1.3847594989840304,0,4.7728999925311655,22.192200005520135
712,23.733333333333672,TRACKING,1,0,1,0,-6.8700552232241545,6.839782680893467,-6.877572739999845,6.8528896006916,-6.904175144820026,6.839577028519045,0.0341205413586523,2.729643308692184,1.0899369610364762,1,6.426699997973628,25.279500012402423
713,23.766666666667007,TRACKING,1,0,1,0,-6.808100903762257,6.880295740077826,-6.806951905695137,6.900242300476003,-6.81444718276488,6.901998513401514,0.022611625928237136,1.808930074258971,1.4298458451135119,1,5.401100002927706,27.07499999087304
714,23.80000000000034,TRACKING,1,0,1,0,-6.745877812134022,6.920142120619591,-6.738956673195578,6.945266009741865,-6.723208107934727,6.962945493747694,0.04843598083684444,3.874878466947555,0.7308293299266345,1,6.251900005736388,19.775299995671958
715,23.833333333333677,TRACKING,1,0,1,0,-6.683388404800548,6.959317961531976,-6.675555026523964,6.98347995135619,-6.675891915218814,6.978445509890132,0.020544110159425772,1.643528812754062,1.201076236350061,1,6.011899997247383,22.76210000854917
716,23.86666666666701,TRACKING,1,0,1,0,-6.620635148736648,6.997819466801354,-6.609552520641987,7.024814499925013,-6.618985840813757,7.0140105618095125,0.01627488169504573,1.3019905356036583,1.533582254311843,1,5.6290000065928325,23.823700001230463
717,23.900000000000347,TRACKING,1,0,1,0,-6.557620521333417,7.035642905755049,-6.544420744724844,7.067357602507933,-6.552200553761258,7.069720496545133,0.03450591605130483,2.7604732841043864,1.0740883624574904,1,5.819900005008094,21.316300000762567
718,23.93333333333368,TRACKING,1,0,1,0,-6.494347010300451,7.072784613422854,-6.4808082456896985,7.103425872926608,-6.470573861746663,7.112064174193624,0.045913467376196324,3.673077390095706,0.28261005099650915,1,5.677799999830313,23.69889999681618
719,23.966666666667017,TRACKING,1,0,1,0,-6.430817113567629,7.109240990892133,-6.42187637323685,7.135709553606759,-6.400416343382038,7.1369352189593736,0.041123923646917256,3.289913891753381,0.9816559169760606,1,5.40039999759756,20.12339999782853
720,24.00000000000035,TRACKING,1,0,1,0,-6.367033339186476,7.145008505656557,-6.365733622103143,7.1656354818418535,-6.364988277606578,7.15351700376234,0.008750818069282344,0.7000654455425875,1.1077622253796486,1,6.171799992443994,22.121600006357767
721,24.033333333333687,TRACKING,1,0,1,0,-6.3029982052312015,7.180083691958395,-6.305764111777462,7.196130163918195,-6.325753257014177,7.190415300853782,0.024990688746273405,1.9992550997018725,0.8542437141851509,1,5.6022999924607575,22.46930000546854
722,24.06666666666702,TRACKING,1,0,1,0,-6.238714239699245,7.214463151124317,-6.237579219519755,7.229129409168593,-6.237219923387279,7.240367622824562,0.025947536208838617,2.0758028967070894,1.1832027918065668,1,5.2533999987645075,20.573600006173365
723,24.100000000000357,TRACKING,1,0,1,0,-6.174183980411494,7.248143551894737,-6.173472686396099,7.258869274796474,-6.175605134305181,7.264129520784783,0.016049014915036474,1.283921193202918,1.4865528972021425,1,5.264000006718561,23.494399996707216
724,24.13333333333369,TRACKING,1,0,1,0,-6.1094099749121025,7.281121630746581,-6.11094787253087,7.287962505734883,-6.110566365583888,7.281397501091189,0.0011888413825346144,0.09510731060276915,1.7068774539878242,1,4.9291999894194305,20.05289999942761
725,24.166666666667027,TRACKING,1,0,1,0,-6.044394780367879,7.313394192209533,-6.051404445756967,7.318333832960629,-6.070733947427457,7.319703010401418,0.027084181884830954,2.1667345507864764,1.0660801283495096,1,5.6788999936543405,22.96990000468213
726,24.20000000000036,TRACKING,1,0,1,0,-5.979140963467387,7.344958109175643,-5.985010364322815,7.351203307344907,-5.990625652603022,7.37092526738608,0.028393509646890316,2.271480771751225,1.7046280355187449,1,5.546400003368035,21.677700002328493
727,24.233333333333697,TRACKING,1,0,1,0,-5.913651100319586,7.375810323202355,-5.916956426938623,7.378440913063539,-5.922095403068086,7.398276086982249,0.024000349812498958,1.9200279849999167,2.276374308533763,1,7.257899997057393,20.921500006807037
728,24.26666666666703,TRACKING,1,0,1,0,-5.8479277763521464,7.405947844808842,-5.848647156677919,7.403400393304036,-5.843289202501369,7.39971071251247,0.007772913652650424,0.621833092212034,1.4995335238540004,1,5.603899990092032,20.166600006632507
729,24.300000000000367,TRACKING,1,0,1,0,-5.781973586209344,7.435367753765694,-5.7825247052693,7.434814680841617,-5.803203680377409,7.4175074532592244,0.027743598046509964,2.219487843720797,0.5390415422152084,1,5.362100011552684,22.848099994007498
730,24.3333333333337,TRACKING,1,0,1,0,-5.715791133649682,7.464067199377867,-5.716110972087343,7.470366312536522,-5.736381787327332,7.472987936294313,0.022440021524173435,1.7952017219338747,0.20931939336027386,1,5.42410000343807,21.15510001021903
731,24.366666666667037,TRACKING,1,0,1,0,-5.649383031443065,7.492043400760906,-5.648665206720199,7.504438300259198,-5.652354881411917,7.519291452370228,0.02740963715085725,2.19277097206858,0.4616790973317959,1,6.188899991684593,21.848600008524954
732,24.40000000000037,TRACKING,1,0,1,0,-5.582751901267661,7.519293647110417,-5.583306188902059,7.5340632200630795,-5.570576665363166,7.530334053652621,0.016435539113373917,1.3148431290699134,1.1524450186630715,1,7.5087000004714355,21.00919999065809
733,24.433333333333707,TRACKING,1,0,1,0,-5.515900373606406,7.545815297964714,-5.522865214932373,7.566309980379578,-5.53057936859044,7.551147603384121,0.015617502195522355,1.2494001756417885,1.880573585506748,1,4.918400009046309,20.793999996385537
734,24.46666666666704,TRACKING,1,0,1,0,-5.448831087643126,7.571605783460695,-5.4624905005333355,7.599557788489486,-5.467520656561644,7.595252333431215,0.030140658782918623,2.41125270263349,1.9772806731529349,1,5.899700001464225,23.194199995486997
735,24.500000000000377,TRACKING,1,0,1,0,-5.381546691158399,7.596662604582832,-5.399805322921368,7.628901074044305,-5.403334359018367,7.62841102328321,0.03850538352945964,3.0804306823567713,1.4568611846210897,1,5.753600009484217,23.448199994163588
736,24.53333333333371,TRACKING,1,0,1,0,-5.314049840424989,7.6209833334053325,-5.332536146027762,7.653708093841212,-5.327344903767044,7.657104636009945,0.038490352182374524,3.079228174589962,1.2599600794386043,1,5.008799998904578,21.866499999305233
737,24.566666666667047,TRACKING,1,0,1,0,-5.24634320010299,7.644565613327396,-5.264267419963457,7.676490697505987,-5.260573566698168,7.663381212658633,0.023590890437345215,1.8872712349876173,1.2846219734359805,1,5.3373999980976805,25.730699999257922
738,24.60000000000038,TRACKING,1,0,1,0,-5.178429443134638,7.667407159301547,-5.194150417500857,7.702211918951352,-5.215066342533822,7.680213122375506,0.038810502287880154,3.1048401830304124,1.5113842482675133,1,5.588499989244156,20.605800003977492
739,24.633333333333717,TRACKING,1,0,1,0,-5.110311250638754,7.689505758055071,-5.117925687586661,7.729505377161649,-5.127532431716767,7.737834436043368,0.0513052647768067,4.104421182144536,1.1329028136926858,1,5.336200003512204,24.589200009359047
740,24.66666666666705,TRACKING,1,0,1,0,-5.0419913118049475,7.710859268304453,-5.042464584203605,7.750387846047239,-5.041870266244975,7.760573734961902,0.04971461401904108,3.9771691215232865,0.6058437299973624,1,5.502300002262928,22.420499997679144
741,24.700000000000387,TRACKING,1,0,1,0,-4.9734723237874245,7.731465620962877,-4.969947120547472,7.76707771776881,-4.968404986781312,7.763479347434484,0.03241229067703192,2.5929832541625535,0.4768613960310553,1,4.9885000044014305,25.369700000737794
742,24.73333333333372,TRACKING,1,0,1,0,-4.904756991598505,7.7513228193407,-4.90287524939927,7.785027548103389,-4.904753135788911,7.774954872913442,0.023632053887299144,1.8905643109839316,0.5232588881656761,1,5.11749999714084,21.504400006961077
743,24.766666666667057,TRACKING,1,0,1,0,-4.835848028001859,7.77042893933894,-4.834802928661878,7.8028645213484875,-4.841417833404821,7.816600486866721,0.046506284879971306,3.720502790397705,0.47490786010342856,1,5.394699997850694,22.918600006960332
744,24.80000000000039,TRACKING,1,0,1,0,-4.766748153405354,7.788782129635698,-4.766466039047834,7.8149751280499355,-4.752848299099455,7.838524400994404,0.05164784128739945,4.131827302991956,1.7756141902148324,1,6.054899989976548,23.495700006606057
745,24.833333333333727,TRACKING,1,0,1,0,-4.697460095753733,7.806380611865561,-4.70195948476795,7.82212939988153,-4.681662682965731,7.823202001762873,0.023076338723287976,1.8461070978630383,1.413694115824315,1,5.837300006533042,22.065900004236028
746,24.86666666666706,TRACKING,1,0,1,0,-4.627986590420871,7.82322268079191,-4.635972333581567,7.83681259097271,-4.635014934880668,7.827233983532642,0.008092476476540057,0.6473981181232046,0.28606550319379515,1,6.219000002602115,24.56510000047274
747,24.900000000000396,TRACKING,1,0,1,0,-4.558330380101802,7.839306704472153,-4.5626860590227665,7.855144404688586,-4.565997463921515,7.86143003456446,0.023414224494346856,1.8731379595477484,0.9673073746690923,1,7.717800006503239,23.23009999236092
748,24.93333333333373,TRACKING,1,0,1,0,-4.488494214704449,7.854631124415862,-4.484159395937311,7.874276075876091,-4.477213366855382,7.887485813141414,0.0347374164187074,2.778993313496592,1.427037464842851,0,5.916800000704825,21.271699995850213
749,24.966666666667066,TRACKING,1,0,1,0,-4.418480851241021,7.869194455735775,-4.407059052298853,7.893425715598889,-4.391365074136505,7.900627500136361,0.041512668527463006,3.3210134821970407,0.6870124100961944,1,5.665699995006435,22.275600000284612
750,25.0000000000004,TRACKING,1,0,1,0,-4.348293053719239,7.882995287291685,-4.338409916764625,7.9103402770588644,-4.33257759525216,7.89655987295815,0.020759904121487382,1.6607923297189904,1.2175762313869978,1,5.418999993707985,25.65179999510292
751,25.033333333333736,TRACKING,1,0,1,0,-4.277933593033165,7.896032281827172,-4.268594282275806,7.928888567381408,-4.261925992082907,7.924057739823137,0.0322749064145242,2.5819925131619357,1.2354834230624943,1,5.28409999969881,22.885300000780262
752,25.06666666666707,TRACKING,1,0,1,0,-4.207405246853844,7.908304176099181,-4.2002802179567595,7.94462713768957,-4.200063610260123,7.9556565559534835,0.047918133370785924,3.833450669662874,1.0758151656432309,1,5.660499999066815,21.584500005701557
753,25.100000000000406,TRACKING,1,0,1,0,-4.136710799519599,7.9198097810004215,-4.129066284794811,7.957116064796614,-4.10996096136544,7.966210607385314,0.05355922451337979,4.284737961070383,0.790542641363465,1,4.997500000172295,25.260599999455735
754,25.13333333333374,TRACKING,1,0,1,0,-4.065853041926172,7.930547981674592,-4.060508260674745,7.966934276768632,-4.055176031100673,7.960137347031804,0.031456781501138696,2.5165425200910954,0.8060990582479287,1,5.568799999309704,26.23969998967368
755,25.166666666667076,TRACKING,1,0,1,0,-3.994834771416506,7.940517737624409,-3.9897072438955097,7.976461996789441,-3.9970061278662445,7.963526090694683,0.023110584151816254,1.8488467321453002,1.3148728955059028,1,6.188100000144914,24.603900004876778
756,25.20000000000041,TRACKING,1,0,1,0,-3.9236587916703165,7.949718082812417,-3.915481133119516,7.987478367094711,-3.914845431082475,7.9878643718855,0.03915117743949126,3.1320941951593007,1.3034086229987365,1,6.193599998368882,24.8552999983076
757,25.233333333333746,TRACKING,1,0,1,0,-3.852327912593422,7.958148125754609,-3.8412012865563647,7.9956266529845665,-3.8345827986457,8.009225953278397,0.05407248407062059,4.325798725649647,0.8734080753909156,1,5.54050000209827,22.885300000780262
758,25.26666666666708,TRACKING,1,0,1,0,-3.7808449502067702,7.965807049606793,-3.768709578628367,7.999905511180735,-3.7697624203993607,7.997032686244796,0.03313401349641641,2.6507210797133127,1.5202024519030812,1,6.415500000002794,22.830800007795915
759,25.300000000000416,TRACKING,1,0,1,0,-3.7092127265353274,7.972694112243757,-3.6960000204086323,8.010034966133913,-3.717262391738749,7.992321353296095,0.021213809210364674,1.6971047368291738,2.7344364085695854,1,5.395399988628924,20.602200005669147
760,25.33333333333375,TRACKING,1,0,1,0,-3.637434069496631,7.978808646331167,-3.617362515290381,8.022317289844278,-3.621510163243492,8.017783121475983,0.042102024929599385,3.3681619943679513,2.708266597439227,1,5.416200001491234,29.64829999837093
761,25.366666666667086,TRACKING,1,0,1,0,-3.565511812789155,7.984150059390234,-3.5424268965049386,8.031277141937935,-3.5425191308606707,8.039428649800637,0.05986974177350035,4.789579341880028,2.012061969987357,1,5.486500012921169,28.440199996111915
762,25.40000000000042,TRACKING,1,0,1,0,-3.493448795780455,7.988717833855122,-3.4722288141882367,8.03547478136267,-3.4623195558666207,8.033389416600587,0.05444795572469133,4.355836457975306,1.858036336503874,1,5.811900002299808,28.89849999337457
763,25.433333333333756,TRACKING,1,0,1,0,-3.4212478633950294,7.992511527123102,-3.4073140262570223,8.04023985602766,-3.403015945602244,8.022709433709528,0.03527486907991837,2.8219895263934696,2.2338675863362356,1,5.023699995945208,28.332500005490147
764,25.46666666666709,TRACKING,1,0,1,0,-3.348911866002072,7.995530771597436,-3.3407278860498737,8.045893419745406,-3.348374360179669,8.03675603772029,0.0412287700448267,3.298301603586136,1.491107006508442,1,5.179400002816692,32.57999999914318
765,25.500000000000426,TRACKING,1,0,1,0,-3.2764436593029,7.997775274722993,-3.269418764696192,8.044727288332894,-3.2711497627222723,8.054941856215425,0.057411178184542624,4.59289425476341,0.5586453436456343,1,6.451099994592369,28.330900007858872
766,25.53333333333376,TRACKING,1,0,1,0,-3.2038461042182287,7.999244819014603,-3.199051009906165,8.038661171046504,-3.192367059063278,8.031605004324442,0.034335842365617514,2.746867389249401,0.5321434909884909,1,5.109899997478351,28.385900004650466
767,25.566666666667096,TRACKING,1,0,1,0,-3.1311220667752364,7.999939262078126,-3.1280500893735224,8.03482930282243,-3.1229099329743253,8.00802706768974,0.011526132967102616,0.9220906373682093,1.7809589725354253,1,7.267000008141622,26.920899996184744
768,25.60000000000043,TRACKING,1,0,1,0,-3.0582744179943777,7.99985853662425,-3.0524975308681253,8.039077325131277,-3.0678819415550254,8.030076912300371,0.03170890627996544,2.5367125023972354,2.5289799204408703,1,6.119800003943965,30.325299987453036
769,25.633333333333766,TRACKING,1,0,1,0,-2.985306033776101,7.999002650475015,-2.9726964958332296,8.042614864168167,-2.977106739857796,8.053009328874603,0.05462554102720915,4.3700432821767325,2.8015393029184725,2,7.124900002963841,32.41110000817571
770,25.6666666666671,TRACKING,1,0,1,0,-2.912219794787273,7.997371686563048,-2.8918284112006645,8.042461428928393,-2.876114773694283,8.045480605022751,0.060150150319742426,4.812012025579394,2.23631965894312,2,5.472600008943118,29.319799999939278
771,25.700000000000436,TRACKING,1,0,1,0,-2.8390185863474664,7.994965802923537,-2.8189396277382066,8.04065325981819,-2.814093434569686,8.021908412611825,0.03670377920542826,2.9363023364342604,2.3071940477133164,2,5.778000006102957,34.38529999402817
772,25.73333333333377,TRACKING,1,0,1,0,-2.7657052983150594,7.991785232678906,-2.744926611212937,8.038173000397006,-2.7566850625887613,8.02659689150654,0.03596131592266267,2.876905273813014,3.2213930556997834,2,6.013499994878657,28.164300005300902
773,25.766666666667106,TRACKING,1,0,1,0,-2.6922828249731108,7.987830284016234,-2.6647860308808324,8.036614694239786,-2.6642960999878778,8.046228039797358,0.06475766098054178,5.180612878443342,3.327022933212449,2,6.901200002175756,28.640500007895753
774,25.80000000000044,TRACKING,1,0,1,0,-2.618754064915158,7.983101340157395,-2.5857088094605936,8.031700687290632,-2.5669090242873454,8.043328336592806,0.07946822847736408,6.357458278189126,2.3520114881473972,2,5.797599995275959,29.90259999933187
775,25.833333333333776,TRACKING,1,0,1,0,-2.545121920930748,7.977598859321916,-2.513917642026169,8.022792805788898,-2.502456514621683,8.018012329262632,0.05876721405823775,4.70137712465902,1.87669860217778,2,5.667899997206405,30.367900006240234
776,25.86666666666711,TRACKING,1,0,1,0,-2.471389299890857,7.9713233746825845,-2.4440428992280205,8.013702859970907,-2.4479793198924162,8.001698785677258,0.038349612209547905,3.067968976763832,1.9301841564537896,2,7.152899997890927,28.50400000170339
777,25.900000000000446,TRACKING,1,0,1,0,-2.3975591126330924,7.964275494313782,-2.37275559567832,8.005535405774065,-2.3846644883630836,8.001360398326884,0.039262723297368726,3.141017863789498,1.5122832922477683,2,6.282300004386343,29.219399992143735
778,25.93333333333378,TRACKING,1,0,1,0,-2.323634273846839,7.956455901132566,-2.30120406482789,7.993703593042827,-2.3043074016428107,8.02009316932264,0.06650736720008034,5.320589376006427,0.43276611678188265,2,6.74050000088755,27.293599996482953
779,25.966666666667116,TRACKING,1,0,1,0,-2.2496177019581536,7.947865352832496,-2.2334201746040407,7.976669366714407,-2.2244548271915177,7.9797621389359366,0.04062727200108385,3.250181760086708,0.6028324986741402,2,6.106300003011711,32.80099999392405
780,26.00000000000045,TRACKING,1,0,1,0,-2.1755123190145573,7.938504681810214,-2.1654196127395204,7.966630691239528,-2.172788842088528,7.948527389856336,0.010386144768123568,0.8308915814498854,1.7334267086729394,2,6.291700003203005,33.00860000308603
781,26.033333333333786,TRACKING,1,0,1,0,-2.1013210505696907,7.9283747950847925,-2.096392997312817,7.962554539847146,-2.1081338415010302,7.956964864030067,0.02939057948679652,2.3512463589437216,1.698635002827688,1,5.590500004473142,29.23259999079164
782,26.06666666666712,TRACKING,1,0,1,0,-2.0270468255677754,7.9174766742098415,-2.0207294579512083,7.954224658923983,-2.0256866876717323,7.949975136719067,0.03252691255806208,2.6021530046449666,1.9013793587731642,1,8.695399999851361,28.482200010330416
783,26.100000000000456,TRACKING,1,0,1,0,-1.9526925762280463,7.905811375178406,-1.9451344346682748,7.945486081570124,-1.9357349048585757,7.958060656968931,0.05493223157583107,4.394578526066486,1.1954773571917952,1,6.603899993933737,33.76370000478346
784,26.13333333333379,TRACKING,1,0,1,0,-1.8782612379289527,7.893380028320633,-1.8729936737459765,7.930995707760394,-1.8778265383170714,7.927602782712585,0.03422551507171885,2.7380412057375083,0.6491696816247571,1,5.338100003427826,25.54000000236556
785,26.166666666667126,TRACKING,1,0,1,0,-1.8037557490922844,7.880183838194262,-1.798045393513421,7.912916909899289,-1.8094018627189579,7.901495081952736,0.022046489734612904,1.7637191787690323,0.6524591515005363,1,6.114199990406632,28.400499999406748
786,26.20000000000046,TRACKING,1,0,1,0,-1.729179051067177,7.86622408346789,-1.722141022899534,7.895202204630619,-1.713852171269128,7.90026936640339,0.037336236212318956,2.9868988969855166,0.1648376307188736,1,6.280099987634458,28.226800000993535
787,26.233333333333796,TRACKING,1,0,1,0,-1.6545340880139519,7.851502116797085,-1.6497633345937923,7.87467586870401,-1.6345494702965446,7.899925747359761,0.05238542681110344,4.190834144888275,0.9085205271381606,1,12.525000012828968,28.952499997103587
788,26.26666666666713,TRACKING,1,0,1,0,-1.5798238067879475,7.8360193646933105,-1.5791737232032004,7.852003347375948,-1.5750481521585247,7.857399970009949,0.021907468152330863,1.752597452186469,0.5830576189336517,1,6.888400006573647,27.41999999852851
789,26.300000000000466,TRACKING,1,0,1,0,-1.5050511568231433,7.819777327385704,-1.5045919221865895,7.832965401890407,-1.514378931060054,7.817124940122807,0.009697552805071558,0.7758042244057247,0.7632738848667608,1,8.78809999267105,29.35080000315793
790,26.3333333333338,TRACKING,1,0,1,0,-1.430219090015728,7.802777578675715,-1.4254792732318835,7.820702853611683,-1.447433402509989,7.822179388774458,0.025937671247777086,2.075013699822167,1.5042998517270423,1,5.844800005434081,29.90680000220891
791,26.366666666667136,TRACKING,1,0,1,0,-1.3553305606075767,7.785021765784601,-1.3434342217870194,7.806401409591521,-1.3336728990818427,7.823303778176525,0.04398371034302043,3.518696827441634,0.8114290762530705,1,6.149699998786673,30.83219999098219
792,26.40000000000047,TRACKING,1,0,1,0,-1.2803885250695795,7.766511609193816,-1.2677230732690576,7.785746737064023,-1.2589097928892878,7.793296552598259,0.034333207383696926,2.746656590695754,0.2441047907445098,1,6.145099992863834,29.301400005351752
793,26.433333333333806,TRACKING,1,0,1,0,-1.2053959419849891,7.747248902478304,-1.1957404252862105,7.764900789479515,-1.2145626259418614,7.752202762953269,0.010419636671717709,0.8335709337374168,0.07384386592819182,0,5.1199000008637086,31.746799999382347
794,26.46666666666714,TRACKING,1,0,1,0,-1.1303557719325774,7.72723551213272,-1.1230500301840576,7.744654187641499,-1.1357048766888322,7.736267520170705,0.010497146797660183,0.8397717438128147,0.15021505901277854,0,4.767399994307198,32.06369999679737
795,26.500000000000476,TRACKING,1,0,1,0,-1.0552709773697688,7.706473377390546,-1.0503063559232708,7.724756509055799,-1.0442845618640988,7.732074948661466,0.027859321190639136,2.228745695251131,0.9400071162134481,1,5.87160000577569,29.164099993067794
796,26.53333333333381,TRACKING,1,0,1,0,-0.980144522515698,7.6849645100362105,-0.9795186202117239,7.699398452109221,-0.9668528056589826,7.701234376895263,0.021009005321775312,1.6807204257420252,1.3239223069355266,1,6.75539999792818,26.685000004363246
797,26.566666666667146,TRACKING,1,0,1,0,-0.9049793732341436,7.662710994210137,-0.9104867906923894,7.676848656743122,-0.9051645315241015,7.658413061400492,0.004301919342405418,0.34415354739243337,2.2505993579915624,1,6.167600004118867,26.148799996008165
798,26.60000000000048,TRACKING,1,0,1,0,-0.8297784969165067,7.639714986206801,-0.8447075472632966,7.657537360591947,-0.8563561851627286,7.64111243383106,0.026614401597178646,2.129152127774292,2.022286879592738,2,5.973399995127693,32.27650000189897
799,26.633333333333816,TRACKING,1,0,1,0,-0.7545448623646203,7.6159787142658075,-0.7725156577453443,7.6390987060760285,-0.7828086192058034,7.642827839825827,0.038983528497497796,3.118682279799824,1.2637342086710077,2,5.556899996008724,28.599500001291744
800,26.66666666666715,TRACKING,1,0,1,0,-0.6792814396735657,7.591504478355955,-0.6954298094691852,7.614816795344387,-0.6860555631770019,7.625791336710281,0.03494964098598766,2.7959712788790125,1.0502113542646734,2,7.315599999856204,28.207399998791516
801,26.700000000000486,TRACKING,1,0,1,0,-0.6039912001143783,7.566294649952394,-0.6169273709136438,7.583884986113503,-0.6177373938049726,7.581347351125127,0.02038483881650607,1.6307871053204857,0.9949458690257296,1,7.328199993935414,36.41770000103861
802,26.73333333333382,TRACKING,1,0,1,0,-0.5286771160168092,7.54035167180683,-0.5389880045797546,7.554704445651307,-0.5429177582492234,7.549392010608369,0.016867827863665117,1.3494262290932095,0.3253296778372746,2,6.768000006559305,33.99859998899046
803,26.766666666667156,TRACKING,1,0,1,0,-0.4533421606519399,7.513678057710845,-0.45877851188959246,7.531197872907227,-0.46894676914169114,7.525029181259265,0.019296419666091646,1.5437135732873315,0.3808816612198904,2,14.040199996088631,27.900300003238954
804,26.80000000000049,TRACKING,1,0,1,0,-0.3779893081148141,7.486276392252293,-0.378264748422998,7.506020502457642,-0.3665420315399408,7.511123115106989,0.02735689634442709,2.188551707554167,0.6223295428208355,2,5.86720000137575,25.89460001036059
805,26.833333333333826,TRACKING,1,0,1,0,-0.302621533207036,7.458149330564883,-0.3038593647166764,7.479017986726189,-0.29483642907052376,7.4674027776218255,0.012092730413433618,0.9674184330746894,1.151318102079804,2,8.092699994449504,26.54580000671558
806,26.86666666666716,TRACKING,1,0,1,0,-0.22724181131928728,7.429299598070893,-0.2294047067165901,7.454834272477918,-0.23521563841401524,7.441758847608285,0.014792390529310268,1.1833912423448214,1.7061865662617772,1,5.686799995601177,28.043300000717863
807,26.900000000000496,TRACKING,1,0,1,0,-0.15185311831392795,7.3997299902170885,-0.1499857551312716,7.432659921711663,-0.16240786448817437,7.433769422754099,0.03563826081958075,2.8510608655664598,1.9597591442683013,1,7.982600000104867,26.961399998981506
808,26.93333333333383,TRACKING,1,0,1,0,-0.0764584304074718,7.369443372203868,-0.06721955974276335,7.406759385773744,-0.06259154823697652,7.426414008000425,0.05863398130942741,4.690718504754193,1.800891638820352,1,9.137999993981794,26.582500009681098
809,26.966666666667166,TRACKING,1,0,1,0,-0.0010607240531009445,7.338442678707605,0.015688713532626533,7.374394509446216,0.024223596194770027,7.383774364373251,0.051906247944595627,4.15249983556765,1.7018478952398588,1,7.1339999994961545,24.30119999917224
810,27.0000000000005,TRACKING,1,0,1,0,0.07433702417682861,7.306730913596309,0.09353730483576655,7.343351950581164,0.09490373294438305,7.328919085192739,0.030253999212038658,2.4203199369630926,1.7447324312516659,1,6.265199990593828,28.487900010077283
811,27.033333333333836,TRACKING,1,0,1,0,0.1497318377083397,7.274311149638543,0.16955296810007617,7.312190107448933,0.1600377706402633,7.313986306349391,0.04099183227946313,3.2793465823570505,1.2974770934276323,1,5.115000007208437,25.471100001595914
812,27.06666666666717,TRACKING,1,0,1,0,0.22512074008328004,7.241186528205716,0.24612358101636264,7.274987555550824,0.23911273945397152,7.28946804543669,0.050268090798380786,4.0214472638704635,0.8935016500066517,1,6.553100000019185,25.197999988449737
813,27.100000000000506,TRACKING,1,0,1,0,0.30050075507687035,7.207360258967652,0.3208361641956696,7.235288159833394,0.3232310779887619,7.238528263236558,0.038576055653545195,3.086084452283616,0.6108644089483884,1,5.201399995712563,27.014000006602146
814,27.13333333333384,TRACKING,1,0,1,0,0.37586890681518986,7.1728356195816065,0.39396042405190346,7.197247169372935,0.39877636509038117,7.194630350447606,0.031619012289301286,2.5295209831441032,0.6409720585408294,1,5.605400001513772,23.360100007266738
815,27.166666666667176,TRACKING,1,0,1,0,0.4512222198926483,7.137615955374663,0.4667384106062899,7.16179259022222,0.45545105232172356,7.1466025012502365,0.009931819092542047,0.7945455274033637,0.7502260073879061,1,6.505600002128631,23.76880000520032
816,27.20000000000051,TRACKING,1,0,1,0,0.5265577194894924,7.101704679019605,0.5388400614239692,7.126885109131538,0.5382579870925805,7.132903847181646,0.033320929698722766,2.6656743758978214,0.9728610525264034,0,4.871700002695434,26.839699989068322
817,27.233333333333846,TRACKING,1,0,1,0,0.6018724314891821,7.0651052702042,0.6112792623639952,7.092236079171508,0.6257517685759785,7.098897314085048,0.04137783185897935,3.310226548718348,1.2722001911388316,0,8.193600006052293,27.816799993161112
818,27.26666666666718,TRACKING,1,0,1,0,0.6771633825958474,7.027821275294058,0.683881191886987,7.057850579435906,0.7017677137945132,7.05069150785386,0.03359197301548477,2.6873578412387817,2.566328730785938,1,10.266299999784678,25.354500001412816
819,27.300000000000516,TRACKING,1,0,1,0,0.7524276004516464,6.989856306988981,0.7444730660192163,7.018857203476091,0.7347385476618915,7.003735292716867,0.022483968364894434,1.7987174691915548,2.1578200468316875,1,5.672699990100227,19.58520000334829
820,27.33333333333385,TRACKING,1,0,1,0,0.8276621137541529,6.951214043972938,0.8147076947005902,6.981749188456816,0.8111171963062377,6.991676913776151,0.043714735800071375,3.49717886400571,1.7355930558194634,1,5.845799998496659,20.839199991314672
821,27.366666666667186,TRACKING,1,0,1,0,0.9028639523735926,6.911898230557567,0.8869183982921722,6.937736582004368,0.888062204530157,6.952137599394517,0.04287538388885577,3.430030711108462,1.3046865499486868,1,6.09239999903366,20.49999999871943
822,27.40000000000052,TRACKING,1,0,1,0,0.9780301474701435,6.871912676319387,0.9630924884349545,6.89212495496288,0.970223396973398,6.8865433921508155,0.016583220406737716,1.3266576325390174,1.4248746706963251,2,6.520099996123463,21.6227000055369
823,27.433333333333856,TRACKING,1,0,1,0,1.053157731611128,6.831261255730667,1.0380014380382563,6.847687917447983,1.0315881963440823,6.821074685182986,0.023853952946193527,1.9083162356954821,0.9096446572589253,2,5.922199998167343,26.446300005773082
824,27.46666666666719,TRACKING,1,0,1,0,1.128243738888153,6.789947907783983,1.1163370068858132,6.808051708796376,1.1045208447949952,6.786406800102394,0.023985728001621905,1.9188582401297525,0.9202786976612234,1,6.117999990237877,21.040000006905757
825,27.500000000000526,TRACKING,1,0,1,0,1.20328520503424,6.747976635610576,1.199607483593467,6.77072926665441,1.2038372222975553,6.78769225915491,0.03971945967122701,3.1775567736981607,0.29865665228424276,1,6.012799989548512,19.946400003391318
826,27.53333333333386,TRACKING,1,0,1,0,1.2782791675407863,6.70535150609242,1.2767082359703978,6.724119157399523,1.2921666480088276,6.734249900504066,0.03206211648224897,2.5649693185799176,0.7533253478005167,1,5.78569999197498,21.708400003262796
827,27.566666666667196,TRACKING,1,0,1,0,1.3532226657745625,6.662076649468177,1.35111970196974,6.677366992133,1.3500880924752523,6.668754170049777,0.007376640894501943,0.5901312715601554,0.7443784338945609,1,5.858799995621666,19.474900007480755
828,27.60000000000053,TRACKING,1,0,1,0,1.4281127410945824,6.618156258932983,1.4253638917374343,6.633832125639505,1.4215191271399845,6.619950582632841,0.0068333990460193545,0.5466719236815484,0.6667658854560297,1,7.07989999500569,20.759799997904338
829,27.633333333333866,TRACKING,1,0,1,0,1.502946436968894,6.573594590232166,1.5014364976933428,6.591841126849917,1.5013284085614427,6.600876008100764,0.027329357417406816,2.186348593392545,0.48654686742678654,1,5.947300000116229,20.19210001162719
830,27.6666666666672,TRACKING,1,0,1,0,1.5777207990913413,6.528395961248833,1.577706566785886,6.547258399909842,1.5827009779884988,6.562077417544196,0.03404765307659449,2.723812246127559,0.4888216198103959,1,4.976199998054653,18.875599998864345
831,27.700000000000536,TRACKING,1,0,1,0,1.652432875498131,6.482564751585512,1.655068620330434,6.502816747957841,1.6564056788826975,6.4912819830447,0.009579837735863512,0.7663870188690809,1.1630902887545065,1,6.550100006279536,17.89190000272356
832,27.73333333333387,TRACKING,1,0,1,0,1.7270797166844143,6.436105402139774,1.7298775792234244,6.461135217864098,1.71756858988286,6.457386892032188,0.023310155406520896,1.8648124325216717,1.5933545801039626,1,5.135200000950135,20.868699997663498
833,27.766666666667206,TRACKING,1,0,1,0,1.801658375720717,6.38902241467392,1.8036189605135395,6.419082433824836,1.7913505115103556,6.4463324412681455,0.05822964204604132,4.6583713636833055,0.7978174314832057,1,5.535899996175431,20.45140000700485
834,27.80000000000054,TRACKING,1,0,1,0,1.876165908369269,6.3413203513788,1.8756830630360024,6.36583229887244,1.8925132874195838,6.384811189076209,0.04646170213667388,3.7169361709339106,2.3827488021003274,1,6.086399997002445,24.024300000746734
835,27.833333333333876,TRACKING,1,0,1,0,1.95059937320028,6.29300383443171,1.9412733642851994,6.305259431637435,1.9471580606342165,6.29875885388979,0.006705436685274751,0.5364349348219801,2.6333134645485754,1,6.178299998282455,21.674400006304495
836,27.86666666666721,TRACKING,1,0,1,0,2.024955831707998,6.244077545548546,2.0095882224182726,6.248408024861923,2.002462959962465,6.232745438513932,0.025186224989166717,2.0148979991333373,1.8478922608052626,1,6.330800009891391,21.3789999979781
837,27.900000000000546,TRACKING,1,0,1,0,2.0992323484267597,6.194546225530143,2.08519190632127,6.195241818645028,2.080798901507972,6.191490483912575,0.018685007951325584,1.4948006361060469,1.1875950179369839,1,6.743099991581403,19.23640001041349
838,27.93333333333388,TRACKING,1,0,1,0,2.1734259910468667,6.144414673802946,2.1636322216639243,6.14460804241025,2.1773624735163324,6.159298496547612,0.015395586176792103,1.2316468941433683,1.3891666301686376,1,5.19900000654161,19.979799995780922
839,27.966666666667216,TRACKING,1,0,1,0,2.2475338305303385,6.093687747953905,2.2386164866231213,6.093067645049016,2.239276929859286,6.101581091031821,0.011422839998761583,0.9138271999009266,0.8330829599425688,1,5.067700010840781,17.79559999704361
840,28.00000000000055,TRACKING,1,0,1,0,2.3215529412265856,6.042370363259824,2.315683892265873,6.044183310244735,2.3141076352178973,6.029943059840864,0.014486906220097627,1.15895249760781,0.08374854733781964,1,5.550200003199279,22.40979998896364
841,28.033333333333886,TRACKING,1,0,1,0,2.3954804009878488,5.990467492211083,2.3951511853744694,5.996532015296278,2.3891456968356986,5.989301203631525,0.006441172699600325,0.515293815968026,0.47660762650579874,1,5.230499999015592,19.479200011119246
842,28.06666666666722,TRACKING,1,0,1,0,2.4693132912846,5.937984164029806,2.4751020933590975,5.948155521759715,2.4793687507927324,5.958820959720731,0.023136212321489248,1.85089698571914,0.21207119283012396,1,5.7530000049155205,18.433799996273592
843,28.100000000000556,TRACKING,1,0,1,0,2.5430486973207427,5.884925464182582,2.5507820941538455,5.895704961043741,2.5655451984648154,5.902926167881094,0.028811766647793044,2.3049413318234433,0.599087040779257,1,5.51669999549631,22.21530000679195
844,28.13333333333389,TRACKING,1,0,1,0,2.616683708148722,5.831296533887649,2.6218761725512594,5.8410823551077184,2.6199189775765133,5.828529546686859,0.00425713359430212,0.34057068754416964,0.6876324799306872,1,4.642500003683381,18.378099994151853
845,28.166666666667226,TRACKING,1,0,1,0,2.690215416784384,5.777102569616757,2.692832855695901,5.78959302761227,2.6866209003265586,5.772885359051457,0.005541246567123346,0.44329972536986767,1.040215482014405,1,7.66059999295976,18.621700000949204
846,28.20000000000056,TRACKING,1,0,1,0,2.763640920321778,5.7223488225916395,2.7637179830544647,5.739300616438828,2.7614982347545443,5.743360161257647,0.021120309040771775,1.689624723261742,0.7893564782417347,1,5.93900000967551,17.7034999942407
847,28.233333333333896,TRACKING,1,0,1,0,2.836957320047749,5.667040598275184,2.8360222275052545,5.684304528444254,2.848498871390025,5.695351325691493,0.030572940555774534,2.445835244461963,0.9313198410956425,1,5.838500001118518,19.379000004846603
848,28.26666666666723,TRACKING,1,0,1,0,2.910161721556363,5.611183255857376,2.907532234932865,5.625134686801115,2.920608318868363,5.622068026201759,0.015086736587116447,1.2069389269693158,1.216344899396666,1,5.861800003913231,20.56550000270363
849,28.300000000000566,TRACKING,1,0,1,0,2.983251234863215,5.554782207735963,2.9780319673002746,5.566132289496405,2.9675686309106877,5.555016593540558,0.015684355372065105,1.2547484297652083,0.2082806403809803,1,4.8510000051464885,18.55789999535773
850,28.3333333333339,TRACKING,1,0,1,0,3.0562229745194593,5.497842918992042,3.056548598899313,5.508838648509076,3.052868846306259,5.504857000006791,0.007774799582758066,0.6219839666206454,0.4325013163843489,1,5.074299988336861,23.46440000110306
851,28.366666666667236,TRACKING,1,0,1,0,3.129074059725762,5.440370906860497,3.1345338240582605,5.45372741593919,3.1413504592269623,5.456295403552344,0.020107202182346122,1.6085761745876899,0.6025929911372385,1,4.556300002150238,18.410100004984997
852,28.40000000000057,TRACKING,1,0,1,0,3.2018016144460186,5.382371740195432,3.210265807845034,5.398445947812849,3.216014848684202,5.39394594485833,0.0183297092472333,1.466376739778664,1.142486243690362,1,5.937699999776669,19.056400007684715
853,28.433333333333906,TRACKING,1,0,1,0,3.2744027675208898,5.32385103893051,3.2850350611917576,5.345106259248523,3.282005552725773,5.316347789735152,0.010681811239636477,0.8545448991709181,2.049838381050022,1,6.013999998685904,19.349800000782125
854,28.46666666666724,TRACKING,1,0,1,0,3.3468746527811843,5.264814473534437,3.3616584604516926,5.293911949053596,3.3536933821638995,5.286909476437509,0.023123239904508448,1.8498591923606758,2.4080609988418,1,5.362899988540448,19.23100001295097
855,28.500000000000576,TRACKING,1,0,1,0,3.419214409160955,5.205267764461502,3.439271615081006,5.239669636338689,3.44455840699301,5.256150030925805,0.05684472945362233,4.547578356289787,1.0871818447309944,1,4.825899988645688,18.72580000781454
856,28.53333333333391,TRACKING,1,0,1,0,3.4914191808104844,5.145216681597274,3.51194215119822,5.173901048246487,3.521621788696171,5.1783804040611185,0.04485565751112608,3.5884526008900863,0.6198426046936114,1,5.125700001372024,22.42090000072494
857,28.566666666667246,TRACKING,1,0,1,0,3.563486117209023,5.084667043699563,3.5823528696241573,5.104959628664919,3.5834774445709727,5.081178771432607,0.02029337855314013,1.6234702842512103,0.8094671210897385,1,5.111400008900091,19.01730000099633
858,28.60000000000058,TRACKING,1,0,1,0,3.635412373277309,5.0236247178345295,3.6528809556564124,5.044735086521758,3.6489422393704665,5.029323393835456,0.014681014428924834,1.1744811543139868,1.2621658068610608,1,4.848100012168288,19.52549999987241
859,28.633333333333916,TRACKING,1,0,1,0,3.707195109489932,4.962095618808236,3.7251500995276965,4.985249740675752,3.715792081528751,4.9912532200719,0.03039857956693079,2.431886365354463,1.1708835861492781,1,6.145799998193979,19.61940000182949
860,28.66666666666725,TRACKING,1,0,1,0,3.7788314919873667,4.900085708593496,3.7986129866955256,4.921471504275838,3.802266653515598,4.937444663105617,0.0441010008740508,3.5280800699240635,0.7989278574256188,1,5.175500002223998,20.11569999740459
861,28.700000000000585,TRACKING,1,0,1,0,3.850318692687894,4.837600995752219,3.869199857518945,4.856504597240168,3.865542015514171,4.8603363970219755,0.02736143323676434,2.188914658941147,0.5242721441725592,1,5.421400011982769,18.76829999673646
862,28.73333333333392,TRACKING,1,0,1,0,3.9216538893992348,4.7746475348531385,3.938660531944948,4.79103897908365,3.928012873107017,4.788779010131098,0.015496298504075473,1.2397038803260378,0.5053147852807892,0,6.084499997086823,17.646399996010587
863,28.766666666667255,TRACKING,1,0,1,0,3.992834265929959,4.711231425885187,4.008545496624221,4.726128896144772,4.004589729627757,4.72514805561935,0.01821712133977301,1.457369707181841,0.38459679760515736,1,5.236600001808256,20.273700007237494
864,28.80000000000059,TRACKING,1,0,1,0,4.063857012200702,4.647358813666413,4.0776419557165084,4.661510877446788,4.081279932865947,4.674444022565793,0.032205072669231054,2.5764058135384844,0.6961765712019171,1,6.542200004332699,17.98219999182038
865,28.833333333333925,TRACKING,1,0,1,0,4.134719324355042,4.583035887248558,4.1491734202774175,4.59296355980547,4.162409526969505,4.595190799931355,0.030240522865129356,2.4192418292103484,0.33843623350873925,1,5.275000003166497,19.998000003397465
866,28.86666666666726,TRACKING,1,0,1,0,4.205418404870228,4.518268879317404,4.218095117696878,4.5268345583680825,4.214328776187722,4.520955709052883,0.009306651978186349,0.7445321582549079,0.8189488517219541,1,5.878800002392381,19.46930000849534
867,28.900000000000595,TRACKING,1,0,1,0,4.275951462667611,4.453064065588774,4.291120586537101,4.461415583470283,4.277607329606021,4.470187951530637,0.017203760201410782,1.3763008161128625,1.2951090636817408,1,8.749400003580377,21.585900001809932
868,28.93333333333393,TRACKING,1,0,1,0,4.346315713222858,4.387427764200487,4.365158444373505,4.393128951073733,4.370542791726651,4.405747431407769,0.0303736981517645,2.42989585214116,1.5135289529325617,0,4.703099999460392,35.14819999691099
869,28.966666666667265,TRACKING,1,0,1,0,4.416508378675833,4.3213663351001195,4.438897141292569,4.3256289874198846,4.446316506934572,4.338118737466549,0.03419309133927746,2.7354473071421967,1.251575706676496,1,6.225999997695908,19.921300001442432
870,29.0000000000006,TRACKING,1,0,1,0,4.486526687940291,4.254886179428802,4.506638917610756,4.254698353385048,4.510790747336806,4.243998944060378,0.026594669999176115,2.127573599934089,0.5271380722338562,1,6.1929000075906515,23.300899993046187
871,29.033333333333935,TRACKING,1,0,1,0,4.556367876813273,4.187993738900894,4.574478777186629,4.192080698433795,4.568634627699086,4.184000800308007,0.012900261078797992,1.0320208863038394,1.1391800184912653,1,5.521300001419149,22.241300001041964
872,29.06666666666727,TRACKING,1,0,1,0,4.626029188084219,4.120695495179848,4.6452781858985706,4.130296444587611,4.642152937495481,4.136864734357415,0.022834613871456754,1.8267691097165404,0.8152688966754955,1,5.325000005541369,21.17069999803789
873,29.100000000000605,TRACKING,1,0,1,0,4.695507871643862,4.05299796925015,4.714147703979947,4.06351562864323,4.727332836635079,4.080824183840622,0.04227442034052236,3.381953627241789,0.7804122739152985,1,5.711999998311512,22.935300003155135
874,29.13333333333394,TRACKING,1,0,1,0,4.764801184592729,3.9849077207854404,4.782080090915612,3.991280951039161,4.785283022397564,3.9736540731658088,0.023369858035735457,1.8695886428588364,0.4716838065591408,1,4.932600000756793,20.828299995628186
875,29.166666666667275,TRACKING,1,0,1,0,4.833906391349474,3.9164313475129546,4.848510994103053,3.92625853197466,4.834892932101066,3.907249051676853,0.009235140468679163,0.738811237494333,1.335002884460107,1,5.169299998669885,21.29560000321362
876,29.20000000000061,TRACKING,1,0,1,0,4.9028207637588626,3.847575484574149,4.917969750904793,3.8639600382849637,4.9034429488014935,3.8733687156628243,0.025800734179884613,2.0640587343907693,1.1692620158697304,1,5.592699992121197,21.763000011560507
877,29.233333333333945,TRACKING,1,0,1,0,4.971541581199462,3.7783468038818278,4.989840298708179,3.793255308661482,4.999299586062966,3.817521917726847,0.04801246066150461,3.8409968529203686,0.9471105094807645,1,5.1069999899482355,21.163000012165867
878,29.26666666666728,TRACKING,1,0,1,0,5.040066130691088,3.7087520134736285,5.053592037436565,3.7150000515407164,5.0592208449397535,3.7078394424277428,0.019176440333436046,1.5341152266748836,0.5948452661360805,1,6.6488999873399734,20.83340000535827
879,29.300000000000615,TRACKING,1,0,1,0,5.108391707001849,3.638797856862087,5.117327172115658,3.642991338416571,5.111970690652162,3.622728528219587,0.016463063110790377,1.3170450488632302,0.26216490656635894,1,4.913799988571554,20.629300008295104
880,29.33333333333395,TRACKING,1,0,1,0,5.1765156127549865,3.5684911123811363,5.183348558320033,3.5752844384199323,5.180981043672706,3.5714061657682765,0.005332692521682331,0.42661540173458645,0.16835351442353036,1,4.823000010219403,23.709799992502667
881,29.366666666667285,TRACKING,1,0,1,0,5.244435158535346,3.4978385925293596,5.249997830008922,3.50441962881716,5.2559218233831615,3.518353767014601,0.023512036353449756,1.8809629082759804,1.3542366550332174,1,5.148099997313693,21.539699999266304
882,29.40000000000062,TRACKING,1,0,1,0,5.312147662995548,3.426847143309866,5.310585777170599,3.4294636115526,5.309947292081683,3.4327360639576776,0.006286574469041438,0.502925957523315,1.6748130773829377,1,4.762600001413375,21.116100004292093
883,29.433333333333955,TRACKING,1,0,1,0,5.3796504529618785,3.355523643566924,5.372318965134414,3.3555673786495244,5.361125491134393,3.3436084648060382,0.02202602314567147,1.7620818516537176,1.5004449765167438,1,4.8910000041360036,22.875700000440702
884,29.46666666666729,TRACKING,1,0,1,0,5.446940863539764,3.2838750043194724,5.4362861037924946,3.285546971411064,5.423889527649079,3.2849990894683403,0.023078727299551776,1.846298183964142,0.8147756360549309,1,5.722900008549914,20.240099998773076
885,29.500000000000625,TRACKING,1,0,1,0,5.514016238219012,3.211908168091391,5.5057272966726005,3.2142365249113336,5.512579999472654,3.2311763551166037,0.019321641052848643,1.5457312842278914,1.557167125152387,1,5.135600003995933,22.886100006871857
886,29.53333333333396,TRACKING,1,0,1,0,5.580873928978685,3.13963010823884,5.5743816619879,3.134971223236179,5.593237083887172,3.1383750149457894,0.012426699419617387,0.9941359535693909,1.5521565904808559,1,5.154900005436502,20.173099997919053
887,29.566666666667295,TRACKING,1,0,1,0,5.647511296391617,3.067047828274541,5.640601703053459,3.05990027716388,5.639417648613435,3.049404256226654,0.019411408216980165,1.552912657358413,0.6608590941933319,1,6.331800002953969,20.164300003671087
888,29.60000000000063,TRACKING,1,0,1,0,5.713925709728667,2.9941683611892103,5.711500897755203,2.989058153864096,5.719224534452566,2.9777698832558412,0.017233328813256035,1.3786663050604828,0.16963798060077528,1,5.040799995185807,21.494100001291372
889,29.633333333333965,TRACKING,1,0,1,0,5.780114547062503,2.920998768770005,5.782862043765512,2.920751426189986,5.793920753574818,2.9248865082051805,0.014343146662308657,1.1474517329846925,0.2527530405086093,1,6.565500007127412,22.16319998842664
890,29.6666666666673,TRACKING,1,0,1,0,5.846075195371164,2.847546140916313,5.852435393864492,2.8493621691125868,5.8606913401318055,2.8654279352949814,0.023095243186964046,1.8476194549571239,0.9144725894567024,1,6.164700011140667,23.185699988971464
891,29.700000000000635,TRACKING,1,0,1,0,5.911805050641186,2.7738175949527504,5.921026965039848,2.772179841951398,5.925172751532195,2.7630325047420836,0.017175959884783747,1.3740767907826998,0.9188609272950429,1,5.973199993604794,21.521800008486025
892,29.73333333333397,TRACKING,1,0,1,0,5.9773015179704485,2.6998202749395004,5.9914159318269204,2.6992021848951175,5.984489932185089,2.68090492021266,0.020235215426662914,1.6188172341330331,1.4708961408158587,1,5.841499994858168,24.545600012061186
893,29.766666666667305,TRACKING,1,0,1,0,6.0425620116705625,2.625561350980133,6.0635745417538605,2.6278733232417233,6.066184960063554,2.6249146539108277,0.023631798659377957,1.8905438927502365,1.2658619066763852,1,7.768600000417791,22.49810000648722
894,29.80000000000064,TRACKING,1,0,1,0,6.107583955368978,2.5510480185267634,6.131023307725158,2.553108774923919,6.150507517575497,2.5698794013092106,0.046872733758508305,3.749818700680664,1.1464570051142389,1,5.07080000534188,22.745099995518103
895,29.833333333333975,TRACKING,1,0,1,0,6.172364782110694,2.4762874976828884,6.191229652948404,2.4731173430064084,6.203306104477324,2.4837198723564438,0.03182146481675236,2.5457171853401888,1.4210904481309414,1,4.96190000558272,23.517099994933233
896,29.86666666666731,TRACKING,1,0,1,0,6.236901934459586,2.401287032503756,6.250607241750754,2.393524021095328,6.248669256723178,2.382287838530913,0.022348137391580515,1.787850991326441,0.8176708454298086,1,4.913899989333004,20.994400008930825
897,29.900000000000645,TRACKING,1,0,1,0,6.3011928645994,2.326053890294493,6.311647954111523,2.3193372046102456,6.3062354047830675,2.320209254751109,0.007719260077163421,0.6175408061730737,0.5555999181191125,1,8.17609998921398,20.66200000990648
898,29.93333333333398,TRACKING,1,0,1,0,6.36523503443429,2.2505953609058458,6.375986966203306,2.245637040935702,6.381648094851423,2.268547106993293,0.02432393347805059,1.9459146782440473,1.3203812133162935,1,4.825500000151806,20.7805000100052
899,29.966666666667315,TRACKING,1,0,1,0,6.42902591568905,2.1749187560278695,6.436323947207203,2.16628320903759,6.449906184895314,2.1806609969586725,0.021655460582343328,1.7324368465874662,1.4970750861274376,1,5.028300001868047,23.06139998836443
900,30.00000000000065,TRACKING,1,0,1,0,6.4925629900089135,2.099031408481438,6.496268365043221,2.088091589119491,6.504974670101715,2.07136290959828,0.030324835253853828,2.425986820308306,0.7480834617464588,1,5.871800007298589,22.853799993754365
901,30.033333333333985,TRACKING,1,0,1,0,6.555843749058971,2.022940671507701,6.559248107315071,2.0148743585780733,6.553525374454711,2.0046113298554404,0.018475378919279997,1.4780303135423998,0.8570230041696006,1,5.919699993683025,23.43980000296142
902,30.06666666666732,TRACKING,1,0,1,0,6.618865694623226,1.946653918055634,6.621283771785485,1.9394545985541218,6.613730659945723,1.9412522108693613,0.007452987432257307,0.5962389945805845,0.7935405602993132,1,5.877100003999658,23.24350000708364
903,30.100000000000655,TRACKING,1,0,1,0,6.681626338703172,1.8701785400675406,6.684666083364438,1.8635332336308992,6.688948064651609,1.8745465853572556,0.008525695896349135,0.6820556717079309,1.0363828939267572,1,4.933800009894185,22.378900001058355
904,30.13333333333399,TRACKING,1,0,1,0,6.7441232036160415,1.793521947762853,6.746864167406119,1.7858226144939202,6.743863964625624,1.7620157594488999,0.03150725483009317,2.520580386407454,0.4235840383280275,1,7.523399995989166,21.66830000351183
905,30.166666666667325,TRACKING,1,0,1,0,6.806353822092621,1.7166915689200903,6.808962537910856,1.715583196346288,6.797432137462537,1.6963721794486428,0.022191756242601703,1.775340499408136,0.7265642473748672,1,6.504600009066053,21.064299988211133
906,30.20000000000066,TRACKING,1,0,1,0,6.86831573737464,1.6396948481571172,6.870516687066166,1.6444353995898529,6.867724289595232,1.6431106933321,0.003466671131679559,0.27733369053436474,0.5220802531444306,1,5.436599996755831,22.557799995411187
907,30.233333333333995,TRACKING,1,0,1,0,6.930006503311797,1.5625392462098397,6.932924574200768,1.569805222470463,6.9511041531439925,1.579476229379843,0.027054985258597057,2.1643988206877647,0.6954901385938443,0,4.774000000907108,23.075200006132945
908,30.26666666666733,TRACKING,1,0,1,0,6.991423684458276,1.4852322392092014,6.99531001526233,1.4956637877704633,7.0001629660253775,1.485428015372699,0.008741474167168447,0.6993179333734757,1.466050484958192,1,5.288500004098751,23.82190000207629
909,30.300000000000665,TRACKING,1,0,1,0,7.052564856168925,1.407781317956824,7.059680116393803,1.4247027480886876,7.043543159872808,1.4051866839217055,0.00938739206785211,0.7509913654281689,2.393509511406114,1,5.245299995294772,24.0814999997383
910,30.333333333334,TRACKING,1,0,1,0,7.113427604694979,1.3301939871991462,7.128429223188696,1.3543102597616923,7.117443423873549,1.3512365854249015,0.02142236550349974,1.7137892402799793,2.381979628927339,1,4.685399995651096,24.624700003187172
911,30.366666666667335,TRACKING,1,0,1,0,7.174009527279329,1.2524777649002932,7.1946460765472215,1.2798994651433855,7.201685729333893,1.29040425452764,0.04695094009301927,3.7560752074415418,1.5122377506955718,1,5.711599995265715,22.363100011716597
912,30.40000000000067,TRACKING,1,0,1,0,7.234308232251424,1.1746401815135261,7.256751527532513,1.1985083356209445,7.266811516678217,1.199746545248439,0.041070585563378344,3.2856468450702674,0.6947008305437141,1,5.111100006615743,24.16359999915585
913,30.433333333334005,TRACKING,1,0,1,0,7.294321339121629,1.0966887792516213,7.314479902251823,1.1150247163442464,7.30569431803585,1.1147367675778783,0.021332475993377627,1.7065980794702102,1.0465710430264823,1,4.804199998034164,20.441200002096593
914,30.46666666666734,TRACKING,1,0,1,0,7.354046478675244,1.0186311113560398,7.375750003135134,1.033262917398573,7.3640371794484905,1.0360762759128332,0.02010342926851424,1.6082743414811393,1.7568562714498597,1,4.818699992028996,23.704100007307716
915,30.500000000000675,TRACKING,1,0,1,0,7.413481293066017,0.9404747413650286,7.440672613028096,0.9498199801978713,7.438442604463934,0.9530700465387789,0.0279590554047111,2.2367244323768882,1.7097261478353865,1,5.2826000028289855,20.944200005033053
916,30.53333333333401,TRACKING,1,0,1,0,7.47262343590926,0.862227242380794,7.502282880902021,0.8670019926473712,7.507696629525841,0.8678529071331988,0.03552150073367731,2.8417200586941846,1.294346620060708,1,5.858899996383116,23.812800005543977
917,30.566666666667345,TRACKING,1,0,1,0,7.5314705723744355,0.7838961963356079,7.560212303008886,0.787391709177542,7.561328843814881,0.776667445497491,0.030720859559766226,2.457668764781298,0.8969660338233133,1,5.498299986356869,22.77900000626687
918,30.60000000000068,TRACKING,1,0,1,0,7.590020379277355,0.7054891932571994,7.6156130032463984,0.7093653192904424,7.610410930210042,0.6933943183326388,0.023707816575536125,1.89662532604289,1.0695915527435,1,5.847000007634051,24.607499988633208
919,30.633333333334015,TRACKING,1,0,1,0,7.6482705451719,0.6270138305332766,7.673166088978298,0.6308556528262008,7.670706736459038,0.6445980831244915,0.028505940059305106,2.2804752047444086,1.0740387466061077,1,6.454300004406832,25.175300004775636
920,30.66666666666735,TRACKING,1,0,1,0,7.706218770441248,0.5484777121754214,7.729972192257312,0.5478504337175911,7.744513805640088,0.5648389491790771,0.04164372458330533,3.331497966664426,1.1662390971538528,1,4.703600003267638,24.231199990026653
921,30.700000000000685,TRACKING,1,0,1,0,7.763862767388709,0.4698884480821994,7.780997178115424,0.462429206936397,7.785112901040443,0.4527301214368724,0.02731256768383942,2.1850054147071534,1.5014899156234958,0,8.749400003580377,20.77580000332091
922,30.73333333333402,TRACKING,1,0,1,0,7.8212002603279736,0.3912536533018421,7.8333995280729996,0.3778195437851534,7.828128658277256,0.3711705880673816,0.021244580658493096,1.6995664526794476,0.5858032432694098,1,5.370500002754852,18.994799989741296
923,30.766666666667355,TRACKING,1,0,1,0,7.878228985673001,0.31258094729435915,7.887328272097987,0.3009375791027255,7.886243892777405,0.31156390602393325,0.008079177485238136,0.6463341988190509,0.7323932284537231,1,5.448800002341159,22.38349999242928
924,30.80000000000069,TRACKING,1,0,1,0,7.934946692027363,0.23387795319322233,7.942952554807724,0.22176253915334068,7.946653443826492,0.23821244941566122,0.012483424818084444,0.9986739854467555,1.0419110840696337,1,5.143999995198101,21.448800005600788
925,30.833333333334025,TRACKING,1,0,1,0,7.99135114027312,0.1551522970667656,7.997912839804116,0.14117990993850327,8.011138022922243,0.13576301429819032,0.027703158867716085,2.2162527094172866,0.6392183928408802,1,5.258299992419779,20.590300002368167
926,30.86666666666736,TRACKING,1,0,1,0,8.047440103659254,0.07641160717915789,8.052051048470986,0.06452028789119797,8.044291495053729,0.04842423285118516,0.028163928311314285,2.2531142649051423,0.9717183576314908,1,6.816300010541454,19.27949998935219
927,30.900000000000695,TRACKING,1,0,1,0,8.103211367889518,-0.0023364867486941913,8.113988431431974,-0.006499516007598849,8.11305362952848,-0.008668789819923204,0.011703340393053537,0.9362672314442829,2.0487194856029336,1,4.751200001919642,18.887300000642426
928,30.93333333333403,TRACKING,1,0,1,0,8.158662731209898,-0.0810843542784705,8.177421723822606,-0.07605512581085234,8.188082959473103,-0.06578530197738892,0.03316038046178534,2.6528304369428275,2.7130345854040385,0,4.010199991171248,20.305300000472926
929,30.966666666667365,TRACKING,1,0,1,0,8.213792004495518,-0.1598243649937455,8.24024080362771,-0.14642095996903026,8.257026727895436,-0.13558036242792873,0.04956826573402306,3.9654612587218447,1.3541631208568827,1,5.769399998825975,22.105700001702644
930,31.0000000000007,TRACKING,1,0,1,0,8.268597011337057,-0.23854888923943646,8.293434283944253,-0.22491188985969485,8.28746149361015,-0.24415816482171288,0.01968076888715914,1.5744615109727311,1.6638430484217404,1,5.042199991294183,21.118100004969165
931,31.033333333334035,TRACKING,1,0,1,0,8.323075588126704,-0.3172502988610358,8.346787330453205,-0.29993696529062414,8.332816091103929,-0.30003656643634724,0.01977852325726327,1.5822818605810616,1.6828471328368715,1,5.5212000006577,19.62439999624621
932,31.06666666666737,TRACKING,1,0,1,0,8.377225584143519,-0.3959209679437691,8.40247167674978,-0.3784945615394674,8.393800009813116,-0.3651641776094854,0.03493839918977549,2.795071935182039,1.1069512050332004,1,4.880799999227747,22.749199997633696
933,31.100000000000705,TRACKING,1,0,1,0,8.431044861638378,-0.4745532735515358,8.45566490924377,-0.4615229225779393,8.462651908560824,-0.45427269530480635,0.037554057958886375,3.00432463671091,0.7185034470356068,1,7.765600006678142,19.567199997254647
934,31.13333333333404,TRACKING,1,0,1,0,8.484531295918364,-0.553139596465491,8.506962730484158,-0.5454238633669145,8.497185172411964,-0.5584978801414944,0.013741608139799338,1.099328651183947,1.040347753958354,1,5.280400000629015,21.336599995265715
935,31.166666666667375,TRACKING,1,0,1,0,8.537682775430621,-0.6316723219224083,8.560305972535483,-0.6246603900942401,8.54837203354466,-0.6221123401284203,0.014340623798493081,1.1472499038794464,0.7528738515494615,1,5.931799998506904,21.265400006086566
936,31.20000000000071,TRACKING,1,0,1,0,8.590497201845768,-0.7101438403524688,8.611570477393347,-0.7056121002302337,8.610904903232708,-0.6958956830843144,0.024889440761828713,1.991155260946297,0.7399620770517201,1,5.3373999980976805,22.01269999204669
937,31.233333333334045,TRACKING,1,0,1,0,8.642972490140671,-0.7885465481166332,8.657466842269578,-0.7911562054109371,8.666622335681891,-0.7683432665452685,0.031104465601829646,2.4883572481463716,2.335290220716007,1,5.26930000341963,19.451100000878796
938,31.26666666666738,TRACKING,1,0,1,0,8.695106568680805,-0.8668728482433529,8.699297247821614,-0.8814360068769789,8.717296282728082,-0.8785951390050971,0.025095726931149274,2.007658154491942,2.4122822789498115,1,5.074600005173124,21.779499991680495
939,31.300000000000715,TRACKING,1,0,1,0,8.746897379302006,-0.9451151511647774,8.742694096190093,-0.9652140562167121,8.739252896317524,-0.9717393466018418,0.027699926042699673,2.215994083415974,1.5703743332968971,1,4.821599999559112,19.58310000190977
940,31.33333333333405,TRACKING,1,0,1,0,8.798342877391764,-1.0232658754521027,8.792554861209341,-1.0432121231239344,8.78055834065505,-1.038194079376433,0.023219410400480405,1.8575528320384322,1.2036789444081921,1,5.578600001172163,19.788499994319864
941,31.366666666667385,TRACKING,1,0,1,0,8.849441031969903,-1.1013174485502009,8.84658195507041,-1.1215062297421046,8.850712036795379,-1.1137034545361737,0.012451048050302366,0.9960838440241891,0.9517342721036697,1,5.271799993352033,23.613500001374632
942,31.40000000000072,TRACKING,1,0,1,0,8.900189825768768,-1.1792623075113917,8.89987854241159,-1.198104289998151,8.917793970585164,-1.1974911815370084,0.02534162115884528,2.0273296927076223,0.46110797286342553,1,5.217699988861568,21.752600005129352
943,31.433333333334055,TRACKING,1,0,1,0,8.950587255312877,-1.2570928997282107,8.951371675455306,-1.2712773446889136,8.944634956466357,-1.2885700787312093,0.03203502239026995,2.562801791221596,0.5178718505953873,1,5.843699997058138,21.619399994960986
944,31.46666666666739,TRACKING,1,0,1,0,9.000631330998,-1.3348016836653178,9.004524613969267,-1.3411621384851597,8.992553902534844,-1.3464529053391463,0.014177299357427117,1.1341839485941694,0.3376351256871342,1,9.71640000352636,24.526799999875948
945,31.500000000000725,TRACKING,1,0,1,0,9.050320077169733,-1.4123811295901914,9.055668496885941,-1.415408681774871,9.058251959008068,-1.3976489256544093,0.01673178359598218,1.3385426876785744,0.9750485480552464,1,5.3850999975111336,21.999999997206032
946,31.53333333333406,TRACKING,1,0,1,0,9.099651532201447,-1.4898237203027629,9.100977778199274,-1.495377828781901,9.105713014469394,-1.490090561229177,0.00606735291248566,0.4853882329988528,1.2461780457004497,1,5.6607000005897135,24.833599993144162
947,31.566666666667395,TRACKING,1,0,1,0,9.14862374857177,-1.5671219518637547,9.145677823611946,-1.571509126729899,9.135997601039177,-1.5882692181306721,0.02462978830763097,1.9703830646104776,0.9555371976311966,1,5.371999999624677,20.978899992769584
948,31.60000000000073,TRACKING,1,0,1,0,9.197234792941451,-1.6442683343218707,9.196870680302643,-1.6424873688696835,9.19011990297749,-1.6620791932646184,0.019179373177393953,1.5343498541915161,1.1937714775034485,1,5.677900000591762,21.23050000227522
949,31.633333333334065,TRACKING,1,0,1,0,9.24548274622969,-1.7212553924394927,9.24660688917705,-1.7144807422617856,9.242171583386357,-1.7021194479924677,0.019420303016551958,1.5536242413241566,0.2296716111011373,1,5.440000008093193,23.545899995951913
950,31.6666666666674,TRACKING,1,0,1,0,9.293365703689915,-1.798075666417022,9.298586744221895,-1.794192785831764,9.3112592403766,-1.7735410921340917,0.030366494535958206,2.4293195628766564,0.7109570811622699,1,5.274299997836351,22.088500001700595
951,31.700000000000735,TRACKING,1,0,1,0,9.34088177498495,-1.8747217126157227,9.34701066377986,-1.8777910039861707,9.34938341467189,-1.8833229559310902,0.012093769633025409,0.9675015706420328,0.4487745963007635,1,5.080300004919991,24.18930000567343
952,31.73333333333407,TRACKING,1,0,1,0,9.388029084261662,-1.951186104278932,9.396854510391124,-1.9564312722914519,9.395198162171285,-1.977567496159805,0.027338132994892676,2.187050639591414,0.3475208426760516,1,5.509199996595271,22.158799998578615
953,31.766666666667405,TRACKING,1,0,1,0,9.434805770225006,-2.0274614322517714,9.44594721915951,-2.030921811342995,9.4538483101446,-2.02966847134218,0.01917001168846613,1.5336009350772903,0.19249147473883269,1,6.248199992114678,21.986100007779896
954,31.80000000000074,TRACKING,1,0,1,0,9.481209986211509,-2.103540305699016,9.49147728466656,-2.1085078002917066,9.488517149997719,-2.103421269151149,0.007308133297787591,0.5846506638230073,0.3807655486060425,1,7.394499989459291,19.876100006513298
955,31.833333333334075,TRACKING,1,0,1,0,9.527239900262195,-2.1794153528212687,9.535141148810057,-2.1840326698238566,9.530155075814315,-2.1871336339138603,0.008250461291584563,0.660036903326765,1.1476353412498166,1,5.097000001114793,19.599100007326342
956,31.86666666666741,TRACKING,1,0,1,0,9.572893695194868,-2.2550792215692113,9.575958860411074,-2.2554404162233057,9.556393611521763,-2.2677757111926953,0.020819548745798774,1.6655638996639017,1.7854590315092231,1,5.77829999383539,21.335400000680238
957,31.900000000000745,TRACKING,1,0,1,0,9.618169568675873,-2.330524580356073,9.618006408110107,-2.323634952647887,9.601740732097971,-2.3219902378037953,0.018513283720156516,1.4810626976125212,1.5703222277194488,1,6.062699991161935,21.670000001904555
958,31.93333333333408,TRACKING,1,0,1,0,9.663065733291251,-2.405744118767988,9.66168849063752,-2.3958923057425396,9.653620718504119,-2.375812593337357,0.03138637473385051,2.5109099787080407,0.6032692333695165,1,5.405499992775731,20.601299998816103
959,31.966666666667415,TRACKING,1,0,1,0,9.70758041661729,-2.4807305482723616,9.707553326116024,-2.475276593529115,9.711384048597253,-2.4652832011243784,0.01590874445546547,1.2726995564372376,0.3357197450406392,1,5.902599994442426,20.30899999954272
960,32.000000000000746,TRACKING,1,0,1,0,9.751711861290522,-2.5554766029241054,9.754433203960076,-2.5557157511349553,9.749700106338889,-2.57078067028125,0.015435725951747255,1.2348580761397805,0.7134230710132469,1,5.506599991349503,22.339500006637536
961,32.03333333333408,TRACKING,1,0,1,0,9.795458325077075,-2.6299750400696857,9.804914929687557,-2.6342427791758127,9.782352772949743,-2.640740707277781,0.01696039760729875,1.3568318085839002,1.4541514970163,1,5.051000000094064,18.326899997191504
962,32.06666666666741,TRACKING,1,0,1,0,9.838818080941467,-2.7042186410488998,9.85680307048685,-2.7119213759074916,9.851191131451003,-2.6962589658465497,0.01471219929984784,1.1769759439878271,1.7126062279569627,1,5.300699995132163,21.087200002511963
963,32.10000000000074,TRACKING,1,0,1,0,9.881789417114776,-2.778200211894394,9.904214511095756,-2.792164546841431,9.913292767439732,-2.779723900167195,0.031540176087801866,2.523214087024149,1.281140042010901,1,5.711299992981367,19.256900006439537
964,32.13333333333407,TRACKING,1,0,1,0,9.924370637162232,-2.8519125840286557,9.946508530791741,-2.8687496200027396,9.955716217851942,-2.8896382362295836,0.04904865199738393,3.923892159790715,0.6961521145591731,1,5.401400005212054,20.77149999968242
965,32.1666666666674,TRACKING,1,0,1,0,9.966560060050183,-2.9253486149586663,9.987537768837377,-2.940177316664056,9.98212705289542,-2.9516358219799588,0.030550753169503793,2.4440602535603033,0.6594951803953306,1,4.974399998900481,24.22330000263173
966,32.200000000000735,TRACKING,1,0,1,0,10.008356020212442,-2.998501188968026,10.02863828488189,-3.008188107487933,10.025791950293868,-3.001175087015826,0.017639767248305818,1.4111813798644655,0.3011269755668007,1,6.316700004390441,19.809399993391708
967,32.233333333334066,TRACKING,1,0,1,0,10.049756867616074,-3.07136321780635,10.067209608655245,-3.081217542727704,10.087575560799396,-3.069017136466783,0.03789139284515826,3.0313114276126605,1.7896471328935317,1,5.512499992619269,21.609300005366094
968,32.2666666666674,TRACKING,1,0,1,0,10.09076096782651,-3.1439276413762047,10.096985628209419,-3.160060154876242,10.109132528097492,-3.1622452691850294,0.025943201717076866,2.075456137366149,2.1000449944519697,1,5.185300004086457,19.668699998874217
969,32.30000000000073,TRACKING,1,0,1,0,10.13136670207209,-3.2161874284171144,10.130145641298403,-3.237081608976022,10.124377326617997,-3.2604840487979088,0.044844642337724915,3.5875713870179933,0.9693808052681053,1,4.584999987855554,18.821100005879998
970,32.33333333333406,TRACKING,1,0,1,0,10.171572467307946,-3.288135577186908,10.1702554688239,-3.30655167187333,10.158850490791007,-3.32028267146888,0.03457288471145463,2.76583077691637,0.5675730281618349,1,4.939300008118153,22.24059999571182
971,32.36666666666739,TRACKING,1,0,1,0,10.21137667627932,-3.359765116140206,10.213303922324535,-3.376827607494492,10.222698250211632,-3.3746832095870443,0.018727721388183148,1.4982177110546517,0.8766401721866973,1,5.914599998504855,18.715800004429184
972,32.40000000000072,TRACKING,1,0,1,0,10.250777757584189,-3.431069104603861,10.253867912534892,-3.449056729528394,10.268217190422297,-3.4634536325158254,0.03678167296080586,2.942533836864469,0.544929992849693,1,5.91310000163503,20.603599987225607
973,32.433333333334055,TRACKING,1,0,1,0,10.28977415573533,-3.5020406334495267,10.293900382605587,-3.5181827633328684,10.285750756566607,-3.5400111045631015,0.0381830383476447,3.054643067811576,0.1781462511331141,1,5.178700012038462,18.747900001471862
974,32.466666666667386,TRACKING,1,0,1,0,10.32836433122172,-3.5726728257631684,10.335723161436553,-3.5849452926160703,10.320422520776827,-3.5931235681062446,0.021938669411008457,1.7550935528806766,0.210212941416155,1,7.32280001102481,18.682499998249114
975,32.50000000000072,TRACKING,1,0,1,0,10.366546760569307,-3.6429588375113244,10.37591551634127,-3.6531825333688555,10.39082186157978,-3.646040046835766,0.024469866774662744,1.9575893419730195,1.2920283880037413,1,5.0788999942597,19.67369999329094
976,32.53333333333405,TRACKING,1,0,1,0,10.404319936401157,-3.7128918582043733,10.406675720549746,-3.72552236748578,10.413944407822726,-3.7242408829439753,0.014880551491282019,1.1904441193025614,1.1896271884226992,1,5.520399994566105,19.538399996235967
977,32.56666666666738,TRACKING,1,0,1,0,10.441682367496966,-3.7824651115563594,10.441144154079142,-3.79599311620116,10.447361356803523,-3.8036801287170947,0.021961964226231506,1.7569571380985205,1.1287784524196804,1,5.476699996506795,22.129100005258806
978,32.60000000000071,TRACKING,1,0,1,0,10.478632578851933,-3.851671856141631,10.475906981414129,-3.864659963394099,10.469077763816369,-3.877421654777005,0.027465371290520586,2.197229703241647,0.5265913317981022,1,5.248900008155033,19.033899996429682
979,32.63333333333404,TRACKING,1,0,1,0,10.515169111734977,-3.920505386048101,10.515995031597688,-3.933608750853357,10.515522648643742,-3.924369888003045,0.00388063960006911,0.3104511680055288,0.9839319546747143,1,6.048199997167103,20.027699996717274
980,32.666666666667375,TRACKING,1,0,1,0,10.551290523746344,-3.9889590315269525,10.55543664503195,-4.005497238426283,10.569944492217335,-4.000796404030507,0.022092847881263183,1.7674278305010547,0.8709406922874574,1,8.943100008764304,26.2730999966152
981,32.700000000000706,TRACKING,1,0,1,0,10.586995388874538,-4.057026159638956,10.59024197439314,-4.073718622298778,10.593568116217261,-4.084437357765283,0.02818819837170372,2.2550558697362977,0.9395060215987981,0,5.52560000505764,18.081999995047227
982,32.73333333333404,TRACKING,1,0,1,0,10.622282297552616,-4.124700174897212,10.62595120219689,-4.142605029128918,10.61186145062654,-4.161044063512624,0.03780836270385393,3.0246690163083145,1.3252545655202184,1,5.670799990184605,20.542000012937933
983,32.76666666666737,TRACKING,1,0,1,0,10.657149856713849,-4.191974519906166,10.667722382873519,-4.198927075927789,10.66501696885281,-4.191484146796598,0.007882380299983364,0.6305904239986692,1.202157492645794,1,5.42929999937769,19.89339999272488
984,32.8000000000007,TRACKING,1,0,1,0,10.691596689846701,-4.258842675997028,10.707277590658665,-4.262196182883907,10.718585748924871,-4.246072883396406,0.02985761063762249,2.388608851009799,1.0552230061814374,1,6.393400006345473,18.918899993877858
985,32.83333333333403,TRACKING,1,0,1,0,10.725621437049186,-4.325298163859452,10.745047335103447,-4.328689825485651,10.749545778186766,-4.338452137798137,0.027302035258325873,2.18416282066607,1.4164304869133861,1,6.998099997872487,19.804800002020784
986,32.86666666666736,TRACKING,1,0,1,0,10.759222755082542,-4.391334544169276,10.781104522111212,-4.390330788944941,10.77510538840168,-4.404786367752362,0.02081368777657362,1.6650950221258893,2.398616724308307,1,6.488099999842234,18.79950000147801
987,32.900000000000695,TRACKING,1,0,1,0,10.792399317424266,-4.456945418212567,10.82120862403978,-4.450638925394565,10.809409342812529,-4.454062263279875,0.017252638814838146,1.3802111051870516,2.7125476653340117,1,6.112400005804375,20.557299998472445
988,32.933333333334026,TRACKING,1,0,1,0,10.825149814320486,-4.522124428505549,10.86040608153678,-4.513407327183565,10.863203024137682,-4.501711520383476,0.04318256124168352,3.454604899334682,3.1931095778831313,0,4.488599995966069,20.146499999100342
989,32.96666666666736,TRACKING,1,0,1,0,10.857472952837663,-4.586865259410664,10.899653041925902,-4.57616985151295,10.919059194620667,-4.583881740950009,0.06165846705327461,4.932677364261969,3.699163117365549,0,5.692799997632392,19.458400012808852
990,33.00000000000069,TRACKING,1,0,1,0,10.889367456913632,-4.6511616377485705,10.938871660994963,-4.639174804849654,10.934310228563147,-4.653527565028524,0.045005003448888393,3.6004002759110714,2.5042559940400095,1,6.102899991674349,18.645300006028265
991,33.03333333333402,TRACKING,1,0,1,0,10.920832067407986,-4.7150073334059215,10.966591807768548,-4.701669893340751,10.955814198285772,-4.707768442768202,0.035723255988437334,2.857860479074987,1.7806697465990557,1,4.808199999388307,17.726699996273965
992,33.06666666666735,TRACKING,1,0,1,0,10.951865542151785,-4.778396159939081,10.994495925744332,-4.7697610635612735,10.993913373715378,-4.761647526295802,0.04526076521798007,3.620861217438406,1.1335572135061454,1,4.535100000794046,17.895100012538023
993,33.10000000000068,TRACKING,1,0,1,0,10.98246665599657,-4.841321975173605,11.019788441917783,-4.839585374748631,11.038904816803807,-4.835107727259678,0.05677924684635547,4.5423397477084375,0.6479808988568466,1,4.402999999001622,18.13360000960529
994,33.133333333334015,TRACKING,1,0,1,0,11.012634200862772,-4.903778681799314,11.039841202597675,-4.910124122389989,11.046079204289812,-4.919496176524438,0.036954132308431434,2.956330584674515,0.43018207787695734,1,6.947799993213266,17.606300010811538
995,33.166666666667346,TRACKING,1,0,1,0,11.042366985787375,-4.9657602279612,11.061838683581582,-4.975324351675554,11.05825351485863,-4.987456347431365,0.026890582105925397,2.151246568474032,0.13394224598422683,1,5.006899998988956,22.05820000381209
996,33.20000000000068,TRACKING,1,0,1,0,11.071663836970938,-5.027260607845747,11.087116814595618,-5.03767250959208,11.084310708348152,-5.026108942334947,0.01269920033232661,1.0159360265861288,0.3762737996445284,1,6.436600000597537,18.644300012965687
997,33.23333333333401,TRACKING,1,0,1,0,11.100523597823946,-5.088273862262916,11.115720868174567,-5.099292866415772,11.133876829765331,-5.087345664125902,0.03336614500833732,2.6692916006669853,0.37923815016722723,1,5.158100000699051,19.840699998894706
998,33.26666666666734,TRACKING,1,0,1,0,11.128945129012449,-5.148794079223596,11.140247527256172,-5.161711179836599,11.14768572550276,-5.15735558651228,0.020603625017623424,1.6482900014098738,0.23706536320688174,1,5.36189999547787,24.017900010221638
999,33.30000000000067,TRACKING,1,0,1,0,11.156927308503068,-5.208815394512397,11.168024864985462,-5.221874149366766,11.15995167137761,-5.229634631008687,0.021037760790667548,1.6830208632534038,1.3366919616009478,1,6.2793999968562275,22.87439999054186
1000,33.333333333334004,TRACKING,1,0,1,0,11.184469031607264,-5.268331992255906,11.201638221278266,-5.276182587676879,11.18727610685,-5.275460036752181,0.007660854375280405,0.6128683500224325,2.101179474285054,1,5.200600004172884,23.667800007387996
1001,33.366666666667335,TRACKING,1,0,1,0,11.211569211024973,-5.3273381054862545,11.23706442693119,-5.332263937296939,11.243410541771054,-5.320092761632563,0.032655249979743846,2.6124199983795076,1.4708588493739732,1,5.363899996154942,25.60090000042692
1002,33.40000000000067,TRACKING,1,0,1,0,11.23822677688751,-5.385828016699849,11.265308598060736,-5.393316033890828,11.268042920403612,-5.382786685324538,0.029970854353976385,2.3976683483181107,0.9510810671275125,1,5.043199998908676,26.032699999632314
1003,33.433333333334,TRACKING,1,0,1,0,11.264440676799824,-5.443796058411462,11.288874939489592,-5.4553193895826295,11.276223952892877,-5.465235497622114,0.02446416050373208,1.9571328402985662,0.7218280140357377,1,12.963800007128157,24.73710000049323
1004,33.46666666666733,TRACKING,1,0,1,0,11.290209875882029,-5.50123661370332,11.311812045672507,-5.509465623512304,11.29431080670104,-5.508705174927765,0.008520389682731241,0.6816311746184993,0.8276173095625116,1,7.896700000856072,24.615299989818595
1005,33.50000000000066,TRACKING,1,0,1,0,11.31553335681027,-5.558144116769395,11.333052204161437,-5.562631953603852,11.32952816000511,-5.554327442458728,0.01450591325135977,1.1604730601087816,0.6004927552028863,1,6.367599999066442,28.292100003454834
1006,33.53333333333399,TRACKING,1,0,1,0,11.34041011985688,-5.614513053454744,11.353194706017185,-5.618200725091953,11.367852145795998,-5.622828742160762,0.028674299752541994,2.29394398020336,1.0501873625231968,1,6.47170000593178,27.955800003837794
1007,33.566666666667324,TRACKING,1,0,1,0,11.36483918292985,-5.6703379617897545,11.370026058875663,-5.6736748091240505,11.366275803961129,-5.686767851215842,0.016492578529174438,1.3194062823339552,1.1821365152250694,1,5.52929998957552,26.62910000071861
1008,33.600000000000655,TRACKING,1,0,1,0,11.388819581611603,-5.7256134325194195,11.391137300275597,-5.726001063100209,11.380408238972585,-5.735290964177672,0.01282206317202675,1.02576505376214,1.0898409435150584,1,6.060400002752431,25.101799998083152
1009,33.63333333333399,TRACKING,1,0,1,0,11.412350369197053,-5.780334109627509,11.416756168408273,-5.778496462082831,11.426143026854964,-5.776556292134749,0.014300675168569142,1.1440540134855313,0.7647039901324997,1,4.725000006146729,26.78580000065267
1010,33.66666666666732,TRACKING,1,0,1,0,11.435430616731002,-5.834494690855486,11.439980079415085,-5.833499633099167,11.447900650011464,-5.822151223643597,0.017546022706778873,1.40368181654231,0.48748415334525175,1,5.159300009836443,25.909100004355423
1011,33.70000000000065,TRACKING,1,0,1,0,11.458059413044797,-5.888089928216319,11.46514139932424,-5.889394045450388,11.466573547438339,-5.89398399754757,0.010355217899826451,0.8284174319861161,0.4931918366574165,1,5.493600008776411,25.219599992851727
1012,33.73333333333398,TRACKING,1,0,1,0,11.480235864792304,-5.94111462850301,11.49056539165549,-5.946145939866245,11.482876724617284,-5.961532739433523,0.020588185801229123,1.6470548640983298,0.9637107952614284,1,5.445100003271364,24.980200003483333
1013,33.76666666666731,TRACKING,1,0,1,0,11.501959096485182,-5.993563653791748,11.516900535607284,-5.999240041040145,11.510999945679753,-6.005286552465697,0.014804165207084842,1.1843332165667873,0.9034251206647311,1,4.964800013112836,27.938999992329627
1014,33.800000000000644,TRACKING,1,0,1,0,11.523228250527438,-6.045431921939816,11.540836236857292,-6.0536083793243565,11.552428140613529,-6.029908336721695,0.03306985453648117,2.645588362918493,1.1912141396456557,1,5.200600004172884,29.526099999202415
1015,33.833333333333975,TRACKING,1,0,1,0,11.544042487249293,-6.096714407077983,11.559409303558638,-6.11379490401485,11.566295190751118,-6.1087178347455735,0.02528369215346589,2.022695372277271,1.6455503739313257,1,5.8871000073850155,28.15250000276137
1016,33.86666666666731,TRACKING,1,0,1,0,11.564400984940317,-6.147406140097518,11.57804840879342,-6.1723487848850915,11.567496176652444,-6.19244833163237,0.045148413371868944,3.611873069749515,1.1515094687644714,1,5.486399997607805,28.779799991752952
1017,33.90000000000064,TRACKING,1,0,1,0,11.584302939881882,-6.197502209131705,11.600975989243032,-6.222061297693539,11.596287614285977,-6.229599644660739,0.03426189994896222,2.7409519959169777,1.4310383844803867,1,6.265100004384294,34.00990000227466
1018,33.93333333333397,TRACKING,1,0,1,0,11.603747566378885,-6.246997760031737,11.624745353367164,-6.270864247273402,11.62005325024017,-6.251804720673519,0.016999476368283046,1.3599581094626438,2.109462239796401,1,5.897700000787154,30.368899999302812
1019,33.9666666666673,TRACKING,1,0,1,0,11.622734096790765,-6.29588799683709,11.646764084715143,-6.325238437305886,11.647383348666178,-6.320592131541587,0.03489813590316105,2.7918508722528843,2.169855634766162,1,5.802799991215579,27.830599996377714
1020,34.00000000000063,TRACKING,1,0,1,0,11.641261781561813,-6.344168182240269,11.665734813740588,-6.377697199656293,11.661651975705317,-6.38798481592802,0.04832863959327136,3.866291167461709,2.0501731672164754,1,6.125400002929382,30.83639999385923
1021,34.033333333333964,TRACKING,1,0,1,0,11.659329889250756,-6.391833638045771,11.68561176126899,-6.425828783349077,11.682119424055214,-6.430629534882387,0.04499427194611502,3.5995417556892018,1.7613591485429423,1,5.1657999865710735,27.39580000343267
1022,34.066666666667295,TRACKING,1,0,1,0,11.676937706559642,-6.438879745623458,11.702920658115483,-6.4719220559352095,11.700627756472388,-6.46025329576796,0.03190685052849853,2.5525480422798825,1.5525552612800857,1,5.67760001285933,26.920699994661845
1023,34.10000000000063,TRACKING,1,0,1,0,11.694084538361993,-6.48530194635603,11.717500718184498,-6.517892334013878,11.727377756075244,-6.512528103075816,0.04300816149793271,3.440652919834617,1.2295774713327206,1,5.320900003425777,28.070000000298023
1024,34.13333333333396,TRACKING,1,0,1,0,11.71076970773025,-6.531095742080763,11.72813552719151,-6.562526754850737,11.73385621036411,-6.576504893986342,0.05094092343732235,4.075273874985788,0.4240492513323866,1,5.64269999449607,21.871000004466623
1025,34.16666666666729,TRACKING,1,0,1,0,11.726992555962497,-6.576256695525391,11.738052123663197,-6.59831732528001,11.732373914818206,-6.6090903272336075,0.033271705611295666,2.6617364489036532,1.1050728232551124,1,4.782100004376844,19.086399988736957
1026,34.20000000000062,TRACKING,1,0,1,0,11.74275244260846,-6.6207804307380185,11.751729372232104,-6.631719866773216,11.740958687167629,-6.629774220727265,0.0091709223610379,0.7336737888830321,1.4943034265819057,0,4.287499992642552,20.873500005109236
1027,34.23333333333395,TRACKING,1,0,1,0,11.7580487454948,-6.664662633511155,11.765296424774359,-6.666593683456368,11.77618588476508,-6.650191122915998,0.023203026522746844,1.8562421218197476,1.274819344290131,1,5.5148999963421375,21.86160000564996
1028,34.266666666667284,TRACKING,1,0,1,0,11.772880860749677,-6.707899051799777,11.772640215222422,-6.711263596216179,11.778270447407067,-6.716101052569271,0.009814298801253896,0.7851439041003115,0.5963981414735042,1,5.019900010665879,20.21709999826271
1029,34.300000000000615,TRACKING,1,0,1,0,11.787248202826568,-6.750485496133278,11.787121520065362,-6.754330163726736,11.780526801931932,-6.765075653327164,0.01606393217517813,1.2851145740142502,0.7686581348147178,1,5.213799988268875,21.434000009321608
1030,34.33333333333395,TRACKING,1,0,1,0,11.801150204527415,-6.792417840021479,11.806297719817527,-6.794392415631256,11.799403228118976,-6.78519175867695,0.007434257069095788,0.594740565527663,1.0358079710210448,1,5.47309999819845,20.833299990044907
1031,34.36666666666728,TRACKING,1,0,1,0,11.814586317024993,-6.8336920203544205,11.825833621807037,-6.8360011832434,11.834136648907831,-6.818539798623569,0.024734698302384815,1.978775864190785,0.4231336611692148,1,4.74860001122579,20.039399998495355
1032,34.40000000000061,TRACKING,1,0,1,0,11.827556009884587,-6.874304037796083,11.838861650494243,-6.881604616744046,11.84243348140775,-6.881210213952914,0.01640226899034813,1.3121815192278503,0.298197758285308,1,6.027299998095259,21.79939999768976
1033,34.43333333333394,TRACKING,1,0,1,0,11.84005877108493,-6.914249957171936,11.851315925462698,-6.923888248070115,11.835280640646468,-6.93791539049835,0.0241429754797106,1.9314380383768481,0.6792654836585017,1,4.516499990131706,21.63519999885466
1034,34.46666666666727,TRACKING,1,0,1,0,11.85209410703842,-6.9535259078501985,11.866055370479673,-6.96247853654962,11.848833525107558,-6.969021757477423,0.015835174460592644,1.2668139568474117,1.0001147214228787,1,4.712699999799952,21.31809999991674
1035,34.500000000000604,TRACKING,1,0,1,0,11.863661542610597,-6.992128084116912,11.88118289787545,-7.001391667959639,11.883106180026967,-6.9892876820638685,0.019651000180068264,1.572080014405461,0.6358155481546537,1,4.56560000020545,18.96139999735169
1036,34.533333333333935,TRACKING,1,0,1,0,11.874760621138917,-7.030052745544724,11.890023219759744,-7.043882683751781,11.900108312302482,-7.030538006307929,0.02535233569775777,2.0281868558206217,0.6895108107348739,1,4.2828000005101785,18.106000003172085
1037,34.56666666666727,TRACKING,1,0,1,0,11.88539090445076,-7.067296217355282,11.894893334429991,-7.083311062299329,11.897954751929918,-7.096358910062177,0.031662128337414996,2.5329702669931997,0.49298170101335637,1,4.33879999036435,18.211500006145798
1038,34.6000000000006,TRACKING,1,0,1,0,11.895551972880744,-7.103854890775327,11.901814407003469,-7.117243683086291,11.8877774274408,-7.1290551425233595,0.026372262795633195,2.1097810236506556,0.3294912858283372,1,4.988799992133863,18.33170000463724
1039,34.63333333333393,TRACKING,1,0,1,0,11.905243425287287,-7.139725223386393,11.912030078508502,-7.15083731024956,11.91234177427256,-7.13405113111008,0.009087457371391477,0.7269965897113182,0.6962171883544974,1,4.280699999071658,18.081200003507547
1040,34.66666666666726,TRACKING,1,0,1,0,11.914464879068442,-7.174903739468011,11.919243136961311,-7.190402929901578,11.941167947208136,-7.177121805896194,0.026795030635417955,2.1436024508334364,1.9379228592127449,1,4.3194000027142465,17.46360000106506
1041,34.70000000000059,TRACKING,1,0,1,0,11.923215970177,-7.209387030334543,11.919556944608793,-7.230557860391839,11.921514654415045,-7.240219578241396,0.030879450865425626,2.4703560692340503,2.0408733021213665,1,4.368699999758974,18.415700003970414
1042,34.733333333333924,TRACKING,1,0,1,0,11.931496353134875,-7.243171754665434,11.921994317497486,-7.26675808583182,11.909703337706443,-7.2777145643434435,0.040842884593464496,3.2674307674771597,1.4544918662346364,1,4.741600001580082,19.173699998646043
1043,34.766666666667255,TRACKING,1,0,1,0,11.93930570104672,-7.2762546388289895,11.929432672356459,-7.299739486226587,11.917892027046069,-7.286707655206891,0.023828784811711783,1.9063027849369425,1.248405971023314,1,4.699299999629147,18.21719999134075
1044,34.80000000000059,TRACKING,1,0,1,0,11.946643705612857,-7.3086324771996,11.94011122517055,-7.334361050747878,11.950682054364938,-7.319360506652265,0.011462934902575043,0.9170347922060035,1.9199037542991784,1,4.242299997713417,17.747100006090477
1045,34.83333333333392,TRACKING,1,0,1,0,11.953510077141424,-7.340302132468319,11.946929008836827,-7.370906119085955,11.950071611704535,-7.373028899103237,0.032906903514871,2.63255228118968,1.5699650283402677,1,3.875000009429641,17.380799996317364
1046,34.86666666666725,TRACKING,1,0,1,0,11.959904544559834,-7.371260535946878,11.955741219870312,-7.403065081113198,11.952904150028148,-7.413765415290608,0.043077491705347117,3.446199336427769,0.3996157545700559,1,4.757000002427958,20.205100008752197
1047,34.90000000000058,TRACKING,1,0,1,0,11.96582685542546,-7.401504687865049,11.967364433156616,-7.427646632903202,11.958286433944421,-7.430752577785185,0.030204255013029823,2.416340401042386,0.6414263176501985,1,4.32110000110697,19.137299997964874
1048,34.93333333333391,TRACKING,1,0,1,0,11.971276775935612,-7.4310316576612685,11.979702846218158,-7.452269208511751,11.993304424746828,-7.43557489377709,0.02249129401689377,1.7993035213515016,0.8785198804004276,1,4.2465000005904585,18.006600002991036
1049,34.966666666667244,TRACKING,1,0,1,0,11.97625409093676,-7.459838584266652,11.986939980528696,-7.482533714713312,11.998974801735319,-7.472915742154231,0.02621531532536702,2.0972252260293613,1.1805772528382814,1,3.8253999955486506,16.35839999653399
1050,35.000000000000576,TRACKING,1,0,1,0,11.98075860393303,-7.487922676382179,11.992052127832885,-7.513209116613799,11.993399994779196,-7.531130395981938,0.04501901593256952,3.6015212746055614,1.0317445969003904,1,4.205999997793697,17.026700006681494
1051,35.03333333333391,TRACKING,1,0,1,0,11.98479013709396,-7.515281212749176,12.000689636729575,-7.538497510024777,11.993818393130223,-7.541782439144297,0.02799686424408595,2.239749139526876,1.7486163106473547,1,4.231800005072728,17.644699997617863
1052,35.06666666666724,TRACKING,1,0,1,0,11.988348531261526,-7.541911542413019,12.009627504993018,-7.567674256596415,12.015391476377607,-7.556815525663998,0.03087797916471922,2.4702383331775377,2.166906759969006,1,4.368300011265092,17.69100000092294
1053,35.10000000000057,TRACKING,1,0,1,0,11.991433645956416,-7.567811084979966,12.016616647551754,-7.597603399734187,12.009231542763164,-7.5910545708592245,0.02927498533838973,2.3419988270711785,2.4735744135023,1,4.1013000009115785,17.29569998860825
1054,35.1333333333339,TRACKING,1,0,1,0,11.99404535938359,-7.592977330867207,12.022372213484385,-7.626866108049183,12.02361844092957,-7.639628169272431,0.05523466190749694,4.418772952599755,1.4497493763277696,1,4.353500000433996,17.392399997333996
1055,35.16666666666723,TRACKING,1,0,1,0,11.996183568437068,-7.617407841546049,12.02152614419268,-7.649239681551735,12.002333926787012,-7.664354123447783,0.047347442298711406,3.7877953838969125,1.1176650280725253,1,3.973400001996197,17.128599996794946
1056,35.200000000000564,TRACKING,1,0,1,0,11.997848188704022,-7.641100249778167,12.023523285383419,-7.6654960188846895,12.025265162485514,-7.665294987376354,0.036566046802739574,2.925283744219166,0.6255478260453341,1,4.330099996877834,17.65480000176467
1057,35.233333333333896,TRACKING,1,0,1,0,11.999039154468093,-7.664052259845019,12.021362330210131,-7.684268841495912,12.030619300320495,-7.672504532731376,0.03269168898977901,2.615335119182321,0.9247847620841338,1,4.436499992152676,16.436499994597398
1058,35.26666666666723,TRACKING,1,0,1,0,11.999756418711993,-7.686261647770266,12.016201548146862,-7.708638642757349,12.02307733609929,-7.7100282843144745,0.033297420326650465,2.663793626132037,0.7027926719916778,1,4.453000001376495,16.42260000517126
1059,35.30000000000056,TRACKING,1,0,1,0,11.999999953119353,-7.707726261535274,12.01106033121803,-7.728988522005401,12.001095402379322,-7.747523883023424,0.03981269502552193,3.1850156020417546,0.37892942554019965,1,4.316800012020394,16.913599989493378
1060,35.33333333333389,TRACKING,1,0,1,0,11.999769748075856,-7.728444021287659,12.007168595087405,-7.745510989256581,12.002470010899346,-7.752237794516705,0.023946504208154702,1.9157203366523763,0.7164182019286216,1,3.7976000021444634,15.972299996064976
1061,35.36666666666722,TRACKING,1,0,1,0,11.999065812669603,-7.748412919542786,12.002375566076802,-7.76127558743175,12.00507649931714,-7.745702957196042,0.006593348913537657,0.5274679130830126,0.7916444556584504,1,3.9348999998765066,16.59010000003036
1062,35.40000000000055,TRACKING,1,0,1,0,11.997888174690758,-7.767631021378303,11.998229452791072,-7.781603000732467,11.998645472780497,-7.77891762752621,0.01131198385495214,0.9049587083961712,0.5047017469822341,1,4.019899992272258,19.41140000417363
1063,35.433333333333884,TRACKING,1,0,1,0,11.996236880630448,-7.786096464621642,11.997721041329443,-7.801338121016285,11.98965346990035,-7.820751519313843,0.03527483681834123,2.8219869454672986,0.6864824625264089,0,3.6370999878272414,17.60060001106467
1064,35.466666666667216,TRACKING,1,0,1,0,11.994111995678942,-7.803807460030432,11.996878449057093,-7.8214268433307765,11.974904785976987,-7.8279166599994054,0.030824834592886475,2.465986767430918,0.4051488043541195,1,4.194299996015616,18.727200003922917
1065,35.50000000000055,TRACKING,1,0,1,0,11.991513603723055,-7.8207622914658845,11.995165413034313,-7.838160867769402,11.99045228185706,-7.826106321040284,0.005448399415911019,0.43587195327288153,1.6605266928930473,1,4.4018999906256795,16.770200003520586
1066,35.53333333333388,TRACKING,1,0,1,0,11.988441807342852,-7.8369593160590885,11.99113351445823,-7.8618537663024295,12.001165811132458,-7.859610635800529,0.025980426448902885,2.078434115912231,2.389543011993606,1,4.789899991010316,16.86590000463184
1067,35.56666666666721,TRACKING,1,0,1,0,11.984896727807596,-7.85239696437018,11.980543692295033,-7.8827603712049825,11.97484062886956,-7.893715044615483,0.042524215230958784,3.4019372184767027,2.058809452920285,1,4.481000010855496,17.692299996269867
1068,35.60000000000054,TRACKING,1,0,1,0,11.980878505070956,-7.867073740540439,11.972344641221651,-7.897565127840082,11.951106554510597,-7.904917870610846,0.048151295111911054,3.852103608952884,1.3218235010947286,1,4.233999992720783,16.625699994619936
1069,35.63333333333387,TRACKING,1,0,1,0,11.976387297765486,-7.880988222437212,11.969282362345957,-7.909613896355419,11.971203811524502,-7.908787652966054,0.02827855843812364,2.2622846750498913,1.3850209100217792,1,4.336400001193397,17.07200000237208
1070,35.666666666667204,TRACKING,1,0,1,0,11.97142328319636,-7.894139061791724,11.964206725814778,-7.921676594834868,11.984100623827416,-7.908624285777441,0.019249329323179767,1.5399463458543814,1.5073766136368896,1,4.367200002889149,17.294099990976974
1071,35.700000000000536,TRACKING,1,0,1,0,11.965986657334374,-7.906524984329722,11.95738989504069,-7.932537022121246,11.96555717268656,-7.941181180570217,0.03465885738050818,2.7727085904406548,1.4887187133586215,2,4.856100000324659,18.752599993604235
1072,35.73333333333387,TRACKING,1,0,1,0,11.960077634808206,-7.918144789894942,11.94952334646404,-7.93872704819887,11.942401657937927,-7.942695024647475,0.03025151541201057,2.4201212329608457,0.5537628309229148,2,4.324499997892417,19.51930001087021
1073,35.7666666666672,TRACKING,1,0,1,0,11.95369644889595,-7.9289973525654025,11.94804048513798,-7.9452768579520034,11.93977261619423,-7.939932494133522,0.017704531573027794,1.4163625258422234,0.4336668861727136,2,4.091500013601035,18.152999997255392
1074,35.80000000000053,TRACKING,1,0,1,0,11.946843351515898,-7.939081620762508,11.949027618288037,-7.95532070017343,11.953465306295922,-7.938984114759938,0.00662267261226214,0.5298138089809712,1.15101052723264,2,4.270299992640503,16.900500006158836
1075,35.83333333333386,TRACKING,1,0,1,0,11.939518613216602,-7.948396617352934,11.948300510837674,-7.968403078786251,11.95355124518158,-7.9604502188608475,0.018498758584729668,1.4799006867783735,1.672661257188953,2,4.534299994702451,16.89470000565052
1076,35.86666666666719,TRACKING,1,0,1,0,11.931722523166187,-7.956941439743319,11.943662355157615,-7.982973361375671,11.929722078633233,-7.999413409487305,0.04251905446107094,3.401524356885675,1.0967015711514658,2,5.275100003927946,16.683599998941645
1077,35.900000000000524,TRACKING,1,0,1,0,11.923455389140935,-7.9647152599677105,11.939328699910106,-7.98899327153213,11.930064432076522,-7.99677393128469,0.03273282534604338,2.618626027683471,0.8751519841068534,2,4.671599992434494,17.79470000474248
1078,35.933333333333856,TRACKING,1,0,1,0,11.914717537513148,-7.971717324767803,11.930308875309402,-7.9956526253286375,11.937170398354429,-7.981905722265694,0.024656325831983412,1.9725060665586729,1.5393438003091608,2,4.885000002104789,18.041899995296262
1079,35.96666666666719,TRACKING,1,0,1,0,11.905509313238245,-7.9779469556659235,11.912621625441862,-8.004190557221767,11.920323122729165,-7.995305727777448,0.02282051535029698,1.8256412280237584,1.9506575361369813,2,4.342800006270409,18.297300004633144
1080,36.00000000000052,TRACKING,1,0,1,0,11.895831079841152,-7.983403549030769,11.895558150911949,-8.011730225774713,11.887611959860026,-8.026516573773716,0.043889484341354985,3.5111587473083987,1.1061765927458338,2,4.366000008303672,17.689500004053116
1081,36.03333333333385,TRACKING,1,0,1,0,11.885683219401951,-7.988086576135903,11.884731040385661,-8.014059149587977,11.8601377636746,-8.018552371236796,0.03975845796113843,3.1806766368910746,0.7147069716750021,2,4.157100003794767,17.803700000513345
1082,36.06666666666718,TRACKING,1,0,1,0,11.875066132540798,-7.991995583210981,11.879733337071345,-8.016101778144117,11.864870093105129,-8.004054751233356,0.015791857191781104,1.2633485753424882,1.5892139845356505,1,4.085099993972108,16.15270000183955
1083,36.10000000000051,TRACKING,1,0,1,0,11.863980238402103,-7.9951301914857265,11.874080007707045,-8.022918027283616,11.878284899303237,-8.013794321084147,0.02351537916264706,1.8812303330117648,1.9198949261130878,1,4.670499998610467,15.771000005770475
1084,36.133333333333844,TRACKING,1,0,1,0,11.852425974637983,-7.997490097226628,11.862799221015184,-8.029978569642832,11.86100219029245,-8.041183690770092,0.04452731287303766,3.562185029843013,1.4620177410121538,1,4.314199992222711,17.938500008312985
1085,36.166666666667176,TRACKING,1,0,1,0,11.84040379739099,-7.999075071766368,11.85157017148409,-8.03130862631219,11.831615281255896,-8.039969750325046,0.04182837255110905,3.346269804088724,1.4628730863441641,1,4.065699991770089,16.567200000281446
1086,36.20000000000051,TRACKING,1,0,1,0,11.827914181276093,-7.9998849615259875,11.842389196573311,-8.03126941018974,11.840411604031333,-8.032781284232703,0.0351902489781981,2.8152199182558477,1.6278951815165297,1,4.033199991681613,16.52660001127515
1087,36.23333333333384,TRACKING,1,0,1,0,11.814957619361953,-7.999919688029758,11.833210980852625,-8.030612407274763,11.841699711509207,-8.017500807319328,0.03200367553713651,2.560294042970921,1.7547248421849477,1,4.168600004049949,17.53459998872131
1088,36.26666666666717,TRACKING,1,0,1,0,11.801534623151449,-7.999179247912793,11.818863716752366,-8.031947963648182,11.824654234664314,-8.03721696912583,0.04451274729317927,3.5610197834543413,1.345016495816866,1,4.465999998501502,17.864599998574704
1089,36.3000000000005,TRACKING,1,0,1,0,11.787645722561486,-7.997663712921372,11.801591713168351,-8.029363463537852,11.792018889959575,-8.050438154993314,0.05295532389756933,4.236425911805546,0.31761675473471446,1,4.213499996694736,17.080199992051348
1090,36.33333333333383,TRACKING,1,0,1,0,11.773291465902078,-7.995373229905984,11.78574936106608,-8.019953809926715,11.772688114640125,-8.018673618155084,0.023308198671371225,1.8646558937096982,0.8182801927523152,1,4.535200001555495,17.43969999370165
1091,36.366666666667165,TRACKING,1,0,1,0,11.758472419854701,-7.992308020807106,11.771154849287086,-8.015865872863868,11.774537742670532,-8.005413930725085,0.020733052644389634,1.6586442115511706,1.2331451035311147,1,4.555599996820092,16.962499998044223
1092,36.400000000000496,TRACKING,1,0,1,0,11.74318916944992,-7.988468382633693,11.754746538790977,-8.01394057321737,11.756311412136396,-8.013299124703341,0.028084853655523514,2.2467882924418814,1.5233896694865996,1,4.1840999911073595,16.631500009680167
1093,36.43333333333383,TRACKING,1,0,1,0,11.727442318044286,-7.9838546874343965,11.739491058283281,-8.011855456062374,11.742177553384645,-8.03823331048147,0.056339700079352996,4.50717600634824,1.2347203800962736,1,4.524200005107559,17.061799997463822
1094,36.46666666666716,TRACKING,1,0,1,0,11.711232487296536,-7.97846738226152,11.727273950564863,-8.00334836772746,11.71632413000247,-8.003803158096634,0.02584233663220119,2.0673869305760952,1.5544172590186776,0,3.724900001543574,17.820000008214265
1095,36.50000000000049,TRACKING,1,0,1,0,11.69456031714303,-7.972306989127697,11.714706052207951,-7.99635326030752,11.715683749602732,-7.982507425405672,0.023457371957247408,1.8765897565797927,1.948208443355197,1,4.958499994245358,18.142700006137602
1096,36.53333333333382,TRACKING,1,0,1,0,11.677426465772495,-7.96537410495531,11.702474785675603,-7.9893629253501635,11.721646009603072,-7.978069726340155,0.046005943734822474,3.680475498785798,1.254056389989867,1,4.444500009412877,19.449400002486072
1097,36.56666666666715,TRACKING,1,0,1,0,11.65983160960005,-7.957669401518656,11.682791397449408,-7.98144019775187,11.690172173744493,-7.989095775164323,0.04368256852704735,3.494605482163788,0.6589233627357048,1,4.260299989255145,19.2119000130333
1098,36.600000000000485,TRACKING,1,0,1,0,11.641776443240488,-7.9491936253788404,11.657029874207375,-7.971004827142474,11.65672664932503,-7.987217844798884,0.0408576788923934,3.268614311391472,1.0699106139675083,1,5.748299998231232,17.021600011503324
1099,36.633333333333816,TRACKING,1,0,1,0,11.62326167948086,-7.939947597811455,11.62977974270737,-7.959680934648416,11.62539181059592,-7.95303317249864,0.013257817447123265,1.0606253957698613,1.6145429289174291,1,4.433800000697374,18.387000003713183
1100,36.66666666666715,TRACKING,1,0,1,0,11.604288049252338,-7.929932214726987,11.603822619962703,-7.9521512925379625,11.614993826380436,-7.936519100250161,0.012569833921413157,1.0055867137130525,2.7412469916595867,1,4.3471000099089,17.36009999876842
1101,36.70000000000048,TRACKING,1,0,1,0,11.584856301601356,-7.91914844658401,11.574573211998176,-7.947092020672576,11.584982204264117,-7.947417161139637,0.028268994925678734,2.2615195940542985,2.7826113246117887,1,4.238599998643622,18.38520000455901
1102,36.73333333333381,TRACKING,1,0,1,0,11.564967203660037,-7.9075973382951545,11.547271075328396,-7.93670446060751,11.539166684650075,-7.957888424927107,0.05652309418110453,4.521847534488362,2.216252647324982,1,4.712499998277053,17.568700000992976
1103,36.76666666666714,TRACKING,1,0,1,0,11.544621540615914,-7.89528000912585,11.523562089284813,-7.9182459518789345,11.521650247431879,-7.922710986932526,0.03577902813069801,2.862322250455841,1.5785400032180348,1,4.834599996684119,18.7073999986751
1104,36.80000000000047,TRACKING,1,0,1,0,11.523820115680925,-7.8821976525858855,11.504473803277934,-7.8996026469792175,11.515002949673812,-7.900337953988197,0.020169604640738442,1.6135683712590754,1.354894399094309,1,4.65970000368543,17.69020000938326
1105,36.833333333333805,TRACKING,1,0,1,0,11.50256375005971,-7.868351536313751,11.485537576662017,-7.881548915492976,11.490337103805611,-7.886865811373224,0.022187141762757313,1.7749713410205852,1.0067568643178642,1,4.5486000017262995,17.066699991119094
1106,36.866666666667136,TRACKING,1,0,1,0,11.480853282917188,-7.8537430019538075,11.470229380217374,-7.860357325217771,11.449858330525288,-7.876692607930023,0.03856645547933732,3.0853164383469855,1.7704353405390851,1,4.65220000478439,17.527000003610738
1107,36.90000000000047,TRACKING,1,0,1,0,11.458689571345424,-7.838373465026293,11.459084820542186,-7.836015326218363,11.441213494393448,-7.840970863782766,0.017668043070230056,1.4134434456184044,2.196284118522152,1,5.2100000029895455,18.161799991503358
1108,36.9333333333338,TRACKING,1,0,1,0,11.436073490329804,-7.822244414790162,11.447195756441246,-7.814091392016307,11.462096580055341,-7.799518858909746,0.034549270454486886,2.763941636358951,1.1657905161704016,1,4.1856000025291,16.836599999805912
1109,36.96666666666713,TRACKING,1,0,1,0,11.41300593271448,-7.8053574140987685,11.42200791430845,-7.797494014692913,11.442970179654717,-7.789665780114085,0.033824302975889585,2.705944238071167,1.6223532829476235,1,3.929500002413988,16.327300007105805
1110,37.00000000000046,TRACKING,1,0,1,0,11.389487809167127,-7.787714099248453,11.390927060386431,-7.780390246741739,11.385293852443736,-7.7944597926007475,0.007943151251289625,0.63545210010317,1.9892068641762755,1,4.284700000425801,17.49460000428371
1111,37.03333333333379,TRACKING,1,0,1,0,11.365520048142997,-7.769316179819967,11.364355809716164,-7.75826539390657,11.350870319501961,-7.762911914249434,0.015988407261322026,1.279072580905762,2.024729170749427,1,4.343699998571537,18.19940000132192
1112,37.066666666667125,TRACKING,1,0,1,0,11.341103595848253,-7.750165438512838,11.340392899688746,-7.7361237789633694,11.338483868520866,-7.730044376799541,0.020290887012157362,1.6232709609725888,1.9366749998885773,1,4.792699997778982,18.358599991188385
1113,37.100000000000456,TRACKING,1,0,1,0,11.316239416202624,-7.730263730972625,11.317050824451307,-7.714784628601421,11.324054453596176,-7.701757598138047,0.029557984008474477,2.364638720677958,1.364384034331442,1,4.863800000748597,18.888199992943555
1114,37.13333333333379,TRACKING,1,0,1,0,11.290928490801349,-7.7096129856111055,11.293838094076143,-7.69680176589624,11.297371026530227,-7.700257007367765,0.011359603668602853,0.9087682934882283,1.046893745765242,1,5.319499992765486,21.553600003244355
1115,37.16666666666712,TRACKING,1,0,1,0,11.265171818876423,-7.688215203419432,11.271117228653353,-7.678929036639623,11.261017883385948,-7.688466582407723,0.004161534747515806,0.33292277980126445,1.0253595701488378,1,4.585400005453266,18.619799986481667
1116,37.20000000000045,TRACKING,1,0,1,0,11.238970417257153,-7.666072457774236,11.251150641366031,-7.6622938554492785,11.2463385226335,-7.646241114162008,0.021155877819254595,1.6924702255403676,1.2234983750129018,1,4.617899990989827,19.46989999851212
1117,37.23333333333378,TRACKING,1,0,1,0,11.21232532033001,-7.643186894236716,11.229844014874079,-7.647588866319389,11.241252989686949,-7.647034880338181,0.02918247850100231,2.334598280080185,1.854704765845441,0,4.7734999970998615,17.36650000384543
1118,37.26666666666711,TRACKING,1,0,1,0,11.185237579997796,-7.6195607303447535,11.20870156085381,-7.63254350952269,11.212369288784775,-7.639699485512845,0.0337890378883705,2.7031230310696404,0.18193041231473817,1,4.6094999997876585,17.260399996303022
1119,37.300000000000445,TRACKING,1,0,1,0,11.157708265638117,-7.59519625539804,11.17593777134434,-7.607811114585572,11.165744638774385,-7.619600760403258,0.025693640414215683,2.0554912331372543,0.3820520798861533,1,4.354100005002692,17.72289999644272
1120,37.333333333333776,TRACKING,1,0,1,0,11.129738464061168,-7.570095830236231,11.14498937125871,-7.581467216720007,11.137302024345791,-7.587825242652945,0.019275360147635943,1.5420288118108756,0.6498991224032212,1,4.468999992241152,17.12450000923127
1121,37.36666666666711,TRACKING,1,0,1,0,11.101329279466821,-7.544261887010221,11.116735474879224,-7.554332618041076,11.124680089685794,-7.5434228324489165,0.02336588004846728,1.8692704038773824,0.4719127015091465,1,4.544499999610707,18.478500001947396
1122,37.40000000000044,TRACKING,1,0,1,0,11.072481833401042,-7.51769692894644,11.087263690693694,-7.531010402454862,11.106333992576012,-7.526448224766964,0.034965037671162526,2.797203013693002,0.5334514069709656,1,4.166299986536615,18.294100009370595
1123,37.43333333333377,TRACKING,1,0,1,0,11.043197264711608,-7.490403530104327,11.054828011866794,-7.507095682841588,11.051292882252444,-7.514962337510274,0.02585873246255215,2.0686985970041722,0.8416677155150485,1,3.9588000072399154,16.686000002664514
1124,37.4666666666671,TRACKING,1,0,1,0,11.013476729503143,-7.4623843351269095,11.025630957281406,-7.4823031435418805,11.015304406606127,-7.48107189863377,0.018776725843866412,1.5021380675093128,1.4246741254441084,1,4.306000002543442,16.620199996395968
1125,37.50000000000043,TRACKING,1,0,1,0,10.983321401091484,-7.433642058984516,10.998288722046919,-7.457852600407393,10.996751810836326,-7.446250991492961,0.01842175575011425,1.47374046000914,1.996559027055428,1,4.072299998369999,16.904099989915267
1126,37.533333333333765,TRACKING,1,0,1,0,10.952732469957375,-7.404179486711745,10.968247155861114,-7.435168024754531,10.981627686481605,-7.424906981530489,0.03556068868066533,2.8448550944532265,2.45543246772802,1,4.851600009715185,16.484799998579547
1127,37.566666666667096,TRACKING,1,0,1,0,10.921711143699435,-7.373999473137585,10.934097614991664,-7.41227982573269,10.93572088884901,-7.419327220426803,0.047443415069652196,3.795473205572176,2.091815431211202,1,4.305900001781993,15.591899995342828
1128,37.60000000000043,TRACKING,1,0,1,0,10.890258646986506,-7.3431049426087736,10.900092868763458,-7.383189968259527,10.889531814092267,-7.386429333661012,0.04333048748979697,3.466438999183757,1.9876686805391777,1,4.303599998820573,16.89720001013484
1129,37.63333333333376,TRACKING,1,0,1,0,10.858376221509303,-7.31149888870648,10.867425029752587,-7.3521075230469775,10.862909426266047,-7.344367624910016,0.03317986987593836,2.6543895900750685,2.1416582535367024,1,4.493400003411807,17.11129999603145
1130,37.66666666666709,TRACKING,1,0,1,0,10.826065125931397,-7.279184373956186,10.832999361866484,-7.3208809894974785,10.857556444930124,-7.304169741299076,0.04019915115445538,3.2159320923564305,2.7127462960700606,1,3.593200002796948,16.2516999989748
1131,37.70000000000042,TRACKING,1,0,1,0,10.793326635839508,-7.246164529530981,10.791976274159424,-7.289928389921008,10.79572299465548,-7.298086093488698,0.05197683464188821,4.158146771351056,3.17130654500858,0,4.25810000160709,16.300999996019527
1132,37.73333333333375,TRACKING,1,0,1,0,10.760162043693171,-7.212442554948145,10.7526027371271,-7.2594189063363475,10.744719407879412,-7.268216545218425,0.05787238539705891,4.629790831764713,1.2763399245864218,1,4.422400001203641,17.130799998994917
1133,37.766666666667085,TRACKING,1,0,1,0,10.726572658773698,-7.178021717759102,10.722621288973633,-7.217488773432063,10.716843587604297,-7.219503843742525,0.04260776457318377,3.4086211658547017,1.3697856716718377,1,4.40330000128597,15.299699996830896
1134,37.800000000000416,TRACKING,1,0,1,0,10.692559807132493,-7.142905353232848,10.694083859594302,-7.178626942633241,10.698475592298204,-7.1649320186403,0.02280724672332643,1.8245797378661144,1.7900791172220243,1,4.3372999934945256,16.00430000689812
1135,37.83333333333375,TRACKING,1,0,1,0,10.658124831538696,-7.107096864032751,10.665097410471077,-7.1418837776643445,10.672173908827972,-7.141259978795764,0.036939071225341034,2.955125698027283,1.556140626562874,1,3.83289999444969,15.615900003467686
1136,37.86666666666708,TRACKING,1,0,1,0,10.623269091426183,-7.070599719886827,10.635586656758088,-7.101238818359099,10.626498422577392,-7.10552583437246,0.03507509162850056,2.806007330280045,1.5422813165872513,1,4.269900004146621,15.650600005756132
1137,37.90000000000041,TRACKING,1,0,1,0,10.58799396283989,-7.033417457251572,10.605423364173237,-7.05893211703733,10.588391206995961,-7.0637322377750875,0.030317383150734886,2.425390652058791,1.9113412244740948,1,4.114399998798035,16.707200004020706
1138,37.93333333333374,TRACKING,1,0,1,0,10.552300838381495,-6.99555367896927,10.574741231915484,-7.019253649982873,10.583101641125866,-7.010729690542554,0.0343365807408096,2.746926459264768,2.313288153862443,0,3.835299998172559,17.38130000012461
1139,37.966666666667074,TRACKING,1,0,1,0,10.516191127154434,-6.957012053918873,10.544135329056967,-6.979815263828406,10.558022613093955,-6.971151477174464,0.044156500154667655,3.5325200123734124,1.1465334563755343,1,4.291000004741363,16.71630000055302
1140,38.000000000000405,TRACKING,1,0,1,0,10.479666254708274,-6.917796316660541,10.50269835167709,-6.939422922051128,10.496641662375767,-6.949644640089006,0.036089890145048466,2.887191211603877,0.7593260325836273,1,4.358000005595386,17.421299999114126
1141,38.03333333333374,TRACKING,1,0,1,0,10.442727662982442,-6.877910267073725,10.463437286577975,-6.8950593668507265,10.451577189245322,-6.907140190877404,0.03054017944685778,2.4432143557486223,0.7612780164911879,1,4.663100000470877,16.751699993619695
1142,38.06666666666707,TRACKING,1,0,1,0,10.40537681024929,-6.837357769989014,10.424360026104205,-6.848945190249684,10.431080576265245,-6.843593945307478,0.026449451223145792,2.1159560978516634,0.6505696995994258,1,4.607499999110587,16.202400001930073
1143,38.1000000000004,TRACKING,1,0,1,0,10.367615171056528,-6.796142754813628,10.379600175405796,-6.809793817747502,10.391669130894936,-6.799566251830551,0.024296364249258184,1.9437091399406545,1.6564969903018283,1,4.209699996863492,15.529900003457442
1144,38.13333333333373,TRACKING,1,0,1,0,10.329444236169014,-6.754269215150649,10.334606637691534,-6.77419889565695,10.319428520480288,-6.780125790151903,0.027728631981272386,2.218290558501791,1.0132981984367435,1,4.234699998050928,16.474600008223206
1145,38.16666666666706,TRACKING,1,0,1,0,10.290865512509898,-6.711741208412097,10.294797140255865,-6.731800996478347,10.28072577453167,-6.752101759311823,0.04161476126564306,3.329180901251445,0.363233804987511,1,4.484899996896274,16.381699999328703
1146,38.200000000000394,TRACKING,1,0,1,0,10.25188052310113,-6.668562855425758,10.257568329877138,-6.68138811062383,10.25105891976916,-6.684349132053118,0.015807642512108547,1.2646114009686837,1.089279373590524,2,4.752699998789467,18.878599992603995
1147,38.233333333333725,TRACKING,1,0,1,0,10.212490807003341,-6.624738340035864,10.221480232764105,-6.6298662749356705,10.22765922770304,-6.619584871002836,0.01601996347053941,1.281597077643153,0.6030496333890913,1,4.20920000760816,16.170899994904175
1148,38.26666666666706,TRACKING,1,0,1,0,10.172697919255079,-6.580271908697748,10.181422492827242,-6.583045051754691,10.18351321788148,-6.5953939451493895,0.018591575264700046,1.4873260211760038,0.786104906605156,1,4.553900012979284,16.067499993368983
1149,38.30000000000039,TRACKING,1,0,1,0,10.132503430811413,-6.5351678700663145,10.13711393582579,-6.534866795149705,10.128498786101318,-6.556847874927191,0.02204676370857418,1.7637410966859342,0.7361499483725796,1,3.9299000054597855,16.057699991506524
1150,38.33333333333372,TRACKING,1,0,1,0,10.091908928481924,-6.489430594578595,10.096181049257991,-6.487222095569713,10.08665332670049,-6.4935098679084255,0.0066529558080958276,0.5322364646476662,0.22772119777619265,1,3.998400003183633,15.54799999576062
1151,38.36666666666705,TRACKING,1,0,1,0,10.050916014868053,-6.443064514030251,10.056437109389146,-6.444603904073002,10.066854891641096,-6.432851682494059,0.018930127331133063,1.5144101864906452,0.40053932320020763,2,4.166899991105311,16.103300004033372
1152,38.40000000000038,TRACKING,1,0,1,0,10.00952630829984,-6.396074121146115,10.012999650739289,-6.401439696772663,10.028817057613711,-6.4109093993376405,0.024335539610014303,1.9468431688011443,1.1768302130694028,1,4.173100009211339,16.86350000090897
1153,38.433333333333714,TRACKING,1,0,1,0,9.96774144277203,-6.348463969144911,9.964316609531318,-6.35231017092205,9.964347618861396,-6.371058537496936,0.022848031857268504,1.8278425485814804,1.317597849991183,1,4.522999995970167,16.946600007941015
1154,38.466666666667045,TRACKING,1,0,1,0,9.925563067879567,-6.300238671298041,9.918832364159245,-6.300578013596151,9.905519097464277,-6.3085070562692485,0.021682410844763734,1.7345928675810987,0.7492792728738336,1,4.4935000041732565,16.95340000151191
1155,38.50000000000038,TRACKING,1,0,1,0,9.882992848752469,-6.251402900482545,9.879453330181626,-6.250107146431797,9.877424831233087,-6.239072334873407,0.013529437066537224,1.082354965322978,0.3468014664197599,1,4.473499997402541,17.486199998529628
1156,38.53333333333371,TRACKING,1,0,1,0,9.840032465990099,-6.201961388728374,9.839998394263578,-6.206157373070653,9.845110427535221,-6.20753151731852,0.007537375270245466,0.6029900216196372,0.6538654892186195,1,4.561399997328408,16.539500007638708
1157,38.56666666666704,TRACKING,1,0,1,0,9.796683615594805,-6.1519189267598025,9.798930695348512,-6.160842452373779,9.796642429972717,-6.168339421618964,0.016420546509639204,1.3136437207711362,0.8686526118457241,1,4.2415999923832715,16.97050000075251
1158,38.60000000000037,TRACKING,1,0,1,0,9.752948008904974,-6.101280363531287,9.761056663592571,-6.110919534264193,9.754552669708149,-6.120198972982139,0.018986540491808986,1.518923239344719,1.3346606321535583,2,4.251299993484281,15.959500000462867
1159,38.6333333333337,TRACKING,1,0,1,0,9.708827372527477,-6.050050605757585,9.723424412221835,-6.0592743220585685,9.717031719502245,-6.052203264694462,0.00848205457309161,0.6785643658473288,1.577714350470381,2,4.458399998839013,16.572900000028312
1160,38.666666666667034,TRACKING,1,0,1,0,9.664323448269485,-5.998234617438291,9.683411274637994,-6.010620143540811,9.686859944313303,-6.000395059901265,0.022639813726461053,1.8111850981168842,1.7925820776712762,2,4.613099998096004,16.804300001240335
1161,38.700000000000365,TRACKING,1,0,1,0,9.619437993069731,-5.945837419376886,9.63951480412566,-5.964315388561393,9.647341825027613,-5.970083399999346,0.0369660846490192,2.957286771921536,1.7468875235909673,2,3.990799988969229,16.53610001085326
1162,38.7333333333337,TRACKING,1,0,1,0,9.574172778929123,-5.89286408869422,9.590940749937818,-5.9165560598492775,9.582874232360187,-5.9327316708216,0.04080611959616231,3.264489567692985,0.9810775345365967,2,5.147499992744997,16.332400002283975
1163,38.76666666666703,TRACKING,1,0,1,0,9.528529592840814,-5.839319758336521,9.541586634428143,-5.861608262427726,9.531203587022295,-5.845207054656332,0.006466104147000492,0.5172883317600394,1.4026940746591852,1,4.167499995674007,16.876800000318326
1164,38.80000000000036,TRACKING,1,0,1,0,9.482510236719635,-5.7852096165780855,9.493826446326679,-5.809596013544904,9.500473108982552,-5.8003736766692,0.023507732735863835,1.8806186188691068,1.342347338824874,1,3.957100008847192,15.789499986567535
1165,38.83333333333369,TRACKING,1,0,1,0,9.43611652733097,-5.730538906518525,9.445127600512222,-5.755527151422219,9.439084483260492,-5.760366988366406,0.029975377047227504,2.3980301637782,1.5629966766350516,1,4.543899995042011,16.061000002082437
1166,38.86666666666702,TRACKING,1,0,1,0,9.389350296219025,-5.675312925574699,9.399074659353136,-5.701536618429797,9.3932384294353,-5.725703107716375,0.05053996474255595,4.043197179404475,0.978585370591182,1,4.1225000022677705,16.63169999665115
1167,38.900000000000354,TRACKING,1,0,1,0,9.342213389634527,-5.619537024967474,9.35493173892418,-5.638782969637438,9.342842948491107,-5.639652505738701,0.02012533008453525,1.6100264067628198,1.5203763586492534,1,4.151100001763552,15.362399994046427
1168,38.933333333333685,TRACKING,1,0,1,0,9.29470766846184,-5.563216609203135,9.312642948646237,-5.5758484277111275,9.301406297225048,-5.562735784551398,0.006715863284269915,0.5372690627415931,1.9808494317175263,1,4.430100001627579,17.162699994514696
1169,38.96666666666702,TRACKING,1,0,1,0,9.246835008145489,-5.5063571355497745,9.270613127355059,-5.516520236340716,9.275504353024703,-5.516318297583653,0.03035055328768307,2.428044263014646,1.7599480811169812,1,4.179600000497885,16.127499999129213
1170,39.00000000000035,TRACKING,1,0,1,0,9.198597298616136,-5.4489641135084685,9.224276972272756,-5.455063336406906,9.220456636074813,-5.471949181829592,0.03171977301083704,2.537581840866963,2.361910716152787,1,4.135600000154227,15.97389999369625
1171,39.03333333333368,TRACKING,1,0,1,0,9.149996444215953,-5.391043104279394,9.179090124667379,-5.3891970998539085,9.157924037765643,-5.406556826213034,0.017421891622995386,1.393751329839631,3.2256279335216993,1,3.908200000296347,16.320399998221546
1172,39.06666666666701,TRACKING,1,0,1,0,9.101034363623457,-5.332599720223027,9.136279638920014,-5.3229730721970245,9.136544029420357,-5.321321713333028,0.03725761404623706,2.9806091236989647,2.498601164459777,1,4.193300002953038,17.131000000517815
1173,39.10000000000034,TRACKING,1,0,1,0,9.05171298977775,-5.273639624316296,9.085423710911996,-5.260378681180149,9.108036705834088,-5.249116671934479,0.061430742986845935,4.914459438947675,1.2038710458318718,1,4.060499995830469,15.040199999930337
1174,39.133333333333674,TRACKING,1,0,1,0,9.002034269802223,-5.2141685296038185,9.027520920488714,-5.202144968547385,9.035106512799652,-5.204197893350084,0.034542536736396096,2.7634029389116876,0.82121854012947,1,4.359800004749559,16.042699993704446
1175,39.166666666667005,TRACKING,1,0,1,0,8.952000164927677,-5.154192198644408,8.970632343618515,-5.144009015875055,8.954971281183926,-5.154726211283876,0.0030187251129015114,0.24149800903212093,0.9939632197446503,1,4.405200001201592,15.912600007141009
1176,39.20000000000034,TRACKING,1,0,1,0,8.901612650414899,-5.093716442952608,8.917818026563708,-5.084908671654702,8.913269677743106,-5.0731801937420595,0.023614059747707465,1.889124779816597,1.057213759408481,1,4.057199999806471,16.53449999867007
1177,39.23333333333367,TRACKING,1,0,1,0,8.850873715476684,-5.032747122435653,8.867189743659585,-5.030208106226052,8.878976527189796,-5.02085583748982,0.030515089445151567,2.4412071556121253,1.0901871737436664,1,5.3057000041008,15.691200009314343
1178,39.266666666667,TRACKING,1,0,1,0,8.799785363199291,-4.971290144825634,8.815285985944016,-4.974661275777626,8.818399051986734,-4.98532456713309,0.02331167990042367,1.8649343920338937,1.0406314788226416,1,4.4646000023931265,16.31319998705294
1179,39.30000000000033,TRACKING,1,0,1,0,8.74834961046342,-4.909351465107014,8.763849700516582,-4.914403288428301,8.759770305552589,-4.925958512218758,0.0201550561917214,1.6124044953377121,1.2980657734900292,2,4.063700005644932,16.386899995268323
1180,39.33333333333366,TRACKING,1,0,1,0,8.6965684878645,-4.8469370849396896,8.713689655498012,-4.8531736394659255,8.71151219605337,-4.847617420178574,0.014959186825204309,1.1967349460163446,2.300730993705934,2,4.656100005377084,17.09090000076685
1181,39.366666666666994,TRACKING,1,0,1,0,8.64444403963259,-4.784053052077403,8.66692111163119,-4.796819286472794,8.67757889300495,-4.788857679427701,0.033481382169543425,2.678510573563474,2.632546832330092,2,4.352499992819503,16.138700011651963
1182,39.400000000000325,TRACKING,1,0,1,0,8.591978323551656,-4.720705459781708,8.617716428626949,-4.740069125896791,8.637178968113933,-4.736995571660797,0.04804649845595944,3.843719876476755,2.2954496778938465,2,4.32629999704659,16.129299998283386
1183,39.43333333333366,TRACKING,1,0,1,0,8.539173410878329,-4.656900446231632,8.56360491968761,-4.680555274811811,8.556856053289483,-4.700304882045205,0.04686812233208507,3.7494497865668057,2.677616527809586,1,3.850099994451739,16.32949999475386
1184,39.46666666666699,TRACKING,1,0,1,0,8.48603138626015,-4.59264419392881,8.510500109352295,-4.621542239889959,8.493422676336547,-4.6293322009439875,0.037425138980893086,2.994011118471447,3.117869420059003,1,4.180599993560463,16.956300009042025
1185,39.50000000000032,TRACKING,1,0,1,0,8.432554347653253,-4.5279429290985025,8.45756768330007,-4.562589582788666,8.456161430903936,-4.542045667554057,0.027498756545532355,2.1999005236425884,2.254874967040459,2,4.568400006974116,16.247999999905005
1186,39.53333333333365,TRACKING,1,0,1,0,8.378744406239557,-4.462802921086261,8.399154571339967,-4.498089987991282,8.412196470866563,-4.484538201682388,0.03989314540621941,3.191451632497553,1.537731939693324,2,4.359500002465211,17.25119999900926
1187,39.56666666666698,TRACKING,1,0,1,0,8.32460368634341,-4.397230481750414,8.336562117326348,-4.429912458623159,8.344023828478257,-4.446540898234922,0.05299678381197508,4.239742704958006,0.7297050367942162,1,4.315500002121553,17.7718999912031
1188,39.600000000000314,TRACKING,1,0,1,0,8.270134325347733,-4.3312319648505335,8.274467960070492,-4.355075219557726,8.262624496497113,-4.363100606443632,0.03274153091037449,2.619322472829959,0.7211591393415014,1,3.940599999623373,15.87110001128167
1189,39.633333333333645,TRACKING,1,0,1,0,8.215338473609627,-4.2648137654317475,8.215240089609694,-4.279061655272593,8.214948903622082,-4.262729836946842,0.0021200289397546885,0.16960231518037508,0.6104434385166159,1,4.092300005140714,15.852199998334982
1190,39.66666666666698,TRACKING,1,0,1,0,8.160218294375497,-4.197982319205039,8.157698292219827,-4.206595869832557,8.167445912834866,-4.19192449703635,0.009430571457853195,0.7544457166282557,1.2142089370134594,1,4.46179999562446,16.97900000726804
1191,39.70000000000031,TRACKING,1,0,1,0,8.104775963695637,-4.130744101923722,8.096236854088149,-4.137434975376399,8.103425862734746,-4.136238316523191,0.005657664418258061,0.45261315346064485,1.4642345478930259,1,4.0352000069106,15.985099991667084
1192,39.73333333333364,TRACKING,1,0,1,0,8.04901367033833,-4.063105628755924,8.03571742079669,-4.069478595796154,8.023208932255297,-4.0766867685764625,0.029160450379904935,2.3328360303923947,0.8576403474068338,1,4.414399998495355,17.020200000843033
1193,39.76666666666697,TRACKING,1,0,1,0,7.9929336157034365,-3.9950734536532493,7.980823184889689,-3.9979478201257153,7.9689254163847645,-4.002339824138028,0.025083735259070764,2.0066988207256613,0.7528197597848783,1,4.445200000191107,15.807600007974543
1194,39.8000000000003,TRACKING,1,0,1,0,7.93653801373549,-3.9266541687158107,7.928139027933522,-3.9249253471083594,7.935240157629122,-3.921695854098119,0.005125359921103313,0.41002879368826506,0.7631550312276472,2,4.293100006179884,16.59319999453146
1195,39.833333333333634,TRACKING,1,0,1,0,7.879829090836289,-3.8578544035533753,7.872404355526883,-3.854002544338354,7.879892001145511,-3.854389669124778,0.003465305522996942,0.27722444183975536,0.7569090965241346,2,5.1777000044239685,16.60000000265427
1196,39.866666666666966,TRACKING,1,0,1,0,7.822809085777012,-3.7886808246430634,7.8152312859862585,-3.784568847887044,7.813001272015209,-3.805300332706101,0.019297700874548813,1.5438160699639052,0.6347787008848521,2,4.917099999147467,17.534800004796125
1197,39.9000000000003,TRACKING,1,0,1,0,7.765480249609823,-3.719140134683353,7.75867144830954,-3.715084398031077,7.747037435141692,-3.7097246282930185,0.02070722497323849,1.656577997859079,0.5885684646030139,2,4.263399998308159,17.081700003473088
1198,39.93333333333363,TRACKING,1,0,1,0,7.70784484557901,-3.6492390719445678,7.704259139537831,-3.6510133092929316,7.702463354466261,-3.635857500259509,0.014423137916520324,1.153851033321626,1.7809624423091956,2,4.639799997676164,17.07600000372622
1199,39.96666666666696,TRACKING,1,0,1,0,7.64990514903164,-3.578984409616041,7.647041410227708,-3.5912339767921995,7.655735378475981,-3.5940082708348093,0.016115457836949013,1.289236626955921,2.388600130887894,0,4.463100005523302,15.263199995388277
1200,40.00000000000029,TRACKING,1,0,1,0,7.591663447327722,-3.5083829551497736,7.590305275390917,-3.5304381860414167,7.590085127318254,-3.5467725932686998,0.03842206929558057,3.0737655436464455,0.8989128115064801,1,4.466800004593097,16.718099999707192
1201,40.03333333333362,TRACKING,1,0,1,0,7.5331220397499115,-3.437441549600777,7.531638393147833,-3.4563889493915174,7.5269675279460495,-3.4617341459527826,0.025060092838322622,2.00480742706581,0.5804010206650237,1,4.589400006807409,16.446199995698407
1202,40.066666666666954,TRACKING,1,0,1,0,7.4742832374127435,-3.3661670669642865,7.474229817927328,-3.3824847936865696,7.4732487458263925,-3.3774095849465082,0.011290012551933255,0.9032010041546603,0.2654181766711367,1,4.824999996344559,16.563099998165853
1203,40.100000000000286,TRACKING,1,0,1,0,7.415149363171386,-3.2945664135095893,7.417544310136515,-3.3065166243596424,7.438166037566244,-3.2924201583014834,0.023116524644012752,1.8493219715210203,0.570943810160622,1,3.955299995141104,16.748399997595698
1204,40.13333333333362,TRACKING,1,0,1,0,7.355722751529939,-3.2226465271109204,7.354654198043425,-3.2310258282592703,7.365285984150539,-3.2300597765130035,0.01210006962183257,0.9680055697466055,1.147051045166573,1,3.8677000120515004,16.693199999281205
1205,40.16666666666695,TRACKING,1,0,1,0,7.296005748549277,-3.1504143765751653,7.291619470651612,-3.1511732871471776,7.273010459698246,-3.1553902886873786,0.023527494781442837,1.882199582515427,1.665075760961167,1,4.16630000108853,15.950800006976351
1206,40.20000000000028,TRACKING,1,0,1,0,7.236000711754425,-3.077876960966566,7.236128328438932,-3.0687528211288466,7.227561215196764,-3.0701025726385485,0.011474590015403036,0.917967201232243,1.7056219059229851,1,4.333499993663281,16.109800009871833
1207,40.23333333333361,TRACKING,1,0,1,0,7.175710010041491,-3.005041308928614,7.178340992629476,-2.989859818918326,7.18929637512457,-2.979052409487053,0.029325964781304233,2.3460771825043385,0.9020240373414006,1,4.3215999903623015,16.22000000497792
1208,40.26666666666694,TRACKING,1,0,1,0,7.115136023584142,-2.931914478002955,7.1173534433337124,-2.9176861536603074,7.118462774568676,-2.9276153117634602,0.005436000594914065,0.4348800475931252,1.2524507123572857,1,3.922799995052628,15.002600004663691
1209,40.300000000000274,TRACKING,1,0,1,0,7.054281143739649,-2.8585035539454977,7.058940048843504,-2.842435795681735,7.047157777161716,-2.8574129602656715,0.007206368432025561,0.5765094745620448,2.205110773280112,1,4.600000000209548,16.754199998104014
1210,40.333333333333606,TRACKING,1,0,1,0,6.993147772954465,-2.78481565003992,7.001900971627045,-2.7625773298793903,6.975798615900124,-2.767840529815295,0.02427237024142238,1.9417896193137905,2.0549921337035615,1,4.43519999680575,15.753900006529875
1211,40.36666666666694,TRACKING,1,0,1,0,6.931738324669391,-2.710857906408308,6.94547636238763,-2.6879809880539582,6.943362525981543,-2.677635423549246,0.035197378076585524,2.815790246126842,1.0933236304636265,1,4.147100000409409,16.772200004197657
1212,40.40000000000027,TRACKING,1,0,1,0,6.870055223224295,-2.636637489319392,6.884352757529704,-2.6193414226628224,6.890722236213406,-2.620395539866766,0.026285477890153668,2.1028382312122935,0.8388135026886715,1,4.50260000070557,16.625000003841706
1213,40.4333333333336,TRACKING,1,0,1,0,6.808100903762406,-2.562161590494122,6.8217098271451215,-2.548840499930835,6.818530832578916,-2.5642431570145154,0.01063561631012944,0.8508493048103551,0.8293462801749267,1,4.686299987952225,16.12780000141356
1214,40.46666666666693,TRACKING,1,0,1,0,6.7458778121341725,-2.4874374264087695,6.757957478433112,-2.475572634297222,6.755831815235236,-2.485894392199916,0.010072890960676626,0.80583127685413,0.8227276870020622,1,4.515799999353476,16.411999997217208
1215,40.50000000000026,TRACKING,1,0,1,0,6.683388404800709,-2.4124722375957552,6.692538081411774,-2.400749905270545,6.689661899966519,-2.395353167775607,0.01823236937708747,1.4585895501669977,0.28968167481578294,1,4.77820000378415,16.43560000229627
1216,40.533333333333594,TRACKING,1,0,1,0,6.6206351487368185,-2.3372732879420264,6.625998622739877,-2.328999982329561,6.63574111666062,-2.3229213096559342,0.02083673553221296,1.6669388425770366,0.8085091957647119,1,4.660300008254126,16.80270000360906
1217,40.566666666666926,TRACKING,1,0,1,0,6.557620521333598,-2.2618478639851656,6.556359189127331,-2.255830010978308,6.559053853909502,-2.276048240706911,0.014272531005839204,1.1418024804671363,1.9139060209511263,1,4.395799987833016,16.21020000311546
1218,40.60000000000026,TRACKING,1,0,1,0,6.49434701030064,-2.186203274207432,6.486590879188492,-2.1734788101035973,6.479776230044961,-2.1757538485081236,0.017930369062142806,1.4344295249714245,2.0106496124884834,1,4.496099994867109,17.946300009498373
1219,40.63333333333359,TRACKING,1,0,1,0,6.430817113567819,-2.110346848327552,6.42094181409061,-2.0923150889016546,6.43247800073772,-2.0758844708383117,0.03450237685148715,2.7601901481189723,1.672557254717781,1,4.368099995190278,17.50309999624733
1220,40.66666666666692,TRACKING,1,0,1,0,6.367033339186678,-2.0342859365904506,6.355074447977986,-2.0157418398619895,6.36071394222867,-2.007657985803577,0.027367545396345786,2.189403631707663,1.5244416388235718,1,4.52110001060646,16.98929999838583
1221,40.70000000000025,TRACKING,1,0,1,0,6.302998205231411,-1.9580279090551338,6.293147503581948,-1.9380742261464268,6.281053082129885,-1.9489971132388468,0.023730648980097337,1.8984519184077868,1.9454894127787867,1,4.630299998098053,18.14169999852311
1222,40.73333333333358,TRACKING,1,0,1,0,6.238714239699465,-1.8815801548804423,6.236903256253678,-1.8583535628554904,6.222011979581139,-1.8686538575770804,0.021120006037762148,1.6896004830209719,1.9935855635179245,1,4.657699988456443,17.368400003761053
1223,40.766666666666914,TRACKING,1,0,1,0,6.1741839804117244,-1.8049500816091624,6.181867367187164,-1.78277751042362,6.181642447109199,-1.7774085084210638,0.028533611393455297,2.282688911476424,1.206265536039166,1,4.793100000824779,16.517299998668022
1224,40.800000000000246,TRACKING,1,0,1,0,6.109409974912333,-1.7281451144502176,6.121285060215815,-1.7147791481314423,6.128217781621258,-1.7062840803877546,0.02883814147063618,2.3070513176508944,1.109707076283597,1,4.625700006727129,16.983399997116067
1225,40.83333333333358,TRACKING,1,0,1,0,6.044394780368119,-1.651172695559148,6.055417963654776,-1.6485685085069202,6.059241043713186,-1.644713902957678,0.01619035321356152,1.2952282570849216,1.2782880308395745,1,5.077800000435673,18.0809000012232
1226,40.86666666666691,TRACKING,1,0,1,0,5.979140963467637,-1.5740402833170724,5.986550747955108,-1.5798968231851753,5.983653472354499,-1.5839140338423088,0.010856043749387324,0.8684834999509858,1.314190954786709,1,4.502299998421222,17.564599998877384
1227,40.90000000000024,TRACKING,1,0,1,0,5.913651100319847,-1.4967553516079533,5.920150759308576,-1.5078543693080535,5.909449995743428,-1.5068300848334553,0.010915563623883478,0.8732450899106782,1.3339391842749928,1,3.9351000013994053,17.13009999366477
1228,40.93333333333357,TRACKING,1,0,1,0,5.8479277763524085,-1.41932538909436,5.856341660650737,-1.4327060868913513,5.860990961045165,-1.420077195366544,0.013084800609408377,1.04678404875267,1.7633320934103418,1,4.341899999417365,16.29030000185594
1229,40.9666666666669,TRACKING,1,0,1,0,5.781973586209616,-1.341757898491938,5.791736410533045,-1.3592823971181636,5.803146434543219,-1.344747804975711,0.021382914846659152,1.710633187732732,1.842605233409257,1,4.117299991776235,15.80140000442043
1230,41.000000000000234,TRACKING,1,0,1,0,5.715791133649964,-1.2640603958423093,5.722841406772767,-1.2851827397136448,5.721420551313928,-1.291869167162014,0.028372840984768735,2.2698272787814986,1.0285514701196903,1,4.324300010921434,16.375699997297488
1231,41.033333333333566,TRACKING,1,0,1,0,5.649383031443358,-1.1862404097848889,5.6551107598578625,-1.2040494523253402,5.6416477925973885,-1.2205205650383333,0.03514203984125644,2.811363187300515,0.7084953297229307,1,4.410499997902662,17.395899994880892
1232,41.0666666666669,TRACKING,1,0,1,0,5.582751901267946,-1.108305480827342,5.59049130343385,-1.118586142244773,5.5832058931442665,-1.112655970874931,0.004374113884884177,0.3499291107907342,1.3198049949991688,1,4.276899999240413,16.305500001180917
1233,41.10000000000023,TRACKING,1,0,1,0,5.515900373606692,-1.0302631606148913,5.528340766642454,-1.0365187520824577,5.535710705939268,-1.0305762888642502,0.019812806879078538,1.585024550326283,1.090914062239376,1,3.9249000110430643,17.784299998311326
1234,41.13333333333356,TRACKING,1,0,1,0,5.448831087643422,-0.9521210111986704,5.4623947170771405,-0.9552411405842544,5.474554839187757,-0.9486409060071596,0.02595809171835783,2.0766473374686263,1.0250802817005669,1,5.01230001100339,16.77689999633003
1235,41.16666666666689,TRACKING,1,0,1,0,5.381546691158705,-0.8738866043029433,5.395412817602945,-0.8756683273554929,5.3850735290166245,-0.8804125716529403,0.007418007490511419,0.5934405992409135,1.8666540947597583,1,4.221999988658354,17.750200000591576
1236,41.20000000000022,TRACKING,1,0,1,0,5.314049840425305,-0.7955675205913865,5.333572036631393,-0.7947260150002085,5.329807393531872,-0.784102148663779,0.01948730954607727,1.5589847636861818,1.87027576382896,1,4.244399999151938,16.67089998954907
1237,41.233333333333555,TRACKING,1,0,1,0,5.246343200103317,-0.7171713489326452,5.2687615827284615,-0.7149523127974647,5.285774401409551,-0.6949026640983609,0.04528480938130868,3.622784750504694,0.6343684976342461,1,4.758099996251985,16.23219999601133
1238,41.266666666666886,TRACKING,1,0,1,0,5.1784294431349664,-0.6387056856648837,5.194010677856336,-0.6377557954045483,5.20796152565559,-0.6407639243075308,0.029603720109388592,2.3682976087510874,0.4561498206211242,1,4.752399996505119,16.653900005621836
1239,41.30000000000022,TRACKING,1,0,1,0,5.110311250639093,-0.5601781338598233,5.1177059117776835,-0.5596137212653165,5.118787140967114,-0.567844613564659,0.011428719434709009,0.9142975547767206,0.22793256786223418,1,4.220300004817545,16.149299990502186
1240,41.33333333333355,TRACKING,1,0,1,0,5.0419913118052975,-0.4815963025859864,5.04628080858952,-0.4774799952938287,5.033467098970703,-0.4785567542900445,0.009049920347319869,0.7239936277855894,0.9271828210223088,1,4.467799997655675,16.501899997820146
1241,41.36666666666688,TRACKING,1,0,1,0,4.973472323787784,-0.4029678061713599,4.980371336561193,-0.395661867135068,4.967887238867267,-0.37780901932436234,0.025771257811407888,2.061700624912631,1.2697386223332332,1,4.2468000028748065,17.86819999688305
1242,41.40000000000021,TRACKING,1,0,1,0,4.904756991598877,-0.324300263465676,4.915399225784651,-0.31946781917984957,4.913285659651053,-0.3125394902571674,0.014527696486579936,1.1622157189263949,1.3705323239342966,1,4.277000000001863,16.080400004284456
1243,41.43333333333354,TRACKING,1,0,1,0,4.83584802800223,-0.24560129710212744,4.8492548115576355,-0.24193691181040172,4.838988068695754,-0.25792080541145634,0.012713384307123203,1.0170707445698564,1.3819784568510918,1,4.399199999170378,16.105000002426095
1244,41.466666666666875,TRACKING,1,0,1,0,4.766748153405737,-0.16687853275871653,4.782150605312848,-0.16223712398262183,4.760207484017431,-0.17686523457674744,0.011937946609420881,0.9550357287536706,1.5737234974125014,1,4.8211999965133145,15.97310000215657
1245,41.500000000000206,TRACKING,1,0,1,0,4.697460095754127,-0.08813959841943611,4.71525630836968,-0.08377145229892931,4.715946320662521,-0.06972573830942994,0.026092350517241954,2.087388041379356,1.382580185230145,1,4.4326000061118975,16.243999998550862
1246,41.53333333333354,TRACKING,1,0,1,0,4.627986590421276,-0.009392123635099937,4.645543407199882,-0.006896068757121052,4.660046509800715,-0.0014784312459660224,0.033022188871211146,2.6417751096968916,0.4506419091340603,1,4.046000001835637,16.592200001468882
1247,41.56666666666687,TRACKING,1,0,1,0,4.558330380102218,0.06935626121597907,4.569476234835289,0.0714390610009208,4.566942056877477,0.06004409819186661,0.012683743811240598,1.0146995048992478,0.11075424710268023,1,3.88550000207033,16.93610000074841
1248,41.6000000000002,TRACKING,1,0,1,0,4.488494214704865,0.1480979256672486,4.494618999516706,0.1525954278441926,4.475994837500986,0.1365688284902778,0.017004543869239254,1.3603635095391404,0.8377621438125774,1,4.0277999942190945,16.191500006243587
1249,41.63333333333353,TRACKING,1,0,1,0,4.418480851241449,0.22682523990339842,4.424067885582406,0.23634887714735509,4.423560178478608,0.23823769174879572,0.01249174216455262,0.9993393731642096,1.2580051407587158,1,4.067400004714727,16.59319999453146
1250,41.66666666666686,TRACKING,1,0,1,0,4.348293053719678,0.3055305754995656,4.355698484046473,0.3192645083033093,4.362263000152658,0.3222392940274497,0.021779363585385098,1.7423490868308078,1.3721869810135807,1,3.948300000047311,17.039099999237806
1251,41.700000000000195,TRACKING,1,0,1,0,4.277933593033614,0.384206306160547,4.285284290240503,0.4021972881641576,4.280344113854843,0.3952700089418492,0.011323256151062415,0.9058604920849931,1.5154586393328666,1,4.199900009552948,17.60880000074394
1252,41.733333333333526,TRACKING,1,0,1,0,4.207405246854295,0.4628448084598058,4.212733283018179,0.4852619143315327,4.201915079218233,0.4714822162235988,0.010234586144543836,0.8187668915635068,2.021928978407555,1,3.949799996917136,16.788499997346662
1253,41.76666666666686,TRACKING,1,0,1,0,4.13671079952006,0.5414384625780716,4.143004336681716,0.5691618533165758,4.1240950329200725,0.5670651676804785,0.028563710916319776,2.285096873305582,2.3647674533671124,1,4.131299996515736,16.241199991782196
1254,41.80000000000019,TRACKING,1,0,1,0,4.065853041926645,0.6199796530417191,4.076849006532002,0.6508524557565145,4.093098284231996,0.6595149336596055,0.048013973401628496,3.8411178721302797,1.5202321328994652,1,4.218500005663373,16.753599993535317
1255,41.83333333333352,TRACKING,1,0,1,0,3.9948347714169894,0.6984607694607261,4.0020859283971015,0.7284744744296586,4.009695552570263,0.7205927817471885,0.026658371749482747,2.1326697399586196,1.5437730890357892,0,3.509599991957657,16.78459999675397
1256,41.86666666666685,TRACKING,1,0,1,0,3.923658791670811,0.7768742072659962,3.928759324235434,0.8068318102617201,3.9199441951492986,0.8005939750772174,0.024008865286303707,1.9207092229042966,1.3185574294864681,1,4.4493000023067,17.036499993992038
1257,41.90000000000018,TRACKING,1,0,1,0,3.8523279125939176,0.8552123684463309,3.8564568330938185,0.8834707552602697,3.850993438889924,0.8923132605959864,0.03712488408557016,2.9699907268456127,0.9934850939155203,1,4.009099997347221,13.987600003019907
1258,41.933333333333515,TRACKING,1,0,1,0,3.780844950207277,0.933467662284553,3.7850088258025445,0.9582855758612426,3.7889927841992748,0.9798209390099809,0.0470639295208682,3.7651143616694562,0.5471781767033049,1,4.230000005918555,13.330399990081787
1259,41.966666666666846,TRACKING,1,0,1,0,3.7092127265358457,1.0116325060930664,3.713603360942004,1.0288931300265929,3.7272825978302957,1.0354986918174627,0.029935181135736674,2.3948144908589337,0.6943643187646472,0,3.7773999938508496,13.428100006422028
1260,42.00000000000018,TRACKING,1,0,1,0,3.6374340694971607,1.089699325948635,3.6422437380661834,1.1006530515562054,3.6362043140433467,1.0869796754500958,0.0029847608464313993,0.23878086771451193,1.253817775649379,1,4.4895999890286475,14.07830000971444
1261,42.03333333333351,TRACKING,1,0,1,0,3.565511812789696,1.167660557426188,3.5710718264747703,1.183041508418335,3.5554446459829703,1.185203663903715,0.020226429056961173,1.6181143245568936,1.1629408021981322,1,4.179699986707419,14.101200009463355
1262,42.06666666666684,TRACKING,1,0,1,0,3.4934487957809965,1.2455086463318308,3.501445639473179,1.260021450902889,3.5013905703368735,1.2725624045609658,0.028195347442740725,2.255627795419258,0.3602131968743528,1,4.952000002958812,13.561300002038479
1263,42.10000000000017,TRACKING,1,0,1,0,3.4212478633955827,1.3232360494348643,3.4266668194779695,1.3345857220867612,3.43234251441871,1.341883434929557,0.021698301019035016,1.7358640815228012,0.43005224824321475,1,4.524399992078543,14.821600008872338
1264,42.1333333333335,TRACKING,1,0,1,0,3.348911866002636,1.4008352351986006,3.3484338358834016,1.4092813662611725,3.34854417774506,1.3937472876911046,0.007097478039682776,0.5677982431746221,0.7166178556931757,1,4.083899999386631,14.698599989060313
1265,42.166666666666835,TRACKING,1,0,1,0,3.2764436593034754,1.478298684510259,3.271365880642426,1.4881769536613718,3.262451224019023,1.4870439468899992,0.01650054118143067,1.3200432945144536,0.14970341227128073,1,3.9518000121461228,13.961399992695078
1266,42.200000000000166,TRACKING,1,0,1,0,3.2038461042188153,1.5556188914094438,3.1988793969862876,1.563928237142823,3.1937430446605366,1.5807950542075115,0.027127679327081024,2.1702143461664822,0.9768075613246525,1,4.050100003951229,14.257999995606951
1267,42.2333333333335,TRACKING,1,0,1,0,3.131122066775825,1.6327883638154908,3.1251218479370206,1.6345187209996341,3.1350470337926923,1.6453220797854575,0.013133902774853254,1.0507122219882603,1.702839744618466,1,4.140799996093847,13.584400003310293
1268,42.26666666666683,TRACKING,1,0,1,0,3.0582744179949772,1.7097996242534679,3.0484074930200054,1.7045887281964553,3.0561984199425893,1.7093076015503217,0.0021335075003218566,0.17068060002574853,1.9988725695018466,1,4.530000005615875,13.025499996729195
1269,42.30000000000016,TRACKING,1,0,1,0,2.9853060337767117,1.7866452105786348,2.9714186579248723,1.7765090292181152,2.957020598781385,1.7629619746282057,0.03689121166292255,2.951296933033804,1.2065776378848647,1,4.480599993257783,14.058500004466623
1270,42.33333333333349,TRACKING,1,0,1,0,2.9122197947878954,1.8633176766995427,2.897309253524873,1.8557616851268006,2.888101543933505,1.861967923447397,0.024155990108396995,1.9324792086717595,1.07479448388368,1,4.401199999847449,13.63669999409467
1271,42.36666666666682,TRACKING,1,0,1,0,2.8390185863480997,1.939809593299578,2.824676677638019,1.9332969279268273,2.834140736574174,1.9433191662579652,0.006009203005992323,0.4807362404793859,0.7915266825990795,1,4.350600007455796,13.797399995382875
1272,42.400000000000155,TRACKING,1,0,1,0,2.7657052983156936,2.0161135485567567,2.751810264489181,2.0132451116650434,2.7618186189530887,2.0187053633436127,0.004671592914313508,0.37372743314508067,0.7017863356992877,0,3.5020999930566177,14.066200004890561
1273,42.433333333333486,TRACKING,1,0,1,0,2.6922828249737556,2.0922221488619472,2.678933626782004,2.0926527404309536,2.675053057759754,2.0815234016740405,0.020281224559661755,1.6224979647729405,0.6369909673695219,0,3.6438999959500507,13.983199998619966
1274,42.46666666666682,TRACKING,1,0,1,0,2.618754064915815,2.168128019535329,2.606039243211296,2.171925062037065,2.6068442884410996,2.161260061874301,0.013748149624998868,1.0998519699999094,1.6333449734944758,1,4.518300003837794,14.69169999472797
1275,42.50000000000015,TRACKING,1,0,1,0,2.5451219209314164,2.2438238055408806,2.5372534054651052,2.2591398957128064,2.5393000922552904,2.269532067468356,0.026359218889524253,2.10873751116194,1.269910774769414,1,4.263100010575727,16.053399987868033
1276,42.53333333333348,TRACKING,1,0,1,0,2.471389299891526,2.319302172199165,2.466967955173401,2.339192164935071,2.482211754538578,2.3469017469699405,0.029645607636125615,2.371648610890049,1.2627550732847157,1,4.398999997647479,13.918099997681566
1277,42.56666666666681,TRACKING,1,0,1,0,2.3975591126337723,2.3945558058979453,2.391717429482996,2.4177340582697684,2.3913982763015516,2.4037870854597423,0.011098307378175418,0.8878645902540334,1.8411944375687477,1,4.549599994788878,14.179499994497746
1278,42.60000000000014,TRACKING,1,0,1,0,2.3236342738475306,2.4695774148008884,2.3179960499422543,2.4986784126976,2.3059753201077644,2.485962903985164,0.024089892133241482,1.9271913706593184,2.3064369422391326,1,4.495800007134676,13.712799991481006
1279,42.633333333333475,TRACKING,1,0,1,0,2.2496177019588566,2.5443597295541625,2.2472363294801254,2.579716632586096,2.235525767893553,2.5828094332935834,0.040950730437320615,3.276058434985649,2.2570891863147406,1,4.495900007896125,14.089000003878027
1280,42.666666666666806,TRACKING,1,0,1,0,2.175512319015272,2.618895503990733,2.177659029402736,2.656930695966762,2.183254929068053,2.670683145381413,0.05236322957227824,4.18905836578226,0.8972124115766197,1,4.409300003317185,12.754399998812005
1281,42.70000000000014,TRACKING,1,0,1,0,2.101321050570406,2.6931775158325317,2.1055969621641006,2.7234137552090756,2.1038095666240673,2.7221537101371607,0.02908285660881579,2.326628528705263,0.9108739307633036,0,4.08400000014808,14.126100009889342
1282,42.73333333333347,TRACKING,1,0,1,0,2.0270468255685015,2.767198567390316,2.033820889881029,2.792065806402478,2.02848053268211,2.7826235699052315,0.01549148858802015,1.239319087041612,1.0153448222152326,0,3.663700001197867,15.52580000134185
1283,42.7666666666668,TRACKING,1,0,1,0,1.9526925762287837,2.840951486261006,1.961996225236971,2.8610861911993277,1.9625563162839472,2.860151913429928,0.021585869714813518,1.7268695771850815,0.5356740049896695,1,5.003199999919161,17.102099998737685
1284,42.80000000000013,TRACKING,1,0,1,0,1.878261237929702,2.9144291260227737,1.8852979041877884,2.927772698396424,1.8960647096618508,2.941584868909862,0.03247149484497247,2.5977195875977976,1.1479987044759976,1,4.84120000328403,14.18329999432899
1285,42.833333333333464,TRACKING,1,0,1,0,1.8037557490930445,2.987624366927416,1.8066604387964516,2.9929632131036317,1.8058560207368919,2.9904159473626475,0.003493431308086304,0.2794745046469043,0.6232601994367557,1,4.197299989755265,15.675800008466467
1286,42.866666666666795,TRACKING,1,0,1,0,1.7291790510679381,3.0605301165902765,1.7317245295197001,3.064166565294944,1.7250562423146596,3.0537960078482658,0.007895933926099915,0.6316747140879932,1.0142347085897432,1,4.865900002187118,15.39299999421928
1287,42.90000000000013,TRACKING,1,0,1,0,1.654534088014724,3.133139310677513,1.6616868191234375,3.1387485155172645,1.656887883750949,3.133217086997397,0.002355080364617428,0.18840642916939426,1.4994282118015398,1,4.220500006340444,14.796599993132986
1288,42.93333333333346,TRACKING,1,0,1,0,1.579823806788731,3.2054449135905294,1.5922615910168874,3.212188731644088,1.6013574920320173,3.2268264030036393,0.030345801846052116,2.4276641476841694,1.1524197271187908,1,4.843999995500781,15.792500009411015
1289,42.96666666666679,TRACKING,1,0,1,0,1.5050511568239378,3.2774399191477452,1.5161481839818418,3.280166379610205,1.5193961364098303,3.2879012334175317,0.017754366662061243,1.4203493329648993,1.08712158119841,1,5.007100000511855,17.050900001777336
1290,43.00000000000012,TRACKING,1,0,1,0,1.4302190900165335,3.3491173512635064,1.4386396407930562,3.3489220746051824,1.4394391017546808,3.328091085060369,0.022958930438867764,1.8367144351094211,0.1139340143889719,1,4.597099992679432,15.647399995941669
1291,43.03333333333345,TRACKING,1,0,1,0,1.3553305606083828,3.420470264623959,1.359921171586562,3.4247693162419144,1.3415850864499783,3.4160285340783734,0.014445311698919943,1.1556249359135955,0.551151343918686,1,4.796399996848777,19.608600006904453
1292,43.066666666666784,TRACKING,1,0,1,0,1.280388525070397,3.4914917453601295,1.2822471569355556,3.501585093841062,1.2762576794671685,3.5079355449919976,0.016954717093798286,1.3563773675038628,0.24605492227914755,1,4.7048999986145645,16.94530001259409
1293,43.100000000000115,TRACKING,1,0,1,0,1.2053959419858176,3.562174911717766,1.204060893212429,3.573466589941455,1.2161140651196136,3.5770117785225977,0.018303299705122372,1.4642639764097898,0.6524402707365079,1,5.390300008002669,15.85019999765791
1294,43.13333333333345,TRACKING,1,0,1,0,1.1303557719334172,3.6325129147241983,1.124051893461673,3.643359795519419,1.1313819302768506,3.6362710738739077,0.003895736277052401,0.31165890216419206,1.1785119041169139,1,4.8688000097172335,14.829099993221462
1295,43.16666666666678,TRACKING,1,0,1,0,1.0552709773706197,3.702498938852018,1.0439048347476099,3.717749521834124,1.0315901269351584,3.7006521834659782,0.023752751057562905,1.9002200846050323,1.9474879894910408,1,4.481399999349378,14.74430000234861
1296,43.20000000000011,TRACKING,1,0,1,0,0.9801445225165492,3.7721262026794062,0.9694802003316186,3.7977231837703136,0.9630942105659581,3.8070016702869873,0.03882024444101177,3.1056195552809416,1.9214602323622905,1,5.1017000077990815,14.745299995411187
1297,43.23333333333344,TRACKING,1,0,1,0,0.9049793732350059,3.8413879595472693,0.8937976915682424,3.8724505090964145,0.9037592523115252,3.887169394063245,0.04579769035015268,3.663815228012214,1.4202447138507324,1,4.2781999945873395,15.79610000771936
1298,43.26666666666677,TRACKING,1,0,1,0,0.8297784969173803,3.9102774982130057,0.8177456472927804,3.9413679898300753,0.8215635912100548,3.9428828637538147,0.03362431468193842,2.6899451745550733,1.1485727186182575,1,4.868899995926768,14.642900001490489
1299,43.300000000000104,TRACKING,1,0,1,0,0.7545448623654831,3.9787881435007293,0.7468245655663717,4.009331908150426,0.7349723595402476,4.003496422169844,0.03152113420602892,2.521690736482314,1.4990260889916358,1,5.472699995152652,14.68560000648722
1300,43.333333333333435,TRACKING,1,0,1,0,0.6792814396744291,4.046913256948111,0.6804090367647634,4.075614463634097,0.6731722529231708,4.078546267541436,0.03221753438671553,2.577402750937242,2.0947545424302065,1,4.343599997810088,14.140999992378056
1301,43.36666666666677,TRACKING,1,0,1,0,0.6039912001152528,4.114646237449659,0.615740049668805,4.137498467690325,0.6259236856767669,4.145710657853905,0.03802672925663973,3.042138340531179,1.9772550444182941,1,5.025399994337931,14.527999999700114
1302,43.4000000000001,TRACKING,1,0,1,0,0.5286771160176944,4.181980521896261,0.5456817576208541,4.198056315253214,0.5511150734593246,4.194366543292196,0.025629581740109812,2.050366539208785,1.760170773839789,1,4.228200006764382,15.259599997079931
1303,43.43333333333343,TRACKING,1,0,1,0,0.45334216065283606,4.248909585811225,0.4724859960387149,4.26122798098919,0.4578495238235997,4.2461514954180295,0.005284258261117855,0.4227406608894284,1.7450601758959758,1,4.96930000372231,15.302200001315214
1304,43.46666666666676,TRACKING,1,0,1,0,0.37798930811572107,4.315426943982396,0.39855367961984145,4.328966762105711,0.3878073867174885,4.331304644476011,0.01866804864991034,1.4934438919928272,1.2432980372790978,1,4.394400006276555,14.245899990783073
1305,43.50000000000009,TRACKING,1,0,1,0,0.30262153320794316,4.381526151090588,0.3208367007356011,4.394160926458054,0.3149533199511679,4.405928256122071,0.027341098994881616,2.1872879195905295,0.2503058431781712,1,4.32110000110697,14.293600004748441
1306,43.533333333333424,TRACKING,1,0,1,0,0.22724181132020516,4.4472008023341525,0.23727873868788016,4.458170694767267,0.24684016828456637,4.46377853422995,0.02566937456408815,2.053549965127052,1.4700742965733176,1,4.527600001893006,18.624599993927404
1307,43.566666666666755,TRACKING,1,0,1,0,0.1518531183148566,4.512444534049508,0.1470449665393027,4.52335318124523,0.14807384736656018,4.512447971784864,0.003779272511828389,0.3023418009462711,2.1891979353858533,1,4.67959999514278,18.282899996847846
1308,43.60000000000009,TRACKING,1,0,1,0,0.07645843040841116,4.577251024327797,0.058598465743900124,4.588515733596871,0.04415215561956349,4.568973549705627,0.03334984223130894,2.6679873785047152,2.0998680759811785,1,4.425000006449409,19.579300002078526
1309,43.63333333333342,TRACKING,1,0,1,0,0.0010607240540509886,4.6416139936274945,-0.023493092717540243,4.657576847319953,-0.023096092711034157,4.66684536314519,0.0349309863009962,2.794478904079696,2.234039223849463,1,4.5123000018065795,18.918400004622526
1310,43.66666666666675,TRACKING,1,0,1,0,-0.07433702417587859,4.705527205382791,-0.10467747739730729,4.722250883453368,-0.08501114803496876,4.7321785878347224,0.02870946023105152,2.2967568184841216,3.304566189880426,1,4.210600003716536,16.28659998823423
1311,43.70000000000008,TRACKING,1,0,1,0,-0.14973183770737908,4.768984466607991,-0.19036733874460307,4.785349304329349,-0.18877986358236024,4.779378837737761,0.040407812065448426,3.2326249652358743,2.515189919641197,1,4.787700003362261,15.613700001267716
1312,43.73333333333341,TRACKING,1,0,1,0,-0.22512074008230884,4.831979628497513,-0.2664057173584682,4.847553863701124,-0.2850931053086798,4.834239784050075,0.06001493892329647,4.8011951138637174,1.0074019176327638,1,4.611600001226179,16.112800003611483
1313,43.766666666666744,TRACKING,1,0,1,0,-0.3005007550758886,4.894506587021722,-0.331666892011705,4.913132168383035,-0.3416437143556512,4.908275251349968,0.04338570289484926,3.470856231587941,0.6412802845258998,1,4.230999998981133,16.071100006229244
1314,43.800000000000075,TRACKING,1,0,1,0,-0.37586890681419766,4.956559283518423,-0.39818102278102585,4.9764258533482915,-0.38449493832428555,4.985390683411098,0.030094152910230883,2.4075322328184705,0.48806907633248164,1,4.229900005157106,17.15420000255108
1315,43.83333333333341,TRACKING,1,0,1,0,-0.4512222198916564,5.018131705279863,-0.46935521155922894,5.03574077450289,-0.4685682230543173,5.034482284317556,0.023837475969298267,1.9069980775438613,0.8249097555983333,1,4.185300000244752,16.711700009182096
1316,43.86666666666674,TRACKING,1,0,1,0,-0.52655771948849,5.079217886135374,-0.5433392958744236,5.097337945846005,-0.5549171099820972,5.075360994195801,0.02862045849741828,2.2896366797934626,1.47537480790868,1,4.0539000037824735,16.9774999958463
1317,43.90000000000007,TRACKING,1,0,1,0,-0.6018724314881694,5.139811907029506,-0.6184725959168588,5.163248864170004,-0.6364954148758725,5.15561270092791,0.03805806178045615,3.0446449424364923,1.836555799484896,1,4.197799993562512,16.073599996161647
1318,43.9333333333334,TRACKING,1,0,1,0,-0.6771633825948243,5.199907896595494,-0.6946865086079894,5.228137942416183,-0.6819137696658077,5.241166765028552,0.04153143871455154,3.322515097164123,2.0454482994797085,1,4.244900002959184,15.777900000102818
1319,43.96666666666673,TRACKING,1,0,1,0,-0.7524276004506238,5.259500031724259,-0.7755544629309464,5.285959322352556,-0.7649267414799349,5.297313826539384,0.039826016682453017,3.186081334596241,2.217623346053899,1,4.940600003465079,17.777499990188517
1320,44.000000000000064,TRACKING,1,0,1,0,-0.82766211375312,5.3185825381285685,-0.8553397969352199,5.343074212747821,-0.8498981377442033,5.342769000676429,0.032854615102160305,2.628369208172824,2.466514292697018,1,4.223399999318644,16.756199998781085
1321,44.033333333333395,TRACKING,1,0,1,0,-0.9028639523725497,5.377149690902586,-0.9334256922544542,5.40453608045714,-0.9436785912201818,5.402007740136306,0.047788673929799554,3.823093914383964,1.6869318057076799,1,4.801800008863211,16.759599995566532
1322,44.06666666666673,TRACKING,1,0,1,0,-0.9780301474690904,5.435195815076625,-1.004869027741851,5.4633811410438105,-1.0023117196514517,5.467301067384661,0.040253471569665765,3.2202777255732613,1.2333204336261203,1,5.143999995198101,17.259600004763342
1323,44.10000000000006,TRACKING,1,0,1,0,-1.0531577316100649,5.49271528616697,-1.0769753299421279,5.51817460013016,-1.0745708776493506,5.522013503366102,0.03628923193383,2.9031385547063997,0.9661692082468331,1,4.7983999975258484,20.31130000250414
1324,44.13333333333339,TRACKING,1,0,1,0,-1.1282437388870903,5.549702530720904,-1.1490521661914321,5.57189285902272,-1.152628792208742,5.56122956243017,0.02697226882422438,2.1577815059379506,0.48680969410454833,1,4.627100002835505,22.88360000238754
1325,44.16666666666672,TRACKING,1,0,1,0,-1.2032852050331675,5.606152026856791,-1.2182635392593593,5.627218957373025,-1.2308011350916501,5.61216382719856,0.028165016426989705,2.2532013141591762,0.787827408364638,1,4.985699997632764,21.3956999941729
1326,44.20000000000005,TRACKING,1,0,1,0,-1.2782791675397038,5.662058304799064,-1.2847544981935664,5.683589382764281,-1.2759179288562237,5.687951139194006,0.026000275404776445,2.0800220323821157,0.43476349034247525,1,4.561699999612756,20.139100000960752
1327,44.233333333333384,TRACKING,1,0,1,0,-1.3532226657734703,5.717415947408262,-1.3561054758978848,5.737257837554001,-1.3495608990676367,5.758041543930133,0.04079028840503384,3.2632230724027074,0.7592441164915493,1,4.182699994998984,17.595299999811687
1328,44.266666666666715,TRACKING,1,0,1,0,-1.4281127410934804,5.772219590705961,-1.431618860762315,5.784754612963425,-1.4235789074179306,5.778324773255906,0.007604531659852527,0.6083625327882022,0.7769831892931752,1,4.7485000104643404,18.09040000080131
1329,44.30000000000005,TRACKING,1,0,1,0,-1.5029464369677932,5.826463924394461,-1.5098405012575307,5.837372288002233,-1.5190870627308506,5.830335218996584,0.01659839516096366,1.3278716128770929,0.23568043162985905,1,4.4027999974787235,17.62290000624489
1330,44.33333333333338,TRACKING,1,0,1,0,-1.5777207990902307,5.880143692371408,-1.5824810287099935,5.890648828387175,-1.5892032362893018,5.887503722099376,0.013638782996557441,1.0911026397245953,0.49683663921513077,1,5.059899995103478,17.813300000852905
1331,44.36666666666671,TRACKING,1,0,1,0,-1.6524328754970106,5.933253693239033,-1.6547352175115408,5.942294140879797,-1.6413917627432517,5.961716627192783,0.030529408446557833,2.4423526757246266,1.4689778835169716,1,5.21889999799896,20.45670000370592
1332,44.40000000000004,TRACKING,1,0,1,0,-1.7270797166832845,5.985788780808177,-1.7310369356040096,5.9877172730398085,-1.7200379760756843,5.99754225762664,0.013701471749665609,1.0961177399732487,1.5732841367434531,1,4.449700005352497,18.518199998652562
1333,44.43333333333337,TRACKING,1,0,1,0,-1.8016583757195777,6.037743864596968,-1.8069274722801965,6.0354031974922595,-1.8170172567226441,6.022661529710923,0.021526078399958452,1.7220862719966763,1.7107544863340034,0,4.014599995571189,16.998799997963943
1334,44.466666666666704,TRACKING,1,0,1,0,-1.8761659083681308,6.089113910324016,-1.8827220085703922,6.08335758462766,-1.8948701148098983,6.083914194814822,0.019413510243972185,1.5530808195177748,1.178118466047599,1,4.4521999952849,17.846200003987178
1335,44.500000000000036,TRACKING,1,0,1,0,-1.950599373199132,6.139893940396248,-1.9517366551782538,6.136512621603809,-1.9556656494770497,6.158170670183444,0.018965916983852263,1.517273358708181,1.6870789944898175,1,4.447900006198324,16.531899993424304
1336,44.53333333333337,TRACKING,1,0,1,0,-2.0249558317068406,6.190079034391246,-2.020952857982782,6.186012609898561,-2.0098709746800467,6.190132753062394,0.015084952675247005,1.2067962140197603,0.9591133755791283,1,4.5667000085813925,15.654899994842708
1337,44.5666666666667,TRACKING,1,0,1,0,-2.099232348425593,6.23966432953396,-2.0938435146522907,6.240464406091073,-2.087950762563276,6.231257389314774,0.014069499757198798,1.1255599805759038,0.9287484445285524,1,4.713500005891547,16.267300001345575
1338,44.60000000000003,TRACKING,1,0,1,0,-2.1734259910456917,6.288645021167966,-2.1682475911386843,6.299407260259076,-2.1759247550529692,6.298782028978161,0.010440438156898836,0.8352350525519069,1.3236476420790644,1,4.397400000016205,16.214699993724935
1339,44.63333333333336,TRACKING,1,0,1,0,-2.2475338305291648,6.337016363220955,-2.2393293987052787,6.353589314246691,-2.2334997700942356,6.373261705799236,0.038867463396885335,3.109397071750827,0.8911186285534514,1,4.901599997538142,16.87419999507256
1340,44.66666666666669,TRACKING,1,0,1,0,-2.3215529412254026,6.384773668664646,-2.3134042595293067,6.4008642667316025,-2.305417599500331,6.420630923183166,0.03932037581446499,3.1456300651571993,0.646289881829799,1,4.893100005574524,16.34209998883307
1341,44.700000000000024,TRACKING,1,0,1,0,-2.395480400986657,6.431912309968967,-2.390306894058074,6.445128870365424,-2.384365061934428,6.429664872267725,0.011340270652279908,0.9072216521823927,0.28862423728578257,1,4.686499989475124,16.497000004164875
1342,44.733333333333356,TRACKING,1,0,1,0,-2.469313291283399,6.478427719550393,-2.467850665894163,6.494996317426778,-2.4702897944535045,6.47912793956447,0.0012016099655627135,0.09612879724501708,0.5890355330297448,0,4.038800005218945,16.40639999823179
1343,44.76666666666669,TRACKING,1,0,1,0,-2.543048697319543,6.5243153902145625,-2.5450487823137258,6.54433301911686,-2.5502285731838996,6.543431957944279,0.020420425538964376,1.63363404311715,0.9252389438187819,1,4.350200004409999,17.275599995628
1344,44.80000000000002,TRACKING,1,0,1,0,-2.616683708147514,6.569570875593029,-2.6258418016442864,6.5880415904206195,-2.617919267465718,6.598422105130741,0.028877673948338376,2.3102139158670703,2.094186777106558,1,4.654300006222911,16.52349998767022
1345,44.83333333333335,TRACKING,1,0,1,0,-2.6902154167831673,6.614189790574054,-2.7101128667180197,6.629221999788435,-2.6985256107825903,6.618865077649293,0.009535073861483303,0.7628059089186642,2.4693949608643897,1,4.697099997429177,16.388899995945394
1346,44.86666666666668,TRACKING,1,0,1,0,-2.7636409203205528,6.658167811727531,-2.792492770233095,6.673494071252654,-2.8014892725855587,6.66465969315556,0.03840107151697157,3.072085721357726,1.663610684113515,1,4.752599998028018,16.319900008966215
1347,44.90000000000001,TRACKING,1,0,1,0,-2.8369573200465155,6.701500677723944,-2.866030702893314,6.720237942855032,-2.871254158947733,6.7226920925237765,0.040315620047751306,3.2252496038201044,1.609130221946327,1,4.68110000656452,16.592399988439865
1348,44.933333333333344,TRACKING,1,0,1,0,-2.910161721555131,6.744184189747211,-2.938344355322887,6.767470077448002,-2.937243445619389,6.783985678344309,0.04814123256458609,3.851298605166887,1.107521613537871,1,4.202399999485351,16.840999989653938
1349,44.966666666666676,TRACKING,1,0,1,0,-2.983251234861975,6.786214211901605,-3.0092226344830935,6.807266127075703,-3.0028885764380226,6.814776925195709,0.03466199323315881,2.7729594586527044,1.0593746358844869,1,4.482400006963871,15.726800003903918
1350,45.00000000000001,TRACKING,1,0,1,0,-3.056222974518211,6.827586671612454,-3.080505388812372,6.8472662138696085,-3.084168866669377,6.830644935071808,0.028112734899177476,2.249018791934198,1.2553005719443868,1,4.767199992784299,14.948300013202243
1351,45.03333333333334,TRACKING,1,0,1,0,-3.1290740597245046,6.868297560020783,-3.1516840314379113,6.891806912413525,-3.166719137066383,6.889199589282094,0.04305864228371267,3.444691382697014,0.697437891868735,1,4.219499998725951,15.66639999509789
1352,45.06666666666667,TRACKING,1,0,1,0,-3.2018016144447743,6.908342932371779,-3.2185000869044305,6.932943671129398,-3.211288056666435,6.945805288405953,0.03864480179346421,3.091584143477137,0.7744668166513543,1,4.365500004496425,16.25390000117477
1353,45.1,TRACKING,1,0,1,0,-3.274402767519647,6.947718908396988,-3.2910900107232157,6.967794829051325,-3.2783076507581703,6.977024946504341,0.029565046637137545,2.365203730971004,1.0109044439445458,1,4.365400003734976,16.359000001102686
1354,45.13333333333333,TRACKING,1,0,1,0,-3.3468746527799342,6.986421672690315,-3.3638802358591775,7.00222896979472,-3.363692889181824,6.989198909653049,0.017046000141294967,1.3636800113035974,0.6379989975682673,1,4.033900011563674,15.701299998909235
1355,45.166666666666664,TRACKING,1,0,1,0,-3.4192144091596974,7.024447475077749,-3.4347290851148444,7.039911817219785,-3.4474830110415104,7.022264639617555,0.028352753358337562,2.268220268667005,0.10339308999583698,1,4.107899992959574,15.779599998495542
1356,45.199999999999996,TRACKING,1,0,1,0,-3.4914191808092188,7.061792630980695,-3.5026325325652263,7.078090744192547,-3.506045042972812,7.0857363287539785,0.028057378834929887,2.244590306794391,0.3588141882904557,1,3.969199999119155,15.309100010199472
1357,45.23333333333333,TRACKING,1,0,1,0,-3.5634861172077494,7.0984535217730516,-3.5701762119190077,7.113274734833316,-3.557398983078737,7.132362313235903,0.03445082495929102,2.7560659967432812,0.9915747939513105,1,4.755399990244769,16.561700002057478
1358,45.26666666666666,TRACKING,1,0,1,0,-3.635412373276038,7.134426595131797,-3.6390016080385017,7.144102424654387,-3.6379797247631793,7.1465056448466315,0.012348875886977655,0.9879100709582124,1.5964011651605847,1,4.439900003490038,16.780599995399825
1359,45.29999999999999,TRACKING,1,0,1,0,-3.7071951094886533,7.169708365381217,-3.706525794480758,7.173514399070287,-3.714145788181355,7.155571559827782,0.015753133197710732,1.2602506558168587,1.4391822905367497,1,4.443500001798384,17.220299996552058
1360,45.33333333333332,TRACKING,1,0,1,0,-3.7788314919860806,7.204295413830677,-3.7738823463837647,7.207340553484671,-3.7849222834073024,7.208541284788718,0.007424631999578435,0.5939705599662748,1.627863498907135,1,4.0176000038627535,15.636600001016632
1361,45.36666666666665,TRACKING,1,0,1,0,-3.8503186926866,7.238184389105845,-3.842882091974261,7.238902337686305,-3.8385445131858256,7.251988885726143,0.01814374354581448,1.4514994836651585,1.8114923741206521,1,4.074999989825301,16.019700007745996
1362,45.399999999999984,TRACKING,1,0,1,0,-3.921653889397934,7.271372007473441,-3.9167264454379054,7.267668416191774,-3.906647083431159,7.271558123151836,0.015007960033601614,1.2006368026881291,1.4334227521848975,1,3.9495999953942373,15.418100010720082
1363,45.433333333333316,TRACKING,1,0,1,0,-3.992834265928661,7.303855053159448,-3.9951183513391304,7.300505881513337,-4.006720931378912,7.28800001482981,0.0210765679787175,1.6861254382974,1.4782175834574245,0,3.495099997962825,15.828300005523488
1364,45.46666666666665,TRACKING,1,0,1,0,-4.0638570121993975,7.335630378660662,-4.072415176425785,7.333140238139522,-4.0822892716461805,7.335285597245026,0.018435483789097793,1.4748387031278234,2.21837244628445,1,4.611600001226179,15.442100004293025
1365,45.49999999999998,TRACKING,1,0,1,0,-4.134719324353729,7.366694905049723,-4.153951117050292,7.366007753526289,-4.152575506479996,7.376531724414152,0.020386423309026486,1.6309138647221189,2.1473105881555954,1,3.9751999865984544,15.434100001584738
1366,45.53333333333331,TRACKING,1,0,1,0,-4.20541840486891,7.3970456222734144,-4.231373313547245,7.399652142059655,-4.216442526811521,7.407411636491082,0.015132267357089947,1.2105813885671957,2.262344219291435,1,4.401400001370348,15.701299998909235
1367,45.56666666666664,TRACKING,1,0,1,0,-4.2759514626662956,7.426679589444344,-4.307593958595714,7.4367859392691,-4.307252094155649,7.418658623853221,0.032312001186033966,2.5849600948827174,2.0112244706820492,1,4.371800008811988,16.714999990654178
1368,45.59999999999997,TRACKING,1,0,1,0,-4.346315713221536,7.455593935125923,-4.3773047444815445,7.476220300881616,-4.390494946121361,7.4612241935217245,0.04453655160899314,3.5629241287194513,2.458494723284531,1,3.993100006482564,16.82819999405183
1369,45.633333333333304,TRACKING,1,0,1,0,-4.416508378674504,7.483785857610564,-4.440274214721256,7.517958502291063,-4.4427001351005595,7.522807355591354,0.04699665317175926,3.759732253740741,2.407517498493374,1,4.358500009402633,16.26229999237694
1370,45.666666666666636,TRACKING,1,0,1,0,-4.486526687938955,7.5112526251911795,-4.501379542979804,7.553055940957226,-4.4867069343369215,7.565038962854727,0.05378663967958143,4.302931174366514,2.273732201496491,1,4.648000001907349,16.613899992080405
1371,45.69999999999997,TRACKING,1,0,1,0,-4.556367876811931,7.537991576425884,-4.569761965421881,7.583877663883794,-4.551261521112772,7.5816619920485495,0.0439679436542432,3.5174354923394557,2.7335219665372166,1,4.414999988512136,16.90740000049118
1372,45.7333333333333,TRACKING,1,0,1,0,-4.626029188082882,7.564000120395854,-4.642084387260926,7.6143420086582925,-4.654750654146071,7.606194021529243,0.05104162914399458,4.083330331519567,2.5878016105861628,1,3.7932999985059723,15.867699999944307
1373,45.76666666666663,TRACKING,1,0,1,0,-4.695507871642517,7.5892757369563935,-4.7085549033466325,7.642042532134657,-4.714596357339583,7.648523467389505,0.06224679789098964,4.979743831279172,1.8156904449842843,1,4.251999998814426,15.077700008987449
1374,45.79999999999996,TRACKING,1,0,1,0,-4.764801184591378,7.613815976981139,-4.774612252287529,7.6631162912400725,-4.76899725253912,7.682817373583694,0.06912886314214259,5.530309051371407,0.8311394634371251,1,4.451799992239103,15.999600000213832
1375,45.83333333333329,TRACKING,1,0,1,0,-4.833906391348116,7.637618462599344,-4.842323494819864,7.678786143387826,-4.8463056217012035,7.682219192468737,0.046292180962139086,3.7033744769711268,0.9079620839095028,1,3.886300008161925,16.0050999984378
1376,45.866666666666625,TRACKING,1,0,1,0,-4.902820763757499,7.660680887426322,-4.9109346504776665,7.697465483111522,-4.915295810393802,7.687984911847589,0.03001893632651012,2.4015149061208096,1.6467890646619432,1,4.445500002475455,17.81170000322163
1377,45.899999999999956,TRACKING,1,0,1,0,-4.971541581198103,7.683001016786893,-4.984298110414872,7.719573912510222,-4.985608190513031,7.717457116881303,0.037216828603937484,2.977346288314999,1.693591955087692,1,4.537899993010797,17.183200005092658
1378,45.93333333333329,TRACKING,1,0,1,0,-5.0400661306897225,7.704576687931937,-5.057532483370024,7.7389107113107665,-5.053993108900276,7.741102766225772,0.03909111302591212,3.1272890420729698,1.1147210213093819,1,4.648600006476045,18.27169999887701
1379,45.96666666666662,TRACKING,1,0,1,0,-5.108391707000479,7.72540581024796,-5.12691281140303,7.754610573398288,-5.1136067608707885,7.753419059587001,0.028494542028282197,2.2795633622625755,1.2252081110814137,1,4.1708000062499195,17.89170000120066
1380,45.99999999999995,TRACKING,1,0,1,0,-5.17651561275361,7.745486365459653,-5.196176424530163,7.7728202632750705,-5.1916982668103,7.7499772279788885,0.015832903409412808,1.2666322727530246,1.8897372912138612,1,4.546900003333576,18.229900000733323
1381,46.03333333333328,TRACKING,1,0,1,0,-5.244435158533964,7.764816407825465,-5.261151300010233,7.798141525774588,-5.272566206406662,7.78335951656002,0.033692769787560486,2.695421583004839,2.129886000188358,1,4.272499994840473,17.459700000472367
1382,46.06666666666661,TRACKING,1,0,1,0,-5.312147662994171,7.783394064326145,-5.323214915017594,7.821498233170647,-5.323911188080791,7.832333034514825,0.0503329248662549,4.026633989300392,1.2147627015317473,1,4.3584999948507175,17.417199996998534
1383,46.099999999999945,TRACKING,1,0,1,0,-5.3796504529604965,7.801217534846216,-5.388092116500868,7.8365320326399885,-5.37185561552263,7.851024286765009,0.05041301446435212,4.033041157148169,0.6453016522162456,1,4.396800009999424,17.97979998809751
1384,46.133333333333276,TRACKING,1,0,1,0,-5.4469408635383765,7.818285092348417,-5.4583401352635565,7.845207226457376,-5.450937312671796,7.837663634747646,0.01978634658532739,1.5829077268261913,1.0932336301889314,1,4.135700000915676,16.670900004100986
1385,46.16666666666661,TRACKING,1,0,1,0,-5.51401623821762,7.8345950830410365,-5.529157925194725,7.854089689318383,-5.543983369230681,7.832877150888267,0.030016332754610058,2.4013066203688047,0.5826909908739397,1,3.8017000042600557,15.964699996402487
1386,46.19999999999994,TRACKING,1,0,1,0,-5.580873928977287,7.850145926538158,-5.595268268258249,7.868823415081019,-5.598767487991434,7.867989770990491,0.025270184784283733,2.0216147827426987,0.36289235377368073,1,4.714900001999922,16.861699987202883
1387,46.23333333333327,TRACKING,1,0,1,0,-5.647511296390224,7.864936116012809,-5.660089995951383,7.8829302093744404,-5.655323217586873,7.890463366608853,0.026695816821664598,2.135665345733168,0.15759122878982118,1,4.4363000051816925,16.987599999993108
1388,46.2666666666666,TRACKING,1,0,1,0,-5.713925709727269,7.878964218342953,-5.724804376615583,7.894908459998649,-5.7198182746997,7.8894668434835635,0.01204273460633034,0.9634187685064273,0.2780890675543318,1,4.315300000598654,16.839900010381825
1389,46.29999999999993,TRACKING,1,0,1,0,-5.7801145470611015,7.892228874250355,-5.789709536806453,7.908932420280703,-5.796136572535363,7.905605842811116,0.020872196534467938,1.669775722757435,0.91733862734921,1,3.9068000041879714,16.672800004016608
1390,46.333333333333265,TRACKING,1,0,1,0,-5.846075195369757,7.904728798432305,-5.855169855214365,7.925867256116304,-5.853815569152646,7.9313701434259976,0.02774301082023726,2.2194408656189806,1.5360209470237274,1,5.5041000014171,15.000899991719052
1391,46.366666666666596,TRACKING,1,0,1,0,-5.911805050639783,7.916462779686141,-5.923228598485382,7.943337925100555,-5.912070329882606,7.949793229764343,0.03333150574894909,2.666520459915927,2.0027796076949347,1,3.832500005955808,14.724399996339343
1392,46.39999999999993,TRACKING,1,0,1,0,-5.9773015179690425,7.927429681026628,-5.9941893083315065,7.958594054697502,-5.983818874530771,7.954299550348588,0.027648974916475614,2.2119179933180493,2.2325999035358417,1,4.288299998734146,15.200599998934194
1393,46.43333333333326,TRACKING,1,0,1,0,-6.042562011669151,7.937628439796115,-6.060767367182845,7.974306085930718,-6.0583134853209915,7.961198721913433,0.02834902328642998,2.2679218629143985,2.2442020098069873,1,3.860199998598546,15.00040000246372
1394,46.46666666666659,TRACKING,1,0,1,0,-6.107583955367565,7.947058067767508,-6.1229850354742545,7.988231722436499,-6.13103885380573,7.995236917483381,0.0535848282696635,4.28678626157308,1.8760905484721002,1,4.00249999074731,15.232900012051687
1395,46.49999999999992,TRACKING,1,0,1,0,-6.172364782109277,7.955717651240032,-6.181425407491987,7.997112016858368,-6.176390969601665,8.014479307977597,0.05889942689252006,4.7119541514016055,1.0161038411914143,1,4.100799997104332,15.52339999761898
1396,46.53333333333325,TRACKING,1,0,1,0,-6.2369019344581735,7.963606351127754,-6.240775177711397,7.998486536441458,-6.235903289175936,8.00146855922568,0.037875375832463934,3.030030066597115,0.5648365747258386,1,4.03070000174921,15.490200006752275
1397,46.566666666666585,TRACKING,1,0,1,0,-6.301192864597985,7.970723403040894,-6.302927252114295,7.998541132559041,-6.302838283437213,7.991746018943742,0.02108691021831158,1.6869528174649264,0.4294163614494618,1,4.172200002358295,14.751199996680953
1398,46.599999999999916,TRACKING,1,0,1,0,-6.365235034432872,7.977068117359898,-6.366922681823356,7.997701937233318,-6.377516748083534,8.000346606619505,0.026319736936499038,2.105578954919923,0.5612530714241502,1,4.128400003537536,14.774399998714216
1399,46.63333333333325,TRACKING,1,0,1,0,-6.429025915687627,7.982639879302247,-6.4301354736399245,7.998216481291496,-6.428683074036039,8.011361492762278,0.02872365958831691,2.297892767065353,0.7859971103797856,1,4.6507999941241,14.99530000728555
1400,46.66666666666658,TRACKING,1,0,1,0,-6.492562990007487,7.987438148982036,-6.494091833730026,7.997776442933465,-6.47731941080516,8.003011244892674,0.021791925640923856,1.7433540512739083,0.575150206864132,1,4.0508000092813745,14.899299989338033
1401,46.69999999999991,TRACKING,1,0,1,0,-6.55584374905755,7.9914624614622864,-6.560654656837427,7.999901955519088,-6.552054374545526,7.998384437904692,0.007891331767299307,0.6313065413839446,0.16431004272797764,1,3.7455999990925193,14.984400011599064
1402,46.73333333333324,TRACKING,1,0,1,0,-6.618865694621802,7.994712426799996,-6.624957677768575,8.004454627509373,-6.638317308171622,8.004765734334553,0.021895987351017537,1.7516789880814028,0.931162145521381,1,4.080900005646981,15.711100000771694
1403,46.76666666666657,TRACKING,1,0,1,0,-6.6816263387017445,7.997187730083923,-6.682272511909886,8.008476342990656,-6.6869870236498965,8.012878965069989,0.016581670558217982,1.3265336446574387,1.2301849597050838,1,3.952600003685802,15.728400001535192
1404,46.799999999999905,TRACKING,1,0,1,0,-6.744123203614612,7.998888131465098,-6.740589074218146,8.008809358382749,-6.728083921752489,8.021338801246467,0.027591504784709946,2.2073203827767958,1.4272104106957915,1,3.9779999933671206,15.772200000355951
1405,46.833333333333236,TRACKING,1,0,1,0,-6.806353822091207,7.9998134661800675,-6.806203297881228,8.002803229848613,-6.791774675697121,7.999280602249255,0.014588881161657585,1.1671104929326068,1.2552509750273846,1,4.019299987703562,15.490400008275174
1406,46.86666666666657,TRACKING,1,0,1,0,-6.868315737373232,7.99996364456686,-6.873857869852895,8.000793083875703,-6.886761395283265,7.987826013878206,0.022080859912333595,1.7664687929866878,0.6428464719770765,1,3.8820000045234337,15.10279999638442
1407,46.8999999999999,TRACKING,1,0,1,0,-6.930006503310386,7.999338652073669,-6.934104001570569,8.002560309817047,-6.943263942683171,7.999331010903475,0.01325744157484932,1.0605953259879457,1.1084967213486037,1,4.114700001082383,15.687799997976981
1408,46.93333333333323,TRACKING,1,0,1,0,-6.991423684456862,7.997938549260268,-6.991178455048909,8.00253752921537,-6.988994417098747,8.0177765275148,0.019986163241714736,1.5988930593371788,1.1547094597663388,1,4.242299997713417,15.542499997536652
1409,46.96666666666656,TRACKING,1,0,1,0,-7.0525648561675105,7.995763471792139,-7.051085307453456,7.999497549354071,-7.032879530640223,8.002235083121045,0.020721819280838053,1.6577455424670444,0.28613762279940325,1,4.294900005334057,15.871600000537
1410,46.99999999999989,TRACKING,1,0,1,0,-7.113427604693562,7.99281363042733,-7.115879046740795,7.999760842798673,-7.1147161741100176,7.988167289437335,0.004821710872328382,0.3857368697862706,0.25500822268779394,1,4.1000999917741865,16.67460000317078
1411,47.033333333333225,TRACKING,1,0,1,0,-7.174009527277919,7.989089310996031,-7.177077729188439,7.999862294906287,-7.183743774872839,7.994235361750414,0.011010786284635076,0.880862902770806,0.4045340272273771,1,4.181500000413507,16.08929999929387
1412,47.066666666666556,TRACKING,1,0,1,0,-7.234308232250012,7.984590874372876,-7.237074028293894,7.997254759034854,-7.231086545906195,8.012284811840896,0.027880700051837407,2.2304560041469927,0.7304295097766398,1,4.193299988401122,16.199100005906075
1413,47.09999999999989,TRACKING,1,0,1,0,-7.294321339120215,7.979318756441984,-7.2971574805151915,7.989491502920779,-7.2773623929057365,7.996821709194754,0.02437127841889452,1.9497022735115617,0.3858203595060598,1,4.032999990158714,15.807500007213093
1414,47.13333333333322,TRACKING,1,0,1,0,-7.354046478673827,7.97327346805471,-7.360470207844728,7.98406198376206,-7.369145585157202,7.976103031299735,0.015361947947897091,1.2289558358317674,0.8747286269376106,1,4.085199994733557,15.599699996528216
1415,47.16666666666655,TRACKING,1,0,1,0,-7.413481293064606,7.966455594980158,-7.415506469079296,7.981400599530775,-7.428689532384686,7.971483802375471,0.01601790912781984,1.2814327302255872,2.266237900301649,1,4.222700008540414,16.493399991304614
1416,47.19999999999988,TRACKING,1,0,1,0,-7.472623435907849,7.958865797848414,-7.465532728163017,7.981379243301289,-7.479342896729013,7.986683474123835,0.028617726448675784,2.2894181158940627,2.9567035598383575,1,4.06259999726899,15.979200004949234
1417,47.23333333333321,TRACKING,1,0,1,0,-7.531470572373023,7.9505048120865345,-7.515756960576143,7.979757177028558,-7.501680825398766,7.999253679893979,0.0571303871621572,4.570430972972576,2.215151808617631,1,4.19809999584686,16.401000000769272
1418,47.266666666666545,TRACKING,1,0,1,0,-7.590020379275943,7.941373447847289,-7.574000455044574,7.973450745393276,-7.5722013917610385,7.96656802612084,0.030859084407001577,2.468726752560126,2.868351039158733,1,4.573900005198084,17.152600004919805
1419,47.299999999999876,TRACKING,1,0,1,0,-7.648270545170487,7.931472589930651,-7.630868471073283,7.970615258636757,-7.6353491150826445,7.965846305599326,0.03672214160946914,2.9377713287575316,3.0953131422773508,1,4.409500004840083,16.2177000020165
1420,47.33333333333321,TRACKING,1,0,1,0,-7.706218770439842,7.920803197698078,-7.687716319517795,7.96512608852625,-7.700394054822121,7.97449280273542,0.05400463869977411,4.320371095981928,2.877263990215163,1,4.055800003698096,16.953699989244342
1421,47.36666666666654,TRACKING,1,0,1,0,-7.763862767387302,7.909366304979537,-7.743069954186565,7.953019921538048,-7.73776748039435,7.968483802783747,0.0646207594343744,5.169660754749952,1.7873617996976072,1,3.8830999983474612,16.119000007165596
1422,47.39999999999987,TRACKING,1,0,1,0,-7.821200260326567,7.897163019973337,-7.8032231130072764,7.934150837409345,-7.8004384706637175,7.929492668463093,0.038422104074029684,3.0737683259223747,1.4684027098656822,1,3.612599990447052,15.948500004014932
1423,47.4333333333332,TRACKING,1,0,1,0,-7.878228985671593,7.884194525138749,-7.86305953383692,7.91540531717265,-7.876483284899472,7.902921713939985,0.01880837769673205,1.504670215738564,1.774191924281523,1,4.544499999610707,17.36299999174662
1424,47.466666666666534,TRACKING,1,0,1,0,-7.934946692025955,7.870462077081432,-7.92067543853199,7.900469902725932,-7.928570042785262,7.9052929213998855,0.035409735546529965,2.832778843722397,1.7606416247849375,1,4.096400007256307,16.524199993000366
1425,47.499999999999865,TRACKING,1,0,1,0,-7.9913511402717194,7.855967006431657,-7.9766684303801405,7.88114430861208,-7.966502391697552,7.884975020993712,0.038195879549169025,3.0556703639335216,1.331507701571725,1,4.341100007877685,16.72449999023229
1426,47.533333333333196,TRACKING,1,0,1,0,-8.047440103657852,7.840710717715393,-8.035736453254126,7.858275461699045,-8.020086190768435,7.858390425049611,0.03257005682809586,2.6056045462476694,1.3547985261509168,1,4.3664999975590035,16.64139999775216
1427,47.56666666666653,TRACKING,1,0,1,0,-8.103211367888118,7.824694689218206,-8.095016520351217,7.834634615027135,-8.100133585101752,7.816170244159704,0.009063051938253573,0.7250441550602859,1.6839236614949185,1,4.033100005472079,16.29539999703411
1428,47.59999999999986,TRACKING,1,0,1,0,-8.158662731208498,7.807920472842005,-8.148250995931203,7.816925792014382,-8.164226153290938,7.803122514877972,0.007346568307176471,0.5877254645741177,2.1039953534991014,1,4.19450001209043,16.688699994119816
1429,47.63333333333319,TRACKING,1,0,1,0,-8.213792004494119,7.79038969395469,-8.19960364050057,7.800904330048063,-8.202934327528851,7.818316619647581,0.029963349741614565,2.397067979329165,1.7239764318519353,1,4.343799999332987,16.234299997449853
1430,47.66666666666652,TRACKING,1,0,1,0,-8.268597011335668,7.772104051232639,-8.255867323750355,7.778393465058087,-8.250332503775258,7.7888062786131815,0.024749881532961187,1.979990522636895,1.560210260952101,1,4.754099994897842,16.459099992061965
1431,47.699999999999854,TRACKING,1,0,1,0,-8.323075588125313,7.753065316496125,-8.3176186830694,7.752898992559423,-8.319804989913614,7.73792017731165,0.015494258729590517,1.2395406983672415,1.1236466709842334,1,3.960200003348291,16.402499997639097
1432,47.733333333333185,TRACKING,1,0,1,0,-8.37722558414213,7.7332753345376295,-8.383182793951441,7.733531587825134,-8.391867260356188,7.715384080218942,0.02311872971106487,1.8494983768851896,1.18370024762513,1,4.758199997013435,16.15670000319369
1433,47.76666666666652,TRACKING,1,0,1,0,-8.431044861636991,7.712736022943077,-8.446224245668636,7.716710542068125,-8.440474625935419,7.719957954131404,0.011877573187012365,0.9502058549609892,1.3808003649391456,1,4.100600010133348,16.946299991104752
1434,47.79999999999985,TRACKING,1,0,1,0,-8.484531295916975,7.691449371906046,-8.506718197682309,7.699561555499651,-8.492001759582262,7.718267009264593,0.027838705086064886,2.227096406885191,1.457432223895847,1,4.138799995416775,15.96580000477843
1435,47.83333333333318,TRACKING,1,0,1,0,-8.537682775429243,7.669417444034916,-8.564414150764499,7.67769699068117,-8.5510223792467,7.6738253632678335,0.014049013558632225,1.1239210846905778,0.7882291756799488,1,3.8487999991048127,16.132000004290603
1436,47.86666666666651,TRACKING,1,0,1,0,-8.59049720184439,7.646642374152994,-8.61532366723252,7.654920335834367,-8.621242450351632,7.641824810186134,0.031120398910471945,2.4896319128377558,0.7548749962639322,1,3.939300004276447,15.061700003570877
1437,47.89999999999984,TRACKING,1,0,1,0,-8.642972490139295,7.623126369091687,-8.657798694238359,7.63344028299587,-8.668085904672434,7.627945982612158,0.02557170827301166,2.0457366618409325,1.5483790620429265,1,4.234600011841394,15.944399987347424
1438,47.933333333333174,TRACKING,1,0,1,0,-8.69510656867943,7.598871707476635,-8.699375698945337,7.611795911772633,-8.701220987413246,7.615444333672094,0.01766459893308717,1.4131679146469736,1.746260503078548,1,4.112199996598065,16.608200006885454
1439,47.966666666666505,TRACKING,1,0,1,0,-8.746897379300641,7.573880739506946,-8.743600295157261,7.584964144302047,-8.740540099064052,7.5793186185689425,0.008365736112227176,0.6692588889781741,1.4608835590322222,1,3.9323999953921884,15.546499998890795
1440,47.99999999999984,TRACKING,1,0,1,0,-8.798342877390402,7.548155886727457,-8.79270593239895,7.556553803664094,-8.80755118854691,7.535263613869842,0.015843096092313373,1.26744768738507,1.7288424597776124,1,4.169000007095747,16.064299998106435
1441,48.03333333333317,TRACKING,1,0,1,0,-8.849441031968542,7.5216996417940845,-8.839371673002413,7.531593789311526,-8.857921792711975,7.520559865102381,0.008557008454729207,0.6845606763783366,1.93599761095303,1,4.186499994830228,16.400699998484924
1442,48.0666666666665,TRACKING,1,0,1,0,-8.90018982576741,7.494514568232313,-8.886314484194992,7.505997114981326,-8.887790377911754,7.512837023986105,0.022123713340548364,1.769897067243869,1.4782846734140094,1,3.948899990064092,15.967500003171153
1443,48.09999999999983,TRACKING,1,0,1,0,-8.950587255311522,7.466603300188795,-8.93746601831298,7.477675405740026,-8.92652547121347,7.4789654097994465,0.027051639654686935,2.1641311723749546,0.5956363836068654,1,4.330600000685081,16.32450000033714
1444,48.13333333333316,TRACKING,1,0,1,0,-9.000631330996653,7.437968542176087,-8.993206665256718,7.449932677435937,-8.997346045662242,7.440512827641342,0.004155296410269774,0.33242371282158195,0.657375007808034,1,4.2424999992363155,16.188300010981038
1445,48.166666666666494,TRACKING,1,0,1,0,-9.050320077168388,7.408613068810627,-9.047374511019372,7.424672026510686,-9.068742294071988,7.4208269293348295,0.022103313429166088,1.768265074333287,0.8318560075346626,1,3.8726999919163063,14.758100005565211
1446,48.199999999999825,TRACKING,1,0,1,0,-9.099651532200106,7.37853972454385,-9.099150504357981,7.397787622152571,-9.113767572808754,7.41410607969451,0.03826523515108598,3.061218812086878,1.1105745464848604,0,3.8438999908976257,17.21180000458844
1447,48.23333333333316,TRACKING,1,0,1,0,-9.148623748570431,7.347751423386592,-9.151301783803836,7.371372595310972,-9.14758390974857,7.391562297778861,0.043823212796308936,3.505857023704715,0.3965774393883953,1,4.096299991942942,16.63610000105109
1448,48.26666666666649,TRACKING,1,0,1,0,-9.197234792940117,7.316251148626732,-9.204044644011994,7.333786060642511,-9.195814550642005,7.327443553309853,0.011282154527221165,0.9025723621776932,0.9002716474149762,1,4.170399988652207,16.987599999993108
1449,48.29999999999982,TRACKING,1,0,1,0,-9.245482746228365,7.284041952540091,-9.25836746142327,7.303783208210278,-9.260671097831777,7.295627143738268,0.01910242601156148,1.5281940809249184,1.4697399802054318,1,3.7595999892801046,15.317800003685988
1450,48.33333333333315,TRACKING,1,0,1,0,-9.293365703688593,7.2511269560947165,-9.307755039097517,7.276985010105679,-9.32379060081148,7.2910352646836385,0.05018313919402449,4.01465113552196,1.0549495365874422,1,3.7758999969810247,14.950299999327399
1451,48.36666666666648,TRACKING,1,0,1,0,-9.340881774983632,7.217509348648455,-9.351366773116066,7.2438947070629505,-9.346210270682,7.260958604042891,0.043774771966721464,3.501981757337717,0.27376361127331983,1,4.016100006992929,15.275899990228936
1452,48.399999999999814,TRACKING,1,0,1,0,-9.388029084260346,7.183192387639889,-9.399021817750024,7.205805990469282,-9.387801818586246,7.199497893196298,0.016307089290756808,1.3045671432605446,0.6869180294532978,1,4.164800004218705,14.936999999918044
1453,48.433333333333145,TRACKING,1,0,1,0,-9.434805770223694,7.148179398272745,-9.446952414738627,7.171126460812703,-9.456477373057492,7.160532430121434,0.024945054925588496,1.9956043940470798,0.9562127830991582,0,3.5721000022022054,15.395499998703599
1454,48.46666666666648,TRACKING,1,0,1,0,-9.481209986210208,7.112473773193669,-9.495016318956631,7.136534398052904,-9.512440910786966,7.1306148997653365,0.03611746285674522,2.8893970285396176,0.8446819750723067,1,3.9552000089315698,15.591199990012683
1455,48.49999999999981,TRACKING,1,0,1,0,-9.527239900260899,7.076078972163472,-9.537195524726421,7.099834426103903,-9.526997010567106,7.1169400129343146,0.04086176266731266,3.268941013385013,1.0520859909305227,0,3.6718000046676025,16.047199998865835
1456,48.53333333333314,TRACKING,1,0,1,0,-9.572893695193574,7.038998521721937,-9.58072478759452,7.063938686762559,-9.563392751183997,7.072970652657687,0.035275680254090676,2.822054420327254,0.597316702053503,1,3.8299000007100403,15.898199999355711
1457,48.56666666666647,TRACKING,1,0,1,0,-9.618169568674585,7.001236014846052,-9.628623877922672,7.024348335027372,-9.628966365752465,7.019812439423489,0.021486143842535256,1.7188915074028206,1.0472532952017635,1,4.207299993140623,15.258900006301701
1458,48.5999999999998,TRACKING,1,0,1,0,-9.663065733289965,6.962795110601914,-9.671833695760114,6.987864897720183,-9.68445199205853,6.983290737120016,0.02962166049507616,2.369732839606093,1.6146256837522743,1,4.165100006503053,15.15389999258332
1459,48.633333333333134,TRACKING,1,0,1,0,-9.70758041661603,6.923679533790153,-9.712164226991867,6.951853590610252,-9.71932051114546,6.958484337339755,0.03673151466637713,2.9385211733101704,1.4200841702216913,1,4.101400001673028,15.325399988796562
1460,48.666666666666465,TRACKING,1,0,1,0,-9.751711861289273,6.883893074584991,-9.755025011942713,6.912929278604362,-9.742023493115893,6.928580597121723,0.045725694618385875,3.6580555694708696,1.1510126328953962,1,4.218200003379025,15.511200006585568
1461,48.6999999999998,TRACKING,1,0,1,0,-9.795458325075838,6.84343958816703,-9.803720843042795,6.871902698495097,-9.797662922485046,6.8734961418490865,0.030137296975326796,2.4109837580261435,1.4571235058482772,1,4.104799998458475,15.131799998925999
1462,48.73333333333313,TRACKING,1,0,1,0,-9.838818080940237,6.802322994349672,-9.851500344424798,6.831685780642944,-9.869131194957024,6.818207124133876,0.03422266004266961,2.7378128034135694,1.8562689603607478,0,3.8595000078203157,15.645599996787496
1463,48.76666666666646,TRACKING,1,0,1,0,-9.88178941711356,6.760547277199285,-9.899319938136582,6.791819020165945,-9.900828594910259,6.7939528290710225,0.038450243003519416,3.0760194402815535,0.9248507424505709,1,3.9471000054618344,16.427399998065084
1464,48.79999999999979,TRACKING,1,0,1,0,-9.924370637161028,6.718116484649207,-9.941167928370696,6.746078149786509,-9.925442173449966,6.753848224994449,0.03574780354257194,2.8598242834057555,1.0153961326861425,1,3.89220000943169,15.519299995503388
1465,48.83333333333312,TRACKING,1,0,1,0,-9.966560060048984,6.675034728107459,-9.986530354778697,6.698834834814192,-9.97411845589158,6.698366462160257,0.024525479844925632,1.9620383875940504,1.367261515747621,1,4.5343999954639,16.165699998964556
1466,48.866666666666454,TRACKING,1,0,1,0,-10.008356020211252,6.631306182058408,-10.030410997244413,6.655496983052634,-10.040476503317652,6.64245798712262,0.0340012969043643,2.7201037523491443,1.4762715168478422,1,3.876500006299466,15.893299991148524
1467,48.899999999999785,TRACKING,1,0,1,0,-10.049756867614896,6.586935083658258,-10.068528924704141,6.614115865024062,-10.083977111745877,6.618405224772562,0.04649080436105871,3.719264348884697,1.7871591236860864,1,3.6472999927354977,14.858499998808838
1468,48.93333333333312,TRACKING,1,0,1,0,-10.090760967825345,6.541925732324456,-10.10035390283676,6.571115629519382,-10.099974586489513,6.58460664462199,0.043664070394759474,3.4931256315807575,1.5381691890948548,1,4.002100002253428,15.413400004035793
1469,48.96666666666645,TRACKING,1,0,1,0,-10.131366702070935,6.49628248931914,-10.135067581795143,6.524162326472288,-10.122588689626474,6.524955731796243,0.029986802707622804,2.3989442166098245,1.1757595956368865,1,4.119999997783452,15.89909999165684
1470,48.99999999999978,TRACKING,1,0,1,0,-10.171572467306804,6.450009777326521,-10.174305717903845,6.476508606975554,-10.165454618180718,6.4652552718976075,0.016427208607873237,1.314176688629859,1.2897231619493439,0,3.2146000012289733,11.919999989913777
1471,49.03333333333311,TRACKING,1,0,1,0,-10.211376676278187,6.403112080024319,-10.213203980198402,6.42952027360415,-10.221746286932968,6.424617828234502,0.02387521793013698,1.9100174344109584,1.2095555636672504,1,4.833300001337193,13.327799999387935
1472,49.06666666666644,TRACKING,1,0,1,0,-10.25077775758307,6.355593941649363,-10.251637480091896,6.381003339407383,-10.25139645048263,6.395062458483793,0.039473365729485274,3.1578692583588217,0.6613638797668548,1,4.741600001580082,13.688599996385165
1473,49.099999999999774,TRACKING,1,0,1,0,-10.289774155734223,6.307459966557201,-10.289954083134985,6.326355780524441,-10.278393084333274,6.336317710092947,0.031020930808220555,2.4816744646576443,0.7581032870770446,1,4.1188000031979755,12.987099995370954
1474,49.133333333333105,TRACKING,1,0,1,0,-10.328364331220625,6.258714818776016,-10.329701121314802,6.269907252002883,-10.32060099831214,6.258684385971719,0.007763392557609715,0.6210714046087772,0.584379661093176,1,3.863899997668341,12.802500001271255
1475,49.16666666666644,TRACKING,1,0,1,0,-10.366546760568223,6.2093632215546695,-10.368036443048922,6.217857064117841,-10.377874257513438,6.205895284062444,0.011846466878096887,0.947717350247751,1.2399730819808972,1,4.206900004646741,12.285499993595295
1476,49.19999999999977,TRACKING,1,0,1,0,-10.404319936400084,6.159409956905005,-10.401319429623722,6.167488920490068,-10.412394576424862,6.163100714014978,0.00887814730529806,0.7102517844238448,1.6896420944982067,1,4.457600007299334,12.001199997030199
1477,49.2333333333331,TRACKING,1,0,1,0,-10.441682367495904,6.108859865138544,-10.433559636506413,6.117009442428132,-10.419848863298336,6.119921424165802,0.024475702107574746,1.9580561686059796,0.8713716864176831,1,4.409500004840083,12.482799997087568
1478,49.26666666666643,TRACKING,1,0,1,0,-10.478632578850881,6.057717844397443,-10.474124649811834,6.0620782214489415,-10.47253374816706,6.052744112574718,0.00786979948628377,0.6295839589027017,0.3072327318371725,1,5.7234000123571604,14.607999997679144
1479,49.29999999999976,TRACKING,1,0,1,0,-10.51516911173394,6.0059888501798575,-10.51637249360694,6.0101383975836695,-10.531378623921903,5.993973216487917,0.020177307510929724,1.614184600874378,0.30148354069391403,1,4.698299992014654,24.20870000787545
1480,49.333333333333094,TRACKING,1,0,1,0,-10.551290523745317,5.953677894859821,-10.554694366977959,5.96097249313821,-10.562426812764436,5.953803076849259,0.011136992576446207,0.8909594061156966,0.5329491340120515,1,4.552599988528527,16.2286000122549
1481,49.366666666666426,TRACKING,1,0,1,0,-10.586995388873522,5.900790047201535,-10.592647739226157,5.9114872180083005,-10.58868045595577,5.922996527123408,0.02227032109315548,1.7816256874524385,0.25739634848725196,1,4.504200012888759,15.545199988991953
1482,49.39999999999976,TRACKING,1,0,1,0,-10.622282297551614,5.847330431868197,-10.630896480648477,5.857906003166361,-10.621104895366626,5.850171870902761,0.0030757197031524033,0.24605757625219227,1.0341830646434684,1,4.906199988909066,13.624800005345605
1483,49.43333333333309,TRACKING,1,0,1,0,-10.65714985671286,5.793304228925498,-10.670839576680525,5.807607513177958,-10.671492402003794,5.795410084129377,0.01449631786221,1.1597054289768,1.4895269977744063,1,4.465599995455705,13.974800007417798
1484,49.46666666666642,TRACKING,1,0,1,0,-10.691596689845724,5.738716673339619,-10.70805969514352,5.758488880771164,-10.709698888860135,5.746580792335174,0.019736615128577557,1.5789292102862045,2.1518099312356607,1,5.189299990888685,14.841399999568239
1485,49.49999999999975,TRACKING,1,0,1,0,-10.72562143704822,5.683573054470044,-10.741810503511427,5.711484278812442,-10.73334527845744,5.72374501817855,0.04090775469654089,3.2726203757232715,2.765311361602657,0,3.5056999913649634,13.283000007504597
1486,49.53333333333308,TRACKING,1,0,1,0,-10.759222755081588,5.62787871555701,-10.776387191693773,5.664098812975764,-10.760509616007107,5.6612576621376585,0.03340374359073263,2.6722994872586106,2.2470100044343453,1,4.490200008149259,13.895500000216998
1487,49.566666666666414,TRACKING,1,0,1,0,-10.792399317423323,5.571639053203736,-10.812943505649713,5.60861338686832,-10.812848014438714,5.594147896133311,0.030410478780439443,2.4328383024351554,3.0108527177990863,1,4.7651999921072274,14.314300002297387
1488,49.599999999999746,TRACKING,1,0,1,0,-10.825149814319557,5.514859516853565,-10.846170587811109,5.558139664979183,-10.858852477944776,5.543784150496421,0.04441288064073412,3.55303045125873,3.1001603541501046,1,4.537300002994016,14.487499996903352
1489,49.63333333333308,TRACKING,1,0,1,0,-10.857472952836744,5.4575456082619045,-10.874665565008515,5.505212336409887,-10.873126833204942,5.516132418903357,0.06064205101840878,4.851364081472703,2.1944527400127667,1,4.409400004078634,14.852200009045191
1490,49.66666666666641,TRACKING,1,0,1,0,-10.889367456912726,5.399702880963092,-10.904263331490531,5.444252326643226,-10.899744454419782,5.45799522467965,0.05920877817714861,4.736702254171889,1.2221226975026505,1,4.11139999050647,14.623900002334267
1491,49.69999999999974,TRACKING,1,0,1,0,-10.920832067407092,5.341336939732345,-10.936337054965529,5.377688602611646,-10.933411979248318,5.369943412278594,0.03125035125358203,2.500028100286563,1.2465276196715667,1,4.480099989450537,15.159000002313405
1492,49.73333333333307,TRACKING,1,0,1,0,-10.951865542150898,5.282453440042598,-10.96740071372025,5.314121652528926,-10.98101765861039,5.305393819978792,0.03709591521562368,2.967673217249894,1.1686875940421007,1,4.446500010089949,14.11829999415204
1493,49.7666666666664,TRACKING,1,0,1,0,-10.982466655995697,5.223058087516574,-10.99236915106172,5.250758541954346,-10.997195890432527,5.265588984216219,0.045009193740511814,3.6007354992409453,0.708780749052328,1,4.286000010324642,13.70619999943301
1494,49.799999999999734,TRACKING,1,0,1,0,-11.01263420086191,5.163156637373898,-11.018441803696591,5.1834170358107965,-11.015463695546668,5.201126791733671,0.03807543384225617,3.046034707380494,0.6346059301750271,1,4.241999995429069,13.587499997811392
1495,49.833333333333066,TRACKING,1,0,1,0,-11.042366985786526,5.102754893873403,-11.048045525477807,5.112989985229244,-11.039145297519442,5.107980440481603,0.006138860858883878,0.4911088687107103,0.3610813325797975,1,4.683599996496923,13.192300000810064
1496,49.8666666666664,TRACKING,1,0,1,0,-11.071663836970105,5.041858709750779,-11.080665406486094,5.050514993266258,-11.091992775972848,5.0403254844095935,0.02038667557313134,1.6309340458505073,0.6011943633957614,1,4.500800001551397,17.58499999414198
1497,49.89999999999973,TRACKING,1,0,1,0,-11.100523597823122,4.980473985651433,-11.106643197322867,4.9897940952862605,-11.115372428815666,4.978878268296661,0.014934326088628108,1.1947460870902487,1.3004832254099197,1,4.309800002374686,13.520900000003166
1498,49.93333333333306,TRACKING,1,0,1,0,-11.128945129011639,4.918606669558697,-11.132039523991647,4.932280163723113,-11.129299398999935,4.938398166720662,0.019794667644006055,1.5835734115204845,0.37614221202089065,1,4.835200001252815,13.667099992744625
1499,49.96666666666639,TRACKING,1,0,1,0,-11.15692730850227,4.856262756217569,-11.16282007801333,4.867675110313315,-11.15471882711286,4.874720018757627,0.018588919563009162,1.487113565040733,0.6042746575363592,1,4.473100008908659,14.37170000281185
1500,49.99999999999972,TRACKING,1,0,1,0,-11.18446903160648,4.7934482865537476,-11.194822971234691,4.800266960596344,-11.203022021976468,4.79201871108941,0.018607985857612763,1.4886388686090208,0.43413932456666143,1,4.361799990874715,15.716400012024678
1501,50.033333333333054,TRACKING,1,0,1,0,-11.211569211024202,4.7301693470883714,-11.22366222375785,4.73637899665082,-11.222400802873048,4.7238904198061435,0.012519916525101572,1.001593322008126,0.5459428182734062,1,4.281600005924702,14.052800004719757
1502,50.066666666666386,TRACKING,1,0,1,0,-11.238226776886751,4.666432069348215,-11.248456999403462,4.6749261396683375,-11.248538640687531,4.697653668027925,0.032880431249646735,2.630434499971739,0.391593732231193,1,4.377899997052737,13.738300011027604
1503,50.09999999999972,TRACKING,1,0,1,0,-11.264440676799076,4.6022426292715295,-11.27420964683909,4.606045616225696,-11.263508316267998,4.624038032589401,0.021815336393202777,1.7452269114562222,1.217166496738175,1,4.2058999970322475,13.546599991968833
1504,50.13333333333305,TRACKING,1,0,1,0,-11.290209875881295,4.537607246609686,-11.303051301738858,4.534775106012019,-11.298947336463991,4.525461753137703,0.014961825727902733,1.1969460582322187,1.4220055400811005,1,4.706000006990507,12.938799991388805
1505,50.16666666666638,TRACKING,1,0,1,0,-11.31553335680955,4.472532184324465,-11.334199825149105,4.4682239781821735,-11.342987064862779,4.452550504024921,0.033955465443212075,2.716437235456966,1.313245979338867,1,4.500800001551397,13.443600008031353
1506,50.19999999999971,TRACKING,1,0,1,0,-11.340410119856173,4.40702374798116,-11.362150857724625,4.402650241846464,-11.373885329932078,4.404402832365529,0.033577654597815365,2.6862123678252288,1.2274919381686937,1,4.439900003490038,13.52049999695737
1507,50.23333333333304,TRACKING,1,0,1,0,-11.364839182929156,4.34108828513766,-11.384989837845078,4.3334050044187835,-11.369681476155225,4.349251667421805,0.009491502199563556,0.7593201759650844,2.301068848943978,1,3.905400008079596,13.690299994777888
1508,50.266666666666374,TRACKING,1,0,1,0,-11.388819581610921,4.274732184729355,-11.411308731982208,4.259355871334678,-11.404682941548995,4.267736791023368,0.017337292799818424,1.386983423985474,2.324848259860792,1,4.448799998499453,14.10559999931138
1509,50.299999999999706,TRACKING,1,0,1,0,-11.412350369196385,4.2079618764500335,-11.43686903563517,4.1888550497126325,-11.450268534959246,4.184499978714699,0.0445897739416008,3.5671819153280633,1.655600511279687,1,4.227299999911338,13.84249998955056
1510,50.33333333333304,TRACKING,1,0,1,0,-11.435430616730347,4.1407838301289495,-11.456728893717017,4.121764530065803,-11.463615950268549,4.123764910850271,0.0329250154149374,2.634001233194992,0.9876741392603383,1,4.542399998172186,14.431299990974367
1511,50.36666666666637,TRACKING,1,0,1,0,-11.458059413044154,4.07320455510382,-11.474843341261273,4.057674456919454,-11.459314242158003,4.058356729174576,0.014900756052298538,1.192060484183883,0.9691368650552942,1,4.323500004829839,14.523699996061623
1512,50.3999999999997,TRACKING,1,0,1,0,-11.48023586479168,4.005230599590178,-11.499364889718727,3.9959029712981393,-11.489982414107159,3.9926445904612002,0.015918632144557847,1.2734905715646279,1.2643686295011087,1,4.211499996017665,14.79230000404641
1513,50.43333333333303,TRACKING,1,0,1,0,-11.50195909648457,3.936868550046828,-11.523551880792152,3.9302889078938237,-11.528486000052899,3.9142534326009306,0.03485857355106662,2.78868588408533,0.5752006551648883,1,4.0969999972730875,13.758899993263185
1514,50.46666666666636,TRACKING,1,0,1,0,-11.523228250526842,3.8681250305376143,-11.541789230936692,3.8683954750021154,-11.550599821930167,3.8657693730006075,0.02747275092740046,2.197820074192037,0.12383414660099856,1,3.8591999909840524,12.940400003571995
1515,50.499999999999694,TRACKING,1,0,1,0,-11.544042487248708,3.799006702089631,-11.558509325968323,3.8017759280153167,-11.546369406087269,3.8140121262783384,0.015184772186776089,1.214781774942087,0.3956939710579296,0,4.0499000024283305,14.674799997010268
1516,50.533333333333026,TRACKING,1,0,1,0,-11.564400984939745,3.7295202620477643,-11.576033705575295,3.735859641698982,-11.567011313124384,3.7398434578526394,0.010648107102077444,0.8518485681661955,0.5494790771751513,1,4.11000000895001,14.15160000033211
1517,50.56666666666636,TRACKING,1,0,1,0,-11.584302939881322,3.659672443425694,-11.597355586185099,3.666607553819672,-11.592825941284495,3.658122176994794,0.00866284473630133,0.6930275789041065,0.8343179825332171,1,4.281600005924702,13.742999988608062
1518,50.59999999999969,TRACKING,1,0,1,0,-11.603747566378336,3.589470014253582,-11.6191000061878,3.5970411125780424,-11.625351155509424,3.583677860842655,0.022366584551078896,1.7893267640863117,0.7873154318941465,1,3.9729999989503995,13.535899997805245
1519,50.63333333333302,TRACKING,1,0,1,0,-11.622734096790229,3.5189197769221643,-11.636422865756526,3.5301367867356896,-11.637116499815448,3.533320731087282,0.020352911281820922,1.6282329025456739,0.9338579809308923,1,3.9090000063879415,13.223600006313063
1520,50.66666666666635,TRACKING,1,0,1,0,-11.641261781561289,3.4480285675237154,-11.654966516217998,3.4617413556189582,-11.645886424482255,3.469879308183386,0.022334775340769025,1.786782027261522,1.2017352298507138,1,4.346400004578754,13.743500006967224
1521,50.69999999999968,TRACKING,1,0,1,0,-11.659329889250246,3.37680325518961,-11.674897813827648,3.392663145845166,-11.68479088680504,3.387820066460427,0.027742251658111422,2.2193801326489138,1.4131931018681738,1,4.37670000246726,14.058300002943724
1522,50.733333333333015,TRACKING,1,0,1,0,-11.676937706559146,3.305250741424692,-11.6924922256041,3.3243651112155423,-11.707471343994822,3.307404895212032,0.030609531090704793,2.4487624872563836,1.966762233871307,1,4.252600003383122,14.019800000824034
1523,50.766666666666346,TRACKING,1,0,1,0,-11.69408453836151,3.2333779594386125,-11.707809204455739,3.2582949843806768,-11.729567849082192,3.259496565518682,0.044059583784533514,3.524766702762681,1.6277776605153007,1,4.343100008554757,13.851299998350441
1524,50.79999999999968,TRACKING,1,0,1,0,-11.71076970772978,3.1611918734739914,-11.720262170280611,3.1870058363769718,-11.724370936171038,3.2068126321755126,0.04760511568743125,3.8084092549945,0.777698878126231,1,4.366099994513206,14.15149999957066
1525,50.83333333333301,TRACKING,1,0,1,0,-11.726992555962038,3.088699478131562,-11.737053370622165,3.1097779946987543,-11.734145330141889,3.121810205388237,0.0338745101504636,2.7099608120370884,0.3424778573269437,1,4.367600005934946,14.339399989694357
1526,50.86666666666634,TRACKING,1,0,1,0,-11.742752442608015,3.015907797692507,-11.752898820849081,3.0312720075793753,-11.764233238694938,3.0233931603646518,0.02274764284187493,1.8198114273499943,1.042704349369372,1,4.208099999232218,14.465599990217015
1527,50.89999999999967,TRACKING,1,0,1,0,-11.75804874549437,2.9428238854377264,-11.767520536566312,2.9594792092646784,-11.778219306246436,2.963069774261756,0.02857879520427215,2.286303616341772,1.5617888168160887,1,4.9377000104868785,14.514199996483512
1528,50.933333333333,TRACKING,1,0,1,0,-11.77288086074926,2.8694548229644874,-11.778343860202042,2.888927996253333,-11.77669641450946,2.8933574201533983,0.02420521850494884,1.936417480395907,1.5212167664774665,1,4.277200001524761,13.082199991913512
1529,50.966666666666335,TRACKING,1,0,1,0,-11.787248202826165,2.7958077195002002,-11.789569050264541,2.8159749619944097,-11.787597922738078,2.8177933537619504,0.021988415538829322,1.7590732431063456,1.6971068712945512,0,3.7812999944435433,13.33590000285767
1530,50.999999999999666,TRACKING,1,0,1,0,-11.801150204527024,2.7218897112135183,-11.801212040963275,2.7435328905563403,-11.812942143366978,2.7296839151146126,0.014135042838882617,1.1308034271106093,1.7583045920831726,1,4.264299990609288,14.06719999795314
1531,51.033333333333,TRACKING,1,0,1,0,-11.814586317024617,2.6477079605229457,-11.81560601374394,2.6712224767480075,-11.82139398149141,2.662137788136818,0.015955068801434484,1.2764055041147586,1.3523955015770444,1,4.579799991915934,13.782000009086914
1532,51.06666666666633,TRACKING,1,0,1,0,-11.827556009884223,2.573269655402781,-11.829954559569094,2.595482188180654,-11.829937724917183,2.6149546257170337,0.0417529557827748,3.340236462621984,0.2688357497711004,1,4.5926000020699576,13.541599997552112
1533,51.09999999999966,TRACKING,1,0,1,0,-11.840058771084578,2.498582008686586,-11.844627966397855,2.513582540323333,-11.82483134231339,2.517755431998075,0.02448458185191588,1.9587665481532703,1.1809801608897421,1,4.432500005350448,13.949699990916997
1534,51.13333333333299,TRACKING,1,0,1,0,-11.852094107038083,2.423652257368366,-11.865158023115013,2.432421324681355,-11.859401028503743,2.4280329560102025,0.008519484837472618,0.6815587869978095,1.7285310264243718,1,4.092799994396046,14.541900003678165
1535,51.16666666666632,TRACKING,1,0,1,0,-11.863661542610274,2.348487661901287,-11.884861346157717,2.354075484192255,-11.884037887973244,2.34225752744414,0.021307511016193218,1.7046008812954576,1.3444144956075825,1,4.026700000395067,13.036400006967597
1536,51.199999999999655,TRACKING,1,0,1,0,-11.874760621138606,2.2730955054941218,-11.898147958875311,2.2784153741435085,-11.90126788152541,2.2756799336577265,0.026632951810617447,2.1306361448493956,0.9134040657097242,1,4.099099998711608,13.029499998083338
1537,51.233333333332986,TRACKING,1,0,1,0,-11.885390904450464,2.1974830934056238,-11.906876797667254,2.2036272378454265,-11.901727808857503,2.208561134140291,0.01973872924287864,1.5790983394302913,0.7971589650991354,1,4.1739000007510185,13.567999994847924
1538,51.26666666666632,TRACKING,1,0,1,0,-11.895551972880462,2.1216577522365636,-11.916559756503505,2.1254697098506194,-11.910022748898784,2.1150590605397888,0.015904279005398158,1.2723423204318525,0.7853105465757686,2,4.645399996661581,13.41580000007525
1539,51.29999999999965,TRACKING,1,0,1,0,-11.905243425287017,2.045626829219898,-11.924249204076263,2.0509620591424906,-11.929784504168227,2.0387922983140925,0.025474994903948268,2.0379995923158614,0.9464454429576024,2,4.546500000287779,13.783100002910942
1540,51.33333333333298,TRACKING,1,0,1,0,-11.914464879068184,1.9693976915088078,-11.928930960279322,1.9777387768344066,-11.945652553390156,1.978001463416193,0.032352680269920185,2.588214421593615,0.5080671171969517,2,4.5805999980075285,13.373599998885766
1541,51.36666666666631,TRACKING,1,0,1,0,-11.92321597017676,1.8929777254628029,-11.932563562323434,1.899083293885902,-11.92990894819094,1.9036363549611741,0.01258579904026196,1.0068639232209569,0.25897929475289866,2,4.204099997878075,13.457900000503287
1542,51.39999999999964,TRACKING,1,0,1,0,-11.931496353134644,1.8163743359320883,-11.939019876008167,1.8183329334874094,-11.932918840322538,1.8280980687732657,0.011809715556736475,0.944777244538918,0.8603400283313254,2,4.432100002304651,14.344899987918325
1543,51.433333333332975,TRACKING,1,0,1,0,-11.939305701046505,1.7395949455400188,-11.946231844118378,1.7348907163531622,-11.95250224018092,1.7150233862294448,0.027891041071985468,2.2312832857588374,0.45375331767846927,2,4.537100001471117,13.787199990474619
1544,51.466666666666306,TRACKING,1,0,1,0,-11.946643705612653,1.6626469939638278,-11.95172784765849,1.6573386919816941,-11.9657331770828,1.6547608795728992,0.020654266416321496,1.6523413133057197,0.7428387509593308,2,4.502900002989918,13.513600002625026
1545,51.49999999999964,TRACKING,1,0,1,0,-11.953510077141233,1.5855379372138427,-11.956618955232955,1.5778920068884557,-11.958331371543732,1.5802083358477843,0.0071867607749705855,0.5749408619976468,0.9369831337026562,1,3.8964000123087317,14.345799994771369
1546,51.53333333333297,TRACKING,1,0,1,0,-11.959904544559656,1.5082752469109126,-11.962485058566074,1.4976278336447884,-11.94418347580972,1.503561412993601,0.01641256326233741,1.3130050609869928,1.6798556321900096,1,4.204400000162423,13.890700007323176
1547,51.5666666666663,TRACKING,1,0,1,0,-11.965826855425297,1.430866409562527,-11.971654118806743,1.4134658470890433,-11.967113283238069,1.3979516663187435,0.032939872788486396,2.6351898230789117,1.3552011270929027,1,3.94179999420885,13.06480000494048
1548,51.59999999999963,TRACKING,1,0,1,0,-11.971276775935463,1.3533189258373568,-11.978054008449822,1.3341995195101848,-11.996355493492016,1.3212220522736229,0.04073268180279446,3.258614544223557,0.9579867802335764,1,4.519499998423271,13.919499993789941
1549,51.63333333333296,TRACKING,1,0,1,0,-11.976254090936623,1.2756403098384212,-11.978736029350799,1.259793072286378,-11.987693142240287,1.2651729757717352,0.015505385425441016,1.2404308340352812,0.9929074390063383,1,3.99370001105126,13.950999986263923
1550,51.666666666666295,TRACKING,1,0,1,0,-11.980758603932907,1.1978380883750797,-11.98382275457232,1.181622644079455,-11.982495753741958,1.189019036630398,0.008988512843315971,0.7190810274652778,0.8154298909555767,1,4.478399991057813,13.514000005670823
1551,51.699999999999626,TRACKING,1,0,1,0,-11.98479013709385,1.119919800233665,-11.992152977296584,1.1052725923598923,-11.988798071856934,1.0901935436480883,0.029995230815192647,2.3996184652154118,1.0102321292353336,1,4.4236999965505674,13.175200001569465
1552,51.73333333333296,TRACKING,1,0,1,0,-11.98834853126143,1.0418929954469578,-12.001836153112649,1.0312501738165722,-12.014096134321754,1.0088651928562453,0.04187809459995876,3.350247567996701,1.2489139279760582,1,4.203000004054047,13.209600001573563
1553,51.76666666666629,TRACKING,1,0,1,0,-11.991433645956334,0.9637652345627109,-12.007880155431131,0.9623101255892972,-12.008618705780538,0.9636350459845312,0.017185552950875704,1.3748442360700563,1.598436986439206,1,4.488199992920272,14.21670000127051
1554,51.79999999999962,TRACKING,1,0,1,0,-11.99404535938352,0.8855440879109431,-12.013861016847539,0.8909520953826279,-11.995492363091092,0.9038969681498146,0.01840983521903676,1.4727868175229408,2.4985208241464414,1,5.075499997474253,15.112699999008328
1555,51.83333333333295,TRACKING,1,0,1,0,-11.996183568437015,0.8072371348704981,-12.025404879176309,0.8158621267820109,-12.008548325810319,0.8128574052566998,0.013582145048359556,1.0865716038687645,3.1492169374247303,1,4.364300009910949,14.424299995880574
1556,51.86666666666628,TRACKING,1,0,1,0,-11.997848188703982,0.7288519631345838,-12.03590124601854,0.7412142892092985,-12.034289510262353,0.728886909467289,0.03644133831470468,2.915307065176375,3.515968610493624,1,4.2689000110840425,12.99730000027921
1557,51.899999999999615,TRACKING,1,0,1,0,-11.999039154468067,0.6503961679755071,-12.043161594446756,0.6681344510372055,-12.04944399812546,0.6729075445911515,0.05520335443845446,4.416268355076357,3.132810921883728,1,4.3581999925663695,13.835200006724335
1558,51.933333333332946,TRACKING,1,0,1,0,-11.999756418711979,0.5718773515088013,-12.045672513000502,0.5908976888363299,-12.048411744639688,0.6037827503130192,0.05818328981750571,4.654663185400457,2.521404919085084,1,4.487600002903491,12.809699997887947
1559,51.96666666666628,TRACKING,1,0,1,0,-11.999999953119353,0.4933031219565623,-12.043947992748414,0.5108467565911243,-12.043329444691466,0.5191892518393598,0.05047312710945155,4.037850168756124,1.8901637917871563,1,4.858599990257062,13.322700004209764
1560,51.99999999999961,TRACKING,1,0,1,0,-11.99976974807587,0.41468109291019456,-12.038280580694591,0.43072630623759633,-12.056983549110106,0.409901859553568,0.05741306558843694,4.593045247074955,1.8771545450303528,1,4.710200009867549,13.666200000443496
1561,52.03333333333294,TRACKING,1,0,1,0,-11.999065812669631,0.33601888259276286,-12.025663610990714,0.35596564304293843,-12.044898793490532,0.3407627448860079,0.04607782938015129,3.686226350412104,1.6494099288309005,1,4.232499995850958,13.66549999511335
1562,52.06666666666627,TRACKING,1,0,1,0,-11.997888174690798,0.25732411312076886,-12.011479690194454,0.27631765460592733,-12.003447658467268,0.27863676131716486,0.02202582195978548,1.7620657567828386,1.1761534745213251,1,4.380099999252707,13.131700005033053
1563,52.0999999999996,TRACKING,1,0,1,0,-11.996236880630503,0.17860440976554928,-12.003840081246608,0.1947677012137467,-11.993847499274477,0.20684621922144117,0.02834270531560868,2.2674164252486944,0.5346707182621774,1,4.631200004951097,13.93590000225231
1564,52.133333333332935,TRACKING,1,0,1,0,-11.99411199567901,0.09986740021451128,-11.999532460060388,0.11073659008336294,-11.99202535169611,0.09905473912959702,0.0022393081856465664,0.17914465485172532,0.8531508515217917,1,4.41149999096524,13.654599999426864
1565,52.166666666666266,TRACKING,1,0,1,0,-11.991513603723137,0.021120713831920154,-11.997814822637638,0.030859516348784782,-12.006354661106881,0.02375004460516109,0.015072171860176944,1.2057737488141556,0.5640249133077531,1,4.3295999930705875,13.429500002530403
1566,52.1999999999996,TRACKING,1,0,1,0,-11.988441807342946,-0.05762801908026215,-11.993261136276562,-0.05074602644368564,-12.000120143991342,-0.03131483505842715,0.028788317078985784,2.3030653663188625,0.8779751671014833,1,4.619400002411567,13.430599996354431
1567,52.23333333333293,TRACKING,1,0,1,0,-11.984896727807705,-0.13637116802177152,-11.987850297154694,-0.13987072006653084,-11.973036186424604,-0.13010202860434256,0.01341545940083314,1.0732367520666513,1.6424556797711756,1,4.377100005513057,12.66629999736324
1568,52.26666666666626,TRACKING,1,0,1,0,-11.980878505071079,-0.21510110303345537,-11.98744353557561,-0.22911503143879633,-11.977808651817234,-0.22707401104562258,0.012360199240625425,0.988815939250034,1.830023161572121,1,4.9414000095566735,13.409099992713891
1569,52.29999999999959,TRACKING,1,0,1,0,-11.976387297765621,-0.29381019543650594,-11.985292258457047,-0.315217070069123,-12.005849591103166,-0.33229830057343285,0.048470206990879346,3.877616559270348,1.4437070929209803,1,4.630399998859502,14.31300000695046
1570,52.333333333332924,TRACKING,1,0,1,0,-11.971423283196508,-0.37249081857169775,-11.981124413211791,-0.3962202805181967,-11.996217530006174,-0.3967959588062654,0.03472023209427945,2.7776185675423557,1.5107663060243404,1,4.852199999731965,13.655000002472661
1571,52.366666666666255,TRACKING,1,0,1,0,-11.965986657334536,-0.4511353485384286,-11.974064403928908,-0.4772442678038619,-11.957550573669952,-0.4715372321711304,0.022077236316128217,1.7661789052902572,2.0629663694789566,1,4.654600008507259,14.39459998800885
1572,52.39999999999959,TRACKING,1,0,1,0,-11.960077634808382,-0.5297361649333524,-11.971367874919007,-0.55996389686753,-11.965653792054917,-0.547233263497574,0.018364149525751872,1.4691319620601497,2.34021938411419,1,4.673200004617684,14.952600002288818
1573,52.43333333333292,TRACKING,1,0,1,0,-11.95369644889614,-0.6082856515888846,-11.965121001084409,-0.6427972984531847,-11.967606715364937,-0.6590692364935322,0.05265423068472729,4.212338454778183,1.021668500866123,1,4.877700004726648,14.608299999963492
1574,52.46666666666625,TRACKING,1,0,1,0,-11.946843351516101,-0.6867761973110861,-11.95495426524093,-0.7154418920854433,-11.959579695020473,-0.7174782054276557,0.033238949265150745,2.6591159412120593,0.36570348046037077,1,4.41290000162553,13.90940000419505
1575,52.49999999999958,TRACKING,1,0,1,0,-11.939518613216817,-0.7652001966172053,-11.946805800220107,-0.7868962768992331,-11.943488016771186,-0.7746513474785743,0.010250873971607899,0.8200699177286319,0.28825890335230364,1,4.512500003329478,13.238300001830794
1576,52.53333333333291,TRACKING,1,0,1,0,-11.931722523166414,-0.8435500504726681,-11.938630121136349,-0.8605301186845292,-11.930072457066483,-0.8612729297724034,0.017799527207404377,1.42396217659235,0.4243442956086496,1,4.637600010028109,14.02329999837093
1577,52.566666666666244,TRACKING,1,0,1,0,-11.923455389141179,-0.9218181670273146,-11.930537400594448,-0.9312162872716938,-11.93907555223652,-0.947172731490447,0.0297799166258104,2.382393330064832,1.625533835423797,1,4.085300010046922,12.913099999423139
1578,52.599999999999575,TRACKING,1,0,1,0,-11.914717537513404,-0.999996962351068,-11.919137415983087,-0.9977150642093414,-11.923847960720876,-1.01193790177243,0.01503165533839071,1.2025324270712567,2.373040228492491,1,4.778300004545599,14.39609999943059
1579,52.63333333333291,TRACKING,1,0,1,0,-11.905509313238515,-1.0780788611688357,-11.911318780406466,-1.0641661042435946,-11.911483242958626,-1.0592127993864318,0.019789293152568985,1.5831434522055188,1.929566461063806,1,4.58999999682419,14.561400006641634
1580,52.66666666666624,TRACKING,1,0,1,0,-11.895831079841434,-1.1560562975944433,-11.902625876329655,-1.138101112765858,-11.88408187910921,-1.1331043284088154,0.025784425674117706,2.0627540539294165,1.809563409195959,1,4.354300006525591,13.613799994345754
1581,52.69999999999957,TRACKING,1,0,1,0,-11.885683219402248,-1.233921715863789,-11.89699534417786,-1.2148875690526773,-11.885387614756796,-1.2235259993695833,0.010399918438829816,0.8319934751063853,2.7861264868417046,1,5.215299999690615,14.710500006913207
1582,52.7333333333329,TRACKING,1,0,1,0,-11.875066132541107,-1.311667571067013,-11.88911542686863,-1.2856016954532734,-11.892891704102519,-1.2960860031062675,0.023675647015579913,1.8940517612463932,2.9008389966103296,1,4.812499988474883,14.55530000384897
1583,52.76666666666623,TRACKING,1,0,1,0,-11.863980238402426,-1.3892863298794789,-11.87767049808207,-1.3585716369799021,-11.873850800445352,-1.34785263091805,0.042593184955689145,3.4074547964551316,2.3352105865812125,1,4.910899995593354,14.260700001614168
1584,52.799999999999564,TRACKING,1,0,1,0,-11.85242597463832,-1.4667704712918395,-11.867177570933741,-1.437298478373967,-11.859574503628917,-1.4239775693859025,0.04338587235795241,3.4708697886361928,2.1923011609890284,1,4.638700003852136,15.703899989603087
1585,52.833333333332895,TRACKING,1,0,1,0,-11.84040379739134,-1.5441124873387009,-11.858972439506204,-1.5176795567988453,-11.861883106841704,-1.522805993577495,0.030254378375051398,2.420350270004112,2.0454950318243323,1,4.021400003693998,14.443099993513897
1586,52.86666666666623,TRACKING,1,0,1,0,-11.827914181276457,-1.6213048838261623,-11.84673595505751,-1.597008025476939,-11.857377577664826,-1.6115398621560737,0.031039448689618474,2.483155895169478,1.92905459616536,1,3.821499994955957,13.375000009546056
1587,52.89999999999956,TRACKING,1,0,1,0,-11.81495761936233,-1.6983401810580219,-11.82981143833234,-1.6753177482025787,-11.837064501060178,-1.6829777760911686,0.0269205814344387,2.153646514755096,1.5084128539167563,1,4.448499996215105,13.416400004643947
1588,52.93333333333289,TRACKING,1,0,1,0,-11.801534623151838,-1.7752109145604504,-11.810883369570588,-1.7561912815224217,-11.807075992217715,-1.746395292201558,0.02934360003569034,2.3474880028552274,0.7392164234224283,1,4.456399998161942,13.95159999083262
1589,52.96666666666622,TRACKING,1,0,1,0,-11.787645722561889,-1.8519096358053182,-11.792238477184927,-1.841879384673459,-11.7674934909884,-1.8451362024359927,0.021260099646996235,1.7008079717596989,0.7346938259969455,0,3.809899993939325,13.725199998589233
1590,52.99999999999955,TRACKING,1,0,1,0,-11.773291465902496,-1.928428912931974,-11.774148869385217,-1.92636959369214,-11.775486920659304,-1.949995414336149,0.021677961260355587,1.734236900828447,0.9516157512453952,0,3.956899992772378,13.927300009527244
1591,53.033333333332884,TRACKING,1,0,1,0,-11.758472419855133,-2.004761331467273,-11.756461674830572,-2.010545141488442,-11.774658330126963,-2.0212979227219843,0.023139631407027912,1.851170512562233,1.190076107382311,1,4.869699987466447,14.140700004645623
1592,53.066666666666215,TRACKING,1,0,1,0,-11.743189169450364,-2.080899495044124,-11.737516089100044,-2.0877202045684564,-11.7409027702355,-2.0707453712515536,0.010408354882716747,0.8326683906173397,1.1018985205027734,1,4.653899988625199,14.883600000757724
1593,53.09999999999955,TRACKING,1,0,1,0,-11.727442318044744,-2.156836026118079,-11.723285003890279,-2.17181269587436,-11.706051624309136,-2.163877225770724,0.02251977511075508,1.8015820088604064,0.5558225986180101,1,4.3150999990757555,13.44049999897834
1594,53.13333333333288,TRACKING,1,0,1,0,-11.711232487297005,-2.2325635666822348,-11.71300822518077,-2.2486760192358166,-11.704788745443237,-2.2647912147381324,0.03286553070152391,2.6292424561219128,0.9981893339512125,1,4.007300012744963,13.51149998663459
1595,53.16666666666621,TRACKING,1,0,1,0,-11.694560317143512,-2.3080747789802265,-11.699529646126274,-2.316890516524755,-11.706689512569048,-2.327696230893951,0.02306769942741208,1.8454159541929664,1.905962390159444,1,4.496399997151457,14.123500004643574
1596,53.19999999999954,TRACKING,1,0,1,0,-11.677426465772992,-2.38336234621722,-11.683257949852607,-2.3822490856123792,-11.693347203293458,-2.370177594418783,0.02067141899294652,1.6537135194357218,1.6216016270436304,1,4.707100000814535,14.563199991243891
1597,53.23333333333287,TRACKING,1,0,1,0,-11.659831609600559,-2.4584189732687913,-11.665608146714222,-2.4531899882440165,-11.641530012690946,-2.454427956427349,0.01873170213489999,1.498536170791999,1.6537006541621109,1,4.568400006974116,14.026699995156378
1598,53.266666666666204,TRACKING,1,0,1,0,-11.64177644324101,-2.533237387387961,-11.655007445891865,-2.5276958531808664,-11.641955926682156,-2.5475181526240953,0.014281893083034467,1.1425514466427573,2.0882180139978708,1,4.244199997629039,13.034500007051975
1599,53.299999999999535,TRACKING,1,0,1,0,-11.623261679481395,-2.607810338909795,-11.644449169669823,-2.6024582732044177,-11.646168840666405,-2.6196435987910593,0.025783019081821627,2.0626415265457303,2.1919492135705156,1,4.119999997783452,12.520799995400012
1600,53.33333333333287,TRACKING,1,0,1,0,-11.604288049252887,-2.6821306019539257,-11.631255033129406,-2.677498307732251,-11.630447178131167,-2.6802882955783454,0.026223922598497408,2.0979138078797925,2.6967786142886694,1,4.580799999530427,13.422699994407594
1601,53.3666666666662,TRACKING,1,0,1,0,-11.584856301601917,-2.75619097512461,-11.619820237809844,-2.7555877095854435,-11.613565884251672,-2.744623237362348,0.03095242628388918,2.4761941027111343,2.5067284316923817,1,4.742299992358312,12.960699998075143
1602,53.39999999999953,TRACKING,1,0,1,0,-11.564967203660611,-2.829984282208683,-11.603194191239304,-2.836883741671335,-11.60369264860583,-2.8452947910486386,0.04164218734821042,3.331374987856834,2.2619836793175048,1,4.184200006420724,13.574099997640587
1603,53.43333333333286,TRACKING,1,0,1,0,-11.544621540616502,-2.903503372870828,-11.582550679966678,-2.9174594128225215,-11.585373700400506,-2.9316738472329766,0.049541035040151005,3.9632828032120804,1.3095284426548117,1,4.320799998822622,13.489100005244836
1604,53.46666666666619,TRACKING,1,0,1,0,-11.523820115681527,-2.976741123346344,-11.556692808371983,-2.990355345572862,-11.55715175376407,-2.9931251024075487,0.03714071710594124,2.971257368475299,1.2969376787608495,0,4.023500005132519,15.741499999421649
1605,53.499999999999524,TRACKING,1,0,1,0,-11.502563750060325,-3.049690437131571,-11.532294077505815,-3.064522753167775,-11.519501623531418,-3.0631037173635294,0.021605731746548413,1.728458539723873,1.196016231383182,1,4.7378000017488375,14.235700000426732
1606,53.533333333332855,TRACKING,1,0,1,0,-11.480853282917813,-3.122344245671443,-11.506092751806012,-3.140813833091155,-11.489426268790037,-3.130759261509486,0.012012850549301778,0.9610280439441422,2.0040558550322563,1,4.724999991594814,13.504300004569814
1607,53.56666666666619,TRACKING,1,0,1,0,-11.458689571346063,-3.1946955090443283,-11.484812568791751,-3.2182501823226626,-11.474132422037064,-3.2260242373925356,0.03492808121526723,2.794246497221378,1.879788456456442,1,4.30919999780599,17.153399996459484
1608,53.59999999999952,TRACKING,1,0,1,0,-11.436073490330458,-3.2667372166443314,-11.463375331600263,-3.2901174574959016,-11.464503708100834,-3.293559953589059,0.039086269963723386,3.126901597097871,1.4290538641963348,1,4.265100011252798,16.475099997478537
1609,53.63333333333285,TRACKING,1,0,1,0,-11.413005932715144,-3.3384623878605204,-11.438878222030604,-3.3596397038988957,-11.440447497942111,-3.3569078603466123,0.033064708638381485,2.645176691070519,1.422179899879014,1,4.7805999929551035,18.29100000031758
1610,53.66666666666618,TRACKING,1,0,1,0,-11.389487809167806,-3.4098640727532494,-11.414989894655248,-3.427751970744203,-11.400950443619966,-3.413975040181521,0.012177521988489903,0.9742017590791922,2.0412276123591733,1,4.210899991448969,16.868400009116158
1611,53.69999999999951,TRACKING,1,0,1,0,-11.365520048143688,-3.4809353527277396,-11.392749562866396,-3.5027416813497285,-11.389265789636166,-3.509828218077759,0.037398635097580124,2.9918908078064095,1.5321165852123242,1,4.517000008490868,16.553499997826293
1612,53.733333333332844,TRACKING,1,0,1,0,-11.341103595848956,-3.551669341204391,-11.366568201560831,-3.57321988143189,-11.377080884738936,-3.585081497753485,0.04909926192046267,3.9279409536370133,0.4107177982393774,1,4.16630000108853,17.175899993162602
1613,53.766666666666175,TRACKING,1,0,1,0,-11.316239416203342,-3.6220591842859933,-11.333420862673778,-3.641382303742077,-11.338823543930081,-3.6354773975051122,0.02626958833273612,2.1015670666188897,1.0505451165605062,1,4.510400001890957,16.586300000199117
1614,53.79999999999951,TRACKING,1,0,1,0,-11.290928490802079,-3.6920980614220014,-11.299568285350327,-3.7136687306303817,-11.288002496318278,-3.7022969121402203,0.010610278021416331,0.8488222417133066,1.5871682475706947,1,4.1884999955073,16.228200009209104
1615,53.83333333333284,TRACKING,1,0,1,0,-11.265171818877167,-3.7617791860693472,-11.270942872700488,-3.788385755351573,-11.259853842339664,-3.7835565039868584,0.022417235559581944,1.7933788447665555,1.8352746082126723,1,4.019700005301274,16.082400004961528
1616,53.86666666666617,TRACKING,1,0,1,0,-11.238970417257908,-3.831095806349958,-11.246931728765718,-3.8615063923318838,-11.248007745559557,-3.87782636680044,0.047596413550265976,3.807713084021278,0.6064277874438744,1,4.905699999653734,16.428800008725375
1617,53.8999999999995,TRACKING,1,0,1,0,-11.212325320330777,-3.9000412057051426,-11.220349287047462,-3.9246231989531575,-11.226600782226008,-3.9209608311576964,0.025326261891509612,2.0261009513207693,0.4677933582259739,1,4.244900002959184,16.547400009585544
1618,53.93333333333283,TRACKING,1,0,1,0,-11.185237579998574,-3.9686087035463062,-11.193989820787683,-3.987325547457597,-11.178751253136737,-3.9741429873120966,0.008526472480392424,0.682117798431394,1.3603379737471926,1,4.469699997571297,16.262799996184185
1619,53.966666666666164,TRACKING,1,0,1,0,-11.157708265638902,-4.036791655902325,-11.172533814008993,-4.053036957796179,-11.157722062993995,-4.054565662361101,0.01777401181398323,1.4219209451186585,1.6904553545896532,1,5.150600001798011,16.049400001065806
1620,53.999999999999496,TRACKING,1,0,1,0,-11.129738464061965,-4.10458345606323,-11.150004370766503,-4.1183691640079845,-11.153301293444935,-4.1287527623967915,0.033754441147447224,2.700355291795778,1.3048288368950929,1,4.191500003798865,16.78900000115391
1621,54.03333333333283,TRACKING,1,0,1,0,-11.101329279467631,-4.171977535220519,-11.122474652584872,-4.183175720480917,-11.143480107717723,-4.197400919244205,0.04922439209766429,3.9379513678131435,1.2101856461584524,1,4.05440000758972,16.243599995505065
1622,54.06666666666616,TRACKING,1,0,1,0,-11.072481833401866,-4.238967363103585,-11.09094186248965,-4.243505446393602,-11.085688878498287,-4.23505608101427,0.013774039631171282,1.1019231704937025,1.3905098553902155,1,4.346300003817305,16.819199998280965
1623,54.09999999999949,TRACKING,1,0,1,0,-11.043197264712443,-4.305546448612403,-11.063613737351666,-4.3088164706848735,-11.04434405954804,-4.309925840910146,0.00452705370991785,0.362164296793428,2.085777172210831,2,4.4030999997630715,15.496599997277372
1624,54.13333333333282,TRACKING,1,0,1,0,-11.013476729503992,-4.371708340446642,-11.039558557024453,-4.374767763171253,-11.042447661530865,-4.393810491142355,0.03643926409632405,2.9151411277059243,1.7590737818706936,2,4.825600000913255,15.942199999699369
1625,54.16666666666615,TRACKING,1,0,1,0,-10.983321401092352,-4.437446627730702,-11.009500943524163,-4.438290224787103,-11.022090550175733,-4.449827088766406,0.04069794510913269,3.255835608730615,0.8776891677226715,2,4.603800000040792,16.32650000101421
1626,54.199999999999484,TRACKING,1,0,1,0,-10.952732469958256,-4.502754940634838,-10.973068913660326,-4.503448043769549,-10.972432963956694,-4.495680981712345,0.020932041434594217,1.6745633147675374,0.17351499565896542,2,4.344200002378784,16.07470000453759
1627,54.233333333332816,TRACKING,1,0,1,0,-10.921711143700328,-4.567626950992542,-10.93494829722196,-4.571437293278293,-10.9267456366532,-4.562602226474257,0.007112944241112046,0.5690355392889637,0.3799677399899998,2,4.962300008628517,18.303299992112443
1628,54.26666666666615,TRACKING,1,0,1,0,-10.890258646987412,-4.632056372913531,-10.90007107398789,-4.641011984630099,-10.89489239867059,-4.637798698241473,0.007378750221635103,0.5903000177308083,0.7178691567173271,2,4.64329999522306,19.16219999839086
1629,54.29999999999948,TRACKING,1,0,1,0,-10.858376221510222,-4.696036963392997,-10.864797117221782,-4.7101669013269385,-10.867264239793371,-4.719055827018351,0.02467518898821743,1.9740151190573945,1.10666165707624,2,4.545999996480532,17.384899998432957
1630,54.33333333333281,TRACKING,1,0,1,0,-10.826065125932324,-4.759562522916439,-10.825562431880064,-4.776612754835255,-10.830630025011525,-4.7694274961056315,0.010869958584409464,0.8695966867527573,1.6878287995843801,2,4.114900002605282,16.0364000039408
1631,54.36666666666614,TRACKING,1,0,1,0,-10.793326635840447,-4.822626896060422,-10.787196015382445,-4.845102615608991,-10.785935674531562,-4.823943509656336,0.007507315127953022,0.6005852102362418,1.983460035995064,1,4.337099991971627,15.648900007363409
1632,54.39999999999947,TRACKING,1,0,1,0,-10.760162043694125,-4.8852239720889274,-10.752902166026743,-4.914507849851723,-10.750549709832983,-4.920699631367684,0.03675485496530362,2.9403883972242895,0.9483329632853447,1,4.78189998830203,15.183900002739392
1633,54.433333333332804,TRACKING,1,0,1,0,-10.726572658774664,-4.9473476855456004,-10.722779596893956,-4.975120960613418,-10.735620147555537,-4.99122735087241,0.044802701731400024,3.5842161385120024,0.18026547122862552,1,4.432100002304651,18.021600000793114
1634,54.466666666666136,TRACKING,1,0,1,0,-10.69255980713347,-5.008992016841404,-10.690987263830362,-5.029489533046288,-10.696829959781134,-5.0261109538653095,0.017643474954293747,1.4114779963434998,0.15725541025889958,1,4.413999995449558,16.088599993963726
1635,54.49999999999947,TRACKING,1,0,1,0,-10.658124831539686,-5.070150992837833,-10.659001902392944,-5.088593447134166,-10.661750837842888,-5.059666772811097,0.011093547281184692,0.8874837824947754,1.400147397060825,1,4.566600007819943,16.858399991178885
1636,54.5333333333328,TRACKING,1,0,1,0,-10.623269091427185,-5.130818687425822,-10.628258418006405,-5.154965688994631,-10.609388261647007,-5.143461572107525,0.018775515131711065,1.5020412105368852,1.9744069942076912,1,5.004000006010756,17.55340000090655
1637,54.56666666666613,TRACKING,1,0,1,0,-10.587993962840905,-5.190989222099905,-10.600104558168571,-5.219416747171733,-10.602530943344679,-5.2273829861042,0.039189665226528884,3.1351732181223104,1.0261982489695065,1,4.362399995443411,17.54790000268258
1638,54.59999999999946,TRACKING,1,0,1,0,-10.552300838382521,-5.250656766527752,-10.56472426298454,-5.277099118084378,-10.579318613760147,-5.274807897544844,0.036238616361011895,2.899089308880952,0.9715287669539199,1,4.54929999250453,16.81490000919439
1639,54.63333333333279,TRACKING,1,0,1,0,-10.516191127155471,-5.309815539115247,-10.523115312462807,-5.335962536211682,-10.537173964491684,-5.322027436796128,0.02427776570539976,1.9422212564319807,1.5425661618538054,1,4.356599994935095,16.325999997206964
1640,54.666666666666124,TRACKING,1,0,1,0,-10.479666254709324,-5.368459807566635,-10.48366513243571,-5.398026745113253,-10.474478215711175,-5.382107141089139,0.014600187016636675,1.168014961330934,1.638259381820924,1,4.300899992813356,16.7479999945499
1641,54.699999999999456,TRACKING,1,0,1,0,-10.442727662983504,-5.426583889439903,-10.450057578559537,-5.458352909791681,-10.449155864821606,-5.464406542937755,0.03836502178404072,3.0692017427232576,1.2271672117677743,1,4.664200008846819,15.650899993488565
1642,54.73333333333279,TRACKING,1,0,1,0,-10.405376810250363,-5.484182152697516,-10.418978032183201,-5.50816603992511,-10.427158291269015,-5.516430997343429,0.038915561108149525,3.113244888651962,1.2885528133158923,1,4.612800010363571,16.219099998124875
1643,54.76666666666612,TRACKING,1,0,1,0,-10.367615171057613,-5.541249016252079,-10.381860852411002,-5.554027284319207,-10.394411013037663,-5.5471267167132385,0.02743290925386738,2.1946327403093906,0.9527502544960229,1,4.55080000392627,15.866200003074482
1644,54.79999999999945,TRACKING,1,0,1,0,-10.329444236170112,-5.5977789505070685,-10.341935031909717,-5.605072777797475,-10.33984825475783,-5.6043342717999,0.012296984997382562,0.983758799790605,0.5285672128362541,1,4.124700004467741,17.334100004518405
1645,54.83333333333278,TRACKING,1,0,1,0,-10.290865512511004,-5.653766477892751,-10.30179784470292,-5.660018182708,-10.293256097212007,-5.671954354608762,0.018344311233989805,1.4675448987191844,1.300609477662555,1,3.9290999993681908,16.314399996190332
1646,54.86666666666611,TRACKING,1,0,1,0,-10.25188052310225,-5.709206173396884,-10.267229707794957,-5.713365649228619,-10.2769577702975,-5.733380964467159,0.0348322960796891,2.7865836863751285,0.9885877087834779,1,4.07370000903029,15.834799996810034
1647,54.899999999999444,TRACKING,1,0,1,0,-10.212490807004475,-5.764092665090323,-10.22591433716609,-5.76590577978117,-10.235496582436962,-5.769309955310019,0.023589951684702196,1.8871961347761756,0.7965158949294047,1,4.55080000392627,15.343999999458902
1648,54.933333333332776,TRACKING,1,0,1,0,-10.172697919256223,-5.8184206346476595,-10.183859923832529,-5.819685247559269,-10.18119414477792,-5.80631972558848,0.01478573123569084,1.182858498855267,0.7412637856076049,0,4.028600000310689,15.8433999895351
1649,54.96666666666611,TRACKING,1,0,1,0,-10.132503430812568,-5.872184817862475,-10.142386807737074,-5.873567451403479,-10.139097624492445,-5.863184956404415,0.011157100723396662,0.892568057871733,0.25744338585976106,1,4.086900007678196,16.04149999911897
1650,54.99999999999944,TRACKING,1,0,1,0,-10.09190892848309,-5.9253800051574625,-10.100497853187674,-5.930077510897791,-10.10988313809881,-5.929692245201054,0.018484253447284025,1.478740275782722,0.24723955104487963,0,3.4909999958472326,16.690200005541556
1651,55.03333333333277,TRACKING,1,0,1,0,-10.05091601486923,-5.978001042089142,-10.058998701311882,-5.986254043916565,-10.06681158211993,-5.991796681698967,0.021047297462280515,1.6837837969824412,0.8343148370128642,1,4.299000007449649,15.591100003803149
1652,55.0666666666661,TRACKING,1,0,1,0,-10.009526308301028,-6.030042829847422,-10.016196891980925,-6.035537479644112,-10.016443263747789,-6.02509121746746,0.008506629051149456,0.6805303240919565,0.7151043034578964,1,3.92920000012964,16.16259998991154
1653,55.09999999999943,TRACKING,1,0,1,0,-9.96774144277323,-6.081500325749603,-9.973134560576687,-6.0866624013115525,-9.973243612692485,-6.076241890386072,0.007610848592160896,0.6088678873728717,0.5368323132079099,1,4.077999998116866,15.576999998302199
1654,55.133333333332764,TRACKING,1,0,1,0,-9.925563067880777,-6.132368543728944,-9.929609922560049,-6.138406231490379,-9.92812158873847,-6.140362836345591,0.008393732389099722,0.6714985911279778,0.8904406979628714,1,4.157999996095896,15.485399999306537
1655,55.166666666666096,TRACKING,1,0,1,0,-9.882992848753691,-6.182642554817901,-9.88670586098399,-6.1868725530619955,-9.900742396642311,-6.185831439794712,0.01803373055265452,1.4426984442123618,0.8930040979498448,1,4.488299993681721,15.955599999870174
1656,55.19999999999943,TRACKING,1,0,1,0,-9.840032465991332,-6.232317487625678,-9.841267651214213,-6.236296670583661,-9.845938474699476,-6.2176600324327,0.01580259255928735,1.2642074047429879,0.2827312644476269,1,4.241000002366491,15.562400003545918
1657,55.23333333333276,TRACKING,1,0,1,0,-9.796683615596047,-6.281388528810191,-9.798006029968247,-6.291518924521261,-9.783952609104078,-6.273167011854751,0.015154928813660864,1.2123943050928692,1.3104874676118101,1,3.942399998777546,16.675100006978028
1658,55.26666666666609,TRACKING,1,0,1,0,-9.75294800890623,-6.32985092354458,-9.760736014074734,-6.348085539382761,-9.752963076460976,-6.35350586264412,0.023654943898351377,1.8923955118681102,1.2221686581068067,1,3.872600005706772,15.421299991430715
1659,55.29999999999942,TRACKING,1,0,1,0,-9.708827372528743,-6.377699975977875,-9.722184608307145,-6.395631449700198,-9.73444793217639,-6.412092750873295,0.04288678166598309,3.4309425332786474,1.220117113025676,1,4.421600009663962,15.287799993529916
1660,55.33333333333275,TRACKING,1,0,1,0,-9.664323448270764,-6.424931049689961,-9.675633767036024,-6.434708414663776,-9.67362002781836,-6.442381841769437,0.01977262085526074,1.5818096684208591,1.5419145150696802,1,4.108699999051169,16.769900001236238
1661,55.366666666666084,TRACKING,1,0,1,0,-9.619437993071017,-6.471539568140937,-9.627372594710428,-6.474676670316449,-9.611504201688998,-6.465824092131379,0.009778124140612339,0.7822499312489871,0.8865465278928026,1,4.400999998324551,15.583899992634542
1662,55.399999999999416,TRACKING,1,0,1,0,-9.574172778930421,-6.517521015114513,-9.580061577858629,-6.520673135490979,-9.568952470627515,-6.513232436278331,0.006755999349580824,0.5404799479664659,0.47253336482754593,1,4.347999987658113,15.975000002072193
1663,55.43333333333275,TRACKING,1,0,1,0,-9.528529592842123,-6.562870935155567,-9.53383369313833,-6.568100287881633,-9.530788074167296,-6.583889248380661,0.021139305303729834,1.6911444242983866,1.151483463397509,1,4.032700002426282,15.589000002364628
1664,55.46666666666608,TRACKING,1,0,1,0,-9.482510236720955,-6.607584934001971,-9.489192012626745,-6.609972109801219,-9.492761974608866,-6.610323408323102,0.010611190853524518,0.8488952682819614,1.2356089979151967,1,4.381399994599633,15.915200012386777
1665,55.49999999999941,TRACKING,1,0,1,0,-9.4361165273323,-6.651658679010321,-9.44066357044314,-6.65197436538731,-9.438886836652552,-6.628167125521896,0.02365433784804372,1.8923470278434975,0.2166826678864219,1,4.74479999684263,16.162500003702007
1666,55.53333333333274,TRACKING,1,0,1,0,-9.389350296220366,-6.695087899575715,-9.392196010689467,-6.701806945961451,-9.384683895558178,-6.690396967972075,0.006616655835851189,0.5293324668680951,0.633506035767274,1,3.937400004360825,16.07969999895431
1667,55.56666666666607,TRACKING,1,0,1,0,-9.34221338963588,-6.737868387545656,-9.342794545599242,-6.751004871028411,-9.34788060435781,-6.769846310873336,0.032476220578378096,2.5980976462702476,0.7943329867015859,1,4.800299997441471,17.257100000279024
1668,55.599999999999405,TRACKING,1,0,1,0,-9.294707668463202,-6.779995997627741,-9.292256263305822,-6.79139430458453,-9.309025715863923,-6.809123722904956,0.03245659965545076,2.5965279724360606,2.0364500666455077,1,4.210600003716536,16.605700002401136
1669,55.633333333332736,TRACKING,1,0,1,0,-9.246835008146862,-6.821466647791362,-9.23691600704148,-6.827054193167295,-9.229752817363927,-6.828768067315324,0.018577189480905684,1.486175158472455,1.2685162562104273,1,4.382999992230907,16.82089999667369
1670,55.66666666666607,TRACKING,1,0,1,0,-9.198597298617518,-6.862276319663183,-9.188021098540867,-6.868163558011564,-9.179141880498724,-6.867971299099683,0.020271805172683552,1.6217444138146841,0.21977542058479832,1,4.488300008233637,16.88589999685064
1671,55.6999999999994,TRACKING,1,0,1,0,-9.149996444217347,-6.902421058916588,-9.144190325911357,-6.9115576504887715,-9.134238457582656,-6.920549290076528,0.02401971914422236,1.921577531537789,0.20597639575229526,0,4.088100002263673,21.37380000203848
1672,55.73333333333273,TRACKING,1,0,1,0,-9.101034363624846,-6.94189697565481,-9.099490238335456,-6.9547803835442386,-9.10656223777695,-6.964992046657961,0.023747414538893886,1.899793163111511,0.7981326405673965,1,4.136500007007271,16.967299990938045
1673,55.76666666666606,TRACKING,1,0,1,0,-9.051712989779151,-6.980700244787797,-9.047841543734412,-6.993064347479514,-9.052507886690242,-6.997764023369758,0.01708228323712759,1.366582658970207,1.108630975653159,1,4.535300002316944,17.404800004442222
1674,55.79999999999939,TRACKING,1,0,1,0,-9.002034269803634,-7.0188271064029415,-8.995096474299793,-7.033034859098148,-8.989330850885162,-7.029092743639593,0.016332794007539134,1.3066235206031307,0.8882586248904862,1,4.624799999874085,17.004699999233708
1675,55.833333333332725,TRACKING,1,0,1,0,-8.952000164929098,-7.05627386612936,-8.946131942617386,-7.075301888898078,-8.930498632765465,-7.083595992333212,0.03476800922806681,2.7814407382453448,0.5307447848161446,1,4.485800003749318,17.646199994487688
1676,55.866666666666056,TRACKING,1,0,1,0,-8.901612650416329,-7.093036895495826,-8.902414523872283,-7.113127494404729,-8.90443797981237,-7.12994892437146,0.03701999948557264,2.9615999588458113,0.48745475648256603,1,4.717300005722791,17.796300002373755
1677,55.89999999999939,TRACKING,1,0,1,0,-8.850873715478123,-7.129112632282434,-8.855856245439533,-7.147522809926017,-8.86581110075443,-7.155320971984416,0.030166248504368862,2.4132998803495087,0.38657379985736134,1,4.49809999554418,18.248200009111315
1678,55.93333333333272,TRACKING,1,0,1,0,-8.799785363200757,-7.164497580865734,-8.803416486041593,-7.180053429712101,-8.7956895995768,-7.175190635926756,0.011450620341334289,0.9160496273067431,0.2962718988358326,1,4.662400009692647,18.077799992170185
1679,55.96666666666605,TRACKING,1,0,1,0,-8.748349610464894,-7.1991883125574025,-8.753959743536205,-7.214103563159315,-8.742179980087581,-7.2070527932936,0.009995718895741228,0.7996575116592983,1.1843626516974712,1,4.229800004395656,17.405399994459003
1680,55.99999999999938,TRACKING,1,0,1,0,-8.696568487865985,-7.233181465936549,-8.70893229196922,-7.249966634776253,-8.69385256902238,-7.249239867864769,0.01628645104537218,1.3029160836297742,2.0406668093155718,1,4.483600001549348,16.453200005344115
1681,56.03333333333271,TRACKING,1,0,1,0,-8.644444039634084,-7.266473747175391,-8.665710289878485,-7.284950246200849,-8.66133629052578,-7.293382302312621,0.03177134683581001,2.541707746864801,2.3304373531650526,1,4.590900003677234,16.873700005817227
1682,56.066666666666045,TRACKING,1,0,1,0,-8.59197832355316,-7.299061930358376,-8.619974126594457,-7.31938934496042,-8.61115997427545,-7.308123168465781,0.021214187716502672,1.6971350173202138,2.5832219739023388,1,4.133199996431358,16.58980001229793
1683,56.099999999999376,TRACKING,1,0,1,0,-8.539173410879844,-7.330942857794836,-8.57215097920973,-7.354782176487972,-8.55350158905739,-7.345991826802514,0.020779031692587706,1.6623225354070166,2.7718979453430332,1,4.9552999989828095,17.247600000700913
1684,56.13333333333271,TRACKING,1,0,1,0,-8.486031386261672,-7.362113440324923,-8.523338733170917,-7.387307220360277,-8.518539359666994,-7.399544762100785,0.0495769319826186,3.9661545586094884,2.489234037416218,1,4.735800001071766,20.524199993815273
1685,56.16666666666604,TRACKING,1,0,1,0,-8.432554347654786,-7.3925706576189025,-8.471142324217215,-7.414532000423542,-8.490083706157636,-7.420532538669609,0.06396478626278075,5.11718290102246,1.1692510118314605,1,4.443199999514036,18.70289999351371
1686,56.19999999999937,TRACKING,1,0,1,0,-8.378744406241099,-7.4223115584698816,-8.409599282177323,-7.4403578044843,-8.422303874007147,-7.433114759258877,0.04487913077755345,3.590330462204276,1.004442654246807,0,3.8668000051984563,16.251299995929003
1687,56.2333333333327,TRACKING,1,0,1,0,-8.324603686344963,-7.451333261079729,-8.35017793078877,-7.467132566652611,-8.339234064851718,-7.453173704676483,0.014745684381667597,1.1796547505334076,0.9569317151590956,1,4.465899997740053,17.513699989649467
1688,56.26666666666603,TRACKING,1,0,1,0,-8.270134325349293,-7.479632953338333,-8.290251262890814,-7.499250440223615,-8.274497650867836,-7.508298841880314,0.028996064827524894,2.3196851862019914,0.8540253457540212,1,4.136000003200024,16.238700001849793
1689,56.299999999999365,TRACKING,1,0,1,0,-8.2153384736112,-7.507207893096042,-8.232971472959152,-7.524988600491332,-8.229434618660395,-7.539101679974558,0.03486997199167492,2.789597759333994,0.922453217018518,1,4.575799990561791,18.178500002250075
1690,56.333333333332696,TRACKING,1,0,1,0,-8.160218294377078,-7.534055408429433,-8.172151925592514,-7.545482354962508,-8.18383686789726,-7.542240130637325,0.02499653361465492,1.9997226891723936,1.4969765318814507,1,4.268299991963431,16.51980000315234
1691,56.36666666666603,TRACKING,1,0,1,0,-8.104775963697227,-7.560172897900184,-8.10610086181168,-7.566582900563241,-8.100204338558745,-7.556097837740067,0.006124203761745063,0.48993630093960505,1.4201016218503402,1,4.389599998830818,15.785499999765307
1692,56.39999999999936,TRACKING,1,0,1,0,-8.049013670339928,-7.5855578308071125,-8.042773011513146,-7.591389775454253,-8.036422845607031,-7.594660795487959,0.015536821857614938,1.242945748609195,1.6984041194646011,1,4.8313999868696555,17.70950001082383
1693,56.43333333333269,TRACKING,1,0,1,0,-7.992933615705043,-7.610207747431454,-7.9816209630873685,-7.61291152843786,-7.987556705117048,-7.63409923199451,0.024489062907715558,1.9591250326172445,1.865790888850611,0,3.6536000116029754,16.654599996400066
1694,56.46666666666602,TRACKING,1,0,1,0,-7.936538013737104,-7.634120259275166,-7.920563964283648,-7.63540919480126,-7.933015222333453,-7.640574297806762,0.007352868327460344,0.5882294661968276,2.278593095958547,1,3.9939999987836927,17.42809999268502
1695,56.49999999999935,TRACKING,1,0,1,0,-7.879829090837914,-7.657293049292346,-7.85863709331746,-7.6569982879118745,-7.862353209723877,-7.643401162402986,0.022324671152308916,1.7859736921847134,1.7157795316710722,1,4.5160000008763745,16.869099999894388
1696,56.533333333332685,TRACKING,1,0,1,0,-7.822809085778646,-7.6797238721137955,-7.799913861123674,-7.686344781086951,-7.786428484976256,-7.672504065920824,0.03709007571044964,2.9672060568359706,1.2016360906785903,1,4.721400007838383,16.729199996916577
1697,56.566666666666016,TRACKING,1,0,1,0,-7.765480249611466,-7.7014105542645614,-7.747853873788639,-7.717319162875672,-7.760294053596262,-7.7201912949136355,0.01948365593095669,1.5586924744765354,1.606646025421706,1,4.358899997896515,16.66049999766983
1698,56.59999999999935,TRACKING,1,0,1,0,-7.707844845580662,-7.722350994374518,-7.690436114308877,-7.7448579978530825,-7.710246528841405,-7.748657877428582,0.026416286236053528,2.113302898884282,1.9473483887656486,1,4.562100002658553,16.40409999527037
1699,56.63333333333268,TRACKING,1,0,1,0,-7.6499051490333,-7.742543163382029,-7.6298736881713936,-7.768520864329046,-7.632953129087687,-7.762798997448356,0.026413439646494872,2.1130751717195895,1.699908384397966,1,4.0677999932086095,17.029800001182593
1700,56.66666666666601,TRACKING,1,0,1,0,-7.59166344732939,-7.761985104730533,-7.571343850911522,-7.788604735593301,-7.560493838241584,-7.780848386826431,0.03643306111372042,2.9146448890976333,1.1239930078749285,1,4.692699993029237,17.109199994592927
1701,56.69999999999934,TRACKING,1,0,1,0,-7.533122039751589,-7.780674934558106,-7.518205934206773,-7.808752378553464,-7.514832639778763,-7.8145345924752,0.03848348458272253,3.078678766617802,1.2953203060998055,0,4.342100000940263,18.266099999891594
1702,56.73333333333267,TRACKING,1,0,1,0,-7.474283237414429,-7.798610841880046,-7.46410185639107,-7.829368153757662,-7.484818849553258,-7.840683964765241,0.043372189159098254,3.46977513272786,1.6248090451678738,0,3.6517999978968874,17.057199991540983
1703,56.766666666666005,TRACKING,1,0,1,0,-7.415149363173079,-7.815791088764322,-7.409900600490848,-7.850289055535085,-7.420896279616537,-7.835684700023789,0.020707071679763742,1.6565657343810993,1.7808732944306767,1,4.342899992479943,16.5636000019731
1704,56.799999999999336,TRACKING,1,0,1,0,-7.355722751531642,-7.832214010499989,-7.347004283771839,-7.8671104464760635,-7.340665615923735,-7.850499524613963,0.023687071560817084,1.8949657248653666,1.379968723328285,1,4.825099997106008,15.671899993321858
1705,56.83333333333267,TRACKING,1,0,1,0,-7.2960057485509875,-7.847878015758466,-7.290576522575531,-7.88352944114824,-7.286144390437234,-7.870666446293945,0.024830605109783976,1.9864484087827181,1.217255295865977,1,4.409100001794286,16.536199997062795
1706,56.866666666666,TRACKING,1,0,1,0,-7.236000711756143,-7.8627815867477695,-7.235320423773373,-7.8981130261822585,-7.243506547740352,-7.9033497899242535,0.04125671682029892,3.3005373456239133,0.6435145852079336,1,4.016199993202463,16.858800008776598
1707,56.89999999999933,TRACKING,1,0,1,0,-7.175710010043217,-7.876923279359561,-7.178719387364543,-7.907988251736435,-7.182292895515147,-7.904987082145156,0.028825533957331995,2.3060427165865596,1.0108949603251622,1,3.988899989053607,16.175199998542666
1708,56.93333333333266,TRACKING,1,0,1,0,-7.115136023585878,-7.890301723309066,-7.1239334649626604,-7.918489944628295,-7.122043551755803,-7.904080899027775,0.015413618293748698,1.233089463499896,1.3601117800818046,1,4.335500008892268,17.699799995170906
1709,56.96666666666599,TRACKING,1,0,1,0,-7.054281143741393,-7.9029156222678765,-7.067694834573125,-7.930937952928254,-7.05801703869185,-7.930199736612892,0.02753869653183885,2.2030957225471077,1.6066175589557041,1,4.34260000474751,17.7488000044832
1710,56.999999999999325,TRACKING,1,0,1,0,-6.993147772956215,-7.914763753989549,-7.012105965704857,-7.939818515855892,-7.021622741122567,-7.952591716269126,0.04734742381904043,3.7877939055232344,2.0378810548592834,0,3.826400003163144,17.123700003139675
1711,57.033333333332656,TRACKING,1,0,1,0,-6.93173832467115,-7.925844970428019,-6.9564037056692865,-7.9498412060724375,-6.967496114491359,-7.957213425220132,0.04756678976839944,3.8053431814719554,1.2772394386882109,1,4.2461999983061105,17.856100006611086
1712,57.06666666666599,TRACKING,1,0,1,0,-6.870055223226061,-7.936158197848877,-6.8938534740358675,-7.957019921178058,-6.898082151027998,-7.939403862714959,0.028214234393969775,2.257138751517582,1.30839867986278,1,4.444999998668209,16.399700005422346
1713,57.09999999999932,TRACKING,1,0,1,0,-6.80810090376418,-7.945702436933385,-6.829466786626412,-7.969794723325622,-6.822641894226933,-7.951495792623903,0.015652583614046745,1.2522066891237396,1.1661261994314336,1,4.520300004514866,16.8446000025142
1714,57.13333333333265,TRACKING,1,0,1,0,-6.745877812135955,-7.95447676287531,-6.762494373255689,-7.980973687374854,-6.769553368944471,-7.997476724359381,0.049086950178482705,3.9269560142786166,0.22115638635204904,1,4.640099999960512,16.694299993105233
1715,57.16666666666598,TRACKING,1,0,1,0,-6.683388404802498,-7.962480325470545,-6.693295628359185,-7.983940815467646,-6.702502546400236,-8.00096513101619,0.04297011364779645,3.437609091823716,0.842001708207229,1,5.093399988254532,18.30100000370294
1716,57.199999999999314,TRACKING,1,0,1,0,-6.620635148738615,-7.969712349199486,-6.623963000242578,-7.984757776045925,-6.620385952891923,-7.9834869604493415,0.01377686516064748,1.1021492128517985,1.0871156746217807,0,3.7595999892801046,17.288200004259124
1717,57.233333333332645,TRACKING,1,0,1,0,-6.5576205213354015,-7.9761721333021685,-6.555315827997617,-7.98681621725721,-6.54254943799696,-7.974443492966288,0.015169896189660926,1.213591695172874,1.2842598211605165,0,3.6499999987427145,17.47649999742862
1718,57.26666666666598,TRACKING,1,0,1,0,-6.494347010302452,-7.981859051846184,-6.487117481056889,-7.989451473297539,-6.483742178981608,-7.989754873987829,0.01322143920441511,1.0577151363532087,0.5046169794393719,1,3.992500001913868,15.837300001294352
1719,57.29999999999931,TRACKING,1,0,1,0,-6.430817113569638,-7.9867725537873255,-6.42907727719933,-7.997136539793028,-6.427773665754215,-8.012408426619924,0.025815897243643676,2.065271779491494,0.4481645066841775,1,4.131900001084432,15.09839999198448
1720,57.33333333333264,TRACKING,1,0,1,0,-6.367033339188502,-7.990912163022972,-6.365173889692704,-7.999587632679918,-6.369817987341413,-8.002595594842886,0.012010697083270523,0.9608557666616417,0.25046345510273016,1,4.1437999898334965,15.809200005605817
1721,57.36666666666597,TRACKING,1,0,1,0,-6.302998205233244,-7.994277478438234,-6.300378253499293,-8.004280306956128,-6.289893963175277,-7.995470241749664,0.013158413438971343,1.0526730751177074,0.6082490651885146,1,4.332700002123602,15.800900000613183
1722,57.3999999999993,TRACKING,1,0,1,0,-6.238714239701304,-7.996868173944819,-6.240191607365785,-8.010496873817019,-6.2345625495934005,-8.00408492300623,0.008325743075993285,0.6660594460794628,0.9037067199580808,1,4.332600001362152,15.687000006437302
1723,57.433333333332634,TRACKING,1,0,1,0,-6.174183980413572,-7.998683998512619,-6.1800402320286,-8.013955655020576,-6.192971241367977,-8.023212634862706,0.030896847336964774,2.471747786957182,0.45509421670902694,1,4.103400002350099,15.181099995970726
1724,57.466666666665965,TRACKING,1,0,1,0,-6.109409974914188,-7.999724776194044,-6.1122158485992015,-8.011593064004915,-6.124225193737891,-8.009256173803534,0.01761641987420801,1.4093135899366407,0.9409559089477275,1,4.070800001500174,15.395700000226498
1725,57.4999999999993,TRACKING,1,0,1,0,-6.044394780369981,-7.999990406141067,-6.041597233598594,-8.00930589997003,-6.034843036808522,-7.991248571476807,0.012948184365428477,1.0358547492342782,0.25270485797665254,1,4.30919999780599,17.269000003580004
1726,57.53333333333263,TRACKING,1,0,1,0,-5.9791409634694865,-7.9994808626149965,-5.977030561419984,-8.009607688707451,-5.961306235544481,-8.002990661101489,0.018176804052823663,1.454144324225893,1.227370318469222,1,4.011199998785742,17.245299997739494
1727,57.56666666666596,TRACKING,1,0,1,0,-5.913651100321703,-7.998196194988969,-5.919596296347897,-8.007690178648438,-5.923661107176718,-8.02109587740248,0.024991912529399075,1.999353002351926,1.4230578958390403,1,3.8926999986870214,16.16420000209473
1728,57.59999999999929,TRACKING,1,0,1,0,-5.847927776354272,-7.996136527743167,-5.856135936296222,-8.000520530122863,-5.864430493589391,-8.018323150504072,0.02765114655266571,2.212091724213257,1.971772064693568,1,4.161700009717606,15.592199997627176
1729,57.63333333333262,TRACKING,1,0,1,0,-5.781973586211485,-7.9933020604527565,-5.791513349665915,-7.990789866003517,-5.785952928044318,-7.977749530449073,0.016053546366395045,1.2842837093116037,1.5575679758664769,1,4.5227999944472685,16.003299999283627
1730,57.666666666665954,TRACKING,1,0,1,0,-5.715791133651839,-7.98969306776855,-5.728854149507205,-7.988431241688801,-5.714447833409009,-7.9684439971985945,0.021291487867909256,1.7033190294327405,1.2808613573300929,1,4.150699998717755,15.445500001078472
1731,57.699999999999285,TRACKING,1,0,1,0,-5.64938303144524,-7.985309899390389,-5.664741591747522,-7.989516587107777,-5.6552112860875825,-7.996688733588823,0.012784616532827768,1.0227693226262213,1.7132211905653454,1,4.226599994581193,15.456499997526407
1732,57.73333333333262,TRACKING,1,0,1,0,-5.5827519012698525,-7.980152980033265,-5.602122645728088,-7.986647247303811,-5.606141570503846,-8.00405112899618,0.03343946995287587,2.6751575962300693,1.756333355768044,1,3.9561999874422327,16.976300001260825
1733,57.76666666666595,TRACKING,1,0,1,0,-5.515900373608605,-7.9742228093861645,-5.5333217804881105,-7.97520323810277,-5.5352047927890675,-7.980840080376511,0.02040707904759292,1.6325663238074335,1.8558402803472112,1,4.031999997096136,15.201800008071586
1734,57.79999999999928,TRACKING,1,0,1,0,-5.448831087645342,-7.9675199620636485,-5.4641654332622815,-7.964367744720012,-5.451834460840892,-7.95981020995584,0.008274087751263268,0.6619270201010614,1.200635939405893,1,3.7951999984215945,16.0704000008991
1735,57.83333333333261,TRACKING,1,0,1,0,-5.381546691160631,-7.9600450875501725,-5.397073661191722,-7.961577654724848,-5.385502865331697,-7.967890432682349,0.008786395979852936,0.7029116783882349,1.0568180049090417,1,4.164600002695806,17.348900000797585
1736,57.86666666666594,TRACKING,1,0,1,0,-5.314049840427237,-7.951798910137166,-5.329112871253965,-7.957652020609588,-5.333629327761643,-7.9684213181186605,0.025683862080719533,2.0547089664575626,0.11135586924977756,1,3.9257000025827438,15.277500002412125
1737,57.899999999999274,TRACKING,1,0,1,0,-5.246343200105255,-7.942782228852831,-5.254544425194862,-7.951651500483716,-5.267734664779657,-7.954857658470253,0.024564420639647058,1.9651536511717647,0.6618158860383171,1,4.024999987450428,14.727500005392358
1738,57.933333333332605,TRACKING,1,0,1,0,-5.17842944313691,-7.932995917384732,-5.178734451298412,-7.944249045211625,-5.171172558986561,-7.952056560220255,0.02039535419832067,1.6316283358656536,1.0501118095682278,0,3.7039000017102808,15.038799989270046
1739,57.96666666666594,TRACKING,1,0,1,0,-5.1103112506410415,-7.922440923995142,-5.103775783912674,-7.937392376595036,-5.093324695621888,-7.936789661258504,0.022235766514148603,1.7788613211318882,1.514677634846285,0,3.319300012663007,15.420299998368137
1740,57.99999999999927,TRACKING,1,0,1,0,-5.041991311807252,-7.911118271429147,-5.029230977644627,-7.930754853719146,-5.044789471077185,-7.932820301944905,0.0218816778105979,1.750534224847832,2.0333455647126724,0,3.3382999972673133,14.295500004664063
1741,58.0333333333326,TRACKING,1,0,1,0,-4.9734723237897445,-7.899029056815551,-4.9550542380436955,-7.9243169948602254,-4.968101601135639,-7.922863969921574,0.02443251408674464,1.9546011269395713,1.091218056650468,1,3.6422000121092424,14.588799997000024
1742,58.06666666666593,TRACKING,1,0,1,0,-4.904756991600843,-7.886174451560564,-4.886300515546982,-7.911640451933435,-4.885159280898529,-7.889193581185338,0.019828903360064584,1.5863122688051667,1.1641086024896805,1,3.991600009612739,14.45459999376908
1743,58.09999999999926,TRACKING,1,0,1,0,-4.835848028004202,-7.872555701234313,-4.819995742898782,-7.901719042056564,-4.800739401671133,-7.880575741978849,0.03601300732428636,2.881040585942909,1.8464855994249354,1,3.8859000051161274,14.759400000912137
1744,58.133333333332594,TRACKING,1,0,1,0,-4.766748153407714,-7.858174125450127,-4.757296714065409,-7.8934170564506685,-4.7454055590172635,-7.892588830072508,0.04049540998139253,3.2396327985114026,1.4339139708251059,1,3.698100001201965,15.14949998818338
1745,58.166666666665925,TRACKING,1,0,1,0,-4.697460095756109,-7.843031117736675,-4.693147705491142,-7.878453255124023,-4.7020062802075415,-7.888366992651278,0.045563245575122764,3.6450596460098215,0.48325683492329063,1,3.7813999952049926,14.523200006806292
1746,58.19999999999926,TRACKING,1,0,1,0,-4.627986590423264,-7.827128145402965,-4.623091556277654,-7.857584784786887,-4.6226225025516525,-7.849861523683222,0.023357652423298243,1.8686121938638593,0.9149559955464575,1,3.7358999979915097,15.284200009773485
1747,58.23333333333259,TRACKING,1,0,1,0,-4.558330380104211,-7.810466749396127,-4.553075847712122,-7.840715427607653,-4.541243857721727,-7.829651276666716,0.025690374339878693,2.0552299471902953,0.9571012252810285,1,4.006100003607571,14.725300003192388
1748,58.26666666666592,TRACKING,1,0,1,0,-4.488494214706863,-7.793048544152115,-4.48411448411923,-7.822877661292598,-4.4788022529433364,-7.820079816988719,0.028716264276409446,2.297301142112756,1.0277385804867245,1,3.909799997927621,14.096700004301965
1749,58.29999999999925,TRACKING,1,0,1,0,-4.4184808512434515,-7.774875217439298,-4.416037480589598,-7.804514842949741,-4.414631811591261,-7.8140784312185785,0.03939171330201413,3.1513370641611305,0.4319851817410688,1,3.7943000061204657,14.307499994174577
1750,58.33333333333258,TRACKING,1,0,1,0,-4.348293053721685,-7.75594853019488,-4.344234264734275,-7.7811824651790245,-4.340495740621107,-7.772256624991465,0.018076284117120096,1.4461027293696078,0.4884365929525718,1,3.861499993945472,14.053000006242655
1751,58.366666666665914,TRACKING,1,0,1,0,-4.277933593035627,-7.73627031635429,-4.273868508364463,-7.759670686420427,-4.260837400065778,-7.751162148153074,0.022672592890659305,1.8138074312527446,1.0054597610483713,1,3.6499999987427145,13.579799997387454
1752,58.399999999999245,TRACKING,1,0,1,0,-4.207405246856313,-7.715842482673497,-4.207029220671225,-7.740501106110631,-4.2040635227354155,-7.742947439646153,0.027310177820543995,2.1848142256435197,0.6037111473222407,1,3.8047999987611547,13.954900001408532
1753,58.43333333333258,TRACKING,1,0,1,0,-4.136710799522083,-7.694667008544217,-4.1365014831929185,-7.7177264246528825,-4.144121479299984,-7.725686020400986,0.03189196248807829,2.5513569990462632,0.5664552522613672,1,3.650400001788512,13.58569999865722
1754,58.46666666666591,TRACKING,1,0,1,0,-4.065853041928672,-7.672745945802132,-4.062028851927531,-7.689363220783278,-4.075216786053318,-7.6952315732384395,0.024357404320581512,1.9485923456465208,1.1199212788452388,1,3.8558999949600548,13.889199995901436
1755,58.49999999999924,TRACKING,1,0,1,0,-3.994834771419021,-7.650081418528095,-3.9877709789806324,-7.659570350476559,-3.988478294247528,-7.640471116051671,0.011522270423838878,0.9217816339071102,0.056230528564778635,1,3.7588999985018745,13.748299999861047
1756,58.53333333333257,TRACKING,1,0,1,0,-3.923658791672847,-7.626675622842274,-3.9187940629183142,-7.637679969134949,-3.9043702865443515,-7.624620999400822,0.019397626338760143,1.5518101071008112,1.0287322587236858,1,3.78179999825079,13.738399997237138
1757,58.5666666666659,TRACKING,1,0,1,0,-3.8523279125959577,-7.60253082669138,-3.8536721329685375,-7.617572797226082,-3.8492792914333713,-7.62992141745026,0.02755972701449329,2.2047781611594632,1.409389140732846,1,3.7534000002779067,13.97010000073351
1758,58.599999999999234,TRACKING,1,0,1,0,-3.780844950209322,-7.577649369628896,-3.7894089002706117,-7.5917449962912436,-3.793840996239913,-7.596684310849759,0.02304834483668991,1.8438675869351928,1.7437569913200461,1,3.817799995886162,15.09319999604486
1759,58.633333333332565,TRACKING,1,0,1,0,-3.7092127265378947,-7.552033662588416,-3.7236257583271315,-7.5616577714257875,-3.7256245254550864,-7.550697312806811,0.01646611594873331,1.3172892758986647,1.7135396941400993,1,3.7152000004425645,15.522000001510605
1760,58.6666666666659,TRACKING,1,0,1,0,-3.6374340694992133,-7.525686187649983,-3.655488299804823,-7.533882560558379,-3.645980108728811,-7.530512912302902,0.009814889575992376,0.78519116607939,1.9193118467565882,1,3.6445000005187467,13.761299996986054
1761,58.69999999999923,TRACKING,1,0,1,0,-3.565511812791753,-7.498609497799605,-3.5863798082563307,-7.503351275920666,-3.572633238017037,-7.506991041814432,0.010998407944415997,0.8798726355532798,2.029207158041626,1,3.6299000057624653,13.831099990056828
1762,58.73333333333256,TRACKING,1,0,1,0,-3.493448795783058,-7.470806216681912,-3.5158636439836393,-7.472026569535805,-3.5194668430903895,-7.476336400267364,0.02659928036950138,2.1279424295601106,1.272073915322919,1,4.13509999634698,15.667800005758181
1763,58.76666666666589,TRACKING,1,0,1,0,-3.4212478633976477,-7.442279038345873,-3.4389739816589504,-7.44208080637683,-3.443877835263481,-7.424318722560452,0.028890977307119002,2.3112781845695203,0.7117883777202845,1,3.87879999470897,14.903000002959743
1764,58.79999999999922,TRACKING,1,0,1,0,-3.348911866004705,-7.4130307269837825,-3.3625663239049293,-7.415547555241021,-3.3449912403920674,-7.4015895129570595,0.012094324437510112,0.9675459550008089,0.9553858822087671,1,4.604900008416735,14.547599988873117
1765,58.833333333332554,TRACKING,1,0,1,0,-3.2764436593055475,-7.383064116663446,-3.289532656435286,-7.389698341749445,-3.2749826626965857,-7.384529181813938,0.002069040112366904,0.1655232089893523,1.5741928867985093,1,4.10550000378862,14.310300000943244
1766,58.866666666665886,TRACKING,1,0,1,0,-3.203846104220892,-7.352382111053511,-3.2178096043071918,-7.367237524058806,-3.2131294157905685,-7.372479802066448,0.022138135823758853,1.7710508659007083,1.8490085427346905,1,4.218000001856126,14.223399994079955
1767,58.89999999999922,TRACKING,1,0,1,0,-3.1311220667779045,-7.320987683142136,-3.1458085719709987,-7.342575479737183,-3.1463262567524466,-7.337241259588661,0.0222563730217886,1.7805098417430882,1.8375174573995035,1,4.141700002946891,13.372399989748374
1768,58.93333333333255,TRACKING,1,0,1,0,-3.05827441799706,-7.28888387494896,-3.0710671418983924,-7.3161922217247195,-3.0573823704749965,-7.312582481867716,0.023715389911855907,1.8972311929484726,1.8677888481907472,1,4.180500007350929,13.28409998677671
1769,58.96666666666588,TRACKING,1,0,1,0,-2.985306033778798,-7.256073797230261,-2.998419882777309,-7.286156691117607,-2.9650723296979096,-7.284428443081892,0.03483372966256096,2.7866983730048767,2.1411947197851706,1,3.8714999973308295,13.408700004220009
1770,58.99999999999921,TRACKING,1,0,1,0,-2.9122197947899853,-7.222560629177579,-2.9299560066824744,-7.251594192517501,-2.926141122888546,-7.269687380546606,0.04913994373852967,3.9311954990823734,1.3123062483151924,1,3.8927999994484708,13.3678999991389
1771,59.03333333333254,TRACKING,1,0,1,0,-2.8390185863501927,-7.188347618109691,-2.855603469145104,-7.209674612145797,-2.873320303171005,-7.218490254971831,0.045663840550900434,3.6531072440720345,0.46774277873594167,1,4.120899990084581,13.470000005327165
1772,59.066666666665874,TRACKING,1,0,1,0,-2.76570529831779,-7.153438079157887,-2.7734200843786003,-7.168164988501859,-2.7791967441925687,-7.162342302143792,0.01616490948860551,1.2931927590884407,0.5699508694101219,1,3.8764000055380166,14.261899996199645
1773,59.099999999999206,TRACKING,1,0,1,0,-2.6922828249758552,-7.1178353949447795,-2.691997772366946,-7.131879973959375,-2.6814991882242487,-7.127497282648211,0.014478912099474632,1.1583129679579705,0.2924074733596116,1,3.9752000011503696,13.188800003263168
1774,59.13333333333254,TRACKING,1,0,1,0,-2.6187540649179173,-7.081543015256579,-2.615568856461822,-7.093038179068544,-2.6092003403526296,-7.106104954774423,0.026354554178502437,2.108364334280195,0.7070185776036737,1,4.091599999810569,13.619099991046824
1775,59.16666666666587,TRACKING,1,0,1,0,-2.5451219209335214,-7.04456445670874,-2.542583707008322,-7.051327012786978,-2.552907295042391,-7.069539734937231,0.026160591977353303,2.0928473581882643,1.5023452131800992,1,4.237600005581044,15.040899990708567
1776,59.1999999999992,TRACKING,1,0,1,0,-2.471389299893634,-7.006903302405269,-2.469230799293311,-7.0059221280510195,-2.4744896888156975,-7.005497744327244,0.0034041158879735134,0.27232927103788107,1.7092436990060185,0,3.966699994634837,14.761800004635006
1777,59.23333333333253,TRACKING,1,0,1,0,-2.397559112635883,-6.968563201591499,-2.3958669577704668,-6.9618923873560075,-2.3901476919869813,-6.95622597367212,0.014392232237205992,1.1513785789764794,1.8635730897417182,0,3.9670000114711,14.541699987603351
1778,59.26666666666586,TRACKING,1,0,1,0,-2.3236342738496445,-6.929547869300551,-2.322488643795955,-6.918416911523201,-2.318673969246122,-6.921975721336661,0.009052184628406866,0.7241747702725492,1.4004183760418585,1,5.108299999847077,16.744000007747672
1779,59.299999999999194,TRACKING,1,0,1,0,-2.249617701960952,-6.889861085993276,-2.2537129198277106,-6.88173645370569,-2.258615878752752,-6.89470451667445,0.010218904361027558,0.8175123488822047,1.4115245099149258,1,4.759200004627928,14.941300003556535
1780,59.333333333332526,TRACKING,1,0,1,0,-2.1755123190173693,-6.849506697191977,-2.183136304061289,-6.843624854102066,-2.1863722978046463,-6.840208836643045,0.014296480337743535,1.1437184270194827,1.1109402307087386,1,4.45150000450667,15.26939999894239
1781,59.36666666666586,TRACKING,1,0,1,0,-2.1013210505725057,-6.808488613107836,-2.1104996301727494,-6.809576806920602,-2.1016548230988965,-6.782969407394065,0.025521388370563957,2.0417110696451166,2.282318151768444,1,4.7224000009009615,14.454100004513748
1782,59.39999999999919,TRACKING,1,0,1,0,-2.027046825570604,-6.766810808261945,-2.042325171668529,-6.778523588892302,-2.019555623975519,-6.771947223433359,0.009082998522037486,0.7266398817629989,2.543910653999406,1,4.23890000092797,14.506799998343922
1783,59.43333333333252,TRACKING,1,0,1,0,-1.9526925762308882,-6.724477321100222,-1.972953368062923,-6.742841749574331,-1.9696024028829606,-6.75484367944882,0.034757128143139124,2.78057025145113,1.6315948904614594,1,4.375400007120334,14.007999998284504
1784,59.46666666666585,TRACKING,1,0,1,0,-1.8782612379318084,-6.68149225360215,-1.8977260378283398,-6.698671069387215,-1.9087854598889813,-6.698301486907389,0.03484649839511417,2.7877198716091334,1.7482305435795247,0,3.667600001790561,14.820399999734946
1785,59.49999999999918,TRACKING,1,0,1,0,-1.8037557490951535,-6.637859770883218,-1.8234420854078492,-6.656168710185919,-1.815400698540261,-6.647536285686076,0.015140666640179386,1.211253331214351,1.9096600242870514,0,3.372699997271411,14.672600009362213
1786,59.533333333332514,TRACKING,1,0,1,0,-1.7291790510700487,-6.593584100791376,-1.7491992767877786,-6.613912627975812,-1.7376738709739268,-6.607532550665129,0.01633160185284687,1.3065281482277495,0.9405113956208021,1,4.130999994231388,14.948900003219023
1787,59.566666666665846,TRACKING,1,0,1,0,-1.6545340880168364,-6.54866953349742,-1.6699213178089534,-6.567637433787176,-1.663237114190157,-6.5781999512369875,0.0307861695643819,2.462893565150552,1.325141602808239,1,4.370900001958944,15.024099993752316
1788,59.59999999999918,TRACKING,1,0,1,0,-1.5798238067908454,-6.503120421079194,-1.5929743775480143,-6.513448985127487,-1.59358281113395,-6.516131948010452,0.0189370017055613,1.514960136444904,1.4180651515361777,1,4.632999989553355,14.746100001502782
1789,59.63333333333251,TRACKING,1,0,1,0,-1.505051156826054,-6.456941177099932,-1.5157214895580917,-6.461129187326713,-1.5146587012661448,-6.438139813464573,0.02111388606385186,1.6891108851081489,0.8364739572010512,1,4.201799994916655,15.189099998679012
1790,59.66666666666584,TRACKING,1,0,1,0,-1.4302190900186516,-6.410136276180652,-1.4395894846871382,-6.416273196260322,-1.4156193100890009,-6.3979219649923404,0.019035308555396407,1.5228246844317126,1.4672543651626602,1,4.203499993309379,15.219400011119433
1791,59.69999999999917,TRACKING,1,0,1,0,-1.3553305606105024,-6.362710253566476,-1.3670437238966109,-6.374478114629605,-1.3599680280579998,-6.383886451498755,0.021678041036810942,1.7342432829448755,1.0666106401577773,1,3.872500004945323,15.625500003807247
1792,59.7333333333325,TRACKING,1,0,1,0,-1.280388525072518,-6.314667704687231,-1.291096724483631,-6.327808417982533,-1.3036787295557317,-6.334702700674973,0.030721892667912643,2.4577514134330114,0.1289429372652099,1,3.902399999788031,15.928299995721318
1793,59.766666666665834,TRACKING,1,0,1,0,-1.2053959419879399,-6.266013284712219,-1.2098559335991308,-6.278538628187283,-1.2158900039231666,-6.271706949836833,0.011939143958074227,0.9551315166459381,0.31475105336292075,1,4.107600005227141,15.529199998127297
1794,59.799999999999166,TRACKING,1,0,1,0,-1.1303557719355408,-6.216751708099039,-1.1291711054001545,-6.229087309984262,-1.119929713870681,-6.209640489990418,0.012620305454314841,1.0096244363451872,0.44649735969438903,1,4.144199992879294,15.56420000270009
1795,59.8333333333325,TRACKING,1,0,1,0,-1.0552709773727447,-6.166887748136846,-1.0534092358473772,-6.180812853189399,-1.0600762060804514,-6.18074131875098,0.014663275271717482,1.1730620217373986,0.13824225640334423,1,3.8075999909779057,15.44339999963995
1796,59.86666666666583,TRACKING,1,0,1,0,-0.9801445225186751,-6.116426236483792,-0.9767146029380751,-6.129252494471479,-0.992034557130538,-6.139399916145118,0.02586818277831885,2.069454622265508,0.6187462629405172,1,4.094700008863583,14.89739998942241
1797,59.89999999999916,TRACKING,1,0,1,0,-0.9049793732371328,-6.065372062698936,-0.8970702590548074,-6.075161733908724,-0.9091352282903273,-6.067369834537237,0.004611097867218939,0.3688878293775151,0.9936961368863557,1,3.933799991500564,15.223100010189228
1798,59.93333333333249,TRACKING,1,0,1,0,-0.8297784969195081,-6.013730173768341,-0.8171606461847457,-6.025439303430868,-0.8048179117346754,-6.000950286898862,0.028042045595248182,2.2433636476198546,1.1881100639124884,1,3.890099993441254,14.88950000202749
1799,59.96666666666582,TRACKING,1,0,1,0,-0.7545448623676333,-5.96150557362579,-0.746334147942793,-5.979151771787185,-0.730757429462975,-5.9683772390250684,0.024760083795360217,1.9808067036288175,2.178766211267729,1,4.429799999343231,15.475899999728426
