frame,t,state,locked,false_lock,beacon_in_fov,beacon_occluded,beacon_az,beacon_el,cam_az,cam_el,los_az,los_el,err_deg,err_px,est_err_px,num_detections,proc_ms,render_ms
0,0.0,SEARCH,0,0,0,0,11.184469031606715,2.3641616532907164,0.0,0.0,0.0008002034860555623,-0.0006603601048796853,11.43095934784645,914.4767478277159,nan,0,3.9106000040192157,13.38930000201799
1,0.03333333333333333,SEARCH,0,0,0,0,11.211569211024436,2.439277936084639,0.025111931183976817,0.004224510329277758,0.019598716560825454,0.004396163711202906,11.453770243652544,916.3016194922035,nan,0,3.523399995174259,12.828200007788837
2,0.06666666666666667,SEARCH,0,0,0,0,11.238226776886984,2.514157860651418,0.06821580703198571,0.020043497334961902,0.07993007088752492,0.011733392891257726,11.435458608904284,914.8366887123428,nan,0,3.5539999953471124,16.128099989145994
3,0.1,SEARCH,0,0,0,0,11.264440676799307,2.588794171365955,0.12161501491971753,0.05266021113837907,0.13160356621423958,0.05329071935823852,11.417917493394455,913.4333994715563,nan,0,3.9470000192523003,15.854799974476919
4,0.13333333333333333,SEARCH,0,0,0,0,11.290209875881523,2.6631796362085507,0.17734183098575845,0.10511479983378198,0.16924517875868575,0.10797144837851153,11.410738130279132,912.8590504223306,nan,0,3.6733000015374273,15.291299991076812
5,0.16666666666666666,SEARCH,0,0,0,0,11.315533356809773,2.7373070474656713,0.2274876507416728,0.17833408382570837,0.2207873297668257,0.19436161107931946,11.382440902417349,910.5952721933878,nan,0,4.217099980451167,15.786900010425597
6,0.19999999999999998,SEARCH,0,0,0,0,11.340410119856395,2.811169222428348,0.2645422320264873,0.27123456309312527,0.28212317347122284,0.2773214603515498,11.344870852943822,907.5896682355058,nan,0,3.7462000036612153,18.052900006296113
7,0.2333333333333333,SEARCH,0,0,0,0,11.364839182929375,2.8847590040881617,0.2817264058159635,0.3808819694256717,0.29212245035539847,0.3819409012526541,11.35205506926851,908.1644055414807,nan,0,4.480000003241003,15.768299985211343
8,0.26666666666666666,SEARCH,0,0,0,0,11.388819581611138,2.9580692618307314,0.2733033295706752,0.5027071389073652,0.2694324790402931,0.4931753505976028,11.389313918338232,911.1451134670585,nan,0,3.712600009748712,16.441699990537018
9,0.3,SEARCH,0,0,0,0,11.412350369196599,3.0310928921266496,0.23485443609704076,0.6307747223973759,0.21762391932586594,0.6307684827051385,11.44916842211259,915.9334737690072,nan,0,3.786199988098815,15.524000016739592
10,0.3333333333333333,SEARCH,0,0,0,0,11.435430616730558,3.103822819219792,0.16350774753878097,0.7580983329086238,0.15989876801800554,0.7758943491543622,11.513334418537156,921.0667534829724,nan,0,3.420500026550144,14.260199997806922
11,0.36666666666666664,SEARCH,0,0,0,0,11.458059413044364,3.176251995812935,0.0581081401833269,0.8769932075216363,0.06876572601322514,0.8838820080816947,11.617700755747595,929.4160604598077,nan,0,3.1297999958042055,14.44719999562949
12,0.39999999999999997,SEARCH,0,0,0,0,11.48023586479188,3.248373403750614,-0.08067859394332132,0.9794553920398017,-0.06835677535179212,0.9847542575175867,11.768345831389103,941.4676665111282,nan,0,3.320399991935119,17.363999999361113
13,0.4333333333333333,SEARCH,0,0,0,0,11.501959096484768,3.3201800546991644,-0.2503335073742165,1.057554885015254,-0.2642515480045071,1.0655838375041333,11.980271993284747,958.4217594627797,nan,0,3.514599986374378,15.539500018348917
14,0.4666666666666666,SEARCH,0,0,0,0,11.523228250527035,3.3916649908238674,-0.4465269681250005,1.1038291388955033,-0.4440940679196509,1.1119343527837027,12.18252745761778,974.6021966094224,nan,0,3.7792999937664717,14.488100016023964
15,0.49999999999999994,SEARCH,0,0,0,0,11.544042487248898,3.462821285463139,-0.6632358941979383,1.1116628312050822,-0.6454548295158692,1.1085776898379862,12.414761686917615,993.1809349534092,nan,0,3.4596000041346997,15.751800005091354
16,0.5333333333333333,SEARCH,0,0,0,0,11.564400984939933,3.5336420437997047,-0.8929329569047368,1.0756398940705085,-0.8875139398379613,1.0659031291212082,12.69408998884619,1015.5271991076952,nan,0,3.687399992486462,15.294200013158843
17,0.5666666666666667,SEARCH,0,0,0,0,11.584302939881507,3.604120403528685,-1.1268421942884304,0.9918544160573279,-1.1460641319248934,0.999642115171376,12.994058370557571,1039.5246696446056,nan,0,3.7595999892801046,13.983899989398196
18,0.6,SEARCH,0,0,0,0,11.60374756637852,3.6742495355225286,-1.3552528898693443,0.8581681797793231,-1.3553278338439414,0.8759788732311274,13.257750711492944,1060.6200569194355,nan,0,3.311100008431822,15.20409999648109
19,0.6333333333333333,SEARCH,0,0,0,0,11.622734096790408,3.744022644492735,-1.567881253096484,0.6744042294858851,-1.5666426931856365,0.6812728096421311,13.540313757769285,1083.2251006215429,nan,0,3.3180000027641654,15.851300006033853
20,0.6666666666666666,SEARCH,0,0,0,0,11.641261781561465,3.8134329696482943,-1.7541971264380798,0.44316595785070717,-1.7481343401339873,0.4444795047786564,13.806729372017484,1104.5383497613989,nan,0,3.3247000246774405,15.897099976427853
21,0.7,SEARCH,0,0,0,0,11.659329889250419,3.8824737853507894,-1.904584786223066,0.17295370940555915,-1.9171960172559206,0.17965527625979938,14.072417013480825,1125.793361078466,nan,0,3.0769000004511327,15.574099990772083
22,0.7333333333333333,SEARCH,0,0,0,0,11.676937706559315,3.9511384017660856,-2.012262795120425,-0.12705444836595287,-2.020653730744597,-0.12770695217219571,14.291990435367824,1143.3592348294258,nan,0,3.40330001199618,16.086799994809553
23,0.7666666666666666,SEARCH,0,0,0,0,11.694084538361675,4.019420165512556,-2.0729135790876945,-0.44752819129196525,-2.0767906197349086,-0.4431713022447848,14.475901534204432,1158.0721227363547,nan,0,3.588899999158457,15.663300000596792
24,0.7999999999999999,SEARCH,0,0,0,0,11.710769707729941,4.087312460305772,-2.0843211282706386,-0.779361563246589,-2.0724898102408753,-0.7898042031698703,14.620687736522003,1169.6550189217603,nan,0,3.841899975668639,17.046900000423193
25,0.8333333333333333,SEARCH,0,0,0,0,11.726992555962198,4.1548087075996,-2.0460307784738467,-1.1139364561297176,-2.040208890631398,-1.1234826450555262,14.744361473953449,1179.5489179162757,nan,0,3.4903000050690025,16.71409999835305
26,0.8666666666666666,SEARCH,0,0,0,0,11.74275244260817,4.221902367223644,-1.9590380373785472,-1.4433000267702316,-1.975125638907726,-1.4467821569634742,14.842983638544265,1187.4386910835412,nan,0,3.5547000006772578,16.160599974682555
27,0.8999999999999999,SEARCH,0,0,0,0,11.758048745494522,4.288586938016963,-1.8255092106725428,-1.7602767904999859,-1.8304346108752405,-1.7586792162893234,14.873342188874577,1189.8673751099661,nan,0,3.493800002615899,15.50810001208447
28,0.9333333333333332,SEARCH,0,0,0,0,11.772880860749405,4.354855958458012,-1.6485340687877417,-2.0585313675989907,-1.6355023832240667,-2.0703873058577638,14.868372211607557,1189.4697769286047,nan,0,3.5686000192072242,17.387300002155825
29,0.9666666666666666,SEARCH,0,0,0,0,11.787248202826309,4.420703007290753,-1.4319093318843414,-2.332594232013752,-1.430005046268594,-2.3302207438578253,14.841521315031413,1187.3217052025132,nan,0,3.8819999899715185,17.409899999620393
30,0.9999999999999999,SEARCH,0,0,0,0,11.801150204527165,4.48612170414684,-1.1799509465429887,-2.577860024695573,-1.1881450404427165,-2.566764098406093,14.780561190457211,1182.444895236577,nan,0,3.490200004307553,17.26520000374876
31,1.0333333333333332,SEARCH,0,0,0,0,11.814586317024752,4.551105710163867,-0.897332736892238,-2.7905658383348664,-0.9083074364197273,-2.780894113124488,14.684353811800403,1174.7483049440323,nan,0,3.4608000132720917,15.822799992747605
32,1.0666666666666667,SEARCH,0,0,0,0,11.827556009884354,4.6156487285995755,-0.5889488795228519,-2.96775520561425,-0.5807994651026496,-2.9680387679288565,14.542338245228711,1163.387059618297,nan,0,3.3097999985329807,15.352200018242002
33,1.1,SEARCH,0,0,0,0,11.840058771084706,4.679744505441996,-0.25979767518298413,-3.1072322180508385,-0.24864000352161575,-3.118783984204626,14.385884910807482,1150.8707928645986,nan,0,3.541299985954538,15.746899996884167
34,1.1333333333333335,SEARCH,0,0,0,0,11.852094107038205,4.743386830015439,0.08511579392403812,-3.2075091833902802,0.07108332269329476,-3.213976582890214,14.216604643370392,1137.3283714696315,nan,0,3.7723999994341284,16.98799998848699
35,1.166666666666667,SEARCH,0,0,0,0,11.863661542610394,4.806569535582285,0.44086036626879677,-3.267750432718006,0.43051660151401294,-3.2583475993309223,13.99141492620151,1119.313194096121,nan,0,3.526700020302087,16.32739999331534
36,1.2000000000000004,SEARCH,0,0,0,0,11.874760621138723,4.869286499940527,0.802644917952815,-3.2877142651259024,0.8150866241766598,-3.2870610351708613,13.741993815767653,1099.3595052614123,nan,0,3.628699982073158,16.531300003407523
37,1.2333333333333338,SEARCH,0,0,0,0,11.885390904450574,4.931531646016994,1.165871753735484,-3.2676945301731024,1.1788824743377015,-3.284373717615376,13.495570521776438,1079.645641742115,nan,0,4.049399984069169,17.174100008560345
38,1.2666666666666673,SEARCH,0,0,0,0,11.895551972880568,4.993298942456194,1.526178939098398,-3.2084629671914224,1.5154363406756965,-3.20803473911128,13.229084423888036,1058.326753911043,nan,0,3.824599989457056,16.15530002163723
39,1.3000000000000007,SEARCH,0,0,0,0,11.90524342528712,5.054582404204735,1.8794730580309846,-3.111213122847373,1.8599929846899,-3.102450409631021,12.94002475810274,1035.2019806482194,nan,0,3.3380000095348805,16.858499991940334
40,1.3333333333333341,SEARCH,0,0,0,0,11.914464879068282,5.115376093091262,2.221953712209056,-2.9775064364001165,2.225351894427858,-2.9690344326348272,12.618898683228993,1009.5118946583195,nan,0,4.039499995997176,16.69469999615103
41,1.3666666666666676,SEARCH,0,0,0,0,11.923215970176852,5.17567411840184,2.550130922946734,-2.809220901765928,2.568115854776865,-2.816020387993767,12.30386440321538,984.3091522572304,nan,0,4.012799996417016,22.675499989418313
42,1.400000000000001,SEARCH,0,0,0,0,11.931496353134735,5.23547063745075,2.8608364580189067,-2.608502575798996,2.866945265923006,-2.6229107990748193,11.996676423685061,959.7341138948049,nan,0,3.4306999878026545,22.037899994757026
43,1.4333333333333345,SEARCH,0,0,0,0,11.939305701046589,5.294759856146625,3.151229980747735,-2.377720094459814,3.1378928466811273,-2.3706345856469153,11.671466924995713,933.7173539996569,nan,0,3.634300024714321,18.186299974331632
44,1.466666666666668,SEARCH,0,0,0,0,11.946643705612733,5.353536029553878,3.4188008077785303,-2.1194222759407166,3.407043100561593,-2.1165398271333307,11.345783877654771,907.6627102123816,nan,0,3.8441999931819737,17.276400001719594
45,1.5000000000000013,SEARCH,0,0,0,0,11.953510077141306,5.411793462449371,3.661365963674821,-1.836298826973384,3.669554397899971,-1.83365189818213,11.005471374254322,880.4377099403458,nan,0,4.096199991181493,17.58089999202639
46,1.5333333333333348,SEARCH,0,0,0,0,11.959904544559725,5.469526509874258,3.8770651336872097,-1.5311441212119994,3.8813236678357184,-1.5293111331945626,10.688648059310774,855.0918447448619,nan,0,3.4927000233437866,15.606499975547194
47,1.5666666666666682,SEARCH,0,0,0,0,11.965826855425362,5.526729577680972,4.064353039635442,-1.206823983420093,4.063140360131463,-1.2097545775890248,10.384251182300257,830.7400945840207,nan,0,3.528600005665794,19.025799992959946
48,1.6000000000000016,SEARCH,0,0,0,0,11.971276775935522,5.583397123075273,4.221989696669912,-0.8662453875464243,4.216124958074237,-0.8559795443877386,10.08007696317564,806.4061570540512,nan,0,3.363700001500547,16.95720001589507
49,1.633333333333335,SEARCH,0,0,0,0,11.976254090936678,5.639523655153328,4.349028949700872,-0.5123289585700577,4.360436575097025,-0.5079517325720915,9.787345405024789,782.9876324019831,nan,0,3.867399995215237,15.933600021526217
50,1.6666666666666685,SEARCH,0,0,0,0,11.980758603932955,5.695103735433765,4.444805636539826,-0.14798415558119887,4.450227135548447,-0.15899374296497237,9.538310200602819,763.0648160482255,nan,0,3.5131000040564686,16.987599985441193
51,1.700000000000002,SEARCH,0,0,0,0,11.984790137093894,5.750131978384643,4.5089216794183535,0.22391299435599193,4.502618852078791,0.21915380154142344,9.304547637097706,744.3638109678164,nan,0,3.8013999874237925,16.314700013026595
52,1.7333333333333354,SEARCH,0,0,0,0,11.988348531261467,5.804603051945292,4.541231366756193,0.6005397464633648,4.529569803445939,0.6099169011262683,9.089452366123297,727.1561892898637,nan,0,4.235000000335276,16.661300003761426
53,1.7666666666666688,SEARCH,0,0,0,0,11.991433645956368,5.858511678042969,4.541826052150908,0.9791442093246144,4.552120672694322,0.9688689141826353,8.902358332055428,712.1886665644344,nan,0,3.3218000025954098,18.30520000657998
54,1.8000000000000023,SEARCH,0,0,0,0,11.994045359383549,5.911852633104301,4.5110184669451545,1.3570607732309132,4.528199893415154,1.3373816939466425,8.75583422038807,700.4667376310456,nan,0,3.5493000177666545,16.098399995826185
55,1.8333333333333357,SEARCH,0,0,0,0,11.996183568437036,5.964620748561411,4.449326815857443,1.7317235304830183,4.457040163494395,1.7170619982238284,8.65334840497362,692.2678723978895,nan,0,3.7108999968040735,15.33610001206398
56,1.8666666666666691,SEARCH,0,0,0,0,11.997848188704,6.016810911352752,4.3574588015682,2.1006778194332796,4.346311990494803,2.09597683945871,8.597612808904042,687.8090247123234,nan,0,3.8170000188983977,15.36409999243915
57,1.9000000000000026,SEARCH,0,0,0,0,11.999039154468077,6.068418064418542,4.236295703424053,2.461590020319029,4.2341745037812215,2.4622334574232907,8.56140703758534,684.9125630068272,nan,0,3.305299993371591,15.825200011022389
58,1.933333333333336,SEARCH,0,0,0,0,11.999756418711984,6.119437207190773,4.086876617201494,2.812255726618422,4.101027958224787,2.809142310752363,8.564342566355963,685.147405308477,nan,0,3.471799980616197,16.08410000335425
59,1.9666666666666694,SEARCH,0,0,0,0,11.999999953119353,6.169863396077754,3.9103829468444053,3.1506064109381895,3.91341325531647,3.1455556248728156,8.633615807762881,690.6892646210306,nan,0,3.3675000013317913,14.415799989365041
60,2.0000000000000027,ACQUIRING,0,0,0,0,11.999769748075865,6.2196917449431295,3.708123224987183,3.4747146994654328,3.6947443701474354,3.483873353905046,8.744035040916605,699.5228032733285,798.4062976660022,1,3.905799996573478,15.097800001967698
61,2.033333333333336,ACQUIRING,0,0,0,0,11.99906581266962,6.268917425579327,3.4533968980316696,3.709934099103787,3.4507648618397915,3.719808553076777,8.920280555555939,713.6224444444751,803.4612930487443,1,4.894299985608086,15.215399995213374
62,2.066666666666669,ACQUIRING,0,0,0,0,11.99788817469078,6.317535668175401,3.1807821062502857,3.8562646098532527,3.1989730496101894,3.8602473294175303,9.13559923366647,730.8479386933176,809.3916928128001,1,5.800999992061406,15.53030000650324
63,2.1000000000000023,ACQUIRING,0,0,0,0,11.99623688063048,6.365541761779203,2.9351160724998024,3.9676003303248053,2.9523992079033725,3.9587377781891058,9.358616632070321,748.6893305656256,814.4919630724659,1,5.586199986282736,16.516000003321096
64,2.1333333333333355,ACQUIRING,0,0,0,0,11.994111995678981,6.412931054753867,2.720335917936479,4.069316325178415,2.721268571314566,4.0733247329698585,9.563439910079953,765.0751928063963,818.7236334800316,1,4.872700024861842,16.05159998871386
65,2.1666666666666687,ACQUIRING,0,0,0,0,11.9915136037231,6.459698955228535,2.538288807674711,4.146960982045682,2.536714721246346,4.150719877776007,9.732656692198548,778.6125353758838,823.1267432207457,1,4.660900012822822,15.219199995044619
66,2.200000000000002,ACQUIRING,0,0,0,0,11.988441807342905,6.50584093154329,2.3782430380262887,4.211947009378642,2.3830704883113834,4.2063726783549225,9.876776418644624,790.14211349157,827.0714123484748,1,5.5305999994743615,15.500100009376183
67,2.233333333333335,ACQUIRING,0,0,0,0,11.984896727807657,6.551352512688268,2.238399026501012,4.270374544064732,2.2492056698719196,4.26290097823486,10.00103448654748,800.0827589237985,831.2781635404144,1,4.620099993189797,16.456799989100546
68,2.2666666666666684,ACQUIRING,0,0,0,0,11.980878505071026,6.596229288736875,2.112767363512416,4.3216266452616905,2.1097314127667883,4.318235292456686,10.130587424478158,810.4469939582527,833.6567398381096,1,4.417799995280802,14.80420000734739
69,2.3000000000000016,ACQUIRING,0,0,0,0,11.976387297765562,6.640466911273106,2.0101968027743164,4.369007224009324,1.9915941644697737,4.378147387473241,10.237879836297981,819.0303869038385,836.5478374155488,1,5.8154000143986195,15.319999976782128
70,2.333333333333335,ACQUIRING,0,0,0,0,11.971423283196444,6.68406109381288,1.920603272667276,4.4092749543944425,1.9152910966059047,4.410907595354823,10.309850696384226,824.788055710738,839.9034744889335,1,4.572899983031675,15.456799999810755
71,2.366666666666668,ACQUIRING,0,0,0,0,11.965986657334465,6.727007612219396,1.8382684820125808,4.4455123390320646,1.846042189706331,4.440475829573455,10.375042343090813,830.0033874472649,843.6579376620366,1,4.413999995449558,15.80860000103712
72,2.4000000000000012,ACQUIRING,0,0,0,0,11.960077634808306,6.7693023051124355,1.7596935717568094,4.478136471630829,1.7610401754775906,4.464342234885974,10.456252006439472,836.5001605151577,846.9412962421247,1,4.6728000161238015,14.331799990031868
73,2.4333333333333345,ACQUIRING,0,0,0,0,11.953696448896057,6.810941074271584,1.686349867160068,4.514830022526054,1.6825485950459933,4.524146724604656,10.522637817264137,841.811025381131,850.5349059716232,1,4.32479998562485,12.629700009711087
74,2.4666666666666677,ACQUIRING,0,0,0,0,11.94684335151601,6.851919885033342,1.6163392382032424,4.546172586099242,1.625075853081961,4.554888897650395,10.574272346063674,845.9417876850939,855.0819488940458,1,4.290300013963133,14.909899997292086
75,2.500000000000001,ACQUIRING,0,0,0,0,11.93951861321672,6.892234766682065,1.5435077994234683,4.572428224712804,1.5537072475264806,4.564914346149917,10.6433781321311,851.4702505704879,858.7462768727737,0,4.2501999996602535,15.637999982573092
76,2.533333333333334,ACQUIRING,0,0,0,0,11.931722523166313,6.931881812834713,1.4753019950186674,4.597161015509399,1.484103142315917,4.589437516043098,10.706997525482686,856.559802038615,862.3644947990814,0,4.333500022767112,14.916999993147328
77,2.5666666666666673,ACQUIRING,0,0,0,0,11.923455389141068,6.970857181819374,1.4100985640505486,4.620234686087241,1.398870155118576,4.6222451910438,10.783453650450726,862.6762920360582,865.936335948654,0,4.5415000058710575,17.0771999983117
78,2.6000000000000005,ACQUIRING,0,0,0,0,11.914717537513289,7.009157097047499,1.3474875256675565,4.641927633726649,1.3372978425632593,4.655329914046317,10.836157520567522,866.8926016454017,869.4615455506979,0,4.171200009295717,15.17889997921884
79,2.6333333333333337,SEARCH,0,0,0,0,11.905509313238392,7.0467778473798495,1.2870651249376226,4.662451889745414,1.2897159802382177,4.664715891783314,10.87976503649189,870.3812029193512,nan,0,4.774399974849075,15.703100012615323
80,2.666666666666667,SEARCH,0,0,0,0,11.895831079841305,7.083715787486094,1.3155316130965777,4.732988116118986,1.3371576563117427,4.723504689659426,10.819250477322985,865.5400381858389,nan,0,4.619499988621101,16.759100020863116
81,2.7,SEARCH,0,0,0,0,11.885683219402111,7.1199673381980215,1.4328869901444217,4.833374936345809,1.4197853661643416,4.83501952480608,10.712422899808034,856.9938319846427,nan,0,3.482800006167963,15.790200006449595
82,2.7333333333333334,SEARCH,0,0,0,0,11.875066132540965,7.155528986856364,1.5220725536893809,4.9526258748010745,1.5164133588127269,4.960650728627247,10.588634371585158,847.0907497268126,nan,0,3.8579000101890415,14.794999995501712
83,2.7666666666666666,SEARCH,0,0,0,0,11.863980238402277,7.19039728765115,1.5223692283454513,5.081805273067436,1.5330967343968052,5.091723983856534,10.541896585026462,843.351726802117,nan,0,6.280200002947822,15.04120000754483
84,2.8,SEARCH,0,0,0,0,11.852425974638162,7.2245688619556,1.4441197881510248,5.213648061855771,1.4581391658601626,5.202559501582413,10.589132170134299,847.1305736107439,nan,0,5.821099999593571,15.9198000037577
85,2.833333333333333,SEARCH,0,0,0,0,11.840403797391176,7.258040398653501,1.3038762701091116,5.342254733336936,1.3066955789525458,5.338470883702326,10.707182447027389,856.5745957621912,nan,0,5.354299995815381,15.119299991056323
86,2.8666666666666663,SEARCH,0,0,0,0,11.827914181276286,7.290808654460045,1.1126416011201907,5.46284638965665,1.1035896146360051,5.473113145590006,10.87727697420685,870.182157936548,nan,0,5.518199992366135,13.920600002165884
87,2.8999999999999995,SEARCH,0,0,0,0,11.814957619362152,7.3228704542360905,0.8796037918382874,5.57156777942311,0.873935841898143,5.578384189864248,11.079223341982223,886.3378673585778,nan,0,5.702099995687604,16.55700002447702
88,2.9333333333333327,SEARCH,0,0,0,0,11.801534623151653,7.354222691295827,0.6124931757401385,5.665328662018295,0.6303440525815799,5.6652815400803265,11.298142368383525,903.851389470682,nan,0,5.027999985031784,14.930700010154396
89,2.966666666666666,SEARCH,0,0,0,0,11.787645722561697,7.3848623277078,0.317866730265882,5.741675781318674,0.32449239840842475,5.7276270349764165,11.582327613589623,926.5862090871697,nan,0,5.147400021087378,14.483199978712946
90,2.999999999999999,SEARCH,0,0,0,0,11.773291465902297,7.414786394589278,0.0013341840981305753,5.798689283120858,-0.016881557434808715,5.800817583242465,11.900129211240786,952.0103368992629,nan,0,5.559100012760609,14.941000001272187
91,3.0333333333333323,SEARCH,0,0,0,0,11.758472419854925,7.443991992393926,-0.33226232941340195,5.83489865209252,-0.3331474424157214,5.847511501678185,12.19655774597464,975.7246196779712,nan,0,6.155899987788871,15.420000010635704
92,3.0666666666666655,ACQUIRING,0,0,0,0,11.74318916945015,7.472476291192766,-0.6787056681281177,5.849214236678731,-0.6662888572326257,5.854000728074742,12.514575823540039,1001.1660658832031,903.0939821043653,1,6.044699985068291,14.971099997637793
93,3.0999999999999988,ACQUIRING,0,0,0,0,11.727442318044522,7.500236530948383,-0.9362601179539447,5.774640932376053,-0.9210542975318514,5.768683020881354,12.766469527338888,1021.3175621871112,904.4701486211871,1,6.441100005758926,15.418800001498312
94,3.133333333333332,ACQUIRING,0,0,0,0,11.711232487296778,7.527270021782369,-1.1049256788908828,5.713573079127033,-1.1177048400878242,5.717292582410663,12.955989012074554,1036.4791209659643,904.2765153084158,1,8.203999983379617,16.81190001545474
95,3.166666666666665,ACQUIRING,0,0,0,0,11.694560317143276,7.553574144235961,-1.1847023509389318,5.649828031906701,-1.1844844863904622,5.663410083919951,13.017008689646776,1041.360695171742,905.3184259520801,1,5.91010000789538,13.599300000350922
96,3.1999999999999984,ACQUIRING,0,0,0,0,11.677426465772749,7.579146349523856,-1.175590134098092,5.602740315137611,-1.1761827745164541,5.593926036929839,13.006012847586453,1040.4810278069162,906.0859474031357,1,6.278600019868463,14.423999993596226
97,3.2333333333333316,ACQUIRING,0,0,0,0,11.65983160960031,7.603984159781184,-1.0775890283683636,5.578671789904271,-1.069009943629847,5.569624878831305,12.890384981497862,1031.230798519829,907.0048798461748,1,5.826500011608005,13.70779998251237
98,3.266666666666665,ACQUIRING,0,0,0,0,11.641776443240753,7.628085168303605,-0.890699033749746,5.564677474097312,-0.9026860042765918,5.556414208940158,12.71437606259319,1017.1500850074553,907.4434271762136,1,6.285799987381324,12.769100023433566
99,3.299999999999998,ACQUIRING,0,0,0,0,11.623261679481129,7.651447039780508,-0.6845153169204213,5.556065643081616,-0.7014404904767555,5.565602543150167,12.499961233631394,999.9968986905116,908.9490424831754,1,6.603599991649389,12.851300009060651
100,3.3333333333333313,ACQUIRING,0,0,0,0,11.604288049252613,7.674067510521295,-0.5218248819479266,5.544772693390773,-0.5207743571167782,5.541293729486912,12.311208809837481,984.8967047869985,910.1608538433608,1,6.263399991439655,13.896400021621957
101,3.3666666666666645,ACQUIRING,0,0,0,0,11.584856301601636,7.695944388674732,-0.3919544446216542,5.545193699540588,-0.3838524721749361,5.540358054290939,12.16127222606494,972.901778085195,911.0852045338602,1,6.017999985488132,13.468499993905425
102,3.3999999999999977,SEARCH,0,0,0,0,11.564967203660323,7.717075554441323,-0.28821323308030544,5.554582715945597,-0.29525369196265544,5.539244636881866,12.05851513240539,964.6812105924313,nan,1,6.3621999870520085,12.33730002422817
103,3.433333333333331,SEARCH,0,0,0,0,11.544621540616205,7.737458960278717,-0.2733609104278456,5.605166007317054,-0.2823119782263544,5.60455370273278,12.017721967860163,961.417757428813,nan,1,5.274299997836351,13.089200016111135
104,3.466666666666664,SEARCH,0,0,0,0,11.523820115681222,7.75709263110011,-0.3473974766642746,5.6208193869973595,-0.34964870441272916,5.632227627311071,12.062102350173896,964.9681880139117,nan,1,5.309800006216392,15.620199992554262
105,3.4999999999999973,SEARCH,0,0,0,0,11.502563750060013,7.77597466446562,-0.5103229317895925,5.6036544832072295,-0.48989702994232254,5.599064829502056,12.188439276193458,975.0751420954766,nan,1,6.340200023259968,13.702399999601766
106,3.5333333333333306,SEARCH,0,0,0,0,11.480853282917494,7.794103230766629,-0.7621372758037993,5.555520370660784,-0.7556254902040282,5.533803582649853,12.443486941542167,995.4789553233733,nan,0,5.580299999564886,15.222799993352965
107,3.5666666666666638,SEARCH,0,0,0,0,11.458689571345737,7.811476573403069,-1.1028405087068949,5.478071168973887,-1.1172110864888976,5.468164805976695,12.792356600528477,1023.3885280422783,nan,0,5.385900003602728,14.486600004602224
108,3.599999999999997,SEARCH,0,0,0,0,11.43607349033012,7.828093008953626,-1.5324326304988793,5.372818863665471,-1.544123852687286,5.374123295439587,13.210128327102666,1056.8102661682133,nan,0,5.3217999811749905,16.815100010717288
109,3.63333333333333,SEARCH,0,0,0,0,11.4130059327148,7.843950927338864,-2.050913641179753,5.241174317400391,-2.041320171704653,5.239701226102748,13.704050767216645,1096.3240613773316,nan,0,5.180699983611703,17.0771999983117
110,3.6666666666666634,SEARCH,0,0,0,0,11.389487809167454,7.859048791977229,-2.624292344352771,5.084478849517294,-2.6138418019613385,5.06840378865189,14.278688305740873,1142.29506445927,nan,0,5.539300007512793,19.521099980920553
111,3.6999999999999966,SEARCH,0,0,0,0,11.365520048143328,7.873385139933948,-3.1420872089832725,4.904028289830389,-3.1551152514180583,4.8913846455892465,14.823669466469502,1185.8935573175602,nan,0,4.866500006755814,18.251100002089515
112,3.73333333333333,SEARCH,0,0,0,0,11.341103595848589,7.886958582062775,-3.6119489337654067,4.70109103470097,-3.6250725775814248,4.709816409776171,15.299694821697141,1223.9755857357713,nan,0,5.532899987883866,17.12140001473017
113,3.766666666666663,SEARCH,0,0,0,0,11.316239416202965,7.8997678031405965,-4.0398198154261795,4.476921330650666,-4.0284371178637555,4.479112673955472,15.721322445899975,1257.705795671998,nan,0,5.058699985966086,18.451200012350455
114,3.7999999999999963,SEARCH,0,0,0,0,11.290928490801694,7.911811561994877,-4.430292297720784,4.232768768299231,-4.4098507036281225,4.216407777270079,16.12980088049442,1290.3840704395536,nan,0,5.934599990723655,19.495400018058717
115,3.8333333333333295,SEARCH,0,0,0,0,11.265171818876773,7.923088691623917,-4.78689580555408,3.969884775126502,-4.7875867109031605,3.9587891496493306,16.53501518819751,1322.8012150558009,nan,0,4.830999998375773,17.347199987852946
116,3.8666666666666627,SEARCH,0,0,0,0,11.238970417257507,7.9335980993099415,-5.112326148456338,3.6895267398573295,-5.118614734946766,3.68738349166432,16.89973166963892,1351.9785335711138,nan,0,4.778199974680319,16.645000025164336
117,3.899999999999996,SEARCH,0,0,0,0,11.212325320330368,7.943338766724971,-5.408628924524542,3.392960276450038,-5.415041198022504,3.3894002103446095,17.239712112182435,1379.1769689745947,nan,0,5.068300000857562,14.612500002840534
118,3.933333333333329,SEARCH,0,0,0,0,11.185237579998159,7.9523097500295,-5.677346073365656,3.081460035572737,-5.671907794088529,3.0797982205955794,17.547213988766384,1403.7771191013107,nan,0,4.799100017407909,13.606099993921816
119,3.9666666666666623,SEARCH,0,0,0,0,11.157708265638485,7.96051017996395,-5.919632900431642,2.7563093911484047,-5.921057557412689,2.748332169015425,17.856400579524312,1428.5120463619448,nan,0,5.1315000164322555,14.837800001259893
120,3.9999999999999956,SEARCH,0,0,0,0,11.129738464061539,7.967939261932899,-6.136351434127327,2.4187992650950307,-6.152160424757188,2.4267705707615863,18.148514530599222,1451.8811624479379,nan,0,4.89080001716502,15.200199995888397
121,4.033333333333329,ACQUIRING,0,0,0,0,11.101329279467198,7.9745962760820746,-6.328144808170131,2.070226301625309,-6.336373791781562,2.082364437332273,18.40630012910295,1472.504010328236,1660.5350868271782,1,5.220700026256964,15.234099992085248
122,4.066666666666662,ACQUIRING,0,0,0,0,11.072481833401422,7.980480577368107,-6.608827071101823,1.8105422270444764,-6.592088231421423,1.8122475784704386,18.710535371916155,1496.842829753292,1657.691351667558,1,6.238400004804134,15.53319999948144
123,4.099999999999995,ACQUIRING,0,0,0,0,11.043197264711992,7.985591595621028,-6.968805182849129,1.6397470413525328,-6.962005547012099,1.6300083598947996,19.09399818156379,1527.5198545251033,1652.742514364425,1,6.231099978322163,14.872700005071238
124,4.133333333333328,ACQUIRING,0,0,0,0,11.013476729503532,7.989928835599524,-7.242031736656962,1.557840744549478,-7.244306292755424,1.5620331319608811,19.356251808259355,1548.5001446607484,1646.186413764077,1,6.058600003598258,15.74350000009872
125,4.166666666666662,ACQUIRING,0,0,0,0,10.983321401091885,7.993491877038917,-7.448718936784999,1.564823336635312,-7.45802600602516,1.5705621238226706,19.527860118423963,1562.228809473917,1640.1631313906732,1,5.911500018555671,14.979599975049496
126,4.199999999999995,ACQUIRING,0,0,0,0,10.95273246995778,7.996280374691892,-7.6131583383894545,1.660694817610035,-7.599045312516652,1.6538649741628952,19.60598612677208,1568.4788901417664,1634.5111146647434,1,5.183300003409386,15.081799996551126
127,4.233333333333328,ACQUIRING,0,0,0,0,10.921711143699842,7.99829405836195,-7.744795078949379,1.7749687548715898,-7.726579201747981,1.7720565411529048,19.660233122443486,1572.818649795479,1628.9215311473142,1,5.054599983850494,16.71710002119653
128,4.266666666666661,ACQUIRING,0,0,0,0,10.890258646986917,7.999532732929587,-7.847875980980446,1.862581765725556,-7.857048406522757,1.861892070906959,19.72643289230689,1578.114631384551,1621.9569644674132,1,5.25670000934042,16.064299998106435
129,4.2999999999999945,ACQUIRING,0,0,0,0,10.85837622150972,7.999996278371198,-7.920639357306563,1.93909188655705,-7.932826810605481,1.9488381570044147,19.741474767705647,1579.3179814164519,1615.5465529945673,1,5.200300016440451,15.040199999930337
130,4.333333333333328,ACQUIRING,0,0,0,0,10.826065125931812,7.999684649770717,-7.97221566204416,1.9984733427604546,-7.966476459373722,2.00481431128158,19.725569436919553,1578.0455549535643,1609.894869889131,1,5.333299981430173,16.05170001857914
131,4.366666666666661,ACQUIRING,0,0,0,0,10.79332663583993,7.998597877323954,-8.011492232812529,2.0463354890353043,-7.998867334254956,2.0366701028124603,19.715251380547045,1577.2201104437636,1604.1647359549281,1,5.50420000217855,16.596199973719195
132,4.399999999999994,ACQUIRING,0,0,0,0,10.760162043693597,7.996736066335685,-8.039861434159114,2.0882216435930316,-8.036695542016467,2.0832318289411984,19.70511069400902,1576.4088555207213,1598.3506127925284,1,5.205800000112504,16.61589997820556
133,4.433333333333327,ACQUIRING,0,0,0,0,10.726572658774128,7.9940993972094345,-8.05551482480046,2.114895564787879,-8.0687691267512,2.106962790496374,19.695767318406645,1575.6613854725317,1591.817501562163,1,5.073699983768165,16.159000020707026
134,4.466666666666661,ACQUIRING,0,0,0,0,10.692559807132923,7.990688125430007,-8.057288884905885,2.1338021350747955,-8.05318188047694,2.129497302452168,19.64068199635527,1571.2545597084215,1586.3192817761244,1,5.15149999409914,16.8190999829676
135,4.499999999999994,ACQUIRING,0,0,0,0,10.65812483153913,7.986502581538723,-8.055549031793623,2.1457259747399875,-8.047522218631228,2.1442170103344305,19.59677351660341,1567.741881328273,1580.847542495156,1,4.7836999874562025,15.749999991385266
136,4.533333333333327,ACQUIRING,0,0,0,0,10.623269091426621,7.981543171101392,-8.049387398797343,2.1519291318308515,-8.041999025588217,2.1432263007536814,19.557049311147054,1564.5639448917643,1574.6308431541609,1,4.92340000346303,16.21739999973215
137,4.56666666666666,ACQUIRING,0,0,0,0,10.587993962840333,7.975810374669017,-8.035208620100567,2.156292009257059,-8.041737827817476,2.163590348328597,19.51534801704645,1561.2278413637162,1568.220312322156,1,4.7882999933790416,16.093600017484277
138,4.599999999999993,ACQUIRING,0,0,0,0,10.55230083838194,7.96930474773123,-8.012552757017982,2.153193411071387,-8.017994068851934,2.1603900049788507,19.457629440150264,1556.610355212021,1561.7640320018575,1,4.8371000157203525,17.02050000312738
139,4.633333333333327,ACQUIRING,0,0,0,0,10.516191127154881,7.962026920662465,-7.98442358991246,2.1478487656814425,-7.970772826751496,2.1419577407645556,19.381461283706944,1550.5169026965555,1555.336788090576,1,4.945100023178384,16.26340000075288
140,4.66666666666666,ACQUIRING,0,0,0,0,10.479666254708725,7.953977598660878,-7.953540741274201,2.144291124968015,-7.94760750116461,2.144988540185385,19.321200065093944,1545.6960052075153,1548.48060249015,1,4.969399975379929,17.123400000855327
141,4.699999999999993,ACQUIRING,0,0,0,0,10.442727662982898,7.945157561680017,-7.916529400768641,2.138031524454177,-7.917417614814606,2.1371794688574623,19.256883033049164,1540.5506426439329,1541.6844820920453,1,4.775299981702119,16.77760001621209
142,4.733333333333326,ACQUIRING,0,0,0,0,10.405376810249749,7.935567664353244,-7.876971522695202,2.1328364723488873,-7.883195280824884,2.1462642192101917,19.18301080410422,1534.6408643283376,1535.42515213317,1,4.7645000158809125,16.566099977353588
143,4.7666666666666595,ACQUIRING,0,0,0,0,10.367615171056988,7.925208835910925,-7.8370743156984135,2.1218423578957606,-7.83641573070602,2.1354794299203634,19.102557621086618,1528.2046096869292,1529.5613164813676,1,4.898999992292374,16.499499994097278
144,4.799999999999993,ACQUIRING,0,0,0,0,10.329444236169476,7.914082080090391,-7.798265285803294,2.1045497318767534,-7.7866327313669155,2.103307968308954,19.025176489900215,1522.014119192017,1523.2716031974303,1,5.806300003314391,15.320599981350824
145,4.833333333333326,ACQUIRING,0,0,0,0,10.290865512510361,7.90218847503868,-7.758288050481193,2.0870770804915257,-7.7647884721183535,2.0911869222575956,18.967719416394345,1517.4175533115476,1516.425367934607,1,6.273799983318895,16.58940000925213
146,4.866666666666659,ACQUIRING,0,0,0,0,10.251880523101597,7.889529173208066,-7.714355114099979,2.0697575703528575,-7.72386469335772,2.08477689319051,18.889747619262387,1511.1798095409908,1509.6754254087436,1,6.014299986418337,15.373500005807728
147,4.899999999999992,ACQUIRING,0,0,0,0,10.21249080700381,7.87610540124439,-7.668497285452587,2.051112458215512,-7.680670989118703,2.0518924959744727,18.817191475566457,1505.3753180453164,1503.0474755006703,1,6.241900002351031,15.354900009697303
148,4.933333333333326,ACQUIRING,0,0,0,0,10.172697919255551,7.861918459868205,-7.62362296168153,2.0361147439818055,-7.620103280043693,2.0290218983622528,18.72448815895945,1497.9590527167559,1496.2559041990999,1,6.3427000131923705,16.110600001411512
149,4.966666666666659,ACQUIRING,0,0,0,0,10.132503430811887,7.846969723748735,-7.579292508152402,2.026400033713208,-7.574223277180556,2.0179354509499703,18.641507751922738,1491.3206201538192,1489.4959474892305,1,6.054700003005564,17.154800007119775
150,4.999999999999992,ACQUIRING,0,0,0,0,10.0919089284824,7.831260641370682,-7.5341666496756385,2.0150588265374223,-7.546204137314591,2.0198853996032935,18.570813518057456,1485.6650814445966,1481.9364516669195,1,6.017800013069063,17.1021000132896
151,5.033333333333325,ACQUIRING,0,0,0,0,10.050916014868532,7.814792734893862,-7.482426455642103,1.9998444795163823,-7.498151540898196,2.006496490181665,18.485293542251423,1478.8234833801139,1474.1959804094545,1,6.323099980363622,15.795900020748377
152,5.066666666666658,ACQUIRING,0,0,0,0,10.009526308300321,7.797567600005722,-7.426271739899018,1.9828284989387024,-7.4111510089665975,1.9783761706647809,18.366899223430533,1469.351937874443,1467.6969922754047,1,6.245700002182275,16.260100004728884
153,5.099999999999992,ACQUIRING,0,0,0,0,9.967741442772516,7.779586905766719,-7.376379056809447,1.9663857392266,-7.378353910408108,1.9553737633302526,18.29777261663736,1463.821809330989,1460.5171301065618,1,6.478700001025572,15.173899999354035
154,5.133333333333325,ACQUIRING,0,0,0,0,9.925563067880052,7.760852394448591,-7.325470255056003,1.9509807122492018,-7.3296034100372145,1.957016909280996,18.205089302706824,1456.407144216546,1453.9359843810525,1,6.579200009582564,16.16699999431148
155,5.166666666666658,ACQUIRING,0,0,0,0,9.882992848752957,7.741365881365541,-7.27677681072959,1.9303431815278354,-7.287085532622639,1.951259805459868,18.120069536092334,1449.6055628873864,1447.0261711575356,1,6.702599988784641,16.03550001163967
156,5.199999999999991,ACQUIRING,0,0,0,0,9.840032465990587,7.7211292546983366,-7.226563114468074,1.9049856670752217,-7.224962227809799,1.907887325731416,18.027973419775567,1442.2378735820455,1440.0205272888745,1,7.24209999316372,17.624800006160513
157,5.2333333333333245,ACQUIRING,0,0,0,0,9.796683615595295,7.700144475311352,-7.17817665338692,1.8851029523233889,-7.175675726953706,1.8761247341993286,17.94380638542093,1435.5045108336744,1432.7505257343523,1,7.048800005577505,17.485199990915135
158,5.266666666666658,ACQUIRING,0,0,0,0,9.75294800890547,7.678413576562566,-7.129840272215343,1.8697484729023448,-7.127883973302099,1.8607882244163825,17.855174408262044,1428.4139526609636,1425.2953526181768,1,6.9531000044662505,16.02790001197718
159,5.299999999999991,ACQUIRING,0,0,0,0,9.708827372527969,7.655938664106533,-7.079687493744429,1.854261187726059,-7.081044919001165,1.8552994072535858,17.76364904387613,1421.0919235100903,1418.1439451195586,1,6.062400003429502,15.067500004079193
160,5.333333333333324,ACQUIRING,0,0,0,0,9.664323448269982,7.632721915690362,-7.029837324312603,1.8360740209029112,-7.03127034177856,1.8364423646653383,17.673135223721292,1413.8508178977036,1410.971707908751,1,6.038399995304644,15.575800003716722
161,5.366666666666657,ACQUIRING,0,0,0,0,9.619437993070227,7.608765580942686,-6.980097342989321,1.8163646968102287,-6.970701370587729,1.8051822452626634,17.575958114418,1406.0766491534403,1404.3281752604294,1,6.0566999891307205,16.129499999806285
162,5.399999999999991,ACQUIRING,0,0,0,0,9.574172778929622,7.584071981155691,-6.935229961060284,1.7985035664448754,-6.9341298792391575,1.7880170840824399,17.496236996096883,1399.6989596877506,1397.37740251882,1,6.408499990357086,15.970900014508516
163,5.433333333333324,SEARCH,0,0,0,0,9.528529592841315,7.558643509060185,-6.891088699939798,1.7812934799305058,-6.917865777693701,1.782111162193102,17.431358140958416,1394.5086512766734,nan,1,6.202599994139746,15.588800015393645
164,5.466666666666657,SEARCH,0,0,0,0,9.482510236720138,7.53248262859375,-6.935836327708199,1.6751945045272472,-6.943192539557615,1.6738651845525923,17.43924052389444,1395.139241911555,nan,1,4.934500000672415,14.763300016056746
165,5.49999999999999,SEARCH,0,0,0,0,9.436116527331475,7.5055918746620005,-6.991048840443714,1.4802066402350997,-6.985413076221169,1.4826372710121831,17.49121541454402,1399.2972331635217,nan,1,5.882700002985075,15.21909999428317
166,5.5333333333333234,SEARCH,0,0,0,0,9.389350296219531,7.477973852892948,-7.040098839030378,1.1963298870540635,-7.0334736299577045,1.2023779875670042,17.581019571546914,1406.4815657237532,nan,1,5.451000004541129,16.51839999249205
167,5.566666666666657,SEARCH,0,0,0,0,9.342213389635035,7.449631239384535,-7.079712295061247,0.8235642449841383,-7.082059657520781,0.8294799747411781,17.708279077716387,1416.6623262173111,nan,1,4.5261999766808,15.849100018385798
168,5.59999999999999,SEARCH,0,0,0,0,9.294707668462348,7.420566780445325,-7.107296371427849,0.39269661220052815,-7.114605283569549,0.40061961708426497,17.84783487524755,1427.826790019804,nan,1,4.619800020009279,16.641900001559407
169,5.633333333333323,SEARCH,0,0,0,0,9.246835008145997,7.39078329232839,-7.120816407030974,-0.032191015335356066,-7.109311132946972,-0.03735478350851312,17.963873520554756,1437.1098816443805,nan,1,5.508300004294142,15.79989999299869
170,5.666666666666656,ACQUIRING,0,0,0,0,9.198597298616647,7.360283660958434,-7.11869700040958,-0.45169734775021536,-7.110694057081811,-0.47092431673986196,18.09200936643097,1447.3607493144775,1337.366498044342,2,5.041800002800301,15.27830000850372
171,5.6999999999999895,ACQUIRING,0,0,0,0,9.14999644421646,7.329070841652146,-7.027688704899297,-0.7823147912761859,-7.027990360801655,-0.7921896689988247,18.10199241368748,1448.1593930949984,1332.859643475857,1,5.168699979549274,18.097400024998933
172,5.733333333333323,ACQUIRING,0,0,0,0,9.101034363623969,7.297147858831848,-6.94574245131292,-1.0240433459132674,-6.960345192791481,-1.0171761748942434,18.085792694627333,1446.8634155701866,1328.3070693297113,1,5.653400003211573,15.649000008124858
173,5.766666666666656,ACQUIRING,0,0,0,0,9.051712989778263,7.264517805732432,-6.876760084866463,-1.1768830116614601,-6.878982027537434,-1.1776910196452135,18.029363094297352,1442.3490475437882,1323.709118692269,1,4.882900015218183,11.995399981969967
174,5.799999999999989,ACQUIRING,0,0,0,0,9.002034269802737,7.231183844101638,-6.818424188979389,-1.2408337885207639,-6.8065862260956,-1.2527910283828987,17.941301837388668,1435.3041469910934,1319.066143025527,1,4.82410000404343,14.022099989233539
175,5.833333333333322,SEARCH,0,0,0,0,8.952000164928192,7.197149203893692,-6.769108631551875,-1.2158956764911788,-6.7686405661073135,-1.2200619506001513,17.83221771439627,1426.5774171517016,nan,1,4.7138999798335135,14.804800011916086
176,5.866666666666656,SEARCH,0,0,0,0,8.901612650415412,7.162417182956328,-6.80868196301325,-1.2798464533504825,-6.823386806374725,-1.2759051020773209,17.846032917770426,1427.682633421634,nan,1,3.9643000054638833,13.372100016567856
177,5.899999999999989,SEARCH,0,0,0,0,8.8508737154772,7.126991146711246,-6.830223703892229,-1.4326861190986753,-6.832346018014961,-1.4309346458027312,17.866210428604436,1429.2968342883548,nan,1,4.22549998620525,13.856500008841977
178,5.933333333333322,SEARCH,0,0,0,0,8.79978536319982,7.090874527828008,-6.821790269282597,-1.6744146737357568,-6.8019386314099135,-1.684311881204591,17.90021475059033,1432.0171800472262,nan,0,4.748000006657094,13.656199997058138
179,5.966666666666655,SEARCH,0,0,0,0,8.748349610463949,7.0540708258914195,-6.785314331882052,-2.0050321172617274,-6.778821765120121,-2.014790208223079,17.981582004452154,1438.5265603561725,nan,0,4.669899994041771,15.01169998664409
180,5.9999999999999885,SEARCH,0,0,0,0,8.69656848786503,7.016583607062441,-6.722449853987915,-2.4110267792139046,-6.7246837509631145,-2.4151085709667663,18.076831524209638,1446.146521936771,nan,0,5.241500010015443,15.094200003659353
181,6.033333333333322,SEARCH,0,0,0,0,8.644444039633122,6.978416503732631,-6.634637234127427,-2.8071565998243924,-6.635676847341694,-2.789796534693775,18.135602561940082,1450.8482049552067,nan,0,3.922900010365993,14.723000000230968
182,6.066666666666655,SEARCH,0,0,0,0,8.591978323552189,6.939573214172181,-6.52315484404655,-3.1933083721885693,-6.498984357863602,-3.1953768171218284,18.17840385701425,1454.2723085611399,nan,0,4.683399980422109,15.467800025362521
183,6.099999999999988,SEARCH,0,0,0,0,8.53917341087886,6.90005750217156,-6.389159675193305,-3.569211297533583,-6.383318503086167,-3.571107920715339,18.229812676926052,1458.385014154084,nan,0,4.445599974133074,14.585800003260374
184,6.133333333333321,SEARCH,0,0,0,0,8.486031386260683,6.859873196676827,-6.233719271727739,-3.9344775641423837,-6.238340333038191,-3.920950630211177,18.249199569145066,1459.9359655316055,nan,0,4.420499986736104,14.339800021843985
185,6.1666666666666545,SEARCH,0,0,0,0,8.432554347653786,6.8190241914186105,-6.0578366933120575,-4.288635037632383,-6.076209798668525,-4.273795038174147,18.263484758228113,1461.0787806582491,nan,0,4.062799998791888,14.02619999134913
186,6.199999999999988,SEARCH,0,0,0,0,8.378744406240088,6.7775144445348126,-5.862469903818267,-4.631153607280052,-5.846497986272143,-4.619233399908349,18.22754461126202,1458.2035689009613,nan,0,5.309200001647696,14.50349998776801
187,6.233333333333321,SEARCH,0,0,0,0,8.324603686343945,6.73534797818709,-5.648546704306422,-4.961466425143061,-5.622679072932293,-4.965500815029172,18.205399167524856,1456.4319334019883,nan,0,3.939200018066913,14.8367999936454
188,6.266666666666654,SEARCH,0,0,0,0,8.270134325348263,6.692528878171117,-5.416976106310103,-5.2789870284083475,-5.4033300913285105,-5.280536147048465,18.174650347455444,1453.9720277964357,nan,0,4.970299982232973,15.140100003918633
189,6.299999999999987,SEARCH,0,0,0,0,8.215338473610162,6.649061293520674,-5.168656863525791,-5.58312313836011,-5.179336919638938,-5.565290712701019,18.127540479127465,1450.2032383301973,nan,0,3.5849999985657632,14.885799988405779
190,6.333333333333321,SEARCH,0,0,0,0,8.16021829437603,6.604949436105635,-4.904483737566226,-5.873287771754022,-4.895801185794433,-5.863067377096769,18.053007725054805,1444.2406180043843,nan,0,4.83149997307919,13.573400006862357
191,6.366666666666654,SEARCH,0,0,0,0,8.10477596369617,6.560197580223838,-4.625351959406522,-6.148908174313769,-4.606409720110757,-6.148745129031781,17.97474523533949,1437.9796188271594,nan,0,4.348699992988259,15.42940002400428
192,6.399999999999987,SEARCH,0,0,0,0,8.04901367033886,6.514810062186931,-4.332160256846925,-6.409432985221943,-4.34304426965564,-6.423503093203037,17.91544158805799,1433.2353270446392,nan,0,3.9496999816037714,15.585700020892546
193,6.43333333333332,SEARCH,0,0,0,0,7.992933615703967,6.468791279900183,-4.025812745194826,-6.654337960810829,-4.044622073127203,-6.652061886748214,17.80616563953225,1424.49325116258,nan,0,4.748299979837611,14.976300008129328
194,6.4666666666666535,SEARCH,0,0,0,0,7.936538013736023,6.422145692436356,-3.7072199197967857,-6.8831305211307825,-3.704222473594057,-6.879695161348018,17.676149886861456,1414.0919909489164,nan,0,5.337899987353012,15.906799992080778
195,6.499999999999987,SEARCH,0,0,0,0,7.879829090836818,6.374877819603625,-3.3772989421212785,-7.095353331453985,-3.368473126901601,-7.102356241383677,17.554490613977247,1404.35924911818,nan,0,4.438500007381663,14.24249997944571
196,6.53333333333332,SEARCH,0,0,0,0,7.822809085777543,6.3269922415076225,-3.0369733734788755,-7.290587089475003,-3.036075071850959,-7.301704423294214,17.42574927886821,1394.0599423094568,nan,0,4.1037999908439815,14.040400012163445
197,6.566666666666653,SEARCH,0,0,0,0,7.765480249610353,6.2784935981076515,-2.6871724803078156,-7.468452655929268,-2.6946577869108563,-7.46497371399798,17.271287777753976,1381.703022220318,nan,0,3.686700016260147,14.022099989233539
198,6.599999999999986,SEARCH,0,0,0,0,7.7078448455795385,6.229386588767081,-2.3288302107607524,-7.6286126399128875,-2.34638746494723,-7.622839455674238,17.116417666683027,1369.3134133346423,nan,0,2.8304000152274966,14.175599993905053
199,6.6333333333333195,SEARCH,0,0,0,0,7.649905149032172,6.179675971797984,-1.9628839229120827,-7.770772529029021,-1.9659034382568565,-7.77694886341037,16.948485229604916,1355.8788183683932,nan,0,3.0580000020563602,14.227600011508912
200,6.666666666666653,SEARCH,0,0,0,0,7.591663447328246,6.129366564000091,-1.5902729293118587,-7.894681437549682,-1.582204045405699,-7.90868499817141,16.769816231444704,1341.5852985155766,nan,0,2.4148999946191907,13.975800015032291
201,6.699999999999986,SEARCH,0,0,0,0,7.53312203975044,6.078463240194045,-1.2119369100796833,-8.000132532220725,-1.2163997162444307,-8.002091103208313,16.577579484838388,1326.206358787071,nan,0,2.6113000058103353,12.786900013452396
202,6.733333333333319,SEARCH,0,0,0,0,7.474283237413271,6.026970932749051,-0.8288142366504047,-8.086963184475215,-0.8316666129717175,-8.08029741985738,16.370822315618767,1309.6657852495016,nan,0,3.050999977858737,14.60860000224784
203,6.766666666666652,SEARCH,0,0,0,0,7.415149363171911,5.974894631104937,-0.4418402401649535,-8.15505488911502,-0.4287490200591633,-8.148608634726475,16.155497093757457,1292.4397675005966,nan,0,2.319200022611767,14.590599981602281
204,6.799999999999986,SEARCH,0,0,0,0,7.355722751530466,5.922239381288712,-0.05194545195403466,-8.204332982539297,-0.027721733037255218,-8.206597996105302,15.941747021375658,1275.3397617100525,nan,0,3.0061999859753996,14.045999996596947
205,6.833333333333319,SEARCH,0,0,0,0,7.296005748549799,5.869010285425599,0.33994616172268666,-8.234766187995431,0.3534183138941472,-8.244758198430326,15.728890014992263,1258.311201199381,nan,0,3.08620001305826,16.47269999375567
206,6.866666666666652,SEARCH,0,0,0,0,7.236000711754949,5.815212501244674,0.7329189527937692,-8.246366010826044,0.7257300761054126,-8.24235238161201,15.49189317627533,1239.3514541020263,nan,0,2.753000007942319,14.879399997880682
207,6.899999999999985,SEARCH,0,0,0,0,7.175710010042013,5.7608512415790925,1.1260673179250902,-8.239186003063576,1.120817381548395,-8.237771535457915,15.251988866910624,1220.15910935285,nan,0,3.006599989021197,15.828800009330735
208,6.9333333333333185,SEARCH,0,0,0,0,7.115136023584664,5.705931773860972,1.5184973868894354,-8.21332091380471,1.5310652112961631,-8.225905024723918,15.009261254940444,1200.7409003952357,nan,0,2.8472999983932823,14.322300005005673
209,6.966666666666652,SEARCH,0,0,0,0,7.054281143740168,5.650459419611016,1.9093286634354216,-8.168905739439037,1.9093706675326196,-8.17129538589378,14.7482544632131,1179.8603570570478,nan,0,2.530699974158779,14.648100011982024
210,6.999999999999985,SEARCH,0,0,0,0,6.993147772954982,5.594439553922856,2.2976956112047358,-8.106114685896856,2.283814297313176,-8.104928594049962,14.48621791353743,1158.8974330829944,nan,0,3.3583000185899436,14.443599997321144
211,7.033333333333318,SEARCH,0,0,0,0,6.93173832466991,5.537877604942237,2.6827491787784967,-8.025160053529415,2.666068681745793,-8.015022125291573,14.208343626205556,1136.6674900964445,nan,0,2.489400008926168,14.207400003215298
212,7.066666666666651,SEARCH,0,0,0,0,6.870055223224809,5.480779053341029,3.0636582591929384,-7.9262910539691696,3.0748887622193775,-7.927058273249351,13.934611234011905,1114.7688987209522,nan,0,2.513799990992993,13.7731000140775
213,7.0999999999999845,SEARCH,0,0,0,0,6.808100903762922,5.42314943178619,3.4396110803040187,-7.809792567279903,3.433641003087942,-7.8201528463141665,13.666456557952449,1093.3165246361957,nan,0,2.9912999889347702,13.524600013624877
214,7.133333333333318,SEARCH,0,0,0,0,6.745877812134685,5.364994324403657,3.8098165232421173,-7.675983846850987,3.7882379273620237,-7.680054447452059,13.376132892136365,1070.0906313709093,nan,0,2.5910000258591026,17.02529998146929
215,7.166666666666651,SEARCH,0,0,0,0,6.683388404801219,5.3063193662372505,4.17350536691546,-7.525217178779718,4.153361332268089,-7.521530016650449,13.074966798344189,1045.9973438675352,nan,0,3.2170000195037574,17.243499984033406
216,7.199999999999984,SEARCH,0,0,0,0,6.620635148737331,5.247130242702682,4.52993145712136,-7.35787650189128,4.526847837232204,-7.363696880455365,12.783462208494164,1022.6769766795331,nan,0,2.6775999867822975,17.766800010576844
217,7.233333333333317,SEARCH,0,0,0,0,6.557620521334104,5.18743268903664,4.878372799329362,-7.1743759940441185,4.881366949781798,-7.185965970220323,12.48642544594104,998.9140356752831,nan,0,2.600100007839501,15.893000003416091
218,7.266666666666651,SEARCH,0,0,0,0,6.494347010301149,5.127232489741054,5.218132574627542,-6.975158629940544,5.208865470280109,-6.975691313937024,12.170999440776106,973.6799552620886,nan,0,3.0716999899595976,18.28910000040196
219,7.299999999999984,SEARCH,0,0,0,0,6.430817113568326,5.0665354780226215,5.548540078686191,-6.760694715293543,5.528197606424397,-6.7626025648914645,11.863525142764018,949.0820114211214,nan,0,3.0641999910585582,17.356399999698624
220,7.333333333333317,SEARCH,0,0,0,0,6.36703333918718,5.005347535227566,5.868951583903509,-6.531480401879101,5.868195755506352,-6.526985083607631,11.543116328199366,923.4493062559492,nan,0,2.5237999798264354,16.92310001817532
221,7.36666666666665,SEARCH,0,0,0,0,6.302998205231912,4.943674590271768,6.178751125164395,-6.288036187719438,6.191773665995356,-6.296994125260618,11.241218976182116,899.2975180945692,nan,0,3.206299996236339,19.659699988551438
222,7.3999999999999835,SEARCH,0,0,0,0,6.238714239699963,4.881522619066255,6.477351209873571,-6.030905406388997,6.477319543287189,-6.043180033304914,10.927308018612159,874.1846414889727,nan,0,2.593699988210574,19.257300009485334
223,7.433333333333317,SEARCH,0,0,0,0,6.1741839804122245,4.818897643938174,6.764193453123659,-5.760652709205824,6.761322361471327,-5.76408506659293,10.599257263125232,847.9405810500185,nan,0,2.421199984382838,18.05179999792017
224,7.46666666666665,SEARCH,0,0,0,0,6.109409974912826,4.755805733047239,7.038749139032528,-5.477862543861445,7.025684975753513,-5.467040044986494,10.263826561211355,821.1061248969083,nan,0,2.571599994553253,15.851000003749505
225,7.499999999999983,SEARCH,0,0,0,0,6.044394780368613,4.692252999797738,7.30051970943571,-5.183137632848747,7.305738610205131,-5.180809602439967,9.953308666205999,796.26469329648,nan,0,2.5268000026699156,17.394800001056865
226,7.533333333333316,SEARCH,0,0,0,0,5.979140963468129,4.628245602246177,7.549037181252448,-4.87709745486679,7.557277621827731,-4.889443372118775,9.64763798684458,771.8110389475665,nan,0,2.456599992001429,16.558900009840727
227,7.5666666666666496,SEARCH,0,0,0,0,5.913651100320336,4.563789742504581,7.783864493960256,-4.560376732211551,7.763661457746931,-4.554732286178543,9.304299130518379,744.3439304414703,nan,0,2.3435000039171427,18.44019998679869
228,7.599999999999983,ACQUIRING,0,0,0,0,5.847927776352899,4.4988916661395155,8.00459578871492,-4.233623927000583,7.988880300086773,-4.22285412485805,8.980675216912491,718.4540173529992,543.0983986450722,1,3.167799994116649,17.547600000398234
229,7.633333333333316,ACQUIRING,0,0,0,0,5.7819735862101,4.4335576615669305,8.136438194580695,-3.901269760333916,8.138896037373472,-3.899114877917279,8.659590930931563,692.767274474525,538.5347541187027,0,2.945000014733523,18.387899996014312
230,7.666666666666649,ACQUIRING,0,0,0,0,5.715791133650448,4.367794059442824,8.179391711557582,-3.6400061376487307,8.193201532344837,-3.6561776293430337,8.397718972792317,671.8175178233854,534.0038124965955,1,4.0142000070773065,17.784499999834225
231,7.699999999999982,ACQUIRING,0,0,0,0,5.64938303144384,4.301607232049823,8.133456339645578,-3.4179575458727536,8.125766905953425,-3.4306993462862336,8.119177428490532,649.5341942792427,529.5084592293333,1,4.056500009028241,18.99730000877753
232,7.733333333333316,ACQUIRING,0,0,0,0,5.582751901268443,4.235003592679719,7.998632078844686,-3.2303052825034944,7.975255919327363,-3.230352753931217,7.839363549313953,627.1490839451162,525.0516543204807,1,3.740500018466264,17.864699999336153
233,7.766666666666649,SEARCH,0,0,0,0,5.515900373607186,4.167989595012063,7.7749189291549055,-3.071661812522385,7.771390587878833,-3.0747857589159375,7.585844114806343,606.8675291845075,nan,2,3.6561000160872936,18.443799985107034
234,7.799999999999982,ACQUIRING,0,0,0,0,5.448831087643913,4.10057173248881,7.640094668354013,-2.9679300573433487,7.654048215505548,-2.9777756741414136,7.413904813926541,593.1123851141232,547.4895072286907,2,3.3805000130087137,17.795099993236363
235,7.833333333333315,ACQUIRING,0,0,0,0,5.381546691159198,4.032756537685116,7.594159296442011,-2.7753094132754232,7.587710913098457,-2.78413972493201,7.165000713848408,573.2000571078727,545.300923193233,2,4.133400012506172,17.26199997938238
236,7.8666666666666485,ACQUIRING,0,0,0,0,5.31404984042579,3.964550581676376,7.637112813418897,-2.524323437956027,7.6196414032846445,-2.515543998053629,6.878035927281285,550.2428741825029,544.4287150611419,2,4.023699992103502,20.576900016749278
237,7.899999999999982,ACQUIRING,0,0,0,0,5.246343200103802,3.8959604734014945,7.768955219284671,-2.329138944887274,7.767906497031785,-2.3211087933166046,6.708966517101202,536.7173213680961,542.2651487629192,2,4.748000006657094,19.5217999862507
238,7.933333333333315,ACQUIRING,0,0,0,0,5.178429443135449,3.826992859022492,7.989686514039335,-2.160763670337087,7.9956250139211,-2.164763550261563,6.621007155429667,529.6805724343733,538.1239343335832,2,3.9680000045336783,18.35420000134036
239,7.966666666666648,ACQUIRING,0,0,0,0,5.110311250639572,3.7576544212805314,8.222839434425326,-2.004368361649077,8.217530019685743,-2.0068872620264,6.548644844339622,523.8915875471697,535.1366857608792,2,5.049200000939891,19.579999992856756
240,7.999999999999981,ACQUIRING,0,0,0,0,5.041991311805778,3.6879518788483714,8.410501854300241,-1.8703015565249417,8.394678934651482,-1.876144029295162,6.49612789062857,519.6902312502856,533.3027426948305,2,3.8462000084109604,18.672199978027493
241,8.033333333333315,ACQUIRING,0,0,0,0,4.973472323788257,3.617891985679348,8.570159868924103,-1.757288074795097,8.54921585312577,-1.7556377881869607,6.454515010303005,516.3612008242404,532.1729852322101,1,3.802399995038286,17.34220000798814
242,8.066666666666649,ACQUIRING,0,0,0,0,4.904756991599351,3.547481530352942,8.705662252984556,-1.6650894119770112,8.711652697222501,-1.6754598107792762,6.46309300307523,517.0474402460184,529.0341579070254,1,3.504099993733689,18.326899997191504
243,8.099999999999982,ACQUIRING,0,0,0,0,4.835848028002696,3.476727335416988,8.80924021596993,-1.5812601067859455,8.81676139955803,-1.6135948195373537,6.462124334384713,516.9699467507771,526.243331113322,1,4.1677000117488205,20.024199999170378
244,8.133333333333315,ACQUIRING,0,0,0,0,4.766748153406204,3.405636256726579,8.891637135696945,-1.5060106314125858,8.88194450939846,-1.5171990814991425,6.416318945910957,513.3055156728766,524.7131789708956,1,3.9732999866828322,19.262900023022667
245,8.166666666666648,ACQUIRING,0,0,0,0,4.69746009575459,3.3342151827797766,8.962913407548042,-1.4418256696807328,8.952892423252228,-1.4389192625665543,6.3946475060994254,511.57180048795396,523.6926674982645,1,4.7150999889709055,18.729600007645786
246,8.199999999999982,ACQUIRING,0,0,0,0,4.627986590421735,3.262471034050126,9.02349512880639,-1.3892907791130558,9.018502891047955,-1.3907773743064276,6.397605343871826,511.8084275097461,522.6177918475573,2,4.150499997194856,18.787799985148013
247,8.233333333333315,ACQUIRING,0,0,0,0,4.5583303801026736,3.1904107623160756,9.073180116991251,-1.3453924267899149,9.084402728376968,-1.365764051709319,6.422153831680812,513.772306534465,520.4055582685013,2,4.011599987279624,17.99089999985881
248,8.266666666666648,ACQUIRING,0,0,0,0,4.488494214705318,3.1180413499873905,9.105355374800833,-1.3059562694101,9.110533485892292,-1.3148826995596714,6.404222252033992,512.3377801627194,519.0606569307316,2,5.539799982216209,18.378900014795363
249,8.299999999999981,ACQUIRING,0,0,0,0,4.4184808512419025,3.045369809428572,9.129412391837224,-1.2734447373019304,9.11319102579517,-1.2720703954065151,6.378134017514872,510.25072140118976,518.4268949927429,2,3.9355999906547368,17.015799996443093
250,8.333333333333314,ACQUIRING,0,0,0,0,4.348293053720126,2.9724031822793693,9.149858637359785,-1.247348944315828,9.162411406667243,-1.2438417278600167,6.399410649306586,511.95285194452686,516.783848633752,2,4.004099988378584,17.037699988577515
251,8.366666666666648,ACQUIRING,0,0,0,0,4.27793359303406,2.8991485387724873,9.156173635608738,-1.2270236631749576,9.165879840328891,-1.231240367556719,6.399385207500092,511.9508166000074,514.7157689497719,2,3.9961999864317477,19.026300025871024
252,8.39999999999998,ACQUIRING,0,0,0,0,4.207405246854736,2.8256129770484923,9.153741148050123,-1.205590687612847,9.155393849806044,-1.2003711443784022,6.378960680308158,510.31685442465266,513.6659714314835,2,4.326599999330938,19.78519998374395
253,8.433333333333314,ACQUIRING,0,0,0,0,4.136710799520498,2.75180362246803,9.149443814921803,-1.1877677378202054,9.133124845726469,-1.182915143998228,6.359729954353885,508.7783963483108,512.951635681579,2,5.089000012958422,14.058800006750971
254,8.466666666666647,ACQUIRING,0,0,0,0,4.065853041927083,2.6777276269213863,9.143404779845808,-1.1735724722946423,9.141146960371634,-1.1708411430728949,6.369465435652786,509.5572348522229,511.5317787333156,2,5.4256000148598105,13.856399978976697
255,8.49999999999998,ACQUIRING,0,0,0,0,3.994834771417419,2.603392168135516,9.13168408547608,-1.1586454276132074,9.141583984499633,-1.1617693019094613,6.3769482009714995,510.15585607771993,510.0023658607725,2,4.756599984830245,15.57010001852177
256,8.533333333333314,ACQUIRING,0,0,0,0,3.9236587916712415,2.528804448978531,9.116663060520557,-1.1410766403728403,9.115813003720064,-1.1509234599042235,6.36387168672554,509.1097349380432,509.52123311952295,2,6.013600010192022,14.639500004705042
257,8.566666666666647,ACQUIRING,0,0,0,0,3.852327912594344,2.453971696761754,9.10303197472128,-1.1267530598303197,9.087256702686192,-1.1248397527099063,6.341322482590043,507.3057986072035,509.525393448245,2,6.533500010846183,14.869000006001443
258,8.59999999999998,ACQUIRING,0,0,0,0,3.7808449502076993,2.3789011625394396,9.091135771352155,-1.1158206161061668,9.081436201018397,-1.1123471435658374,6.347053043976699,507.7642435181359,509.3183412142806,1,6.074699980672449,13.078800024231896
259,8.633333333333313,ACQUIRING,0,0,0,0,3.7092127265362684,2.3036001204061574,9.077209170875033,-1.1074465198013665,9.091264562442937,-1.1078089085901839,6.372141988962904,509.77135911703226,507.8192019386211,1,6.710299989208579,13.978100003441796
260,8.666666666666647,ACQUIRING,0,0,0,0,3.637434069497574,2.2280758667919445,9.054665114133337,-1.096041670905027,9.05659264167622,-1.1104457855774448,6.364982832165106,509.19862657320846,507.50953456369336,1,6.374999997206032,15.35079997847788
261,8.69999999999998,ACQUIRING,0,0,0,0,3.5655118127901106,2.152335719755328,9.035244868321595,-1.083262619418744,9.027195080886107,-1.0945172669225003,6.353899467106676,508.3119573685341,507.6532108719626,1,5.9569000150077045,15.164599986746907
262,8.733333333333313,ACQUIRING,0,0,0,0,3.493448795781407,2.076387018274213,9.0189054051219,-1.0697046123173743,9.004056929884541,-1.059098051739997,6.340194684071274,507.2155747257019,508.36996291303143,1,5.345299985492602,15.614300005836412
263,8.766666666666646,ACQUIRING,0,0,0,0,3.421247863395988,2.000237121534766,9.002913197889294,-1.0634575822806946,9.01343593757938,-1.0574143979718686,6.3735233797155075,509.8818703772406,508.08743199791996,1,5.195000005187467,15.893000003416091
264,8.79999999999998,ACQUIRING,0,0,0,0,3.3489118660030375,1.9238934082183208,8.980274454621304,-1.0592140471123805,8.999456238577322,-1.0685576453344572,6.394013998603698,511.5211198882958,507.7475532752797,1,5.796700017526746,14.07369997468777
265,8.833333333333313,ACQUIRING,0,0,0,0,3.2764436593038724,1.8473632757864265,8.952819593843719,-1.056848642653447,8.942549906310564,-1.0576164211968144,6.367390913258985,509.39127306071885,509.06430834316717,1,5.054599983850494,15.344700019340962
266,8.866666666666646,ACQUIRING,0,0,0,0,3.2038461042192132,1.7706541397640492,8.9322914140804,-1.0576134208894215,8.912131496813256,-1.0507468350498332,6.367481887212813,509.3985509770251,510.4317581963584,1,5.0697000115178525,15.316499979235232
267,8.899999999999979,ACQUIRING,0,0,0,0,3.1311220667762125,1.693773433021019,8.915157098622265,-1.0588905512720093,8.917771278055588,-1.0446812297885946,6.401909327276037,512.152746182083,511.40414452942645,1,5.687199998646975,15.377400006400421
268,8.933333333333312,ACQUIRING,0,0,0,0,3.0582744179953654,1.6167286050518308,8.896464982827775,-1.0610821795243066,8.905729261738834,-1.059797752203905,6.430903629405717,514.4722903524573,511.5492465068164,1,4.71750000724569,14.505900006042793
269,8.966666666666645,ACQUIRING,0,0,0,0,2.9853060337770954,1.5395271212538006,8.872460872959955,-1.0599692802588272,8.879952788426406,-1.0631135473268962,6.443647942885135,515.4918354308109,511.78305161372697,1,5.992299993522465,14.84430002165027
270,8.999999999999979,ACQUIRING,0,0,0,0,2.9122197947882746,1.4621764622036832,8.846817668356627,-1.0538457749398598,8.835994047848544,-1.0537245796948111,6.435903934479265,514.8723147583412,512.7669950896774,1,5.9766999911516905,15.1655999943614
271,9.033333333333312,ACQUIRING,0,0,0,0,2.8390185863484803,1.384684122932848,8.823995663822625,-1.045071521040975,8.821372894911654,-1.0399362973154551,6.455024961645727,516.4019969316582,513.0791325562136,1,6.308600015472621,15.28140000300482
272,9.066666666666645,ACQUIRING,0,0,0,0,2.765705298316064,1.3070576122010207,8.79652385971954,-1.0356241777527952,8.80664322175828,-1.0330810514913216,6.478362444336542,518.2689955469234,513.0767959778456,1,7.380299997748807,16.12559999921359
273,9.099999999999978,ACQUIRING,0,0,0,0,2.692282824974127,1.2293044517687168,8.764303793095582,-1.0245450814128532,8.770035751166978,-1.0444240735866084,6.489138774819064,519.1311019855251,513.0353249713118,1,5.934599990723655,15.314799995394424
274,9.133333333333312,ACQUIRING,0,0,0,0,2.6187540649161813,1.151432175668391,8.729011297399879,-1.0104262545967058,8.716799774620537,-1.0163771454954362,6.471905340050058,517.7524272040047,514.6239182227914,1,5.631200008792803,14.928299991879612
275,9.166666666666645,ACQUIRING,0,0,0,0,2.545121920931778,1.073448329474436,8.700257112332048,-0.9989099660231612,8.686115393149404,-0.9864587899095634,6.477269344894373,518.1815475915498,516.8340742404439,1,6.275100022321567,15.851799980737269
276,9.199999999999978,ACQUIRING,0,0,0,0,2.471389299891883,0.9953604695720297,8.674762585209944,-0.9980787526654391,8.67782749187575,-0.9889785742811629,6.515940183264129,521.2752146611303,518.598065857431,1,6.37829999323003,15.44280000962317
277,9.233333333333311,ACQUIRING,0,0,0,0,2.3975591126341245,0.9171761624249349,8.647657952887453,-1.0040522716231675,8.658779604715221,-1.0112047324847486,6.551452886673987,524.116230933919,519.8020887281323,1,5.675699998391792,16.017299989471212
278,9.266666666666644,ACQUIRING,0,0,0,0,2.3236342738478832,0.8389029838423545,8.617687988691824,-1.008496396626903,8.620367184731963,-1.007376588504752,6.561828526430488,524.9462821144391,521.5756194298634,1,5.709999997634441,14.980300009483472
279,9.299999999999978,ACQUIRING,0,0,0,0,2.249617701959199,0.7605485182448452,8.589854612200707,-1.0105693640910358,8.57476285220723,-1.0004641175206703,6.565716006273193,525.2572805018555,524.0170646783628,1,5.384899995988235,14.87690000794828
280,9.33333333333331,ACQUIRING,0,0,0,0,2.1755123190156147,0.6821203579294193,8.56632983485385,-1.0121107298644683,8.562314869763972,-1.0072293717648517,6.60644755761096,528.5158046088768,526.0803182757248,1,4.836900014197454,14.840199990430847
281,9.366666666666644,ACQUIRING,0,0,0,0,2.101321050570744,0.6036261023338607,8.543053767214538,-1.009421159322678,8.553018458632557,-1.007271531385058,6.649766208786045,531.9812967028836,527.524402115588,1,4.936499986797571,14.550300023984164
282,9.399999999999977,ACQUIRING,0,0,0,0,2.0270468255688345,0.5250733573003852,8.516038885609873,-1.002033942448178,8.514197612283153,-1.0149780212290296,6.667449555720579,533.3959644576463,529.7289773739519,1,4.674199997680262,14.829899999313056
283,9.43333333333331,ACQUIRING,0,0,0,0,1.9526925762291174,0.44646973433864773,8.49200167994339,-0.9884329413594801,8.487447360058404,-0.991182309600334,6.691028581931307,535.2822865545046,532.6143198297933,1,4.974599985871464,14.820999989751726
284,9.466666666666644,ACQUIRING,0,0,0,0,1.8782612379300252,0.36782284988820135,8.470970385598374,-0.9788208741925761,8.469096869835704,-0.9779033210419439,6.726818955042854,538.1455164034284,535.3842266140498,1,5.95310001517646,14.707099995575845
285,9.499999999999977,ACQUIRING,0,0,0,0,1.8037557490933682,0.2891403245805094,8.450213491303744,-0.9710238951052956,8.459974451014409,-0.9858500718491524,6.777230106672731,542.1784085338185,537.8525376263684,1,5.706199997803196,14.885999989928678
286,9.53333333333331,ACQUIRING,0,0,0,0,1.7291790510682568,0.21042978250052033,8.4271156438182,-0.9648742031657752,8.43732948793765,-0.9764376170768768,6.812337081196925,544.986966495754,539.9959127166894,1,5.568199994741008,15.213500009849668
287,9.566666666666643,ACQUIRING,0,0,0,0,1.6545340880150377,0.13169885044790744,8.399692889522905,-0.9617654840621704,8.392991298308063,-0.954388493720844,6.825422426056397,546.0337940845118,542.9189484123599,1,5.820299993501976,15.981700009433553
288,9.599999999999977,ACQUIRING,0,0,0,0,1.579823806789045,0.05295515719807789,8.373087729473735,-0.9668849333899858,8.366404935386734,-0.9477562355200467,6.859964045572989,548.7971236458391,546.1601858367889,1,5.286100000375882,14.823700010310858
289,9.63333333333331,ACQUIRING,0,0,0,0,1.5050511568242415,-0.025793667237045573,8.34821469065897,-0.9761964821395909,8.353296525884168,-0.9744673032840906,6.913642043278019,553.0913634622415,548.5576976248364,1,5.124099989188835,15.42189999599941
290,9.666666666666643,ACQUIRING,0,0,0,0,1.4302190900168374,-0.10453999234834122,8.320012875219142,-0.9780518113568685,8.334099639589873,-0.9772755875084371,6.958824186730997,556.7059349384797,550.6187991171782,1,4.844700015382841,14.412499993341044
291,9.699999999999976,ACQUIRING,0,0,0,0,1.3553305606086818,-0.18327618786887445,8.287047370173786,-0.9790597370676368,8.28080781654975,-0.9741387213577061,6.970487699539638,557.6390159631711,553.1680088379077,1,5.057800008216873,14.177999983076006
292,9.73333333333331,ACQUIRING,0,0,0,0,1.2803885250706908,-0.2619946245132249,8.254138813870396,-0.9769396537570874,8.24874485589111,-0.9658594690956627,7.003814365952603,560.3051492762082,556.116990530637,1,6.1372999916784465,15.440399991348386
293,9.766666666666643,ACQUIRING,0,0,0,0,1.2053959419861064,-0.34068767471675065,8.22251819394648,-0.9760439752907563,8.221646741279493,-0.9651709106149784,7.04398712310741,563.5189698485929,559.3816916347865,1,6.089599977713078,16.71680001891218
294,9.799999999999976,ACQUIRING,0,0,0,0,1.1303557719337007,-0.41934771337468507,8.193118722216001,-0.9750789313149988,8.201125163127783,-0.9827242664966408,7.093177914309968,567.4542331447974,562.8736113782368,1,5.03299999400042,14.736899989657104
295,9.833333333333309,SEARCH,0,0,0,0,1.0552709773709035,-0.4979671185809642,8.166249914937449,-0.9703184486486298,8.169363301553036,-0.9775306167422181,7.130237776242514,570.4190220994011,nan,1,4.695599986007437,16.106200026115403
296,9.866666666666642,SEARCH,0,0,0,0,0.9801445225168224,-0.5765382723667756,8.228269996547786,-1.0544468548711496,8.212076542238432,-1.040080838733918,7.2467725539517875,579.7418043161431,nan,1,4.110600013518706,13.952599983895198
297,9.899999999999975,SEARCH,0,0,0,0,0.9049793732352793,-0.6550535614387253,8.379178967047011,-1.2012494405067506,8.38199375356564,-1.1826714552020139,7.495607025817603,599.6485620654083,nan,1,4.432400019140914,14.934799983166158
298,9.933333333333309,SEARCH,0,0,0,0,0.8297784969176483,-0.7335053779165214,8.579987324173466,-1.2591631372534628,8.592730454241407,-1.2592774451666833,7.780736427769371,622.4589142215498,nan,1,5.3496000182349235,16.014099994208664
299,9.966666666666642,SEARCH,0,0,0,0,0.7545448623657675,-0.8118861200701661,8.757165668182422,-1.228187945111286,8.756254970116379,-1.2412740282224464,8.013222736461636,641.0578189169307,nan,1,4.316200007451698,15.161999996053055
300,9.999999999999975,SEARCH,0,0,0,0,0.6792814396747134,-0.8901881930565333,8.912093182311429,-1.1083238640802204,8.891982562600738,-1.1056764640162828,8.215527672002061,657.2422137601648,nan,1,4.316899983678013,15.726200013887137
301,10.033333333333308,SEARCH,0,0,0,0,0.6039912001155265,-0.9684040096552977,9.045861319847704,-0.9287045864260899,9.038173478691858,-0.9197151798704551,8.43432281279279,674.7458250234231,nan,1,4.254100000252947,13.833899982273579
302,10.066666666666642,SEARCH,0,0,0,0,0.5286771160179683,-1.0465259910040916,9.159337423781896,-0.7048887492715747,9.166603386129434,-0.7094609869770309,8.644500162809967,691.5600130247973,nan,1,4.6175000024959445,14.807700004894286
303,10.099999999999975,SEARCH,0,0,0,0,0.4533421606531046,-1.1245465673328825,9.253215530164342,-0.4455177367381857,9.26748402344898,-0.45326738089827884,8.839666991670617,707.1733593336494,nan,1,4.889000003458932,15.191399987088516
304,10.133333333333308,SEARCH,0,0,0,0,0.3779893081159844,-1.2024581786974706,9.328056910139354,-0.157645793671496,9.324421726928655,-0.16360792094203747,9.00654555767198,720.5236446137584,nan,1,4.473100008908659,14.806399994995445
305,10.166666666666641,SEARCH,0,0,0,0,0.30262153320820123,-1.280253275712002,9.384322395060527,0.15294386308131247,9.37579169459389,0.15725269360353705,9.186339869027131,734.9071895221705,nan,1,4.79300000006333,14.401899999938905
306,10.199999999999974,SEARCH,0,0,0,0,0.22724181132045795,-1.3579243202804905,9.422398120630376,0.4814863750197091,9.425993507383506,0.4780514167351324,9.380183349633038,750.414667970643,nan,1,4.922899999655783,16.168300004210323
307,10.233333333333308,SEARCH,0,0,0,0,0.15185311831510945,-1.4354637863272455,9.442615999237274,0.8240333179622727,9.458230534876368,0.816409968324739,9.57494626754489,765.9957014035913,nan,1,4.370899987407029,15.242499997839332
308,10.26666666666664,SEARCH,0,0,0,0,0.07645843040865336,-1.5128641605261035,9.445269968243448,1.1772913667071918,9.439731224809732,1.1819286240811202,9.743345707422197,779.4676565937757,nan,1,4.727500025182962,15.463199990335852
309,10.299999999999974,ACQUIRING,0,0,0,0,0.0010607240542931868,-1.5901179430284595,9.430628852838677,1.5384934227151446,9.411705710720957,1.5427929839076249,9.918435861626063,793.4748689300851,623.815425668583,2,4.6697000216227025,15.997799986507744
310,10.333333333333307,ACQUIRING,0,0,0,0,-0.07433702417564171,-1.6672176481899719,9.327098848545017,1.8108065898342085,9.323467362674435,1.8227743529294926,10.02490755375711,801.9926043005689,630.3412208840781,1,5.425799987278879,15.80120000289753
311,10.36666666666664,ACQUIRING,0,0,0,0,-0.14973183770714754,-1.7441558052959103,9.134679955362468,1.9942308680643837,9.142655968564437,1.9790949522218675,10.010547804466125,800.8438243572899,636.9155261828818,1,4.848600015975535,15.300300001399592
312,10.399999999999974,ACQUIRING,0,0,0,0,-0.22512074008207733,-1.8209249592850234,8.915045565657502,2.08876625740567,8.90742237277737,2.077896286237423,9.929962276503055,794.3969821202445,643.5361778347237,0,4.711799992946908,14.408399991225451
313,10.433333333333307,ACQUIRING,0,0,0,0,-0.30050075507566776,-1.897517671471922,8.732743978666807,2.094412757858067,8.71086297027412,2.0961323775563425,9.856668651458943,788.5334921167154,650.2010596303215,0,4.662400024244562,14.16109999991022
314,10.46666666666664,SEARCH,0,0,0,0,-0.3758689068139769,-1.9739265202678724,8.578426924302278,2.0111703694215755,8.570762242555702,2.0120864429670204,9.794412093941547,783.5529675153238,nan,1,4.465400008484721,15.29899999150075
315,10.499999999999973,SEARCH,0,0,0,0,-0.45122221989144096,-2.0501441018999054,8.512998758826637,2.016816869873973,8.520379189738708,2.0133583524459704,9.848943296097945,787.9154636878357,nan,1,4.7429000260308385,15.244799986248836
316,10.533333333333307,SEARCH,0,0,0,0,-0.52655771948828,-2.126163031128228,8.536459482239884,2.111352259215259,8.538645101475108,2.0960288176097657,10.000240306750241,800.0192245400193,nan,0,4.562100017210469,14.288799982750788
317,10.56666666666664,SEARCH,0,0,0,0,-0.6018724314879648,-2.2019759419618397,8.63423661240651,2.294776537445434,8.630106203550653,2.2997746645071184,10.271085046900017,821.6868037520014,nan,0,5.116800020914525,14.8678999976255
318,10.599999999999973,SEARCH,0,0,0,0,-0.677163382594625,-2.277575488372253,8.6831552439274,2.567089704564498,8.673319489062408,2.580048779380083,10.536984552508747,842.9587642006998,nan,0,3.6690999986603856,14.629000012064353
319,10.633333333333306,SEARCH,0,0,0,0,-0.7524276004504247,-2.352954345005313,8.68998537912504,2.928291760572451,8.688860895817559,2.919003492891506,10.813485465580644,865.0788372464517,nan,0,4.07729999278672,15.362500009359792
320,10.66666666666664,SEARCH,0,0,0,0,-0.8276621137529315,-2.4281052078909964,8.660205154731578,3.3783827054692925,8.673426567024517,3.3698984116225037,11.130477621912233,890.4382097529787,nan,0,4.965300002368167,15.095099981408566
321,10.699999999999973,SEARCH,0,0,0,0,-0.9028639523723613,-2.503020795151153,8.598263392540916,3.8214484492389005,8.588567951299614,3.8201231277539045,11.404798492380888,912.383879390471,nan,0,5.582299985690042,15.883200016105548
322,10.733333333333306,SEARCH,0,0,0,0,-0.9780301474689022,-2.577693847705079,8.507789468814861,4.24504580175974,8.505141723969796,4.247579660238172,11.683959397459326,934.7167517967462,nan,0,4.028000024845824,15.994999994290993
323,10.766666666666639,SEARCH,0,0,0,0,-1.0531577316098875,-2.6521171299729063,8.391761035960656,4.651376563261,8.395148391156253,4.652050486759494,11.942418229270922,955.3934583416737,nan,0,4.160999989835545,15.75399999273941
324,10.799999999999972,SEARCH,0,0,0,0,-1.1282437388869129,-2.7262834305767196,8.25263802364464,5.042100193375527,8.263850682428137,5.031586207393199,12.181788823429539,974.543105874363,nan,0,5.267200001981109,14.887700002873316
325,10.833333333333306,SEARCH,0,0,0,0,-1.2032852050330005,-2.8001855630392942,8.092469661416747,5.418446041916721,8.102865308939533,5.409684699028759,12.409931793072055,992.7945434457644,nan,0,3.9059999980963767,13.451700011501089
326,10.866666666666639,SEARCH,0,0,0,0,-1.278279167539537,-2.873816366480453,7.912979916840388,5.781303230996262,7.900814887584385,5.794333047315677,12.625077502047484,1010.0062001637987,nan,0,4.043499997351319,12.981200008653104
327,10.899999999999972,SEARCH,0,0,0,0,-1.3532226657733144,-2.947168706310942,7.715635664649804,6.1312926501522185,7.709105655876787,6.156100599685051,12.845049889621695,1027.6039911697355,nan,0,4.22259999322705,14.531900000292808
328,10.933333333333305,SEARCH,0,0,0,0,-1.4281127410933245,-3.020235474923732,7.501701039670487,6.468824633900113,7.526094732033739,6.473360773285165,13.05014180749813,1044.0113445998504,nan,0,4.742499993881211,15.928900014841929
329,10.966666666666638,SEARCH,0,0,0,0,-1.5029464369676373,-3.093009592382733,7.27228073600036,6.794145177323749,7.27997604600261,6.782562910218549,13.216151466898326,1057.2921173518662,nan,0,4.636900004697964,13.271700008772314
330,10.999999999999972,SEARCH,0,0,0,0,-1.5777207990900854,-3.1654840071088124,7.028354462750275,7.107372974295244,7.014382988489747,7.109087581486769,13.393695114706741,1071.4956091765391,nan,0,4.208099999232218,16.012400010367855
331,11.033333333333305,SEARCH,0,0,0,0,-1.6524328754968658,-3.2376516965630833,6.770804324874101,7.4085291061006835,6.768282040436766,7.4162381135587,13.57990455716254,1086.392364573003,nan,0,4.555299994535744,14.900900016073138
332,11.066666666666638,SEARCH,0,0,0,0,-1.7270797166831502,-3.3095056679273465,6.500436544195014,7.697560842805599,6.506157469385263,7.6946536713884,13.743278987458185,1099.4623189966549,nan,0,4.321399988839403,14.352700003655627
333,11.099999999999971,SEARCH,0,0,0,0,-1.8016583757194433,-3.3810389587816823,6.217998652986511,7.974360727348664,6.21913261059323,7.959633899581115,13.890426520683995,1111.2341216547195,nan,0,4.0234999905806035,18.23829999193549
334,11.133333333333304,SEARCH,0,0,0,0,-1.8761659083679967,-3.452244637779095,5.9241930662589946,8.238781878482571,5.9185533265466574,8.236201446026893,14.049107438025665,1123.928595042053,nan,0,4.9347999738529325,18.044900003587827
335,11.166666666666638,SEARCH,0,0,0,0,-1.950599373199009,-3.5231158053171217,5.619687757927364,8.490650261592505,5.616434776400438,8.498256022963725,14.204695929691301,1136.3756743753042,nan,0,5.096600012620911,19.707500003278255
336,11.19999999999997,SEARCH,0,0,0,0,-2.024955831706717,-3.5936455942063876,5.305124621245425,8.729774526758163,5.313186740774952,8.729172722453185,14.342251834334403,1147.3801467467522,nan,0,2.591600001323968,19.45190000697039
337,11.233333333333304,SEARCH,0,0,0,0,-2.0992323484254807,-3.663827170336027,4.981125978051912,8.955953893699734,4.996957261836611,8.952283886699261,14.474880489601277,1157.9904391681023,nan,0,2.5587999843992293,17.173800006275997
338,11.266666666666637,SEARCH,0,0,0,0,-2.173425991045579,-3.733653733335868,4.648299608690792,9.168984467473324,4.652787731165686,9.16568137043143,14.594178287954026,1167.534263036322,nan,0,3.3530000073369592,18.464900000253692
339,11.29999999999997,SEARCH,0,0,0,0,-2.2475338305290626,-3.8031185172353763,4.307242600313458,9.368664292166603,4.295995257677165,9.376712124973016,14.71481256032493,1177.1850048259944,nan,0,2.526799973566085,17.60460002697073
340,11.333333333333304,SEARCH,0,0,0,0,-2.321552941225301,-3.8722147911192533,3.9585442519371243,9.554797388558274,3.9513337307467986,9.560182603324938,14.824925192447896,1185.9940153958316,nan,0,2.754999994067475,19.503200019244105
341,11.366666666666637,SEARCH,0,0,0,0,-2.395480400986555,-3.9409358597796507,3.6027882271578213,9.727196972679673,3.613196094300891,9.721123158620232,14.92501423273229,1194.0011386185831,nan,0,3.394200000911951,19.170000014128163
342,11.39999999999997,SEARCH,0,0,0,0,-2.4693132912833082,-4.009275064364895,3.2405541074264033,9.885688013000387,3.253208375466453,9.883703360485779,15.02538198315726,1202.0305586525808,nan,0,2.6492000033613294,18.253799993544817
343,11.433333333333303,SEARCH,0,0,0,0,-2.543048697319452,-4.077225783024724,2.8724184683949,10.030109252590268,2.867124108356929,10.037719540984972,15.116271077453707,1209.3016861962965,nan,0,3.473299992037937,18.757999991066754
344,11.466666666666637,SEARCH,0,0,0,0,-2.616683708147434,-4.144781431551921,2.498955577510514,10.160314797517726,2.4966382681853854,10.178597728150425,15.208722897937344,1216.6978318349875,nan,0,3.4795000101439655,18.677399988519028
345,11.49999999999997,SEARCH,0,0,0,0,-2.6902154167830874,-4.2119354640203,2.120737791561587,10.276175352673027,2.1269217753891243,10.284019611329589,15.275389496663283,1222.0311597330626,nan,0,3.2270000083371997,17.683300015050918
346,11.533333333333303,SEARCH,0,0,0,0,-2.763640920320473,-4.278681373418979,1.7383357172924796,10.377579170150833,1.7489748654876376,10.36817711811171,15.32625736770883,1226.1005894167065,nan,0,3.42100000125356,18.303199991350994
347,11.566666666666636,SEARCH,0,0,0,0,-2.8369573200464457,-4.345012692282909,1.352318185725669,10.464432762484769,1.345462042406434,10.466715635517517,15.390904059865566,1231.2723247892452,nan,0,3.0368999869097024,17.588699993211776
348,11.59999999999997,SEARCH,0,0,0,0,-2.9101617215550615,-4.4109229933195255,0.9632520808376,10.536661422755406,0.9585455850420481,10.53366428554253,15.437214294024795,1234.9771435219836,nan,0,3.2976000220514834,18.369199999142438
349,11.633333333333303,SEARCH,0,0,0,0,-2.983251234861916,-4.47640589003155,0.5717020552329075,10.594209585377403,0.5731060591702242,10.586116665927028,15.47666834146085,1238.1334673168678,nan,0,2.611099975183606,18.650200014235452
350,11.666666666666636,SEARCH,0,0,0,0,-3.0562229745181515,-4.541455037335812,0.17823015905153838,10.63704105480021,0.19611479341254,10.635317553286683,15.521344246687482,1241.7075397349986,nan,0,3.5354999999981374,18.792400020174682
351,11.699999999999969,SEARCH,0,0,0,0,-3.129074059724446,-4.606064132178077,-0.2166045967931426,10.665139124100522,-0.2156309513537658,10.666700384311243,15.54816666754791,1243.8533334038327,nan,0,2.8005000203847885,18.01159998285584
352,11.733333333333302,SEARCH,0,0,0,0,-3.201801614444705,-4.67022691414378,-0.612246726064546,10.678506601240207,-0.6249813488277028,10.692750238967148,15.57758227994007,1246.2065823952057,nan,0,2.887500013457611,18.66359999985434
353,11.766666666666636,SEARCH,0,0,0,0,-3.274402767519579,-4.733937166064645,-1.0081447876626435,10.677165757400308,-1.003237348475726,10.687155950820966,15.587440626360616,1246.9952501088494,nan,0,3.8843000074848533,18.56459997361526
354,11.799999999999969,SEARCH,0,0,0,0,-3.3468746527798756,-4.797188714621116,-1.4037519300642194,10.661158209111061,-1.3818763557637248,10.65136786335729,15.5730253531636,1245.8420282530878,nan,0,3.550499997800216,18.954700004542246
355,11.833333333333302,SEARCH,0,0,0,0,-3.419214409159639,-4.859975430940522,-1.7985264508418926,10.630544743745274,-1.7972169376239295,10.62152347640441,15.566235389964735,1245.2988311971787,nan,0,3.5866000107489526,19.790099991951138
356,11.866666666666635,SEARCH,0,0,0,0,-3.491419180809171,-4.9222912311909415,-2.1919323640698285,10.585405096219748,-2.1983617260318846,10.585656656361085,15.561762280165588,1244.940982413247,nan,0,2.5701000122353435,15.980399999534711
357,11.899999999999968,SEARCH,0,0,0,0,-3.5634861172077015,-4.984130077170728,-2.5834399697992803,10.525837683370685,-2.579172313418046,10.525509906530797,15.540843158862518,1243.2674527090014,nan,0,2.6188999763689935,17.655300005571917
358,11.933333333333302,SEARCH,0,0,0,0,-3.63541237327599,-5.045485976893565,-2.972526420894538,10.45195930136496,-2.9515065933045737,10.441048169703215,15.501627881922158,1240.1302305537727,nan,0,3.3475999953225255,18.027300015091896
359,11.966666666666635,SEARCH,0,0,0,0,-3.7071951094886155,-5.106352985169089,-3.3586762834130366,10.3639047906249,-3.3598762781308036,10.36071501692738,15.470967098151693,1237.6773678521354,nan,0,2.714000002015382,17.42499999818392
360,11.999999999999968,SEARCH,0,0,0,0,-3.7788314919860433,-5.166725204178947,-3.741382087434901,10.261826672035282,-3.762731893226859,10.270726704511999,15.437460303761949,1234.9968243009557,nan,0,3.032600012375042,17.956600000616163
361,12.033333333333301,SEARCH,0,0,0,0,-3.8503186926865727,-5.226596784048295,-4.120144865831203,10.145894757632716,-4.1211321006048625,10.150659023095358,15.379640309846051,1230.371224787684,nan,0,2.9270999948494136,16.69049999327399
362,12.066666666666634,SEARCH,0,0,0,0,-3.9216538893979065,-5.285961923412609,-4.49447467893416,10.016295738520862,-4.486096768108021,10.016596890947742,15.312965161270505,1225.0372129016403,nan,0,3.424900001846254,16.910100006498396
363,12.099999999999968,SEARCH,0,0,0,0,-3.992834265928634,-5.34481486997983,-4.863891123457992,9.87323275238774,-4.856773760500583,9.858922437257188,15.228263839248124,1218.2611071398496,nan,0,2.4865999876055866,18.206800014013425
364,12.1333333333333,SEARCH,0,0,0,0,-4.06385701219938,-5.403149921087751,-5.227923824334017,9.716924932705433,-5.238686410370811,9.71388169099031,15.162614183424152,1213.009134673932,nan,0,2.9023000097367913,16.57479998539202
365,12.166666666666634,SEARCH,0,0,0,0,-4.134719324353712,-5.46096142425657,-5.586112908381384,9.547606941453575,-5.599474079703202,9.551198728070776,15.083449835248034,1206.6759868198426,nan,0,3.071700019063428,18.149099982110783
366,12.199999999999967,SEARCH,0,0,0,0,-4.205418404868902,-5.518243777736602,-5.938009458947248,9.36552848701432,-5.935878024046662,9.374625366829793,14.9930664592265,1199.44531673812,nan,0,3.2823999936226755,17.859600018709898
367,12.2333333333333,SEARCH,0,0,0,0,-4.275951462666288,-5.574991431051087,-6.283175950825626,9.170953828729177,-6.2818388388851645,9.163935318497005,14.874795658919773,1189.9836527135817,nan,0,3.0177000153344125,17.278999992413446
368,12.266666666666634,SEARCH,0,0,0,0,-4.346315713221539,-5.631198885533989,-6.621186664910334,8.964161269479343,-6.636363760625874,8.959909108769262,14.76972418702667,1181.5779349621337,nan,0,3.5844999947585166,17.45159999700263
369,12.299999999999967,SEARCH,0,0,0,0,-4.416508378674507,-5.686860694862811,-6.95162808215955,8.745442637545487,-6.964799266626152,8.765950752246658,14.675746835351033,1174.0597468280826,nan,0,2.5787999911699444,17.119399999501184
370,12.3333333333333,SEARCH,0,0,0,0,-4.486526687938958,-5.741971465586329,-7.27409925655255,8.515102758915408,-7.266277078086733,8.52108546954187,14.531407549381969,1162.5126039505574,nan,0,3.448799980105832,19.548000011127442
371,12.366666666666633,SEARCH,0,0,0,0,-4.556367876811943,-5.7965258576471985,-7.588212166806582,8.273458921134889,-7.575816013036494,8.263777333077599,14.380862034747981,1150.4689627798384,nan,0,2.5037000013981014,16.99679999728687
372,12.399999999999967,SEARCH,0,0,0,0,-4.626029188082893,-5.8505185848993815,-7.893592046696583,8.020840329735499,-7.897615737498901,8.019025575303088,14.250176622137921,1140.0141297710338,nan,0,2.9362000059336424,15.552199998637661
373,12.4333333333333,SEARCH,0,0,0,0,-4.695507871642539,-5.903944415620366,-8.189877693884975,7.757587558220465,-8.206124929977978,7.757765483528984,14.105557397663913,1128.444591813113,nan,0,3.1734000076539814,15.828900010092184
374,12.466666666666633,SEARCH,0,0,0,0,-4.7648011845914,-5.956798173018101,-8.476721757224754,7.4840519925444875,-8.486800037048427,7.480707805455877,13.94345159489627,1115.4761275917017,nan,0,2.6317000156268477,16.478800011100248
375,12.499999999999966,SEARCH,0,0,0,0,-4.8339063913481395,-6.009074735732608,-8.75379100254832,7.200595270983483,-8.740330489487743,7.191051713311227,13.76602656924911,1101.2821255399288,nan,0,2.6442999951541424,16.42950001405552
376,12.5333333333333,SEARCH,0,0,0,0,-4.902820763757531,-6.060769038332226,-9.020766556997854,6.907588720255111,-9.018948086617101,6.893512081494515,13.592494379969068,1087.3995503975254,nan,0,3.2193000079132617,17.648600012762472
377,12.566666666666633,SEARCH,0,0,0,0,-4.971541581198134,-6.111876071804441,-9.277344131991772,6.605412788719037,-9.289589157562215,6.602875603339687,13.427972484047029,1074.2377987237624,nan,0,2.82100000185892,16.323799995006993
378,12.599999999999966,SEARCH,0,0,0,0,-5.040066130689764,-6.162390884041232,-9.523234224956493,6.294456477456885,-9.537091240921104,6.301650566082017,13.25049297620438,1060.0394380963505,nan,0,3.2001000072341412,18.126599985407665
379,12.633333333333299,SEARCH,0,0,0,0,-5.10839170700052,-6.212308580318925,-9.758162299984129,5.9751167700048615,-9.751390898683336,5.965839054831737,13.033216077296231,1042.6572861836985,nan,0,3.835999988950789,16.822900011902675
380,12.666666666666632,SEARCH,0,0,0,0,-5.1765156127536605,-6.261624323772468,-9.98186894760515,5.647798061486782,-9.977915509498912,5.629592423563488,12.8239805326033,1025.918442608264,nan,0,2.6894000184256583,16.03410000097938
381,12.699999999999966,SEARCH,0,0,0,0,-5.2444351585340145,-6.310333335864116,-10.194110023891222,5.3129115878711985,-10.202044218745199,5.316546873707101,12.639708501449187,1011.176680115935,nan,0,2.4717999913264066,16.55390000087209
382,12.733333333333299,SEARCH,0,0,0,0,-5.312147662994221,-6.35843089684645,-10.394656769127192,4.97087485605334,-10.417197751049983,4.969354086045544,12.424984870018616,993.9987896014894,nan,0,2.729300002101809,15.753199986647815
383,12.766666666666632,SEARCH,0,0,0,0,-5.379650452960556,-6.405912346219701,-10.583295906313372,4.622111075440291,-10.585395361646684,4.621272215259944,12.194202696660678,975.5362157328543,nan,0,2.996700000949204,12.8573999973014
384,12.799999999999965,SEARCH,0,0,0,0,-5.446940863538435,-6.452773083183358,-10.759829719779496,4.267048591696193,-10.754885112975694,4.270452213755302,11.965025404237105,957.2020323389683,nan,0,2.72030002088286,13.978099974337965
385,12.833333333333298,SEARCH,0,0,0,0,-5.514016238217688,-6.499008567081944,-10.9240761142107,3.9061203232830017,-10.917677405864778,3.9036257354111554,11.722386892017479,937.7909513613982,nan,0,2.6376000023446977,12.83819999662228
386,12.866666666666632,SEARCH,0,0,0,0,-5.580873928977355,-6.544614317845007,-11.075868654403344,3.53976320141142,-11.083803222961143,3.544701583274915,11.492455184475432,919.3964147580346,nan,0,3.176099999109283,14.723000000230968
387,12.899999999999965,SEARCH,0,0,0,0,-5.6475112963902925,-6.589585916421222,-11.21505658608474,3.1684176139960654,-11.21072986267925,3.1677450785700327,11.231870234387468,898.5496187509974,nan,0,2.3273999977391213,14.912099984940141
388,12.933333333333298,SEARCH,0,0,0,0,-5.713925709727346,-6.633919005206579,-11.341504838146035,2.7925268541884027,-11.326889699556885,2.781976300442813,10.96195462306214,876.9563698449712,nan,0,2.8642999823205173,13.678500021342188
389,12.966666666666631,SEARCH,0,0,0,0,-5.780114547061179,-6.677609288466627,-11.455094006651448,2.4125365740408125,-11.445402505948206,2.4081898707488745,10.70734486316339,856.5875890530712,nan,0,2.8654000198002905,12.558399990666658
390,12.999999999999964,SEARCH,0,0,0,0,-5.846075195369843,-6.720652532752707,-11.555720321000196,2.028894243834956,-11.562468096027828,2.0260513638538575,10.449017984940284,835.9214387952226,nan,0,2.551200013840571,14.694099983898923
391,13.033333333333298,SEARCH,0,0,0,0,-5.911805050639869,-6.76304456731218,-11.643295592629427,1.6420486175876299,-11.649661212511084,1.6495735413805581,10.183080907909376,814.6464726327501,nan,0,2.589499985333532,13.93590000225231
392,13.066666666666631,SEARCH,0,0,0,0,-5.977301517969128,-6.804781284492535,-11.717747146657725,1.2524492052273624,-11.706868866113506,1.2554131721452415,9.88911910514463,791.1295284115704,nan,0,2.7128999936394393,14.03809999465011
393,13.099999999999964,SEARCH,0,0,0,0,-6.042562011669246,-6.845858640139418,-11.779017736879034,0.860545751915186,-11.77268161684775,0.8577303399721281,9.601018376409197,768.0814701127358,nan,0,2.5807999772951007,13.95819999743253
394,13.133333333333297,SEARCH,0,0,0,0,-6.107583955367659,-6.8862726539885015,-11.827065444526275,0.46678772496335597,-11.828578671146227,0.46447597638284543,9.314681205756456,745.1744964605165,nan,0,2.9396000027190894,14.809399988735095
395,13.16666666666663,SEARCH,0,0,0,0,-6.17236478210938,-6.926019410051155,-11.861863561232683,0.07162380878609587,-11.864843570249086,0.0781650908113278,9.025680876008343,722.0544700806673,nan,0,2.960799989523366,15.40420000674203
396,13.199999999999964,SEARCH,0,0,0,0,-6.236901934458276,-6.965095056993888,-11.883400456626733,-0.3244985917029835,-11.877946349055959,-0.3281283823243779,8.71037936763591,696.8303494108729,nan,0,2.8534999873954803,13.834000012138858
397,13.233333333333297,SEARCH,0,0,0,0,-6.301192864598097,-7.003495808511548,-11.891679431003668,-0.7211338388515798,-11.866579645307121,-0.7299997070119898,8.386315242967017,670.9052194373613,nan,0,3.4542999928817153,14.429700007895008
398,13.26666666666663,SEARCH,0,0,0,0,-6.365235034432983,-7.041217943694179,-11.886718553523119,-1.117838540811528,-11.89389034004671,-1.128882108762788,8.09455029716319,647.5640237730552,nan,0,2.809400000842288,14.434500015340745
399,13.299999999999963,SEARCH,0,0,0,0,-6.429025915687738,-7.078257807387581,-11.86855048638797,-1.514172020506915,-11.874593512551785,-1.5060248960572014,7.79127627992546,623.3021023940368,nan,0,3.346400015288964,14.424699998926371
400,13.333333333333297,SEARCH,0,0,0,0,-6.492562990007606,-7.1146118105474745,-11.837222295464715,-1.9096967746895779,-11.842403224505295,-1.906631803776727,7.466180166964505,597.2944133571605,nan,0,2.6225000037811697,13.780000008409843
401,13.36666666666663,SEARCH,0,0,0,0,-6.555843749057669,-7.150276430587275,-11.792795247809883,-2.303978922762928,-11.775885112976724,-2.3137177299496585,7.11625827986445,569.300662389156,nan,0,3.1725000008009374,14.085000002523884
402,13.399999999999963,SEARCH,0,0,0,0,-6.61886569462193,-7.185248211719416,-11.735344596570915,-2.6965886450736463,-11.745515127821282,-2.7108032438101892,6.804644897551336,544.3715918041069,nan,0,2.94840001151897,13.265099987620488
403,13.433333333333296,SEARCH,0,0,0,0,-6.6816263387018715,-7.219523765290201,-11.664959353732899,-3.087100610389255,-11.686918385333362,-3.0780294527795906,6.496531660249967,519.7225328199972,nan,0,3.5642999864649028,14.699399995151907
404,13.46666666666663,SEARCH,0,0,0,0,-6.744123203614738,-7.253099770108163,-11.581742051185172,-3.475094392297793,-11.592908926858506,-3.464346115504702,6.153484967496359,492.27879739970876,nan,0,2.940100006526336,18.39699997799471
405,13.499999999999963,SEARCH,0,0,0,0,-6.806353822091324,-7.285972972765865,-11.48580849058365,-3.860154874283892,-11.470634943323178,-3.864703622745165,5.784514010984065,462.7611208787252,nan,0,3.5225000174250454,16.94050000514835
406,13.533333333333296,SEARCH,0,0,0,0,-6.868315737373348,-7.318140187955154,-11.37728748248614,-4.241872643253336,-11.363947934974322,-4.260481467425491,5.436909573216908,434.9527658573526,nan,0,2.6165999879594892,16.87389999278821
407,13.56666666666663,SEARCH,0,0,0,0,-6.930006503310512,-7.349598298775802,-11.256320575238638,-4.619844371295772,-11.259062370888218,-4.607718773341205,5.124317323957057,409.9453859165646,nan,0,2.9381999920587987,17.963399994187057
408,13.599999999999962,SEARCH,0,0,0,0,-6.991423684456986,-7.380344257037521,-11.123061774090935,-4.993673185492575,-11.133207995132585,-4.985558428518397,4.7842843185407125,382.74274548325695,nan,0,3.341300005558878,18.838300020433962
409,13.633333333333296,ACQUIRING,0,0,1,0,-7.052564856167642,-7.41037508355534,-10.977677251019553,-5.362969025593957,-10.973758761647774,-5.369513859529586,4.420506326214954,353.6405060971963,1.9895743142620956,1,3.771399991819635,18.378600012511015
410,13.666666666666629,ACQUIRING,0,0,1,0,-7.113427604693692,-7.439687868438253,-10.743403839059283,-5.702925554854534,-10.739717207865944,-5.699807235511457,4.022084149158109,321.7667319326488,2.0851235732240365,1,3.8806000084150583,19.47579998522997
411,13.699999999999962,ACQUIRING,0,0,1,0,-7.174009527278049,-7.468279771371197,-10.420241538210124,-6.013660687468814,-10.430346931634547,-6.0088994891533005,3.568406380884555,285.4725104707644,2.457109522977988,1,3.8798000023234636,17.33490001061
412,13.733333333333295,ACQUIRING,0,0,1,0,-7.23430823225015,-7.496148021890262,-10.008190348472077,-6.271477855930492,-10.021746011040763,-6.270069660564122,3.0451728224751613,243.6138257980129,2.3776783834440125,1,5.395600019255653,17.827000003308058
413,13.766666666666628,ACQUIRING,0,0,1,0,-7.294321339120351,-7.523289919651142,-9.614917250408599,-6.497418869731001,-9.61263767403921,-6.492785336772231,2.537031794062906,202.96254352503246,1.7534239806358194,1,4.166899976553395,18.39100001961924
414,13.799999999999962,ACQUIRING,0,0,1,0,-7.354046478673972,-7.549702834690789,-9.299734956010008,-6.695276975943541,-9.293975906387326,-6.714900916345748,2.1119233952444443,168.95387161955554,0.777456914183604,1,4.782900010468438,20.022999990032986
415,13.833333333333295,ACQUIRING,0,0,1,0,-7.413481293064752,-7.575384207682245,-9.051436170189607,-6.8588101050334815,-9.05077140127246,-6.866368596553985,1.7842146830632202,142.73717464505762,0.9011873023966693,1,4.383699997561052,18.700299988267943
416,13.866666666666628,ACQUIRING,0,0,1,0,-7.472623435907993,-7.600331550182644,-8.85395371298938,-7.00503890416575,-8.86388130302852,-6.994699768987708,1.5173622860800617,121.38898288640495,0.6615353742292894,1,4.951199982315302,18.70980000239797
417,13.899999999999961,ACQUIRING,0,0,1,0,-7.531470572373175,-7.624542444874319,-8.689322908682898,-7.13550262305471,-8.690003134179017,-7.127035282733784,1.2608374491366978,100.86699593093583,0.9265633190761927,1,3.583900019293651,20.289499982027337
418,13.933333333333294,ACQUIRING,0,0,1,0,-7.590020379276094,-7.648014545799039,-8.55902553283941,-7.24870739659423,-8.534012930966371,-7.254154339943968,1.0228625515693295,81.82900412554636,1.545918000638273,1,4.143799975281581,18.095500010531396
419,13.966666666666628,ACQUIRING,0,0,1,0,-7.648270545170643,-7.670745578585328,-8.463611468426489,-7.341558199587539,-8.448714768292893,-7.349551074426672,0.8624829643717653,68.99863714974123,1.7610531651687633,1,4.138599993893877,16.129299998283386
420,13.999999999999961,ACQUIRING,0,0,1,0,-7.70621877044,-7.692733340668843,-8.389017061902711,-7.418128940931731,-8.399543859176045,-7.40814575650776,0.7494596531698604,59.95677225358883,1.2278798433487554,1,4.2317000043112785,16.349999990779907
421,14.033333333333294,ACQUIRING,0,0,1,0,-7.763862767387457,-7.713975701505786,-8.331290993146558,-7.49181457589233,-8.340993606026213,-7.491418993098445,0.6185559743183995,49.48447794547196,1.3131457119602088,1,5.259600002318621,19.502799987094477
422,14.066666666666627,ACQUIRING,0,0,1,0,-7.82120026032673,-7.734470602779367,-8.291391508301988,-7.554741396081683,-8.282708957567472,-7.568418408033963,0.4904728422742814,39.23782738194251,1.3948561792753482,1,4.4710999936796725,18.277600000146776
423,14.09999999999996,ACQUIRING,0,0,1,0,-7.878228985671756,-7.7542160585992255,-8.266222460015065,-7.610608963319162,-8.255699891407973,-7.617108718863832,0.40160018337475517,32.128014669980416,1.6276183014189913,1,3.8462000084109604,19.020300009287894
424,14.133333333333294,ACQUIRING,0,0,1,0,-7.934946692026125,-7.773210155693872,-8.254536453400718,-7.660592694988977,-8.268025704138859,-7.657865041797038,0.35248563603339655,28.198850882671724,0.8005482341159683,1,4.217200010316446,18.062999995891005
425,14.166666666666627,ACQUIRING,0,0,1,0,-7.991351140271889,-7.791451053596073,-8.24592463141332,-7.7092855072404705,-8.267296891169561,-7.696870493944459,0.291704541792706,23.33636334341648,1.1440759584356714,1,4.01970001985319,18.941599992103875
426,14.19999999999996,ACQUIRING,0,0,1,0,-8.04744010365803,-7.8089369848211865,-8.241235469947185,-7.753766806335201,-8.242513930525693,-7.7407882452889805,0.2066350614697889,16.53080491758311,1.0325850003096129,1,4.489499988267198,18.792400020174682
427,14.233333333333293,ACQUIRING,0,0,1,0,-8.103211367888292,-7.825666255038425,-8.248927199380994,-7.791433860265366,-8.235059786773048,-7.808726050531811,0.1329322236748336,10.634577893986686,0.17496025491297212,1,4.506500001298264,18.136899976525456
428,14.266666666666627,ACQUIRING,0,0,1,0,-8.158662731208672,-7.841637243235032,-8.267771086830145,-7.818096839422177,-8.270401983419358,-7.819628083744348,0.11388618698547104,9.110894958837683,0.3737938527576711,1,3.7532999995164573,16.223099984927103
429,14.29999999999996,ACQUIRING,0,0,1,0,-8.2137920044943,-7.856848401873354,-8.290405582570463,-7.8434894992450666,-8.293172435095178,-7.830339442886711,0.08368977039600703,6.695181631680562,0.49631827002453455,1,4.095399985089898,17.618400015635416
430,14.333333333333293,ACQUIRING,0,0,1,0,-8.268597011335848,-7.871298257040792,-8.317167537303852,-7.869391063808214,-8.317874863250912,-7.873034012425637,0.049308412427486126,3.94467299419889,0.6142954281079999,1,4.956299992045388,19.619900005636737
431,14.366666666666626,ACQUIRING,0,0,1,0,-8.3230755881255,-7.884985408592611,-8.347867609514259,-7.891494764780441,-8.328276766570562,-7.896183732332281,0.012347255233283306,0.9877804186626644,0.5895487974584599,1,4.5368999999482185,19.52910001273267
432,14.39999999999996,ACQUIRING,0,0,1,0,-8.377225584142314,-7.897908530287621,-8.39013005071569,-7.912235398811215,-8.392129319745129,-7.917588308983221,0.024686332745597842,1.9749066196478273,0.5437463719659589,1,5.507800000486895,18.450800009304658
433,14.433333333333293,ACQUIRING,0,0,1,0,-8.431044861637174,-7.91006636991668,-8.431178882604996,-7.929054423097467,-8.439850754885859,-7.920592133988893,0.01372353690602815,1.097882952482252,0.36196051279745933,1,5.37970001460053,17.247999989194795
434,14.466666666666626,ACQUIRING,0,0,1,0,-8.484531295917165,-7.921457749424029,-8.47085897057411,-7.948843835575343,-8.47401213465002,-7.944340838539781,0.025185085293555842,2.0148068234844674,0.6881550158368899,1,4.9826000176835805,17.822900001192465
435,14.49999999999996,ACQUIRING,0,0,1,0,-8.537682775429431,-7.9320815650214405,-8.510122721325,-7.9667232631907785,-8.498934899539956,-7.967415310931285,0.05243921706097123,4.195137364877699,0.6827733873462676,1,5.245999986073002,17.847799987066537
436,14.533333333333292,ACQUIRING,0,0,1,0,-8.590497201844585,-7.9419367872951785,-8.552557564487648,-7.982278923653063,-8.536290501215465,-7.9894264142387215,0.07206685132799892,5.765348106239914,0.21035474812565616,1,5.0760000012815,17.914800002472475
437,14.566666666666626,ACQUIRING,0,0,1,0,-8.642972490139488,-7.951022461305736,-8.599922478354834,-7.991575004603057,-8.616495269743197,-7.999015197551423,0.054811914145210215,4.384953131616817,0.7322288250945206,1,4.986799991456792,17.847100010840222
438,14.599999999999959,ACQUIRING,0,0,1,0,-8.695106568679629,-7.959337706680373,-8.641599066054246,-7.999558493827696,-8.65119680416139,-7.99171807504107,0.054557819560733245,4.36462556485866,0.6667331259274157,1,5.473299999721348,18.882000003941357
439,14.633333333333292,ACQUIRING,0,0,1,0,-8.746897379300838,-7.96688171769842,-8.686386539217308,-8.007955165814732,-8.674666895820256,-8.003801938677706,0.08111932852901371,6.489546282321098,0.48634230132401657,1,5.046000005677342,16.852100001415238
440,14.666666666666625,ACQUIRING,0,0,1,0,-8.7983428773906,-7.973653763369345,-8.737289229796776,-8.014566217545328,-8.730360299211855,-8.026942063672456,0.08637866568212098,6.9102932545696785,1.2890353767300944,1,5.537299992283806,18.575199996121228
441,14.699999999999958,ACQUIRING,0,0,1,0,-8.849441031968745,-7.979653187503593,-8.790966528988557,-8.017898168254415,-8.792829137078144,-8.024881797512853,0.07246056725194859,5.7968453801558875,1.1615134090829478,1,5.541399994399399,19.528699980583042
442,14.733333333333292,ACQUIRING,0,0,1,0,-8.90018982576761,-7.984879408776161,-8.839645970597248,-8.021320971215053,-8.848469477609607,-8.021804498289992,0.06354885246162606,5.083908196930085,0.8878792965614184,1,5.568900000071153,21.282600006088614
443,14.766666666666625,ACQUIRING,0,0,1,0,-8.950587255311728,-7.989331920782929,-8.885895628351891,-8.026071431598258,-8.884841544246099,-8.026802760519683,0.07567405337434151,6.05392426994732,0.7982299548497103,1,6.855999992694706,19.34219998656772
444,14.799999999999958,ACQUIRING,0,0,1,0,-9.00063133099686,-7.99301029208973,-8.931628356937814,-8.03074001440327,-8.923129157761126,-8.041898721124717,0.09163332008483978,7.330665606787182,0.9385554061790244,1,4.884499998297542,18.706100003328174
445,14.833333333333291,ACQUIRING,0,0,1,0,-9.050320077168593,-7.995914166274155,-8.979601010348649,-8.033477911232419,-8.984852703726437,-8.039210803456767,0.07848933543314858,6.279146834651886,1.2546761106612632,1,4.962900013197213,18.187399982707575
446,14.866666666666625,ACQUIRING,0,0,1,0,-9.099651532200316,-7.998043261960087,-9.026759010891471,-8.033856046506619,-9.045873138535041,-8.03155806699436,0.06336685081099215,5.069348064879372,0.6205001739051327,1,5.579999997280538,17.077800002880394
447,14.899999999999958,ACQUIRING,0,0,1,0,-9.14862374857064,-7.999397372844966,-9.07357863408664,-8.038579287849906,-9.073727685118767,-8.034172712676089,0.08257569001199568,6.606055200959654,0.6670996926483749,1,5.577300005825236,19.206900004064664
448,14.933333333333291,ACQUIRING,0,0,1,0,-9.197234792940332,-7.999976367719778,-9.124235420926354,-8.041555142692555,-9.116535436981732,-8.041469529200489,0.09074176823159898,7.259341458527919,0.9682925678749874,1,6.040799984475598,21.1946000054013
449,14.966666666666624,ACQUIRING,0,0,1,0,-9.245482746228577,-7.9997801904817765,-9.176564671281426,-8.04535949717776,-9.181289854032922,-8.049046792572595,0.08091925290076489,6.473540232061191,0.7139347509008048,1,4.7494000173173845,18.567799997981638
450,14.999999999999957,ACQUIRING,0,0,1,0,-9.293365703688812,-7.998808860139904,-9.225066367838384,-8.04756222794909,-9.228074229502521,-8.041382971789918,0.07794569638028098,6.235655710422478,0.5955625898081269,1,5.456099985167384,18.181200022809207
451,15.03333333333329,ACQUIRING,0,0,1,0,-9.340881774983849,-7.997062470812965,-9.270195861269027,-8.051317924255263,-9.270749530983577,-8.035043791521712,0.07975658199355289,6.380526559484231,1.2834709829789848,1,6.449699983932078,18.431600008625537
452,15.066666666666624,ACQUIRING,0,0,1,0,-9.388029084260559,-7.994541191720496,-9.315119110092995,-8.05657529110429,-9.298005322884864,-8.051891481425741,0.10673955846593934,8.539164677275147,1.3538932865684505,1,5.653700005495921,17.752999992808327
453,15.099999999999957,ACQUIRING,0,0,1,0,-9.434805770223914,-7.991245267166376,-9.365242251275214,-8.056245302353213,-9.355994718961721,-8.066167486635498,0.10874061233610575,8.69924898688846,1.384221317280639,1,6.308100011665374,20.858299976680428
454,15.13333333333329,ACQUIRING,0,0,1,0,-9.481209986210425,-7.987175016515146,-9.416403660373707,-8.04657303164146,-9.42895172136671,-8.04963416461389,0.08143753081777864,6.515002465422292,0.7688700216665405,1,5.828800000017509,20.845499995630234
455,15.166666666666623,ACQUIRING,0,0,1,0,-9.52723990026112,-7.982330834161073,-9.459620710021825,-8.036263715452272,-9.463255021536249,-8.012780969363972,0.07086095849839595,5.668876679871676,0.46548085768109326,1,5.400299996836111,18.302600015886128
456,15.199999999999957,ACQUIRING,0,0,1,0,-9.572893695193795,-7.976713189489925,-9.50290609783654,-8.033146645247719,-9.488752856442527,-8.0330045088555,0.1012343488233311,8.098747905866489,1.1434473563912952,1,5.6754999968688935,20.197700010612607
457,15.23333333333329,TRACKING,1,0,1,0,-9.618169568674803,-7.9703226268334975,-9.55142331108213,-8.028156456617342,-9.53535051956662,-8.032626634533642,0.10363775504459424,8.29102040356754,1.292553511953109,1,5.451600009109825,18.229400011477992
458,15.266666666666623,TRACKING,1,0,1,0,-9.663065733290189,-7.963159765416864,-9.599328052038809,-8.019702445678071,-9.597054689627216,-8.027861833187249,0.09243276182846852,7.394620946277482,1.2871613002653655,1,6.065300025511533,20.27879998786375
459,15.299999999999956,TRACKING,1,0,1,0,-9.707580416616238,-7.955225299298378,-9.645365054493254,-8.008114687910552,-9.65956633707069,-8.004992006588695,0.06915256314213152,5.532205051370521,0.6354161680151821,1,5.503099993802607,17.837299994425848
460,15.33333333333329,TRACKING,1,0,1,0,-9.751711861289486,-7.946519997302416,-9.686437908791104,-8.001031750786758,-9.684527004691066,-7.997757993107415,0.0844934149520738,6.759473196165903,0.7495073561910023,1,6.089300004532561,19.469199993181974
461,15.366666666666623,TRACKING,1,0,1,0,-9.795458325076048,-7.937044702944891,-9.729148153846985,-7.992783780933544,-9.714930095806249,-8.009497500673676,0.1083245291153282,8.665962329226256,1.3334282503162962,1,5.497399979503825,18.633300001965836
462,15.399999999999956,TRACKING,1,0,1,0,-9.838818080940447,-7.926800334351506,-9.775588900809623,-7.978288088100048,-9.780928345432347,-7.987297078364131,0.08373217728762884,6.698574183010307,1.105298582746483,1,5.548400018597022,18.78239997313358
463,15.43333333333329,TRACKING,1,0,1,0,-9.881789417113772,-7.915787884168799,-9.818160821553697,-7.9642013077163885,-9.836390757064406,-7.959351292451749,0.0629190660730507,5.033525285844057,0.2617302917988371,1,6.22130002011545,17.22199999494478
464,15.466666666666622,TRACKING,1,0,1,0,-9.924370637161237,-7.904008419467958,-9.855532195588305,-7.952460471808825,-9.863988424750632,-7.948313226783803,0.07489277352918358,5.991421882334687,0.3049621439918892,1,5.858799995621666,18.298499984666705
465,15.499999999999956,TRACKING,1,0,1,0,-9.966560060049199,-7.891463081641422,-9.892561923481678,-7.94190144192231,-9.884114941755131,-7.95099150063543,0.10168987264447216,8.135189811557773,0.41349419863379566,1,6.653599994024262,17.11700001033023
466,15.533333333333289,TRACKING,1,0,1,0,-10.008356020211467,-7.8781530862922855,-9.931744705762737,-7.931018830083122,-9.940998912657736,-7.941240456048843,0.09228757316565118,7.3830058532520955,1.2394480830235652,1,5.7394000177737325,19.334299984620884
467,15.566666666666622,TRACKING,1,0,1,0,-10.049756867615113,-7.864079723116509,-9.965349819453273,-7.9181948662949875,-9.97651474355721,-7.91354220740307,0.08837955695923945,7.070364556739156,1.7662749458742621,1,5.395500018494204,19.125199993140996
468,15.599999999999955,TRACKING,1,0,1,0,-10.09076096782556,-7.849244355777958,-10.000345129617578,-7.907956914007503,-10.007295081411153,-7.89821239007778,0.09676994666801905,7.741595733441525,1.8292468476611643,1,5.686799995601177,17.449900013161823
469,15.633333333333288,TRACKING,1,0,1,0,-10.131366702071148,-7.833648421776254,-10.039266400653721,-7.897516787547837,-10.030498069237481,-7.901432923398669,0.12152867871384204,9.722294297107362,1.0715482757159318,1,6.543899973621592,18.33930000429973
470,15.666666666666622,TRACKING,1,0,1,0,-10.171572467307021,-7.817293432307504,-10.080660808661703,-7.879586955654585,-10.060761947633672,-7.8907708320645,0.13295826241842582,10.636660993474065,0.051680835332614236,1,4.665299988118932,16.351300000678748
471,15.699999999999955,TRACKING,1,0,1,0,-10.211376676278402,-7.800180972117856,-10.126504781020907,-7.8580599701658675,-10.12958216512848,-7.860759202857349,0.10178440005119593,8.142752004095675,0.29598595263496696,1,6.071099982364103,21.50689999689348
472,15.733333333333288,TRACKING,1,0,1,0,-10.250777757583286,-7.782312699349947,-10.17038797844747,-7.835657598200398,-10.183637520751109,-7.8286829192104355,0.08159662181604631,6.527729745283704,0.1398834348967307,1,5.021999997552484,18.96310001029633
473,15.766666666666621,TRACKING,1,0,1,0,-10.289774155734438,-7.763690345382238,-10.211149673061653,-7.815025467050105,-10.211091048649315,-7.809536078275334,0.09106515560341422,7.285212448273136,0.16662339853280642,1,5.434699996840209,18.95389999845065
474,15.799999999999955,TRACKING,1,0,1,0,-10.328364331220838,-7.744315714661242,-10.252013728613404,-7.7939336093111455,-10.230915182043553,-7.797736880628944,0.1111312631473501,8.890501051788007,0.9503127247010951,1,5.233900010352954,18.685399991227314
475,15.833333333333288,TRACKING,1,0,1,0,-10.366546760568438,-7.724190684526685,-10.29703211021069,-7.771881239063414,-10.292466504301107,-7.775436465625281,0.09007782440222803,7.206225952178242,1.0336301534989396,1,5.886999977519736,18.55690000229515
476,15.866666666666621,TRACKING,1,0,1,0,-10.404319936400299,-7.703317205029592,-10.338611156427504,-7.7483296778773,-10.341593663083257,-7.744232378370334,0.07489083237451173,5.991266589960938,0.44778430165502403,1,5.529900023248047,19.212699990021065
477,15.899999999999954,TRACKING,1,0,1,0,-10.441682367496123,-7.681697298743338,-10.37534655086885,-7.726896756672284,-10.376950566930095,-7.717487159624991,0.07396702066764643,5.917361653411714,0.4566665178986985,2,5.992000020341948,20.551999972667545
478,15.933333333333287,TRACKING,1,0,1,0,-10.478632578851096,-7.659333060567667,-10.41002256332035,-7.708736411812575,-10.396357494410678,-7.721838545841463,0.10332533672333567,8.266026937866854,0.6928401405244514,1,5.668800004059449,19.376799988094717
479,15.96666666666662,TRACKING,1,0,1,0,-10.515169111734156,-7.636226657525699,-10.449365776572005,-7.6864452722824925,-10.442002512215094,-7.693757894108354,0.09307628305810384,7.446102644648308,1.4179920171278546,1,5.315199989126995,17.673099995590746
480,15.999999999999954,TRACKING,1,0,1,0,-10.551290523745532,-7.612380328553958,-10.491045135411003,-7.665029629979448,-10.505835828084367,-7.65991751186243,0.06577167440891565,5.261733952713253,1.260614458147463,1,6.073800002923235,18.780199985485524
481,16.03333333333329,TRACKING,1,0,1,0,-10.586995388873738,-7.5877963842854195,-10.527178908964531,-7.6441220551846225,-10.540786744726017,-7.638922535390574,0.06891387466104229,5.513109972883383,1.1559934823792533,1,5.683099996531382,17.467199999373406
482,16.066666666666624,TRACKING,1,0,1,0,-10.622282297551834,-7.562477206825622,-10.557716992694665,-7.622459642783482,-10.545667669077005,-7.616563269132776,0.09378221277102279,7.502577021681823,1.5010978737569998,1,5.236299999523908,17.697200004477054
483,16.09999999999996,TRACKING,1,0,1,0,-10.657149856713076,-7.536425249521851,-10.594075624353028,-7.599735000910628,-10.584524523963253,-7.605394686775786,0.10015598949711894,8.012479159769516,1.3845282527224465,1,5.1577999838627875,20.02990001346916
484,16.133333333333294,TRACKING,1,0,1,0,-10.691596689845943,-7.509643036725411,-10.627580581471337,-7.574592604006982,-10.63491982914147,-7.577831789819549,0.08866776521288634,7.093421217030908,1.2452730973983726,1,5.556899996008724,19.33929999358952
485,16.16666666666663,TRACKING,1,0,1,0,-10.72562143704844,-7.482133163547026,-10.657996417988912,-7.547536356637748,-10.671686280146734,-7.5461622255130845,0.08371810990619118,6.697448792495295,1.3834760558327592,1,5.869799992069602,19.387600012123585
486,16.199999999999964,TRACKING,1,0,1,0,-10.75922275508181,-7.453898295605388,-10.691434287894554,-7.520286765505391,-10.690342328857533,-7.523382412877708,0.09783943821359367,7.827155057087494,1.56095820191789,1,4.970500012859702,19.827200012514368
487,16.2333333333333,TRACKING,1,0,1,0,-10.792399317423545,-7.4249411687688545,-10.729059096454735,-7.490932696577482,-10.725196259996718,-7.491397727256916,0.09451309482601108,7.561047586080886,1.6534168969004175,1,5.346999998437241,18.083800008753315
488,16.266666666666634,TRACKING,1,0,1,0,-10.825149814319778,-7.395264588890368,-10.766415548781094,-7.459614070817958,-10.768597296502255,-7.459677898535881,0.08571616960054847,6.857293568043878,1.3290389288645912,1,4.768299986608326,17.288000002736226
489,16.29999999999997,TRACKING,1,0,1,0,-10.857472952836968,-7.364871431535558,-10.799725554231996,-7.427157751080118,-10.809057686200893,-7.4098547605100125,0.06608735074933955,5.286988059947164,1.3386384978365364,1,5.8216000034008175,18.096999992849305
490,16.333333333333304,TRACKING,1,0,1,0,-10.889367456912952,-7.33376464170413,-10.826395355826367,-7.397461298036358,-10.816057295627466,-7.389561768511082,0.09212870946461241,7.370296757168992,1.4262568441821457,1,6.274899991694838,19.413900008657947
491,16.36666666666664,TRACKING,1,0,1,0,-10.92083206740732,-7.301947233544486,-10.859712694929273,-7.365415151523243,-10.84161945230698,-7.3677783670427015,0.10299697339579576,8.239757871663661,2.3748060164252287,1,5.1679999742191285,18.121200002497062
492,16.399999999999974,TRACKING,1,0,1,0,-10.951865542151122,-7.269422290061668,-10.89962396581704,-7.332786514683794,-10.903305324136774,-7.346949263983358,0.09147965051887502,7.318372041510002,1.6850790735823042,1,5.121399997733533,17.36300002085045
493,16.43333333333331,TRACKING,1,0,1,0,-10.982466655995921,-7.2361929628186346,-10.932619777819014,-7.29411602471446,-10.94704455063864,-7.303317765510218,0.07589772515909991,6.071818012727992,0.9452511547892419,1,5.56789999245666,18.04140000604093
494,16.466666666666644,TRACKING,1,0,1,0,-11.012634200862138,-7.20226247163087,-10.95984299141558,-7.2519757325351595,-10.97392387604274,-7.2563770926704665,0.0665348138787694,5.3227851103015515,0.633141900918489,1,4.966799984686077,17.374200018821284
495,16.49999999999998,TRACKING,1,0,1,0,-11.042366985786753,-7.167634104254408,-10.984308976319504,-7.211392871888264,-10.972868331238136,-7.221588227178019,0.08798358008471904,7.038686406777523,1.2053006869853662,1,6.276800006162375,18.681799992918968
496,16.533333333333314,TRACKING,1,0,1,0,-11.07166383697033,-7.132311216067245,-11.013306641214013,-7.169587763449538,-11.014898118912386,-7.1851574396106335,0.07755688292751221,6.204550634200977,1.8160352485299533,1,5.68790000397712,18.05459999013692
497,16.56666666666665,TRACKING,1,0,1,0,-11.100523597823345,-7.096297229744228,-11.042655773496948,-7.125879473545766,-11.051473950891245,-7.126319851453952,0.05750848353494437,4.600678682795549,1.373711074141909,1,5.152300000190735,17.384599981596693
498,16.599999999999984,TRACKING,1,0,1,0,-11.128945129011864,-7.059595634925394,-11.069673868402377,-7.08698972067681,-11.086401374387574,-7.069061496045797,0.04358409783719961,3.4867278269759687,0.2133026375388252,1,5.690699996193871,18.135899998014793
499,16.63333333333332,TRACKING,1,0,1,0,-11.156927308502494,-7.022209987877856,-11.092419967472773,-7.056381400663834,-11.08147054872813,-7.059003907019689,0.08394947934002772,6.715958347202218,0.7341758486525594,1,5.116599990287796,17.570700001670048
500,16.666666666666654,TRACKING,1,0,1,0,-11.184469031606705,-6.984143911151187,-11.122752118792343,-7.0231129299661,-11.108953708289024,-7.038535119319176,0.093064319595361,7.44514556762888,1.6199884468924637,1,5.43449999531731,18.106200004694983
501,16.69999999999999,TRACKING,1,0,1,0,-11.211569211024425,-6.94540109322642,-11.156892879415015,-6.984533113943221,-11.166971455030785,-7.000002348000576,0.07050004867076784,5.640003893661427,0.8823902792966317,1,4.93080000160262,18.665499985218048
502,16.733333333333324,TRACKING,1,0,1,0,-11.238226776886973,-6.9059852881586545,-11.181738694593985,-6.943323523768207,-11.195711562566375,-6.929789869298473,0.048725778926237896,3.8980623140990316,0.39730611732250887,1,6.595199985895306,21.073300013085827
503,16.76666666666666,TRACKING,1,0,1,0,-11.2644406767993,-6.8659003152132785,-11.201670352902324,-6.907688787792843,-11.193387088420119,-6.896768835377016,0.07746920651883021,6.197536521506416,0.9774934007586987,1,5.873699992662296,18.104800023138523
504,16.799999999999994,TRACKING,1,0,1,0,-11.290209875881516,-6.825150058495918,-11.226163992268674,-6.873412436126044,-11.216587304870513,-6.886977616841041,0.09614015775517369,7.691212620413895,0.5314203382539565,1,5.601500015472993,18.655399995623156
505,16.83333333333333,TRACKING,1,0,1,0,-11.31553335680977,-6.783738466576056,-11.250802571467638,-6.832805436300076,-11.255104687955358,-6.833851322219133,0.07850428217759906,6.280342574207925,1.02431192462559,1,5.176400009077042,18.763800006126985
506,16.866666666666664,TRACKING,1,0,1,0,-11.340410119856392,-6.741669552104452,-11.271894729679927,-6.79411947519877,-11.293832182396848,-6.7845619582902525,0.06331873945675873,5.065499156540698,1.9983496161552161,1,5.1534999802242965,17.37770001636818
507,16.9,TRACKING,1,0,1,0,-11.364839182929373,-6.698947391424306,-11.288822408775223,-6.7566558228027995,-11.293919956796037,-6.737657019656417,0.08079586594139292,6.4636692753114335,2.7349101397383206,1,5.300800024997443,17.95409998157993
508,16.933333333333334,TRACKING,1,0,1,0,-11.388819581611136,-6.6555761241762985,-11.30881159680449,-6.72180683105909,-11.309616695357906,-6.727522212872607,0.10700157414514568,8.560125931611655,1.6352155115835938,1,4.961300001014024,17.98649999545887
509,16.96666666666667,TRACKING,1,0,1,0,-11.412350369196599,-6.611559952897449,-11.337384791785105,-6.67767437332096,-11.340891180252578,-6.686344445727904,0.10343662819545932,8.274930255636745,1.2612823449788975,1,4.806900018593296,18.51689998875372
510,17.000000000000004,TRACKING,1,0,1,0,-11.43543061673056,-6.566903142613913,-11.366396799593437,-6.6306563756348735,-11.387138991072742,-6.6218508027468905,0.07315276114244809,5.852220891395847,1.2603097443460938,1,4.929099988657981,19.59410001290962
511,17.03333333333334,TRACKING,1,0,1,0,-11.458059413044364,-6.521610020427728,-11.393046872499141,-6.583763231392912,-11.402502167660938,-6.5801965452587625,0.08074025270193076,6.459220216154461,1.3500265685835402,1,4.646399989724159,17.723299999488518
512,17.066666666666674,TRACKING,1,0,1,0,-11.480235864791883,-6.475684975097504,-11.417362142954326,-6.537348135196662,-11.417525651921949,-6.534183961324436,0.08575956032869551,6.860764826295641,2.0118745010227914,1,5.327599996235222,17.963499994948506
513,17.10000000000001,TRACKING,1,0,1,0,-11.501959096484772,-6.429132456613197,-11.441767391634503,-6.494184989121164,-11.445822215067324,-6.5100712843335184,0.09850098115255738,7.880078492204591,1.2170376517874704,1,5.072100000688806,18.603600008646026
514,17.133333333333344,TRACKING,1,0,1,0,-11.52322825052704,-6.381956975764887,-11.462057715035147,-6.443921757118728,-11.466745161836055,-6.43903650895988,0.08030200755791855,6.424160604633484,1.8495687675452728,1,5.766699992818758,19.79580000624992
515,17.16666666666668,TRACKING,1,0,1,0,-11.544042487248907,-6.334163103705732,-11.478590125007377,-6.39801162788778,-11.496561836019334,-6.381694742502434,0.06718384424759087,5.37470753980727,2.6007720356449284,1,4.763700009789318,19.10850001149811
516,17.200000000000014,TRACKING,1,0,1,0,-11.564400984939939,-6.285755471509001,-11.491779750245117,-6.353079144631505,-11.499615711886323,-6.350560502287309,0.09163418368059531,7.330734694447625,2.0063943087799245,1,5.208199989283457,18.548699998063967
517,17.23333333333335,TRACKING,1,0,1,0,-11.584302939881516,-6.2367387697193735,-11.508782868587335,-6.30204596939721,-11.501349299403277,-6.31505893684707,0.11408485897569072,9.126788718055257,0.9705872537591944,1,4.933100019115955,18.587300000945106
518,17.266666666666683,TRACKING,1,0,1,0,-11.603747566378528,-6.187117747898414,-11.528071948596496,-6.243625033710555,-11.533681261234667,-6.243846659276373,0.09015240708179079,7.212192566543263,0.7269568294457653,1,5.511700001079589,18.322699994314462
519,17.30000000000002,TRACKING,1,0,1,0,-11.622734096790419,-6.13689721416436,-11.547948357398589,-6.186149917610084,-11.561621948508712,-6.17127968657808,0.07012024726771487,5.60961978141719,1.0106145838327623,1,4.9718000227585435,18.47249999991618
520,17.333333333333353,TRACKING,1,0,1,0,-11.641261781561475,-6.086082034726252,-11.566048117899344,-6.133516183924016,-11.57523745260118,-6.111457313499807,0.07073271370089657,5.658617096071725,1.3048440137710127,1,5.307999992510304,19.957799988333136
521,17.36666666666669,TRACKING,1,0,1,0,-11.65932988925043,-6.0346771334123765,-11.583364892082601,-6.082660025804411,-11.575825581338924,-6.089791872231332,0.10005300532648267,8.004240426118614,0.5521685718651526,1,4.8390000010840595,19.682000012835488
522,17.400000000000023,TRACKING,1,0,1,0,-11.676937706559325,-5.982687491193202,-11.603802848986144,-6.026434150610578,-11.603227003813377,-6.046258609457673,0.09733732468430048,7.786985974744038,0.8284299259295097,1,5.205900000873953,19.069000001763925
523,17.43333333333336,TRACKING,1,0,1,0,-11.694084538361688,-5.9301181456987,-11.623753982211786,-5.966187011237151,-11.641062155128255,-5.967791699530624,0.06504359908615026,5.203487926892021,1.2895013594797282,1,4.9774000071920455,18.708599993260577
524,17.466666666666693,TRACKING,1,0,1,0,-11.710769707729956,-5.876974190730256,-11.637374996250497,-5.9095271486474905,-11.641667425534013,-5.905723983978771,0.07484434525413391,5.987547620330713,1.0392518801693036,1,5.356499983463436,18.347900011576712
525,17.50000000000003,TRACKING,1,0,1,0,-11.72699255596221,-5.823260775767058,-11.653056952136758,-5.856061243940549,-11.63995440373542,-5.855255194046147,0.09273231768952675,7.4185854151621395,0.2819445449315843,1,5.296100018313155,17.514799983473495
526,17.533333333333363,TRACKING,1,0,1,0,-11.742752442608182,-5.768983105467146,-11.674439322435395,-5.804664222514232,-11.66630353159378,-5.820598133227484,0.09224178600823228,7.379342880658583,0.2214421765453067,1,4.7882999933790416,18.078000022796914
527,17.5666666666667,TRACKING,1,0,1,0,-11.758048745494536,-5.714146439163112,-11.694577864086508,-5.7497727302766535,-11.701525779665843,-5.746196375988575,0.0649772584569998,5.198180676559984,0.5344708183881666,1,4.834699997445568,19.1128000151366
528,17.600000000000033,TRACKING,1,0,1,0,-11.77288086074942,-5.658756090352451,-11.711484039578604,-5.697880080608365,-11.715916076612848,-5.692110456572584,0.06601136551892489,5.280909241513991,0.6794352800299938,1,5.037299997638911,19.486499979393557
529,17.63333333333337,TRACKING,1,0,1,0,-11.787248202826323,-5.602817426182745,-11.72865646292721,-5.644403094068626,-11.71442568301191,-5.64612620762236,0.0847276220715819,6.778209765726552,1.1671481184192658,1,5.39899998693727,18.575299996882677
530,17.666666666666703,TRACKING,1,0,1,0,-11.801150204527179,-5.546335866931555,-11.749696779240054,-5.587350049164015,-11.737854398167336,-5.602124387423042,0.08437249623764727,6.749799699011782,1.3615154947347992,1,4.9374999944120646,18.36019998881966
531,17.70000000000004,TRACKING,1,0,1,0,-11.814586317024766,-5.489316885481262,-11.768262361980803,-5.526149268786138,-11.775315786438957,-5.53561519327238,0.06071003110534546,4.856802488427637,0.9398961208596719,1,5.694699997548014,18.651599995791912
532,17.733333333333373,TRACKING,1,0,1,0,-11.827556009884368,-5.431766006788717,-11.781299609430395,-5.465593811272217,-11.794342511782833,-5.465900050262903,0.04762635173974895,3.8101081391799156,0.2900948954951056,1,5.713699996704236,18.22960001300089
533,17.76666666666671,TRACKING,1,0,1,0,-11.840058771084722,-5.3736888073499305,-11.787321344279995,-5.409070161589981,-11.790273274515096,-5.408097882180835,0.060519253956100943,4.841540316488075,0.7152721221841575,1,5.217199999606237,18.683500005863607
534,17.800000000000043,TRACKING,1,0,1,0,-11.852094107038221,-5.315090914659698,-11.794228842850753,-5.353356617330585,-11.780912044848115,-5.36772376911454,0.08852741578573653,7.082193262858922,0.09447627211485628,1,4.883899993728846,17.938400007551536
535,17.83333333333338,TRACKING,1,0,1,0,-11.863661542610407,-5.25597800666632,-11.806290456782367,-5.292382965757188,-11.808534298730562,-5.298816006398346,0.06981480673058546,5.585184538446837,0.22437369021177594,1,5.429399985587224,18.329300015466288
536,17.866666666666713,TRACKING,1,0,1,0,-11.874760621138735,-5.196355811221452,-11.81571138008063,-5.2331273078150895,-11.831039012403146,-5.222678264331778,0.051033818279384885,4.082705462350791,1.5510059177237094,1,6.6707999794743955,20.62530000694096
537,17.90000000000005,TRACKING,1,0,1,0,-11.885390904450588,-5.13623010552505,-11.820530519567189,-5.179833914163498,-11.821148584512688,-5.16644330729045,0.07099234629113407,5.679387703290726,2.2221581655705496,1,6.022499990649521,20.41789999930188
538,17.933333333333383,TRACKING,1,0,1,0,-11.895551972880583,-5.075606715565627,-11.825904644202094,-5.126731574156091,-11.811741977445333,-5.133978160112975,0.10213393595373035,8.170714876298428,1.7644478047055465,1,5.481100000906736,19.49960002093576
539,17.96666666666672,TRACKING,1,0,1,0,-11.905243425287134,-5.014491515555682,-11.836685310494664,-5.068804966524905,-11.838011178583546,-5.078775882378773,0.09301964746577904,7.4415717972623225,0.8765469294426397,1,5.925800011027604,18.218300014268607
540,18.000000000000053,TRACKING,1,0,1,0,-11.914464879068294,-4.952890427362561,-11.848403818146295,-5.004142885658192,-11.858842212731904,-5.00234514547867,0.07442882609791153,5.954306087832922,1.126977667921192,1,5.3878999897278845,19.431799999438226
541,18.03333333333339,TRACKING,1,0,1,0,-11.923215970176864,-4.8908094199345955,-11.857117708383175,-4.941519139839649,-11.858122888769032,-4.929833751824635,0.07589471474767305,6.071577179813843,1.725315483643074,1,5.311199987772852,19.869000010658056
542,18.066666666666723,TRACKING,1,0,1,0,-11.931496353134747,-4.828254508722779,-11.864524954613985,-4.881849348800031,-11.845554910082134,-4.883569002144548,0.10220383953879882,8.176307163103905,1.6932818007491124,2,6.088599999202415,20.075100008398294
543,18.10000000000006,TRACKING,1,0,1,0,-11.939305701046601,-4.765231755097846,-11.878588208356561,-4.820761198031066,-11.865179006887502,-4.82281472265562,0.09386460962320355,7.509168769856284,1.461268534557933,2,5.914500012295321,19.319399987580255
544,18.133333333333393,TRACKING,1,0,1,0,-11.946643705612743,-4.701747265762967,-11.892180886586038,-4.755653852878554,-11.90123498652946,-4.760833767783766,0.07451957118662483,5.961565694929987,1.2658701309687355,2,5.168400006368756,18.621299997903407
545,18.16666666666673,TRACKING,1,0,1,0,-11.953510077141319,-4.637807192162041,-11.901419566386279,-4.690204663593116,-11.912955880571804,-4.67524639522389,0.055193629934124994,4.41549039473,1.767626726143589,2,5.204299988690764,17.643700004555285
546,18.200000000000063,TRACKING,1,0,1,0,-11.959904544559736,-4.573417729883602,-11.907896153179909,-4.628467570930757,-11.896311791853229,-4.63046260672279,0.0854292465750991,6.8343397260079275,1.4755605282975253,2,6.485999998403713,18.645200005266815
547,18.2333333333334,TRACKING,1,0,1,0,-11.965826855425373,-4.50858511806053,-11.914986677006114,-4.562640809853615,-11.908856872825856,-4.569388436547842,0.08332240068828285,6.665792055062628,1.0340050245233963,2,5.916399997659028,19.175399997038767
548,18.266666666666733,TRACKING,1,0,1,0,-11.971276775935532,-4.443315638765459,-11.92177581754457,-4.49356998922042,-11.921569653731131,-4.4960483473382515,0.0724674861663235,5.79739889330588,1.031733290525239,1,5.112199985887855,17.732800013618544
549,18.300000000000068,TRACKING,1,0,1,0,-11.976254090936687,-4.377615616402104,-11.925427085982793,-4.426382848554522,-11.941067285550393,-4.426885616568845,0.060544563667794406,4.843565093423552,0.8727497520933815,1,5.161600012797862,16.919599991524592
550,18.333333333333403,TRACKING,1,0,1,0,-11.980758603932964,-4.311491417092401,-11.925057573299533,-4.357118811721854,-11.925321310860545,-4.35177322566142,0.06852676531683365,5.482141225346692,0.7143931983877967,1,5.2973999991081655,16.640299989376217
551,18.366666666666738,TRACKING,1,0,1,0,-11.984790137093903,-4.2449494480597005,-11.926315462290992,-4.287231044759703,-11.91780240255832,-4.292683747262753,0.08225521198450819,6.580416958760655,0.18927059643644684,1,5.466299975523725,17.326400004094467
552,18.400000000000073,TRACKING,1,0,1,0,-11.988348531261474,-4.177996157007884,-11.930276380567413,-4.214763842457143,-11.927225296260142,-4.205129656419785,0.06687508241014516,5.350006592811613,0.5485081715209503,1,5.474200006574392,16.844900004798546
553,18.433333333333408,TRACKING,1,0,1,0,-11.991433645956374,-4.110638031496621,-11.936995503255154,-4.146995454860843,-11.954138758641445,-4.132525799898593,0.04324330035336758,3.459464028269406,0.7874280149691303,1,5.866199993761256,17.9053999891039
554,18.466666666666743,TRACKING,1,0,1,0,-11.994045359383554,-4.042881598312762,-11.940009023820503,-4.081008248489875,-11.950370677426411,-4.063638580549344,0.04835628351752548,3.8685026814020387,1.5264091896570053,1,5.748499999754131,18.302999989828095
555,18.500000000000078,TRACKING,1,0,1,0,-11.99618356843704,-3.9747334228378732,-11.943533074955873,-4.018287783816998,-11.93810546926432,-4.019680878403488,0.0734393584213478,5.875148673707824,1.9983390713283404,1,5.778099992312491,18.774000025587156
556,18.533333333333413,TRACKING,1,0,1,0,-11.997848188704001,-3.9062001084121185,-11.949638400429649,-3.954656634846693,-11.940975642133091,-3.9556358810214247,0.07535504075335187,6.028403260268149,2.5015231595160574,1,5.85380001575686,19.0252999891527
557,18.566666666666748,TRACKING,1,0,1,0,-11.999039154468079,-3.8372882956943704,-11.956369282083024,-3.890598924936927,-11.965900931617298,-3.8952747431436525,0.06678749809280446,5.342999847424357,2.5730269235111356,1,5.403999995905906,17.413699999451637
558,18.600000000000083,TRACKING,1,0,1,0,-11.999756418711984,-3.7680046620187992,-11.96003348526701,-3.8248408619079317,-11.970482201743819,-3.814474808251421,0.05492225659949223,4.393780527959378,2.652385511374691,1,5.328400002326816,17.304000008152798
559,18.633333333333418,TRACKING,1,0,1,0,-11.999999953119353,-3.698355920747818,-11.963552845582125,-3.7570310528132853,-11.954423018787066,-3.757100281516143,0.07435157607750313,5.948126086200251,2.3177177739838517,1,5.974300001980737,18.6680999759119
560,18.666666666666753,TRACKING,1,0,1,0,-11.999769748075863,-3.6283488206215964,-11.966649805845687,-3.6841034869839615,-11.953564953284594,-3.6904601075431414,0.0774124991506781,6.192999932054248,1.412788352025441,1,5.283300008159131,17.74199999636039
561,18.700000000000088,TRACKING,1,0,1,0,-11.999065812669617,-3.5579901451041507,-11.965409521024132,-3.605581991801352,-11.967725875727412,-3.5987077683888007,0.051382063927912044,4.110565114232964,1.1088296729294935,1,5.473900004290044,18.425999995088205
562,18.733333333333423,TRACKING,1,0,1,0,-11.997888174690777,-3.4872867117260022,-11.962087953434526,-3.5300621570186332,-11.978677285195758,-3.52168777544853,0.03940166824426653,3.1521334595413224,0.9174592176511815,1,5.462799977976829,19.144699996104464
563,18.766666666666758,TRACKING,1,0,1,0,-11.996236880630475,-3.4162453714236305,-11.954841211209374,-3.4579812577368387,-11.958138003375996,-3.459047480593537,0.057302225065388304,4.584178005231064,1.011037701090198,1,5.157200008397922,19.205599994165823
564,18.800000000000093,TRACKING,1,0,1,0,-11.994111995678974,-3.34487300787559,-11.949314743730987,-3.3862528330466386,-11.938030106713892,-3.397198337581692,0.07670148889522299,6.136119111617839,0.8237218736010455,1,5.426199990324676,18.455400015227497
565,18.833333333333428,TRACKING,1,0,1,0,-11.991513603723092,-3.2731765368355545,-11.948072078209375,-3.30744776483127,-11.945147079802148,-3.3135379914493064,0.06147277087499385,4.917821669999508,1.0662003872623582,1,5.780299979960546,17.239000007975847
566,18.866666666666763,TRACKING,1,0,1,0,-11.988441807342896,-3.2011629054621498,-11.945825301505785,-3.2284022077231396,-11.958588802112883,-3.2222040450905842,0.03652302668353841,2.9218421346830725,0.456280842006017,1,5.936000001383945,17.317899997578934
567,18.900000000000098,TRACKING,1,0,1,0,-11.984896727807646,-3.1288390916458497,-11.940025240148763,-3.1546182286270152,-11.941817489432896,-3.142494497302957,0.04519171254343741,3.6153370034749925,0.3348044267755541,1,5.952800012892112,18.36159999947995
568,18.933333333333433,TRACKING,1,0,1,0,-11.980878505071013,-3.056212103332795,-11.933935891339072,-3.0830656476915674,-11.922196466143093,-3.086457828153668,0.06601806997086367,5.2814455976690935,0.565564020223613,1,5.446700000902638,18.568300001788884
569,18.966666666666768,TRACKING,1,0,1,0,-11.976387297765548,-2.983288977845765,-11.929924680191347,-3.0079851351857836,-11.918450981477806,-3.0169709065842327,0.06701558825032079,5.361247060025663,1.0381427452663654,1,4.973200004315004,18.563299992820248
570,19.000000000000103,TRACKING,1,0,1,0,-11.97142328319643,-2.910076781202303,-11.926500909855024,-2.9305345465495716,-11.93757594593924,-2.9320470545204547,0.04035263497067057,3.2282107976536456,1.131395153587731,1,4.848100012168288,18.532399990363047
571,19.033333333333438,TRACKING,1,0,1,0,-11.965986657334447,-2.8365826074299965,-11.92037804170456,-2.8528544289397124,-11.921422468207762,-2.8453775221778237,0.04542375455574452,3.6339003644595613,0.6608173964607271,1,5.057399976067245,17.28290002210997
572,19.066666666666773,TRACKING,1,0,1,0,-11.960077634808286,-2.7628135778791405,-11.915211122042235,-2.7817426413306987,-11.904953512513794,-2.776817515096015,0.05687511860481944,4.550009488385555,0.9934572879921959,1,5.1893000199925154,18.335700005991384
573,19.100000000000108,TRACKING,1,0,1,0,-11.953696448896036,-2.688776840532649,-11.911535688263474,-2.7107453359029847,-11.905928548844146,-2.7219675681054567,0.05816697234840079,4.653357787872063,1.0638422560372882,1,5.066699988674372,17.340999998850748
574,19.133333333333443,TRACKING,1,0,1,0,-11.946843351515989,-2.614479569313493,-11.906518473665649,-2.639256068317151,-11.91730331412034,-2.647600585705539,0.044380350789267886,3.550428063141431,0.6272688886466263,1,6.114900024840608,17.905899992911145
575,19.166666666666778,TRACKING,1,0,1,0,-11.939518613216697,-2.539928963389513,-11.897567942852689,-2.566395074046044,-11.906789851863833,-2.5533217529422143,0.03536295564140068,2.8290364513120543,0.96934371211268,1,5.019500007620081,14.694400015287101
576,19.200000000000113,TRACKING,1,0,1,0,-11.931722523166286,-2.4651322464759,-11.88779753617934,-2.496822226604804,-11.88036924664113,-2.498605306254472,0.06129930457035337,4.90394436562827,0.9375200594963393,1,6.397699995432049,14.082299981964752
577,19.233333333333448,TRACKING,1,0,1,0,-11.92345538914104,-2.390096666135192,-11.880275689816731,-2.4231498711036825,-11.866676722578454,-2.4381512365085687,0.07438453273628277,5.950762618902622,1.026394717962749,1,5.743900022935122,14.749099995242432
578,19.266666666666783,TRACKING,1,0,1,0,-11.914717537513257,-2.3148294930750293,-11.874066845205283,-2.3438321598101246,-11.873032766895724,-2.3513078070357762,0.05539212480899364,4.431369984719491,1.407188648869178,1,5.956799985142425,16.371200006688014
579,19.300000000000118,TRACKING,1,0,1,0,-11.905509313238358,-2.239338020443665,-11.867311719750413,-2.2622826584287155,-11.882802298932162,-2.253807901470316,0.026925563236954032,2.1540450589563225,0.8867362129223213,1,4.56339999800548,12.739700003294274
580,19.333333333333453,TRACKING,1,0,1,0,-11.895831079841269,-2.1636295631232363,-11.85666788723982,-2.1851811498417733,-11.855009252480412,-2.172421422525887,0.04175785412153683,3.340628329722947,1.0334839596314749,1,4.20180000946857,12.686800007941201
581,19.366666666666788,TRACKING,1,0,1,0,-11.885683219402074,-2.08771145702103,-11.845741970022928,-2.115430465111354,-11.81958014877272,-2.1207154610159336,0.07388423530310677,5.910738824248542,1.9560877439721953,1,4.689599998528138,12.424899992765859
582,19.400000000000123,TRACKING,1,0,1,0,-11.875066132540926,-2.011591058358601,-11.840184046982056,-2.044883659043105,-11.847676565305422,-2.052790552595473,0.04947309085474877,3.9578472683799015,1.8914742965368376,1,4.327500006183982,11.97300001513213
583,19.433333333333458,TRACKING,1,0,1,0,-11.863980238402235,-1.9352757429590348,-11.827334371812993,-1.9750962570734685,-11.832568814715128,-1.9704322488435253,0.0471450680777657,3.7716054462212565,2.727837211091737,1,5.109199992148206,10.34320000326261
584,19.466666666666793,TRACKING,1,0,1,0,-11.85242597463812,-1.8587729055322029,-11.81243087754047,-1.9087272651745757,-11.81034589600368,-1.895566518582167,0.055897253771103356,4.471780301688268,3.0407923397543635,1,4.251100006513298,11.619400000199676
585,19.500000000000128,TRACKING,1,0,1,0,-11.84040379739113,-1.782089958958262,-11.796953569343053,-1.8398200138405012,-11.774735410374538,-1.836326809936476,0.08517025923051938,6.813620738441551,2.7586066006099386,1,4.511700011789799,11.801999993622303
586,19.533333333333463,TRACKING,1,0,1,0,-11.827914181276237,-1.7052343335693896,-11.785982396693775,-1.7651971050528001,-11.77102518875037,-1.772515399558059,0.08810845198492476,7.04867615879398,1.8704256480763157,1,4.6245999983511865,11.406500008888543
587,19.566666666666798,TRACKING,1,0,1,0,-11.8149576193621,-1.6282134764297598,-11.775758450585567,-1.6825613067862013,-11.783356212128625,-1.681958638452435,0.06234734461049302,4.987787568839442,1.254639069811228,1,4.360799997812137,12.414099997840822
588,19.600000000000133,TRACKING,1,0,1,0,-11.8015346231516,-1.5510348506140028,-11.757782784296658,-1.6005047684837441,-11.76461167112698,-1.5898515654377596,0.05357277047083929,4.285821637667143,1.5113538811224116,1,4.682099999627098,14.085000002523884
589,19.633333333333468,TRACKING,1,0,1,0,-11.787645722561642,-1.473705934484001,-11.738713934137541,-1.5211623556250524,-11.734301211275199,-1.5260913944197894,0.07476545523885743,5.981236419108594,1.2897805022607243,1,4.342500003986061,11.361700017005205
590,19.666666666666803,TRACKING,1,0,1,0,-11.773291465902236,-1.3962342209643144,-11.721304017848267,-1.4404757825155448,-11.710258846383729,-1.4556323947516674,0.08660978104485374,6.928782483588299,0.38098730952923304,1,3.943899995647371,11.613399983616546
591,19.700000000000138,TRACKING,1,0,1,0,-11.758472419854863,-1.3186272168160864,-11.705874406040602,-1.3550894869130694,-11.70442863508655,-1.3510985784788363,0.06304855272182544,5.043884217746036,0.58437600200824,1,4.254800005583093,10.422499995911494
592,19.733333333333473,TRACKING,1,0,1,0,-11.743189169450083,-1.2408924419097167,-11.68822895162949,-1.272477771794084,-11.68391175643242,-1.2615120754325535,0.06276130161718002,5.020904129374402,0.5797583173111238,1,3.7521000194828957,11.276699980953708
593,19.766666666666808,TRACKING,1,0,1,0,-11.727442318044456,-1.1630374284961615,-11.675200725218785,-1.1933678203215563,-11.664241343953414,-1.1885422798184295,0.06815321391561543,5.452257113249235,0.9400229115366959,1,3.669800003990531,13.495399995008484
594,19.800000000000143,TRACKING,1,0,1,0,-11.711232487296709,-1.085069720477104,-11.665566357533933,-1.1123070366879702,-11.645036167751936,-1.1274918904997784,0.07862310875758048,6.289848700606438,1.5766910121370137,1,5.415699997683987,12.356099992757663
595,19.833333333333478,TRACKING,1,0,1,0,-11.694560317143203,-1.006996872673995,-11.656926497734224,-1.0307678423887112,-11.648089744852998,-1.0364119644620617,0.05499783371988045,4.399826697590436,1.28386187646461,1,4.138299991609529,10.970900009851903
596,19.866666666666813,TRACKING,1,0,1,0,-11.677426465772673,-0.9288264500959662,-11.642577513074063,-0.9488254738099,-11.651548030667364,-0.9296265317972752,0.025890800185170895,2.0712640148136714,0.6652777706654692,1,4.3304999999236315,12.695200013695285
597,19.900000000000148,TRACKING,1,0,1,0,-11.659831609600229,-0.8505660272068601,-11.622668231863022,-0.872529334906954,-11.624646811916099,-0.8593428994925133,0.03626297664549606,2.9010381316396847,0.6068660023181223,1,4.1151999903377146,10.127599991392344
598,19.933333333333483,TRACKING,1,0,1,0,-11.641776443240671,-0.7722231871912341,-11.60105943390167,-0.7962615057917644,-11.578956206867847,-0.8018300087507838,0.06944743321964089,5.555794657571271,0.8301685725047462,1,4.010600008768961,11.747500015189871
599,19.966666666666818,TRACKING,1,0,1,0,-11.623261679481043,-0.693805521219629,-11.583705289430766,-0.7120364890171512,-11.571613110368661,-0.7117329525895152,0.05467145038206417,4.3737160305651335,1.147933612046718,1,4.34399998630397,13.086000020848587
600,20.000000000000153,TRACKING,1,0,1,0,-11.604288049252524,-0.6153206277129535,-11.565714981343584,-0.6285091901830551,-11.571220143162503,-0.6172428381162925,0.033123727236124785,2.649898178889983,0.48919261115275925,1,4.598300001816824,13.484600000083447
601,20.033333333333488,TRACKING,1,0,1,0,-11.584856301601544,-0.5367761116062773,-11.54507325083835,-0.5512188577147761,-11.556247329860142,-0.5374491294027531,0.028616886921094736,2.289350953687579,0.8892179722821597,1,4.502700001467019,9.893899987218902
602,20.066666666666823,TRACKING,1,0,1,0,-11.564967203660228,-0.45817958361188826,-11.523569760322788,-0.4794423588082415,-11.505012517119917,-0.4908226114327419,0.06826515731659806,5.461212585327845,1.2470035583090697,1,4.439999989699572,12.39359998726286
603,20.100000000000158,TRACKING,1,0,1,0,-11.544621540616108,-0.3795386594818598,-11.508007378215416,-0.4017414020087578,-11.505697679390181,-0.41269378695296033,0.05113051388711168,4.090441110968934,1.426301422070277,1,4.163899982813746,12.230499996803701
604,20.133333333333493,TRACKING,1,0,1,0,-11.523820115681122,-0.3008609592701298,-11.490929555912402,-0.3236546680614931,-11.497169676841883,-0.3241709988920924,0.03540626833629144,2.832501466903315,1.630214099688429,1,4.118100012419745,11.488799995277077
605,20.166666666666828,TRACKING,1,0,1,0,-11.502563750059908,-0.22215410659409263,-11.472697768913605,-0.24727163891136658,-11.469497350515004,-0.23230754145394172,0.03459015782439281,2.7672126259514247,1.4723794190675845,1,3.9641000039409846,9.20219998806715
606,20.200000000000163,TRACKING,1,0,1,0,-11.480853282917385,-0.14342572789595154,-11.450344191979344,-0.1718576381445931,-11.455756692083478,-0.16682611652531013,0.034313511325563706,2.7450809060450965,0.843540607536922,1,4.620000021532178,11.780899978475645
607,20.233333333333498,TRACKING,1,0,1,0,-11.458689571345626,-0.06468345170368399,-11.42107500103759,-0.09402597646528185,-11.42049106500422,-0.10688873073303339,0.056924612116901134,4.55396896935209,0.9371191524007287,1,4.677499993704259,10.950399999273941
608,20.266666666666833,TRACKING,1,0,1,0,-11.436073490330006,0.014065092108081392,-11.388927371857513,-0.010639299787451525,-11.396725619029374,-0.01802806493098058,0.050776231689886694,4.062098535190935,1.9652891741067666,1,4.068700014613569,12.381000007735565
609,20.300000000000168,TRACKING,1,0,1,0,-11.413005932714682,0.09281227305743213,-11.353921301279948,0.07147501351937335,-11.367893805471173,0.07103066284076223,0.05009533479342697,4.007626783474158,2.4567073373688864,1,4.3889000080525875,11.892499984242022
610,20.333333333333503,TRACKING,1,0,1,0,-11.389487809167331,0.17155046079448436,-11.320396106451085,0.15198584029838824,-11.331546394419586,0.1459606350755719,0.06334071931462827,5.0672575451702615,2.518156477426031,1,4.657799989217892,12.848000013036653
611,20.366666666666838,TRACKING,1,0,1,0,-11.3655200481432,0.250272025840789,-11.290449370346865,0.23507445626143572,-11.289136294442494,0.2276490839882539,0.07966351315045797,6.373081052036638,2.058091932335082,1,4.20039999880828,9.928399987984449
612,20.400000000000173,TRACKING,1,0,1,0,-11.34110359584846,0.3289693403285825,-11.266655414307063,0.319288690443143,-11.266690154764113,0.31740973000189837,0.07530594136532952,6.024475309226361,1.6749890759757582,1,4.512299987254664,12.968700000783429
613,20.433333333333508,TRACKING,1,0,1,0,-11.316239416202833,0.40763477873988163,-11.245431961127755,0.40184708752001136,-11.260986918631607,0.41412751325019914,0.05563267106008695,4.450613684806956,1.106259329520902,1,4.337999998824671,12.981000007130206
614,20.466666666666843,TRACKING,1,0,1,0,-11.290928490801559,0.4862607186454212,-11.224661650753871,0.4800646201312312,-11.230741317239872,0.4934324794261201,0.060612952526998554,4.849036202159884,0.39608303933636313,1,4.5559999998658895,11.807900009443983
615,20.500000000000178,TRACKING,1,0,1,0,-11.265171818876633,0.5648395414431866,-11.204993021481062,0.5536716832797497,-11.178298540331337,0.5424051230133006,0.08972329494337455,7.177863595469964,0.9706092414228729,1,3.9197999867610633,11.166300013428554
616,20.533333333333513,TRACKING,1,0,1,0,-11.238970417257361,0.6433636330966886,-11.18946260875611,0.6344204168034019,-11.180201425627807,0.6171813027758483,0.06433746030256562,5.1469968242052495,1.7013240267108711,1,3.926700010197237,13.001599989365786
617,20.566666666666848,TRACKING,1,0,1,0,-11.212325320330221,0.7218253848726822,-11.171399757299495,0.7177534215295374,-11.178430758522971,0.7251563978880848,0.03405784737493331,2.7246277899946647,1.5352568419971644,1,4.5661999902222306,14.041799993719906
618,20.600000000000183,TRACKING,1,0,1,0,-11.185237579998008,0.8002171940784786,-11.149400369290683,0.797738462289499,-11.149116023976955,0.8213283536647181,0.041838354036191856,3.347068322895349,1.3494973355006625,1,4.08179999794811,10.679099999833852
619,20.633333333333518,TRACKING,1,0,1,0,-11.157708265638327,0.8785314647985999,-11.126595060427576,0.8732902637841494,-11.12086783597431,0.8762971381025334,0.036908122054827915,2.9526497643862335,0.7276811398278477,1,4.037600010633469,11.624399980064481
620,20.666666666666853,TRACKING,1,0,1,0,-11.129738464061377,0.9567606086307785,-11.097717590104907,0.9489658737325086,-11.09443433304305,0.9387600380992476,0.03962830057446077,3.170264045956862,0.5474162871062985,1,4.716700001154095,11.785499984398484
621,20.700000000000188,TRACKING,1,0,1,0,-11.101329279467032,1.0348970454212978,-11.066022300072389,1.0268751490775962,-11.081733069537055,1.0178643174537734,0.02596392238540686,2.0771137908325485,0.9520580934378431,1,4.581299988785759,12.407700007315725
622,20.733333333333523,TRACKING,1,0,1,0,-11.072481833401255,1.1129332039994289,-11.031985708238611,1.1068785619210675,-11.044259920132879,1.118945544455923,0.028855235682499234,2.308418854599939,0.668460890422525,1,3.763999993680045,11.143600015202537
623,20.766666666666858,TRACKING,1,0,1,0,-11.04319726471182,1.190861522911109,-10.997822905181495,1.181348563241158,-10.984982428983079,1.1766359834460824,0.059927732077856184,4.794218566228494,0.44742223209873294,1,5.035799986217171,11.803700006566942
624,20.800000000000193,TRACKING,1,0,1,0,-11.013476729503356,1.2686744511515655,-10.967201630213642,1.2584959070173092,-10.939578688452526,1.2528873681696773,0.07556555075050532,6.045244060040425,1.023407683680512,1,4.495800007134676,13.416500005405396
625,20.833333333333528,TRACKING,1,0,1,0,-10.983321401091702,1.3463644488970414,-10.943575502082174,1.337147941981859,-10.936162667958753,1.3268475163634172,0.05103779742726744,4.083023794181395,0.8616722842620596,1,4.301399982068688,11.71370001975447
626,20.866666666666863,TRACKING,1,0,1,0,-10.952732469957597,1.4239239882353225,-10.915292440115557,1.414977954211558,-10.925712989910087,1.4108825242028964,0.030002201355015138,2.4001761084012108,0.2606048721396278,1,3.7694000056944788,13.260699983220547
627,20.900000000000198,TRACKING,1,0,1,0,-10.921711143699657,1.5013455538952185,-10.883140929875697,1.4887012265709905,-10.883424412354474,1.4836144263266893,0.042193206585298404,3.375456526823872,0.7484847258420279,1,4.801600007340312,11.918200005311519
628,20.933333333333533,TRACKING,1,0,1,0,-10.890258646986725,1.5786216439747462,-10.852624492753248,1.5610905553774594,-10.848022900554215,1.560286700228509,0.046043766558449446,3.6835013246759556,1.229198902481717,1,4.351800016593188,13.82789999479428
629,20.966666666666868,TRACKING,1,0,1,0,-10.858376221509522,1.6557447706680208,-10.823278993921372,1.633308648130825,-10.824300189494705,1.6363059398577464,0.03923065257098412,3.1384522056787296,1.6570274113744834,1,5.265299987513572,10.962600004859269
630,21.000000000000203,TRACKING,1,0,1,0,-10.82606512593161,1.7327074609908475,-10.793355826780756,1.7048503885986928,-10.816784546136303,1.7060929139541785,0.028186224921122938,2.254897993689835,1.8507423561161418,1,4.6842000156175345,12.648699979763478
631,21.033333333333537,TRACKING,1,0,1,0,-10.793326635839724,1.8095022575047743,-10.752358682574531,1.7761841850809748,-10.768457690779504,1.7855548671515655,0.03452451206226089,2.761960964980871,3.9621675643005,1,3.9241999911610037,11.54180002049543
632,21.066666666666872,TRACKING,0,1,1,0,-10.760162043693388,1.8861217190397503,-10.712781771585771,1.8365881497449825,-10.715921381626602,1.8387627582458064,0.06480823518342288,5.18465881467383,8.730339042616535,2,4.9048000073526055,12.74180001928471
633,21.100000000000207,TRACKING,0,1,1,0,-10.726572658773913,1.9625584214150957,-10.683004878131621,1.8736977062764477,-10.679756103511965,1.8575258491111288,0.11499404806938088,9.19952384555047,14.114688459999213,2,4.40780000644736,12.729699985357001
634,21.133333333333542,TRACKING,0,1,1,0,-10.692559807132707,2.038804958158935,-10.66601539747635,1.896329781947431,-10.676091710642227,1.8953176050213416,0.14442928620072942,11.554342896058353,21.11006189630089,2,4.092599992873147,13.404800003627315
635,21.166666666666877,TRACKING,0,1,1,0,-10.658124831538906,2.114853941225808,-10.656293915124358,1.9003677346010621,-10.663982453797773,1.9159705801718656,0.19896960331327096,15.917568265061677,29.351378131577363,2,4.35589998960495,10.901000001467764
636,21.200000000000212,TRACKING,0,1,1,0,-10.623269091426396,2.1906980017125925,-10.655111562462226,1.887001547419555,-10.644410339160867,1.8888072356131422,0.3026301158376068,24.210409267008544,37.26525254950998,2,4.272599995601922,13.241400010883808
637,21.233333333333547,TRACKING,0,1,1,0,-10.587993962840102,2.26632979057251,-10.662242539331185,1.8670235802065682,-10.64983692306689,1.8554259279747765,0.4155316305978993,33.242530447831946,44.58357478077243,2,4.309000010835007,12.04839997808449
638,21.266666666666882,TRACKING,0,1,1,0,-10.5523008383817,2.3417419793272023,-10.67267130723191,1.846544082717814,-10.67788621396226,1.845438475995738,0.5119461436311391,40.955691490491134,51.919164279623914,2,4.8251000116579235,15.27979999082163
639,21.300000000000217,TRACKING,0,1,1,0,-10.516191127154638,2.4169272607768857,-10.679758909746331,1.823900100682371,-10.689397698970515,1.830169713211829,0.6117883099118258,48.94306479294607,59.09914139452404,2,4.41809999756515,12.480800010962412
640,21.333333333333552,TRACKING,0,1,1,0,-10.479666254708476,2.4918783497083425,-10.684450576050752,1.8015652517443475,-10.683437484874812,1.8076508316459758,0.7139257739550297,57.11406191640237,66.32367172727952,2,4.2224999924656,12.745999993057922
641,21.366666666666887,TRACKING,0,1,1,0,-10.442727662982643,2.5665879836008862,-10.690782604847907,1.7808701589572493,-10.670673367287115,1.7716199370725094,0.8270026838602191,66.16021470881753,72.90848130845299,2,4.517599998507649,15.16880001872778
642,21.400000000000222,TRACKING,0,1,1,0,-10.405376810249493,2.641048923330025,-10.701443183817117,1.7675727713042968,-10.700298734672169,1.7723257801195356,0.9174196646326516,73.39357317061213,79.74767842437916,1,3.949599980842322,13.977800001157448
643,21.433333333333557,TRACKING,0,1,1,0,-10.367615171056727,2.7152539538689555,-10.71015385247968,1.7554973435423937,-10.725125215812964,1.7564463078843797,1.023291519607238,81.86332156857905,86.58530434270358,0,3.5977000079583377,13.362300000153482
644,21.466666666666892,TRACKING,0,1,1,0,-10.329444236169207,2.7891958849876564,-10.717957721732274,1.745085196278481,-10.720340343621796,1.7523837456214757,1.1080519749355904,88.64415799484722,93.42053312286639,1,3.86399999842979,10.036599996965379
645,21.500000000000227,TRACKING,0,1,1,0,-10.290865512510088,2.8628675519495776,-10.724950773631711,1.7360419403240335,-10.714328697534985,1.7205461264393191,1.2182853968800655,97.46283175040526,100.25265629358108,1,3.9186000067275017,12.154199997894466
646,21.533333333333562,TRACKING,0,1,1,0,-10.251880523101317,2.9362618162059286,-10.731260800121413,1.7281582763498808,-10.728028359180325,1.7159397523134376,1.309924693036035,104.7939754428828,107.08104638926227,1,5.312300025252625,13.347100000828505
647,21.566666666666897,TRACKING,0,1,1,0,-10.212490807003533,3.009371566087326,-10.736993083451797,1.7212548895376474,-10.749944420265901,1.7209131198396952,1.396059294627429,111.68474357019431,113.90513364075507,1,3.954799991333857,12.13580000330694
648,21.600000000000232,COASTING,0,0,1,0,-10.172697919255265,3.082189717492947,-10.74223680528461,1.7151803070480565,-10.761186779375869,1.7297737431534768,1.4749061346860777,117.9924907748862,120.72439060886138,1,4.231800005072728,10.069799987832084
649,21.633333333333567,COASTING,0,0,1,0,-10.132503430811594,3.1547092145768993,-10.747067360123802,1.7098064489692435,-10.73232784973524,1.7167768003310642,1.558024056770609,124.6419245416487,127.53832178163664,1,4.022700013592839,8.694799995282665
650,21.666666666666902,COASTING,0,0,1,0,-10.0919089284821,3.226923030431968,-10.75154849561777,1.7050250231036117,-10.733945207469706,1.7015698544963604,1.6549661310350416,132.39729048280333,134.34645636805084,1,3.8059999933466315,10.336300008930266
651,21.700000000000237,COASTING,0,0,1,0,-10.050916014868227,3.2988241677704417,-10.755734111271483,1.7007444674384427,-10.759416681832361,1.70285004457642,1.7461691203871261,139.6935296309701,141.14834320474677,1,3.994700004113838,10.302700015017763
652,21.733333333333572,COASTING,0,0,1,0,-10.009526308300016,3.3704056596021794,-10.75966977992394,1.6968873655260046,-10.77334543391925,1.6995080256657327,1.8372040060255004,146.97632048204005,147.94354709270752,0,3.590799984522164,12.934099999256432
653,21.766666666666907,COASTING,0,0,1,0,-9.967741442772201,3.441660569909665,-10.763394034133716,1.6933882611295206,-10.766128555663805,1.6976697978221893,1.9180526048984319,153.44420839187455,154.73164612182242,1,3.92040002043359,13.013199990382418
654,21.800000000000242,COASTING,0,0,1,0,-9.925563067879732,3.5125819943200685,-10.766939453832784,1.6901918104869529,-10.751288510018101,1.68489028344426,2.0055621396004524,160.4449711680362,161.51222969082406,1,3.9176999998744577,14.230600005248562
655,21.833333333333577,COASTING,0,0,1,0,-9.882992848752632,3.5831630607743024,-10.770333585948286,1.687251220031892,-10.771988091766366,1.6888040809410865,2.0925841647531858,167.40673318025486,168.2848970249947,1,4.3301999976392835,10.223199991742149
656,21.866666666666912,COASTING,0,0,1,0,-9.840032465990262,3.6533969301928493,-10.773599721951745,1.6845269254713338,-10.798180626639027,1.689134078378156,2.185492266921529,174.8393813537223,175.0492560556437,1,4.678199999034405,10.49429998965934
657,21.900000000000247,COASTING,0,0,1,0,-9.796683615594963,3.7232767971385003,-10.776757555284492,1.6819854749330514,-10.78062909522823,1.6845356792388582,2.263761041432028,181.10088331456225,181.80492256620494,1,5.09379999130033,10.746300016762689
658,21.933333333333582,COASTING,0,0,1,0,-9.752948008905129,3.7927958904757273,-10.779823737217296,1.679598584655805,-10.774195682728976,1.6706870074379923,2.355056883125816,188.4045506500653,188.551519537305,0,4.318899998907,10.150899994187057
659,21.966666666666917,COASTING,0,0,1,0,-9.708827372527626,3.8619474740268362,-10.782812346835103,1.6773423405662002,-10.77966516958141,1.661576112929782,2.447105987556547,195.76847900452378,195.28867664207198,1,5.1130000210832804,13.834599987603724
660,22.000000000000252,COASTING,0,0,1,0,-9.664323448269629,3.9307248472246306,-10.785735288413724,1.6751965232041341,-10.796381539694119,1.6751306472788394,2.523739431317891,201.89915450543126,202.01602985607107,1,4.610399977536872,12.86040002014488
661,22.033333333333587,COASTING,0,0,1,0,-9.619437993069875,3.9991213457617176,-10.788602627405705,1.6731440369406745,-10.795549925342915,1.6841979378429441,2.596557271035109,207.72458168280872,208.7332211555761,1,5.356299981940538,12.14760000584647
662,22.066666666666922,COASTING,0,0,1,0,-9.574172778929263,4.067130342236241,-10.791422874519654,1.6711704273762087,-10.788187034670234,1.6683803954824434,2.6884627429431953,215.0770194354556,215.43989828450898,1,4.434700007550418,12.59669999126345
663,22.100000000000257,COASTING,0,0,1,0,-9.52852959284095,4.134745246794035,-10.794203225912094,1.669263473295872,-10.781235771578729,1.6612966576394779,2.772583757695784,221.80670061566272,222.13571457520356,0,3.623099997639656,13.55230002081953
664,22.133333333333592,COASTING,0,0,1,0,-9.482510236719765,4.2019595077672065,-10.796949766272025,1.667412841663882,-10.80188333665768,1.6656967137430885,2.8589113902306957,228.71291121845564,228.82032881168823,1,3.8874000019859523,11.05559998541139
665,22.166666666666927,COASTING,0,0,1,0,-9.436116527331095,4.268766612308917,-10.799667640530895,1.6656097959178835,-10.814664530841569,1.6747442099767973,2.9375749899847006,235.00599919877604,235.4934051267638,1,3.8305000052787364,12.544500001240522
666,22.200000000000262,COASTING,0,0,1,0,-9.389350296219149,4.335160087024509,-10.802361199045068,1.6638469493289723,-10.80120069911866,1.6649725036905472,3.020467396009825,241.63739168078598,242.1546129261409,1,3.673500003060326,13.7729000125546
667,22.233333333333597,COASTING,0,0,1,0,-9.342213389634647,4.401133498598706,-10.805034120349013,1.6621180564651905,-10.790470958992769,1.6541010713309259,3.105420606562629,248.4336485250103,248.80362683433668,1,4.131900001084432,10.125500004505739
668,22.266666666666932,COASTING,0,0,1,0,-9.294707668461953,4.466680454419032,-10.807689514944336,1.6604178368718792,-10.810566972857908,1.6518416874626334,3.197052816999495,255.7642253599596,255.44012665818184,1,3.953899984480813,14.040700014447793
669,22.300000000000267,COASTING,0,0,1,0,-9.246835008145597,4.531794603195185,-10.810330013054406,1.6587418259916957,-10.824104127355415,1.6485551386165616,3.2864643135924267,262.91714508739415,262.0637973646222,1,4.03589999768883,11.164099996676669
670,22.333333333333602,COASTING,0,0,1,0,-9.198597298616235,4.596469635574497,-10.812957838821774,1.6570862491160372,-10.80991686124697,1.6633244293009195,3.346594019895776,267.7275215916621,268.67432907018616,1,4.342500003986061,12.567099998705089
671,22.366666666666937,COASTING,0,0,0,0,-9.149996444216054,4.6606992847532736,-10.815574873042793,1.6554479148097394,-10.803930151222195,1.6583693690266197,3.42775168733651,274.2201349869208,275.2714170399843,1,3.7137999897822738,12.186000007204711
672,22.400000000000272,COASTING,0,0,0,0,-9.101034363623553,4.724477327084013,-10.818182706210374,1.6538241248006218,-10.81690865596964,1.6566655333154574,3.515066683452765,281.20533467622124,281.85476169452875,0,4.568000003928319,12.059499975293875
673,22.433333333333607,COASTING,0,0,0,0,-9.05171298977784,4.78779758267849,-10.82078268336214,1.6522125977902198,-10.840729280473345,1.667300444822321,3.5969545000934393,287.75636000747517,288.424068622973,0,3.9059999980963767,10.608500015223399
674,22.466666666666942,COASTING,0,0,0,0,-9.002034269802309,4.850653916006532,-10.823375941999998,1.6506114050350162,-10.843080753820102,1.661286280558332,3.6825966477960526,294.6077318236842,294.9790486016221,0,3.8061000232119113,9.710099984658882
675,22.500000000000277,COASTING,0,0,0,0,-8.952000164927753,4.913040236490569,-10.825963444151498,1.649018915879747,-10.809764279005616,1.6422391299089991,3.761572461401047,300.92579691208374,301.5194176167795,0,3.5234999959357083,14.144100015982985
676,22.533333333333612,COASTING,0,0,0,0,-8.901612650414975,4.974950499095749,-10.828546003478026,1.6474337517052793,-10.8162901229401,1.6486279205816694,3.8380218498762817,307.0417479901025,308.0448968911364,0,3.5921000235248357,11.102799995569512
677,22.566666666666947,COASTING,0,0,0,0,-8.850873715476755,5.036378704915725,-10.831124308195065,1.6458547469910951,-10.843806019234767,1.6496855768726006,3.929563526766903,314.3650821413523,314.5552129130701,0,4.558299988275394,11.470099998405203
678,22.600000000000282,COASTING,0,0,0,0,-8.79978536319937,5.097318901753907,-10.833698940451482,1.6442809163932435,-10.845334712004856,1.6464149817015772,4.011609403198558,320.9287522558846,321.05009746829177,0,4.299199994420633,10.407299996586516
679,22.633333333333617,COASTING,0,0,0,0,-8.74834961046349,5.157765184700198,-10.836270392714917,1.6427114269084275,-10.823282354878957,1.6395839323068093,4.084476125348244,326.7580900278596,327.52928767339654,0,3.7613999738823622,12.820200005080551
680,22.666666666666952,COASTING,0,0,0,0,-8.696568487864573,5.2177116967032,-10.8388390816258,1.641145574338471,-10.825235631292701,1.622780765806421,4.177888486476014,334.23107891808115,333.99252601092985,0,3.4405000042170286,10.786500002723187
681,22.700000000000287,COASTING,0,0,0,0,-8.644444039632656,5.277152629137696,-10.84140535971104,1.6395827633907964,-10.845604459563006,1.6303915002115985,4.25957438316486,340.7659506531888,340.43956036563526,0,3.496099991025403,13.259100000141189
682,22.733333333333622,COASTING,0,0,0,0,-8.591978323551714,5.336082222367536,-10.843969525288086,1.6380224908531855,-10.851813903163714,1.6444374666182497,4.328405924763932,346.2724739811146,346.8701440616091,0,3.722399997059256,12.760200013872236
683,22.766666666666957,COASTING,0,0,0,0,-8.53917341087838,5.39449476630368,-10.846531830838904,1.636464331367877,-10.843627418567012,1.6382242272511827,4.406821602482444,352.54572819859555,353.2840359001183,0,4.122600017581135,13.813900004606694
684,22.800000000000292,COASTING,0,0,0,0,-8.486031386260194,5.452384600957532,-10.849092490090252,1.6349079254034296,-10.845278823969169,1.627819820438975,4.493700505454199,359.4960404363359,359.6810001978779,0,3.3494999806862324,11.024100007489324
685,22.833333333333627,COASTING,0,0,0,0,-8.432554347653298,5.50974611698933,-10.851651684000132,1.6333529690848143,-10.859254294124064,1.6207961939798543,4.583972527609282,366.7178022087425,366.0608068256007,0,4.342500003986061,12.29300000704825
686,22.866666666666962,COASTING,0,0,0,0,-8.378744406239594,5.566573756251715,-10.854209565819398,1.6317992055946609,-10.869319238489874,1.6441050599869174,4.646366716932249,371.70933735457993,372.423231246673,0,3.5945000126957893,11.942699988139793
687,22.900000000000297,COASTING,0,0,0,0,-8.32460368634344,5.622862012328275,-10.85676626537139,1.6302464179029288,-10.848708883577228,1.640649588957097,4.71477707124678,377.18216569974237,378.76805455580546,0,3.8537999789696187,10.562000010395423
688,22.933333333333632,COASTING,0,0,0,0,-8.270134325347755,5.678605431067091,-10.859321892670414,1.6286944226197744,-10.843620133382343,1.6230561198319564,4.803156193589296,384.2524954871436,385.0950635175474,0,3.8739000156056136,10.79339999705553
689,22.966666666666967,COASTING,0,0,0,0,-8.215338473609643,5.733798611109255,-10.861876540981209,1.6271430647980907,-10.854687353223953,1.623395402287417,4.884831322309315,390.7865057847452,391.404050604556,0,4.071200004545972,12.857800000347197
690,23.000000000000302,SEARCH,0,0,0,0,-8.160218294375513,5.788436204412213,-10.864430289405751,1.6255922135390068,-10.883842649628582,1.6306699887241642,4.970427500008889,397.63420000071113,nan,0,4.864999995334074,12.571600003866479
691,23.033333333333637,SEARCH,0,0,0,0,-8.104775963695644,5.842512916768005,-10.84800319477794,1.6331781258310283,-10.855677074135933,1.635058665338552,5.026940242065086,402.1552193652069,nan,0,4.003000009106472,13.37449997663498
692,23.066666666666972,SEARCH,0,0,0,0,-8.04901367033833,5.89602350831622,-10.812321563984339,1.651369617403241,-10.805130915251699,1.6586968808766471,5.054811491570906,404.38491932567246,nan,0,2.5277999811805785,10.965200024656951
693,23.100000000000307,SEARCH,0,0,0,0,-7.992933615703427,5.948962794051763,-10.765329286281586,1.6855712163508483,-10.746140628735903,1.6864829075146708,5.074335783109398,405.94686264875185,nan,0,2.1840999834239483,10.852200008230284
694,23.133333333333642,SEARCH,0,0,0,0,-7.936538013735472,6.001325644327225,-10.715191964755348,1.7389840544902002,-10.718290168092588,1.7432351787775957,5.086204819025195,406.8963855220156,nan,0,2.214000007370487,14.404599991394207
695,23.166666666666977,SEARCH,0,0,0,0,-7.879829090836271,6.053106985349961,-10.669976564551881,1.8126637009736535,-10.684131353534156,1.8257926900655383,5.072898316710923,405.83186533687376,nan,0,2.6422999799251556,10.05870001972653
696,23.200000000000312,SEARCH,0,0,0,0,-7.822809085776986,6.104301799673715,-10.637320073003924,1.9056296169709963,-10.631611876313249,1.8992823765639049,5.056833145838912,404.5466516671129,nan,0,2.2148000134620816,11.887500004377216
697,23.233333333333647,SEARCH,0,0,0,0,-7.765480249609789,6.154905126684776,-10.624103111292726,2.0150298658348484,-10.609898347886697,2.0086761243383497,5.028113886707804,402.24911093662433,nan,0,2.3347999958787113,15.749100013636053
698,23.266666666666982,SEARCH,0,0,0,0,-7.707844845578968,6.204912063082677,-10.636143739083932,2.136361111923077,-10.634536727872716,2.1285647499466744,5.018180227053949,401.45441816431594,nan,0,2.690900000743568,9.579100005794317
699,23.300000000000317,SEARCH,0,0,0,0,-7.649905149031589,6.25431776335528,-10.677925552060547,2.2637406321459728,-10.685021923060235,2.2710855867318167,5.00780115468641,400.62409237491283,nan,0,2.5388999783899635,11.617500014835969
700,23.333333333333652,SEARCH,0,0,0,0,-7.5916634473276705,6.303117440248317,-10.752372605053447,2.3902241041934555,-10.745655191556251,2.3981412559500583,5.019611829872767,401.5689463898214,nan,0,2.0874000038020313,12.82329999958165
701,23.366666666666987,SEARCH,0,0,0,0,-7.533122039749853,6.351306365229232,-10.860681736939238,2.508160381123352,-10.842535488059715,2.50705947263507,5.07251925014327,405.8015400114616,nan,0,2.4762000248301774,13.126199977705255
702,23.400000000000322,SEARCH,0,0,0,0,-7.474283237412676,6.39887986894539,-11.00222058081542,2.6095723661517725,-10.987119690091879,2.600765554502332,5.173557024799192,413.8845619839353,nan,0,2.1103000035509467,10.22160000866279
703,23.433333333333657,SEARCH,0,0,0,0,-7.415149363171309,6.445833341676493,-11.174496981720575,2.6865515087827236,-11.180234782753088,2.6893896876758494,5.318527723198311,425.48221785586486,nan,0,2.6042000099550933,11.09280000673607
704,23.466666666666992,SEARCH,0,0,0,0,-7.355722751529862,6.492162233781271,-11.373202793502418,2.731652387633408,-11.384320717812253,2.7345876042442256,5.508989804898452,440.7191843918761,nan,0,2.0493000047281384,12.14910001726821
705,23.500000000000327,SEARCH,0,0,0,0,-7.296005748549192,6.537862056138322,-11.592332174083856,2.738273346954531,-11.582753787069526,2.733647495872906,5.731339910203663,458.507192816293,nan,0,2.4762000248301774,16.081899986602366
706,23.533333333333662,SEARCH,0,0,0,0,-7.23600071175433,6.582928380581074,-11.824371637401734,2.7010092184219703,-11.816014960806536,2.693093621826735,6.008938755881497,480.7151004705197,nan,0,2.379999990807846,15.317999990656972
707,23.566666666666997,SEARCH,0,0,0,0,-7.175710010041387,6.627356840326894,-12.060556345727743,2.615962776783007,-12.065613662738544,2.615788924368678,6.3248584867178135,505.98867893742505,nan,0,2.577199978986755,9.470100019825622
708,23.600000000000332,SEARCH,0,0,0,0,-7.11513602358403,6.67114313040018,-12.291184531539772,2.4810027205087546,-12.31071342816585,2.4830818632750815,6.673371092948049,533.869687435844,nan,0,1.9272000063210726,12.912000005599111
709,23.633333333333667,SEARCH,0,0,0,0,-7.054281143739535,6.714283008049534,-12.505979612479734,2.295957593812022,-12.512799245748203,2.2929203753532885,7.024519015545406,561.9615212436324,nan,0,1.8017000111285597,11.313299997709692
710,23.666666666667002,SEARCH,0,0,0,0,-6.993147772954343,6.756772293158837,-12.694417246055323,2.063435156976359,-12.686285489388169,2.0567693172185684,7.3825364904027895,590.6029192322231,nan,0,3.3408000017516315,10.597300017252564
711,23.700000000000337,SEARCH,0,0,0,0,-6.931738324669259,6.798606868652317,-12.846886408576431,1.79193921661812,-12.862386922977159,1.7911709876518516,7.761894543147463,620.951563451797,nan,0,2.191399980802089,13.273499993374571
712,23.733333333333672,SEARCH,0,0,0,0,-6.8700552232241545,6.839782680893467,-12.956609470116373,1.4906505782389001,-12.971130973067009,1.497803324890772,8.109245880183897,648.7396704147118,nan,0,2.501300012227148,12.434300006134436
713,23.766666666667007,SEARCH,0,0,0,0,-6.808100903762257,6.880295740077826,-13.019271949451754,1.1689017251249934,-13.030086418959392,1.169377294749988,8.445572404550724,675.6457923640579,nan,0,2.24159998469986,10.47060001292266
714,23.80000000000034,SEARCH,0,0,0,0,-6.745877812134022,6.920142120619591,-13.032660357361017,0.835800309739724,-13.018144758397927,0.8245997751416113,8.746254577286779,699.7003661829423,nan,0,2.72170000243932,10.414799995487556
715,23.833333333333677,SEARCH,0,0,0,0,-6.683388404800548,6.959317961531976,-12.996322092019861,0.49996576664106906,-12.992613898620164,0.4959085913873342,9.032274742164176,722.5819793731342,nan,0,2.3219999857246876,12.774000002536923
716,23.86666666666701,SEARCH,0,0,0,0,-6.620635148736648,6.997819466801354,-12.911254356364582,0.16935196989261792,-12.91925889736342,0.17243101164435187,9.28755019854836,743.0040158838688,nan,0,2.56759999319911,13.101499993354082
717,23.900000000000347,SEARCH,0,0,0,0,-6.557620521333417,7.035642905755049,-12.779624857144027,-0.1488648010628208,-12.774870357767313,-0.14320371010610813,9.49684338413025,759.7474707304199,nan,0,2.5581000081729144,11.325200001010671
718,23.93333333333368,SEARCH,0,0,0,0,-6.494347010300451,7.072784613422854,-12.604524530000276,-0.44834856029402126,-12.595642228960921,-0.4516355221593042,9.687244279050846,774.9795423240677,nan,0,2.2883999918121845,11.323299986543134
719,23.966666666667017,SEARCH,0,0,0,0,-6.430817113567629,7.109240990892133,-12.389751071132828,-0.7236293260598328,-12.387112883883052,-0.7267387475542357,9.842765757896476,787.4212606317182,nan,0,2.4055999820120633,12.829400016926229
720,24.00000000000035,SEARCH,0,0,0,0,-6.367033339186476,7.145008505656557,-12.139621251340168,-0.9701014037192179,-12.142030432219775,-0.9645828998917684,9.955705107599679,796.4564086079743,nan,0,2.119999990100041,12.543599994387478
721,24.033333333333687,SEARCH,0,0,0,0,-6.3029982052312015,7.180083691958395,-11.858809597032124,-1.1840016461265304,-11.860675012704728,-1.1839735431352334,10.04217232117888,803.3737856943103,nan,0,2.146000013453886,12.469799985410646
722,24.06666666666702,SEARCH,0,0,0,0,-6.238714239699245,7.214463151124317,-11.552210889057372,-1.3623734224169162,-11.541607247390893,-1.3672892283524414,10.087970467526159,807.0376374020926,nan,0,2.1924999891780317,11.258300015470013
723,24.100000000000357,SEARCH,0,0,0,0,-6.174183980411494,7.248143551894737,-11.224823953534422,-1.5030207212779483,-11.216308382564483,-1.5019073654251867,10.09883208804255,807.906567043404,nan,0,2.3027000133879483,13.460799993481487
724,24.13333333333369,SEARCH,0,0,0,0,-6.1094099749121025,7.281121630746581,-10.881654334463226,-1.6044557958905965,-10.895525336989106,-1.5945673706716832,10.083885932962879,806.7108746370303,nan,0,2.3455000191461295,12.183499988168478
725,24.166666666667027,SEARCH,0,0,0,0,-6.044394780367879,7.313394192209533,-10.527633603852282,-1.6658429610814376,-10.542979749199016,-1.6474889801235137,10.026699055521464,802.1359244417171,nan,0,2.5625000125728548,11.569499998586252
726,24.20000000000036,SEARCH,0,0,0,0,-5.979140963467387,7.344958109175643,-10.167553254571612,-1.6869405300254876,-10.168329691759288,-1.684161724854618,9.9536077468688,796.2886197495039,nan,0,2.1209999977145344,11.392199987312779
727,24.233333333333697,SEARCH,0,0,0,0,-5.913651100319586,7.375810323202355,-9.806011317178857,-1.6680423903392545,-9.801833819954364,-1.6798743524482145,9.855119979283817,788.4095983427053,nan,0,2.43580000824295,11.175299994647503
728,24.26666666666703,SEARCH,0,0,0,0,-5.8479277763521464,7.405947844808842,-9.44737003414232,-1.6099203382953013,-9.454658894494534,-1.603726622941101,9.704779408796567,776.3823527037254,nan,0,2.5695000076666474,13.010800001211464
729,24.300000000000367,SEARCH,0,0,0,0,-5.781973586209344,7.435367753765694,-9.095723107090132,-1.513767992314823,-9.098979857732138,-1.5094858799202509,9.540070080108752,763.2056064087001,nan,0,2.0613000087905675,12.39519999944605
730,24.3333333333337,SEARCH,0,0,0,0,-5.715791133649682,7.464067199377867,-8.754871201664383,-1.3811468749732936,-8.754253822314839,-1.3826548843394708,9.353969592474755,748.3175673979804,nan,0,2.7470000204630196,10.678899998310953
731,24.366666666667037,SEARCH,0,0,0,0,-5.649383031443065,7.492043400760906,-8.428304548800144,-1.2139350724662787,-8.418749352834151,-1.219265159340265,9.140912790927782,731.2730232742226,nan,0,2.2709000040777028,11.821299995062873
732,24.40000000000037,SEARCH,0,0,0,0,-5.582751901267661,7.519293647110417,-8.119191620492503,-1.01427874081448,-8.117262716920758,-1.0216081257059522,8.909026218816528,712.7220975053223,nan,0,2.4945999903138727,11.608900007558987
733,24.433333333333707,SEARCH,0,0,0,0,-5.515900373606406,7.545815297964714,-7.830372982786343,-0.7845466203746505,-7.846601964955145,-0.7747203345468776,8.64080338393431,691.2642707147448,nan,0,1.9970999856013805,11.615199997322634
734,24.46666666666704,SEARCH,0,0,0,0,-5.448831087643126,7.571605783460695,-7.564359539666121,-0.5272876376422466,-7.570164632360451,-0.5204719285244683,8.365511204029914,669.240896322393,nan,0,2.2830999805592,10.587099997792393
735,24.500000000000377,SEARCH,0,0,0,0,-5.381546691158399,7.596662604582832,-7.323334479797924,-0.24519161050368,-7.308319812927075,-0.25021607247776406,8.079972749661874,646.3978199729498,nan,0,2.1942000021226704,10.551099985605106
736,24.53333333333371,SEARCH,0,0,0,0,-5.314049840424989,7.6209833334053325,-7.109158324834829,0.05894697422169487,-7.100052912202166,0.049380326778964444,7.7793945177212205,622.3515614176976,nan,0,2.3338999890256673,12.508700019679964
737,24.566666666667047,SEARCH,0,0,0,0,-5.24634320010299,7.644565613327396,-6.923376554398705,0.38226217726468353,-6.940616272106261,0.3875127680680122,7.45220619960309,596.1764959682471,nan,0,2.4452999932691455,12.511300010373816
738,24.60000000000038,SEARCH,0,0,0,0,-5.178429443134638,7.667407159301547,-6.76722935001423,0.7218469093633659,-6.782468503534916,0.7337615574534542,7.116767710085612,569.341416806849,nan,0,2.2363000025507063,11.056799994548783
739,24.633333333333717,SEARCH,0,0,0,0,-5.110311250638754,7.689505758055071,-6.64166305924049,1.0747804298414918,-6.624691700609866,1.0903264375147825,6.770710143840252,541.6568115072201,nan,0,2.0824999955948442,12.870500009739771
740,24.66666666666705,SEARCH,0,0,0,0,-5.0419913118049475,7.710859268304453,-6.547343032982569,1.4381531638635245,-6.539937004745982,1.4406069818771867,6.446697219076366,515.7357775261092,nan,0,2.2210000024642795,10.171699977945536
741,24.700000000000387,SEARCH,0,0,0,0,-4.9734723237874245,7.731465620962877,-6.484667534339394,1.8090889688376717,-6.492827274041439,1.8115822999576308,6.111747540530243,488.93980324241943,nan,0,2.2388000215869397,11.559199978364632
742,24.73333333333372,SEARCH,0,0,0,0,-4.904756991598505,7.7513228193407,-6.453782457133239,2.1847649848856925,-6.470113363818391,2.188648938875241,5.77872661340386,462.2981290723088,nan,0,2.290400007041171,13.787899981252849
743,24.766666666667057,SEARCH,0,0,0,0,-4.835848028001859,7.77042893933894,-6.454596627162315,2.5624292060838068,-6.4517625677742805,2.5688291138139316,5.446817469380603,435.7453975504482,nan,0,2.1352999901864678,13.536300015402958
744,24.80000000000039,SEARCH,0,0,0,0,-4.766748153405354,7.788782129635698,-6.486797489831461,2.9394159089376184,-6.4739297686019,2.935204054625994,5.145064547455162,411.60516379641297,nan,0,2.821400004904717,11.668499995721504
745,24.833333333333727,SEARCH,0,0,0,0,-4.697460095753733,7.806380611865561,-6.549867014683848,3.3131590727849183,-6.55365322457858,3.300351314162962,4.873371826902884,389.8697461522306,nan,0,2.7624999929685146,11.749900004360825
746,24.86666666666706,SEARCH,0,0,0,0,-4.627986590420871,7.82322268079191,-6.643097670948954,3.6812039239155383,-6.654311018385834,3.6763253390921875,4.6154900335678075,369.23920268542463,nan,0,2.0173999946564436,12.54470000276342
747,24.900000000000396,SEARCH,0,0,0,0,-4.558330380101802,7.839306704472153,-6.76560834894951,4.04121673146434,-6.763001008417881,4.04773360860821,4.385954755881426,350.87638047051405,nan,0,2.140500000678003,11.476299987407401
748,24.93333333333373,SEARCH,0,0,0,0,-4.488494214704449,7.854631124415862,-6.916360120430798,4.3909929788120925,-6.895518645968326,4.383125704716568,4.224348055227311,337.94784441818484,nan,0,2.071700000669807,11.497800005599856
749,24.966666666667066,SEARCH,0,0,0,0,-4.418480851241021,7.869194455735775,-7.094171746901415,4.728464029506623,-7.088916569321014,4.71520121927606,4.13266261144447,330.61300891555766,nan,0,2.37939998623915,12.238299997989088
750,25.0000000000004,ACQUIRING,0,0,1,0,-4.348293053719239,7.882995287291685,-7.297734859176665,5.05170240173875,-7.307362235685546,5.046628298743283,4.098910601292724,327.91284810341796,1.8635561409237567,1,2.5313000078313053,10.668400005670264
751,25.033333333333736,ACQUIRING,0,0,1,0,-4.277933593033165,7.896032281827172,-7.412409082563027,5.463829662859767,-7.407432712782948,5.471818912563534,3.9586077350794975,316.68861880635984,0.6435910511959432,1,3.6094000097364187,12.529300001915544
752,25.06666666666707,ACQUIRING,0,0,1,0,-4.207405246853844,7.908304176099181,-7.438194417060499,5.872933525677289,-7.4263980334188275,5.8726508258101395,3.8086479389017303,304.6918351121384,0.3566368846402932,1,3.4556000027805567,12.999400001717731
753,25.100000000000406,ACQUIRING,0,0,1,0,-4.136710799519599,7.9198097810004215,-7.375090862669083,6.2187488056144415,-7.362018027307346,6.222867227192428,3.644478116897435,291.55824935179476,1.7631337683995425,1,3.373299987288192,13.887700013583526
754,25.13333333333374,ACQUIRING,0,0,1,0,-4.065853041926172,7.930547981674592,-7.223098419388778,6.505258058440554,-7.231312648361805,6.512402610254074,3.4686122317804675,277.4889785424374,1.241750887153002,1,3.820299985818565,15.266200003679842
755,25.166666666667076,ACQUIRING,0,0,1,0,-3.994834771416506,7.940517737624409,-6.982217087219584,6.746519011966754,-6.9968867350220885,6.762846317586339,3.2247830881723845,257.98264705379074,0.9745680110267679,1,4.035400022985414,13.025299995206296
756,25.20000000000041,ACQUIRING,0,0,1,0,-3.9236587916703165,7.949718082812417,-6.652446866161501,6.948028059821053,-6.651235929286829,6.95730312068887,2.902510034210901,232.2008027368721,1.0580966951848632,1,3.5242000012658536,11.870999995153397
757,25.233333333333746,ACQUIRING,0,0,1,0,-3.852327912593422,7.958148125754609,-6.23378775621453,7.119991291359064,-6.214102715313017,7.116019047288668,2.507421305556583,200.59370444452662,1.0037327677540608,1,3.187399997841567,10.757800017017871
758,25.26666666666708,ACQUIRING,0,0,1,0,-3.7808449502067702,7.965807049606793,-5.7659823922621625,7.275813419650249,-5.761693464268701,7.266439535882523,2.1006845919638257,168.05476735710607,1.3874058777070113,1,3.7435999838635325,11.615299998084083
759,25.300000000000416,ACQUIRING,0,0,1,0,-3.7092127265353274,7.972694112243757,-5.365942171837548,7.408251347063277,-5.379609663177007,7.411705654665604,1.7620822839691177,140.96658271752943,1.4164916325963663,1,3.301299992017448,10.096799989696592
760,25.33333333333375,ACQUIRING,0,0,1,0,-3.637434069496631,7.978808646331167,-5.014733577948652,7.517010753673615,-5.02106059503685,7.515307902507193,1.459196800196559,116.7357440157247,0.7517023226147237,1,3.147100011119619,13.705299992579967
761,25.366666666667086,ACQUIRING,0,0,1,0,-3.565511812789155,7.984150059390234,-4.711945242296734,7.607372215952766,-4.701841752401728,7.606234127227006,1.1975250241405044,95.80200193124035,1.0400749324397613,1,3.406100004212931,12.840400013374165
762,25.40000000000042,ACQUIRING,0,0,1,0,-3.493448795780455,7.988717833855122,-4.450376448514512,7.68541843639703,-4.443283808294382,7.6849546670826925,0.9972254571985946,79.77803657588755,1.956156540633574,1,3.34700001985766,14.189799985615537
763,25.433333333333756,ACQUIRING,0,0,1,0,-3.4212478633950294,7.992511527123102,-4.220831386148888,7.7537981047877755,-4.2265445058407805,7.76172018706285,0.8377155394172933,67.01724315338346,2.0269972951254505,1,2.9399000050034374,12.261600000783801
764,25.46666666666709,ACQUIRING,0,0,1,0,-3.348911866002072,7.995530771597436,-4.0120657825391755,7.81156593480621,-4.017021719882873,7.825896519834259,0.6893087524642917,55.14470019714334,1.1358513293830474,1,2.818899985868484,10.645900008967146
765,25.500000000000426,ACQUIRING,0,0,1,0,-3.2764436593029,7.997775274722993,-3.821002822183612,7.853815934608658,-3.8039660394376766,7.8533894432584015,0.5469251592958412,43.754012743667296,1.7099763721801848,1,3.2804000074975193,14.22029998502694
766,25.53333333333376,ACQUIRING,0,0,1,0,-3.2038461042182287,7.999244819014603,-3.653272091690644,7.888857524703555,-3.648855062056181,7.8788482292620845,0.46100792984509115,36.88063438760729,1.9500030523954324,2,3.7592000153381377,11.947199993301183
767,25.566666666667096,ACQUIRING,0,0,1,0,-3.1311220667752364,7.999939262078126,-3.4995891572947486,7.919328467881518,-3.51437378662655,7.91030419141073,0.3935941141106392,31.487529128851136,1.108083258767899,2,3.4580000210553408,12.933799996972084
768,25.60000000000043,ACQUIRING,0,0,1,0,-3.0582744179943777,7.99985853662425,-3.352561925434592,7.9418196695933245,-3.363283346957291,7.95075987663084,0.3089354708677071,24.71483766941657,0.6544057982855823,2,3.3577999856788665,12.146699998993427
769,25.633333333333766,ACQUIRING,0,0,1,0,-2.985306033776101,7.999002650475015,-3.2141631952302863,7.956155273725158,-3.2121569421625953,7.958466738263726,0.23044412514659368,18.435530011727494,0.7218933958096868,2,4.784999997355044,17.47099999920465
770,25.6666666666671,ACQUIRING,0,0,1,0,-2.912219794787273,7.997371686563048,-3.08560862875585,7.967738461022585,-3.0816655970631817,7.952544888106352,0.17527498899958194,14.021999119966555,0.13518005206029649,1,3.1498000025749207,18.70210000197403
771,25.700000000000436,ACQUIRING,0,0,1,0,-2.8390185863474664,7.994965802923537,-2.963965827117326,7.982072222579478,-2.97483879341223,7.976608349026497,0.1370551887405112,10.964415099240895,0.8993546789294705,1,3.4579999919515103,14.282399992225692
772,25.73333333333377,ACQUIRING,0,0,1,0,-2.7657052983150594,7.991785232678906,-2.8461646442715542,7.992060596983123,-2.865932751018054,7.99950685069741,0.10052445304578723,8.041956243662979,2.075618168799514,1,2.9968000017106533,16.07830001739785
773,25.766666666667106,ACQUIRING,0,0,1,0,-2.6922828249731108,7.987830284016234,-2.7299289755693077,7.998787267020376,-2.728528880737136,8.013231337981482,0.04426048012611539,3.540838410089231,1.5593365539922162,1,4.126800020458177,16.793299990240484
774,25.80000000000044,ACQUIRING,0,0,1,0,-2.618754064915158,7.983101340157395,-2.627034943351496,8.001558583869192,-2.6148043538246486,8.000906086394922,0.018237576765601823,1.4590061412481459,0.6793476033150704,1,4.628700000466779,18.67990000755526
775,25.833333333333776,ACQUIRING,0,0,1,0,-2.545121920930748,7.977598859321916,-2.5341769044981066,8.005105143359915,-2.5311113123399647,7.995757927901015,0.022935756467676007,1.8348605174140806,0.7355408901017815,1,3.6826000141445547,15.667699975892901
776,25.86666666666711,ACQUIRING,0,0,1,0,-2.471389299890857,7.9713233746825845,-2.443477710413316,8.008339367772448,-2.4408958880806555,8.014597063900982,0.052938269166993235,4.235061533359459,0.6110846234073931,1,3.668599994853139,17.244100017705932
777,25.900000000000446,ACQUIRING,0,0,1,0,-2.3975591126330924,7.964275494313782,-2.3564652551795673,8.008858442066074,-2.3711225808724867,8.01294951736642,0.05538998764811513,4.431199011849211,0.49917458400609455,1,4.797499976120889,16.82220000657253
778,25.93333333333378,ACQUIRING,0,0,1,0,-2.323634273846839,7.956455901132566,-2.27077739809302,8.005299048439198,-2.26207459818614,8.000382397290847,0.07562493459298998,6.049994767439198,0.14249895672020743,1,4.377000004751608,15.688500017859042
779,25.966666666667116,ACQUIRING,0,0,1,0,-2.2496177019581536,7.947865352832496,-2.1894912069010344,8.000531272299026,-2.180374423558047,7.978797911995804,0.07583834663273101,6.06706773061848,0.9855484037266975,1,3.9357000205200166,13.045400002738461
780,26.00000000000045,ACQUIRING,0,0,1,0,-2.1755123190145573,7.938504681810214,-2.111011885713047,7.999187570510551,-2.119082576891126,7.998754425786901,0.08254906083883266,6.603924867106612,0.502238944915673,1,4.3169000127818435,16.064099996583536
781,26.033333333333786,ACQUIRING,0,0,1,0,-2.1013210505696907,7.9283747950847925,-2.029827969013174,7.991701428808725,-2.031427469384611,8.006794868982697,0.10504675473820248,8.403740379056199,0.8480288018098445,1,4.1618999966885895,16.078100015874952
782,26.06666666666712,ACQUIRING,0,0,1,0,-2.0270468255677754,7.9174766742098415,-1.950489089940991,7.974986657281305,-1.9334104866109034,7.9599718975253,0.1028280505400977,8.226244043207815,0.9899811945383177,1,4.655900003854185,15.64119997783564
783,26.100000000000456,ACQUIRING,0,0,1,0,-1.9526925762280463,7.905811375178406,-1.8757035847920407,7.962824543298701,-1.8644416305016887,7.940135871415971,0.09469107911286662,7.575286329029329,1.1161545724627933,1,4.849100019782782,16.33189999847673
784,26.13333333333379,ACQUIRING,0,0,1,0,-1.8782612379289527,7.893380028320633,-1.800787319053829,7.9557424455762975,-1.8026915072377432,7.953110020639193,0.0963247433379256,7.705979467034048,0.7944666530544354,1,4.17970001581125,17.879599996376783
785,26.166666666667126,ACQUIRING,0,0,1,0,-1.8037557490922844,7.880183838194262,-1.7213878754953438,7.947230312910494,-1.723841478608901,7.964115467067487,0.11589136703052648,9.271309362442118,0.26795537709361716,1,4.280900000594556,16.307100013364106
786,26.20000000000046,ACQUIRING,0,0,1,0,-1.729179051067177,7.86622408346789,-1.641709494243645,7.931728761414045,-1.6311971796261069,7.932771369545035,0.11844403072898084,9.475522458318467,0.5829862278500264,1,4.072200012160465,18.537099997047335
787,26.233333333333796,ACQUIRING,0,0,1,0,-1.6545340880139519,7.851502116797085,-1.5633487206949392,7.914230962050744,-1.5581548730728463,7.911543344464822,0.11355131920199285,9.084105536159427,0.2806868509254152,1,3.7699000095017254,16.276199981803074
788,26.26666666666713,ACQUIRING,0,0,1,0,-1.5798238067879475,7.8360193646933105,-1.483324631007509,7.899025195252933,-1.4887931801222372,7.897290809406865,0.10973041933957105,8.778433547165683,0.6222187173948324,1,4.522800008999184,18.586399994092062
789,26.300000000000466,ACQUIRING,0,0,1,0,-1.5050511568231433,7.819777327385704,-1.4019023960118266,7.883405083721201,-1.4072705364884288,7.892606900534534,0.12192291186681191,9.753832949344954,1.1650521868815635,1,5.598199990345165,16.74670001375489
790,26.3333333333338,ACQUIRING,0,0,1,0,-1.430219090015728,7.802777578675715,-1.3192822142593708,7.866991656278602,-1.3214530047609263,7.867636752426479,0.12663638387638282,10.130910710110625,1.4068475172247403,1,4.1501000232528895,22.672699997201562
791,26.366666666667136,ACQUIRING,0,0,1,0,-1.3553305606075767,7.785021765784601,-1.238264122109784,7.8482178730327234,-1.2212961753150364,7.838135755166338,0.14417458967790556,11.533967174232446,0.909551609795168,1,4.952299990691245,14.68429999658838
792,26.40000000000047,ACQUIRING,0,0,1,0,-1.2803885250695795,7.766511609193816,-1.1625946169122598,7.833868529780374,-1.1618932214197846,7.827086718340847,0.13308073051810249,10.646458441448198,0.967605657301188,1,3.7563000223599374,13.429999991785735
793,26.433333333333806,ACQUIRING,0,0,1,0,-1.2053959419849891,7.747248902478304,-1.087957899780283,7.819125984924402,-1.1010385455677614,7.830380393388034,0.13342155361056557,10.673724288845245,0.575434734574097,1,3.7837999989278615,12.127599999075755
794,26.46666666666714,ACQUIRING,0,0,1,0,-1.1303557719325774,7.72723551213272,-1.0134629174826113,7.796411340424101,-1.008911778862024,7.8172340211117595,0.1511567896965628,12.092543175725023,1.1614742832048899,1,4.2665999790187925,17.878900020150468
795,26.500000000000476,ACQUIRING,0,0,1,0,-1.0552709773697688,7.706473377390546,-0.9424775620012724,7.7680257221704085,-0.9282410735469527,7.76609917243951,0.14032758780957852,11.226207024766282,1.305261944356028,1,4.613400000380352,15.869699971517548
796,26.53333333333381,ACQUIRING,0,0,1,0,-0.980144522515698,7.6849645100362105,-0.8751895328011752,7.7438191436112245,-0.8732684096058861,7.732156009531683,0.11683125067952498,9.346500054361998,1.3920749253530127,1,3.7646999990101904,15.405899990582839
797,26.566666666667146,ACQUIRING,0,0,1,0,-0.9049793732341436,7.662710994210137,-0.8068158628415025,7.722225199262324,-0.8053876964522724,7.7203357113330515,0.11506133193962521,9.204906555170018,1.5296847425169589,1,4.017899977043271,16.645000025164336
798,26.60000000000048,ACQUIRING,0,0,1,0,-0.8297784969165067,7.639714986206801,-0.7368427581367186,7.699873171141364,-0.7397462541434631,7.703426556076358,0.11029491771603828,8.823593417283062,0.9369752798038242,1,4.229699989082292,16.717899998184294
799,26.633333333333816,ACQUIRING,0,0,1,0,-0.7545448623646203,7.6159787142658075,-0.6609020312118873,7.67660395686085,-0.6561427927359461,7.6749655365340335,0.11472755775536107,9.178204620428886,1.2343486852262908,1,4.697700001997873,16.366800002288073
800,26.66666666666715,ACQUIRING,0,0,1,0,-0.6792814396735657,7.591504478355955,-0.5879605571005928,7.654158990800048,-0.5678521074985046,7.636792736726823,0.1202810143590692,9.622481148725536,2.090690364111994,1,3.9459000108763576,15.087399980984628
801,26.700000000000486,ACQUIRING,0,0,1,0,-0.6039912001143783,7.566294649952394,-0.5181936800558923,7.635680955164876,-0.5196942020581046,7.623940317059446,0.10212250886810657,8.169800709448525,2.0558238754164457,1,4.647599998861551,15.776499989442527
802,26.73333333333382,ACQUIRING,0,0,1,0,-0.5286771160168092,7.54035167180683,-0.4447016039565601,7.615124698001121,-0.451845322168795,7.621089467248245,0.11145275303303874,8.9162202426431,1.5032123864427527,1,4.949499998474494,19.451000000117347
803,26.766666666667156,ACQUIRING,0,0,1,0,-0.4533421606519399,7.513678057710845,-0.36765089650242594,7.589895646118356,-0.36378536746090706,7.5973874944926605,0.12258747494336544,9.806997995469235,1.4635952757416117,1,5.153500009328127,17.221399990376085
804,26.80000000000049,ACQUIRING,0,0,1,0,-0.3779893081148141,7.486276392252293,-0.292455175141066,7.560087732296334,-0.2756512584481724,7.555366986475951,0.1234770692061898,9.878165536495183,2.682700601053665,1,4.200099996523932,17.525500006740913
805,26.833333333333826,ACQUIRING,0,0,1,0,-0.302621533207036,7.458149330564883,-0.2236258598261786,7.5351622380163095,-0.22122688565678317,7.52677606282825,0.10646462807420023,8.517170245936018,2.8042184375049697,1,3.8195000088308007,15.286099980585277
806,26.86666666666716,ACQUIRING,0,0,1,0,-0.22724181131928728,7.429299598070893,-0.1504993782548481,7.51138679654354,-0.15455292933124984,7.52207399488548,0.11785907800836244,9.428726240668995,2.5150892993229603,1,3.9866000006441027,19.12740000989288
807,26.900000000000496,ACQUIRING,0,0,1,0,-0.15185311831392795,7.3997299902170885,-0.07578888235996262,7.482509199196674,-0.06979055035501704,7.491624913084169,0.12320284862273899,9.856227889819118,2.4584951795690424,1,3.6816000065300614,15.570399991702288
808,26.93333333333383,ACQUIRING,0,0,1,0,-0.0764584304074718,7.369443372203868,-0.0019198646688433768,7.449316054648168,0.008518397212323508,7.441844490583454,0.11163773186042107,8.931018548833686,2.270706448934022,1,4.462399985641241,14.548900013323873
809,26.966666666667166,ACQUIRING,0,0,1,0,-0.0010607240531009445,7.338442678707605,0.07520774261228517,7.4194608210713415,0.07697987765960528,7.411847157350501,0.10713800913082444,8.571040730465954,2.237140409753865,1,5.846800020663068,15.89769998099655
810,27.0000000000005,ACQUIRING,0,0,1,0,0.07433702417682861,7.306730913596309,0.15364723539019062,7.390436637300664,0.13163320449974242,7.396437418395314,0.1064429860669539,8.515438885356312,1.2362375923078988,1,3.9430000178981572,15.2308999968227
811,27.033333333333836,SEARCH,0,0,1,0,0.1497318377083397,7.274311149638543,0.23639669257162654,7.355830376576919,0.2237806848996036,7.370179164468998,0.12113590730203572,9.690872584162857,nan,1,5.043000011937693,15.106200007721782
812,27.06666666666717,SEARCH,0,0,1,0,0.22512074008328004,7.241186528205716,0.23025726086417359,7.2323352269642855,0.237885329607235,7.233648060800646,0.014824413530806893,1.1859530824645514,nan,1,3.6475000088103116,17.252799996640533
813,27.100000000000506,SEARCH,0,0,1,0,0.30050075507687035,7.207360258967652,0.13522894026783172,7.147227303004945,0.13359766706906903,7.137419702265618,0.18096497522540209,14.477198018032166,nan,1,3.70249999104999,12.817999988328665
814,27.13333333333384,SEARCH,0,0,1,0,0.37586890681518986,7.1728356195816065,-0.04868826921739902,7.117921685708455,-0.054672714912063214,7.10930609877702,0.43520350188526,34.8162801508208,nan,1,3.8625999877694994,13.69890000205487
815,27.166666666667176,SEARCH,0,0,1,0,0.4512222198926483,7.137615955374663,-0.3214943675915186,7.128096855310458,-0.33547427973206734,7.136331338691614,0.7866975484656111,62.935803877248894,nan,0,3.392399987205863,11.140899994643405
816,27.20000000000051,SEARCH,0,0,1,0,0.5265577194894924,7.101704679019605,-0.6831893548545271,7.164579033816355,-0.6791111170886701,7.166063466722515,1.2073853556550733,96.59082845240587,nan,0,3.6342999956104904,12.144100008299574
817,27.233333333333846,SEARCH,0,0,1,0,0.6018724314891821,7.0651052702042,-1.1337732310064246,7.216741727021637,-1.1243755939846336,7.206114135497499,1.7319976170721343,138.55980936577075,nan,0,3.5801999911200255,12.304000003496185
818,27.26666666666718,SEARCH,0,0,1,0,0.6771633825958474,7.027821275294058,-1.6732459960472108,7.276024428775236,-1.6770147179305344,7.270959946118395,2.366700433567423,189.33603468539388,nan,1,3.873299981933087,12.51820000470616
819,27.300000000000516,SEARCH,0,0,1,0,0.7524276004516464,6.989856306988981,-2.301607649976886,7.335546582063528,-2.318710993118342,7.3413389344212305,3.0911862283436955,247.29489826749563,nan,0,3.0566000204999,11.896799987880513
820,27.33333333333385,SEARCH,0,0,1,0,0.8276621137541529,6.951214043972938,-3.0188581927954496,7.38979768299642,-3.023737200089769,7.399695130903207,3.8774233661042983,310.1938692883439,nan,0,3.193099983036518,12.213600013637915
821,27.366666666667186,SEARCH,0,0,0,0,0.9028639523735926,6.911898230557567,-3.8249976245029025,7.434388246265561,-3.809527047057982,7.432876320210589,4.741101886842576,379.28815094740605,nan,0,3.4149000130128115,10.626899980707094
822,27.40000000000052,SEARCH,0,0,0,0,0.9780301474701435,6.871912676319387,-4.6583309578362355,7.4658494159577025,-4.660024197566386,7.452938495524693,5.6679138843289145,453.43311074631316,nan,0,3.48330000997521,11.447799974121153
823,27.433333333333856,SEARCH,0,0,0,0,1.053157731611128,6.831261255730667,-5.491664291169569,7.481471457213518,-5.502141106665829,7.486476563355164,6.5879625043302035,527.0370003464162,nan,0,3.873799985740334,13.151499995728955
824,27.46666666666719,SEARCH,0,0,0,0,1.128243738888153,6.789947907783983,-6.324997624502902,7.479173324898017,-6.326232564467838,7.480026171832121,7.4863492416402595,598.9079393312207,nan,0,4.232700011925772,11.607099993852898
825,27.500000000000526,SEARCH,0,0,0,0,1.20328520503424,6.747976635610576,-7.158330957836235,7.457397073411199,-7.148825083049516,7.444351359846075,8.38109086103167,670.4872688825336,nan,0,3.79139999859035,11.692700005369261
826,27.53333333333386,SEARCH,0,0,0,0,1.2782791675407863,6.70535150609242,-7.991664291169568,7.415022125589575,-7.989885208257577,7.40446818398757,9.294494877406143,743.5595901924914,nan,0,3.482800006167963,11.847200017655268
827,27.566666666667196,SEARCH,0,0,0,0,1.3532226657745625,6.662076649468177,-8.8249976245029,7.351295421187849,-8.84525709639779,7.350236008093484,10.221670742217372,817.7336593773898,nan,0,4.633600008673966,12.627499992959201
828,27.60000000000053,SEARCH,0,0,0,0,1.4281127410945824,6.618156258932983,-9.658330957836235,7.265774266969553,-9.672363007558225,7.280330543338334,11.120208479581525,889.6166783665219,nan,0,3.877100010868162,11.439699999755248
829,27.633333333333866,SEARCH,0,0,0,0,1.502946436968894,6.573594590232166,-10.491664291169569,7.158279351202098,-10.497979586300037,7.155696887010492,12.015035101899954,961.2028081519964,nan,0,3.6841999972239137,11.284500011242926
830,27.6666666666672,SEARCH,0,0,0,0,1.5777207990913413,6.528395961248833,-11.324997624502902,7.0288558975253945,-11.325603580322273,7.014159118582979,12.912464748660225,1032.9971798928182,nan,0,3.684900002554059,11.301299993647262
831,27.700000000000536,SEARCH,0,0,0,0,1.652432875498131,6.482564751585512,-12.158330957836236,6.877741342486452,-12.161009370323741,6.874726515932439,13.819007834431243,1105.5206267544995,nan,0,3.628600010415539,11.058000003686175
832,27.73333333333387,SEARCH,0,0,0,0,1.7270797166844143,6.436105402139774,-12.917078895367158,6.705338248098595,-12.938525886900099,6.714733252068795,14.668252152136107,1173.4601721708884,nan,0,4.122000013012439,11.030399997252971
833,27.766666666667206,SEARCH,0,0,0,0,1.801658375720717,6.38902241467392,-13.58693794400919,6.5121914220662935,-13.592927992189136,6.517334499701374,15.395121091768,1231.6096873414401,nan,0,3.8961000100243837,11.788299976615235
834,27.80000000000054,SEARCH,0,0,0,0,1.876165908369269,6.3413203513788,-14.175070108012383,6.298968426993107,-14.160580238412484,6.2888690603737585,16.036831922616372,1282.9465538093095,nan,0,3.431999997701496,11.781099979998544
835,27.833333333333876,SEARCH,0,0,0,0,1.95059937320028,6.29300383443171,-14.697748076758266,6.066442826502113,-14.695434303139235,6.060034293663607,16.647663858954953,1331.813108716396,nan,0,3.797700017457828,11.624399980064481
836,27.86666666666721,SEARCH,0,0,0,0,2.024955831707998,6.244077545548546,-15.164254856873898,5.815479649177459,-15.172862929090119,5.824534564679519,17.20293540190325,1376.23483215226,nan,0,4.046000016387552,12.578499998198822
837,27.900000000000546,SEARCH,0,0,0,0,2.0992323484267597,6.194546225530143,-15.581872346849297,5.5470226573273935,-15.583063850099641,5.556780223322787,17.693793949461284,1415.503515956903,nan,0,4.2452999914530665,13.56260001193732
838,27.93333333333388,SEARCH,0,0,0,0,2.1734259910468667,6.144414673802946,-15.956298358113205,5.262083092168142,-15.944226788551896,5.2604444414651645,18.1392046576955,1451.1363726156399,nan,0,3.591999993659556,13.218400010373443
839,27.966666666667216,SEARCH,0,0,0,0,2.2475338305303385,6.093687747953905,-16.291980113057257,4.961729634449622,-16.29066433577292,4.946200337668813,18.573678112045883,1485.8942489636706,nan,0,2.594899997347966,12.094900012016296
840,28.00000000000055,SEARCH,0,0,0,0,2.3215529412265856,6.042370363259824,-16.592380873248338,4.647079373239678,-16.588772570261774,4.653183008615682,18.96128298551421,1516.9026388411369,nan,0,2.4277000047732145,11.744799994630739
841,28.033333333333886,SEARCH,0,0,0,0,2.3954804009878488,5.990467492211083,-16.860193023981672,4.319289618313656,-16.85786519501584,4.333346787434355,19.324527566524218,1545.9622053219375,nan,0,2.665700012585148,12.83369999146089
842,28.06666666666722,SEARCH,0,0,0,0,2.4693132912846,5.937984164029806,-17.097508279565886,3.9795504255682945,-17.078880904837632,3.9745408692932167,19.646552010491636,1571.724160839331,nan,0,2.8623999969568104,13.09279998531565
843,28.100000000000556,SEARCH,0,0,0,0,2.5430486973207427,5.884925464182582,-17.305953544227208,3.6290777318586094,-17.299565639413643,3.624414089432216,19.9709603021926,1597.676824175408,nan,0,2.722000004723668,12.818599992897362
844,28.13333333333389,SEARCH,0,0,0,0,2.616683708148722,5.831296533887649,-17.486799259818273,3.2691070170552883,-17.488523642677638,3.273985298257143,20.26719525182516,1621.375620146013,nan,0,2.701699995668605,12.030099984258413
845,28.166666666667226,SEARCH,0,0,0,0,2.690215416784384,5.777102569616757,-17.64104570845467,2.9008874280668957,-17.65098398095442,2.905408782485252,20.542906759892062,1643.4325407913652,nan,0,3.3970999938901514,11.980599985690787
846,28.20000000000056,SEARCH,0,0,0,0,2.763640920321778,5.7223488225916395,-17.769491647649545,2.525676312968206,-17.76181589508185,2.528278239149773,20.772492974436357,1661.7994379549086,nan,0,3.166700014844537,12.007699988316745
847,28.233333333333896,SEARCH,0,0,0,0,2.836957320047749,5.667040598275184,-17.872788782969845,2.1447341239446773,-17.861922253246853,2.1363476577402642,20.997842942314232,1679.8274353851386,nan,0,2.7319000218994915,14.065199997276068
848,28.26666666666723,SEARCH,0,0,0,0,2.910161721556363,5.611183255857376,-17.951484885094665,1.7593196560798678,-17.960024510508326,1.7613749208765106,21.222292467524582,1697.7833974019668,nan,0,2.9881999944336712,13.696400012122467
849,28.300000000000566,SEARCH,0,0,0,0,2.983251234863215,5.554782207735963,-18.006057799535593,1.3706855955382262,-18.018335629830663,1.3733617934322186,21.413802266679276,1713.104181334342,nan,0,2.7916000108234584,13.98180000251159
850,28.3333333333339,SEARCH,0,0,0,0,3.0562229745194593,5.497842918992042,-18.03694215027577,0.9800743557981398,-18.039886596186186,0.9860657577418589,21.573177145983788,1725.8541716787029,nan,0,2.8249000024516135,13.404600002104416
851,28.366666666667236,SEARCH,0,0,0,0,3.129074059725762,5.440370906860497,-18.044550180875454,0.5887141845634276,-18.027407783869958,0.5780576725681099,21.70803570078993,1736.6428560631946,nan,0,2.8811999945901334,13.563000014983118
852,28.40000000000057,SEARCH,0,0,0,0,3.2018016144460186,5.382371740195432,-18.02928789031853,0.19781552706015482,-18.022597276380317,0.18449671874176304,21.85161351057542,1748.1290808460335,nan,0,3.259699995396659,17.418200004613027
853,28.433333333333906,SEARCH,0,0,0,0,3.2744027675208898,5.32385103893051,-17.991567391750237,-0.1914323662027953,-17.997339510884427,-0.18039880773023034,21.97234138487205,1757.787310789764,nan,0,2.814399980707094,17.051400005584583
854,28.46666666666724,SEARCH,0,0,0,0,3.3468746527811843,5.264814473534437,-17.931816238852473,-0.5778645973172931,-17.92462317816644,-0.5755593578543348,22.058707724215854,1764.6966179372685,nan,0,2.804300020216033,17.545899987453595
855,28.500000000000576,SEARCH,0,0,0,0,3.419214409160955,5.205267764461502,-17.85048431777624,-0.9603435532365886,-17.818655891415677,-0.9694496552105664,22.11728442003938,1769.3827536031504,nan,0,2.669100009370595,17.86220000940375
856,28.53333333333391,SEARCH,0,0,0,0,3.4914191808104844,5.145216681597274,-17.748048784987375,-1.3377616201147255,-17.7277646569621,-1.346628313079733,22.19003862493489,1775.203089994791,nan,0,2.6505999849177897,17.640600010054186
857,28.566666666667246,SEARCH,0,0,0,0,3.563486117209023,5.084667043699563,-17.625017437230028,-1.7090436866636334,-17.637133231817423,-1.7072169327594617,22.261984384416305,1780.9587507533045,nan,0,2.8346000181045383,18.226099986350164
858,28.60000000000058,SEARCH,0,0,0,0,3.635412373277309,5.0236247178345295,-17.481930824392023,-2.0731494429121193,-17.48624477000846,-2.053467575372585,22.275763416886218,1782.0610733508975,nan,0,2.9230999934952706,19.946299988077953
859,28.633333333333916,SEARCH,0,0,0,0,3.707195109489932,4.962095618808236,-17.319363355622748,-2.429075480356879,-17.31607848218649,-2.414452327292333,22.279844975035164,1782.3875980028133,nan,0,2.7418999816291034,18.027300015091896
860,28.66666666666725,SEARCH,0,0,0,0,3.7788314919873667,4.900085708593496,-17.13792360061185,-2.775857199224233,-17.129583626363384,-2.782661047153922,22.275242321335718,1782.0193857068573,nan,0,2.8574999887496233,18.536000017775223
861,28.700000000000585,SEARCH,0,0,0,0,3.850318692687894,4.837600995752219,-16.93825394908997,-3.112570528382683,-16.947757569037698,-3.1177963506046966,22.267651944625328,1781.4121555700262,nan,0,2.751199994236231,17.970100016100332
862,28.73333333333392,SEARCH,0,0,0,0,3.9216538893992348,4.7746475348531385,-16.721029760443667,-3.43833346333688,-16.734484063650182,-3.433442800743019,22.227208148859262,1778.1766519087407,nan,0,2.716400020290166,19.283500005258247
863,28.766666666667255,SEARCH,0,0,0,0,3.992834265929959,4.711231425885187,-16.486958110312415,-3.7523074276746122,-16.480669474679274,-3.751098800302221,22.153450933743603,1772.2760746994882,nan,0,2.9557999805547297,19.397900003241375
864,28.80000000000059,SEARCH,0,0,0,0,4.063857012200702,4.647358813666413,-16.23677622092933,-4.05369846331537,-16.2211301894422,-4.072795727493696,22.07989585556353,1766.3916684450826,nan,0,2.96759998309426,18.729700008407235
865,28.833333333333925,SEARCH,0,0,0,0,4.134719324355042,4.583035887248558,-15.971249645797759,-4.341758254910442,-15.976027645199474,-4.351624934413319,22.006142498665817,1760.4913998932655,nan,0,3.766799985896796,18.4947999950964
866,28.86666666666726,SEARCH,0,0,0,0,4.205418404870228,4.518268879317404,-15.691170266278089,-4.615784993761558,-15.710969403456048,-4.605283883087148,21.90665922362484,1752.5327378899872,nan,0,2.7442999999038875,17.908499983604997
867,28.900000000000595,SEARCH,0,0,0,0,4.275951462667611,4.453064065588774,-15.397354147165117,-4.875124086650866,-15.402913970893696,-4.873674197695058,21.77718511157989,1742.1748089263908,nan,0,2.8501000197138637,18.53779997327365
868,28.93333333333393,SEARCH,0,0,0,0,4.346315713222858,4.387427764200487,-15.090639289863846,-5.119168715004352,-15.088954541533512,-5.129873595808552,21.640442579869934,1731.2354063895948,nan,0,2.8107999823987484,14.015200024005026
869,28.966666666667265,SEARCH,0,0,0,0,4.416508378675833,4.3213663351001195,-14.771883314918547,-5.347360249839689,-14.773788625277088,-5.367896322166904,21.497658243200203,1719.8126594560163,nan,0,2.8646999853663146,13.505000009899959
870,29.0000000000006,SEARCH,0,0,0,0,4.486526687940291,4.254886179428802,-14.441961100095162,-5.5591885279749125,-14.443938175205608,-5.567187661639305,21.32687587233995,1706.1500697871961,nan,0,3.0393000051844865,13.658299983944744
871,29.033333333333935,SEARCH,0,0,0,0,4.556367876813273,4.187993738900894,-14.101762395703199,-5.754191994994246,-14.102715325862103,-5.746530727543303,21.13897259420951,1691.1178075367607,nan,0,2.7612000121735036,14.79829999152571
872,29.06666666666727,SEARCH,0,0,0,0,4.626029188084219,4.120695495179848,-13.752189435164654,-5.93195772048011,-13.73779276320833,-5.931504808657698,20.935058815471375,1674.80470523771,nan,0,2.90389999281615,14.013800013344735
873,29.100000000000605,SEARCH,0,0,0,0,4.695507871643862,4.05299796925015,-13.394154555829372,-6.0921212910250535,-13.385569547203948,-6.105832036329554,20.73950789456285,1659.160631565028,nan,0,2.813700004480779,12.874700012616813
874,29.13333333333394,SEARCH,0,0,0,0,4.764801184592729,3.9849077207854404,-13.028577842567206,-6.234366586533118,-13.039085255732608,-6.242352553592591,20.532297121848575,1642.583769747886,nan,0,3.37359998957254,17.37650000723079
875,29.166666666667275,SEARCH,0,0,0,0,4.833906391349474,3.9164313475129546,-12.656384804631696,-6.3584254453068985,-12.666850108913982,-6.344671885313022,20.287107177619617,1622.9685742095694,nan,0,2.7609999815467745,18.53490000939928
876,29.20000000000061,SEARCH,0,0,0,0,4.9028207637588626,3.847575484574149,-12.278504094603662,-6.464077223393995,-12.276753389688928,-6.46514657532734,20.037215484657295,1602.9772387725836,nan,0,2.6467000134289265,17.90059998165816
877,29.233333333333945,SEARCH,0,0,0,0,4.971541581199462,3.7783468038818278,-11.89586527681852,-6.551148253634802,-11.889932576679765,-6.550182176723227,19.773411988830546,1581.8729591064437,nan,0,2.730800013523549,18.217099976027384
878,29.26666666666728,SEARCH,0,0,0,0,5.040066130691088,3.7087520134736285,-11.509396651504263,-6.619511209812861,-11.515436863478836,-6.614883346798518,19.510564482911064,1560.8451586328854,nan,0,2.717700001085177,17.657299991697073
879,29.300000000000615,SEARCH,0,0,0,0,5.108391707001849,3.638797856862087,-11.120023139864683,-6.6690843812595775,-11.137467725577666,-6.657104870225087,19.233657001952956,1538.6925601562364,nan,0,3.231799986679107,17.309099988779053
880,29.33333333333395,SEARCH,0,0,0,0,5.1765156127549865,3.5684911123811363,-10.728664234499997,-6.699830863207346,-10.732114524177668,-6.689476266701821,18.92908892641302,1514.3271141130415,nan,0,3.495900018606335,17.790099984267727
881,29.366666666667285,SEARCH,0,0,0,0,5.244435158535346,3.4978385925293596,-10.336232018836585,-6.711757668119492,-10.319313879442856,-6.708716870921317,18.611933229669138,1488.954658373531,nan,0,2.7985000051558018,17.400999990059063
882,29.40000000000062,SEARCH,0,0,0,0,5.312147662995548,3.426847143309866,-9.943629258617204,-6.704914763152387,-9.944461380466358,-6.688744531230658,18.30544493944567,1464.4355951556538,nan,0,2.744300029007718,19.111799978418276
883,29.433333333333955,SEARCH,0,0,0,0,5.3796504529618785,3.355523643566924,-9.55174756796459,-6.67939403882506,-9.56667241549906,-6.668156768256166,17.996297849464604,1439.7038279571684,nan,0,2.785999997286126,18.68150001973845
884,29.46666666666729,SEARCH,0,0,0,0,5.446940863539764,3.2838750043194724,-9.161465652060803,-6.635328213885159,-9.158335440778508,-6.626901464355161,17.65042736416078,1412.0341891328624,nan,0,2.90099999983795,17.043600004399195
885,29.500000000000625,SEARCH,0,0,0,0,5.514016238219012,3.211908168091391,-8.773647628070322,-6.572889681267727,-8.754696710785826,-6.576706312791362,17.303558670875937,1384.2846936700753,nan,0,3.5801000194624066,18.879299983382225
886,29.53333333333396,SEARCH,0,0,0,0,5.580873928978685,3.13963010823884,-8.389141425567622,-6.492289299945358,-8.375118422487581,-6.507398773273842,16.965697414339463,1357.2557931471572,nan,0,2.803400013362989,18.902599986176938
887,29.566666666667295,SEARCH,0,0,0,0,5.647511296391617,3.067047828274541,-8.008777267402328,-6.3937751373654885,-8.017507318257902,-6.391453286111754,16.61914489585925,1329.53159166874,nan,0,2.8830000082962215,17.212900012964383
888,29.60000000000063,SEARCH,0,0,0,0,5.713925709728667,2.9941683611892103,-7.633366231640904,-6.277631167063256,-7.639937973494653,-6.274324314627496,16.25517246145911,1300.4137969167289,nan,0,2.713099995162338,18.194900010712445
889,29.633333333333965,SEARCH,0,0,0,0,5.780114547062503,2.920998768770005,-7.263698894958644,-6.144175925927033,-7.25628854003197,-6.146730793978684,15.879909473052825,1270.392757844226,nan,0,2.6802000065799803,18.069899990223348
890,29.6666666666673,SEARCH,0,0,0,0,5.846075195371164,2.847546140916313,-6.900544057615199,-5.99376113547886,-6.884040916414488,-6.004305588889436,15.505197040541267,1240.4157632433014,nan,0,2.6437999913468957,18.144100002245978
891,29.700000000000635,SEARCH,0,0,0,0,5.911805050641186,2.7738175949527504,-6.5446475499281025,-5.8267702914139505,-6.544030164007535,-5.832728151522809,15.140028420734872,1211.2022736587899,nan,0,2.9485000122804195,17.725499987136573
892,29.73333333333397,SEARCH,0,0,0,0,5.9773015179704485,2.6998202749395004,-6.196731119959005,-5.643617225522753,-6.2110826418743015,-5.643828776024246,14.770686778670877,1181.65494229367,nan,0,2.8523999790195376,19.345600012457
893,29.766666666667305,SEARCH,0,0,0,0,6.0425620116705625,2.625561350980133,-5.857491401944454,-5.444744643995943,-5.848684656930681,-5.436084029179131,14.366345170883353,1149.3076136706682,nan,0,3.6575999984052032,18.741300009423867
894,29.80000000000064,SEARCH,0,0,0,0,6.107583955368978,2.5510480185267634,-5.527598964835398,-5.230622645987782,-5.511038562021204,-5.241250627771005,13.989721490962578,1119.1777192770062,nan,0,2.5862999900709838,17.465899989474565
895,29.833333333333975,SEARCH,0,0,0,0,6.172364782110694,2.4762874976828884,-5.207697440155588,-5.001747226186687,-5.205765688312564,-5.006060366699983,13.617906688093038,1089.432535047443,nan,0,2.7390999894123524,18.211399990832433
896,29.86666666666731,SEARCH,0,0,0,0,6.236901934459586,2.401287032503756,-4.898402728247557,-4.758638765014083,-4.904993346490072,-4.742120395599367,13.235184174597917,1058.8147339678333,nan,0,2.9433000017888844,19.52739999978803
897,29.900000000000645,SEARCH,0,0,0,0,6.3011928645994,2.326053890294493,-4.600302281844821,-4.501840509943865,-4.602539757691761,-4.489099005444177,12.858370584592423,1028.6696467673937,nan,0,3.022400022018701,18.593799992231652
898,29.93333333333398,SEARCH,0,0,0,0,6.36523503443429,2.2505953609058458,-4.313954465789516,-4.231917051305565,-4.3046342878310195,-4.229051466394746,12.483266173592751,998.6612938874201,nan,0,3.696900006616488,19.055399985518306
899,29.966666666667315,SEARCH,0,0,0,0,6.42902591568905,2.1749187560278695,-4.039887991605104,-3.9494527958046075,-4.026492093384902,-3.954098673497508,12.119517791129134,969.5614232903308,nan,0,2.9161999991629273,18.933100014692172
900,30.00000000000065,SEARCH,0,0,0,0,6.4925629900089135,2.099031408481438,-3.7786014255334313,-3.6550504408634747,-3.7889465108539055,-3.6568207990717867,11.78300777609553,942.6406220876424,nan,0,2.5665999855846167,19.9441000004299
901,30.033333333333985,SEARCH,0,0,0,0,6.555843749058971,2.022940671507701,-3.5305627685536853,-3.349329452758092,-3.547741137077297,-3.3444738457175665,11.44078520692884,915.2628165543072,nan,0,2.6646000042092055,19.445400015683845
902,30.06666666666732,SEARCH,0,0,0,0,6.618865694623226,1.946653918055634,-3.2962091068172628,-3.0329245513947756,-3.291845036301077,-3.0372175089154845,11.093293541263446,887.4634833010757,nan,0,3.424900001846254,20.282399986172095
903,30.100000000000655,SEARCH,0,0,0,0,6.681626338703172,1.8701785400675406,-3.0759463308566937,-2.7064842044447817,-3.0579407787110857,-2.7128576274782032,10.763985699899896,861.1188559919916,nan,0,2.7203999925404787,20.108700002310798
904,30.13333333333399,SEARCH,0,0,0,0,6.7441232036160415,1.793521947762853,-2.8701489218582226,-2.370669133426038,-2.878119183402961,-2.3723189920736205,10.485312550923926,838.825004073914,nan,0,2.8273999923840165,17.938200006028637
905,30.166666666667325,SEARCH,0,0,0,0,6.806353822092621,1.7166915689200903,-2.6791598032260477,-2.0261508341953336,-2.7005399039012077,-2.0185161378119494,10.214343098299139,817.147447863931,nan,0,2.7864000003319234,18.440399988321587
906,30.20000000000066,SEARCH,0,0,0,0,6.86831573737464,1.6396948481571172,-2.5032902556111885,-1.6736101141891102,-2.507990727087279,-1.6717006052300516,9.943865584581461,795.5092467665169,nan,0,3.231799986679107,21.70710000791587
907,30.233333333333995,SEARCH,0,0,0,0,6.930006503311797,1.5625392462098397,-2.342819893529227,-1.3137356486273688,-2.3402048773552067,-1.3254288181099103,9.70964358680476,776.7714869443809,nan,0,3.8320999883580953,21.353699994506314
908,30.26666666666733,SEARCH,0,0,0,0,6.991423684458276,1.4852322392092014,-2.197996701648429,-0.9472225577731287,-2.202665818791662,-0.9604012718719823,9.513800768583183,761.1040614866547,nan,0,3.214199998183176,21.84920001309365
909,30.300000000000665,SEARCH,0,0,0,0,7.052564856168925,1.407781317956824,-2.069037128792685,-0.5747710072194969,-2.0727767427589034,-0.5730450038544455,9.337854797238125,747.02838377905,nan,0,2.8409000078681856,15.492500009713694
910,30.333333333334,SEARCH,0,0,0,0,7.113427604694979,1.3301939871991462,-1.9561262376721291,-0.19708483305793467,-1.962177628332916,-0.1963842982814571,9.20310010852127,736.2480086817015,nan,0,3.4491999831516296,15.382600016891956
911,30.366666666667335,SEARCH,0,0,0,0,7.174009527279329,1.2524777649002932,-1.8594179083278548,0.18512980633520848,-1.8470816461931252,0.1769514663657566,9.084978964144167,726.7983171315334,nan,0,3.3690000127535313,15.512599988142028
912,30.40000000000067,SEARCH,0,0,0,0,7.234308232251424,1.1746401815135261,-1.7790350932556926,0.5711657502712713,-1.7628203767230588,0.5672091228399985,9.017610309692273,721.4088247753818,nan,0,2.6382000069133937,15.471499995328486
913,30.433333333334005,SEARCH,0,0,0,0,7.294321339121629,1.0966887792516213,-1.7150701221572158,0.9603161259705963,-1.7185918243216183,0.9623972703324307,9.013913572979073,721.1130858383258,nan,0,2.7837000088766217,15.060799982165918
914,30.46666666666734,SEARCH,0,0,0,0,7.354046478675244,1.0186311113560398,-1.667585054253887,1.3518756076321865,-1.6657307098228589,1.3685639745555012,9.02656266465246,722.1250131721968,nan,0,2.750999992713332,14.537799987010658
915,30.500000000000675,SEARCH,0,0,0,0,7.413481293066017,0.9404747413650286,-1.6366120760922196,1.7451416430589104,-1.6083815830237695,1.7487388644013713,9.05799650295554,724.639720236443,nan,0,2.7070000069215894,15.824599977349862
916,30.53333333333401,SEARCH,0,0,0,0,7.47262343590926,0.862227242380794,-1.6221539427638754,2.1394156466507113,-1.6193733809422097,2.1343768117018493,9.180564832534053,734.4451866027242,nan,0,2.881099993828684,16.66809999733232
917,30.566666666667345,SEARCH,0,0,0,0,7.5314705723744355,0.7838961963356079,-1.6241844604645042,2.5340041576809087,-1.646818588876659,2.535239199619002,9.343885393276665,747.5108314621332,nan,0,3.6398000083863735,14.410500007215887
918,30.60000000000068,SEARCH,0,0,0,0,7.590020379277355,0.7054891932571994,-1.642649008318681,2.9282199628709336,-1.6561917060209672,2.9431537537870938,9.513126752638598,761.0501402110879,nan,0,3.369599988218397,14.291900006355718
919,30.633333333334015,SEARCH,0,0,0,0,7.6482705451719,0.6270138305332766,-1.6774650974052983,3.3213831823763518,-1.670880105529504,3.326244775411332,9.702186173448522,776.1748938758818,nan,0,2.7264000091236085,14.971800002967939
920,30.66666666666735,SEARCH,0,0,0,0,7.706218770441248,0.5484777121754214,-1.7285229649280456,3.7128223183919866,-1.7067276102401625,3.708617363469703,9.9292518439843,794.3401475187441,nan,0,2.7470999921206385,15.096599992830306
921,30.700000000000685,SEARCH,0,0,0,0,7.763862767388709,0.4698884480821994,-1.7956862014890027,4.101875265676254,-1.8048679807474597,4.105885101574563,10.236262979942154,818.9010383953723,nan,0,2.7018999971915036,14.668399991933256
922,30.73333333333402,SEARCH,0,0,0,0,7.8212002603279736,0.3912536533018421,-1.878792409439654,4.4878902833843926,-1.8828933249732533,4.5009237366563255,10.538444880830532,843.0755904664426,nan,0,2.7947000053245574,14.427399990381673
923,30.766666666667355,SEARCH,0,0,0,0,7.878228985673001,0.31258094729435915,-1.977653890302675,4.870226927687123,-1.961010649671638,4.87790351055396,10.846787852094467,867.7430281675573,nan,0,2.6612000074237585,12.145499989856035
924,30.80000000000069,SEARCH,0,0,0,0,7.934946692027363,0.23387795319322233,-2.092058359279483,5.248256944735451,-2.0788830487451815,5.2493819057966045,11.199645796888438,895.971663751075,nan,0,2.6913000037893653,15.079500008141622
925,30.833333333334025,SEARCH,0,0,0,0,7.99135114027312,0.1551522970667656,-2.221769684882587,5.621365123613704,-2.213159885525908,5.61959903655608,11.575501001873281,926.0400801498625,nan,0,3.3303999807685614,13.241900014691055
926,30.86666666666736,SEARCH,0,0,0,0,8.047440103659254,0.07641160717915789,-2.366528651758089,5.9889501090015465,-2.371590239194587,5.999177113926184,11.984796390978921,958.7837112783137,nan,0,2.8442000038921833,13.350299996091053
927,30.900000000000695,SEARCH,0,0,0,0,8.103211367889518,-0.0023364867486941913,-2.5260537447921236,6.350425173341646,-2.5304702550498797,6.359568533237615,12.391489835421972,991.3191868337578,nan,0,2.7188999811187387,13.643400016007945
928,30.93333333333403,SEARCH,0,0,0,0,8.158662731209898,-0.0810843542784705,-2.7000419526254444,6.705218948382828,-2.6918480965745957,6.703489664880811,12.797032071746935,1023.7625657397548,nan,0,2.75129999499768,13.858699996490031
929,30.966666666667365,SEARCH,0,0,0,0,8.213792004495518,-0.1598243649937455,-2.8881695887325645,7.052776116038949,-2.879371369033332,7.04911214200117,13.229778501308555,1058.3822801046845,nan,0,2.921999985119328,14.158600009977818
930,31.0000000000007,SEARCH,0,0,0,0,8.268597011337057,-0.23854888923943646,-3.0900931282558255,7.392558058571528,-3.090273251130532,7.3965355338969125,13.686432982628814,1094.9146386103052,nan,0,2.922899991972372,14.41750000230968
931,31.033333333334035,SEARCH,0,0,0,0,8.323075588126704,-0.3172502988610358,-3.3054500588202194,7.724043468169084,-3.3052225568905587,7.727154500907665,14.139652270545893,1131.1721816436714,nan,0,2.8221999818924814,14.184500003466383
932,31.06666666666737,SEARCH,0,0,0,0,8.377225584143519,-0.3959209679437691,-3.5338597435917287,8.046728916058518,-3.5207194762968457,8.04301565464785,14.586869025989618,1166.9495220791694,nan,0,3.049999999348074,12.638900021556765
933,31.100000000000705,SEARCH,0,0,0,0,8.431044861638378,-0.4745532735515358,-3.7749242948801456,8.360129381343516,-3.7656624725578105,8.336386953228452,15.046339670362519,1203.7071736290015,nan,0,2.7559000009205192,15.244100010022521
934,31.13333333333404,SEARCH,0,0,0,0,8.484531295918364,-0.553139596465491,-4.028229456626772,8.663778739821995,-4.031926259229589,8.660164671712687,15.541772269205675,1243.341781536454,nan,0,3.4829000069294125,15.348199987784028
935,31.166666666667375,SEARCH,0,0,0,0,8.537682775430621,-0.6316723219224083,-4.293345494157863,8.95723021308902,-4.3012359189110825,8.95863234159445,16.025347945645052,1282.0278356516042,nan,0,2.7292000013403594,12.486799998441711
936,31.20000000000071,SEARCH,0,0,0,0,8.590497201845768,-0.7101438403524688,-4.569828089626134,9.24005677828346,-4.556648233948455,9.23900657296882,16.487359614468776,1318.988769157502,nan,0,2.441399992676452,14.277400012360886
937,31.233333333334045,SEARCH,0,0,0,0,8.642972490140671,-0.7885465481166332,-4.8572192416049385,9.511851538885976,-4.836896683112051,9.490330261243534,16.951760421561275,1356.140833724902,nan,0,2.833699982147664,14.795499999308959
938,31.26666666666738,SEARCH,0,0,0,0,8.695106568680805,-0.8668728482433529,-5.1550481673427795,9.772228057022712,-5.1627626228021155,9.764399897431757,17.466095691973802,1397.2876553579042,nan,0,2.6051000168081373,13.188399985665455
939,31.300000000000715,SEARCH,0,0,0,0,8.746897379302006,-0.9451151511647774,-5.46283220622954,10.02082064777338,-5.472436997915041,10.028355555486685,17.96125077718265,1436.9000621746118,nan,0,2.8187000134494156,13.927799998782575
940,31.33333333333405,SEARCH,0,0,0,0,8.798342877391764,-1.0232658754521027,-5.780077723070052,10.25728463602437,-5.782447680841983,10.271892541475344,18.443970748365583,1475.5176598692467,nan,0,2.612599986605346,13.445900025544688
941,31.366666666667385,SEARCH,0,0,0,0,8.849441031969903,-1.1013174485502009,-6.10628100980537,10.481296576446963,-6.08619049665052,10.475508239556865,18.896983414596523,1511.7586731677218,nan,0,3.2702000171411783,13.704499986488372
942,31.40000000000072,SEARCH,0,0,0,0,8.900189825768768,-1.1792623075113917,-6.440929184367212,10.69255443721798,-6.432761133582985,10.68044097883822,19.384322200225046,1550.7457760180037,nan,0,2.543200011132285,13.884599989978597
943,31.433333333334055,SEARCH,0,0,0,0,8.950587255312877,-1.2570928997282107,-6.783501085396457,10.890777748134964,-6.792014316254259,10.89050410893501,19.884506967133774,1590.7605573707021,nan,0,2.6615000097081065,14.609400008339435
944,31.46666666666739,SEARCH,0,0,0,0,9.000631330998,-1.3348016836653178,-7.133468161602189,11.075707713810722,-7.146203283339601,11.094979517869989,20.37694110461164,1630.1552883689312,nan,0,2.673000009963289,14.027500001247972
945,31.500000000000725,SEARCH,0,0,0,0,9.050320077169733,-1.4123811295901914,-7.490295354583525,11.24710729266238,-7.486666847005909,11.248929407646365,20.82740312786723,1666.1922502293783,nan,0,2.6452999736648053,13.271200004965067
946,31.53333333333406,SEARCH,0,0,0,0,9.099651532201447,-1.4898237203027629,-7.853441973982335,11.404761242438392,-7.852238411967247,11.38871349099566,21.28904162666807,1703.1233301334455,nan,0,2.7821999974548817,12.874300009571016
947,31.566666666667395,SEARCH,0,0,0,0,9.14862374857177,-1.5671219518637547,-8.222362563880731,11.548476133053102,-8.24773166984936,11.545410566168997,21.7846664165531,1742.7733133242482,nan,0,2.7091999945696443,13.95369999227114
948,31.60000000000073,SEARCH,0,0,0,0,9.197234792941451,-1.6442683343218707,-8.596507759402982,11.678080327522494,-8.61099361051866,11.685088615682488,22.244207236276885,1779.536578902151,nan,0,2.550600009271875,12.67520000692457
949,31.633333333334065,SEARCH,0,0,0,0,9.24548274622969,-1.7212553924394927,-8.975325132527125,11.793423931816914,-8.973619184789232,11.788335351430707,22.681373795247076,1814.5099036197662,nan,0,2.4442000139970332,13.519399974029511
950,31.6666666666674,SEARCH,0,0,0,0,9.293365703689915,-1.798075666417022,-9.358260026156962,11.894378714466587,-9.35449226201132,11.885675355392081,23.129800015041823,1850.3840012033459,nan,0,2.511800004867837,13.260000006994233
951,31.700000000000735,SEARCH,0,0,0,0,9.34088177498495,-1.8747217126157227,-9.744756375550297,11.98083799677402,-9.76037335144281,11.978601817488526,23.59602763675748,1887.6822109405985,nan,0,2.7002000133506954,13.491699995938689
952,31.73333333333407,SEARCH,0,0,0,0,9.388029084261662,-1.951186104278932,-10.134257516244153,12.052716514503713,-10.144675510985646,12.061567716356736,24.03921418106122,1923.1371344848976,nan,0,2.4250999849755317,15.051099995616823
953,31.766666666667405,SEARCH,0,0,0,0,9.434805770225006,-2.0274614322517714,-10.526206977662213,12.109950251934146,-10.514066621252487,12.116375346350075,24.45415360447348,1956.3322883578783,nan,0,3.0799999949522316,13.740599999437109
954,31.80000000000074,SEARCH,0,0,0,0,9.481209986211509,-2.103540305699016,-10.92004926163381,12.152496249169847,-10.903613046370522,12.1432244842449,24.86988775707829,1989.591020566263,nan,0,2.637099998537451,12.622999987797812
955,31.833333333334075,SEARCH,0,0,0,0,9.527239900262195,-2.1794153528212687,-11.31523060509751,12.180332383622376,-11.310283483494292,12.17857844065839,25.30522409586998,2024.4179276695986,nan,0,2.7313999889884144,13.821300002746284
956,31.86666666666741,SEARCH,0,0,0,0,9.572893695194868,-2.2550792215692113,-11.71119972630541,12.193457126578615,-11.724364139346104,12.203731409447869,25.74160826627834,2059.3286613022674,nan,0,2.594899997347966,13.826899987179786
957,31.900000000000745,SEARCH,0,0,0,0,9.618169568675873,-2.330524580356073,-12.107408553886998,12.191889275782488,-12.10230664997047,12.202242377588522,26.13389375157685,2090.711500126148,nan,0,2.4551000096835196,12.724300002446398
958,31.93333333333408,SEARCH,0,0,0,0,9.663065733291251,-2.405744118767988,-12.503312938173403,12.175667664962699,-12.494487746302491,12.177059521305416,26.525748588984158,2122.0598871187326,nan,0,2.657300006831065,12.770799978170544
959,31.966666666667415,SEARCH,0,0,0,0,9.70758041661729,-2.4807305482723616,-12.898373344224375,12.14485085124375,-12.89941929144319,12.144563095795757,26.925371863271746,2154.0297490617395,nan,0,2.707800013013184,12.209399981657043
960,32.000000000000746,SEARCH,0,0,0,0,9.751711861290522,-2.5554766029241054,-13.292055526041096,12.099516781381004,-13.307297534900593,12.107913154039778,27.326414208568668,2186.1131366854934,nan,0,2.4873999936971813,14.544000005116686
961,32.03333333333408,SEARCH,0,0,0,0,9.795458325077075,-2.6299750400696857,-13.68383118148815,12.039762437762501,-13.693843324496987,12.044587005348065,27.69639079752988,2215.7112638023905,nan,0,2.4271000002045184,14.114700024947524
962,32.06666666666741,SEARCH,0,0,0,0,9.838818080941467,-2.7042186410488998,-14.073178587487318,11.965703465120882,-14.069061425264753,11.9610353892428,28.04739521339303,2243.7916170714425,nan,0,2.5525000237394124,13.635899988003075
963,32.10000000000074,SEARCH,0,0,0,0,9.881789417114776,-2.778200211894394,-14.459583215084697,11.8774737788982,-14.460392982134621,11.858646899673104,28.403857789492765,2272.308623159421,nan,0,3.431499993894249,13.44999999855645
964,32.13333333333407,SEARCH,0,0,0,0,9.924370637162232,-2.8519125840286557,-14.842538324030555,11.775225156204488,-14.84749040041592,11.774615374439504,28.76769749884292,2301.4157999074337,nan,0,2.72620000760071,13.666899991221726
965,32.1666666666674,SEARCH,0,0,0,0,9.966560060050183,-2.9253486149586663,-15.221545536548538,11.659126810307916,-15.230552746199397,11.659338279823379,29.11370099437194,2329.096079549755,nan,0,2.524899988202378,13.835399993695319
966,32.200000000000735,SEARCH,0,0,0,0,10.008356020212442,-2.998501188968026,-15.596115390007323,11.529364949590162,-15.590491589172222,11.532788877228224,29.435682256683513,2354.854580534681,nan,0,2.4609999964013696,14.178500015987083
967,32.233333333334066,SEARCH,0,0,0,0,10.049756867616074,-3.07136321780635,-15.965767868243327,11.386142321895406,-15.957189001479351,11.376966605240838,29.75089020707808,2380.0712165662467,nan,0,2.4741000088397413,13.203300011809915
968,32.2666666666674,SEARCH,0,0,0,0,10.09076096782651,-3.1439276413762047,-16.330032911317954,11.229677745194904,-16.326383167173457,11.225887353020166,30.07253044262391,2405.802435409913,nan,0,2.59580000420101,11.86910000978969
969,32.30000000000073,SEARCH,0,0,0,0,10.13136670207209,-3.2161874284171144,-16.68845090352673,11.060205625481938,-16.7030521960623,11.06703476133567,30.39895514195181,2431.916411356145,nan,0,2.5009000091813505,13.639099983265623
970,32.33333333333406,SEARCH,0,0,0,0,10.171572467307946,-3.288135577186908,-17.04057313951085,10.877975462803521,-17.034565043008794,10.882717945815674,30.67551153282791,2454.040922626233,nan,0,2.5486000231467187,14.911599981132895
971,32.36666666666739,SEARCH,0,0,0,0,10.21137667627932,-3.359765116140206,-17.385962268353808,10.68325134632616,-17.375229354603864,10.67771980745773,30.952735182587656,2476.2188146070125,nan,0,2.727200015215203,14.409800001885742
972,32.40000000000072,SEARCH,0,0,0,0,10.250777757584189,-3.431069104603861,-17.724192715577175,10.476311439322917,-17.715194078197545,10.47007238860358,31.230390896271388,2498.431271701711,nan,0,2.758299990091473,14.178200013702735
973,32.433333333334055,SEARCH,0,0,0,0,10.28977415573533,-3.5020406334495267,-18.054851082980107,10.257447454958141,-18.065376423944514,10.272382261467596,31.523789278643758,2521.903142291501,nan,0,2.9356000013649464,13.578200014308095
974,32.466666666667386,SEARCH,0,0,0,0,10.32836433122172,-3.5726728257631684,-18.377536526296637,10.02696412373466,-18.385392708792043,10.039921418076922,31.77707609898004,2542.166087918403,nan,0,2.6633000234141946,13.883299980079755
975,32.50000000000072,SEARCH,0,0,0,0,10.366546760569307,-3.6429588375113244,-18.691861110673653,9.785178653455842,-18.684667286682554,9.791361643189957,32.00709303259879,2560.5674426079026,nan,0,2.6283000188414007,14.467000000877306
976,32.53333333333405,SEARCH,0,0,0,0,10.404319936401157,-3.7128918582043733,-18.997450144000098,9.532420182541955,-18.98469883572431,9.53055012424676,32.23512338941628,2578.809871153302,nan,0,3.1731999770272523,15.040900005260482
977,32.56666666666738,SEARCH,0,0,0,0,10.441682367496966,-3.7824651115563594,-19.293942488144975,9.269029227526474,-19.310894050608518,9.277962994109165,32.49293132080368,2599.434505664294,nan,0,2.645499975187704,13.705400022445247
978,32.60000000000071,SEARCH,0,0,0,0,10.478632578851933,-3.851671856141631,-19.58099084818761,8.995357125543828,-19.584847264887966,9.012344916240231,32.700087887268396,2616.0070309814714,nan,0,2.7523000026121736,14.496599993435666
979,32.63333333333404,SEARCH,0,0,0,0,10.515169111734977,-3.920505386048101,-19.85826203974882,8.711765472605105,-19.849118004942373,8.711541033995898,32.88705716330004,2630.964573064003,nan,0,2.6988000026904047,14.835699985269457
980,32.666666666667375,SEARCH,0,0,0,0,10.551290523746344,-3.9889590315269525,-20.12543723455574,8.418625558442944,-20.110452786379724,8.405905659934323,33.07227197420362,2645.7817579362895,nan,0,2.7574000123422593,14.36420000391081
981,32.700000000000706,SEARCH,0,0,0,0,10.586995388874538,-4.057026159638956,-20.382212184396458,8.11631779869089,-20.384329963900008,8.11590039663024,33.277667211686264,2662.213376934901,nan,0,2.2210000024642795,16.140300023835152
982,32.73333333333404,SEARCH,0,0,0,0,10.622282297552616,-4.124700174897212,-20.628297423642877,7.805231165146254,-20.6307389279401,7.807091331297797,33.453235781735756,2676.2588625388607,nan,0,2.6243999891448766,13.169400015613064
983,32.76666666666737,SEARCH,0,0,0,0,10.657149856713849,-4.191974519906166,-20.863418450541857,7.485762614848657,-20.865185454303504,7.492009442213087,33.61804730627987,2689.4437845023895,nan,0,2.539200009778142,13.152599975001067
984,32.8000000000007,SEARCH,0,0,0,0,10.691596689846701,-4.258842675997028,-21.087315887495233,7.158316518689427,-21.074836344044503,7.151550636525367,33.753567859459686,2700.2854287567748,nan,0,2.6579999830573797,15.867700014496222
985,32.83333333333403,SEARCH,0,0,0,0,10.725621437049186,-4.325298163859452,-21.29974562056907,6.823304090249447,-21.30733827909361,6.8052755298819445,33.911652553773244,2712.932204301859,nan,0,2.6408999983686954,15.493899991270155
986,32.86666666666736,SEARCH,0,0,0,0,10.759222755082542,-4.391334544169276,-21.50047891849135,6.481142815545297,-21.50118989334724,6.476604809233855,34.04183206051368,2723.3465648410943,nan,0,2.7494000096339732,14.443099993513897
987,32.900000000000695,SEARCH,0,0,0,0,10.792399317424266,-4.456945418212567,-21.689302531415365,6.13225588434543,-21.684361010967578,6.12878322705588,34.15841934836949,2732.6735478695596,nan,0,2.7305999828968197,13.824100024066865
988,32.933333333334026,SEARCH,0,0,0,0,10.825149814320486,-4.522124428505549,-21.866018769743107,5.777071623699806,-21.838610399330417,5.770735105218221,34.24710482180723,2739.7683857445786,nan,0,2.7969999937340617,13.454900006763637
989,32.96666666666736,SEARCH,0,0,0,0,10.857472952837663,-4.586865259410664,-22.03044556331932,5.416022934307843,-22.022043987729816,5.413941479905476,34.36682658730967,2749.3461269847735,nan,0,2.541099995141849,13.415699999313802
990,33.00000000000069,SEARCH,0,0,0,0,10.889367456913632,-4.6511616377485705,-22.182416501322322,5.049546730330747,-22.192496740518703,5.05548891582413,34.47649639604536,2758.119711683629,nan,0,2.74840000201948,14.105300011578947
991,33.03333333333402,SEARCH,0,0,0,0,10.920832067407986,-4.7150073334059215,-22.321780853192266,4.6780833832354425,-22.32574505627324,4.695288024609285,34.55269235770154,2764.215388616123,nan,0,2.66689999261871,14.848399994662032
992,33.06666666666735,SEARCH,0,0,0,0,10.951865542151785,-4.778396159939081,-22.448403570951335,4.302076170238174,-22.438660267284867,4.300600018898391,34.602823373909835,2768.225869912787,nan,0,2.6185999740846455,13.022300001466647
993,33.10000000000068,SEARCH,0,0,0,0,10.98246665599657,-4.841321975173605,-22.562165273283387,3.9219707278967695,-22.5572384573068,3.917333551915622,34.6644755582651,2773.1580446612084,nan,0,2.66100000590086,13.979499984998256
994,33.133333333334015,SEARCH,0,0,0,0,11.012634200862772,-4.903778681799314,-22.662962211752678,3.538214511381212,-22.67482500586782,3.532563304945349,34.727752215230524,2778.220177218442,nan,0,2.648300025612116,13.558899983763695
995,33.166666666667346,SEARCH,0,0,0,0,11.042366985787375,-4.9657602279612,-22.750706219552765,3.151256259932935,-22.755956985895928,3.1522142014655627,34.75957727205107,2780.7661817640856,nan,0,2.5929999828804284,17.011400021146983
996,33.20000000000068,SEARCH,0,0,0,0,11.071663836970938,-5.027260607845747,-22.825324643187255,2.7615454690038326,-22.821572358235628,2.763616450048856,34.77713652840453,2782.1709222723625,nan,0,3.136099985567853,16.080200002761558
997,33.23333333333401,SEARCH,0,0,0,0,11.100523597823946,-5.088273862262916,-22.88676025749404,2.3695318695466407,-22.87606996900652,2.3711987912535286,34.78581093886047,2782.864875108838,nan,0,2.983100013807416,18.203299987362698
998,33.26666666666734,SEARCH,0,0,0,0,11.128945129012449,-5.148794079223596,-22.934971164433627,1.9756649149090124,-22.938419329548086,1.9830065853499603,34.805860165661834,2784.4688132529463,nan,0,7.751799974357709,17.72440000786446
999,33.30000000000067,SEARCH,0,0,0,0,11.156927308503068,-5.208815394512397,-22.969930676070753,1.5803932757642323,-22.97646121167983,1.5907837696458962,34.80406241608838,2784.324993287071,nan,0,2.590599993709475,18.41620000777766
1000,33.333333333334004,SEARCH,0,0,0,0,11.184469031607264,-5.268331992255906,-22.991627182185983,1.1841643434922922,-22.989696828118994,1.1888558138165923,34.778856889940634,2782.308551195251,nan,0,2.650300011737272,17.86970000830479
1001,33.366666666667335,SEARCH,0,0,0,0,11.211569211024973,-5.3273381054862545,-23.000064002961057,0.787423742405807,-22.983872658149522,0.7838157091410115,34.737219888386655,2778.9775910709322,nan,0,2.6017000200226903,16.190299997106194
1002,33.40000000000067,SEARCH,0,0,0,0,11.23822677688751,-5.385828016699849,-22.995259227188033,0.3906148511961647,-22.9997968153374,0.37916972069370164,34.71998644028972,2777.598915223178,nan,0,2.9752000118605793,18.546400009654462
1003,33.433333333334,SEARCH,0,0,0,0,11.264440676799824,-5.443796058411462,-22.977245536457815,-0.005821666043711982,-22.996076905766287,-0.002957564023781689,34.68985137684121,2775.1881101472973,nan,0,2.4899000127334148,16.481599974213168
1004,33.46666666666733,SEARCH,0,0,0,0,11.290209875882029,-5.50123661370332,-22.94607001578872,-0.4014483188824654,-22.958328147305817,-0.3888896072198155,34.628000933355146,2770.2400746684116,nan,0,2.487899997504428,15.836000005947426
1005,33.50000000000066,SEARCH,0,0,0,0,11.31553335681027,-5.558144116769395,-22.901793951159902,-0.7958312393805091,-22.900574339502352,-0.7989016013674097,34.54551222960912,2763.64097836873,nan,0,3.4805999894160777,16.098700027214363
1006,33.53333333333399,SEARCH,0,0,0,0,11.34041011985688,-5.614513053454744,-22.844492614418265,-1.1885406203871254,-22.84155203395816,-1.1912131904508139,34.46697141268571,2757.357713014857,nan,0,3.3853000204544514,17.835799983004108
1007,33.566666666667324,SEARCH,0,0,0,0,11.36483918292985,-5.6703379617897545,-22.774255036030496,-1.579151143022653,-22.7824517692942,-1.5655545065672518,34.393120338086675,2751.449627046934,nan,0,3.040000010514632,19.45779999368824
1008,33.600000000000655,SEARCH,0,0,0,0,11.388819581611603,-5.7256134325194195,-22.69118376615431,-1.9672423930821437,-22.69590337454778,-1.9472835090628309,34.29349961740017,2743.479969392014,nan,0,3.1304000003729016,16.433299984782934
1009,33.63333333333399,SEARCH,0,0,0,0,11.412350369197053,-5.780334109627509,-22.59539462450495,-2.3523992661149125,-22.580637973214504,-2.351506349891206,34.16548135550363,2733.238508440291,nan,0,2.5283999857492745,16.561100026592612
1010,33.66666666666732,SEARCH,0,0,0,0,11.435430616731002,-5.834494690855486,-22.487016439494234,-2.7342123609521574,-22.48031273300997,-2.73542330678,34.05703877921706,2724.563102337365,nan,0,2.7387999871280044,17.848500021500513
1011,33.70000000000065,SEARCH,0,0,0,0,11.458059413044797,-5.888089928216319,-22.36619077712028,-3.112278361472404,-22.37327823930168,-3.103711326353687,33.94572390663642,2715.6579125309127,nan,0,3.05209998623468,17.905600019730628
1012,33.73333333333398,SEARCH,0,0,0,0,11.480235864792304,-5.94111462850301,-22.233071660086274,-3.486200406411827,-22.24063357998895,-3.461459607793245,33.81191691007348,2704.9533528058782,nan,0,3.0138000147417188,19.023500004550442
1013,33.76666666666731,SEARCH,0,0,0,0,11.501959096485182,-5.993563653791748,-22.08782527762632,-3.8555884470436093,-22.084179380966052,-3.8407257021783523,33.65506513249436,2692.405210599549,nan,0,2.5981999933719635,19.618499994976446
1014,33.800000000000644,SEARCH,0,0,0,0,11.523228250527438,-6.045431921939816,-21.930629686515715,-4.220059592567226,-21.921762301897434,-4.22511996015102,33.49449102001731,2679.559281601385,nan,0,2.5385999761056155,17.366700019920245
1015,33.833333333333975,SEARCH,0,0,0,0,11.544042487249293,-6.096714407077983,-21.761674503741705,-4.579238443065136,-21.766834469687083,-4.581114695915081,33.34533799685695,2667.627039748556,nan,0,2.5311999779660255,18.049800011795014
1016,33.86666666666731,SEARCH,0,0,0,0,11.564400984940317,-6.147406140097518,-21.581160591309,-4.932757409900589,-21.60543387890883,-4.937301807179464,33.19190108131153,2655.352086504922,nan,0,3.062800009502098,18.333999993046746
1017,33.90000000000064,SEARCH,0,0,0,0,11.584302939881882,-6.197502209131705,-21.389299733652223,-5.280257023446244,-21.396163714600622,-5.260174761361054,32.99378370984111,2639.502696787289,nan,0,3.033800021512434,20.637799985706806
1018,33.93333333333397,SEARCH,0,0,0,0,11.603747566378885,-6.246997760031737,-21.186314308124835,-5.621386228048865,-21.17385992878321,-5.625923663915962,32.783491060894846,2622.6792848715877,nan,0,3.317599999718368,17.785799980629236
1019,33.9666666666673,SEARCH,0,0,0,0,11.622734096790765,-6.29588799683709,-20.972436949030968,-5.9558026641508395,-20.973199116814964,-5.968274826710343,32.59757954902612,2607.8063639220895,nan,0,3.139299980830401,17.720500007271767
1020,34.00000000000063,SEARCH,0,0,0,0,11.641261781561813,-6.344168182240269,-20.747910205663256,-6.283172937504212,-20.7554078818723,-6.28350090458959,32.39672646734928,2591.738117387943,nan,0,2.8956000169273466,18.28459999524057
1021,34.033333333333964,SEARCH,0,0,0,0,11.659329889250756,-6.391833638045771,-20.51298619480586,-6.603172875427686,-20.518722121750848,-6.594437379651967,32.17868983502649,2574.295186802119,nan,0,2.9092999757267535,19.55270001781173
1022,34.066666666667295,SEARCH,0,0,0,0,11.676937706559642,-6.438879745623458,-20.26792624815767,-6.915487770071445,-20.243950812404197,-6.916369434866379,31.924459592034612,2553.956767362769,nan,0,3.087199991568923,17.57009999710135
1023,34.10000000000063,SEARCH,0,0,0,0,11.694084538361993,-6.48530194635603,-20.01300055512615,-7.219812608668719,-20.00054340167917,-7.233346675834342,31.703454246736875,2536.27633973895,nan,0,2.6735000137705356,15.931300004012883
1024,34.13333333333396,SEARCH,0,0,0,0,11.71076970773025,-6.531095742080763,-19.74848780143728,-7.51585229076672,-19.752721843946134,-7.5103766037062805,31.47872760497726,2518.2982083981806,nan,0,2.3292000114452094,17.36569998320192
1025,34.16666666666729,SEARCH,0,0,0,0,11.726992555962497,-6.576256695525391,-19.47467480400196,-7.803321832443015,-19.491268289572055,-7.784596312260432,31.241637198604156,2499.330975888333,nan,0,2.5659000093583018,17.240299988770857
1026,34.20000000000062,SEARCH,0,0,0,0,11.74275244260846,-6.6207804307380185,-19.191856142473505,-8.081946557526447,-19.195125318289097,-8.074726459782857,30.972023495464658,2477.7618796371726,nan,0,3.537299984600395,19.52480000909418
1027,34.23333333333395,SEARCH,0,0,0,0,11.7580487454948,-6.664662633511155,-18.90033378792517,-8.351462275854361,-18.8928758402098,-8.355167640110592,30.697507800078633,2455.800624006291,nan,0,3.1389000068884343,17.342999984975904
1028,34.266666666667284,SEARCH,0,0,0,0,11.772880860749677,-6.707899051799777,-18.600416729070364,-8.611615448610383,-18.60095235517979,-8.619693352565266,30.433939963099412,2434.715197047953,nan,0,3.3346999844070524,16.39380000415258
1029,34.300000000000615,SEARCH,0,0,0,0,11.787248202826568,-6.750485496133278,-18.292420596441904,-8.862163340798844,-18.30650952231101,-8.8520351175893,30.167047665138192,2413.3638132110555,nan,0,3.402899979846552,17.23399999900721
1030,34.33333333333395,SEARCH,0,0,0,0,11.801150204527415,-6.792417840021479,-17.97666728493994,-9.102874160923722,-17.96701564372378,-9.088111295847174,29.85655550146583,2388.5244401172663,nan,0,2.727800019783899,17.718999995850027
1031,34.36666666666728,SEARCH,0,0,0,0,11.814586317024993,-6.8336920203544205,-17.65348457515125,-9.333527187951242,-17.644947287616635,-9.336040347141406,29.56561968489047,2365.2495747912376,nan,0,2.944700012449175,17.70840000244789
1032,34.40000000000061,SEARCH,0,0,0,0,11.827556009884587,-6.874304037796083,-17.323205753835552,-9.553912885646174,-17.315847489081925,-9.563891053110366,29.26724868887612,2341.3798951100894,nan,0,3.348900005221367,16.852400003699586
1033,34.43333333333394,SEARCH,0,0,0,0,11.84005877108493,-6.914249957171936,-16.98616923396701,-9.763833004382505,-16.99097557071242,-9.761726295050426,28.971307576853967,2317.7046061483175,nan,0,2.5224999990314245,16.65760000469163
1034,34.46666666666727,SEARCH,0,0,0,0,11.85209410703842,-6.9535259078501985,-16.642718174711632,-9.963100670539399,-16.641096696905226,-9.963319828096722,28.65171516039296,2292.137212831437,nan,0,2.7595999999903142,17.98390000476502
1035,34.500000000000604,SEARCH,0,0,0,0,11.863661542610597,-6.992128084116912,-16.29320010171346,-10.151540463603196,-16.282563431535113,-10.158391257334324,28.323756861993015,2265.900548959441,nan,0,2.8741999994963408,16.9657000224106
1036,34.533333333333935,SEARCH,0,0,0,0,11.874760621138917,-7.030052745544724,-15.937966528054597,-10.328988481105728,-15.937425865019067,-10.333812063055912,28.00772291295511,2240.617833036409,nan,0,2.846899995347485,16.72590000089258
1037,34.56666666666727,SEARCH,0,0,0,0,11.88539090445076,-7.067296217355282,-15.577372576245958,-10.495292391538431,-15.588187086716625,-10.508884242361487,27.68830106327622,2215.0640850620975,nan,0,3.145799972116947,17.249300028197467
1038,34.6000000000006,SEARCH,0,0,0,0,11.895551972880744,-7.103854890775327,-15.211776601597373,-10.650311475390486,-15.22181290817454,-10.63659489884877,27.346512210096066,2187.720976807685,nan,0,3.1698000093456358,17.226099997060373
1039,34.63333333333393,SEARCH,0,0,0,0,11.905243425287287,-7.139725223386393,-14.841539817307428,-10.793916654467711,-14.821267188401574,-10.77471112999994,26.97256925331553,2157.805540265242,nan,0,2.7685000095516443,17.467199999373406
1040,34.66666666666726,SEARCH,0,0,0,0,11.914464879068442,-7.174903739468011,-14.46702592160476,-10.925990509657016,-14.457967885546566,-10.931295631781747,26.638612763670324,2131.089021093626,nan,0,2.8162999951746315,17.1050000062678
1041,34.70000000000059,SEARCH,0,0,0,0,11.923215970177,-7.209387030334543,-14.088600727263977,-11.046427287308989,-14.093068004949394,-11.049257432275631,26.298129906480455,2103.8503925184364,nan,0,3.3955999824684113,17.46060000732541
1042,34.733333333333924,SEARCH,0,0,0,0,11.931496353134875,-7.243171754665434,-13.706631793810665,-11.155132894418584,-13.720057841166389,-11.155650367745753,25.948212298364325,2075.856983869146,nan,0,2.7289999998174608,16.19369999389164
1043,34.766666666667255,SEARCH,0,0,0,0,11.93930570104672,-7.2762546388289895,-13.321488062721127,-11.25202488279093,-13.32633998028695,-11.24592454653587,25.575596393258326,2046.047711460666,nan,0,2.886900008888915,17.63989997562021
1044,34.80000000000059,SEARCH,0,0,0,0,11.946643705612857,-7.3086324771996,-12.933539495913479,-11.337032422386024,-12.920472772577625,-11.346002926935974,25.192733914529743,2015.4187131623794,nan,0,2.8083999932277948,17.716700007440522
1045,34.83333333333392,SEARCH,0,0,0,0,11.953510077141424,-7.340302132468319,-12.54315671781794,-11.410096264042403,-12.549033528430662,-11.417913483514019,24.83951604748245,1987.161283798596,nan,0,2.6839000056497753,17.111900000600144
1046,34.86666666666725,SEARCH,0,0,0,0,11.959904544559834,-7.371260535946878,-12.150710661304975,-11.471168691785987,-12.165147562770878,-11.470208698831426,24.47078901922528,1957.6631215380223,nan,0,3.5586000012699515,19.713599991519004
1047,34.90000000000058,SEARCH,0,0,0,0,11.96582685542546,-7.401504687865049,-11.756572217740938,-11.520213464935924,-11.747461197040822,-11.515403616021747,24.067492487800404,1925.3993990240324,nan,0,2.7617000159807503,17.880600003991276
1048,34.93333333333391,SEARCH,0,0,0,0,11.971276775935612,-7.4310316576612685,-11.361111891431666,-11.557205750224714,-11.344245140452593,-11.565316341005385,23.679228705270628,1894.3382964216503,nan,0,2.7908999763894826,17.899800004670396
1049,34.966666666667244,SEARCH,0,0,0,0,11.97625409093676,-7.459838584266652,-10.964699458705422,-11.582132044154868,-10.951036166122316,-11.58992398473752,23.296313956216736,1863.7051164973388,nan,0,2.6870000001508743,18.185799999628216
1050,35.000000000000576,SEARCH,0,0,0,0,11.98075860393303,-7.487922676382179,-10.56770363187728,-11.594990085819155,-10.580131279721918,-11.583627124279186,22.929643417788412,1834.371473423073,nan,0,2.575899998191744,17.372099973727018
1051,35.03333333333391,SEARCH,0,0,0,0,11.98479013709396,-7.515281212749176,-10.170491728327958,-11.595788760415846,-10.17377657837409,-11.589367974521046,22.52998583724129,1802.3988669793034,nan,0,2.9827999824192375,14.908200013451278
1052,35.06666666666724,SEARCH,0,0,0,0,11.988348531261526,-7.541911542413019,-9.773429344920812,-11.58454799369449,-9.755031550682054,-11.586816953635909,22.11641555889202,1769.3132447113612,nan,0,3.5602999851107597,15.912900009425357
1053,35.10000000000057,SEARCH,0,0,0,0,11.991433645956416,-7.567811084979966,-9.376880037971569,-11.561298637571529,-9.369168903413195,-11.584918381224323,21.735052157785937,1738.804172622875,nan,0,2.7483000012580305,14.68120000208728
1054,35.1333333333339,SEARCH,0,0,0,0,11.99404535938359,-7.592977330867207,-8.981205008976175,-11.526082347158557,-8.979638957080201,-11.53839675302783,21.341550276946645,1707.3240221557317,nan,0,2.660800004377961,13.699199975235388
1055,35.16666666666723,SEARCH,0,0,0,0,11.996183568437068,-7.617407841546049,-8.586762796293,-11.478951449449209,-8.591746244642403,-11.480564735904162,20.947239321178174,1675.7791456942539,nan,0,2.8569999849423766,15.297200006898493
1056,35.200000000000564,SEARCH,0,0,0,0,11.997848188704022,-7.641100249778167,-8.193908972966412,-11.419968803913525,-8.185530473170319,-11.41402442198336,20.53299128275797,1642.6393026206376,nan,0,3.2498999789822847,17.061399994418025
1057,35.233333333333896,SEARCH,0,0,0,0,11.999039154468093,-7.664052259845019,-7.802995850869763,-11.349207655251286,-7.793905262088401,-11.35054748608164,20.133327984462984,1610.6662387570386,nan,0,3.139700012980029,17.635199998039752
1058,35.26666666666723,SEARCH,0,0,0,0,11.999756418711993,-7.686261647770266,-7.414372191336668,-11.266751478558072,-7.4196134350218195,-11.268934502518752,19.747087640972712,1579.767011277817,nan,0,2.7286999975331128,17.882200016174465
1059,35.30000000000056,SEARCH,0,0,0,0,11.999999953119353,-7.707726261535274,-7.028382922440481,-11.172693817159892,-7.047526986575572,-11.16079496175089,19.35799488497744,1548.6395907981953,nan,0,3.691699996124953,17.351899994537234
1060,35.33333333333389,SEARCH,0,0,0,0,11.999769748075856,-7.728444021287659,-6.645368863073009,-11.067138113373932,-6.641252216394569,-11.067443824296443,18.93770365076932,1515.0162920615453,nan,0,3.130199998850003,18.369600002188236
1061,35.36666666666722,SEARCH,0,0,0,0,11.999065812669603,-7.748412919542786,-6.265666453964427,-10.950197532454503,-6.247968488550118,-10.951775342855486,18.526084087172357,1482.0867269737885,nan,0,3.132499987259507,18.26830001664348
1062,35.40000000000055,SEARCH,0,0,0,0,11.997888174690758,-7.767631021378303,-5.889607495777742,-10.821994779984484,-5.886991102344961,-10.83668692709025,18.14629468807688,1451.7035750461503,nan,0,2.73949999245815,16.08850000775419
1063,35.433333333333884,SEARCH,0,0,0,0,11.996236880630448,-7.786096464621642,-5.517518894402274,-10.682661912973527,-5.529245284348534,-10.677939627064596,17.762468352995437,1420.997468239635,nan,0,3.2859000202734023,18.980299995746464
1064,35.466666666667216,SEARCH,0,0,0,0,11.994111995678942,-7.803807460030432,-5.149722413562041,-10.532340144925005,-5.1567008078732055,-10.521001809361675,17.36472069900711,1389.177655920569,nan,0,2.7603000053204596,18.888399994466454
1065,35.50000000000055,SEARCH,0,0,0,0,11.991513603723055,-7.8207622914658845,-4.786534434846317,-10.371179645134164,-4.777990799822272,-10.371061613498139,16.962320141197793,1356.9856112958232,nan,0,3.03580000763759,18.02359998691827
1066,35.53333333333388,ACQUIRING,0,0,0,0,11.988441807342852,-7.8369593160590885,-4.428265725261157,-10.19933933248018,-4.4293193593401075,-10.2030720972633,16.587385912783873,1326.99087302271,995.7913528106797,1,3.1098999897949398,17.5050999969244
1067,35.56666666666721,ACQUIRING,0,0,0,0,11.984896727807596,-7.85239696437018,-3.9811081267871073,-9.938610130937306,-3.998654243649463,-9.931062180726256,16.11814973062524,1289.4519784500194,995.5640123907161,0,3.5305999917909503,17.83090000390075
1068,35.60000000000054,ACQUIRING,0,0,0,0,11.980878505070956,-7.867073740540439,-3.445061639424169,-9.588992040505543,-3.4591193462700507,-9.56874123742982,15.533486598937943,1242.6789279150355,995.297552701151,0,3.734099998837337,17.466200020862743
1069,35.63333333333387,ACQUIRING,0,0,0,0,11.976387297765486,-7.880988222437212,-2.96626368454478,-9.217358508408191,-2.964489529538444,-9.217205458288376,15.000509220358262,1200.040737628661,994.9917706953318,0,4.0865000046323985,19.017200014786795
1070,35.666666666667204,ACQUIRING,0,0,0,0,11.97142328319636,-7.894139061791724,-2.5630030988365795,-8.90768868753483,-2.544217841797207,-8.907781270406101,14.550989924973804,1164.0791939979042,994.6464752076718,0,3.7714999925810844,20.076899993000552
1071,35.700000000000536,SEARCH,0,0,0,0,11.965986657334374,-7.906524984329722,-2.221999912595381,-8.645628373826353,-2.219266373883545,-8.64032134666429,14.20421981880922,1136.3375855047375,nan,0,4.715699993539602,17.857400001958013
1072,35.73333333333387,SEARCH,0,0,0,0,11.960077634808206,-7.918144789894942,-1.9698856152430713,-8.472456949006766,-1.9813433157830598,-8.46212835036935,13.952029824926962,1116.162385994157,nan,0,4.524499992839992,16.05780000681989
1073,35.7666666666672,SEARCH,0,0,0,0,11.95369644889595,-7.9289973525654025,-1.8066602067796504,-8.388174413076067,-1.8081175020832574,-8.385207262409189,13.769373649632929,1101.5498919706342,nan,0,3.1470000103581697,17.24419998936355
1074,35.80000000000053,SEARCH,0,0,0,0,11.946843351515898,-7.939081620762508,-1.7323236872051184,-8.392780766034257,-1.714762904192098,-8.400687611839363,13.669402531822593,1093.5522025458074,nan,0,3.4371000074315816,18.074399995384738
1075,35.83333333333386,SEARCH,0,0,0,0,11.939518613216602,-7.948396617352934,-1.727453786864129,-8.42571282058791,-1.7340363206990164,-8.438723200179638,13.682343537882486,1094.587483030599,nan,0,3.6829999880865216,16.486100008478388
1076,35.86666666666719,SEARCH,0,0,0,0,11.931722523166187,-7.956941439743319,-1.6628183610989715,-8.399736342448174,-1.6789271183968457,-8.398870832165853,13.617822338878813,1089.425787110305,nan,0,3.054500004509464,19.431499997153878
1077,35.900000000000524,SEARCH,0,0,0,0,11.923455389140935,-7.9647152599677105,-1.5519194019937568,-8.324887540010344,-1.551545190283084,-8.313357342335252,13.47951007704194,1078.3608061633554,nan,0,3.888599982019514,17.32590000028722
1078,35.933333333333856,SEARCH,0,0,0,0,11.914717537513148,-7.971717324767803,-1.405606004570655,-8.209243916102182,-1.3949348036908205,-8.211370573975296,13.311809761395029,1064.9447809116023,nan,0,3.5856000031344593,16.45170000847429
1079,35.96666666666719,SEARCH,0,0,0,0,11.905509313238245,-7.9779469556659235,-1.2326033715811953,-8.059317203043983,-1.2194472888357775,-8.065954064905831,13.125251656924648,1050.0201325539717,nan,0,3.1889999809209257,18.46400002250448
1080,36.00000000000052,SEARCH,0,0,0,0,11.895831079841152,-7.983403549030769,-1.0399359914439974,-7.880367659359081,-1.0504391024265425,-7.872693451838704,12.94674354260151,1035.7394834081206,nan,0,3.86850000359118,18.524099985370412
1081,36.03333333333385,SEARCH,0,0,0,0,11.885683219401951,-7.988086576135903,-0.8332661563289623,-7.67665545542412,-0.8293062080040163,-7.666264660014252,12.719061501728095,1017.5249201382476,nan,0,2.987100015161559,17.911499977344647
1082,36.06666666666718,SEARCH,0,0,0,0,11.875066132540798,-7.991995583210981,-0.6171647539847946,-7.451641729939225,-0.6117334858149539,-7.444546298973166,12.498794558987752,999.9035647190202,nan,0,2.7067000046372414,16.85179999913089
1083,36.10000000000051,SEARCH,0,0,0,0,11.863980238402103,-7.9951301914857265,-0.3953278801828448,-7.208149382770092,-0.39315537509115617,-7.2132693911534425,12.282047050824264,982.5637640659412,nan,0,3.173999983118847,17.353600007481873
1084,36.133333333333844,SEARCH,0,0,0,0,11.852425974637983,-7.997490097226628,-0.17075010927001238,-6.948491656651117,-0.18093593743828473,-6.9431749136008225,12.079461056414385,966.3568845131508,nan,0,3.1383000023197383,17.254000005777925
1085,36.166666666667176,SEARCH,0,0,0,0,11.84040379739099,-7.999075071766368,0.0541369071821067,-6.674574949787629,0.04571116974518045,-6.6634292475327,11.870076829929756,949.6061463943805,nan,0,2.9449999856296927,19.27570000407286
1086,36.20000000000051,SEARCH,0,0,0,0,11.827914181276093,-7.9998849615259875,0.27735357765024826,-6.387981013033744,0.2790277933558908,-6.3902096212464805,11.660524495158548,932.8419596126838,nan,0,3.358499991009012,18.724800000200048
1087,36.23333333333384,SEARCH,0,0,0,0,11.814957619361953,-7.999919688029758,0.4972836950787073,-6.090032654632635,0.5096457126337964,-6.099069983789399,11.46400047568562,917.1200380548495,nan,0,2.560799999628216,17.778900015400723
1088,36.26666666666717,SEARCH,0,0,0,0,11.801534623151449,-7.999179247912793,0.7126035094345158,-5.781846250953283,0.7121372497599896,-5.783736467714623,11.308533097502682,904.6826478002147,nan,0,3.1731000053696334,17.015199991874397
1089,36.3000000000005,SEARCH,0,0,0,0,11.787645722561486,-7.997663712921372,0.922224997201918,-5.464373702015074,0.9079851938968593,-5.449727522146127,11.174032040908301,893.9225632726641,nan,0,3.129399992758408,17.904300009831786
1090,36.33333333333383,SEARCH,0,0,0,0,11.773291465902078,-7.995373229905984,1.125250486871509,-5.138435942876574,1.1246407898950905,-5.116296187544274,11.030994779958801,882.4795823967041,nan,0,2.6649000064935535,18.75709998421371
1091,36.366666666667165,SEARCH,0,0,0,0,11.758472419854701,-7.992308020807106,1.3209363676820376,-4.8047496997920645,1.32775968527586,-4.811308432701841,10.904977144901821,872.3981715921457,nan,0,2.67869999515824,18.47730000736192
1092,36.400000000000496,SEARCH,0,0,0,0,11.74318916944992,-7.988468382633693,1.5086640634359687,-4.463948842300496,1.5108047195274028,-4.483223396262285,10.816119172119823,865.2895337695859,nan,0,2.756100002443418,17.049399990355596
1093,36.43333333333383,SEARCH,0,0,0,0,11.727442318044286,-7.9838546874343965,1.687916816861449,-4.116601412219396,1.6738786295899375,-4.120001293332768,10.770492369846352,861.639389587708,nan,0,2.5944999943021685,17.569600022397935
1094,36.46666666666716,SEARCH,0,0,0,0,11.711232487296536,-7.97846738226152,1.8582611209153759,-3.763223194361992,1.8585109498413632,-3.759683329240123,10.717941060701008,857.4352848560808,nan,0,3.788200003327802,17.351600021356717
1095,36.50000000000049,SEARCH,0,0,0,0,11.69456031714303,-7.972306989127697,2.0193318661609507,-3.404288520871381,2.032263550221519,-3.411857959020668,10.684459470102642,854.7567576082114,nan,0,2.7944000030402094,19.543300004443154
1096,36.53333333333382,SEARCH,0,0,0,0,11.677426465772495,-7.96537410495531,2.17082045954486,-3.040238862725224,2.1783802514819235,-3.049481148678261,10.695694579540046,855.6555663632038,nan,0,2.8246000001672655,17.662800004472956
1097,36.56666666666715,SEARCH,0,0,0,0,11.65983160960005,-7.957669401518656,2.3124653188535165,-2.671489651291313,2.3005524130838646,-2.680637322105432,10.744448550088407,859.5558840070726,nan,0,2.8463999915402383,16.712899989215657
1098,36.600000000000485,SEARCH,0,0,0,0,11.641776443240488,-7.9491936253788404,2.444044266292031,-2.29843568427499,2.435411111644839,-2.301593106076675,10.800581199381279,864.0464959505023,nan,0,2.871700009563938,18.897400004789233
1099,36.633333333333816,SEARCH,0,0,0,0,11.62326167948086,-7.939947597811455,2.5653684399617624,-1.9214553995670325,2.576600223012382,-1.9269446789935918,10.862701671760322,869.0161337408257,nan,0,3.669199999421835,19.21630001743324
1100,36.66666666666715,SEARCH,0,0,0,0,11.604288049252338,-7.929932214726987,2.676277418278827,-1.5409142438336807,2.6929713324594298,-1.544281505922089,10.96303336681291,877.0426693450329,nan,0,3.1977999897208065,19.840799999656156
1101,36.70000000000048,SEARCH,0,0,0,0,11.584856301601356,-7.91914844658401,2.7766353133898485,-1.1571673173562462,2.7675708368453122,-1.145966897003291,11.118476121779407,889.4780897423526,nan,0,2.6556999946478754,19.373099989024922
1102,36.73333333333381,SEARCH,0,0,0,0,11.564967203660037,-7.9075973382951545,2.8663276384530745,-0.7705614403592949,2.8597415670318336,-0.7537446257831785,11.267589006390136,901.4071205112108,nan,0,2.643599989823997,18.103200010955334
1103,36.76666666666714,SEARCH,0,0,0,0,11.544621540615914,-7.89528000912585,2.945258792703119,-0.38143675705068303,2.942566293875364,-0.37312457353326794,11.427080854933672,914.1664683946937,nan,0,2.8703999996650964,16.3540999928955
1104,36.80000000000047,SEARCH,0,0,0,0,11.523820115680925,-7.8821976525858855,3.0133500394583175,0.009872029616594002,3.01880957589453,0.007006882102760351,11.600635864987296,928.0508691989838,nan,0,2.7415000076871365,17.888400005176663
1105,36.833333333333805,SEARCH,0,0,0,0,11.50256375005971,-7.868351536313751,3.070537877222878,0.40303471802266755,3.0648219130927097,0.4003222508176387,11.813824677270992,945.1059741816792,nan,0,3.74700000975281,15.221299981931224
1106,36.866666666667136,SEARCH,0,0,0,0,11.480853282917188,-7.8537430019538075,3.116772724031123,0.7977249032192365,3.113514555065541,0.8042042110488553,12.040448801010143,963.2359040808115,nan,0,2.8443999763112515,15.462900017155334
1107,36.90000000000047,SEARCH,0,0,0,0,11.458689571345424,-7.838373465026293,3.1520178511777415,1.1936194598359178,3.148450918850358,1.1949400871117855,12.274396938044022,981.9517550435219,nan,0,2.8186000126879662,16.088999982457608
1108,36.9333333333338,SEARCH,0,0,0,0,11.436073490329804,-7.822244414790162,3.1762485152757964,1.5903981743733206,3.1895957165501705,1.575563971112003,12.502927582433426,1000.234206594674,nan,0,2.865099988412112,14.280100003816187
1109,36.96666666666713,SEARCH,0,0,0,0,11.41300593271448,-7.8053574140987685,3.1894512478229617,1.9877434963113167,3.201857773223822,1.9673033008305543,12.764319470548743,1021.1455576438995,nan,0,3.109999990556389,14.416299993172288
1110,37.00000000000046,SEARCH,0,0,0,0,11.389487809167127,-7.787714099248453,3.1916232696478617,2.385340383549873,3.1844629240599103,2.3828601912509257,13.067632331979487,1045.410586558359,nan,0,2.9461999947670847,16.347600001608953
1111,37.03333333333379,SEARCH,0,0,0,0,11.365520048142997,-7.769316179819967,3.182772004161998,2.7828762225716823,3.1791483574216572,2.7939569729177824,13.36410944126072,1069.1287553008576,nan,0,2.897700003813952,14.243399986298755
1112,37.066666666667125,SEARCH,0,0,0,0,11.341103595848253,-7.750165438512838,3.1629146685859313,3.180040807614547,3.1609731490692976,3.1786541148307843,13.65114028042588,1092.0912224340705,nan,0,3.350100014358759,14.406499976757914
1113,37.100000000000456,SEARCH,0,0,0,0,11.316239416202624,-7.730263730972625,3.132077926513386,3.5765263662610285,3.143611331441462,3.560291216755552,13.93802284542166,1115.0418276337327,nan,0,2.8882999904453754,15.620799997122958
1114,37.13333333333379,SEARCH,0,0,0,0,11.290928490801349,-7.7096129856111055,3.0902975885331907,3.972027621349907,3.082878635710465,3.963288001301883,14.269852832945816,1141.5882266356653,nan,0,3.340099996421486,13.99509998736903
1115,37.16666666666712,SEARCH,0,0,0,0,11.265171818876423,-7.688215203419432,3.0376183503143435,4.36624188111224,3.03297631614059,4.366240311708862,14.597223727869318,1167.7778982295454,nan,0,2.954800002044067,13.795400009257719
1116,37.20000000000045,SEARCH,0,0,0,0,11.238970417257153,-7.666072457774236,2.9740935597080003,4.758869151034535,2.9874068950906825,4.765086580966257,14.920523302042987,1193.6418641634389,nan,0,2.9620999994222075,14.075899991439655
1117,37.23333333333378,SEARCH,0,0,0,0,11.21232532033001,-7.643186894236716,2.899785006139308,5.149612262232183,2.9085017353257476,5.153725441200018,15.254981201290477,1220.3984961032381,nan,0,2.8753000078722835,14.063600014196709
1118,37.26666666666711,SEARCH,0,0,0,0,11.185237579997796,-7.6195607303447535,2.814762726937448,5.538177012141905,2.804920905275759,5.532915067637224,15.595426482950888,1247.634118636071,nan,0,2.958500001113862,13.509100012015551
1119,37.300000000000445,SEARCH,0,0,0,0,11.157708265638117,-7.59519625539804,2.7191048263528743,5.924272314163203,2.704055009780047,5.925238330541049,15.945733120899073,1275.6586496719258,nan,0,2.7193999849259853,13.372000015806407
1120,37.333333333333776,SEARCH,0,0,0,0,11.129738464061168,-7.570095830236231,2.612897303891353,6.30761035353685,2.6138533978047627,6.321891417054734,16.294404197164855,1303.5523357731884,nan,0,2.7132999966852367,13.9004000229761
1121,37.36666666666711,SEARCH,0,0,0,0,11.101329279466821,-7.544261887010221,2.49623388929907,6.687906747275812,2.515034097196777,6.687002056246589,16.62087056624036,1329.6696452992287,nan,0,2.590599993709475,13.963000004878268
1122,37.40000000000044,SEARCH,0,0,0,0,11.072481833401042,-7.51769692894644,2.3692158820969045,7.064880706386781,2.3791634911542716,7.051109921246901,16.96537405534828,1357.2299244278624,nan,0,2.580100001068786,14.031400001840666
1123,37.43333333333377,SEARCH,0,0,0,0,11.043197264711608,-7.490403530104327,2.2319519940131194,7.438255198959704,2.2248303739206583,7.437403282216664,17.337906760810977,1387.0325408648782,nan,0,3.278899996075779,12.570599996251985
1124,37.4666666666671,SEARCH,0,0,0,0,11.013476729503143,-7.4623843351269095,2.084558193024767,7.8077571129748256,2.0767237708167268,7.816868934661238,17.700879467611834,1416.0703574089466,nan,0,2.84319999627769,13.811800017720088
1125,37.50000000000043,SEARCH,0,0,0,0,10.983321401091484,-7.433642058984516,1.927157548006905,8.173117417895572,1.9404476238164068,8.17154873206776,18.03595147966616,1442.876118373293,nan,0,2.905600005760789,12.877000001026317
1126,37.533333333333765,SEARCH,0,0,0,0,10.952732469957375,-7.404179486711745,1.7598800732198072,8.534071324291466,1.7586219642167022,8.521721010511246,18.389289671959016,1471.1431737567211,nan,0,2.8660999960266054,13.977599999634549
1127,37.566666666667096,SEARCH,0,0,0,0,10.921711143699435,-7.373999473137585,1.5828625720493024,8.890358440876714,1.5671545110858882,8.893019010886839,18.76495723822376,1501.1965790579009,nan,0,3.9627999940421432,15.566599991871044
1128,37.60000000000043,SEARCH,0,0,0,0,10.890258646986506,-7.3431049426087736,1.3962484795631527,9.241722928464407,1.3758792176798433,9.259204348454748,19.135310024166003,1530.8248019332802,nan,0,3.2500000088475645,15.980199998011813
1129,37.63333333333376,SEARCH,0,0,0,0,10.858376221509303,-7.31149888870648,1.2001877035647326,9.587913650428318,1.2161135824647906,9.587609414110446,19.456440841804795,1556.5152673443836,nan,0,2.787200006423518,14.496899995720014
1130,37.66666666666709,SEARCH,0,0,0,0,10.826065125931397,-7.279184373956186,0.9948364639197214,9.92868431933901,1.0151041916732513,9.91008109622682,19.792064113122848,1583.3651290498278,nan,0,2.833000005921349,15.624799998477101
1131,37.70000000000042,SEARCH,0,0,0,0,10.793326635839508,-7.246164529530981,0.7803571300071249,10.263793639501413,0.7794400999987793,10.265527222461202,20.172686275493486,1613.8149020394787,nan,0,2.8030000103171915,14.32409998960793
1132,37.73333333333375,SEARCH,0,0,0,0,10.760162043693171,-7.212442554948145,0.556918056206237,10.59300544517033,0.5346195062952108,10.593672301127418,20.533373966591316,1642.6699173273053,nan,0,3.615699999500066,14.80999999330379
1133,37.766666666667085,SEARCH,0,0,0,0,10.726572658773698,-7.178021717759102,0.24459009351646022,11.011106139728136,0.2438986297572566,11.01588661803728,20.997732147305264,1679.818571784421,nan,0,2.747799997450784,16.73609999124892
1134,37.800000000000416,SEARCH,0,0,0,0,10.692559807132493,-7.142905353232848,-0.15662675806220544,11.51809572317483,-0.1340625838726419,11.509452228652066,21.566784548465108,1725.3427638772087,nan,0,2.7009999903384596,14.588299993192777
1135,37.83333333333375,SEARCH,0,0,0,0,10.658124831538696,-7.107096864032751,-0.64673249852976,12.113974195510414,-0.6518273620298396,12.109731433339636,22.298015795839277,1783.8412636671421,nan,0,2.521199989132583,15.720600000349805
1136,37.86666666666708,SEARCH,0,0,0,0,10.623269091426183,-7.070599719886827,-1.2257271278862034,12.798741556734885,-1.2427907160517933,12.814004248213175,23.156011105603284,1852.4808884482627,nan,0,2.6686000055633485,16.282399999909103
1137,37.90000000000041,SEARCH,0,0,0,0,10.58799396283989,-7.033417457251572,-1.8936106461315358,13.572397806848247,-1.888497300190912,13.57868339040893,24.094014517938074,1927.5211614350458,nan,0,2.869699994334951,16.471600014483556
1138,37.93333333333374,SEARCH,0,0,0,0,10.552300838381495,-6.99555367896927,-2.6503830532657573,14.377918245478599,-2.636922656853149,14.369784668105385,25.108430836916675,2008.674466953334,nan,0,2.6910000015050173,16.224599996348843
1139,37.966666666667074,SEARCH,0,0,0,0,10.516191127154434,-6.957012053918873,-3.4837163865990908,15.094549795220061,-3.476700236927602,15.0876826432146,26.110717589082576,2088.857407126606,nan,0,2.5683999992907047,15.255599981173873
1140,38.000000000000405,SEARCH,0,0,0,0,10.479666254708274,-6.917796316660541,-4.317049719932424,15.722292456072633,-4.34102130714541,15.732295201992525,27.068051751270243,2165.4441401016197,nan,0,3.1644999980926514,16.01469999877736
1141,38.03333333333374,SEARCH,0,0,0,0,10.442727662982442,-6.877910267073725,-5.150383053265757,16.261146228036317,-5.168393330477607,16.277946141257303,27.926703791813562,2234.1363033450853,nan,0,3.709400014486164,14.63829999556765
1142,38.06666666666707,SEARCH,0,0,0,0,10.40537681024929,-6.837357769989014,-5.98371638659909,16.711111111111112,-5.9716588898267,16.711195227708842,28.68347340555094,2294.677872444075,nan,0,3.175199992256239,15.90810000197962
1143,38.1000000000004,SEARCH,0,0,0,0,10.367615171056528,-6.796142754813628,-6.817049719932423,17.07218710529702,-6.80753646321294,17.057085540015997,29.39323619041309,2351.4588952330473,nan,0,2.896199992392212,15.955199982272461
1144,38.13333333333373,SEARCH,0,0,0,0,10.329444236169014,-6.754269215150649,-7.650383053265756,17.344374210594037,-7.663142977080005,17.338072130497704,30.069487959418417,2405.5590367534733,nan,0,3.1544000084977597,14.60870000300929
1145,38.16666666666706,SEARCH,0,0,0,0,10.290865512509898,-6.711741208412097,-8.48371638659909,17.527672427002166,-8.485798809573938,17.52501187593197,30.659147462636295,2452.7317970109034,nan,0,3.1722999992780387,15.430700004799291
1146,38.200000000000394,SEARCH,0,0,0,0,10.25188052310113,-6.668562855425758,-9.317049719932424,17.622081754521407,-9.302692041944189,17.62084030750121,31.18263000795202,2494.6104006361616,nan,0,3.5881999938283116,16.92430002731271
1147,38.233333333333725,SEARCH,0,0,0,0,10.212490807003341,-6.624738340035864,-10.150383053265758,17.62760219315176,-10.143185577834744,17.62012732661519,31.657022479668075,2532.561798373446,nan,0,2.7426000160630792,15.592599986121058
1148,38.26666666666706,SEARCH,0,0,0,0,10.172697919255079,-6.580271908697748,-10.983716386599092,17.622081754521407,-10.990584740769187,17.622763215815127,32.150761144745665,2572.0608915796533,nan,0,3.057299996726215,14.818299998296425
1149,38.30000000000039,SEARCH,0,0,0,0,10.132503430811413,-6.5351678700663145,-11.817049719932426,17.617665403617124,-11.832392498340614,17.62854029774758,32.654883947087534,2612.390715767003,nan,0,3.049699997063726,14.947699994081631
1150,38.33333333333372,SEARCH,0,0,0,0,10.091908928481924,-6.489430594578595,-12.65038305326576,17.6141323228937,-12.648725539396981,17.6238939542197,33.14496759384991,2651.5974075079926,nan,0,2.980699995532632,16.127899987623096
1151,38.36666666666705,SEARCH,0,0,0,0,10.050916014868053,-6.443064514030251,-13.483716386599093,17.61130585831496,-13.464616471800083,17.607973945854845,33.636776289210836,2690.942103136867,nan,0,2.9389999981503934,14.344399998662993
1152,38.40000000000038,SEARCH,0,0,0,0,10.00952630829984,-6.396074121146115,-14.317049719932427,17.60904468665197,-14.309452779569813,17.61695947794334,34.17657862494782,2734.126289995826,nan,0,2.79880000744015,14.877599984174594
1153,38.433333333333714,SEARCH,0,0,0,0,9.96774144277203,-6.348463969144911,-15.150383053265761,17.607235749321575,-15.15397790365222,17.6206621217047,34.72203606471766,2777.762885177413,nan,0,2.8116000175941736,13.778199994703755
1154,38.466666666667045,SEARCH,0,0,0,0,9.925563067879567,-6.300238671298041,-15.894827497710205,17.60578859945726,-15.910666215171101,17.61274075957556,35.20427997882855,2816.342398306284,nan,0,2.741300006164238,14.179899997543544
1155,38.50000000000038,SEARCH,0,0,0,0,9.882992848752469,-6.251402900482545,-16.55038305326576,17.604630879565807,-16.547165222940663,17.592267891368785,35.595981409772506,2847.6785127818007,nan,0,2.674099989235401,13.757100008660927
1156,38.53333333333371,SEARCH,0,0,0,0,9.840032465990099,-6.201961388728374,-17.117049719932428,17.603704703652646,-17.114877196255815,17.59747772158508,35.958037444573584,2876.642995565887,nan,0,2.725099999224767,13.255400001071393
1157,38.56666666666704,SEARCH,0,0,0,0,9.796683615594805,-6.1519189267598025,-17.594827497710206,17.602963762922116,-17.598390886972464,17.61442305248026,36.26746638621727,2901.3973108973814,nan,0,2.5501000054646283,13.019200006965548
1158,38.60000000000037,SEARCH,0,0,0,0,9.752948008904974,-6.101280363531287,-17.983716386599095,17.60237101033769,-17.99530088289791,17.614199962026678,36.50190849302769,2920.1526794422152,nan,0,2.7396999939810485,13.222400011727586
1159,38.6333333333337,SEARCH,0,0,0,0,9.708827372527477,-6.050050605757585,-18.283716386599096,17.601896808270155,-18.286348924838503,17.61105367019138,36.65484622090144,2932.387697672115,nan,0,2.980099990963936,14.868099999148399
1160,38.666666666667034,SEARCH,0,0,0,0,9.664323448269485,-5.998234617438291,-18.494827497710208,17.601517446616125,-18.49025354078218,17.586238977940027,36.727477454945564,2938.198196395645,nan,0,2.9280000017024577,14.563699980499223
1161,38.700000000000365,SEARCH,0,0,0,0,9.619437993069731,-5.945837419376886,-18.61704971993243,17.6012139572929,-18.616172789351836,17.59392375462591,36.76098573740224,2940.8788589921787,nan,0,2.7240999916102737,13.64109999849461
1162,38.7333333333337,SEARCH,0,0,0,0,9.574172778929123,-5.89286408869422,-18.650383053265767,17.60097116583432,-18.660687311111243,17.60820133631541,36.73564209884914,2938.8513679079315,nan,0,2.5806000048760325,12.783899990608916
1163,38.76666666666703,SEARCH,0,0,0,0,9.528529592840814,-5.839319758336521,-18.59482749771021,17.600776932667458,-18.58957853452577,17.600710480891216,36.606871244046374,2928.54969952371,nan,0,2.7689999842550606,14.09589999821037
1164,38.80000000000036,SEARCH,0,0,0,0,9.482510236719635,-5.7852096165780855,-18.450383053265764,17.600621546133965,-18.430196007728917,17.59005650903231,36.40772220741069,2912.6177765928555,nan,0,2.494500018656254,13.638499978696927
1165,38.83333333333369,SEARCH,0,0,0,0,9.43611652733097,-5.730538906518525,-18.21704971993243,17.600497236907174,-18.22679278476595,17.593281887272546,36.1833824846459,2894.670598771672,nan,0,3.2961000106297433,15.582699998049065
1166,38.86666666666702,SEARCH,0,0,0,0,9.389350296219025,-5.675312925574699,-17.894827497710207,17.60039778952574,-17.908502239544696,17.605156906031304,35.876914982264275,2870.153198581142,nan,0,3.199500002665445,12.972800002899021
1167,38.900000000000354,SEARCH,0,0,0,0,9.342213389634527,-5.619537024967474,-17.483716386599095,17.60031823162059,-17.481001349498765,17.621524936337405,35.491292031016144,2839.3033624812915,nan,0,3.0239000043366104,13.116000016452745
1168,38.933333333333685,SEARCH,0,0,0,0,9.29470766846184,-5.563216609203135,-16.983716386599095,17.600254585296472,-16.971106606208114,17.59885232901128,35.01962931000345,2801.5703448002764,nan,0,2.817400003550574,12.950000003911555
1169,38.96666666666702,SEARCH,0,0,0,0,9.246835008145489,-5.5063571355497745,-16.394827497710207,17.600203668237178,-16.39450129089259,17.593757292133994,34.51222122339348,2760.9776978714785,nan,0,2.6624999882187694,14.188900007866323
1170,39.00000000000035,SEARCH,0,0,0,0,9.198597298616136,-5.4489641135084685,-15.71704971993243,17.600162934589743,-15.73265900960887,17.607439803285153,33.958287687702175,2716.663015016174,nan,0,2.8556000033859164,13.59220000449568
1171,39.03333333333368,SEARCH,0,0,0,0,9.149996444215953,-5.391043104279394,-14.973639775945943,17.600130347671794,-14.979930077887628,17.619142545405346,33.34249537144866,2667.399629715893,nan,0,2.745100005995482,15.216800005873665
1172,39.06666666666701,SEARCH,0,0,0,0,9.101034363623457,-5.332599720223027,-14.298911820756754,17.600104278137437,-14.28997584939833,17.60178527347681,32.7585923663538,2620.6873893083043,nan,0,2.957099990453571,14.922300004400313
1173,39.10000000000034,SEARCH,0,0,0,0,9.05171298977775,-5.273639624316296,-13.679129456605402,17.60008342250995,-13.671777079287255,17.585835465362454,32.23216719822822,2578.573375858258,nan,0,2.725099999224767,15.860799991060048
1174,39.133333333333674,SEARCH,0,0,0,0,9.002034269802223,-5.2141685296038185,-13.103303565284321,17.60006673800796,-13.096643662372223,17.59762695789006,31.760503454970923,2540.8402763976737,nan,0,2.855200000340119,14.196300006005913
1175,39.166666666667005,SEARCH,0,0,0,0,8.952000164927677,-5.154192198644408,-12.562642852227457,17.60005339040637,-12.576633861399088,17.603703336504307,31.327366506431023,2506.1893205144816,nan,0,3.9994999824557453,14.112100005149841
1176,39.20000000000034,SEARCH,0,0,0,0,8.901612650414899,-5.093716442952608,-12.050114281781966,17.600042712325095,-12.038154596980108,17.59379252647877,30.873887277327192,2469.9109821861753,nan,0,3.2540000102017075,15.90189998387359
1177,39.23333333333367,SEARCH,0,0,0,0,8.850873715476684,-5.032747122435653,-11.560091425425572,17.600034169860077,-11.55000908484645,17.598931111189316,30.469474539329592,2437.5579631463675,nan,0,2.5529999984428287,14.05590001377277
1178,39.266666666667,SEARCH,0,0,0,0,8.799785363199291,-4.971290144825634,-11.088073140340459,17.60002733588806,-11.090424273638307,17.591992220528656,30.078599543463707,2406.2879634770966,nan,0,2.554900012910366,13.95679998677224
1179,39.30000000000033,SEARCH,0,0,0,0,8.74834961046342,-4.909351465107014,-10.630458512272368,17.60002186871045,-10.647466054815837,17.61229530924811,29.722419799712018,2377.7935839769616,nan,0,3.8486999983433634,14.464400010183454
1180,39.33333333333366,SEARCH,0,0,0,0,8.6965684878645,-4.8469370849396896,-10.184366809817895,17.60001749496836,-10.193861602788056,17.598028684412363,29.336408052064197,2346.9126441651356,nan,0,2.923799998825416,15.529500000411645
1181,39.366666666666994,SEARCH,0,0,0,0,8.64444403963259,-4.784053052077403,-9.747493447854318,17.600013995974688,-9.747740910877207,17.59218858303445,28.96495567002774,2317.196453602219,nan,0,2.890000003390014,14.282399992225692
1182,39.400000000000325,SEARCH,0,0,0,0,8.591978323551656,-4.720705459781708,-9.317994758283456,17.60001119677975,-9.315302795229814,17.58833913461426,28.607065347249712,2288.565227779977,nan,0,2.8848999936599284,15.152600011788309
1183,39.43333333333366,SEARCH,0,0,0,0,8.539173410878329,-4.656900446231632,-8.894395806626767,17.6000089574238,-8.902563454638113,17.6118663449962,28.286253892801124,2262.90031142409,nan,0,3.289299987955019,15.20570000866428
1184,39.46666666666699,SEARCH,0,0,0,0,8.48603138626015,-4.59264419392881,-8.475516645301415,17.60000716593904,-8.483011626251573,17.608586253862327,27.943569101966933,2235.4855281573546,nan,0,2.8033000126015395,14.145399996777996
1185,39.50000000000032,SEARCH,0,0,0,0,8.432554347653253,-4.5279429290985025,-8.060413316241135,17.60000573275123,-8.052371676733156,17.59065707268739,27.585961140922663,2206.8768912738133,nan,0,2.662899991264567,13.21140001527965
1186,39.53333333333365,SEARCH,0,0,0,0,8.378744406239557,-4.462802921086261,-7.648330652992911,17.600004586200985,-7.643487770244205,17.584671356484915,27.254413329538288,2180.353066363063,nan,0,3.1365000177174807,14.620999980252236
1187,39.56666666666698,SEARCH,0,0,0,0,8.32460368634341,-4.397230481750414,-7.238664522394332,17.600003668960788,-7.245847540901135,17.61164582700765,26.959777220782314,2156.782177662585,nan,0,2.9208000050857663,14.773400005651638
1188,39.600000000000314,SEARCH,0,0,0,0,8.270134325347733,-4.3312319648505335,-6.8309316179154695,17.600002935168632,-6.833052772415023,17.611391226820718,26.63803620843129,2131.0428966745035,nan,0,2.7814999921247363,14.650000026449561
1189,39.633333333333645,SEARCH,0,0,0,0,8.215338473609627,-4.2648137654317475,-6.4247452943323795,17.600002348134907,-6.415226342380093,17.60901595243355,26.315733950643352,2105.258716051468,nan,0,2.7412000054027885,13.72689998243004
1190,39.66666666666698,SEARCH,0,0,0,0,8.160218294375497,-4.197982319205039,-6.019796235465908,17.600001878507925,-6.014108361010972,17.605606003427965,26.00592240003145,2080.4737920025163,nan,0,2.8646999853663146,13.561800005845726
1191,39.70000000000031,SEARCH,0,0,0,0,8.104775963695637,-4.130744101923722,-5.61583698837273,17.60000150280634,-5.625244454110747,17.598797305876616,25.70382132031519,2056.305705625215,nan,0,3.2356000156141818,14.19969997368753
1192,39.73333333333364,SEARCH,0,0,0,0,8.04901367033833,-4.063105628755924,-5.212669590698189,17.60000120224507,-5.211899988737115,17.614479994458687,25.411996173564454,2032.9596938851564,nan,0,2.6829999987967312,14.763900020625442
1193,39.76666666666697,SEARCH,0,0,0,0,7.9929336157034365,-3.9950734536532493,-4.810135672558556,17.600000961796056,-4.804704402813348,17.601009097233625,25.103193430273105,2008.2554744218482,nan,0,3.3156000135932118,14.224599988665432
1194,39.8000000000003,SEARCH,0,0,0,0,7.93653801373549,-3.9266541687158107,-4.40810853804685,17.600000769436846,-4.397878727920734,17.586309603072458,24.79809360824182,1983.8474886593456,nan,0,2.9907999851275235,13.90940000419505
1195,39.833333333333634,SEARCH,0,0,0,0,7.879829090836289,-3.8578544035533753,-4.006486830437486,17.600000615549476,-4.005098211097577,17.588207923936018,24.51907596804604,1961.5260774436829,nan,0,3.0915999959688634,15.989999985322356
1196,39.866666666666966,SEARCH,0,0,0,0,7.822809085777012,-3.7886808246430634,-3.605189464349994,17.60000049243958,-3.613192537378965,17.61961505935546,24.271325999657584,1941.7060799726066,nan,0,2.7931999939028174,12.07960001192987
1197,39.9000000000003,SEARCH,0,0,0,0,7.765480249609823,-3.719140134683353,-3.2041515714800015,17.600000393951664,-3.2027402458330005,17.61363058075231,23.987266772894355,1918.9813418315482,nan,0,3.0341999954544008,14.931899990187958
1198,39.93333333333363,SEARCH,0,0,0,0,7.70784484557901,-3.6492390719445678,-2.8033212571840074,17.60000031516133,-2.793966023011552,17.59987551045739,23.702592728553864,1896.207418284309,nan,0,3.108100005192682,16.005099983885884
1199,39.96666666666696,SEARCH,0,0,0,0,7.64990514903164,-3.578984409616041,-2.4026570057472125,17.600000252129064,-2.395422678691793,17.596863614294563,23.437686547485725,1875.014923798858,nan,0,3.0727999983355403,14.580800023395568
1200,40.00000000000029,SEARCH,0,0,0,0,7.591663447327722,-3.5083829551497736,-2.0021256045977767,17.600000201703253,-2.0140463256486827,17.603595402459714,23.194509919694916,1855.5607935755932,nan,0,3.348799975356087,13.499300024705008
1201,40.03333333333362,SEARCH,0,0,0,0,7.5331220397499115,-3.437441549600777,-1.6017004836782285,17.6000001613626,-1.6077203374390985,17.604901090191188,22.941996058212144,1835.3596846569715,nan,0,3.0719999922439456,13.766899995971471
1202,40.066666666666954,SEARCH,0,0,0,0,7.4742832374127435,-3.3661670669642865,-1.2013603869425902,17.60000012909008,-1.1923065762256153,17.597177909734974,22.684170948261748,1814.73367586094,nan,0,4.019899992272258,14.399100007722154
1203,40.100000000000286,SEARCH,0,0,0,0,7.415149363171386,-3.2945664135095893,-0.8010883095540798,17.600000103272066,-0.8023904661174083,17.59473057492313,22.447509650669314,1795.8007720535452,nan,0,2.7916000108234584,13.873499992769212
1204,40.13333333333362,SEARCH,0,0,0,0,7.355722751529939,-3.2226465271109204,-0.4008706476432719,17.600000082617655,-0.4084444085559585,17.598734983088843,22.22188605143688,1777.7508841149502,nan,0,2.816799998981878,13.579199992818758
1205,40.16666666666695,SEARCH,0,0,0,0,7.296005748549277,-3.1504143765751653,-0.0006965181146257882,17.600000066094125,-0.014422695797247994,17.60617277484405,22.006323505173963,1760.505880413917,nan,0,3.074899985222146,14.431500021601096
1206,40.20000000000028,SEARCH,0,0,0,0,7.236000711754425,-3.077876960966566,0.3994427855082908,17.600000052875302,0.3980421818422969,17.60579977248242,21.784677185366256,1742.7741748293004,nan,0,2.6981000264640898,15.993399982107803
1207,40.23333333333361,SEARCH,0,0,0,0,7.175710010041491,-3.005041308928614,0.7995542284066238,17.60000004230024,0.8132226416441534,17.59116441987924,21.556552041929,1724.5241633543199,nan,0,3.049299994017929,14.902299997629598
1208,40.26666666666694,SEARCH,0,0,0,0,7.115136023584142,-2.931914478002955,1.19964338272529,17.600000033840193,1.1983475976925004,17.58983368086147,21.357680884698617,1708.6144707758895,nan,0,3.42100000125356,14.836199989076704
1209,40.300000000000274,SEARCH,0,0,0,0,7.054281143739649,-2.8585035539454977,1.5997147061802226,17.600000027072156,1.5789461643043075,17.606262963343745,21.184568953466837,1694.765516277347,nan,0,2.7150000096298754,13.20839999243617
1210,40.333333333333606,SEARCH,0,0,0,0,6.993147772954465,-2.78481565003992,1.9997717649441684,17.600000021657724,1.9935951219650352,17.599914279375206,20.988871837362012,1679.1097469889612,nan,0,3.1684999994467944,15.68859998951666
1211,40.36666666666694,SEARCH,0,0,0,0,6.931738324669391,-2.710857906408308,2.3998174119553246,17.60000001732618,2.4139413339697247,17.595682892839953,20.80303076190364,1664.2424609522914,nan,0,2.7703000232577324,14.449599984800443
1212,40.40000000000027,SEARCH,0,0,0,0,6.870055223224295,-2.636637489319392,2.7998539295642493,17.600000013860946,2.8013767732786143,17.59998204711254,20.64158217267637,1651.3265738141095,nan,0,3.6121000011917204,16.069200006313622
1213,40.4333333333336,SEARCH,0,0,0,0,6.808100903762406,-2.562161590494122,3.199883143651389,17.600000011088756,3.181999484119572,17.607292480620753,20.492815546731205,1639.4252437384962,nan,0,3.0573000258300453,17.49469997594133
1214,40.46666666666693,SEARCH,0,0,0,0,6.7458778121341725,-2.4874374264087695,3.5999065149211003,17.600000008871007,3.5959619930728057,17.605454266038574,20.338295558664512,1627.063644693161,nan,0,3.1636999920010567,14.231400011340156
1215,40.50000000000026,SEARCH,0,0,0,0,6.683388404800709,-2.4124722375957552,3.999925211936869,17.600000007096806,4.020164105141822,17.59498669921244,20.183933629953298,1614.7146903962637,nan,0,2.647299988893792,14.918600005330518
1216,40.533333333333594,SEARCH,0,0,0,0,6.6206351487368185,-2.3372732879420264,4.399940169549484,17.600000005677444,4.405327898047849,17.587729972638385,20.047776463964652,1603.8221171171724,nan,0,3.3591999963391572,15.627499989932403
1217,40.566666666666926,SEARCH,0,0,0,0,6.557620521333598,-2.2618478639851656,4.799952135639575,17.600000004541954,4.781918201588902,17.607771820674692,19.948807110736453,1595.904568858916,nan,0,2.873900026315823,16.146899986779317
1218,40.60000000000026,SEARCH,0,0,0,0,6.49434701030064,-2.186203274207432,5.1999617085116485,17.600000003633564,5.19665280556787,17.603427921414397,19.832133347366483,1586.5706677893188,nan,0,2.797099994495511,15.088200016180053
1219,40.63333333333359,SEARCH,0,0,0,0,6.430817113567819,-2.110346848327552,5.599969366809306,17.600000002906853,5.6036137892501845,17.598665642243493,19.726364051523728,1578.109124121898,nan,0,2.9434999742079526,15.252600016538054
1220,40.66666666666692,SEARCH,0,0,0,0,6.367033339186678,-2.0342859365904506,5.999975493447432,17.600000002325483,6.012722471901728,17.593002342390545,19.630486019885012,1570.4388815908012,nan,0,2.9403000080492347,16.248200001427904
1221,40.70000000000025,SEARCH,0,0,0,0,6.302998205231411,-1.9580279090551338,6.399980394757933,17.600000001860387,6.3838544269615864,17.593394146187514,19.551589247701095,1564.1271398160877,nan,0,2.842500020051375,15.87529998505488
1222,40.73333333333358,SEARCH,0,0,0,0,6.238714239699465,-1.8815801548804423,6.799984315806333,17.60000000148831,6.785086591136392,17.611004887929308,19.500240880501583,1560.0192704401265,nan,0,2.6453000027686357,13.941099983640015
1223,40.766666666666914,SEARCH,0,0,0,0,6.1741839804117244,-1.8049500816091624,7.199987452645053,17.60000000119065,7.210479847630833,17.60689858247217,19.4394901600225,1555.1592128018,nan,0,2.7406000008340925,13.49899999331683
1224,40.800000000000246,SEARCH,0,0,0,0,6.109409974912333,-1.7281451144502176,7.5999899621160285,17.60000000095252,7.608637613516833,17.596343665341955,19.382557883640363,1550.6046306912292,nan,0,2.5107999972533435,12.779999990016222
1225,40.83333333333358,SEARCH,0,0,0,0,6.044394780368119,-1.651172695559148,7.999991969692809,17.600000000762016,7.993310574658071,17.599073987718192,19.34865034415225,1547.89202753218,nan,0,2.9417999903671443,12.171000009402633
1226,40.86666666666691,SEARCH,0,0,0,0,5.979140963467637,-1.5740402833170724,8.399993575754234,17.60000000060961,8.393447641615564,17.60324030816339,19.32865664293623,1546.2925314348986,nan,0,2.3846999974921346,12.229899992235005
1227,40.90000000000024,SEARCH,0,0,0,0,5.913651100319847,-1.4967553516079533,8.799994860603373,17.60000000048769,8.80924398934531,17.604746734218583,19.319726709087018,1545.5781367269615,nan,0,3.9813000184949487,13.299299986101687
1228,40.93333333333357,SEARCH,0,0,0,0,5.8479277763524085,-1.41932538909436,9.199995888482684,17.600000000390153,9.217591936559494,17.595781626570332,19.311367931085687,1544.9094344868552,nan,0,3.297599992947653,13.761700014583766
1229,40.9666666666669,SEARCH,0,0,0,0,5.781973586209616,-1.341757898491938,9.599996710786133,17.60000000031212,9.603519246181037,17.58519610288399,19.308904655662026,1544.7123724529622,nan,0,2.602500026114285,13.67219997337088
1230,41.000000000000234,SEARCH,0,0,0,0,5.715791133649964,-1.2640603958423093,9.999997368628891,17.600000000249697,9.98614826426986,17.598130485802724,19.339550017481,1547.1640013984797,nan,0,2.7033000078517944,15.197200002148747
1231,41.033333333333566,SEARCH,0,0,0,0,5.649383031443358,-1.1862404097848889,10.399997894903098,17.600000000199756,10.389272169657046,17.608861333684228,19.383560008159286,1550.6848006527428,nan,0,2.6328999956604093,13.750100013567135
1232,41.0666666666669,SEARCH,0,0,0,0,5.582751901267946,-1.108305480827342,10.799998315922462,17.600000000159806,10.813151644266691,17.5977672375467,19.423548543370213,1553.8838834696169,nan,0,2.832400001352653,15.154900000197813
1233,41.10000000000023,SEARCH,0,0,0,0,5.515900373606692,-1.0302631606148913,11.199998652737953,17.600000000127846,11.223174478458935,17.591481735061954,19.476713292226272,1558.1370633781019,nan,0,2.5974000163841993,13.1153000111226
1234,41.13333333333356,SEARCH,0,0,0,0,5.448831087643422,-0.9521210111986704,11.599998922190347,17.600000000102277,11.591075764986702,17.60161960337765,19.544013417651215,1563.5210734120974,nan,0,3.34550000843592,12.93150000856258
1235,41.16666666666689,SEARCH,0,0,0,0,5.381546691158705,-0.8738866043029433,11.99999913775226,17.60000000008182,11.987059208610168,17.60284872938821,19.621991341591176,1569.759307327294,nan,0,2.895499987062067,14.855000015813857
1236,41.20000000000022,SEARCH,0,0,0,0,5.314049840425305,-0.7955675205913865,12.39999931020179,17.600000000065457,12.40855083847569,17.59885632159923,19.715140701945003,1577.2112561556003,nan,0,2.716499991947785,14.036900014616549
1237,41.233333333333555,SEARCH,0,0,0,0,5.246343200103317,-0.7171713489326452,12.799999448161415,17.600000000052365,12.811114874569144,17.59525707397831,19.813399638402228,1585.0719710721783,nan,0,3.6032000207342207,14.760399993974715
1238,41.266666666666886,SEARCH,0,0,0,0,5.1784294431349664,-0.6387056856648837,13.199999558529115,17.60000000004189,13.200478034872559,17.595627663575556,19.920948177720387,1593.675854217631,nan,0,3.0189999961294234,13.723100011702627
1239,41.30000000000022,SEARCH,0,0,0,0,5.110311250639093,-0.5601781338598233,13.599999646823274,17.600000000033514,13.589333212533775,17.612307943876104,20.053255687688182,1604.2604550150545,nan,0,2.8968999977223575,13.711499981582165
1240,41.33333333333355,SEARCH,0,0,0,0,5.0419913118052975,-0.4815963025859864,13.999999717458602,17.60000000002681,14.01072072085545,17.609863574359434,20.19254881613233,1615.4039052905864,nan,0,2.651899994816631,14.177599980030209
1241,41.36666666666688,SEARCH,0,0,0,0,4.973472323787784,-0.4029678061713599,14.399999773966863,17.60000000002145,14.414990307372868,17.59414107752953,20.323341014856442,1625.8672811885153,nan,0,2.9306999931577593,14.14779998594895
1242,41.40000000000021,SEARCH,0,0,0,0,4.904756991598877,-0.324300263465676,14.799999819173472,17.60000000001716,14.791977813865957,17.59147394850392,20.4629445877798,1637.035567022384,nan,0,2.6134999934583902,14.750600006664172
1243,41.43333333333354,SEARCH,0,0,0,0,4.83584802800223,-0.24560129710212744,15.199999855338758,17.60000000001373,15.189307773408668,17.603990266855057,20.63497147320158,1650.7977178561264,nan,0,2.7314999897498637,13.597299985121936
1244,41.466666666666875,SEARCH,0,0,0,0,4.766748153405737,-0.16687853275871653,15.599999884270987,17.600000000010983,15.592780634338324,17.608046756375703,20.812278787113094,1664.9823029690474,nan,0,2.6461999805178493,13.443200004985556
1245,41.500000000000206,SEARCH,0,0,0,0,4.697460095754127,-0.08813959841943611,15.99999990741677,17.600000000008787,16.01524713941335,17.58937168391804,20.990157424440373,1679.2125939552297,nan,0,2.8405000048223883,13.429699989501387
1246,41.53333333333354,SEARCH,0,0,0,0,4.627986590421276,-0.009392123635099937,16.399999925933397,17.60000000000703,16.408260476671803,17.58785871307905,21.17635685960437,1694.1085487683495,nan,0,3.8462000084109604,15.267499984474853
1247,41.56666666666687,SEARCH,0,0,0,0,4.558330380102218,0.06935626121597907,16.799999940746698,17.600000000005622,16.789158720186027,17.594651258996162,21.371221926783136,1709.6977541426509,nan,0,2.984699996886775,14.844599994830787
1248,41.6000000000002,SEARCH,0,0,0,0,4.488494214704865,0.1480979256672486,17.199999952597338,17.6000000000045,17.19620211777416,17.60189418649685,21.589831960075077,1727.1865568060061,nan,0,2.886600006604567,14.37289998284541
1249,41.63333333333353,SEARCH,0,0,0,0,4.418480851241449,0.22682523990339842,17.59999996207785,17.6000000000036,17.60805624237165,17.598613579875664,21.811554945191407,1744.9243956153127,nan,0,2.901300002122298,13.68410000577569
1250,41.66666666666686,SEARCH,0,0,0,0,4.348293053719678,0.3055305754995656,17.99999996966226,17.60000000000288,18.012924674467293,17.595083968244545,22.0374865592997,1762.9989247439762,nan,0,2.753900014795363,14.58039999124594
1251,41.700000000000195,SEARCH,0,0,0,0,4.277933593033614,0.384206306160547,18.399999975729784,17.600000000002304,18.393540934629375,17.597898289454935,22.261212058597476,1780.896964687798,nan,0,2.8609999862965196,14.631099998950958
1252,41.733333333333526,SEARCH,0,0,0,0,4.207405246854295,0.4628448084598058,18.799999980583806,17.60000000000184,18.7946189494888,17.59540772198053,22.501366971632493,1800.1093577305994,nan,0,2.9898000066168606,13.738299981923774
1253,41.76666666666686,SEARCH,0,0,0,0,4.13671079952006,0.5414384625780716,19.199999984467023,17.600000000001472,19.205423775726683,17.606621213745825,22.76590813233795,1821.2726505870362,nan,0,2.7985000051558018,15.073099988512695
1254,41.80000000000019,SEARCH,0,0,0,0,4.065853041926645,0.6199796530417191,19.599999987573597,17.600000000001177,19.608214125789267,17.601855076867245,23.020622949249155,1841.6498359399322,nan,0,2.8759000124409795,13.293199997860938
1255,41.83333333333352,SEARCH,0,0,0,0,3.9948347714169894,0.6984607694607261,19.999999990058853,17.600000000000943,19.999900394363266,17.607086302172785,23.282262411550533,1862.5809929240424,nan,0,3.3213999995496124,14.744000014616176
1256,41.86666666666685,SEARCH,0,0,0,0,3.923658791670811,0.7768742072659962,20.39999999204706,17.600000000000755,20.39656268962407,17.613216177844954,23.554595597918514,1884.367647833481,nan,0,3.362799994647503,13.63810000475496
1257,41.90000000000018,SEARCH,0,0,0,0,3.8523279125939176,0.8552123684463309,20.799999993637627,17.600000000000605,20.800049362971503,17.59967735076116,23.824407021026904,1905.9525616821522,nan,0,2.648300025612116,13.874500000383705
1258,41.933333333333515,SEARCH,0,0,0,0,3.780844950207277,0.933467662284553,21.19999999491008,17.600000000000485,21.212271093459353,17.594552831314903,24.113199215312243,1929.0559372249795,nan,0,3.1356000108644366,13.597999990452081
1259,41.966666666666846,SEARCH,0,0,0,0,3.7092127265358457,1.0116325060930664,21.59999999592804,17.60000000000039,21.613643668518964,17.581467649773874,24.395247160973838,1951.619772877907,nan,0,2.7864000003319234,13.752099999692291
1260,42.00000000000018,SEARCH,0,0,0,0,3.6374340694971607,1.089699325948635,21.99999999674241,17.60000000000031,22.00052715529762,17.6031179120455,24.696076228369193,1975.6860982695355,nan,0,3.2139999966602772,14.28569998824969
1261,42.03333333333351,SEARCH,0,0,0,0,3.565511812789696,1.167660557426188,22.399999997393905,17.60000000000025,22.40077531970281,17.612312373236048,25.003874194173818,2000.3099355339057,nan,0,3.015800000866875,14.699399995151907
1262,42.06666666666684,SEARCH,0,0,0,0,3.4934487957809965,1.2455086463318308,22.7999999979151,17.6000000000002,22.812654780872794,17.603942022675025,25.314621514505518,2025.1697211604414,nan,0,3.1611000013072044,12.644300004467368
1263,42.10000000000017,SEARCH,0,0,0,0,3.4212478633955827,1.3232360494348643,23.199999998332057,17.60000000000016,23.214000122429052,17.588778512604513,25.61876096942726,2049.500877554181,nan,0,2.769300015643239,13.76420000451617
1264,42.1333333333335,SEARCH,0,0,0,0,3.348911866002636,1.4008352351986006,23.59999999866562,17.60000000000013,23.601442111762154,17.59490147502295,25.93092290558172,2074.473832446538,nan,0,2.951700007542968,13.047399988863617
1265,42.166666666666835,SEARCH,0,0,0,0,3.2764436593034754,1.478298684510259,23.99999999893247,17.600000000000104,23.998432459858797,17.606384501446566,26.258636140683357,2100.6908912546687,nan,0,3.8019999919924885,13.92420000047423
1266,42.200000000000166,SEARCH,0,0,0,0,3.2038461042188153,1.5556188914094438,24.39999999914595,17.600000000000083,24.411822880511746,17.605052354640097,26.59628909142116,2127.7031273136927,nan,0,2.5634999910835177,14.006600016728044
1267,42.2333333333335,SEARCH,0,0,0,0,3.131122066775825,1.6327883638154908,24.799999999316736,17.600000000000065,24.818039071305815,17.584865930524302,26.921945469368787,2153.755637549503,nan,0,2.8381999873090535,12.572400009958073
1268,42.26666666666683,SEARCH,0,0,0,0,3.0582744179949772,1.7097996242534679,25.19999999945336,17.60000000000005,25.192820119476764,17.603508058126742,27.249735433430548,2179.978834674444,nan,0,2.8002999897580594,13.438599999062717
1269,42.30000000000016,SEARCH,0,0,0,0,2.9853060337767117,1.7866452105786348,25.599999999562662,17.60000000000004,25.576737782033838,17.60869103038639,27.580970294031644,2206.4776235225313,nan,0,3.002800018293783,13.613899995107204
1270,42.33333333333349,SEARCH,0,0,0,0,2.9122197947878954,1.8633176766995427,25.999999999650104,17.600000000000033,26.002595645912827,17.60694935199348,27.946867360645847,2235.7493888516674,nan,0,2.66990001546219,14.303000003565103
1271,42.36666666666682,SEARCH,0,0,0,0,2.8390185863480997,1.939809593299578,26.319999999720082,17.520000000000053,26.336876151149557,17.517254549467744,28.192305714470145,2255.3844571576115,nan,0,3.0292999872472137,13.918600016040727
1272,42.400000000000155,SEARCH,0,0,0,0,2.7657052983156936,2.0161135485567567,26.575999999776066,17.37600000000007,26.5808898252466,17.361214348556928,28.330815953903183,2266.4652763122544,nan,0,3.0157000001054257,12.916200008476153
1273,42.433333333333486,SEARCH,0,0,0,0,2.6922828249737556,2.0922221488619472,26.780799999820854,17.180800000000083,26.76289847193727,17.177281001230792,28.406927644560163,2272.554211564813,nan,0,2.718900010222569,13.509699987480417
1274,42.46666666666682,SEARCH,0,0,0,0,2.618754064915815,2.168128019535329,26.944639999856683,16.944640000000096,26.937040154036804,16.94955119112702,28.45820636108332,2276.6565088866655,nan,0,2.9614999948535115,15.357399999629706
1275,42.50000000000015,SEARCH,0,0,0,0,2.5451219209314164,2.2438238055408806,27.075711999885346,16.675712000000104,27.093800569338402,16.667776947797364,28.472584140410643,2277.8067312328512,nan,0,2.764400007436052,13.890299975173548
1276,42.53333333333348,SEARCH,0,0,0,0,2.471389299891526,2.319302172199165,27.180569599908278,16.38056960000011,27.19562730130997,16.36848189803945,28.437077833697074,2274.966226695766,nan,0,3.197699988959357,13.236800004960969
1277,42.56666666666681,SEARCH,0,0,0,0,2.3975591126337723,2.3945558058979453,27.264455679926623,16.06445568000012,27.257011695004948,16.052094827569235,28.364075074354794,2269.1260059483834,nan,0,3.1413999968208373,13.837600010447204
1278,42.60000000000014,SEARCH,0,0,0,0,2.3236342738475306,2.4695774148008884,27.331564543941298,15.731564544000125,27.325508242822927,15.732989100400586,28.302151711525966,2264.1721369220772,nan,0,2.805600001011044,13.210499979322776
1279,42.633333333333475,SEARCH,0,0,0,0,2.2496177019588566,2.5443597295541625,27.38525163515304,15.385251635200131,27.399880775471804,15.371296997169297,28.232358249608602,2258.5886599686883,nan,0,2.782100025797263,13.379799987887964
1280,42.666666666666806,SEARCH,0,0,0,0,2.175512319015272,2.618895503990733,27.428201308122432,15.028201308160135,27.438566013126962,15.019499319918845,28.142438717196864,2251.395097375749,nan,0,2.564100024756044,14.461599988862872
1281,42.70000000000014,SEARCH,0,0,0,0,2.101321050570406,2.6931775158325317,27.462561046497946,14.662561046528138,27.46557406637947,14.656423549175889,28.043975943226823,2243.518075458146,nan,0,2.598899998702109,12.701999978162348
1282,42.73333333333347,SEARCH,0,0,0,0,2.0270468255685015,2.767198567390316,27.41004883719839,14.37004883722251,27.395786894231765,14.384559725665282,27.9022589220514,2232.180713764112,nan,0,4.28329998976551,14.53750001383014
1283,42.7666666666668,SEARCH,0,0,0,0,1.9526925762287837,2.840951486261006,27.288039069758742,14.13603906977801,27.294492615453553,14.145282620106366,27.74877892109269,2219.9023136874152,nan,0,3.326899983221665,15.110300009837374
1284,42.80000000000013,SEARCH,0,0,0,0,1.878261237929702,2.9144291260227737,27.110431255807026,13.948831255822407,27.11551631146236,13.947698680120208,27.543639568871853,2203.491165509748,nan,0,2.4685999960638583,13.781199988443404
1285,42.833333333333464,SEARCH,0,0,0,0,1.8037557490930445,2.987624366927416,26.88834500464565,13.799065004657926,26.882161614928147,13.796939803803337,27.308748433156662,2184.699874652533,nan,0,2.80170000041835,13.82490000105463
1286,42.866666666666795,SEARCH,0,0,0,0,1.7291790510679381,3.0605301165902765,26.63067600371655,13.679252003726342,26.621692969463666,13.67913404119646,27.062741887790803,2165.0193510232643,nan,0,2.675199997611344,13.956000009784475
1287,42.90000000000013,SEARCH,0,0,0,0,1.654534088014724,3.133139310677513,26.344540802973274,13.583401602981073,26.338600620690148,13.591225891103512,26.808109137222516,2144.648730977801,nan,0,3.0855000077281147,14.50930000282824
1288,42.93333333333346,SEARCH,0,0,0,0,1.579823806788731,3.2054449135905294,26.03563264237865,13.50672128238486,26.044683589348374,13.506690891604752,26.545150835507762,2123.612066840621,nan,0,3.0863000138197094,14.16869999957271
1289,42.96666666666679,SEARCH,0,0,0,0,1.5050511568239378,3.2774399191477452,25.708506113902953,13.445377025907888,25.710529418866894,13.436226502692383,26.250830896263846,2100.0664717011077,nan,0,2.7128999936394393,15.176500019151717
1290,43.00000000000012,SEARCH,0,0,0,0,1.4302190900165335,3.3491173512635064,25.366804891122396,13.39630162072631,25.35562466090559,13.391641978215846,25.94758818492527,2075.8070547940215,nan,0,2.900399995269254,14.08419999643229
1291,43.03333333333345,SEARCH,0,0,0,0,1.3553305606083828,3.420470264623959,25.013443912897948,13.357041296581048,25.01516158083206,13.366747069117615,25.665463685216114,2053.2370948172893,nan,0,3.085600008489564,14.081000001169741
1292,43.066666666666784,SEARCH,0,0,0,0,1.280388525070397,3.4914917453601295,24.65075513031839,13.325633037264838,24.66166123078844,13.323597582016212,25.364428212013024,2029.154256961042,nan,0,3.395700012333691,15.930399997159839
1293,43.100000000000115,SEARCH,0,0,0,0,1.2053959419858176,3.562174911717766,24.280604104254746,13.30050642981187,24.302630869328414,13.29150671578244,25.06276438548707,2005.0211508389657,nan,0,3.3248999970965087,14.474900002824143
1294,43.13333333333345,SEARCH,0,0,0,0,1.1303557719334172,3.6325129147241983,23.904483283403827,13.280405143849496,23.89754962810131,13.275106593373737,24.724981879383876,1977.9985503507103,nan,0,3.536699980031699,14.03230000869371
1295,43.16666666666678,SEARCH,0,0,0,0,1.0552709773706197,3.702498938852018,23.523586626723095,13.264324115079598,23.512803860924905,13.276092763298697,24.412998216757515,1953.0398573406012,nan,0,2.8871999820694327,14.688099996419623
1296,43.20000000000011,SEARCH,0,0,0,0,0.9801445225165492,3.7721262026794062,23.138869301378506,13.251459292063679,23.143831855918986,13.258606402149722,24.108553311797163,1928.684264943773,nan,0,2.81800000811927,15.65319998189807
1297,43.23333333333344,SEARCH,0,0,0,0,0.9049793732350059,3.8413879595472693,22.751095441102834,13.241167433650944,22.76779139745882,13.225446734381498,23.79166048631513,1903.3328389052103,nan,0,3.0605999927502126,13.491199992131442
1298,43.26666666666677,SEARCH,0,0,0,0,0.8297784969173803,3.9102774982130057,22.360876352882293,13.232933946920754,22.359697114771315,13.222781248533455,23.457623958771823,1876.609916701746,nan,0,2.8432999970391393,14.083399990340695
1299,43.300000000000104,SEARCH,0,0,0,0,0.7545448623654831,3.9787881435007293,21.968701082305863,13.226347157536603,21.96133985572032,13.225463552593315,23.13502020771318,1850.8016166170544,nan,0,2.812699996866286,13.709000020753592
1300,43.333333333333435,SEARCH,0,0,0,0,0.6792814396744291,4.046913256948111,21.574960865844716,13.221077726029282,21.57989024947172,13.215121750109645,22.823047465101048,1825.843797208084,nan,0,2.8403000032994896,14.811100001679733
1301,43.36666666666677,SEARCH,0,0,0,0,0.6039912001152528,4.114646237449659,21.179968692675796,13.216862180823426,21.18693470210594,13.204469341341467,22.50072103880642,1800.0576831045137,nan,0,3.2968000159598887,13.906899985158816
1302,43.4000000000001,SEARCH,0,0,0,0,0.5286771160176944,4.181980521896261,20.78397495414066,13.213489744658741,20.778702075607498,13.2073024524561,22.170249137397047,1773.6199309917638,nan,0,4.276599996956065,14.870299986796454
1303,43.43333333333343,SEARCH,0,0,0,0,0.45334216065283606,4.248909585811225,20.38717996331255,13.210791795726992,20.36646526612878,13.217967410037849,21.839790980413728,1747.1832784330982,nan,0,3.3713000011630356,14.877299981890246
1304,43.46666666666676,SEARCH,0,0,0,0,0.37798930811572107,4.315426943982396,19.98974397065006,13.208633436581595,19.989975595868508,13.21643414510484,21.537361383081187,1722.988910646495,nan,0,2.994500013301149,14.197799988323823
1305,43.50000000000009,SEARCH,0,0,0,0,0.30262153320794316,4.381526151090588,19.59179517652007,13.206906749265276,19.613737351081046,13.200165330149165,21.22940392714161,1698.3523141713288,nan,0,2.7975999983027577,14.221500023268163
1306,43.533333333333424,SEARCH,0,0,0,0,0.22724181132020516,4.4472008023341525,19.193436141216075,13.20552539941222,19.205729855632423,13.195727596072341,20.897840307286703,1671.8272245829362,nan,0,2.857300016330555,14.352900005178526
1307,43.566666666666755,SEARCH,0,0,0,0,0.1518531183148566,4.512444534049508,18.794748912972878,13.204420319529776,18.794819535888085,13.215795908311957,20.57446286031884,1645.9570288255072,nan,0,2.903100015828386,14.525299979140982
1308,43.60000000000009,SEARCH,0,0,0,0,0.07645843040841116,4.577251024327797,18.395799130378318,13.20353625562382,18.390561257946057,13.213193117455228,20.248107521777747,1619.84860174222,nan,0,2.945000014733523,13.948899984825402
1309,43.63333333333342,SEARCH,0,0,0,0,0.0010607240540509886,4.6416139936274945,17.99663930430267,13.202829004499057,17.995224357768535,13.216280687180292,19.932757806746576,1594.6206245397261,nan,0,2.4594999849796295,12.78029999230057
1310,43.66666666666675,SEARCH,0,0,0,0,-0.07433702417587859,4.705527205382791,17.59731144344215,13.202263203599246,17.610303256223986,13.193773137662665,19.616238703023757,1569.2990962419005,nan,0,2.8181000088807195,15.010999981313944
1311,43.70000000000008,SEARCH,0,0,0,0,-0.14973183770737908,4.768984466607991,17.197849154753733,13.201810562879396,17.18305625029972,13.191782149928441,19.270938319602113,1541.6750655681692,nan,0,3.4240000240970403,14.271299995016307
1312,43.73333333333341,SEARCH,0,0,0,0,-0.22512074008230884,4.831979628497513,16.798279323802998,13.201448450303518,16.786663285714322,13.203618613458007,18.960093223263957,1516.8074578611165,nan,0,2.5117000041063875,13.202699978137389
1313,43.766666666666744,SEARCH,0,0,0,0,-0.3005007550758886,4.894506587021722,16.39862345904241,13.201158760242814,16.399841312671196,13.203828753916431,18.653317668795832,1492.2654135036664,nan,0,3.2891999871935695,14.285900018876418
1314,43.800000000000075,SEARCH,0,0,0,0,-0.37586890681419766,4.956559283518423,15.998898767233937,13.20092700819425,16.006961866847412,13.190277152515847,18.335518921063603,1466.841513685088,nan,0,2.9252000094857067,14.45899999816902
1315,43.83333333333341,SEARCH,0,0,0,0,-0.4512222198916564,5.018131705279863,15.599119013787158,13.2007416065554,15.595112031454462,13.188871209394138,18.006827231636816,1440.546178530945,nan,0,2.7756000054068863,14.08269998501055
1316,43.86666666666674,SEARCH,0,0,0,0,-0.52655771948849,5.079217886135374,15.199295211029733,13.20059328524432,15.204375102577133,13.214772035761404,17.710152138641803,1416.8121710913442,nan,0,2.920700004324317,14.289699989603832
1317,43.90000000000007,SEARCH,0,0,0,0,-0.6018724314881694,5.139811907029506,14.799436168823794,13.200474628195456,14.798453025910044,13.207094721560608,17.385369602151584,1390.8295681721268,nan,0,2.9525000136345625,14.35659997514449
1318,43.9333333333334,SEARCH,0,0,0,0,-0.6771633825948243,5.199907896595494,14.399548935059041,13.200379702556365,14.408625018072973,13.196378369470047,17.074090069262187,1365.927205540975,nan,0,3.038599999854341,14.111900003626943
1319,43.96666666666673,SEARCH,0,0,0,0,-0.7524276004506238,5.259500031724259,13.999639148047237,13.200303762045092,14.006424268993037,13.183986127833762,16.751751800680832,1340.1401440544664,nan,0,2.8532999858725816,14.389100018888712
1320,44.000000000000064,ACQUIRING,0,0,0,0,-0.82766211375312,5.3185825381285685,13.599711318437793,13.200243009636074,13.583637769336482,13.202153888783098,16.426693567519887,1314.135485401591,1117.4723653989117,1,3.664500021841377,15.808199997991323
1321,44.033333333333395,ACQUIRING,0,0,0,0,-0.9028639523725497,5.377149690902586,13.11089459993946,13.271064355690072,13.101760990342923,13.281357901472795,16.08123214253727,1286.4985714029817,1115.2524579651986,1,4.703499987954274,14.248399995267391
1322,44.06666666666673,ACQUIRING,0,0,0,0,-0.9780301474690904,5.435195815076625,12.63300147183359,13.282688689235902,12.642110407483083,13.280495176163521,15.718045387443164,1257.443630995453,1113.0711604559394,1,3.8268000062089413,14.227000006940216
1323,44.10000000000006,ACQUIRING,0,0,0,0,-1.0531577316100649,5.49271528616697,12.214429036414106,13.304440098835494,12.21853126451295,13.292605876206162,15.394025530263184,1231.5220424210545,1110.9298334468674,1,4.206000012345612,15.009299997473136
1324,44.13333333333339,ACQUIRING,0,0,0,0,-1.1282437388870903,5.549702530720904,11.850806039021602,13.321134834840475,11.846134807890019,13.322359741478643,15.12444044555085,1209.955235644068,1109.1911840685004,1,3.9871999761089683,14.793100010138005
1325,44.16666666666672,ACQUIRING,0,0,0,0,-1.2032852050331675,5.606152026856791,11.53979839908535,13.329843442583192,11.525509517348853,13.331724332165292,14.889818082471326,1191.185446597706,1107.8433693998102,1,4.225100012263283,14.448900008574128
1326,44.20000000000005,ACQUIRING,0,0,0,0,-1.2782791675397038,5.662058304799064,11.275631053524087,13.330409817559435,11.287012637926768,13.326622236273868,14.718427171956499,1177.4741737565198,1105.863602636633,1,4.613299999618903,14.904699986800551
1327,44.233333333333384,ACQUIRING,0,0,0,0,-1.3532226657734703,5.717415947408262,11.044153197192992,13.324496814235795,11.05919148369225,13.324348259004468,14.557934063975672,1164.6347251180537,1103.6344925519982,1,4.797000001417473,14.955200022086501
1328,44.266666666666715,ACQUIRING,0,0,0,0,-1.4281127410934804,5.772219590705961,10.840366222674735,13.311544283513022,10.839488757154637,13.307068619191233,14.396805076192596,1151.7444060954076,1102.1368033657811,1,4.489900020416826,14.48419998632744
1329,44.30000000000005,ACQUIRING,0,0,0,0,-1.5029464369677932,5.826463924394461,10.665469012774839,13.293285506307502,10.658276869007636,13.300308039594514,14.274231963790921,1141.9385571032738,1100.689516650252,1,4.210099985357374,15.452299994649366
1330,44.33333333333338,ACQUIRING,0,0,0,0,-1.5777207990902307,5.880143692371408,10.51153839000088,13.27375856516061,10.51468333801291,13.269327486481908,14.171318744498496,1133.7054995598796,1099.1222616892753,1,4.119799996260554,14.567000005627051
1331,44.36666666666671,ACQUIRING,0,0,0,0,-1.6524328754970106,5.933253693239033,10.374019139773859,13.252878449858766,10.383482669993576,13.24216422105928,14.081315141770801,1126.505211341664,1097.239484072046,1,4.122200014535338,14.231699984520674
1332,44.40000000000004,ACQUIRING,0,0,0,0,-1.7270797166832845,5.985788780808177,10.245946358261934,13.23384337564712,10.247905353693428,13.228832433790345,13.995068731333562,1119.605498506685,1095.4493971010572,1,4.5514999947045,14.09159999457188
1333,44.43333333333337,ACQUIRING,0,0,0,0,-1.8016583757195777,6.037743864596968,10.131066384414892,13.210069552891806,10.117104113936348,13.217123096918622,13.914035555737255,1113.1228444589806,1094.08401859914,1,3.6610999959520996,14.35370001127012
1334,44.466666666666704,ACQUIRING,0,0,0,0,-1.8761659083681308,6.089113910324016,10.031223107537263,13.180649215658446,10.030118295649672,13.19091741499587,13.863448941941297,1109.0759153553038,1092.470110383447,1,4.600499989464879,14.281700015999377
1335,44.500000000000036,ACQUIRING,0,0,0,0,-1.950599373199132,6.139893940396248,9.939050567037473,13.149743043646408,9.946866641946986,13.148798295751726,13.808491512257154,1104.6793209805724,1091.065097701919,0,3.4793999802786857,14.959300024202093
1336,44.53333333333337,ACQUIRING,0,0,0,0,-2.0249558317068406,6.190079034391246,9.854526981323751,13.118475284129035,9.865709304029954,13.105564731399685,13.755430193045756,1100.4344154436606,1089.7252066150543,0,3.8337000005412847,14.552000007824972
1337,44.5666666666667,ACQUIRING,0,0,0,0,-2.099232348425593,6.23966432953396,9.776360985789093,13.086743621169953,9.772682156218302,13.091530742537698,13.707312914908698,1096.5850331926958,1088.4497434095163,0,3.988299984484911,15.366200008429587
1338,44.60000000000003,ACQUIRING,0,0,0,0,-2.1734259910456917,6.288645021167966,9.703576774729827,13.05462912373451,9.69295341611634,13.054197542205745,13.659562992630468,1092.7650394104373,1087.2379921976892,0,3.260700003011152,15.15240001026541
1339,44.63333333333336,SEARCH,0,0,0,0,-2.2475338305291648,6.337016363220955,9.63534240890079,13.02219039273456,9.640912811217929,13.018156941829549,13.637184569580267,1090.9747655664214,nan,0,3.3860999974422157,15.234099992085248
1340,44.66666666666669,SEARCH,0,0,0,0,-2.3215529412254026,6.384773668664646,9.655996931960642,13.057752314187647,9.665464305342748,13.044639312634175,13.712855022395882,1097.0284017916704,nan,0,3.5586000012699515,14.893700019456446
1341,44.700000000000024,SEARCH,0,0,0,0,-2.395480400986657,6.431912309968967,9.765540343909382,13.086201851350118,9.768097737491821,13.082880618172574,13.863189119665082,1109.0551295732066,nan,0,4.1597000090405345,15.383199992356822
1342,44.733333333333356,SEARCH,0,0,0,0,-2.469313291283399,6.478427719550393,9.963972644747013,13.108961481080096,9.948546067078523,13.111920641589068,14.078581583057078,1126.2865266445663,nan,0,2.9433999734465033,14.676700026029721
1343,44.76666666666669,SEARCH,0,0,0,0,-2.543048697319543,6.5243153902145625,10.073516056695754,13.127169184864076,10.070912875892827,13.129617817333319,14.23875158587224,1139.1001268697792,nan,0,4.362200008472428,13.797999999951571
1344,44.80000000000002,SEARCH,0,0,0,0,-2.616683708147514,6.569570875593029,10.094170579755605,13.141735347891261,10.111367611261883,13.127246621851533,14.318044614492104,1145.4435691593683,nan,0,4.036800004541874,13.73740000417456
1345,44.83333333333335,SEARCH,0,0,0,0,-2.6902154167831673,6.614189790574054,10.025936213926569,13.15338827831301,10.024686022337738,13.144992413277777,14.294058258705702,1143.524660696456,nan,0,4.463499994017184,14.12419998086989
1346,44.86666666666668,SEARCH,0,0,0,0,-2.7636409203205528,6.658167811727531,9.868812959208643,13.162710622650408,9.853430367142508,13.169914489270235,14.198356688906404,1135.8685351125123,nan,0,3.9630999963264912,14.580100018065423
1347,44.90000000000001,SEARCH,0,0,0,0,-2.8369573200465155,6.701500677723944,9.655050367366908,13.170168498120328,9.650085714876976,13.179266710629111,14.067256183531002,1125.38049468248,nan,0,4.599400010192767,14.772199996514246
1348,44.933333333333344,SEARCH,0,0,0,0,-2.910161721555131,6.744184189747211,9.40404029389352,13.176134798496262,9.416892781287086,13.176933525137215,13.904550935862801,1112.364074869024,nan,0,4.273200000170618,15.165199991315603
1349,44.966666666666676,SEARCH,0,0,0,0,-2.983251234861975,6.786214211901605,9.123232235114807,13.18090783879701,9.128891687833038,13.16809681484394,13.690596471210775,1095.247717696862,nan,0,4.737499984912574,14.841900003375486
1350,45.00000000000001,ACQUIRING,0,0,0,0,-3.056222974518211,6.827586671612454,8.818585788091836,13.184726271037608,8.814279370634688,13.185695279455514,13.466045113373433,1077.2836090698747,1088.853947867708,1,4.4135999924037606,14.682200009701774
1351,45.03333333333334,ACQUIRING,0,0,0,0,-3.1290740597245046,6.868297560020783,8.602828229957753,13.099655814389317,8.609899644766907,13.106399525034757,13.293510437828376,1063.4808350262701,1088.4753104490735,1,4.774500004714355,14.986899972427636
1352,45.06666666666667,ACQUIRING,0,0,0,0,-3.2018016144447743,6.908342932371779,8.47595956071256,12.984547021731727,8.479773486397827,12.976161982572842,13.163495921016148,1053.0796736812918,1088.6215170886205,1,5.758499988587573,13.94780000555329
1353,45.1,ACQUIRING,0,0,0,0,-3.274402767519647,6.947718908396988,8.437979780356256,12.889478460557045,8.447259472593695,12.876175972194714,13.13559929461127,1050.8479435689017,1088.69507593772,1,5.883900012122467,14.74479999160394
1354,45.13333333333333,ACQUIRING,0,0,0,0,-3.3468746527799342,6.986421672690315,8.488888888888841,12.806802108470432,8.478531332119658,12.798390747107348,13.17646429167093,1054.1171433336742,1090.2450143845995,1,5.1973000227008015,13.840699975844473
1355,45.166666666666664,ACQUIRING,0,0,0,0,-3.4192144091596974,7.024447475077749,8.5574057630177,12.72943803449886,8.551037184030339,12.732695863260039,13.261637261871337,1060.930980949707,1090.6578057979411,1,5.400199996074662,15.596300014294684
1356,45.199999999999996,ACQUIRING,0,0,0,0,-3.4914191808092188,7.061792630980695,8.611049501643201,12.647836161101502,8.617936867038118,12.65065985507138,13.33686397703943,1066.9491181631543,1090.6964108319971,1,5.181899992749095,13.721700001042336
1357,45.23333333333333,ACQUIRING,0,0,0,0,-3.5634861172077494,7.0984535217730516,8.648381689498052,12.571548075596642,8.657166423449677,12.556615142015069,13.384165151108968,1070.7332120887174,1091.1188437462188,1,5.5373999930452555,15.234499995131046
1358,45.26666666666666,ACQUIRING,0,0,0,0,-3.635412373276038,7.134426595131797,8.674683276251923,12.500930481929913,8.659464727990267,12.488970847190993,13.410262752179866,1072.8210201743893,1092.5703727051457,1,5.669500009389594,13.774199993349612
1359,45.29999999999999,ACQUIRING,0,0,0,0,-3.7071951094886533,7.169708365381217,8.697483425297172,12.436175112720427,8.682486523776328,12.44609181105828,13.466418723605715,1077.3134978884573,1093.9253926390566,1,5.734400008805096,14.469599991571158
1360,45.33333333333332,ACQUIRING,0,0,0,0,-3.7788314919860806,7.204295413830677,8.716348649238354,12.371375547631743,8.717260385260946,12.383932837143762,13.527045355198029,1082.1636284158421,1094.7793568459306,1,5.188100010855123,15.117100003408268
1361,45.36666666666665,ACQUIRING,0,0,0,0,-3.8503186926866,7.238184389105845,8.726983083971293,12.30864360229724,8.743142619016997,12.296504314077122,13.57136206402057,1085.7089651216456,1095.778429832881,1,5.551400012336671,13.870399998268113
1362,45.399999999999984,SEARCH,0,0,0,0,-3.921653889397934,7.271372007473441,8.731229065087943,12.249876456559083,8.7472029266857,12.246679310137448,13.61079041725243,1088.8632333801943,nan,1,5.859299999428913,13.81149998633191
1363,45.433333333333316,SEARCH,0,0,0,0,-3.992834265928661,7.303855053159448,8.646586157315705,12.279998199709816,8.628586888002117,12.287062374665446,13.569547787380474,1085.5638229904378,nan,1,4.969899979187176,15.584800014039502
1364,45.46666666666665,SEARCH,0,0,0,0,-4.0638570121993975,7.335630378660662,8.473054360654578,12.399008831749438,8.459309865870525,12.408245880305742,13.51151866680861,1080.9214933446888,nan,1,5.212999996729195,14.607999997679144
1365,45.49999999999998,SEARCH,0,0,0,0,-4.134719324353729,7.366694905049723,8.210633675104562,12.55920706539955,8.216676727412747,12.552555129243542,13.395899771664016,1071.6719817331211,nan,1,4.466599988518283,15.892800001893193
1366,45.53333333333331,SEARCH,0,0,0,0,-4.20541840486891,7.3970456222734144,7.859324100665657,12.68736565231964,7.854840704928224,12.677184410641367,13.165474371243619,1053.2379496994893,nan,0,5.009100015740842,12.189400003990158
1367,45.56666666666664,SEARCH,0,0,0,0,-4.2759514626662956,7.426679589444344,7.419125637337864,12.789892521855712,7.407271064144732,12.795402578226721,12.857716560154257,1028.6173248123407,nan,0,4.509099991992116,13.259400002425537
1368,45.59999999999997,SEARCH,0,0,0,0,-4.346315713221536,7.455593935125923,6.975300509870275,12.87191401748457,6.967157885528634,12.888508740330321,12.550348527042038,1004.0278821633631,nan,0,4.143400001339614,15.673599991714582
1369,45.633333333333304,SEARCH,0,0,0,0,-4.416508378674504,7.483785857610564,6.540240407896202,12.937531213987656,6.546050991745386,12.942789337808088,12.24656796603806,979.7254372830448,nan,0,4.341899999417365,14.663699985248968
1370,45.666666666666636,SEARCH,0,0,0,0,-4.486526687938955,7.5112526251911795,6.112192326316943,12.990024971190126,6.116659176394526,12.977619452610105,11.929321722776505,954.3457378221204,nan,0,4.008999996585771,14.804899983573705
1371,45.69999999999997,SEARCH,0,0,0,0,-4.556367876811931,7.537991576425884,5.689753861053534,13.032019976952101,5.681747541719152,13.027622694667967,11.617015844765632,929.3612675812504,nan,0,4.699799988884479,14.988800015999004
1372,45.7333333333333,SEARCH,0,0,0,0,-4.626029188082882,7.564000120395854,5.271803088842806,13.065615981561681,5.256548600959978,13.073817033484666,11.314743751947843,905.1795001558274,nan,0,4.840999987209216,14.291300001787022
1373,45.76666666666663,SEARCH,0,0,0,0,-4.695507871642517,7.5892757369563935,4.857442471074223,13.092492785249345,4.866576138621495,13.095695981356464,11.034224690810207,882.7379752648167,nan,0,4.33970001176931,13.603700004750863
1374,45.79999999999996,SEARCH,0,0,0,0,-4.764801184591378,7.613815976981139,4.4459539768593554,13.113994228199475,4.451094598657979,13.113786576289197,10.732306913285992,858.5845530628794,nan,0,4.095000011147931,14.533999987179413
1375,45.83333333333329,SEARCH,0,0,0,0,-4.833906391348116,7.637618462599344,4.03676318148746,13.13119538255958,4.029766962389784,13.130829588973183,10.427850871616867,834.2280697293493,nan,0,4.097500001080334,14.076199993724003
1376,45.866666666666625,SEARCH,0,0,0,0,-4.902820763757499,7.660680887426322,3.6294105451899425,13.144956306047664,3.6284228837176107,13.156522247276191,10.148221047317646,811.8576837854117,nan,0,4.672100010793656,14.361600013216957
1377,45.899999999999956,SEARCH,0,0,0,0,-4.971541581198103,7.683001016786893,3.2235284361519274,13.155965044838132,3.2212939612927465,13.15568613035815,9.852554824947983,788.2043859958386,nan,0,4.259500012267381,13.58929998241365
1378,45.93333333333329,SEARCH,0,0,0,0,-5.0400661306897225,7.704576687931937,2.818822748921514,13.164772035870506,2.8236535661641753,13.161731613916768,9.57176197765534,765.7409582124271,nan,0,3.8086000131443143,12.517600000137463
1379,45.96666666666662,SEARCH,0,0,0,0,-5.108391707000479,7.72540581024796,2.4150581991371824,13.171817628696404,2.415994606879728,13.160739903904833,9.282200499352324,742.576039948186,nan,0,4.179999988991767,13.772700011031702
1380,45.99999999999995,SEARCH,0,0,0,0,-5.17651561275361,7.745486365459653,2.0120465593097157,13.177454102957123,2.0027581791451152,13.16863743218651,8.997362928746652,719.7890342997321,nan,0,5.642100004479289,14.396299986401573
1381,46.03333333333328,SEARCH,0,0,0,0,-5.244435158533964,7.764816407825465,1.6096372474477412,13.181963282365698,1.608204694470337,13.189945256330516,8.740177113643897,699.2141690915117,nan,0,4.57819999428466,17.15229998808354
1382,46.06666666666661,SEARCH,0,0,0,0,-5.312147662994171,7.783394064326145,1.2077097979581606,13.18557062589256,1.2189014550766484,13.186974776878092,8.476631825183693,678.1305460146955,nan,0,4.681300022639334,15.39379998575896
1383,46.099999999999945,SEARCH,0,0,0,0,-5.3796504529604965,7.801217534846216,0.806167838366495,13.188456500714048,0.8262734222842769,13.17282188830059,8.207778291071408,656.6222632857126,nan,0,4.536499996902421,15.329700021538883
1384,46.133333333333276,SEARCH,0,0,0,0,-5.4469408635383765,7.818285092348417,0.40493427069316135,13.190765200571239,0.39659395350384885,13.181302940634271,7.931510549637903,634.5208439710321,nan,0,4.157899995334446,15.45159998931922
1385,46.16666666666661,SEARCH,0,0,0,0,-5.51401623821762,7.8345950830410365,0.0039474165544933215,13.19261216045699,-0.00811640324490383,13.199747839733458,7.687639240716026,615.011139257282,nan,0,4.475599998841062,17.282599990721792
1386,46.19999999999994,SEARCH,0,0,0,0,-5.580873928977287,7.850145926538158,-0.3968420667564423,13.194089728365592,-0.3877498871626618,13.1913238880304,7.449612025468406,595.9689620374725,nan,0,2.73949999245815,14.993999997386709
1387,46.23333333333327,SEARCH,0,0,0,0,-5.647511296390224,7.864936116012809,-0.7974736534051918,13.195271782692474,-0.7911762546016337,13.180539531282193,7.199974285129588,575.997942810367,nan,0,2.61060000048019,15.519300010055304
1388,46.2666666666666,SEARCH,0,0,0,0,-5.713925709727269,7.878964218342953,-1.1979789227241926,13.19621742615398,-1.207031277801096,13.188535469326311,6.964455778436396,557.1564622749116,nan,0,2.6396999892313033,15.24870001594536
1389,46.29999999999993,SEARCH,0,0,0,0,-5.7801145470611015,7.892228874250355,-1.5983831381793945,13.196973940923185,-1.6137695699741916,13.190479867056682,6.7401701796668725,539.2136143733497,nan,0,2.9069000156596303,13.735099986661226
1390,46.333333333333265,SEARCH,0,0,0,0,-5.846075195369757,7.904728798432305,-1.998706510543557,13.197579152738548,-2.009444158440752,13.205004276434286,6.54313822689358,523.4510581514864,nan,0,2.890099975047633,14.26640001591295
1391,46.366666666666596,SEARCH,0,0,0,0,-5.911805050639783,7.916462779686141,-2.3989652084348885,13.198063322190839,-2.3906845037228734,13.200998282081974,6.350165775946516,508.01326207572134,nan,0,3.1623999821022153,14.564600016456097
1392,46.39999999999993,SEARCH,0,0,0,0,-5.9773015179690425,7.927429681026628,-2.7991721667479545,13.198450657752671,-2.802353764962771,13.17891706014432,6.136645087289306,490.9316069831445,nan,0,2.8165999974589795,15.184099989710376
1393,46.43333333333326,SEARCH,0,0,0,0,-6.042562011669151,7.937628439796115,-3.1993377333984085,13.198760526202138,-3.2182088321220097,13.204042358284067,5.975959039657289,478.0767231725831,nan,0,2.8227999864611775,16.39230002183467
1394,46.46666666666659,SEARCH,0,0,0,0,-6.107583955367565,7.947058067767508,-3.599470186718773,13.199008420961711,-3.6100241259025716,13.206000184950012,5.821879189199412,465.7503351359529,nan,0,3.255600022384897,15.60569999855943
1395,46.49999999999992,SEARCH,0,0,0,0,-6.172364782109277,7.955717651240032,-3.9995761493750654,13.19920673676937,-3.9845066803084532,13.197204636218142,5.679780707677932,454.3824566142345,nan,0,2.858299994841218,14.780900004552677
1396,46.53333333333325,SEARCH,0,0,0,0,-6.2369019344581735,7.963606351127754,-4.399660919500101,13.199365389415496,-4.391469536272528,13.18538906630588,5.5382881345056685,443.06305076045345,nan,0,2.8036000148858875,15.73759998427704
1397,46.566666666666585,SEARCH,0,0,0,0,-6.301192864597985,7.970723403040894,-4.79972873560013,13.199492311532397,-4.799912124585422,13.197926072399605,5.438519247633817,435.08153981070535,nan,0,2.553700003772974,16.499599994858727
1398,46.599999999999916,SEARCH,0,0,0,0,-6.365235034432872,7.977068117359898,-5.1997829884801545,13.199593849225918,-5.200937900491557,13.202834468165658,5.353897810877391,428.31182487019123,nan,0,2.594999998109415,15.756300010252744
1399,46.63333333333325,SEARCH,0,0,0,0,-6.429025915687627,7.982639879302247,-5.599826390784175,13.199675079380734,-5.59986392729674,13.200521249001335,5.283350791992253,422.66806335938026,nan,0,2.6626000180840492,15.359599987277761
1400,46.66666666666658,SEARCH,0,0,0,0,-6.492562990007487,7.987438148982036,-5.999861112627393,13.199740063504587,-5.99821536218654,13.189172534829407,5.22517178646206,418.0137429169649,nan,0,3.1457000004593283,15.402400022139773
1401,46.69999999999991,SEARCH,0,0,0,0,-6.55584374905755,7.9914624614622864,-6.399888890101968,13.19979205080367,-6.410160403979042,13.204097899580391,5.214670828322531,417.1736662658025,nan,0,2.7738999924622476,14.473999995971099
1402,46.73333333333324,SEARCH,0,0,0,0,-6.618865694621802,7.994712426799996,-6.799911112081629,13.199833640642936,-6.812244499897158,13.211957679400664,5.220827845094486,417.6662276075589,nan,0,2.6943999982904643,15.058799996040761
1403,46.76666666666657,SEARCH,0,0,0,0,-6.6816263387017445,7.997187730083923,-7.19992888966536,13.199866912514349,-7.192725501189095,13.215134184721359,5.242917847664471,419.4334278131577,nan,0,2.895799989346415,14.286299992818385
1404,46.799999999999905,SEARCH,0,0,0,0,-6.744123203614612,7.998888131465098,-7.599943111732346,13.19989353001148,-7.583904673903183,13.204345376195699,5.272761899095988,421.820951927679,nan,0,4.106900014448911,16.882600000826642
1405,46.833333333333236,SEARCH,0,0,0,0,-6.806353822091207,7.9998134661800675,-7.999954489385935,13.199914824009184,-8.010647249528734,13.195247250883556,5.333184308704101,426.65474469632807,nan,0,3.7496000004466623,16.668700001901016
1406,46.86666666666657,SEARCH,0,0,0,0,-6.868315737373232,7.99996364456686,-8.399963591508808,13.199931859207348,-8.421566325512941,13.210952264238419,5.437553658025165,435.00429264201324,nan,0,2.7865000010933727,13.929399981861934
1407,46.8999999999999,SEARCH,0,0,0,0,-6.930006503310386,7.999338652073669,-8.799970873207107,13.199945487365879,-8.81140871925365,13.222625466011058,5.551792452785715,444.14339622285723,nan,0,3.1799999997019768,14.119300001766533
1408,46.93333333333323,SEARCH,0,0,0,0,-6.991423684456862,7.997938549260268,-9.199976698565747,13.199956389892703,-9.199277393497082,13.192079596039509,5.643909922594407,451.51279380755255,nan,0,2.8162999951746315,13.857900019502267
1409,46.96666666666656,SEARCH,0,0,0,0,-7.0525648561675105,7.995763471792139,-9.599981358852661,13.199965111914162,-9.598164757603705,13.197827760393329,5.791506860993239,463.3205488794592,nan,0,2.572800003690645,14.97019999078475
1410,46.99999999999989,SEARCH,0,0,0,0,-7.113427604693562,7.99281363042733,-9.999985087082193,13.19997208953133,-10.010278093439974,13.194695682138056,5.954101076909974,476.32808615279794,nan,0,3.025699988938868,14.319600013550371
1411,47.033333333333225,SEARCH,0,0,0,0,-7.174009527277919,7.989089310996031,-10.39998806966582,13.199977671625065,-10.410967025740888,13.197906916051695,6.132672719915312,490.61381759322495,nan,0,2.890999981900677,14.029800018761307
1412,47.066666666666556,SEARCH,0,0,0,0,-7.234308232250012,7.984590874372876,-10.799990455732722,13.199982137300053,-10.784048054476782,13.19414993824931,6.3039795721052,504.31836576841596,nan,0,2.786299999570474,14.355999999679625
1413,47.09999999999989,SEARCH,0,0,0,0,-7.294321339120215,7.979318756441984,-11.199992364586246,13.199985709840043,-11.186196707557116,13.185693071751524,6.5002328723331715,520.0186297866537,nan,0,3.1959000043570995,15.120999974897131
1414,47.13333333333322,SEARCH,0,0,0,0,-7.354046478673827,7.97327346805471,-11.599993891669065,13.199988567872035,-11.606440200448919,13.20886836484065,6.7449467224169535,539.5957377933563,nan,0,3.3706999965943396,14.920999994501472
1415,47.16666666666655,SEARCH,0,0,0,0,-7.413481293064606,7.966455594980158,-11.999995113335322,13.199990854297628,-12.00788423334073,13.226230061928566,6.983821720288993,558.7057376231194,nan,0,3.0230999982450157,13.917700009187683
1416,47.19999999999988,SEARCH,0,0,0,0,-7.472623435907849,7.958865797848414,-12.399996090668328,13.199992683438103,-12.392533034791686,13.201125367353436,7.189352951083727,575.1482360866981,nan,0,2.7855999942403287,15.645500010577962
1417,47.23333333333321,SEARCH,0,0,0,0,-7.531470572373023,7.9505048120865345,-12.799996872534734,13.199994146750482,-12.790955350160429,13.18948311793387,7.423548600023876,593.8838880019101,nan,0,3.3518999989610165,15.231299999868497
1418,47.266666666666545,SEARCH,0,0,0,0,-7.590020379275943,7.941373447847289,-13.19999749802786,13.199995317400386,-13.214062184064815,13.197710063433666,7.697981608081883,615.8385286465506,nan,0,3.0903000151738524,14.622799993958324
1419,47.299999999999876,SEARCH,0,0,0,0,-7.648270545170487,7.931472589930651,-13.599997998422364,13.19999625392031,-13.622689480121736,13.209958712239802,7.972207809240443,637.7766247392354,nan,0,2.685999992536381,16.126100003020838
1420,47.33333333333321,SEARCH,0,0,0,0,-7.706218770439842,7.920803197698078,-13.999998398737967,13.199997003136248,-14.005354194551764,13.198238871730974,8.21769033152605,657.4152265220839,nan,0,2.744800003711134,14.197000011336058
1421,47.36666666666654,SEARCH,0,0,0,0,-7.763862767387302,7.909366304979537,-14.39999871899045,13.199997602508999,-14.398734847928148,13.181649030037873,8.474579202419962,677.966336193597,nan,0,2.8430999955162406,15.034100011689588
1422,47.39999999999987,SEARCH,0,0,0,0,-7.821200260326567,7.897163019973337,-14.799998975192437,13.1999980820072,-14.799927812196334,13.190695446969038,8.759230776665333,700.7384621332267,nan,0,3.0593000119552016,16.382899979362264
1423,47.4333333333332,SEARCH,0,0,0,0,-7.878228985671593,7.884194525138749,-15.199999180154029,13.199998465605761,-15.215671123362128,13.211242506449892,9.067276179710628,725.3820943768502,nan,0,3.6047000030521303,15.42490001884289
1424,47.466666666666534,SEARCH,0,0,0,0,-7.934946692025955,7.870462077081432,-15.599999344123303,13.199998772484609,-15.609999432701535,13.212801916413891,9.351311647628396,748.1049318102718,nan,0,2.9229999927338213,14.447599998675287
1425,47.499999999999865,SEARCH,0,0,0,0,-7.9913511402717194,7.855967006431657,-15.999999475298724,13.199999017987688,-15.990574062332584,13.20107204798313,9.620692036545133,769.6553629236107,nan,0,2.9644000169355422,13.60249999561347
1426,47.533333333333196,SEARCH,0,0,0,0,-8.047440103657852,7.840710717715393,-16.39999958023906,13.19999921439015,-16.387641190382954,13.195988815511242,9.91150632707978,792.9205061663823,nan,0,3.135799983283505,14.698000013595447
1427,47.56666666666653,SEARCH,0,0,0,0,-8.103211367888118,7.824694689218206,-16.799999664191333,13.19999937151212,-16.810222636994446,13.202806065515677,10.234066992950792,818.7253594360634,nan,0,2.9092000040691346,13.304299995070323
1428,47.59999999999986,SEARCH,0,0,0,0,-8.158662731208498,7.807920472842005,-17.199999731353152,13.199999497209697,-17.205717679848316,13.212800070325436,10.538592254518669,843.0873803614935,nan,0,3.2518999942112714,14.273300010245293
1429,47.63333333333319,SEARCH,0,0,0,0,-8.213792004494119,7.79038969395469,-17.59999978508261,13.199999597767759,-17.596087352211292,13.205985395624907,10.833104024043351,866.6483219234681,nan,0,2.7823999989777803,14.244400023017079
1430,47.66666666666652,SEARCH,0,0,0,0,-8.268597011335668,7.772104051232639,-17.999999828066173,13.199999678214207,-17.993332820981546,13.208065491563792,11.140922912765172,891.2738330212138,nan,0,3.174100012984127,13.180599984480068
1431,47.699999999999854,SEARCH,0,0,0,0,-8.323075588125313,7.753065316496125,-18.399999862453026,13.199999742571366,-18.40269235170296,13.207948454070428,11.460995774590792,916.8796619672634,nan,0,2.653000003192574,14.020100003108382
1432,47.733333333333185,SEARCH,0,0,0,0,-8.37722558414213,7.7332753345376295,-18.79999988996251,13.199999794057094,-18.810073769521043,13.214930133960495,11.785281523968777,942.8225219175023,nan,0,2.719100011745468,13.873199990484864
1433,47.76666666666652,SEARCH,0,0,0,0,-8.431044861636991,7.712736022943077,-19.1999999119701,13.199999835245675,-19.200493971452808,13.199273721912409,12.086485430062966,966.9188344050374,nan,0,3.413200000068173,14.553199987858534
1434,47.79999999999985,SEARCH,0,0,0,0,-8.484531295916975,7.691449371906046,-19.59999992957617,13.19999986819654,-19.592442455694833,13.198288835017703,12.39802287487813,991.8418299902503,nan,0,3.2030000002123415,13.185999996494502
1435,47.83333333333318,SEARCH,0,0,0,0,-8.537682775429243,7.669417444034916,-19.99999994366103,13.199999894557232,-20.00535720084133,13.205279762297137,12.733943942628539,1018.715515410283,nan,0,2.8150999860372394,16.983200010145083
1436,47.86666666666651,SEARCH,0,0,0,0,-8.59049720184439,7.646642374152994,-20.39999995492892,13.199999915645785,-20.420985363884828,13.207594458822756,13.072285119296165,1045.7828095436932,nan,0,2.6301000034436584,14.33010000619106
1437,47.89999999999984,SEARCH,0,0,0,0,-8.642972490139295,7.623126369091687,-20.79999996394323,13.199999932516628,-20.812072454121353,13.206394766877834,13.388796806849584,1071.1037445479667,nan,0,2.6550000184215605,13.729099999181926
1438,47.933333333333174,SEARCH,0,0,0,0,-8.69510656867943,7.598871707476635,-21.19999997115468,13.199999946013302,-21.19175308579282,13.200205555566612,13.694565164744759,1095.5652131795807,nan,0,2.606599999126047,14.831400010734797
1439,47.966666666666505,SEARCH,0,0,0,0,-8.746897379300641,7.573880739506946,-21.59999997692384,13.199999956810641,-21.605590585909425,13.182557925410492,14.02865819518609,1122.2926556148873,nan,0,2.9888999997638166,14.38800001051277
1440,47.99999999999984,SEARCH,0,0,0,0,-8.798342877390402,7.548155886727457,-21.99999998153917,13.199999965448514,-22.01860739644288,13.20741775073633,14.380634158448753,1150.4507326759003,nan,0,3.036799986148253,14.188600005581975
1441,48.03333333333317,SEARCH,0,0,0,0,-8.849441031968542,7.5216996417940845,-22.399999985231435,13.199999972358812,-22.40740073509581,13.225281538875118,14.708810888998922,1176.7048711199138,nan,0,3.099199995631352,12.592000013682991
1442,48.0666666666665,SEARCH,0,0,0,0,-8.90018982576741,7.494514568232313,-22.79999998818525,13.19999997788705,-22.786634882013136,13.198015904218538,15.01210457563256,1200.9683660506046,nan,0,2.984199993079528,14.39830000163056
1443,48.09999999999983,SEARCH,0,0,0,0,-8.950587255311522,7.466603300188795,-23.1999999905483,13.19999998230964,-23.18320592710639,13.19038671071766,15.340441023235588,1227.235281858847,nan,0,2.956300013465807,14.528900006553158
1444,48.13333333333316,SEARCH,0,0,0,0,-9.000631330996653,7.437968542176087,-23.599999992438743,13.199999985847713,-23.60816896142463,13.199469731897315,15.702708415541842,1256.2166732433473,nan,0,2.5067000242415816,14.127799979178235
1445,48.166666666666494,SEARCH,0,0,0,0,-9.050320077168388,7.408613068810627,-23.9999999939511,13.19999998867817,-24.01539192158654,13.218381938402,16.053248569266906,1284.2598855413526,nan,0,2.3062000109348446,14.302600000519305
1446,48.199999999999825,SEARCH,0,0,0,0,-9.099651532200106,7.37853972454385,-24.399999995160986,13.199999990942537,-24.394363729906836,13.215235759188475,16.37056021678902,1309.6448173431215,nan,0,2.809600002365187,14.407300011953339
1447,48.23333333333316,SEARCH,0,0,0,0,-9.148623748570431,7.347751423386592,-24.799999996128896,13.19999999275403,-24.786127533750296,13.193565133847372,16.694462032929536,1335.5569626343631,nan,0,2.521600021282211,13.69140000315383
1448,48.26666666666649,SEARCH,0,0,0,0,-9.197234792940117,7.316251148626732,-25.199999996903223,13.199999994203225,-25.207402059563044,13.19002849057202,17.053642313828274,1364.291385106262,nan,0,2.9986000154167414,13.450200000079349
1449,48.29999999999982,SEARCH,0,0,0,0,-9.245482746228365,7.284041952540091,-25.599999997522687,13.19999999536258,-25.618435317470922,13.202558188890718,17.409836597168404,1392.7869277734724,nan,0,2.7747999993152916,14.162099978420883
1450,48.33333333333315,SEARCH,0,0,0,0,-9.293365703688593,7.2511269560947165,-25.99999999801815,13.199999996289955,-25.99903231598787,13.198887677366988,17.732883424835343,1418.6306739868273,nan,0,2.5588000135030597,14.11069999448955
1451,48.36666666666648,SEARCH,0,0,0,0,-9.340881774983632,7.217509348648455,-26.31999999841452,13.119999997031854,-26.316652556886705,13.10038129732107,17.966217632105906,1437.2974105684725,nan,0,2.6944000273942947,12.36249998328276
1452,48.399999999999814,SEARCH,0,0,0,0,-9.388029084260346,7.183192387639889,-26.575999998731618,12.975999997625372,-26.57413197640682,12.966293882341079,18.13301948152763,1450.6415585222105,nan,0,3.190799994627014,13.998899987200275
1453,48.433333333333145,SEARCH,0,0,0,0,-9.434805770223694,7.148179398272745,-26.780799998985295,12.780799998100186,-26.800342451742907,12.785317437753946,18.257578960896083,1460.6063168716867,nan,0,2.724799996940419,15.092500019818544
1454,48.46666666666648,SEARCH,0,0,0,0,-9.481209986210208,7.112473773193669,-26.944639999188237,12.544639998480035,-26.950484058873414,12.558820451965774,18.29858543087948,1463.8868344703585,nan,0,2.61799999861978,13.347500003874302
1455,48.49999999999981,SEARCH,0,0,0,0,-9.527239900260899,7.076078972163472,-27.075711999350588,12.275711998783914,-27.062523049147,12.274946618540024,18.289734276805383,1463.1787421444305,nan,0,2.692499983822927,13.724300020840019
1456,48.53333333333314,SEARCH,0,0,0,0,-9.572893695193574,7.038998521721937,-27.18056959948047,11.980569599027016,-27.168619931559217,11.97780858947266,18.27570591442208,1462.056473153766,nan,0,3.2448999991174787,14.666900009615347
1457,48.56666666666647,SEARCH,0,0,0,0,-9.618169568674585,7.001236014846052,-27.264455679584376,11.664455679221495,-27.26676606100438,11.665826372607302,18.254625752252352,1460.3700601801881,nan,0,2.9636999825015664,14.429000002564862
1458,48.5999999999998,SEARCH,0,0,0,0,-9.663065733289965,6.962795110601914,-27.3315645436675,11.331564543377079,-27.34229126874758,11.337208619371415,18.212372417652833,1456.9897934122266,nan,0,2.686899999389425,13.41290000709705
1459,48.633333333333134,SEARCH,0,0,0,0,-9.70758041661603,6.923679533790153,-27.385251634934,10.985251634701543,-27.372742257428055,10.986674675196202,18.12638608165374,1450.1108865322994,nan,0,2.630699978908524,12.798800016753376
1460,48.666666666666465,SEARCH,0,0,0,0,-9.751711861289273,6.883893074584991,-27.4282013079472,10.628201307761113,-27.42358494895033,10.624733755302323,18.063471079084135,1445.0776863267306,nan,0,2.586200018413365,14.382599998498335
1461,48.6999999999998,SEARCH,0,0,0,0,-9.795458325075838,6.84343958816703,-27.46256104635764,10.26256104620889,-27.472444956150106,10.267762453529748,18.00560588931748,1440.4484711453986,nan,0,2.5224999990314245,13.59220000449568
1462,48.73333333333313,SEARCH,0,0,0,0,-9.838818080940237,6.802322994349672,-27.410048837085988,9.970048836967113,-27.4221914080566,9.972708512633927,17.86690689222098,1429.3525513776785,nan,0,3.801899991231039,14.314100000774488
1463,48.76666666666646,SEARCH,0,0,0,0,-9.88178941711356,6.760547277199285,-27.288039069668667,9.73603906957369,-27.287909145997112,9.736999569170704,17.6587732377595,1412.7018590207601,nan,0,3.056099987588823,14.291800005594268
1464,48.79999999999979,SEARCH,0,0,0,0,-9.924370637161028,6.718116484649207,-27.11043125573481,9.548831255658953,-27.097366541619607,9.532392400565437,17.40206704002307,1392.1653632018458,nan,0,2.7234999870415777,14.403400011360645
1465,48.83333333333312,SEARCH,0,0,0,0,-9.966560060048984,6.675034728107459,-26.88834500458772,9.399065004527163,-26.89108392710086,9.384662012421012,17.14005799716865,1371.2046397734919,nan,0,2.663100021891296,12.447899993276224
1466,48.866666666666454,SEARCH,0,0,0,0,-10.008356020211252,6.631306182058408,-26.630676003670047,9.27925200362173,-26.641962863580805,9.292737539764287,16.845180126421045,1347.6144101136836,nan,0,2.96759998309426,13.253400014946237
1467,48.899999999999785,SEARCH,0,0,0,0,-10.049756867614896,6.586935083658258,-26.34454080293591,9.183401602897383,-26.34804897913777,9.196550621423938,16.505890433644492,1320.4712346915594,nan,0,2.8679000097326934,14.125299989245832
1468,48.93333333333312,SEARCH,0,0,0,0,-10.090760967825345,6.541925732324456,-26.0356326423486,9.106721282317906,-26.03121046715574,9.107046675402133,16.145518749588643,1291.6414999670912,nan,0,2.586699993116781,15.24269999936223
1469,48.96666666666645,SEARCH,0,0,0,0,-10.131366702070935,6.49628248931914,-25.708506113878748,9.045377025854325,-25.705359741728685,9.036921082874006,15.779863867041708,1262.3891093633367,nan,0,2.4773000041022897,15.431299980264157
1470,48.99999999999978,SEARCH,0,0,0,0,-10.171572467306804,6.450009777326521,-25.366804891102866,8.996301620683461,-25.382310155569787,8.988644043658477,15.421128524181967,1233.6902819345573,nan,0,2.6304999773856252,14.65320002171211
1471,49.03333333333311,SEARCH,0,0,0,0,-10.211376676278187,6.403112080024319,-25.01344391288216,8.95704129654677,-25.018080002882023,8.961417614228786,15.026090330102582,1202.0872264082066,nan,0,2.941900020232424,13.812499993946403
1472,49.06666666666644,SEARCH,0,0,0,0,-10.25077775758307,6.355593941649363,-24.650755130305594,8.925633037237416,-24.646968686233,8.933384356057196,14.62516039825736,1170.012831860589,nan,0,3.770300012547523,15.411200001835823
1473,49.099999999999774,SEARCH,0,0,0,0,-10.289774155734223,6.307459966557201,-24.28060410424434,8.900506429789933,-24.27495113191065,8.894686385286,14.222479235236854,1137.7983388189484,nan,0,2.908700000261888,14.69310000538826
1474,49.133333333333105,SEARCH,0,0,0,0,-10.328364331220625,6.258714818776016,-23.904483283395336,8.880405143831947,-23.916711360649803,8.877115494135346,13.838323492711064,1107.065879416885,nan,0,2.5673999916762114,13.921699981437996
1475,49.16666666666644,SEARCH,0,0,0,0,-10.366546760568223,6.2093632215546695,-23.52358662671613,8.864324115065557,-23.545284939426043,8.872754611691219,13.445177339252103,1075.6141871401683,nan,0,2.5130999856628478,14.554599998518825
1476,49.19999999999977,SEARCH,0,0,0,0,-10.404319936400084,6.159409956905005,-23.138869301372768,8.851459292052446,-23.139624222066992,8.85477812993207,13.017410834597376,1041.39286676779,nan,0,2.667900000233203,13.197099993703887
1477,49.2333333333331,SEARCH,0,0,0,0,-10.441682367495904,6.108859865138544,-22.751095441098077,8.841167433641957,-22.738845318659767,8.837517623260533,12.596260945551915,1007.7008756441533,nan,0,2.9408000118564814,15.313499985495582
1478,49.26666666666643,SEARCH,0,0,0,0,-10.478632578850881,6.057717844397443,-22.36087635287832,8.832933946913565,-22.35847041141426,8.826315113285663,12.198183379720911,975.854670377673,nan,0,2.593900018837303,14.370399992913008
1479,49.29999999999976,SEARCH,0,0,0,0,-10.51516911173394,6.0059888501798575,-21.968701082302516,8.826347157530853,-21.97503281721625,8.834699345636665,11.80381629877974,944.3053039023791,nan,0,2.950900001451373,15.022999985376373
1480,49.333333333333094,SEARCH,0,0,0,0,-10.551290523745317,5.953677894859821,-21.57496086584187,8.821077726024683,-21.56932523221137,8.82188562996905,11.385240640790295,910.8192512632237,nan,0,2.2409000084735453,14.607599994633347
1481,49.366666666666426,SEARCH,0,0,0,0,-10.586995388873522,5.900790047201535,-21.179968692673352,8.816862180819747,-21.16790316313785,8.811434369653892,10.973944582478602,877.9155665982883,nan,0,2.34979999368079,14.537199982441962
1482,49.39999999999976,SEARCH,0,0,0,0,-10.622282297551614,5.847330431868197,-20.783974954138536,8.813489744655797,-20.786721473732392,8.804410860330279,10.58584660887697,846.8677287101577,nan,0,3.2229000062216073,15.99240000359714
1483,49.43333333333309,SEARCH,0,0,0,0,-10.65714985671286,5.793304228925498,-20.387179963310682,8.810791795724638,-20.406112186732553,8.81490517628551,10.206485134326604,816.5188107461282,nan,0,2.7846000157296658,14.00409999769181
1484,49.46666666666642,SEARCH,0,0,0,0,-10.691596689845724,5.738716673339619,-19.989743970648398,8.808633436579711,-19.994167821030732,8.81257770285211,9.797267541488917,783.7814033191135,nan,0,2.6114000065717846,14.904599986039102
1485,49.49999999999975,SEARCH,0,0,0,0,-10.72562143704822,5.683573054470044,-19.59179517651857,8.806906749263769,-19.58127018393826,8.800079136821887,9.388030937828823,751.042475026306,nan,0,3.1550999847240746,13.802800007397309
1486,49.53333333333308,SEARCH,0,0,0,0,-10.759222755081588,5.62787871555701,-19.193436141214708,8.805525399411016,-19.176483154166498,8.794854731957793,8.993331402459315,719.4665121967452,nan,0,2.7971999952569604,15.90050000231713
1487,49.566666666666414,SEARCH,0,0,0,0,-10.792399317423323,5.571639053203736,-18.794748912971617,8.804420319528813,-18.797676560303266,8.812769004351498,8.636514753973307,690.9211803178645,nan,0,3.2319999882020056,14.399000006960705
1488,49.599999999999746,SEARCH,0,0,0,0,-10.825149814319557,5.514859516853565,-18.395799130377142,8.803536255623051,-18.397306346134865,8.81324848592895,8.259353747941265,660.7482998353012,nan,0,2.552499994635582,14.044400013517588
1489,49.63333333333308,SEARCH,0,0,0,0,-10.857472952836744,5.4575456082619045,-17.99663930430156,8.802829004498442,-17.98072034642407,8.805284092247739,7.870705583834808,629.6564467067847,nan,0,2.9381999920587987,15.113400004338473
1490,49.66666666666641,SEARCH,0,0,0,0,-10.889367456912726,5.399702880963092,-17.597311443441093,8.802263203598754,-17.580418293853313,8.79792216303992,7.504535667954552,600.3628534363642,nan,0,2.830200013704598,14.951299992389977
1491,49.69999999999974,SEARCH,0,0,0,0,-10.920832067407092,5.341336939732345,-17.19784915475272,8.801810562879004,-17.20779925411603,8.801879689594866,7.176441494945872,574.1153195956697,nan,0,3.1540000054519624,13.7877999804914
1492,49.73333333333307,SEARCH,0,0,0,0,-10.951865542150898,5.282453440042598,-16.79827932380202,8.801448450303203,-16.812849271619566,8.8119510769957,6.841672591285992,547.3338073028793,nan,0,2.578600018750876,14.082399982726201
1493,49.7666666666664,SEARCH,0,0,0,0,-10.982466655995697,5.223058087516574,-16.39862345904146,8.801158760242563,-16.386573986960823,8.807981147942895,6.485063561274279,518.8050849019422,nan,0,2.495299995644018,13.412300002528355
1494,49.799999999999734,SEARCH,0,0,0,0,-11.01263420086191,5.163156637373898,-15.99889876723301,8.800927008194051,-15.994600068094304,8.78547952592582,6.159643415912625,492.77147327301,nan,0,2.8479000029619783,12.203399994177744
1495,49.833333333333066,SEARCH,0,0,0,0,-11.042366985786526,5.102754893873403,-15.599119013786249,8.800741606555242,-15.601467228965554,8.800028337266774,5.869857403938953,469.5885923151163,nan,0,2.6066999998874962,14.13889997638762
1496,49.8666666666664,SEARCH,0,0,0,0,-11.071663836970105,5.041858709750779,-15.199295211028838,8.800593285244194,-15.208684169437419,8.806192168757725,5.59331240159596,447.4649921276768,nan,0,2.5489999970886856,13.201599998865277
1497,49.89999999999973,SEARCH,0,0,0,0,-11.100523597823122,4.980473985651433,-14.79943616882291,8.800474628195355,-14.783371112740923,8.80616013175268,5.310295689187867,424.82365513502936,nan,0,2.459999988786876,13.652299996465445
1498,49.93333333333306,SEARCH,0,0,0,0,-11.128945129011639,4.918606669558697,-14.399548935058165,8.800379702556285,-14.384011106725982,8.791224497588672,5.058915235626017,404.7132188500813,nan,0,3.0863999854773283,13.804499991238117
1499,49.96666666666639,SEARCH,0,0,0,0,-11.15692730850227,4.856262756217569,-13.999639148046368,8.800303762045028,-13.99705180411418,8.793611068042765,4.8547933920206665,388.38347136165333,nan,0,3.0043000006116927,14.90490001742728
1500,49.99999999999972,SEARCH,0,0,0,0,-11.18446903160648,4.7934482865537476,-13.59971131843693,8.800243009636022,-13.614909556684307,8.8118425497516,4.696225463118439,375.6980370494751,nan,0,2.7679000049829483,14.958700019633397
1501,50.033333333333054,SEARCH,0,0,0,0,-11.211569211024202,4.7301693470883714,-13.199769054749378,8.800194407708817,-13.215167249797734,8.805454822365334,4.541184515738215,363.29476125905717,nan,0,3.6899000115226954,14.074399980017915
1502,50.066666666666386,SEARCH,0,0,0,0,-11.238226776886751,4.666432069348215,-12.799815243799335,8.800155526167053,-12.789809437519805,8.803775454019915,4.418712373018166,353.4969898414533,nan,0,2.470600011292845,13.1522000010591
1503,50.09999999999972,SEARCH,0,0,0,0,-11.264440676799076,4.6022426292715295,-12.3998521950393,8.800124420933642,-12.387972783650406,8.79971897175202,4.3452424605318845,347.61939684255077,nan,0,2.6217999984510243,13.142600015271455
1504,50.13333333333305,SEARCH,0,0,0,0,-11.290209875881295,4.537607246609686,-11.99988175603127,8.800099536746913,-12.00845634711252,8.800175290782056,4.322657090799081,345.8125672639264,nan,0,2.372499991906807,13.946000020951033
1505,50.16666666666638,SEARCH,0,0,0,0,-11.31553335680955,4.472532184324465,-11.599905404824845,8.80007962939753,-11.61164855962901,8.814086057631943,4.351640408877091,348.1312327101673,nan,0,2.8668000013567507,12.626599986106157
1506,50.19999999999971,SEARCH,0,0,0,0,-11.340410119856173,4.40702374798116,-11.199924323859705,8.800063703518024,-11.192936200384057,8.807286313133812,4.402733151033374,352.2186520826699,nan,0,2.966600004583597,14.086099981795996
1507,50.23333333333304,SEARCH,0,0,0,0,-11.364839182929156,4.34108828513766,-10.799939459087591,8.800050962814419,-10.80104318805761,8.792838080786712,4.487309011745745,358.98472093965955,nan,0,2.673399983905256,12.79230002546683
1508,50.266666666666374,SEARCH,0,0,0,0,-11.388819581610921,4.274732184729355,-10.399951567269898,8.800040770251535,-10.406407414113708,8.798982089927872,4.629683668625251,370.3746934900201,nan,0,2.6513999910093844,12.714500015135854
1509,50.299999999999706,SEARCH,0,0,0,0,-11.412350369196385,4.2079618764500335,-9.999961253815744,8.800032616201229,-10.016860845505,8.80934381253043,4.808337210764174,384.6669768611339,nan,0,3.1778999837115407,12.766400002874434
1510,50.33333333333304,SEARCH,0,0,0,0,-11.435430616730347,4.1407838301289495,-9.599969003052419,8.800026092960984,-9.593161696628243,8.811140498632703,5.020576280170599,401.64610241364795,nan,0,2.6928000152111053,14.408099988941103
1511,50.36666666666637,SEARCH,0,0,0,0,-11.458059413044154,4.07320455510382,-9.199975202441758,8.800020874368787,-9.179784922666638,8.798522730547527,5.245871377825001,419.66971022600006,nan,0,2.834399987477809,13.794200000120327
1512,50.3999999999997,SEARCH,0,0,0,0,-11.48023586479168,4.005230599590178,-8.799980161953227,8.80001669949503,-8.79292914246472,8.797463172501018,5.494279793815685,439.5423835052548,nan,0,2.6388999831397086,12.710000009974465
1513,50.43333333333303,SEARCH,0,0,0,0,-11.50195909648457,3.936868550046828,-8.399984129562402,8.800013359596024,-8.406164473070337,8.811545873220544,5.774636209790582,461.97089678324653,nan,0,2.686299994820729,12.287099991226569
1514,50.46666666666636,SEARCH,0,0,0,0,-11.523228250526842,3.8681250305376143,-7.999987303649741,8.800010687676819,-7.998518257027158,8.812042911823088,6.071729947483731,485.73839579869843,nan,0,3.049599996302277,13.119400013238192
1515,50.499999999999694,SEARCH,0,0,0,0,-11.544042487248708,3.799006702089631,-7.59998984291961,8.800008550141456,-7.596420063864016,8.7901544178568,6.363590049509589,509.08720396076717,nan,0,2.7904000016860664,13.811200013151392
1516,50.533333333333026,SEARCH,0,0,0,0,-11.564400984939745,3.7295202620477643,-7.199991874335505,8.800006840113165,-7.191651091524604,8.782918097726325,6.682647029134705,534.6117623307763,nan,0,2.653300005476922,15.04430000204593
1517,50.56666666666636,SEARCH,0,0,0,0,-11.584302939881322,3.659672443425694,-6.79999349946822,8.800005472090533,-6.808836977671959,8.801533187942782,7.017393182103025,561.391454568242,nan,0,2.7648000104818493,12.730199989164248
1518,50.59999999999969,SEARCH,0,0,0,0,-11.603747566378336,3.589470014253582,-6.399994799574391,8.800004377672426,-6.412609959298822,8.797640333646282,7.353431017656879,588.2744814125504,nan,0,2.6032000023406,13.170899997930974
1519,50.63333333333302,SEARCH,0,0,0,0,-11.622734096790229,3.5189197769221643,-5.999995839659326,8.80000350213794,-5.982857102647485,8.783806051580024,7.7153898147884465,617.2311851830757,nan,0,2.577400009613484,13.620800018543378
1520,50.66666666666635,SEARCH,0,0,0,0,-11.641261781561289,3.4480285675237154,-5.599996671727274,8.800002801710352,-5.583715055411696,8.784210327508228,8.072713801137574,645.817104091006,nan,0,2.5892000121530145,14.088099997024983
1521,50.69999999999968,SEARCH,0,0,0,0,-11.659329889250246,3.37680325518961,-5.19999733738163,8.800002241368283,-5.199818391068414,8.802547356419247,8.435875049286322,674.8700039429057,nan,0,3.133299993351102,13.850399991497397
1522,50.733333333333015,SEARCH,0,0,0,0,-11.676937706559146,3.305250741424692,-4.7999978699051145,8.800001793094626,-4.801125878892239,8.811739546331092,8.808984461789205,704.7187569431363,nan,0,2.876499987905845,14.38780000898987
1523,50.766666666666346,SEARCH,0,0,0,0,-11.69408453836151,3.2333779594386125,-4.399998295923901,8.800001434475702,-4.386342599493589,8.816666543998524,9.19653215421803,735.7225723374423,nan,0,3.0322999809868634,14.724700013175607
1524,50.79999999999968,SEARCH,0,0,0,0,-11.71076970772978,3.1611918734739914,-3.9999986367389284,8.800001147580561,-3.9808860462538673,8.797924988385867,9.566810420861092,765.3448336688874,nan,0,3.3180000027641654,15.505299990763888
1525,50.83333333333301,SEARCH,0,0,0,0,-11.726992555962038,3.088699478131562,-3.5999989093909495,8.800000918064448,-3.6014593622509388,8.79528001550449,9.929217044239913,794.337363539193,nan,0,3.249999979743734,14.220900018699467
1526,50.86666666666634,SEARCH,0,0,0,0,-11.742752442608015,3.015907797692507,-3.199999127512565,8.800000734451558,-3.2090964020362853,8.802331457029712,10.310479338232716,824.8383470586173,nan,0,2.5569999997969717,14.514000009512529
1527,50.89999999999967,SEARCH,0,0,0,0,-11.75804874549437,2.9428238854377264,-2.7999993020098564,8.800000587561247,-2.8023831737408136,8.805383342205714,10.703903457021262,856.3122765617009,nan,0,2.66239998745732,14.486900006886572
1528,50.933333333333,SEARCH,0,0,0,0,-11.77288086074926,2.8694548229644874,-2.3999994416076884,8.800000470048998,-2.389827728448295,8.7918995368933,11.09581170861899,887.6649366895193,nan,0,2.5565999967511743,13.573400006862357
1529,50.966666666666335,SEARCH,0,0,0,0,-11.787248202826165,2.7958077195002002,-1.999999553285953,8.800000376039199,-1.983442183702843,8.79215682985597,11.492206712109867,919.3765369687894,nan,0,2.58689999463968,14.969499985454604
1530,50.999999999999666,SEARCH,0,0,0,0,-11.801150204527024,2.7218897112135183,-1.5999996426285634,8.800000300831359,-1.6056093540088487,8.80939559943586,11.874627622528909,949.9702098023128,nan,0,3.3184999774675816,13.831800024490803
1531,51.033333333333,SEARCH,0,0,0,0,-11.814586317024617,2.6477079605229457,-1.1999997141026506,8.800000240665087,-1.212157530975067,8.809111372241363,12.262723521517865,981.0178817214291,nan,0,2.827499993145466,14.112500008195639
1532,51.06666666666633,SEARCH,0,0,0,0,-11.827556009884223,2.573269655402781,-0.7999997712819193,8.80000019253207,-0.774455659818106,8.807910618726387,12.690223610724297,1015.2178888579438,nan,0,2.4416999949608,13.1861999980174
1533,51.09999999999966,SEARCH,0,0,0,0,-11.840058771084578,2.498582008686586,-0.39999981702533316,8.800000154025655,-0.38154066419658383,8.79148536107951,13.072806500841283,1045.8245200673027,nan,0,2.66389999887906,14.335299987578765
1534,51.13333333333299,SEARCH,0,0,0,0,-11.852094107038083,2.423652257368366,1.463799370049479e-07,8.800000123220524,-0.009341479706684584,8.800480838123635,13.450454733595516,1076.0363786876412,nan,0,3.3706999965943396,15.146799996728078
1535,51.16666666666632,SEARCH,0,0,0,0,-11.863661542610274,2.348487661901287,0.40000011710415423,8.800000098576419,0.3956562699192345,8.812940602503218,13.859293814977018,1108.7435051981615,nan,0,2.58689999463968,14.90489998832345
1536,51.199999999999655,SEARCH,0,0,0,0,-11.874760621138606,2.2730955054941218,0.8000000936835292,8.800000078861135,0.8105825473409272,8.804675819574529,14.268127862525379,1141.4502290020303,nan,0,2.470000006724149,13.79369999631308
1537,51.233333333332986,SEARCH,0,0,0,0,-11.885390904450464,2.1974830934056238,1.2000000749470303,8.800000063088909,1.2170199828440476,8.78693533229741,14.666085090034413,1173.286807202753,nan,0,2.586200018413365,13.552499993238598
1538,51.26666666666632,SEARCH,0,0,0,0,-11.895551972880462,2.1216577522365636,1.6000000599578323,8.800000050471127,1.5927644338280698,8.799261599212123,15.050749902401053,1204.0599921920843,nan,0,2.776100009214133,14.181500009726733
1539,51.29999999999965,SEARCH,0,0,0,0,-11.905243425287017,2.045626829219898,2.0000000479664752,8.8000000403769,1.9927637422134756,8.802963314476244,15.453679160732943,1236.2943328586355,nan,0,2.606900001410395,13.951000000815839
1540,51.33333333333298,SEARCH,0,0,0,0,-11.914464879068184,1.9693976915088078,2.4000000383733906,8.80000003230152,2.410895089084892,8.808270618601558,15.874070717055687,1269.925657364455,nan,0,3.814700001385063,13.85610000579618
1541,51.36666666666631,SEARCH,0,0,0,0,-11.92321597017676,1.8929777254628029,2.800000030698924,8.800000025841216,2.814501944858091,8.791714547405777,16.272458298658226,1301.7966638926582,nan,0,3.503099986119196,13.780000008409843
1542,51.39999999999964,SEARCH,0,0,0,0,-11.931496353134644,1.8163743359320883,3.200000024559352,8.800000020672973,3.2107621461018083,8.793254920963049,16.672278043371296,1333.7822434697036,nan,0,2.949099987745285,14.674300007754937
1543,51.433333333332975,SEARCH,0,0,0,0,-11.939305701046505,1.7395949455400188,3.6000000196476956,8.800000016538378,3.5894073635922896,8.802847324215247,17.059614990050182,1364.7691992040145,nan,0,3.270799992606044,13.206800009356812
1544,51.466666666666306,SEARCH,0,0,0,0,-11.946643705612653,1.6626469939638278,4.0000000157183715,8.800000013230703,3.992595551155639,8.802585312954493,17.465339025724486,1397.2271220579587,nan,0,2.7233000146225095,14.206799998646602
1545,51.49999999999964,SEARCH,0,0,0,0,-11.953510077141233,1.5855379372138427,4.400000012574913,8.800000010584561,4.4191100287322085,8.79538301329341,17.889789131018844,1431.1831304815075,nan,0,2.5221999967470765,12.617100001079962
1546,51.53333333333297,SEARCH,0,0,0,0,-11.959904544559656,1.5082752469109126,4.800000010060147,8.800000008467649,4.815761565324333,8.79234448789486,18.28881182957927,1463.1049463663417,nan,0,2.5102999934460968,14.154800010146573
1547,51.5666666666663,SEARCH,0,0,0,0,-11.965826855425297,1.430866409562527,5.200000008048336,8.80000000677412,5.189055922866095,8.791122602765403,18.667173711263843,1493.3738969011074,nan,0,2.704799990169704,13.446600001771003
1548,51.59999999999963,SEARCH,0,0,0,0,-11.971276775935463,1.3533189258373568,5.600000006438888,8.800000005419296,5.590694747908552,8.809475251841432,19.07923245212235,1526.3385961697882,nan,0,2.810800011502579,14.171999995596707
1549,51.63333333333296,SEARCH,0,0,0,0,-11.976254090936623,1.2756403098384212,6.000000005151331,8.800000004335438,6.001265775164811,8.797958283555799,19.487854890515354,1559.0283912412283,nan,0,3.0078000272624195,14.161499973852187
1550,51.666666666666295,SEARCH,0,0,0,0,-11.980758603932907,1.1978380883750797,6.400000004121287,8.80000000346835,6.417413791098297,8.790953963825247,19.903470957983725,1592.2776766386978,nan,0,3.2857999904081225,15.870100003667176
1551,51.699999999999626,SEARCH,0,0,0,0,-11.98479013709385,1.119919800233665,6.800000003297252,8.80000000277468,6.78775154327746,8.795652655038706,20.28115371470794,1622.4922971766352,nan,0,2.5409999943803996,13.102900004014373
1552,51.73333333333296,SEARCH,0,0,0,0,-11.98834853126143,1.0418929954469578,7.200000002638026,8.800000002219745,7.183077264255244,8.79959242752773,20.681524786908447,1654.521982952676,nan,0,2.6910000015050173,13.71830000425689
1553,51.76666666666629,SEARCH,0,0,0,0,-11.991433645956334,0.9637652345627109,7.6000000021106455,8.800000001775796,7.601379817010919,8.795231335734467,21.10000475564954,1688.0003804519633,nan,0,2.8121000214014202,15.526099974522367
1554,51.79999999999962,SEARCH,0,0,0,0,-11.99404535938352,0.8855440879109431,8.000000001688743,8.800000001420637,8.011254578438775,8.799693113872436,21.513850896744636,1721.1080717395707,nan,0,2.566600014688447,15.249399992171675
1555,51.83333333333295,SEARCH,0,0,0,0,-11.996183568437015,0.8072371348704981,8.400000001351222,8.80000000113651,8.405046662310774,8.7953104245963,21.909347544142165,1752.7478035313732,nan,0,3.0687999969813973,13.96109999041073
1556,51.86666666666628,SEARCH,0,0,0,0,-11.997848188703982,0.7288519631345838,8.800000001081205,8.800000000909208,8.786364841302595,8.806706776095371,22.298772380020583,1783.9017904016468,nan,0,2.5334000238217413,13.95229998161085
1557,51.899999999999615,SEARCH,0,0,0,0,-11.999039154468067,0.6503961679755071,9.200000000865193,8.800000000727366,9.190643748845854,8.813954248146125,22.70784758781231,1816.6278070249848,nan,0,2.839199994923547,12.575200002174824
1558,51.933333333332946,SEARCH,0,0,0,0,-11.999756418711979,0.5718773515088013,9.600000000692386,8.800000000581893,9.611374370286164,8.799422772699868,23.12430491143346,1849.9443929146767,nan,0,2.712499990593642,14.28709999890998
1559,51.96666666666628,SEARCH,0,0,0,0,-11.999999953119353,0.4933031219565623,10.000000000554142,8.800000000465515,10.001309257111567,8.794146784591279,23.515135816654237,1881.210865332339,nan,0,2.4954999971669167,13.726000004680827
1560,51.99999999999961,SEARCH,0,0,0,0,-11.99976974807587,0.41468109291019456,10.400000000443546,8.800000000372412,10.373770058074346,8.800869534214295,23.893585750792006,1911.4868600633604,nan,0,2.9904000111855567,13.236099999630824
1561,52.03333333333294,SEARCH,0,0,0,0,-11.999065812669631,0.33601888259276286,10.800000000355071,8.80000000029793,10.788740106414895,8.808170701826539,24.311755490996735,1944.9404392797387,nan,0,2.756499976385385,14.236300019547343
1562,52.06666666666627,SEARCH,0,0,0,0,-11.997888174690798,0.25732411312076886,11.200000000284293,8.800000000238343,11.206327796593314,8.80041437809524,24.726909028778714,1978.1527223022972,nan,0,2.5895000144373626,15.570499992463738
1563,52.0999999999996,SEARCH,0,0,0,0,-11.996236880630503,0.17860440976554928,11.60000000022767,8.800000000190675,11.609278532581122,8.791532238754488,25.127731368166604,2010.2185094533284,nan,0,2.625099994475022,15.378600015537813
1564,52.133333333332935,SEARCH,0,0,0,0,-11.99411199567901,0.09986740021451128,12.000000000182373,8.80000000015254,11.987163568841321,8.805270929926031,25.51246025605084,2040.9968204840673,nan,0,2.769699989585206,13.85290001053363
1565,52.166666666666266,SEARCH,0,0,0,0,-11.991513603723137,0.021120713831920154,12.400000000146138,8.800000000122033,12.384308122318613,8.821016173243766,25.91561006259251,2073.2488050074007,nan,0,2.971799985971302,13.553900003898889
1566,52.1999999999996,SEARCH,0,0,0,0,-11.988441807342946,-0.05762801908026215,12.80000000011715,8.800000000097626,12.806828158101423,8.80468237798924,26.331463275581054,2106.517062046484,nan,0,2.4437999818474054,15.011900017270818
1567,52.23333333333293,SEARCH,0,0,0,0,-11.984896727807705,-0.13637116802177152,13.200000000093961,8.8000000000781,13.211720451189143,8.792976739566182,26.732055127125268,2138.5644101700213,nan,0,2.7944000030402094,14.919300010660663
1568,52.26666666666626,SEARCH,0,0,0,0,-11.980878505071079,-0.21510110303345537,13.600000000075411,8.80000000006248,13.595336702010423,8.799508960250192,27.118369768701104,2169.4695814960883,nan,0,2.591199998278171,14.524700003676116
1569,52.29999999999959,SEARCH,0,0,0,0,-11.976387297765621,-0.29381019543650594,14.000000000060572,8.800000000049984,13.983146185799365,8.806513779084522,27.50842189449576,2200.673751559661,nan,0,2.418699994450435,14.785499981371686
1570,52.333333333332924,SEARCH,0,0,0,0,-11.971423283196508,-0.37249081857169775,14.400000000048703,8.800000000039987,14.390492169789184,8.795341884784404,27.91056686681751,2232.845349345401,nan,0,2.577400009613484,15.031599992653355
1571,52.366666666666255,SEARCH,0,0,0,0,-11.965986657334536,-0.4511353485384286,14.800000000039208,8.80000000003199,14.803518853644464,8.803951634635602,28.32424862848885,2265.939890279108,nan,0,2.5938000180758536,14.53289997880347
1572,52.39999999999959,SEARCH,0,0,0,0,-11.960077634808382,-0.5297361649333524,15.200000000031613,8.800000000025591,15.20106592271175,8.786648226878047,28.714503956854358,2297.1603165483484,nan,0,2.63290002476424,14.628499979153275
1573,52.43333333333292,SEARCH,0,0,0,0,-11.95369644889614,-0.6082856515888846,15.600000000025538,8.800000000020473,15.585030999704774,8.802287658103195,29.102240455082054,2328.1792364065645,nan,0,2.667499997187406,12.494199996581301
1574,52.46666666666625,SEARCH,0,0,0,0,-11.946843351516101,-0.6867761973110861,16.00000000002068,8.800000000016379,15.991615587352106,8.807873703622237,29.507725507400906,2360.6180405920727,nan,0,2.698299998883158,14.482500002486631
1575,52.49999999999958,SEARCH,0,0,0,0,-11.939518613216817,-0.7652001966172053,16.400000000016796,8.800000000013103,16.404578694604588,8.789798378733854,29.911299703794377,2392.9039763035503,nan,0,2.5043000059667975,13.957399991340935
1576,52.53333333333291,SEARCH,0,0,0,0,-11.931722523166414,-0.8435500504726681,16.80000000001369,8.800000000010483,16.806650308012525,8.792249598520133,30.310768843092276,2424.8615074473823,nan,0,2.5554999883752316,14.239500014809892
1577,52.566666666666244,SEARCH,0,0,0,0,-11.923455389141179,-0.9218181670273146,17.200000000011205,8.800000000008387,17.186787690335226,8.802414235919416,30.691480055101987,2455.3184044081586,nan,0,2.7754000038839877,13.979299983475357
1578,52.599999999999575,SEARCH,0,0,0,0,-11.914717537513404,-0.999996962351068,17.600000000009217,8.80000000000671,17.593363515277474,8.799233162168823,31.092631899718207,2487.4105519774566,nan,0,3.067100013140589,15.636099997209385
1579,52.63333333333291,SEARCH,0,0,0,0,-11.905509313238515,-1.0780788611688357,18.000000000007628,8.800000000005369,18.00977008386328,8.80885130159322,31.50675053778154,2520.540043022523,nan,0,2.7794999768957496,14.626100019086152
1580,52.66666666666624,SEARCH,0,0,0,0,-11.895831079841434,-1.1560562975944433,18.400000000006358,8.800000000004296,18.410513038650265,8.786012204793893,31.89544199309078,2551.6353594472625,nan,0,2.510999998776242,14.279299997724593
1581,52.69999999999957,SEARCH,0,0,0,0,-11.885683219402248,-1.233921715863789,18.800000000005344,8.800000000003436,18.792955027591127,8.797879921697016,32.27717287473072,2582.1738299784574,nan,0,2.44309997651726,15.401500015286729
1582,52.7333333333329,SEARCH,0,0,0,0,-11.875066132541107,-1.311667571067013,19.200000000004533,8.800000000002749,19.18700296796765,8.80709743707499,32.668662998273746,2613.4930398618994,nan,0,2.9061999812256545,14.422400010516867
1583,52.76666666666623,SEARCH,0,0,0,0,-11.863980238402426,-1.3892863298794789,19.600000000003885,8.8000000000022,19.597698224832353,8.809560497334877,33.07345897134062,2645.8767177072496,nan,0,2.9052000027149916,15.267399983713403
1584,52.799999999999564,SEARCH,0,0,0,0,-11.85242597463832,-1.4667704712918395,20.000000000003368,8.80000000000176,20.011199985346074,8.801047666916856,33.477137700781995,2678.1710160625594,nan,0,2.5650000025052577,15.108099993085489
1585,52.833333333332895,SEARCH,0,0,0,0,-11.84040379739134,-1.5441124873387009,20.400000000002954,8.800000000001408,20.404663456844272,8.796718535393715,33.86262170108633,2709.0097360869067,nan,0,2.50540001434274,12.737699988065287
1586,52.86666666666623,SEARCH,0,0,0,0,-11.827914181276457,-1.6213048838261623,20.800000000002626,8.800000000001127,20.79331515827788,8.815129165902828,34.25001838390957,2740.0014707127657,nan,0,2.7234999870415777,13.548600021749735
1587,52.89999999999956,SEARCH,0,0,0,0,-11.81495761936233,-1.6983401810580219,21.200000000002365,8.800000000000901,21.193590759614025,8.810868842322494,34.64112787402173,2771.290229921738,nan,0,2.3342000204138458,13.105199992423877
1588,52.93333333333289,SEARCH,0,0,0,0,-11.801534623151838,-1.7752109145604504,21.600000000002158,8.800000000000722,21.600212502991333,8.795853252362132,35.03461300913724,2802.7690407309788,nan,0,2.9921999957878143,14.637100015534088
1589,52.96666666666622,SEARCH,0,0,0,0,-11.787645722561889,-1.8519096358053182,22.000000000001993,8.800000000000578,21.997946610999602,8.779357745012145,35.41878167656311,2833.502534125048,nan,0,2.425799990305677,13.934100017650053
1590,52.99999999999955,SEARCH,0,0,0,0,-11.773291465902496,-1.928428912931974,22.40000000000186,8.800000000000463,22.388452371451145,8.806843802036175,35.80880928310391,2864.704742648313,nan,0,2.3250999802257866,14.422400010516867
1591,53.033333333332884,SEARCH,0,0,0,0,-11.758472419855133,-2.004761331467273,22.800000000001756,8.80000000000037,22.790421888449625,8.813355213780406,36.20300738216336,2896.240590573069,nan,0,2.418399992166087,13.008700014324859
1592,53.066666666666215,SEARCH,0,0,0,0,-11.743189169450364,-2.080899495044124,23.200000000001673,8.800000000000296,23.21596678380162,8.802765061610788,36.6141603637934,2929.132829103472,nan,0,3.263399994466454,13.226499984739348
1593,53.09999999999955,SEARCH,0,0,0,0,-11.727442318044744,-2.156836026118079,23.600000000001607,8.800000000000237,23.611159646119297,8.790936570941954,36.995547213395255,2959.64377707162,nan,0,3.1410999945364892,13.019500009249896
1594,53.13333333333288,SEARCH,0,0,0,0,-11.711232487297005,-2.2325635666822348,24.000000000001556,8.800000000000189,23.984228693167537,8.791852274099435,37.359117943502476,2988.7294354801984,nan,0,2.708499989239499,15.184800024144351
1595,53.16666666666621,SEARCH,0,0,0,0,-11.694560317143512,-2.3080747789802265,24.40000000000152,8.800000000000152,24.392307097521627,8.807045672006401,37.75987158934153,3020.789727147322,nan,0,2.356400014832616,13.425699988147244
1596,53.19999999999954,SEARCH,0,0,0,0,-11.677426465772992,-2.38336234621722,24.80000000000149,8.800000000000122,24.803696011372747,8.800407892210496,38.156899951888775,3052.551996151102,nan,0,2.600100007839501,13.326599990250543
1597,53.23333333333287,SEARCH,0,0,0,0,-11.659831609600559,-2.4584189732687913,25.200000000001467,8.800000000000097,25.210684744086198,8.79513506454184,38.5496751564706,3083.9740125176477,nan,0,2.557700005127117,12.441799975931644
1598,53.266666666666204,SEARCH,0,0,0,0,-11.64177644324101,-2.533237387387961,25.60000000000145,8.800000000000077,25.59699802736114,8.791679579705042,38.92274487216853,3113.819589773482,nan,0,3.191700001480058,14.196300006005913
1599,53.299999999999535,SEARCH,0,0,0,0,-11.623261679481395,-2.607810338909795,26.00000000000116,8.799999999999784,25.99141949893836,8.808567884795053,39.309005735338154,3144.720458827052,nan,0,3.0725999968126416,13.540899992221966
1600,53.33333333333287,SEARCH,0,0,0,0,-11.604288049252887,-2.6821306019539257,26.32000000000093,8.71999999999955,26.332870341975056,8.716857532325351,39.612686317473546,3169.014905397884,nan,0,2.3745000071357936,13.913000002503395
1601,53.3666666666662,SEARCH,0,0,0,0,-11.584856301601917,-2.75619097512461,26.576000000000747,8.575999999999361,26.587081655734337,8.575788491259127,39.81847066431948,3185.477653145558,nan,0,2.5756999966688454,13.641500001540408
1602,53.39999999999953,SEARCH,0,0,0,0,-11.564967203660611,-2.829984282208683,26.780800000000596,8.380799999999208,26.792538624299144,8.382765933337394,39.96278294536299,3197.0226356290395,nan,0,2.5307000032626092,12.972299999091774
1603,53.43333333333286,SEARCH,0,0,0,0,-11.544621540616502,-2.903503372870828,26.944640000000476,8.144639999999086,26.933556387128636,8.159912997910686,40.03709977548935,3202.9679820391484,nan,0,2.3818000045139343,14.406899979803711
1604,53.46666666666619,SEARCH,0,0,0,0,-11.523820115681527,-2.976741123346344,27.07571200000038,7.875711999998986,27.06216947736969,7.888484655573627,40.086552908699495,3206.9242326959593,nan,0,2.492500003427267,15.289700007997453
1605,53.499999999999524,SEARCH,0,0,0,0,-11.502563750060325,-3.049690437131571,27.180569600000304,7.5805695999989045,27.18885891318052,7.579757334793882,40.12494669954887,3209.9957359639097,nan,0,2.661100006662309,14.286799996625632
1606,53.533333333332855,SEARCH,0,0,0,0,-11.480853282917813,-3.122344245671443,27.264455680000243,7.2644556799988385,27.270318504808277,7.254784323073766,40.11655658520714,3209.3245268165715,nan,0,2.441199991153553,13.38330001453869
1607,53.56666666666619,SEARCH,0,0,0,0,-11.458689571346063,-3.1946955090443283,27.331564544000194,6.9315645439987845,27.319337178402264,6.9411863854985105,40.08081162332318,3206.464929865854,nan,0,3.1648000003769994,14.831300009973347
1608,53.59999999999952,SEARCH,0,0,0,0,-11.436073490330458,-3.2667372166443314,27.385251635200156,6.58525163519874,27.368495567290406,6.598253092590151,40.03888876516127,3203.1111012129018,nan,0,3.155700018396601,13.451699982397258
1609,53.63333333333285,SEARCH,0,0,0,0,-11.413005932715144,-3.3384623878605204,27.428201308160126,6.228201308158704,27.43597620301119,6.219987342555513,40.007591457508084,3200.6073166006468,nan,0,2.978299977257848,14.275000023189932
1610,53.66666666666618,SEARCH,0,0,0,0,-11.389487809167806,-3.4098640727532494,27.46256104652781,5.862561046526963,27.46861557656029,5.846586009131286,39.945388555556114,3195.6310844444893,nan,0,2.662999992026016,14.693400007672608
1611,53.69999999999951,SEARCH,0,0,0,0,-11.365520048143688,-3.4809353527277396,27.410048837221957,5.57004883722157,27.396546928892715,5.557034161792084,39.801793040988066,3184.143443279045,nan,0,2.8737999964505434,14.162000006763265
1612,53.733333333332844,SEARCH,0,0,0,0,-11.341103595848956,-3.551669341204391,27.288039069777273,5.336039069777256,27.281963895656506,5.349880860354489,39.6355766760654,3170.846134085232,nan,0,2.250999998068437,13.172399980248883
1613,53.766666666666175,SEARCH,0,0,0,0,-11.316239416203342,-3.6220591842859933,27.110431255821524,5.148831255821805,27.117404254341718,5.160231303283239,39.424276683313764,3153.942134665101,nan,0,2.6110000035259873,13.584100001025945
1614,53.79999999999951,SEARCH,0,0,0,0,-11.290928490802079,-3.6920980614220014,26.888345004656927,4.999065004657444,26.906475779687568,4.99399004250108,39.17256462822335,3133.8051702578678,nan,0,2.4284999817609787,13.842000014847144
1615,53.83333333333284,SEARCH,0,0,0,0,-11.265171818877167,-3.7617791860693472,26.630676003725245,4.879252003725956,26.630255479962802,4.878191577137274,38.8678852647109,3109.430821176872,nan,0,2.360299986321479,13.343600003281608
1616,53.86666666666617,SEARCH,0,0,0,0,-11.238970417257908,-3.831095806349958,26.3445408029799,4.7834016029807644,26.34264140194596,4.798722171909397,38.559710907464186,3084.776872597135,nan,0,2.637000026879832,13.698299997486174
1617,53.8999999999995,SEARCH,0,0,0,0,-11.212325320330777,-3.9000412057051426,26.03563264238362,4.706721282384612,26.037807287439772,4.7218988182983095,38.23493466810168,3058.7947734481345,nan,0,3.0098999850451946,15.086500003235415
1618,53.93333333333283,SEARCH,0,0,0,0,-11.185237579998574,-3.9686087035463062,25.708506113906598,4.645377025907689,25.723330409800447,4.643374811138066,37.899982204676725,3031.9985763741383,nan,0,2.7698999911081046,14.12999999593012
1619,53.966666666666164,SEARCH,0,0,0,0,-11.157708265638902,-4.036791655902325,25.36680489112498,4.596301620726152,25.380284808756244,4.578542070378186,37.53996421308542,3003.197137046834,nan,0,2.2166999988257885,14.331099984701723
1620,53.999999999999496,SEARCH,0,0,0,0,-11.129738464061965,-4.10458345606323,25.01344391289968,4.5570412965809215,24.99648072762271,4.5515277799914555,37.14878160608499,2971.902528486799,nan,0,2.417499985313043,13.338700024178252
1621,54.03333333333283,SEARCH,0,0,0,0,-11.101329279467631,-4.171977535220519,24.650755130319443,4.525633037264737,24.635759025306974,4.5325324926444015,36.78189738619337,2942.5517908954694,nan,0,2.470600011292845,14.582399977371097
1622,54.06666666666616,SEARCH,0,0,0,0,-11.072481833401866,-4.238967363103585,24.280604104255254,4.500506429811789,24.285215420401443,4.495335875953299,36.420527291122646,2913.642183289812,nan,0,3.251600021030754,15.38639998761937
1623,54.09999999999949,SEARCH,0,0,0,0,-11.043197264712443,-4.305546448612403,23.9044832834039,4.480405143849431,23.905304272579087,4.467014069270047,36.03270150491049,2882.616120392839,nan,0,2.87290001870133,13.093499990645796
1624,54.13333333333282,SEARCH,0,0,0,0,-11.013476729503992,-4.371708340446642,23.523586626722818,4.464324115079545,23.510934157971736,4.461652614995576,35.636543223163265,2850.923457853061,nan,0,2.7012999926228076,14.780900004552677
1625,54.16666666666615,SEARCH,0,0,0,0,-10.983321401092352,-4.437446627730702,23.138869301377945,4.451459292063636,23.1176059155744,4.4606281151871325,35.242715247085336,2819.4172197668267,nan,0,2.513499988708645,13.652100024046376
1626,54.199999999999484,SEARCH,0,0,0,0,-10.952732469958256,-4.502754940634838,22.751095441102052,4.441167433650909,22.76739510463016,4.448174684504404,34.88790828927285,2791.0326631418284,nan,0,2.394000010099262,14.135300007183105
1627,54.233333333332816,SEARCH,0,0,0,0,-10.921711143700328,-4.567626950992542,22.36087635288133,4.432933946920727,22.368542770445455,4.422614797578943,34.4828283695821,2758.6262695665678,nan,0,3.242200007662177,15.535199985606596
1628,54.26666666666615,SEARCH,0,0,0,0,-10.890258646987412,-4.632056372913531,21.968701082304758,4.426347157536582,21.958993074247946,4.4179164178796455,34.07308829793949,2725.8470638351596,nan,0,2.787800010992214,14.521699980832636
1629,54.29999999999948,SEARCH,0,0,0,0,-10.858376221510222,-4.696036963392997,21.574960865843494,4.4210777260292655,21.555341240436185,4.430622281267348,33.674099671276046,2693.927973702084,nan,0,2.6840999780688435,12.86180000170134
1630,54.33333333333281,SEARCH,0,0,0,0,-10.826065125932324,-4.759562522916439,21.179968692674485,4.416862180823412,21.17491894955933,4.41332506108505,33.28971084927893,2663.1768679423144,nan,0,3.6322999803815037,12.321800022618845
1631,54.36666666666614,SEARCH,0,0,0,0,-10.793326635840447,-4.822626896060422,20.783974954139275,4.41348974465873,20.79976641422372,4.410432434510891,32.914630684117704,2633.170454729416,nan,0,2.5732000067364424,13.371799985179678
1632,54.39999999999947,SEARCH,0,0,0,0,-10.760162043694125,-4.8852239720889274,20.38717996331111,4.4107917957269835,20.400145368201237,4.405399602889127,32.515849126476134,2601.267930118091,nan,0,2.4750999873504043,13.513300014892593
1633,54.433333333332804,SEARCH,0,0,0,0,-10.726572658774664,-4.9473476855456004,19.98974397064857,4.408633436581587,19.984112992352987,4.418517910826517,32.107096591434185,2568.567727314735,nan,0,2.224900003056973,12.680499989073724
1634,54.466666666666136,SEARCH,0,0,0,0,-10.69255980713347,-5.008992016841404,19.59179517651854,4.40690674926527,19.58608073681541,4.414332558040001,31.711119804151174,2536.889584332094,nan,0,2.606399997603148,13.129099999787286
1635,54.49999999999947,SEARCH,0,0,0,0,-10.658124831539686,-5.070150992837833,19.193436141214512,4.405525399412216,19.206728828563218,4.398192693821818,31.329842264334324,2506.387381146746,nan,0,2.3119999968912452,13.249400013592094
1636,54.5333333333328,SEARCH,0,0,0,0,-10.623269091427185,-5.130818687425822,18.794748912971293,4.404420319529773,18.797179168228553,4.396349390822245,30.924580957391633,2473.9664765913303,nan,0,2.9357000021263957,13.727500016102567
1637,54.56666666666613,SEARCH,0,0,0,0,-10.587993962840905,-5.190989222099905,18.395799130376712,4.403536255623819,18.388529828244092,4.413927376504964,30.526928340097864,2442.1542672078294,nan,0,3.319100011140108,12.816200003726408
1638,54.59999999999946,SEARCH,0,0,0,0,-10.552300838382521,-5.250656766527752,17.996639304301052,4.402829004499055,17.99403082880449,4.420480349727983,30.140072076464303,2411.2057661171443,nan,0,2.5656000070739537,12.053200014634058
1639,54.63333333333279,SEARCH,0,0,0,0,-10.516191127155471,-5.309815539115247,17.597311443440518,4.402263203599244,17.603885778390072,4.416103015372127,29.754532711879676,2380.362616950374,nan,0,2.7877999818883836,14.249100000597537
1640,54.666666666666124,SEARCH,0,0,0,0,-10.479666254709324,-5.368459807566635,17.197849154752095,4.401810562879395,17.21117687073005,4.388977453195165,29.359672595166924,2348.7738076133537,nan,0,2.389100001892075,13.64109999849461
1641,54.699999999999456,SEARCH,0,0,0,0,-10.442727662983504,-5.426583889439903,16.79827932380135,4.401448450303516,16.799900247714202,4.377370760016503,28.953036149069472,2316.2428919255576,nan,0,2.6894999900832772,12.41890000528656
1642,54.73333333333279,SEARCH,0,0,0,0,-10.405376810250363,-5.484182152697516,16.398623459040756,4.401158760242812,16.392886727472057,4.404631434204322,28.564585815196363,2285.166865215709,nan,0,2.6689000078476965,13.0246999906376
1643,54.76666666666612,SEARCH,0,0,0,0,-10.367615171057613,-5.541249016252079,15.998898767232276,4.40092700819425,15.997898418002372,4.394059408191811,28.175355548843257,2254.0284439074608,nan,0,2.496800007065758,11.967600003117695
1644,54.79999999999945,SEARCH,0,0,0,0,-10.329444236170112,-5.5977789505070685,15.599119013785497,4.4007416065554,15.612536249245162,4.389296832833508,27.797986153817952,2223.8388923054363,nan,0,2.4566999927628785,11.973400018177927
1645,54.83333333333278,SEARCH,0,0,0,0,-10.290865512511004,-5.653766477892751,15.199295211028067,4.4005932852443195,15.198022335248897,4.397212064931887,27.399006795575705,2191.9205436460566,nan,0,2.717399998800829,14.575799985323101
1646,54.86666666666611,SEARCH,0,0,0,0,-10.25188052310225,-5.709206173396884,14.799436168822128,4.400474628195456,14.783885125753436,4.406446665852392,27.002147951387762,2160.171836111021,nan,0,3.0999999726191163,12.517600000137463
1647,54.899999999999444,SEARCH,0,0,0,0,-10.212490807004475,-5.764092665090323,14.39954893505737,4.400379702556364,14.39201112430308,4.405660199036037,26.623399268409045,2129.871941472724,nan,0,2.4471000069752336,14.535599999362603
1648,54.933333333332776,SEARCH,0,0,0,0,-10.172697919256223,-5.8184206346476595,13.999639148045567,4.400303762045091,14.0100202354965,4.393480494564503,26.25046251068753,2100.0370008550026,nan,0,2.4754999903962016,14.536400005454198
1649,54.96666666666611,SEARCH,0,0,0,0,-10.132503430812568,-5.872184817862475,13.59971131843612,4.400243009636073,13.602928760745314,4.395113680107874,25.860938880219845,2068.8751104175876,nan,0,2.368199988268316,13.466100004734471
1650,54.99999999999944,SEARCH,0,0,0,0,-10.09190892848309,-5.9253800051574625,13.199769054748565,4.400194407708859,13.19238022012755,4.399557663534439,25.470815829464122,2037.66526635713,nan,0,2.6632000226527452,13.272699987282977
1651,55.03333333333277,SEARCH,0,0,0,0,-10.05091601486923,-5.978001042089142,12.799815243798514,4.400155526167087,12.800902645626746,4.409989440842896,25.102110715349788,2008.1688572279832,nan,0,2.9189000197220594,12.407300004269928
1652,55.0666666666661,SEARCH,0,0,0,0,-10.009526308301028,-6.030042829847422,12.399852195038479,4.400124420933669,12.412554379463868,4.393208635665775,24.726380112785666,1978.1104090228532,nan,0,2.5151000008918345,14.269699982833117
1653,55.09999999999943,SEARCH,0,0,0,0,-9.96774144277323,-6.081500325749603,11.999881756030444,4.400099536746936,11.998294031263972,4.38466862450289,24.332024308344963,1946.561944667597,nan,0,2.6338000025134534,14.874699991196394
1654,55.133333333332764,SEARCH,0,0,0,0,-9.925563067880777,-6.132368543728944,11.59990540482402,4.400079629397549,11.587079338142628,4.397747421322713,23.951557893524843,1916.1246314819873,nan,0,2.632499992614612,13.103700010105968
1655,55.166666666666096,SEARCH,0,0,0,0,-9.882992848753691,-6.182642554817901,11.199924323858873,4.40006370351804,11.196196083526539,4.410909433315554,23.591429582966178,1887.3143666372941,nan,0,2.5141999940387905,12.34929999918677
1656,55.19999999999943,SEARCH,0,0,0,0,-9.840032465991332,-6.232317487625678,10.799939459086762,4.400050962814432,10.811776197174115,4.403469543010413,23.229661358294535,1858.3729086635626,nan,0,3.3218000025954098,13.15069998963736
1657,55.23333333333276,SEARCH,0,0,0,0,-9.796683615596047,-6.281388528810191,10.399951567269065,4.400040770251546,10.412356331767207,4.384153228526788,22.850800348600977,1828.064027888078,nan,0,3.1692000047769397,13.775100000202656
1658,55.26666666666609,SEARCH,0,0,0,0,-9.75294800890623,-6.32985092354458,9.999961253814913,4.400032616201237,9.99460682838663,4.399133294649991,22.47391875944551,1797.9135007556406,nan,0,2.978800010168925,12.951399985468015
1659,55.29999999999942,SEARCH,0,0,0,0,-9.708827372528743,-6.377699975977875,9.599969003051584,4.40002609296099,9.587344839810564,4.416201622442912,22.109965485378908,1768.7972388303126,nan,0,2.6135999942198396,13.444499985780567
1660,55.33333333333275,SEARCH,0,0,0,0,-9.664323448270764,-6.424931049689961,9.199975202440925,4.400020874368792,9.217051437779807,4.402758174908442,21.76568794070304,1741.255035256243,nan,0,2.467200014507398,12.546799989650026
1661,55.366666666666084,SEARCH,0,0,0,0,-9.619437993071017,-6.471539568140937,8.79998016195239,4.400016699495033,8.816467266049738,4.3932846475122265,21.399229144067775,1711.9383315254222,nan,0,2.483599993865937,13.545199995860457
1662,55.399999999999416,SEARCH,0,0,0,0,-9.574172778930421,-6.517521015114513,8.399984129561568,4.400013359596027,8.402977612738962,4.400919146761541,21.03307566128089,1682.6460529024712,nan,0,3.2485999981872737,14.030999998794869
1663,55.43333333333275,SEARCH,0,0,0,0,-9.528529592842123,-6.562870935155567,7.999987303648903,4.400010687676822,7.9897325743671015,4.41093335906904,20.671572026505782,1653.7257621204626,nan,0,2.4000999983400106,13.025099993683398
1664,55.46666666666608,SEARCH,0,0,0,0,-9.482510236720955,-6.607584934001971,7.5999898429187756,4.400008550141457,7.588975785841745,4.404975954564935,20.315317677628062,1625.2254142102452,nan,0,2.6536999794188887,12.66490001580678
1665,55.49999999999941,ACQUIRING,0,0,0,0,-9.4361165273323,-6.651658679010321,7.199991874334667,4.400006840113166,7.209380404155863,4.386822226677172,19.9729974916488,1597.839799331904,1663.956956100461,1,3.0036000243853778,13.109799998346716
1666,55.53333333333274,ACQUIRING,0,0,0,0,-9.389350296220366,-6.695087899575715,6.888882794639447,4.311116241195986,6.898090191556715,4.293741976584533,19.647775947675918,1571.8220758140733,1661.8691542479503,0,3.0918999982532114,13.839799998095259
1667,55.56666666666607,ACQUIRING,0,0,0,0,-9.34221338963588,-6.737868387545656,6.6666626038331165,4.133336753389917,6.650471851447552,4.136129626503532,19.33933333985206,1547.146667188165,1659.746716602516,0,2.8019000019412488,14.702699991175905
1668,55.599999999999405,ACQUIRING,0,0,0,0,-9.294707668463202,-6.779995997627741,6.533331301915674,3.8666683766949586,6.520708493246697,3.8683299027082008,19.0660492196952,1525.2839375756157,1657.5893960800092,0,4.090600006747991,13.541699998313561
1669,55.633333333332736,ACQUIRING,0,0,0,0,-9.246835008146862,-6.821466647791362,6.4888888888871215,3.5111111111111115,6.503930582906386,3.5189756464831814,18.841745236191066,1507.3396188952854,1655.396947640814,0,3.3073000086005777,14.641699992353097
1670,55.66666666666607,SEARCH,0,0,0,0,-9.198597298617518,-6.862276319663183,6.533335364747457,3.176901842320729,6.545555175931021,3.179864214921622,18.67412444154167,1493.9299553233338,nan,0,3.045200021006167,13.076099974568933
1671,55.6999999999994,SEARCH,0,0,0,0,-9.149996444217347,-6.902421058916588,6.4888929517189045,2.9315814624192353,6.484584306247319,2.9307737720337865,18.469754622794248,1477.58036982354,nan,0,3.186200017808005,12.767599982907996
1672,55.73333333333273,SEARCH,0,0,0,0,-9.101034363624846,-6.94189697565481,6.355561649801462,2.7751499714066306,6.346217779573353,2.7804467334562353,18.252166062515222,1460.173285001218,nan,0,2.888799994252622,14.128100010566413
1673,55.76666666666606,SEARCH,0,0,0,0,-9.051712989779151,-6.980700244787797,6.133341458995131,2.707607369282915,6.128179064489711,2.6947775242604997,18.001221981815643,1440.0977585452515,nan,0,2.9150999907869846,14.445100008742884
1674,55.79999999999939,SEARCH,0,0,0,0,-9.002034269803634,-7.0188271064029415,5.822232379299912,2.7289536560480876,5.8437017371174775,2.7123571624903597,17.750826033239985,1420.066082659199,nan,0,2.961299993330613,15.02950000576675
1675,55.833333333332725,SEARCH,0,0,0,0,-8.952000164929098,-7.05627386612936,5.422234410715803,2.8391888317021494,5.423350846157338,2.8349794176623777,17.44957329610282,1395.9658636882257,nan,0,3.2804000074975193,13.881499995477498
1676,55.866666666666056,SEARCH,0,0,0,0,-8.901612650416329,-7.093036895495826,4.977787528572282,3.0383128962451003,4.9714961007227005,3.046125616907821,17.18329895200167,1374.6639161601336,nan,0,3.2519999949727207,17.390699998941272
1677,55.89999999999939,SEARCH,0,0,0,0,-8.850873715478123,-7.129112632282434,4.54223002285747,3.3106503169960804,4.5460084484716266,3.3206811277068216,16.990427932841047,1359.2342346272837,nan,0,3.9114000101108104,16.35089999763295
1678,55.93333333333272,SEARCH,0,0,0,0,-8.799785363200757,-7.164497580865734,4.113784018285613,3.5285202535968643,4.12271941852796,3.5181093211235424,16.766312058894478,1341.3049647115583,nan,0,2.7969999937340617,16.753400006564334
1679,55.96666666666605,SEARCH,0,0,0,0,-8.748349610464894,-7.1991883125574025,3.691027214628132,3.7028162028774916,3.6901760030656208,3.695567274603309,16.535193338525687,1322.815467082055,nan,0,2.8452000115066767,17.63099999516271
1680,55.99999999999938,SEARCH,0,0,0,0,-8.696568487865985,-7.233181465936549,3.272821771702141,3.8422529623019934,3.2573459745465057,3.8531342124803345,16.303449521380024,1304.2759617104018,nan,0,2.864900015993044,17.653999995673075
1681,56.03333333333271,SEARCH,0,0,0,0,-8.644444039634084,-7.266473747175391,2.858257417361352,3.9538023698415947,2.853366998044553,3.9625239930349885,16.071404696161892,1285.7123756929514,nan,0,3.8542999827768654,16.474300005938858
1682,56.066666666666045,SEARCH,0,0,0,0,-8.59197832355316,-7.299061930358376,2.4466059338887147,4.043041895873276,2.452098291228066,4.043182648646953,15.830923547384508,1266.4738837907605,nan,0,2.653900010045618,14.818099996773526
1683,56.099999999999376,SEARCH,0,0,0,0,-8.539173410879844,-7.330942857794836,2.037284747110609,4.114433516698621,2.0497115345066184,4.103655439618428,15.584432059264731,1246.7545647411785,nan,0,2.718300005653873,17.043600004399195
1684,56.13333333333271,SEARCH,0,0,0,0,-8.486031386261672,-7.362113440324923,1.6298277976881177,4.171546813358897,1.6255821658395857,4.1752746802491725,15.341318498479916,1227.3054798783933,nan,0,2.5187999999616295,16.754299984313548
1685,56.16666666666604,SEARCH,0,0,0,0,-8.432554347654786,-7.3925706576189025,1.2238622381501292,4.217237450687118,1.2167440450921292,4.230655061814748,15.106565976328707,1208.5252781062966,nan,0,3.0383999983314425,16.98829999077134
1686,56.19999999999937,SEARCH,0,0,0,0,-8.378744406241099,-7.4223115584698816,0.8190897905197316,4.253789960549694,0.8220074120834358,4.255605871061226,14.866996654111032,1189.3597323288825,nan,0,3.1371999939437956,16.985499998554587
1687,56.2333333333327,SEARCH,0,0,0,0,-8.324603686344963,-7.451333261079729,0.41527183241541815,4.283031968439755,0.4280926654585396,4.281442971792993,14.637886854240177,1171.030948339214,nan,0,2.644499996677041,18.400899978587404
1688,56.26666666666603,SEARCH,0,0,0,0,-8.270134325349293,-7.479632953338333,0.012217465931960492,4.306425574751804,0.006556297380864624,4.295398843610034,14.392879541062463,1151.4303632849972,nan,0,2.903799992054701,17.91700001922436
1689,56.299999999999365,SEARCH,0,0,0,0,-8.2153384736112,-7.507207893096042,-0.39022602725480104,4.325140459801443,-0.39612666034558325,4.335748277022307,14.191394724552511,1135.3115779642008,nan,0,2.416800009086728,17.818299995269626
1690,56.333333333332696,SEARCH,0,0,0,0,-8.160218294377078,-7.534055408429433,-0.792180821804217,4.340112367841154,-0.7854180924653285,4.351173934022115,13.987364102674558,1118.9891282139647,nan,0,2.3591000062879175,16.027500008931383
1691,56.36666666666603,SEARCH,0,0,0,0,-8.104775963697227,-7.560172897900184,-1.1937446574437454,4.352089894272924,-1.1831568601281677,4.350163588785854,13.775519091525258,1102.0415273220206,nan,0,2.6886999839916825,17.04120001522824
1692,56.39999999999936,SEARCH,0,0,0,0,-8.049013670339928,-7.5855578308071125,-1.5949957259553749,4.361671915418339,-1.5938804972081055,4.361203160389138,13.579169432024749,1086.3335545619798,nan,0,3.2107000006362796,17.649999994318932
1693,56.43333333333269,SEARCH,0,0,0,0,-7.992933615705043,-7.610207747431454,-1.995996580764674,4.369337532334671,-2.006199843180245,4.378648133094356,13.400509191336996,1072.0407353069597,nan,0,2.312500000698492,17.740100010996684
1694,56.46666666666602,SEARCH,0,0,0,0,-7.936538013737104,-7.634120259275166,-2.39679726461212,4.375470025867737,-2.398082639905792,4.381800197103352,13.23090444156924,1058.4723553255392,nan,0,2.5599000218790025,17.961999983526766
1695,56.49999999999935,SEARCH,0,0,0,0,-7.879829090837914,-7.657293049292346,-2.7974378116900724,4.3803760206941895,-2.785450596136374,4.385792028449879,13.07626056780053,1046.1008454240423,nan,0,2.4317000061273575,16.231699992204085
1696,56.533333333332685,SEARCH,0,0,0,0,-7.822809085778646,-7.6797238721137955,-3.197950249352441,4.384300816555352,-3.198497839491801,4.384840567662694,12.920447733111047,1033.6358186488837,nan,0,2.540400018915534,17.130799998994917
1697,56.566666666666016,SEARCH,0,0,0,0,-7.765480249611466,-7.7014105542645614,-3.5983601994823315,4.387440653244282,-3.606013608661479,4.392754613777466,12.789448535767946,1023.1558828614355,nan,0,3.208900016034022,17.267499992158264
1698,56.59999999999935,SEARCH,0,0,0,0,-7.707844845580662,-7.722350994374518,-3.9986881595862505,4.389952522595426,-4.007064389727026,4.397606437087292,12.672377208830023,1013.7901767064019,nan,0,2.826399984769523,17.788800003472716
1699,56.63333333333268,SEARCH,0,0,0,0,-7.6499051490333,-7.742543163382029,-4.398950527669381,4.391962018076341,-4.397097892132636,4.392561315290255,12.56349934368756,1005.0799474950047,nan,0,2.4338999937754124,17.878200014820322
1700,56.66666666666601,SEARCH,0,0,0,0,-7.59166344732939,-7.761985104730533,-4.799160422135893,4.3935696144610725,-4.798514636353973,4.37248353850931,12.451787403181294,996.1429922545035,nan,0,2.462900010868907,17.139700008556247
1701,56.69999999999934,SEARCH,0,0,0,0,-7.533122039751589,-7.780674934558106,-5.1993283377090975,4.394855691568858,-5.213793630481408,4.391709909474863,12.391377528801682,991.3102023041346,nan,0,2.591900003608316,16.353199986042455
1702,56.73333333333267,SEARCH,0,0,0,0,-7.474283237414429,-7.798610841880046,-5.599462670167668,4.395884553255087,-5.613251383339126,4.403412388772543,12.343128067198704,987.4502453758962,nan,0,2.6910000015050173,16.87229998060502
1703,56.766666666666005,SEARCH,0,0,0,0,-7.415149363173079,-7.815791088764322,-5.99957013613452,4.39670764260407,-6.006630853420306,4.397194361643692,12.293939075991632,983.5151260793306,nan,0,3.52619998739101,18.860100011806935
1704,56.799999999999336,SEARCH,0,0,0,0,-7.355722751531642,-7.832214010499989,-6.399656108908008,4.397366114083256,-6.400962697765925,4.395201122625861,12.264634018105136,981.1707214484109,nan,0,2.4000999983400106,17.49500000732951
1705,56.83333333333267,SEARCH,0,0,0,0,-7.2960057485509875,-7.847878015758466,-6.799724887126795,4.397892891266604,-6.809164855294276,4.399132926555786,12.256683526815563,980.534682145245,nan,0,2.612899988889694,16.789199988124892
1706,56.866666666666,SEARCH,0,0,0,0,-7.236000711756143,-7.8627815867477695,-7.19977990970183,4.398314313013284,-7.204632274044232,4.408875238598388,12.271696916806144,981.7357533444915,nan,0,2.5929999828804284,16.8415000080131
1707,56.89999999999933,SEARCH,0,0,0,0,-7.175710010043217,-7.876923279359561,-7.599823927761854,4.398651450410627,-7.598734089072069,4.403639493290363,12.287846490920751,983.0277192736601,nan,0,2.531599981011823,18.011200008913875
1708,56.93333333333266,SEARCH,0,0,0,0,-7.115136023585878,-7.890301723309066,-7.99985914220988,4.398921160328502,-7.98406611214265,4.386885995168073,12.30789899916006,984.6319199328046,nan,0,3.060399991227314,17.482099996414036
1709,56.96666666666599,SEARCH,0,0,0,0,-7.054281143741393,-7.9029156222678765,-8.399887313768296,4.399136928262802,-8.402178407730384,4.379990889639617,12.356642724240615,988.5314179392493,nan,0,2.5151000008918345,16.974099999060854
1710,56.999999999999325,SEARCH,0,0,0,0,-6.993147772956215,-7.914763753989549,-8.799909851015036,4.399309542610242,-8.811179086981346,4.386104367306133,12.4344921245817,994.7593699665359,nan,0,2.515500003937632,17.021100007696077
1711,57.033333333332656,SEARCH,0,0,0,0,-6.93173832467115,-7.925844970428019,-9.199927880812423,4.399447634088194,-9.202409674175126,4.395004674140659,12.528339249139382,1002.2671399311506,nan,0,3.2845000096131116,18.21939999354072
1712,57.06666666666599,SEARCH,0,0,0,0,-6.870055223226061,-7.936158197848877,-9.59994230465034,4.399558107270555,-9.588320472695061,4.384506476999994,12.616962550334355,1009.3570040267484,nan,0,2.485700009856373,16.69180000317283
1713,57.09999999999932,SEARCH,0,0,0,0,-6.80810090376418,-7.945702436933385,-9.999953843720668,4.399646485816444,-9.984774152182098,4.382077732146251,12.73049161754436,1018.4393294035488,nan,0,2.826200012350455,17.900999984703958
1714,57.13333333333265,SEARCH,0,0,0,0,-6.745877812135955,-7.95447676287531,-10.399963074976938,4.399717188653155,-10.412325688656056,4.398967762346472,12.88605570642044,1030.884456513635,nan,0,3.0832000193186104,16.061299975262955
1715,57.16666666666598,SEARCH,0,0,0,0,-6.683388404802498,-7.962480325470545,-10.79997045998195,4.399773750922524,-10.80940251881084,4.405436777699382,13.037997006437731,1043.0397605150185,nan,0,2.7828000020235777,16.596000001300126
1716,57.199999999999314,SEARCH,0,0,0,0,-6.620635148738615,-7.969712349199486,-11.199976367985965,4.399819000738019,-11.19002855351674,4.400769009553655,13.187424507267853,1054.9939605814282,nan,0,2.574800018919632,19.423399993684143
1717,57.233333333332645,SEARCH,0,0,0,0,-6.5576205213354015,-7.9761721333021685,-11.599981094389173,4.399855200590416,-11.591330131001698,4.399150481971218,13.35989679101391,1068.7917432811128,nan,0,2.654200012329966,16.629899997496977
1718,57.26666666666598,SEARCH,0,0,0,0,-6.494347010302452,-7.981859051846184,-11.999984875511746,4.399884160472332,-12.012761597537573,4.38714257532474,13.544190666465322,1083.5352533172256,nan,0,2.424899983452633,15.796199993928894
1719,57.29999999999931,SEARCH,0,0,0,0,-6.430817113569638,-7.9867725537873255,-12.399987900409801,4.399907328377866,-12.418859328701412,4.412105779902688,13.769126098044419,1101.5300878435535,nan,0,3.1648000003769994,16.833400004543364
1720,57.33333333333264,SEARCH,0,0,0,0,-6.367033339188502,-7.990912163022972,-12.799990320328252,4.399925862702293,-12.802171549278167,4.402062987289706,13.964126784701705,1117.1301427761364,nan,0,2.658300014445558,16.830400010803714
1721,57.36666666666597,SEARCH,0,0,0,0,-6.302998205233244,-7.994277478438234,-13.199992256263007,4.399940690161834,-13.20138639844994,4.392908074368811,14.178509286380677,1134.2807429104541,nan,0,2.605999994557351,17.091500019887462
1722,57.3999999999993,SEARCH,0,0,0,0,-6.238714239701304,-7.996868173944819,-13.599993805010818,4.399952552129467,-13.580284022090186,4.384769937308512,14.394568739205996,1151.5654991364797,nan,0,2.500800008419901,15.217299980577081
1723,57.433333333332634,SEARCH,0,0,0,0,-6.174183980413572,-7.998683998512619,-13.999995044009063,4.399962041703574,-13.997964030149811,4.402812279199171,14.663173060178693,1173.0538448142954,nan,0,2.4907999904826283,16.248500003712252
1724,57.466666666665965,SEARCH,0,0,0,0,-6.109409974914188,-7.999724776194044,-14.399996035207666,4.3999696333628595,-14.40148452169516,4.4181786334597195,14.931939772878252,1194.5551818302602,nan,0,2.5430000096093863,13.474899984430522
1725,57.4999999999993,SEARCH,0,0,0,0,-6.044394780369981,-7.999990406141067,-14.799996828166543,4.399975706690288,-14.778963598651892,4.389217761089697,15.158666545982207,1212.6933236785765,nan,0,3.0162000039126724,15.696399990702048
1726,57.53333333333263,SEARCH,0,0,0,0,-5.9791409634694865,-7.9994808626149965,-15.199997462533652,4.39998056535223,-15.184641769339185,4.393190329080836,15.437601638608099,1235.008131088648,nan,0,3.388300014194101,15.119599993340671
1727,57.56666666666596,SEARCH,0,0,0,0,-5.913651100321703,-7.998196194988969,-15.599997970027335,4.399984452281784,-15.605624334879868,4.398575427383875,15.735764736315184,1258.8611789052147,nan,0,2.956300013465807,15.108699997654185
1728,57.59999999999929,SEARCH,0,0,0,0,-5.847927776354272,-7.996136527743167,-15.999998376022287,4.399987561825427,-16.00260613248541,4.415290450790302,16.036240586869063,1282.8992469495251,nan,0,2.578500017989427,13.105699996231124
1729,57.63333333333262,SEARCH,0,0,0,0,-5.781973586211485,-7.9933020604527565,-16.399998700818244,4.399990049460342,-16.3920141027437,4.406435293363356,16.319511212229298,1305.5608969783439,nan,0,2.676799980690703,13.016000011703
1730,57.666666666665954,SEARCH,0,0,0,0,-5.715791133651839,-7.98969306776855,-16.799998960655017,4.399992039568274,-16.79492251392285,4.393225001002857,16.615769980329265,1329.2615984263412,nan,0,2.422300021862611,14.122199994744733
1731,57.699999999999285,SEARCH,0,0,0,0,-5.64938303144524,-7.985309899390389,-17.199999168524432,4.3999936316546195,-17.2140066464139,4.394113955425709,16.940798515214112,1355.263881217129,nan,0,2.7131999959237874,14.432800002396107
1732,57.73333333333262,SEARCH,0,0,0,0,-5.5827519012698525,-7.980152980033265,-17.59999933481997,4.3999949053236955,-17.61419393533056,4.414057403470367,17.273449234287636,1381.875938743011,nan,0,2.771800005575642,13.397400005487725
1733,57.76666666666595,SEARCH,0,0,0,0,-5.515900373608605,-7.9742228093861645,-17.999999467856394,4.399995924258956,-17.998757926298417,4.404557277974987,17.579986607844557,1406.3989286275646,nan,0,2.501100010704249,15.147599973715842
1734,57.79999999999928,SEARCH,0,0,0,0,-5.448831087645342,-7.9675199620636485,-18.39999957428554,4.399996739407165,-18.384720816543762,4.39592603279479,17.893910694591074,1431.512855567286,nan,0,2.6474999904166907,13.704500015592203
1735,57.83333333333261,SEARCH,0,0,0,0,-5.381546691160631,-7.9600450875501725,-18.799999659428856,4.399997391525732,-18.800035084598807,4.392960674915525,18.238765915827358,1459.1012732661886,nan,0,3.177300008246675,14.074000006075948
1736,57.86666666666594,SEARCH,0,0,0,0,-5.314049840427237,-7.951798910137166,-19.199999727543513,4.399997913220585,-19.212890829434418,4.409849050207969,18.60075592908017,1488.0604743264137,nan,0,3.174500016029924,14.368899981491268
1737,57.899999999999274,SEARCH,0,0,0,0,-5.246343200105255,-7.942782228852831,-19.599999782035233,4.3999983305764685,-19.59982590167278,4.4108050915741925,18.93762354012809,1515.0098832102472,nan,0,2.631899988045916,13.696800015168265
1738,57.933333333332605,SEARCH,0,0,0,0,-5.17842944313691,-7.932995917384732,-19.999999825628617,4.399998664461175,-19.998493296829167,4.404166206076498,19.28314968795508,1542.6519750364066,nan,0,2.578600018750876,13.458699977491051
1739,57.96666666666594,SEARCH,0,0,0,0,-5.1103112506410415,-7.922440923995142,-20.39999986050332,4.39999893156894,-20.397558573171427,4.399413168875888,19.634867429810036,1570.7893943848028,nan,0,2.5855000130832195,14.815000002272427
1740,57.99999999999927,SEARCH,0,0,0,0,-5.041991311807252,-7.911118271429147,-20.79999988840309,4.399999145255152,-20.81697506097944,4.412871538994091,20.018262590296455,1601.4610072237165,nan,0,3.0260999919846654,14.821700024185702
1741,58.0333333333326,SEARCH,0,0,0,0,-4.9734723237897445,-7.899029056815551,-21.1999999107229,4.399999316204122,-21.206782215263434,4.41282589739783,20.374055130145447,1629.9244104116358,nan,0,2.693999995244667,13.39510001707822
1742,58.06666666666593,SEARCH,0,0,0,0,-4.904756991600843,-7.886174451560564,-21.599999928578757,4.399999452963297,-21.588466120426,4.4062304029294035,20.723160169287222,1657.8528135429776,nan,0,2.5471000117249787,14.862400013953447
1743,58.09999999999926,SEARCH,0,0,0,0,-4.835848028004202,-7.872555701234313,-21.999999942863436,4.399999562370638,-21.99187293177106,4.39166021968562,21.088863948862073,1687.1091159089658,nan,0,2.719800017075613,13.899599987780675
1744,58.133333333332594,SEARCH,0,0,0,0,-4.766748153407714,-7.858174125450127,-22.399999954291186,4.399999649896511,-22.412916133541398,4.405828281765091,21.48936945159806,1719.1495561278448,nan,0,2.6348000101279467,14.454799995291978
1745,58.166666666665925,SEARCH,0,0,0,0,-4.697460095756109,-7.843031117736675,-22.799999963433383,4.399999719917209,-22.80178966777081,4.410427177241012,21.86124400483384,1748.899520386707,nan,0,3.2558999955654144,14.71659998060204
1746,58.19999999999926,SEARCH,0,0,0,0,-4.627986590423264,-7.827128145402965,-23.199999970747147,4.399999775933767,-23.20336889949992,4.399969732527687,22.23840710223766,1779.0725681790127,nan,0,3.2189000048674643,13.547100010327995
1747,58.23333333333259,SEARCH,0,0,0,0,-4.558330380104211,-7.810466749396127,-23.599999976598152,4.399999820747014,-23.592587828944794,4.385848130162888,22.60648254970454,1808.518603976363,nan,0,2.899299986893311,14.836599992122501
1748,58.26666666666592,SEARCH,0,0,0,0,-4.488494214706863,-7.793048544152115,-23.999999981278965,4.399999856597611,-24.00607885785667,4.3872092156471485,23.00640757262349,1840.5126058098792,nan,0,2.627800015034154,14.245800004573539
1749,58.29999999999925,SEARCH,0,0,0,0,-4.4184808512434515,-7.774875217439298,-24.39999998502361,4.399999885278088,-24.412436245267102,4.402788558401953,23.410547779487,1872.84382235896,nan,0,2.650800015544519,15.872599993599579
1750,58.33333333333258,SEARCH,0,0,0,0,-4.348293053721685,-7.75594853019488,-24.79999998801933,4.399999908222471,-24.804820978154943,4.411175030055442,23.801437571153475,1904.115005692278,nan,0,2.5722999998833984,14.465799991739914
1751,58.366666666665914,SEARCH,0,0,0,0,-4.277933593035627,-7.73627031635429,-25.199999990415904,4.399999926577976,-25.179285251594198,4.3958706038903825,24.167237005156473,1933.3789604125177,nan,0,2.502099989214912,14.700800005812198
1752,58.399999999999245,SEARCH,0,0,0,0,-4.207405246856313,-7.715842482673497,-25.59999999233317,4.399999941262381,-25.597022437464958,4.383550429835385,24.57460136832439,1965.9681094659513,nan,0,2.613399992696941,15.154100023210049
1753,58.43333333333258,SEARCH,0,0,0,0,-4.136710799522083,-7.694667008544217,-25.99999999386654,4.399999953009463,-26.014832178215276,4.41174995747665,25.004350157842335,2000.3480126273869,nan,0,2.7977999998256564,14.412599994102493
1754,58.46666666666591,SEARCH,0,0,0,0,-4.065853041928672,-7.672745945802132,-26.31999999509323,4.319999962407121,-26.325601139123222,4.326386166517813,25.287853938194598,2023.0283150555679,nan,0,2.873099991120398,15.279500017641112
1755,58.49999999999924,SEARCH,0,0,0,0,-3.994834771419021,-7.650081418528095,-26.575999996074586,4.175999969925253,-26.56178811327424,4.176620586913128,25.478191918952525,2038.2553535162021,nan,0,2.5849999801721424,15.405900019686669
1756,58.53333333333257,SEARCH,0,0,0,0,-3.923658791672847,-7.626675622842274,-26.78079999685967,3.9807999759397514,-26.766971550458695,3.968182614923307,25.617526721945442,2049.4021377556355,nan,0,3.358899994054809,13.532499986467883
1757,58.5666666666659,SEARCH,0,0,0,0,-3.8523279125959577,-7.60253082669138,-26.944639997487737,3.7446399807513546,-26.954803801865157,3.748271020344098,25.740339834293735,2059.227186743499,nan,0,2.4046999751590192,13.62770001287572
1758,58.599999999999234,SEARCH,0,0,0,0,-3.780844950209322,-7.577649369628896,-27.07571199799019,3.4757119846006304,-27.08325026434379,3.4971605074509933,25.800261766843928,2064.020941347514,nan,0,2.571899996837601,13.463599985698238
1759,58.633333333332565,SEARCH,0,0,0,0,-3.7092127265378947,-7.552033662588416,-27.180569598392154,3.1805695876800555,-27.168866213814194,3.1916026117042353,25.802733617533082,2064.2186894026468,nan,0,2.785200020298362,15.072699985466897
1760,58.6666666666659,SEARCH,0,0,0,0,-3.6374340694992133,-7.525686187649983,-27.264455678713723,2.864455670143589,-27.257121655532995,2.8583100715439014,25.801492591956592,2064.119407356527,nan,0,2.3793000145815313,14.25589999416843
1761,58.69999999999923,SEARCH,0,0,0,0,-3.565511812791753,-7.498609497799605,-27.33156454297098,2.5315645361144203,-27.332127243430634,2.53121958528171,25.79630749668847,2063.704599735078,nan,0,3.0556000128854066,15.311399998608977
1762,58.73333333333256,SEARCH,0,0,0,1,-3.493448795783058,-7.470806216681912,-27.385251634376786,2.1852516288910784,-27.3951762173096,2.203430622814107,25.78533366391864,2062.8266931134913,nan,0,2.6977999950759113,13.203400012571365
1763,58.76666666666589,SEARCH,0,0,0,1,-3.4212478633976477,-7.442279038345873,-27.42820130750143,1.8282013031124094,-27.415453183925685,1.8296633610194202,25.723351352823446,2057.868108225876,nan,0,2.661700011231005,13.179200002923608
1764,58.79999999999922,SEARCH,0,0,0,1,-3.348911866004705,-7.4130307269837825,-27.462561046000683,1.4625610424899276,-27.44563774229644,1.4495647372653278,25.674847542294707,2053.9878033835766,nan,0,2.800499991280958,13.689600018551573
1765,58.833333333332554,SEARCH,0,0,0,1,-3.2764436593055475,-7.383064116663446,-27.41004883680009,1.1700488339919421,-27.404051848545564,1.1598464993612523,25.595366743355513,2047.629339468441,nan,0,2.6134000218007714,13.930899993283674
1766,58.866666666665886,SEARCH,0,0,0,1,-3.203846104220892,-7.352382111053511,-27.28803906943961,0.9360390671935537,-27.311565559758826,0.9378045470000006,25.493319363556612,2039.4655490845291,nan,0,2.7589999954216182,12.57729998906143
1767,58.89999999999922,SEARCH,0,0,0,1,-3.1311220667779045,-7.320987683142136,-27.11043125555123,0.7488312537548429,-27.11964682813214,0.765583283513457,25.314856314521368,2025.1885051617094,nan,0,3.3269000123254955,14.977699989685789
1768,58.93333333333255,SEARCH,0,0,0,1,-3.05827441799706,-7.28888387494896,-26.88834500444052,0.5990650030038743,-26.880285085579775,0.6009425369797678,25.09457218317923,2007.5657746543386,nan,0,2.8435999993234873,15.500000008614734
1769,58.96666666666588,SEARCH,0,0,0,1,-2.985306033778798,-7.256073797230261,-26.630676003551955,0.47925200240309945,-26.623612839808512,0.47845051582899784,24.871518148382005,1989.7214518705605,nan,0,3.0274000018835068,15.8233999973163
1770,58.99999999999921,SEARCH,0,0,0,1,-2.9122197947899853,-7.222560629177579,-26.344540802841095,0.3834016019224796,-26.347156273740264,0.39050318443255444,24.64051518135395,1971.241214508316,nan,0,2.712600020458922,15.616399992723018
1771,59.03333333333254,SEARCH,0,0,0,1,-2.8390185863501927,-7.188347618109691,-26.035632642272414,0.30672128153798367,-26.040240712800415,0.314234830821794,24.384122940222767,1950.7298352178211,nan,0,2.71580001572147,14.588399993954226
1772,59.066666666665874,SEARCH,0,0,0,1,-2.76570529831779,-7.153438079157887,-25.708506113817464,0.24537702523038693,-25.697646224684387,0.23768776077087458,24.09362272121048,1927.4898176968384,nan,0,2.653400006238371,14.108300005318597
1773,59.099999999999206,SEARCH,0,0,0,1,-2.6922828249758552,-7.1178353949447795,-25.366804891053505,0.19630162018430955,-25.361472845395163,0.18778591527656002,23.817310488597123,1905.3848390877697,nan,0,2.5104000233113766,15.46789999702014
1774,59.13333333333254,SEARCH,0,0,0,1,-2.6187540649179173,-7.081543015256579,-25.013443912842334,0.15704129614744763,-25.021841584648808,0.15353310987454563,23.542401257160755,1883.3921005728605,nan,0,2.4618000024929643,14.448300004005432
1775,59.16666666666587,SEARCH,0,0,0,1,-2.5451219209335214,-7.04456445670874,-24.650755130273403,0.1256330369179581,-24.649513762303435,0.14042242912663364,23.24280910790361,1859.424728632289,nan,0,2.2841999889351428,14.292800013208762
1776,59.1999999999992,SEARCH,0,0,0,1,-2.471389299893634,-7.006903302405269,-24.280604104218252,0.10050642953436648,-24.268250890203504,0.10570697975711273,22.927982907640345,1834.2386326112276,nan,0,2.6910000015050173,14.713700016727671
1777,59.23333333333253,SEARCH,0,0,0,1,-2.397559112635883,-6.968563201591499,-23.904483283374137,0.08040514362749318,-23.90255038199312,0.08046689671109772,22.6308080903424,1810.4646472273917,nan,0,3.6734999739564955,14.1301000257954
1778,59.26666666666586,SEARCH,0,0,0,1,-2.3236342738496445,-6.929547869300551,-23.523586626698837,0.06432411490199455,-23.53425183417909,0.05439731010241663,22.33082594888648,1786.4660759109183,nan,0,2.907499991124496,14.51219999580644
1779,59.299999999999194,SEARCH,0,0,0,1,-2.249617701960952,-6.889861085993276,-23.138869301358604,0.05145929192159564,-23.160124111509862,0.059848716103162336,22.035147937718534,1762.811835017483,nan,0,2.375599986407906,14.140799990855157
1780,59.333333333332526,SEARCH,0,0,0,1,-2.1755123190173693,-6.849506697191977,-22.75109544108641,0.04116743353727651,-22.75258918438887,0.0392048677755791,21.699549289068766,1735.9639431255016,nan,0,3.5248000058345497,14.96860000770539
1781,59.36666666666586,SEARCH,0,0,0,1,-2.1013210505725057,-6.808488613107836,-22.360876352868658,0.03293394682982121,-22.34947539247578,0.0217269568217551,21.369127239670906,1709.5301791736724,nan,0,2.52470001578331,15.443799988133833
1782,59.39999999999919,SEARCH,0,0,0,1,-2.027046825570604,-6.766810808261945,-21.96870108229445,0.02634715746385697,-21.978074546768752,0.021895005836271984,21.07439284445433,1685.9514275563465,nan,0,2.7000000118277967,13.817600003676489
1783,59.43333333333252,SEARCH,0,0,0,1,-1.9526925762308882,-6.724477321100222,-21.574960865835088,0.021077725971085575,-21.585531187839283,0.026201976601563884,20.761021721723644,1660.8817377378914,nan,0,2.7045999886468053,13.437099987640977
1784,59.46666666666585,SEARCH,0,0,0,1,-1.8782612379318084,-6.68149225360215,-21.179968692667593,0.01686218077686846,-21.18526087492728,0.029461289657456237,20.44008640986461,1635.2069127891689,nan,0,2.6573999784886837,14.515600021695718
1785,59.49999999999918,SEARCH,0,0,0,1,-1.8037557490951535,-6.637859770883218,-20.7839749541336,0.013489744621494767,-20.768259168400625,0.01442840688062491,20.09739604876377,1607.7916839011016,nan,0,3.1692000047769397,14.558700000634417
1786,59.533333333332514,SEARCH,0,0,0,1,-1.7291790510700487,-6.593584100791376,-20.3871799633064,0.010791795697195813,-20.376151574995927,0.002506929197433021,19.779231562018417,1582.3385249614735,nan,0,2.738200011663139,13.689499988686293
1787,59.566666666665846,SEARCH,0,0,0,1,-1.6545340880168364,-6.54866953349742,-19.989743970644646,0.008633436557756651,-20.001501864059495,0.01661669102629007,19.48625694650126,1558.9005557201008,nan,0,2.615200006403029,13.705099991057068
1788,59.59999999999918,SEARCH,0,0,0,1,-1.5798238067908454,-6.503120421079194,-19.591795176515234,0.006906749246205321,-19.604673223957512,0.011680560446852926,19.166059280416157,1533.2847424332924,nan,0,2.6508999872021377,15.347000007750466
1789,59.63333333333251,SEARCH,0,0,0,1,-1.505051156826054,-6.456941177099932,-19.19343614121171,0.005525399396964257,-19.179780228187255,-0.002679178249109019,18.816310629234167,1505.304850338733,nan,0,2.4773000041022897,14.074700011406094
1790,59.66666666666584,SEARCH,0,0,0,1,-1.4302190900186516,-6.410136276180652,-18.79474891296888,0.004420319517571406,-18.78529924534975,-0.009904654885610684,18.497615305876383,1479.8092244701106,nan,0,3.171000018483028,14.859499991871417
1791,59.69999999999917,SEARCH,0,0,0,1,-1.3553305606105024,-6.362710253566476,-18.395799130374623,0.0035362556140571245,-18.40806904465594,0.00163927055750003,18.20167120542675,1456.13369643414,nan,0,2.432200009934604,13.267200003610924
1792,59.7333333333325,SEARCH,0,0,0,1,-1.280388525072518,-6.314667704687231,-17.99663930429921,0.0028290044912456995,-18.012200257135895,0.01200280661827664,17.8879927212596,1431.039417700768,nan,0,2.4398999812547117,13.322900020284578
1793,59.766666666665834,SEARCH,0,0,0,1,-1.2053959419879399,-6.266013284712219,-17.597311443438887,0.0022632035929965595,-17.59117317541633,0.011841004829221673,17.547226277228376,1403.77810217827,nan,0,2.4634999863337725,14.218800002709031
1794,59.799999999999166,SEARCH,0,0,0,1,-1.1303557719355408,-6.216751708099039,-17.19784915475062,0.0018105628743972477,-17.195082886936024,-3.141443272351718e-05,17.225651467770803,1378.052117421664,nan,0,3.174800018314272,14.115399972070009
1795,59.8333333333325,SEARCH,0,0,0,1,-1.0552709773727447,-6.166887748136846,-16.79827932380001,0.0014484502995177981,-16.795607186230946,-0.006995392409909198,16.902735216586567,1352.2188173269253,nan,0,2.674699993804097,14.687999995658174
1796,59.86666666666583,SEARCH,0,0,0,1,-0.9801445225186751,-6.116426236483792,-16.398623459039516,0.0011587602396142386,-16.417872677843793,0.004066461000207885,16.606742048266806,1328.5393638613446,nan,0,2.6313000125810504,13.625199993839487
1797,59.89999999999916,SEARCH,0,0,0,1,-0.9049793732371328,-6.065372062698936,-15.998898767231125,0.0009270081916913908,-16.00145217126072,0.001325730171294169,16.26985903600528,1301.5887228804222,nan,0,3.129999997327104,14.916100015398115
1798,59.93333333333249,SEARCH,0,0,0,1,-0.8297784969195081,-6.013730173768341,-15.599119013784406,0.0007416065533531127,-15.584949547130583,-0.0008685973666011708,15.93328519351723,1274.6628154813784,nan,0,2.5099999911617488,14.870300015900284
1799,59.96666666666582,SEARCH,0,0,0,1,-0.7545448623676333,-5.96150557362579,-15.199295211027035,0.0005932852426824901,-15.202679218874286,-0.010434570459298213,15.625742621341136,1250.059409707291,nan,0,2.2351999941747636,14.454999996814877
